run_id,seed,method,task_name,interval,atomic_index,module,charged_ms,cpu_ms,value,score,win_rate,improvement_rate,diversity,learning_progress,remaining_before_ms,remaining_after_ms,do_not_start_rule,handshake_events,note
line-duel_DLGPR-full_seed0,0,DLGPR-full,line-duel,0,0,GA,1.6893344512949398,1.793100032955408,-1.0350000000000001,-1.0350000000000001,0.0,0.0,0.8116122098641232,0.0646168400523651,16.0,14.31066554870506,strict_delta_max,1,cross_layer_handoff_executed
line-duel_DLGPR-full_seed0,0,DLGPR-full,line-duel,0,1,PSO,1.20651110410417,1.4815999893471599,-1.04,-1.04,0.0,0.0,0.0,0.07826905056619649,14.31066554870506,13.10415444460089,strict_delta_max,1,cross_layer_handoff_executed
line-duel_DLGPR-full_seed0,0,DLGPR-full,line-duel,0,2,RL,4.0,1.5768000157549977,-0.04500000000000004,-0.04500000000000004,0.5,0.24750000000000003,0.0,0.0,13.10415444460089,9.10415444460089,strict_delta_max,2,cross_layer_handoff_executed
line-duel_DLGPR-full_seed0,0,DLGPR-full,line-duel,0,3,RL,4.0,2.1597000304609537,-0.04500000000000004,-0.04500000000000004,0.5,0.0,0.0,0.0,9.10415444460089,5.104154444600891,strict_delta_max,2,cross_layer_handoff_executed
line-duel_DLGPR-full_seed0,0,DLGPR-full,line-duel,0,4,RL,2.4004356539171647,2.173700020648539,-0.04500000000000004,-0.04500000000000004,0.5,0.0,0.0,0.0,5.104154444600891,2.703718790683726,strict_delta_max,2,cross_layer_handoff_executed
line-duel_DLGPR-full_seed0,0,DLGPR-full,line-duel,1,0,GA,2.426770969005766,1.5653000446036458,-1.08,-1.08,0.0,0.0,0.6996419171188175,0.0172776182535953,16.0,13.573229030994234,strict_delta_max,1,cross_layer_handoff_executed
line-duel_DLGPR-full_seed0,0,DLGPR-full,line-duel,1,1,PSO,2.7643228653763314,1.5051999362185597,-0.04500000000000004,-0.04500000000000004,0.5,0.0,0.0,0.041519372900969,13.573229030994234,10.808906165617902,strict_delta_max,1,cross_layer_handoff_executed
line-duel_DLGPR-full_seed0,0,DLGPR-full,line-duel,1,2,RL,2.3960335620121502,1.5770000172778964,-0.04500000000000004,-0.04500000000000004,0.5,0.0,0.0,0.02086782121616479,10.808906165617902,8.412872603605752,strict_delta_max,2,cross_layer_handoff_executed
line-duel_DLGPR-full_seed0,0,DLGPR-full,line-duel,1,3,GA,2.1395301601354895,1.3978000497445464,-1.08,-1.08,0.0,0.0,0.6173908820085844,0.027542685241838127,8.412872603605752,6.273342443470263,strict_delta_max,1,cross_layer_handoff_executed
line-duel_DLGPR-full_seed0,0,DLGPR-full,line-duel,1,4,GA,1.3427338852878736,1.6226000152528286,-1.0350000000000001,-1.0350000000000001,0.0,0.0,0.5814528511608397,0.05952655647900997,6.273342443470263,4.930608558182389,strict_delta_max,1,cross_layer_handoff_executed
line-duel_DLGPR-full_seed0,0,DLGPR-full,line-duel,1,5,GA,1.4081678971765568,1.6060000052675605,-1.1,-1.1,0.0,0.0,0.5814528511608397,0.041842638515900844,4.930608558182389,3.522440661005832,strict_delta_max,1,cross_layer_handoff_executed
line-duel_DLGPR-full_seed0,0,DLGPR-full,line-duel,2,0,GA,1.0502449403752219,1.4016999630257487,-1.085,-1.085,0.0,0.0,0.5814528511608397,0.05799433008302505,16.0,14.949755059624778,strict_delta_max,1,cross_layer_handoff_executed
line-duel_DLGPR-full_seed0,0,DLGPR-full,line-duel,2,1,PSO,3.2347734378556,1.5024000313133001,-0.04500000000000004,-0.04500000000000004,0.5,0.0,0.0,0.03290210862521714,14.949755059624778,11.714981621769178,strict_delta_max,1,cross_layer_handoff_executed
line-duel_DLGPR-full_seed0,0,DLGPR-full,line-duel,2,2,RL,1.1487477253411575,1.4766999520361423,-0.04500000000000004,-0.04500000000000004,0.5,0.0,0.0,0.0261153944753976,11.714981621769178,10.56623389642802,strict_delta_max,2,cross_layer_handoff_executed
line-duel_DLGPR-full_seed0,0,DLGPR-full,line-duel,2,3,GA,1.8947267502451202,1.292700064368546,-0.04500000000000004,-0.04500000000000004,0.5,0.0,0.476620419835437,0.028056713579594262,10.56623389642802,8.6715071461829,strict_delta_max,1,cross_layer_handoff_executed
line-duel_DLGPR-full_seed0,0,DLGPR-full,line-duel,2,4,GA,2.5641029807609663,1.5434999950230122,-0.04500000000000004,-0.04500000000000004,0.5,0.0,0.4016579782859173,0.015050789791021346,8.6715071461829,6.107404165421935,strict_delta_max,1,cross_layer_handoff_executed
line-duel_DLGPR-full_seed0,0,DLGPR-full,line-duel,2,5,GA,2.0990268401584924,1.703099929727614,-0.04500000000000004,-0.04500000000000004,0.5,0.0,0.35263987595940205,0.025115703935279267,6.107404165421935,4.008377325263442,strict_delta_max,1,cross_layer_handoff_executed
line-duel_DLGPR-full_seed0,0,DLGPR-full,line-duel,2,6,GA,1.6015645863042052,1.5371000627055764,-1.1,-1.1,0.0,0.0,0.35263987595940205,0.03683518909382154,4.008377325263442,2.4068127389592373,strict_delta_max,1,cross_layer_handoff_executed
line-duel_DLGPR-full_seed0,0,DLGPR-full,line-duel,3,0,GA,2.340772006158631,1.5020000282675028,-0.04500000000000004,-0.04500000000000004,0.5,0.0,0.3085596991606901,0.014787844101118228,16.0,13.65922799384137,strict_delta_max,1,cross_layer_handoff_executed
line-duel_DLGPR-full_seed0,0,DLGPR-full,line-duel,3,1,PSO,3.13177708860011,1.4288000529631972,-0.04500000000000004,-0.04500000000000004,0.5,0.0,0.0,0.016727286495734725,13.65922799384137,10.52745090524126,strict_delta_max,1,cross_layer_handoff_executed
line-duel_DLGPR-full_seed0,0,DLGPR-full,line-duel,3,2,RL,1.4244483184451244,1.856899936683476,-0.04500000000000004,-0.04500000000000004,0.5,0.0,0.0,0.0,10.52745090524126,9.103002586796135,strict_delta_max,2,cross_layer_handoff_executed
line-duel_DLGPR-full_seed0,0,DLGPR-full,line-duel,3,3,GA,2.4656462958721406,1.4436000492423773,-1.08,-1.08,0.0,0.0,0.21323386703010855,0.022549640062606104,9.103002586796135,6.637356290923995,strict_delta_max,1,cross_layer_handoff_executed
line-duel_DLGPR-full_seed0,0,DLGPR-full,line-duel,3,4,GA,3.617056485066973,1.4187999768182635,-0.04500000000000004,-0.04500000000000004,0.5,0.0,0.21323386703010855,0.01717400295448362,6.637356290923995,3.0202998058570216,strict_delta_max,1,cross_layer_handoff_executed
line-duel_DLGPR-full_seed0,0,DLGPR-full,line-duel,4,0,GA,3.6195050629733014,1.0716000106185675,0.015000000000000013,0.015000000000000013,0.5,0.016576852071236523,0.29173620515059845,0.0162653583517002,16.0,12.380494937026699,strict_delta_max,1,cross_layer_handoff_executed
line-duel_DLGPR-full_seed0,0,DLGPR-full,line-duel,4,1,PSO,1.3837663842820425,1.2184000806882977,-0.04500000000000004,-0.04500000000000004,0.5,0.0,0.0,0.05990333629008865,12.380494937026699,10.996728552744656,strict_delta_max,1,cross_layer_handoff_executed
line-duel_DLGPR-full_seed0,0,DLGPR-full,line-duel,4,2,RL,4.0,1.4798000920563936,-0.04500000000000004,-0.04500000000000004,0.5,0.0,0.0,0.0,10.996728552744656,6.996728552744656,strict_delta_max,2,cross_layer_handoff_executed
line-duel_DLGPR-full_seed0,0,DLGPR-full,line-duel,4,3,RL,3.9802639925910928,2.166299964301288,-0.04500000000000004,-0.04500000000000004,0.5,0.0,0.0,0.0,6.996728552744656,3.0164645601535636,strict_delta_max,2,cross_layer_handoff_executed
line-duel_DLGPR-full_seed0,0,DLGPR-full,line-duel,5,0,GA,2.015021363133124,1.3281999854370952,-1.085,-1.085,0.0,0.0,0.29173620515059845,0.02313953298846533,16.0,13.984978636866876,strict_delta_max,1,cross_layer_handoff_executed
line-duel_DLGPR-full_seed0,0,DLGPR-full,line-duel,5,1,PSO,1.8248174721482764,1.3906999956816435,-0.04500000000000004,-0.04500000000000004,0.5,0.0,0.0,0.03634163190655076,13.984978636866876,12.160161164718598,strict_delta_max,1,cross_layer_handoff_executed
line-duel_DLGPR-full_seed0,0,DLGPR-full,line-duel,5,2,RL,1.5488463521677114,2.0265999482944608,-0.04500000000000004,-0.04500000000000004,0.5,0.0,0.0,0.019369255031664742,12.160161164718598,10.611314812550887,strict_delta_max,2,cross_layer_handoff_executed
line-duel_DLGPR-full_seed0,0,DLGPR-full,line-duel,5,3,PSO,1.5471373306867622,1.1232000542804599,-0.04500000000000004,-0.04500000000000004,0.5,0.0,0.0,0.051773783126561876,10.611314812550887,9.064177481864125,strict_delta_max,1,cross_layer_handoff_executed
line-duel_DLGPR-full_seed0,0,DLGPR-full,line-duel,5,4,RL,2.1897545674558967,1.7532000783830881,-0.04500000000000004,-0.04500000000000004,0.5,0.0,0.0,0.9407446983400298,9.064177481864125,6.874422914408228,strict_delta_max,2,cross_layer_handoff_executed
line-duel_DLGPR-full_seed0,0,DLGPR-full,line-duel,5,5,RL,2.7712568791957426,1.5137000009417534,-0.04500000000000004,-0.04500000000000004,0.5,0.0,0.0,0.0,6.874422914408228,4.103166035212485,strict_delta_max,2,cross_layer_handoff_executed
line-duel_DLGPR-full_seed0,0,DLGPR-full,line-duel,5,6,RL,4.0,2.487500081770122,-0.04500000000000004,-0.04500000000000004,0.5,0.0,0.0,0.0,4.103166035212485,0.10316603521248524,strict_delta_max,2,cross_layer_handoff_executed
line-duel_DLGPR-full_seed1,1,DLGPR-full,line-duel,0,0,GA,2.9420915853436957,1.7754000145941973,-1.04,-1.04,0.0,0.0,0.9222503083015591,0.04079385976487518,16.0,13.057908414656303,strict_delta_max,1,cross_layer_handoff_executed
line-duel_DLGPR-full_seed1,1,DLGPR-full,line-duel,0,1,PSO,1.0478464117356086,1.3427999801933765,-1.04,-1.04,0.0,0.0,0.0,0.07191417322099722,13.057908414656303,12.010062002920694,strict_delta_max,1,cross_layer_handoff_executed
line-duel_DLGPR-full_seed1,1,DLGPR-full,line-duel,0,2,RL,3.4847291488855876,2.1476999390870333,-1.09,-1.09,0.0,0.0,0.0,0.0,12.010062002920694,8.525332854035106,strict_delta_max,2,cross_layer_handoff_executed
line-duel_DLGPR-full_seed1,1,DLGPR-full,line-duel,0,3,GA,3.3528046698476497,1.3834000565111637,-1.04,-1.04,0.0,0.0,0.8604127127874946,0.02728321313387214,8.525332854035106,5.172528184187456,strict_delta_max,1,cross_layer_handoff_executed
line-duel_DLGPR-full_seed1,1,DLGPR-full,line-duel,0,4,GA,1.638230672215212,1.799600082449615,-1.025,-1.025,0.0,0.009156219728029604,0.8233593182171755,0.06188131429757374,5.172528184187456,3.534297511972244,strict_delta_max,1,cross_layer_handoff_executed
line-duel_DLGPR-full_seed1,1,DLGPR-full,line-duel,1,0,GA,1.8560707346468086,1.5538999577984214,-1.04,-1.04,0.0,0.0,0.7942710361878224,0.05097401548252652,16.0,14.143929265353192,strict_delta_max,1,cross_layer_handoff_executed
line-duel_DLGPR-full_seed1,1,DLGPR-full,line-duel,1,1,PSO,1.5989983412568323,1.4630999648943543,-1.04,-1.04,0.0,0.0,0.0,0.04597873008282046,14.143929265353192,12.54493092409636,strict_delta_max,1,cross_layer_handoff_executed
line-duel_DLGPR-full_seed1,1,DLGPR-full,line-duel,1,2,RL,2.4842817544531712,2.4506000336259604,-1.09,-1.09,0.0,0.0,0.0,0.0,12.54493092409636,10.060649169643188,strict_delta_max,2,cross_layer_handoff_executed
line-duel_DLGPR-full_seed1,1,DLGPR-full,line-duel,1,3,GA,1.2740862709207565,1.4387000119313598,-1.025,-1.025,0.0,0.0,0.811426320273675,0.0848809217119056,10.060649169643188,8.786562898722432,strict_delta_max,1,cross_layer_handoff_executed
line-duel_DLGPR-full_seed1,1,DLGPR-full,line-duel,1,4,GA,2.295424254752869,2.0305999787524343,-1.1,-1.1,0.0,0.0,0.811426320273675,0.03896196096866607,8.786562898722432,6.491138643969562,strict_delta_max,1,cross_layer_handoff_executed
line-duel_DLGPR-full_seed1,1,DLGPR-full,line-duel,1,5,GA,1.4622091409574793,1.6280999407172203,-1.025,-1.025,0.0,0.0,0.8045153749246977,0.0644780390896021,6.491138643969562,5.028929503012083,strict_delta_max,1,cross_layer_handoff_executed
line-duel_DLGPR-full_seed1,1,DLGPR-full,line-duel,1,6,GA,1.1112712499615598,1.9127000123262405,-1.1,-1.1,0.0,0.0,0.8045153749246977,0.06952138950194953,5.028929503012083,3.9176582530505235,strict_delta_max,1,cross_layer_handoff_executed
line-duel_DLGPR-full_seed1,1,DLGPR-full,line-duel,2,0,GA,1.3667819998923796,1.5638000331819057,-1.04,-1.04,0.0,0.0,0.8045153749246977,0.07886643858635216,16.0,14.63321800010762,strict_delta_max,1,cross_layer_handoff_executed
line-duel_DLGPR-full_seed1,1,DLGPR-full,line-duel,2,1,PSO,2.1142539369112967,1.4964999863877892,-1.04,-1.04,0.0,0.0,0.0,0.02486019520039958,14.63321800010762,12.518964063196323,strict_delta_max,1,cross_layer_handoff_executed
line-duel_DLGPR-full_seed1,1,DLGPR-full,line-duel,2,2,RL,2.033175089520411,2.2999000502750278,-1.1,-1.1,0.0,0.0,0.0,0.009836831123441343,12.518964063196323,10.485788973675913,strict_delta_max,2,cross_layer_handoff_executed
line-duel_DLGPR-full_seed1,1,DLGPR-full,line-duel,2,3,GA,2.4694606493483127,2.165400073863566,-1.0550000000000002,-1.0550000000000002,0.0,0.0,0.8045153749246977,0.03655717181019943,10.485788973675913,8.0163283243276,strict_delta_max,1,cross_layer_handoff_executed
line-duel_DLGPR-full_seed1,1,DLGPR-full,line-duel,2,4,GA,1.9372188646321487,1.5691000735387206,-1.04,-1.04,0.0,0.0,0.8045153749246977,0.04477596269895665,8.0163283243276,6.0791094596954505,strict_delta_max,1,cross_layer_handoff_executed
line-duel_DLGPR-full_seed1,1,DLGPR-full,line-duel,2,5,GA,1.2506701702221128,1.6166999703273177,-1.04,-1.04,0.0,0.0,0.8045153749246977,0.09332762836588859,6.0791094596954505,4.828439289473337,strict_delta_max,1,cross_layer_handoff_executed
line-duel_DLGPR-full_seed1,1,DLGPR-full,line-duel,2,6,GA,2.71534989690136,1.6813999973237514,-1.04,-1.04,0.0,0.0,0.8045153749246977,0.033171419538903034,4.828439289473337,2.113089392571977,strict_delta_max,1,cross_layer_handoff_executed
line-duel_DLGPR-full_seed1,1,DLGPR-full,line-duel,3,0,GA,2.6970933155480896,1.3952000299468637,-1.04,-1.04,0.0,0.0,0.8045153749246977,0.023139775644035285,16.0,13.30290668445191,strict_delta_max,1,cross_layer_handoff_executed
line-duel_DLGPR-full_seed1,1,DLGPR-full,line-duel,3,1,PSO,2.058384904526979,1.3544000685214996,-1.04,-1.04,0.0,0.0,0.0,0.02721558194402947,13.30290668445191,11.24452177992493,strict_delta_max,1,cross_layer_handoff_executed
line-duel_DLGPR-full_seed1,1,DLGPR-full,line-duel,3,2,RL,1.829344848062264,1.8309000879526138,-1.09,-1.09,0.0,0.0,0.0,1.126086206317009,11.24452177992493,9.415176931862666,strict_delta_max,2,cross_layer_handoff_executed
line-duel_DLGPR-full_seed1,1,DLGPR-full,line-duel,3,3,RL,2.6027327926088804,2.2039999021217227,-1.085,-1.085,0.0,0.0,0.0,0.0,9.415176931862666,6.812444139253786,strict_delta_max,2,cross_layer_handoff_executed
line-duel_DLGPR-full_seed1,1,DLGPR-full,line-duel,3,4,RL,4.0,2.228899975307286,-1.09,-1.09,0.0,0.0,0.0,0.015000000000000013,6.812444139253786,2.8124441392537856,strict_delta_max,2,cross_layer_handoff_executed
line-duel_DLGPR-full_seed1,1,DLGPR-full,line-duel,4,0,GA,1.2147407382861002,1.3151000021025538,-1.04,-1.04,0.0,0.0,0.8045153749246977,0.05748642525968062,16.0,14.7852592617139,strict_delta_max,1,cross_layer_handoff_executed
line-duel_DLGPR-full_seed1,1,DLGPR-full,line-duel,4,1,PSO,3.1449055991436503,1.30840006750077,-1.04,-1.04,0.0,0.0,0.0,0.01734139006797818,14.7852592617139,11.64035366257025,strict_delta_max,1,cross_layer_handoff_executed
line-duel_DLGPR-full_seed1,1,DLGPR-full,line-duel,4,2,RL,3.146006776910207,2.1843999857082963,-1.1,-1.1,0.0,0.0,0.0,0.0,11.64035366257025,8.494346885660043,strict_delta_max,2,cross_layer_handoff_executed
line-duel_DLGPR-full_seed1,1,DLGPR-full,line-duel,4,3,GA,3.5555108987421415,1.1937000090256333,-1.04,-1.04,0.0,0.0,0.8045153749246977,0.02074365863018858,8.494346885660043,4.938835986917901,strict_delta_max,1,cross_layer_handoff_executed
line-duel_DLGPR-full_seed1,1,DLGPR-full,line-duel,4,4,GA,3.521264539665564,1.4421000378206372,-1.04,-1.04,0.0,0.0,0.8045153749246977,0.02999420538279196,4.938835986917901,1.417571447252337,strict_delta_max,1,cross_layer_handoff_executed
line-duel_DLGPR-full_seed1,1,DLGPR-full,line-duel,5,0,GA,2.4121904404198014,1.3904001098126173,-1.04,-1.04,0.0,0.0,0.8045153749246977,0.04080464325770762,16.0,13.587809559580199,strict_delta_max,1,cross_layer_handoff_executed
line-duel_DLGPR-full_seed1,1,DLGPR-full,line-duel,5,1,PSO,3.2012179888688927,1.4078000094741583,-1.04,-1.04,0.0,0.0,0.0,0.023521261286278603,13.587809559580199,10.386591570711307,strict_delta_max,1,cross_layer_handoff_executed
line-duel_DLGPR-full_seed1,1,DLGPR-full,line-duel,5,2,RL,1.7438825046331945,2.0515999058261514,-1.1,-1.1,0.0,0.0,0.0,0.005734331282888461,10.386591570711307,8.642709066078112,strict_delta_max,2,cross_layer_handoff_executed
line-duel_DLGPR-full_seed1,1,DLGPR-full,line-duel,5,3,GA,2.633311303981978,1.3815000420436263,-1.04,-1.04,0.0,0.0,0.8045153749246977,0.03470021358809018,8.642709066078112,6.009397762096134,strict_delta_max,1,cross_layer_handoff_executed
line-duel_DLGPR-full_seed1,1,DLGPR-full,line-duel,5,4,GA,1.4264904907665823,1.649299985729158,-1.1,-1.1,0.0,0.0,0.8045153749246977,0.060634721146632625,6.009397762096134,4.582907271329551,strict_delta_max,1,cross_layer_handoff_executed
line-duel_DLGPR-full_seed1,1,DLGPR-full,line-duel,5,5,GA,3.5409727955141683,1.5433999942615628,-1.04,-1.04,0.0,0.0,0.8045153749246977,0.032532990835979554,4.582907271329551,1.041934475815383,strict_delta_max,1,cross_layer_handoff_executed
line-duel_DLGPR-full_seed2,2,DLGPR-full,line-duel,0,0,GA,2.282163808635265,1.9502999493852258,-0.0050000000000000044,-0.0050000000000000044,0.5,0.43818064076566016,0.8841395898889056,0.059171347775251876,16.0,13.717836191364736,strict_delta_max,1,cross_layer_handoff_executed
line-duel_DLGPR-full_seed2,2,DLGPR-full,line-duel,0,1,PSO,1.6878748875696683,1.6506999963894486,-0.039999999999999925,-0.039999999999999925,0.5,0.0,0.0,0.05743481707658332,13.717836191364736,12.029961303795067,strict_delta_max,1,cross_layer_handoff_executed
line-duel_DLGPR-full_seed2,2,DLGPR-full,line-duel,0,2,RL,2.2195134993315166,2.1859999978914857,-1.005,-1.005,0.0,0.0,0.0,0.0,12.029961303795067,9.81044780446355,strict_delta_max,2,cross_layer_handoff_executed
line-duel_DLGPR-full_seed2,2,DLGPR-full,line-duel,0,3,GA,2.5458951316609566,1.158999977633357,-1.03,-1.03,0.0,0.0,0.8205222274787475,0.035383290517440956,9.81044780446355,7.264552672802593,strict_delta_max,1,cross_layer_handoff_executed
line-duel_DLGPR-full_seed2,2,DLGPR-full,line-duel,0,4,GA,2.3246963811722035,1.1841000523418188,-1.005,-1.005,0.0,0.0,0.8180698351834279,0.04665933347019414,7.264552672802593,4.93985629163039,strict_delta_max,1,cross_layer_handoff_executed
line-duel_DLGPR-full_seed2,2,DLGPR-full,line-duel,0,5,GA,2.3598755340478395,0.8910999167710543,-1.0350000000000001,-1.0350000000000001,0.0,0.0,0.7613611695881136,0.0391291596246282,4.93985629163039,2.5799807575825504,strict_delta_max,1,cross_layer_handoff_executed
line-duel_DLGPR-full_seed2,2,DLGPR-full,line-duel,1,0,GA,1.2086574891905308,0.6479000439867377,-1.005,-1.005,0.0,0.0,0.7592924244178799,0.12162630563039699,16.0,14.79134251080947,strict_delta_max,1,cross_layer_handoff_executed
line-duel_DLGPR-full_seed2,2,DLGPR-full,line-duel,1,1,PSO,2.06699535658331,0.8900000248104334,-1.065,-1.065,0.0,0.0,0.0,0.0430475284667526,14.79134251080947,12.724347154226159,strict_delta_max,1,cross_layer_handoff_executed
line-duel_DLGPR-full_seed2,2,DLGPR-full,line-duel,1,2,RL,1.7643983574012985,1.012600027024746,-1.005,-1.005,0.0,0.0,0.0,0.01700296300671332,12.724347154226159,10.959948796824861,strict_delta_max,2,cross_layer_handoff_executed
line-duel_DLGPR-full_seed2,2,DLGPR-full,line-duel,1,3,GA,1.9829528616097105,0.5763999652117491,-1.005,-1.005,0.0,0.0,0.7854011358791436,0.06869764206525425,10.959948796824861,8.97699593521515,strict_delta_max,1,cross_layer_handoff_executed
line-duel_DLGPR-full_seed2,2,DLGPR-full,line-duel,1,4,GA,1.442434316353863,0.7277000695466995,-1.005,-1.005,0.0,0.0,0.7854011358791436,0.07535552559031487,8.97699593521515,7.534561618861288,strict_delta_max,1,cross_layer_handoff_executed
line-duel_DLGPR-full_seed2,2,DLGPR-full,line-duel,1,5,GA,2.521811328448665,1.0595000348985195,-1.03,-1.03,0.0,0.0,0.7854011358791436,0.04064897781052192,7.534561618861288,5.012750290412622,strict_delta_max,1,cross_layer_handoff_executed
line-duel_DLGPR-full_seed2,2,DLGPR-full,line-duel,1,6,GA,2.1442270521107663,1.4433999313041568,-1.005,-1.005,0.0,0.0,0.7854011358791436,0.03190811537367234,5.012750290412622,2.868523238301856,strict_delta_max,1,cross_layer_handoff_executed
line-duel_DLGPR-full_seed2,2,DLGPR-full,line-duel,2,0,GA,1.064796177993072,1.7463000258430839,-1.0699999999999998,-1.0699999999999998,0.0,0.0,0.7854011358791436,0.11901835271689302,16.0,14.935203822006928,strict_delta_max,1,cross_layer_handoff_executed
line-duel_DLGPR-full_seed2,2,DLGPR-full,line-duel,2,1,PSO,1.3771290083943135,1.3766000047326088,-1.005,-1.005,0.0,0.0,0.0,0.044992750620995045,14.935203822006928,13.558074813612615,strict_delta_max,1,cross_layer_handoff_executed
line-duel_DLGPR-full_seed2,2,DLGPR-full,line-duel,2,2,RL,3.5953849976114296,1.8974000122398138,-1.005,-1.005,0.0,0.0,0.0,0.0,13.558074813612615,9.962689816001186,strict_delta_max,2,cross_layer_handoff_executed
line-duel_DLGPR-full_seed2,2,DLGPR-full,line-duel,2,3,GA,2.1918383211908914,1.0443000355735421,-1.005,-1.005,0.0,0.0,0.7854011358791436,0.03355331875775163,9.962689816001186,7.7708514948102945,strict_delta_max,1,cross_layer_handoff_executed
line-duel_DLGPR-full_seed2,2,DLGPR-full,line-duel,2,4,GA,2.1749739169696856,1.328500104136765,-1.005,-1.005,0.0,0.0,0.7854011358791436,0.04556931654701174,7.7708514948102945,5.595877577840609,strict_delta_max,1,cross_layer_handoff_executed
line-duel_DLGPR-full_seed2,2,DLGPR-full,line-duel,2,5,GA,2.4091167442523345,1.1251999530941248,-1.005,-1.005,0.0,0.0,0.7854011358791436,0.028495178432364907,5.595877577840609,3.1867608335882744,strict_delta_max,1,cross_layer_handoff_executed
line-duel_DLGPR-full_seed2,2,DLGPR-full,line-duel,3,0,GA,3.1554731728594616,1.1874999618157744,-1.03,-1.03,0.0,0.0,0.7854011358791436,0.03153143647510773,16.0,12.844526827140538,strict_delta_max,1,cross_layer_handoff_executed
line-duel_DLGPR-full_seed2,2,DLGPR-full,line-duel,3,1,PSO,1.8559890238762204,1.1931000044569373,0.025000000000000022,0.025000000000000022,0.5,0.016163888694419773,0.0,0.04290784703446466,12.844526827140538,10.988537803264316,strict_delta_max,1,cross_layer_handoff_executed
line-duel_DLGPR-full_seed2,2,DLGPR-full,line-duel,3,2,RL,1.424715018807943,1.4409000286832452,-1.005,-1.005,0.0,0.0,0.0,1.4599410917562539,10.988537803264316,9.563822784456374,strict_delta_max,2,cross_layer_handoff_executed
line-duel_DLGPR-full_seed2,2,DLGPR-full,line-duel,3,3,RL,4.0,1.1600999860092998,-1.005,-1.005,0.0,0.0,0.0,0.0,9.563822784456374,5.563822784456374,strict_delta_max,2,cross_layer_handoff_executed
line-duel_DLGPR-full_seed2,2,DLGPR-full,line-duel,3,4,RL,1.334392804470575,1.6693000216037035,-1.005,-1.005,0.0,0.0,0.0,0.0,5.563822784456374,4.229429979985799,strict_delta_max,2,cross_layer_handoff_executed
line-duel_DLGPR-full_seed2,2,DLGPR-full,line-duel,3,5,RL,1.6935397615538625,1.2650000862777233,-1.005,-1.005,0.0,0.0,0.0,0.04133354385241798,4.229429979985799,2.5358902184319363,strict_delta_max,2,cross_layer_handoff_executed
line-duel_DLGPR-full_seed2,2,DLGPR-full,line-duel,4,0,GA,3.925866692891881,1.0769000509753823,-1.005,-1.005,0.0,0.0,0.7854011358791436,0.021221158589123216,16.0,12.07413330710812,strict_delta_max,1,cross_layer_handoff_executed
line-duel_DLGPR-full_seed2,2,DLGPR-full,line-duel,4,1,PSO,2.3990542024603334,1.2480999575927854,-1.005,-1.005,0.0,0.0,0.0,0.028333692369852455,12.07413330710812,9.675079104647786,strict_delta_max,1,cross_layer_handoff_executed
line-duel_DLGPR-full_seed2,2,DLGPR-full,line-duel,4,2,RL,2.7802681759722954,3.781900042667985,-1.005,-1.005,0.0,0.0,0.0,0.0,9.675079104647786,6.89481092867549,strict_delta_max,2,cross_layer_handoff_executed
line-duel_DLGPR-full_seed2,2,DLGPR-full,line-duel,4,3,PSO,3.427522405606078,0.8555999957025051,-0.995,-0.995,0.0,0.0,0.0,0.01677965712472679,6.89481092867549,3.467288523069412,strict_delta_max,1,cross_layer_handoff_executed
line-duel_DLGPR-full_seed2,2,DLGPR-full,line-duel,5,0,GA,3.6259245157229874,1.308599952608347,-1.03,-1.03,0.0,0.0,0.7854011358791436,0.024585791024501123,16.0,12.374075484277013,strict_delta_max,1,cross_layer_handoff_executed
line-duel_DLGPR-full_seed2,2,DLGPR-full,line-duel,5,1,PSO,2.121339187706682,1.0478999465703964,-1.005,-1.005,0.0,0.0,0.0,0.037891004820033894,12.374075484277013,10.25273629657033,strict_delta_max,1,cross_layer_handoff_executed
line-duel_DLGPR-full_seed2,2,DLGPR-full,line-duel,5,2,RL,3.5577790972658745,1.8656000029295683,-1.005,-1.005,0.0,0.0,0.0,0.0,10.25273629657033,6.694957199304455,strict_delta_max,2,cross_layer_handoff_executed
line-duel_DLGPR-full_seed2,2,DLGPR-full,line-duel,5,3,GA,2.938206007038504,1.284099998883903,-0.0050000000000000044,-0.0050000000000000044,0.5,0.0,0.7955895198399809,0.04719047385201979,6.694957199304455,3.756751192265951,strict_delta_max,1,cross_layer_handoff_executed
line-duel_fixed-split_seed0,0,fixed-split,line-duel,0,0,GA,1.6893344512949398,1.155500067397952,-1.0350000000000001,-1.0350000000000001,0.0,0.0,0.8116122098641232,0.0646168400523651,16.0,14.31066554870506,strict_delta_max,1,cross_layer_handoff_executed
line-duel_fixed-split_seed0,0,fixed-split,line-duel,0,1,PSO,1.20651110410417,0.7885999511927366,-1.04,-1.04,0.0,0.0,0.0,0.07826905056619649,14.31066554870506,13.10415444460089,strict_delta_max,1,cross_layer_handoff_executed
line-duel_fixed-split_seed0,0,fixed-split,line-duel,0,2,RL,4.0,1.2024999596178532,-0.04500000000000004,-0.04500000000000004,0.5,0.24750000000000003,0.0,0.0,13.10415444460089,9.10415444460089,strict_delta_max,2,cross_layer_handoff_executed
line-duel_fixed-split_seed0,0,fixed-split,line-duel,0,3,GA,3.523322366777626,1.2335999635979533,-1.0350000000000001,-1.0350000000000001,0.0,0.0,0.7735835699401835,0.032048148152888374,9.10415444460089,5.580832077823265,strict_delta_max,1,cross_layer_handoff_executed
line-duel_fixed-split_seed0,0,fixed-split,line-duel,0,4,PSO,2.703496397418464,0.8478999370709062,-0.04500000000000004,-0.04500000000000004,0.5,0.0,0.0,0.04239642359119411,5.580832077823265,2.8773356804048014,strict_delta_max,1,cross_layer_handoff_executed
line-duel_fixed-split_seed0,0,fixed-split,line-duel,1,0,RL,2.243997127921444,1.332300016656518,-0.04500000000000004,-0.04500000000000004,0.5,0.0,0.0,0.0,16.0,13.756002872078556,strict_delta_max,2,cross_layer_handoff_executed
line-duel_fixed-split_seed0,0,fixed-split,line-duel,1,1,GA,3.924209213763715,1.5572999836876988,-1.08,-1.08,0.0,0.0,0.7403203080779661,0.01411084932269532,13.756002872078556,9.83179365831484,strict_delta_max,1,cross_layer_handoff_executed
line-duel_fixed-split_seed0,0,fixed-split,line-duel,1,2,PSO,2.361335149931503,0.9271000744774938,-0.04500000000000004,-0.04500000000000004,0.5,0.0,0.0,0.0440728624036507,9.83179365831484,7.470458508383337,strict_delta_max,1,cross_layer_handoff_executed
line-duel_fixed-split_seed0,0,fixed-split,line-duel,1,3,RL,1.411636959521183,1.6087000258266926,-0.04500000000000004,-0.04500000000000004,0.5,0.0,0.0,1.4663826885788886,7.470458508383337,6.058821548862154,strict_delta_max,2,cross_layer_handoff_executed
line-duel_fixed-split_seed0,0,fixed-split,line-duel,1,4,GA,2.654586248440353,0.7354000117629766,-1.0350000000000001,-1.0350000000000001,0.0,0.0,0.6490609342461647,0.034627087082184475,6.058821548862154,3.404235300421801,strict_delta_max,1,cross_layer_handoff_executed
line-duel_fixed-split_seed0,0,fixed-split,line-duel,2,0,PSO,1.20081091851997,0.7434999570250511,-0.04500000000000004,-0.04500000000000004,0.5,0.0,0.0,0.0725800156241015,16.0,14.79918908148003,strict_delta_max,1,cross_layer_handoff_executed
line-duel_fixed-split_seed0,0,fixed-split,line-duel,2,1,RL,4.0,0.9118999587371945,-0.04500000000000004,-0.04500000000000004,0.5,0.0,0.0,0.0,14.79918908148003,10.79918908148003,strict_delta_max,2,cross_layer_handoff_executed
line-duel_fixed-split_seed0,0,fixed-split,line-duel,2,2,GA,2.097532685563981,0.6161000346764922,-1.04,-1.04,0.0,0.0,0.5671891136379335,0.03020290659132687,10.79918908148003,8.70165639591605,strict_delta_max,1,cross_layer_handoff_executed
line-duel_fixed-split_seed0,0,fixed-split,line-duel,2,3,PSO,2.53756010606733,0.797300017438829,-0.04500000000000004,-0.04500000000000004,0.5,0.0,0.0,0.02995867107179076,8.70165639591605,6.16409628984872,strict_delta_max,1,cross_layer_handoff_executed
line-duel_fixed-split_seed0,0,fixed-split,line-duel,2,4,RL,2.8205132788370633,1.0080999927595258,-0.04500000000000004,-0.04500000000000004,0.5,0.0,0.0,0.0,6.16409628984872,3.3435830110116567,strict_delta_max,2,cross_layer_handoff_executed
line-duel_fixed-split_seed0,0,fixed-split,line-duel,3,0,GA,2.0990268401584924,0.8894999045878649,-0.04500000000000004,-0.04500000000000004,0.5,0.0,0.44437913161737186,0.025131603009612074,16.0,13.900973159841508,strict_delta_max,1,cross_layer_handoff_executed
line-duel_fixed-split_seed0,0,fixed-split,line-duel,3,1,PSO,1.0399865744093875,0.861500040628016,-0.04500000000000004,-0.04500000000000004,0.5,0.0,0.0,0.08309780309268605,13.900973159841508,12.86098658543212,strict_delta_max,1,cross_layer_handoff_executed
line-duel_fixed-split_seed0,0,fixed-split,line-duel,3,2,RL,2.379883104191103,1.0050999699160457,-0.04500000000000004,-0.04500000000000004,0.5,0.0,0.0,0.0,12.86098658543212,10.481103481241016,strict_delta_max,2,cross_layer_handoff_executed
line-duel_fixed-split_seed0,0,fixed-split,line-duel,3,3,GA,2.548029451099217,0.7316999835893512,-1.0350000000000001,-1.0350000000000001,0.0,0.0,0.4028031910196516,0.018714036830088574,10.481103481241016,7.933074030141799,strict_delta_max,1,cross_layer_handoff_executed
line-duel_fixed-split_seed0,0,fixed-split,line-duel,3,4,PSO,2.8847966278489108,0.8481000550091267,-0.04500000000000004,-0.04500000000000004,0.5,0.0,0.0,0.01915967463226501,7.933074030141799,5.048277402292888,strict_delta_max,1,cross_layer_handoff_executed
line-duel_fixed-split_seed0,0,fixed-split,line-duel,3,5,RL,2.4922441904741928,0.9321999968960881,-0.04500000000000004,-0.04500000000000004,0.5,0.0,0.0,0.0,5.048277402292888,2.556033211818695,strict_delta_max,2,cross_layer_handoff_executed
line-duel_fixed-split_seed0,0,fixed-split,line-duel,4,0,GA,1.786591104312534,0.7543000392615795,-0.04500000000000004,-0.04500000000000004,0.5,0.0,0.2932153999852377,0.02894146878802346,16.0,14.213408895687467,strict_delta_max,1,cross_layer_handoff_executed
line-duel_fixed-split_seed0,0,fixed-split,line-duel,4,1,PSO,1.0,0.8218000875785947,-0.04500000000000004,-0.04500000000000004,0.5,0.0,0.0,0.050697307113666934,14.213408895687467,13.213408895687467,strict_delta_max,1,cross_layer_handoff_executed
line-duel_fixed-split_seed0,0,fixed-split,line-duel,4,2,RL,2.1289674854272405,1.145999995060265,-0.04500000000000004,-0.04500000000000004,0.5,0.0,0.0,0.018788450398514588,13.213408895687467,11.084441410260226,strict_delta_max,2,cross_layer_handoff_executed
line-duel_fixed-split_seed0,0,fixed-split,line-duel,4,3,GA,1.1363288563976364,0.7565999403595924,-0.04500000000000004,-0.04500000000000004,0.5,0.0,0.16492998018967,0.047726301665997437,11.084441410260226,9.94811255386259,strict_delta_max,1,cross_layer_handoff_executed
line-duel_fixed-split_seed0,0,fixed-split,line-duel,4,4,PSO,2.37566668731714,0.835500075481832,-0.04500000000000004,-0.04500000000000004,0.5,0.0,0.0,0.04213595726220504,9.94811255386259,7.57244586654545,strict_delta_max,1,cross_layer_handoff_executed
line-duel_fixed-split_seed0,0,fixed-split,line-duel,4,5,RL,1.7364855485135349,1.4649000950157642,-0.04500000000000004,-0.04500000000000004,0.5,0.0,0.0,1.1459928369133152,7.57244586654545,5.835960318031915,strict_delta_max,2,cross_layer_handoff_executed
line-duel_fixed-split_seed0,0,fixed-split,line-duel,4,6,GA,1.2891509851708727,0.7535000331699848,-0.04500000000000004,-0.04500000000000004,0.5,0.0,0.16492998018967,0.042351749416161114,5.835960318031915,4.5468093328610415,strict_delta_max,1,cross_layer_handoff_executed
line-duel_fixed-split_seed0,0,fixed-split,line-duel,4,7,PSO,2.9397033454976556,1.0964999673888087,-0.04500000000000004,-0.04500000000000004,0.5,0.0,0.0,0.03158555187092455,4.5468093328610415,1.607105987363386,strict_delta_max,1,cross_layer_handoff_executed
line-duel_fixed-split_seed0,0,fixed-split,line-duel,5,0,RL,2.5002734324824254,2.003000001423061,-0.04500000000000004,-0.04500000000000004,0.5,0.0,0.0,0.0,16.0,13.499726567517575,strict_delta_max,2,cross_layer_handoff_executed
line-duel_fixed-split_seed0,0,fixed-split,line-duel,5,1,GA,1.37837716363411,0.9382999269291759,-1.04,-1.04,0.0,0.0,0.16492998018967,0.04223734662455496,13.499726567517575,12.121349403883466,strict_delta_max,1,cross_layer_handoff_executed
line-duel_fixed-split_seed0,0,fixed-split,line-duel,5,2,PSO,1.6051348264760161,1.2939999578520656,-0.04500000000000004,-0.04500000000000004,0.5,0.0,0.0,0.05992598055783183,12.121349403883466,10.51621457740745,strict_delta_max,1,cross_layer_handoff_executed
line-duel_fixed-split_seed0,0,fixed-split,line-duel,5,3,RL,3.414043272029419,1.5619000187143683,-0.04500000000000004,-0.04500000000000004,0.5,0.0,0.0,0.0,10.51621457740745,7.102171305378031,strict_delta_max,2,cross_layer_handoff_executed
line-duel_fixed-split_seed0,0,fixed-split,line-duel,5,4,GA,1.5058339404330447,1.1270999675616622,-0.04500000000000004,-0.04500000000000004,0.5,0.0,0.16492998018967,0.036859923516276524,7.102171305378031,5.596337364944986,strict_delta_max,1,cross_layer_handoff_executed
line-duel_fixed-split_seed0,0,fixed-split,line-duel,5,5,PSO,1.7269256370131338,1.5745999990031123,-0.04500000000000004,-0.04500000000000004,0.5,0.0,0.0,0.045035460323613996,5.596337364944986,3.8694117279318525,strict_delta_max,1,cross_layer_handoff_executed
line-duel_fixed-split_seed1,1,fixed-split,line-duel,0,0,GA,2.9420915853436957,2.00009997934103,-1.04,-1.04,0.0,0.0,0.9222503083015591,0.04079385976487518,16.0,13.057908414656303,strict_delta_max,1,cross_layer_handoff_executed
line-duel_fixed-split_seed1,1,fixed-split,line-duel,0,1,PSO,1.0478464117356086,2.181599964387715,-1.04,-1.04,0.0,0.0,0.0,0.07191417322099722,13.057908414656303,12.010062002920694,strict_delta_max,1,cross_layer_handoff_executed
line-duel_fixed-split_seed1,1,fixed-split,line-duel,0,2,RL,3.4847291488855876,3.565899911336601,-1.09,-1.09,0.0,0.0,0.0,0.0,12.010062002920694,8.525332854035106,strict_delta_max,2,cross_layer_handoff_executed
line-duel_fixed-split_seed1,1,fixed-split,line-duel,0,3,GA,3.3528046698476497,1.2913000537082553,-1.04,-1.04,0.0,0.0,0.8604127127874946,0.02728321313387214,8.525332854035106,5.172528184187456,strict_delta_max,1,cross_layer_handoff_executed
line-duel_fixed-split_seed1,1,fixed-split,line-duel,0,4,PSO,1.9404049006445716,1.3564000837504864,-1.04,-1.04,0.0,0.0,0.0,0.03887761957055909,5.172528184187456,3.232123283542885,strict_delta_max,1,cross_layer_handoff_executed
line-duel_fixed-split_seed1,1,fixed-split,line-duel,1,0,RL,2.356833638214052,2.3580000270158052,-1.1,-1.1,0.0,0.0,0.0,0.0,16.0,13.643166361785948,strict_delta_max,2,cross_layer_handoff_executed
line-duel_fixed-split_seed1,1,fixed-split,line-duel,1,1,GA,1.2301288423582677,1.421299995854497,-1.04,-1.04,0.0,0.0,0.7466681582587485,0.06933331817003638,13.643166361785948,12.41303751942768,strict_delta_max,1,cross_layer_handoff_executed
line-duel_fixed-split_seed1,1,fixed-split,line-duel,1,2,PSO,3.5970221928725903,1.6928999684751034,-1.04,-1.04,0.0,0.0,0.0,0.014690883826041203,12.41303751942768,8.81601532655509,strict_delta_max,1,cross_layer_handoff_executed
line-duel_fixed-split_seed1,1,fixed-split,line-duel,1,3,RL,2.5002169488126262,2.1609000395983458,-1.085,-1.085,0.0,0.0,0.0,0.003999652912019932,8.81601532655509,6.315798377742464,strict_delta_max,2,cross_layer_handoff_executed
line-duel_fixed-split_seed1,1,fixed-split,line-duel,1,4,GA,3.2810987394175073,1.5177000313997269,-1.04,-1.04,0.0,0.0,0.7772472685794287,0.029940224248226906,6.315798377742464,3.0346996383249567,strict_delta_max,1,cross_layer_handoff_executed
line-duel_fixed-split_seed1,1,fixed-split,line-duel,2,0,PSO,1.5431638380787298,1.144499983638525,-1.04,-1.04,0.0,0.0,0.0,0.044503530208175546,16.0,14.45683616192127,strict_delta_max,1,cross_layer_handoff_executed
line-duel_fixed-split_seed1,1,fixed-split,line-duel,2,1,RL,1.4985815526474717,1.213400042615831,-1.09,-1.09,0.0,0.0,0.0,1.3746332299104427,14.45683616192127,12.958254609273798,strict_delta_max,2,cross_layer_handoff_executed
line-duel_fixed-split_seed1,1,fixed-split,line-duel,2,2,GA,2.3690587219765002,1.7349999397993088,-1.1,-1.1,0.0,0.0,0.7772472685794287,0.0337426059274851,12.958254609273798,10.589195887297297,strict_delta_max,1,cross_layer_handoff_executed
line-duel_fixed-split_seed1,1,fixed-split,line-duel,2,3,PSO,1.1794597403482425,1.5014000236988068,-1.04,-1.04,0.0,0.0,0.0,0.035562423372186514,10.589195887297297,9.409736146949054,strict_delta_max,1,cross_layer_handoff_executed
line-duel_fixed-split_seed1,1,fixed-split,line-duel,2,4,RL,4.0,2.142300014384091,-1.09,-1.09,0.0,0.0,0.0,0.0,9.409736146949054,5.409736146949054,strict_delta_max,2,cross_layer_handoff_executed
line-duel_fixed-split_seed1,1,fixed-split,line-duel,2,5,GA,2.523233103732615,0.9214999154210091,-1.04,-1.04,0.0,0.0,0.7725442157947201,0.022152318185992094,5.409736146949054,2.8865030432164396,strict_delta_max,1,cross_layer_handoff_executed
line-duel_fixed-split_seed1,1,fixed-split,line-duel,3,0,PSO,2.234397643984236,1.5444000018760562,-1.04,-1.04,0.0,0.0,0.0,0.03947618662227849,16.0,13.765602356015764,strict_delta_max,1,cross_layer_handoff_executed
line-duel_fixed-split_seed1,1,fixed-split,line-duel,3,1,RL,2.1309407510953635,1.845699967816472,-1.1,-1.1,0.0,0.0,0.0,0.023463815206639902,13.765602356015764,11.6346616049204,strict_delta_max,2,cross_layer_handoff_executed
line-duel_fixed-split_seed1,1,fixed-split,line-duel,3,2,GA,1.2506701702221128,1.5360000543296337,-1.04,-1.04,0.0,0.0,0.7725442157947201,0.0960907719012553,11.6346616049204,10.383991434698286,strict_delta_max,1,cross_layer_handoff_executed
line-duel_fixed-split_seed1,1,fixed-split,line-duel,3,3,PSO,1.398281571053552,1.4006000710651278,-1.04,-1.04,0.0,0.0,0.0,0.05161909319758749,10.383991434698286,8.985709863644734,strict_delta_max,1,cross_layer_handoff_executed
line-duel_fixed-split_seed1,1,fixed-split,line-duel,3,4,RL,4.0,2.4549999507144094,-1.09,-1.09,0.0,0.0,0.0,0.007500000000000007,8.985709863644734,4.985709863644734,strict_delta_max,2,cross_layer_handoff_executed
line-duel_fixed-split_seed1,1,fixed-split,line-duel,3,5,GA,1.5005308463978229,1.34830002207309,-1.04,-1.04,0.0,0.0,0.7725442157947201,0.06162370766996604,4.985709863644734,3.4851790172469115,strict_delta_max,1,cross_layer_handoff_executed
line-duel_fixed-split_seed1,1,fixed-split,line-duel,4,0,PSO,1.2857636617995334,0.9195000166073442,-1.04,-1.04,0.0,0.0,0.0,0.030033962493367535,16.0,14.714236338200466,strict_delta_max,1,cross_layer_handoff_executed
line-duel_fixed-split_seed1,1,fixed-split,line-duel,4,1,RL,2.30510724933007,1.1348999105393887,-1.04,-1.04,0.0,0.0,0.0,0.0,14.714236338200466,12.409129088870397,strict_delta_max,2,cross_layer_handoff_executed
line-duel_fixed-split_seed1,1,fixed-split,line-duel,4,2,GA,1.5873667572058012,0.9646000107750297,-1.085,-1.085,0.0,0.0,0.7725442157947201,0.06405065702522436,12.409129088870397,10.821762331664596,strict_delta_max,1,cross_layer_handoff_executed
line-duel_fixed-split_seed1,1,fixed-split,line-duel,4,3,PSO,3.055367210331745,1.0371999815106392,-1.04,-1.04,0.0,0.0,0.0,0.022715961939447776,10.821762331664596,7.766395121332851,strict_delta_max,1,cross_layer_handoff_executed
line-duel_fixed-split_seed1,1,fixed-split,line-duel,4,4,RL,1.3666576810300868,1.6799001023173332,-1.1,-1.1,0.0,0.0,0.0,1.5146441049083963,7.766395121332851,6.399737440302764,strict_delta_max,2,cross_layer_handoff_executed
line-duel_fixed-split_seed1,1,fixed-split,line-duel,4,5,GA,3.7620290637750373,1.1985000455752015,-1.04,-1.04,0.0,0.0,0.7725442157947201,0.021487804284518713,6.399737440302764,2.6377083765277267,strict_delta_max,1,cross_layer_handoff_executed
line-duel_fixed-split_seed1,1,fixed-split,line-duel,5,0,PSO,1.373567984883265,1.285600010305643,-1.04,-1.04,0.0,0.0,0.0,0.0442898465934053,16.0,14.626432015116736,strict_delta_max,1,cross_layer_handoff_executed
line-duel_fixed-split_seed1,1,fixed-split,line-duel,5,1,RL,4.0,2.5481999618932605,-1.1,-1.1,0.0,0.0,0.0,0.0,14.626432015116736,10.626432015116736,strict_delta_max,2,cross_layer_handoff_executed
line-duel_fixed-split_seed1,1,fixed-split,line-duel,5,2,GA,2.415819962862188,1.3735999818891287,-1.04,-1.04,0.0,0.0,0.7725442157947201,0.027879026602420143,10.626432015116736,8.210612052254547,strict_delta_max,1,cross_layer_handoff_executed
line-duel_fixed-split_seed1,1,fixed-split,line-duel,5,3,PSO,2.4734668851403283,1.3562999665737152,-1.04,-1.04,0.0,0.0,0.0,0.03209500829799143,8.210612052254547,5.737145167114218,strict_delta_max,1,cross_layer_handoff_executed
line-duel_fixed-split_seed1,1,fixed-split,line-duel,5,4,RL,2.017131785699454,1.9336000550538301,-1.04,-1.04,0.0,0.0,0.0,0.0,5.737145167114218,3.7200133814147645,strict_delta_max,2,cross_layer_handoff_executed
line-duel_fixed-split_seed2,2,fixed-split,line-duel,0,0,GA,2.282163808635265,1.5863999724388123,-0.0050000000000000044,-0.0050000000000000044,0.5,0.43818064076566016,0.8841395898889056,0.059171347775251876,16.0,13.717836191364736,strict_delta_max,1,cross_layer_handoff_executed
line-duel_fixed-split_seed2,2,fixed-split,line-duel,0,1,PSO,1.6878748875696683,1.484000007621944,-0.039999999999999925,-0.039999999999999925,0.5,0.0,0.0,0.05743481707658332,13.717836191364736,12.029961303795067,strict_delta_max,1,cross_layer_handoff_executed
line-duel_fixed-split_seed2,2,fixed-split,line-duel,0,2,RL,2.2195134993315166,1.7602998996153474,-1.005,-1.005,0.0,0.0,0.0,0.0,12.029961303795067,9.81044780446355,strict_delta_max,2,cross_layer_handoff_executed
line-duel_fixed-split_seed2,2,fixed-split,line-duel,0,3,GA,2.5458951316609566,1.326099969446659,-1.03,-1.03,0.0,0.0,0.8205222274787475,0.035383290517440956,9.81044780446355,7.264552672802593,strict_delta_max,1,cross_layer_handoff_executed
line-duel_fixed-split_seed2,2,fixed-split,line-duel,0,4,PSO,2.130052285916131,1.4619999565184116,-0.995,-0.995,0.0,0.0,0.0,0.037368985137760595,7.264552672802593,5.1345003868864625,strict_delta_max,1,cross_layer_handoff_executed
line-duel_fixed-split_seed2,2,fixed-split,line-duel,0,5,RL,4.0,2.2644000127911568,-1.0150000000000001,-1.0150000000000001,0.0,0.0,0.0,0.0,5.1345003868864625,1.1345003868864625,strict_delta_max,2,cross_layer_handoff_executed
line-duel_fixed-split_seed2,2,fixed-split,line-duel,1,0,GA,2.4150323067393837,1.6361000016331673,-0.025000000000000022,-0.025000000000000022,0.5,0.0,0.7451024140204439,0.04215183245311486,16.0,13.584967693260616,strict_delta_max,1,cross_layer_handoff_executed
line-duel_fixed-split_seed2,2,fixed-split,line-duel,1,1,PSO,2.004153722654829,1.6056000022217631,-0.039999999999999925,-0.039999999999999925,0.5,0.0,0.0,0.030642406765961982,13.584967693260616,11.580813970605787,strict_delta_max,1,cross_layer_handoff_executed
line-duel_fixed-split_seed2,2,fixed-split,line-duel,1,2,RL,2.045475539907869,2.2484000073745847,-1.02,-1.02,0.0,0.0,0.0,0.014666516130205727,11.580813970605787,9.535338430697918,strict_delta_max,2,cross_layer_handoff_executed
line-duel_fixed-split_seed2,2,fixed-split,line-duel,1,3,GA,2.689317696034336,1.2756999349221587,-0.025000000000000022,-0.025000000000000022,0.5,0.0,0.6858479521469404,0.03966767612242961,9.535338430697918,6.846020734663582,strict_delta_max,1,cross_layer_handoff_executed
line-duel_fixed-split_seed2,2,fixed-split,line-duel,1,4,PSO,2.079777602089377,1.1663000332191586,0.025000000000000022,0.025000000000000022,0.5,0.014424619233259151,0.0,0.04232826919880885,6.846020734663582,4.766243132574205,strict_delta_max,1,cross_layer_handoff_executed
line-duel_fixed-split_seed2,2,fixed-split,line-duel,1,5,RL,2.2742440826800014,1.9412999972701073,-1.0150000000000001,-1.0150000000000001,0.0,0.0,0.0,0.0,4.766243132574205,2.4919990498942037,strict_delta_max,2,cross_layer_handoff_executed
line-duel_fixed-split_seed2,2,fixed-split,line-duel,2,0,GA,1.653990125779971,1.0134000331163406,-1.005,-1.005,0.0,0.0,0.7168907274086378,0.06819754099444528,16.0,14.346009874220028,strict_delta_max,1,cross_layer_handoff_executed
line-duel_fixed-split_seed2,2,fixed-split,line-duel,2,1,PSO,1.2126006187469156,1.0887000244110823,-1.005,-1.005,0.0,0.0,0.0,0.0792468200295538,14.346009874220028,13.133409255473113,strict_delta_max,1,cross_layer_handoff_executed
line-duel_fixed-split_seed2,2,fixed-split,line-duel,2,2,RL,3.2237143450462598,1.454099896363914,-1.0,-1.0,0.0,0.0,0.0,0.01240804727672794,13.133409255473113,9.909694910426854,strict_delta_max,2,cross_layer_handoff_executed
line-duel_fixed-split_seed2,2,fixed-split,line-duel,2,3,GA,2.951792649727747,1.2604000512510538,-0.0050000000000000044,-0.0050000000000000044,0.5,0.0,0.6986228367753551,0.036700909050571884,9.909694910426854,6.957902260699107,strict_delta_max,1,cross_layer_handoff_executed
line-duel_fixed-split_seed2,2,fixed-split,line-duel,2,4,PSO,1.9726544890718023,1.347700017504394,0.025000000000000022,0.025000000000000022,0.5,0.0,0.0,0.026453071635013713,6.957902260699107,4.985247771627305,strict_delta_max,1,cross_layer_handoff_executed
line-duel_fixed-split_seed2,2,fixed-split,line-duel,2,5,RL,4.0,2.153599984012544,-1.005,-1.005,0.0,0.0,0.0,0.4975,4.985247771627305,0.9852477716273054,strict_delta_max,2,cross_layer_handoff_executed
line-duel_fixed-split_seed2,2,fixed-split,line-duel,3,0,GA,1.7047239118650173,1.4189999783411622,-1.0699999999999998,-1.0699999999999998,0.0,0.0,0.6986228367753551,0.06688230310454468,16.0,14.295276088134983,strict_delta_max,1,cross_layer_handoff_executed
line-duel_fixed-split_seed2,2,fixed-split,line-duel,3,1,PSO,1.4175367443951943,1.2688999995589256,-1.0,-1.0,0.0,0.0,0.0,0.04198797662463175,14.295276088134983,12.877739343739789,strict_delta_max,1,cross_layer_handoff_executed
line-duel_fixed-split_seed2,2,fixed-split,line-duel,3,2,RL,2.1317991423535707,1.3599999947473407,-1.005,-1.005,0.0,0.0,0.0,0.03283611415788354,12.877739343739789,10.745940201386219,strict_delta_max,2,cross_layer_handoff_executed
line-duel_fixed-split_seed2,2,fixed-split,line-duel,3,3,GA,2.9993591848062944,1.4976999955251813,-0.039999999999999925,-0.039999999999999925,0.5,0.0,0.6865541737938474,0.03433576182646738,10.745940201386219,7.746581016579924,strict_delta_max,1,cross_layer_handoff_executed
line-duel_fixed-split_seed2,2,fixed-split,line-duel,3,4,PSO,3.1265044469543124,1.1121999705210328,0.025000000000000022,0.025000000000000022,0.5,0.0,0.0,0.02534377616124307,7.746581016579924,4.620076569625612,strict_delta_max,1,cross_layer_handoff_executed
line-duel_fixed-split_seed2,2,fixed-split,line-duel,3,5,RL,2.5106882039155964,1.7905000131577253,-1.005,-1.005,0.0,0.0,0.0,0.0,4.620076569625612,2.109388365710015,strict_delta_max,2,cross_layer_handoff_executed
line-duel_fixed-split_seed2,2,fixed-split,line-duel,4,0,GA,2.278068313357978,1.2080000014975667,-1.005,-1.005,0.0,0.0,0.6865541737938474,0.03313891413554785,16.0,13.721931686642023,strict_delta_max,1,cross_layer_handoff_executed
line-duel_fixed-split_seed2,2,fixed-split,line-duel,4,1,PSO,2.677749376044401,1.2843000004068017,0.025000000000000022,0.025000000000000022,0.5,0.0,0.0,0.04347852359487389,13.721931686642023,11.044182310597622,strict_delta_max,1,cross_layer_handoff_executed
line-duel_fixed-split_seed2,2,fixed-split,line-duel,4,2,RL,1.4720122036609424,2.026100060902536,-1.005,-1.005,0.0,0.0,0.0,0.0,11.044182310597622,9.57217010693668,strict_delta_max,2,cross_layer_handoff_executed
line-duel_fixed-split_seed2,2,fixed-split,line-duel,4,3,GA,1.5013716867526667,1.025000005029142,-1.0350000000000001,-1.0350000000000001,0.0,0.0,0.6865541737938474,0.09298804867358942,9.57217010693668,8.070798420184014,strict_delta_max,1,cross_layer_handoff_executed
line-duel_fixed-split_seed2,2,fixed-split,line-duel,4,4,PSO,1.4307910429688628,1.2317999498918653,0.025000000000000022,0.025000000000000022,0.5,0.0,0.0,0.09528095430894507,8.070798420184014,6.64000737721515,strict_delta_max,1,cross_layer_handoff_executed
line-duel_fixed-split_seed2,2,fixed-split,line-duel,4,5,RL,2.9762476836110316,1.5098999720066786,-1.005,-1.005,0.0,0.0,0.0,0.020159612498111323,6.64000737721515,3.663759693604119,strict_delta_max,2,cross_layer_handoff_executed
line-duel_fixed-split_seed2,2,fixed-split,line-duel,5,0,GA,2.463984622808558,1.5543000772595406,-0.039999999999999925,-0.039999999999999925,0.5,0.0,0.692658370450033,0.03224008605510531,16.0,13.536015377191442,strict_delta_max,1,cross_layer_handoff_executed
line-duel_fixed-split_seed2,2,fixed-split,line-duel,5,1,PSO,1.3467604633095096,1.2429999187588692,0.025000000000000022,0.025000000000000022,0.5,0.0,0.0,0.09436792002165693,13.536015377191442,12.189254913881932,strict_delta_max,1,cross_layer_handoff_executed
line-duel_fixed-split_seed2,2,fixed-split,line-duel,5,2,RL,1.5765044508927364,1.8743000691756606,-1.005,-1.005,0.0,0.0,0.0,0.038058883986038544,12.189254913881932,10.612750462989196,strict_delta_max,2,cross_layer_handoff_executed
line-duel_fixed-split_seed2,2,fixed-split,line-duel,5,3,GA,2.935977182784148,0.949900015257299,0.025000000000000022,0.025000000000000022,0.5,0.0,0.5829731609330029,0.031816515606654695,10.612750462989196,7.6767732802050475,strict_delta_max,1,cross_layer_handoff_executed
line-duel_fixed-split_seed2,2,fixed-split,line-duel,5,4,PSO,1.1101383335022357,1.1937000090256333,0.025000000000000022,0.025000000000000022,0.5,0.0,0.0,0.09139296612104834,7.6767732802050475,6.566634946702812,strict_delta_max,1,cross_layer_handoff_executed
line-duel_fixed-split_seed2,2,fixed-split,line-duel,5,5,RL,2.5937969268144236,1.5527000650763512,-1.005,-1.005,0.0,0.0,0.0,0.0,6.566634946702812,3.972838019888388,strict_delta_max,2,cross_layer_handoff_executed
line-duel_round-robin_seed0,0,round-robin,line-duel,0,0,GA,1.6893344512949398,1.5101999742910266,-1.0350000000000001,-1.0350000000000001,0.0,0.0,0.8116122098641232,0.0646168400523651,16.0,14.31066554870506,strict_delta_max,1,cross_layer_handoff_executed
line-duel_round-robin_seed0,0,round-robin,line-duel,0,1,PSO,1.20651110410417,1.0061999782919884,-1.04,-1.04,0.0,0.0,0.0,0.07826905056619649,14.31066554870506,13.10415444460089,strict_delta_max,1,cross_layer_handoff_executed
line-duel_round-robin_seed0,0,round-robin,line-duel,0,2,RL,4.0,1.5041000442579389,-0.04500000000000004,-0.04500000000000004,0.5,0.24750000000000003,0.0,0.0,13.10415444460089,9.10415444460089,strict_delta_max,2,cross_layer_handoff_executed
line-duel_round-robin_seed0,0,round-robin,line-duel,0,3,GA,3.523322366777626,1.2655999744310975,-1.0350000000000001,-1.0350000000000001,0.0,0.0,0.7735835699401835,0.032048148152888374,9.10415444460089,5.580832077823265,strict_delta_max,1,cross_layer_handoff_executed
line-duel_round-robin_seed0,0,round-robin,line-duel,0,4,PSO,2.703496397418464,1.2453000526875257,-0.04500000000000004,-0.04500000000000004,0.5,0.0,0.0,0.04239642359119411,5.580832077823265,2.8773356804048014,strict_delta_max,1,cross_layer_handoff_executed
line-duel_round-robin_seed0,0,round-robin,line-duel,1,0,RL,2.243997127921444,2.1923999302089214,-0.04500000000000004,-0.04500000000000004,0.5,0.0,0.0,0.0,16.0,13.756002872078556,strict_delta_max,2,cross_layer_handoff_executed
line-duel_round-robin_seed0,0,round-robin,line-duel,1,1,GA,3.924209213763715,1.3238999526947737,-1.08,-1.08,0.0,0.0,0.7403203080779661,0.01411084932269532,13.756002872078556,9.83179365831484,strict_delta_max,1,cross_layer_handoff_executed
line-duel_round-robin_seed0,0,round-robin,line-duel,1,2,PSO,2.361335149931503,1.282599987462163,-0.04500000000000004,-0.04500000000000004,0.5,0.0,0.0,0.0440728624036507,9.83179365831484,7.470458508383337,strict_delta_max,1,cross_layer_handoff_executed
line-duel_round-robin_seed0,0,round-robin,line-duel,1,3,RL,1.411636959521183,1.57220009714365,-0.04500000000000004,-0.04500000000000004,0.5,0.0,0.0,1.4663826885788886,7.470458508383337,6.058821548862154,strict_delta_max,2,cross_layer_handoff_executed
line-duel_round-robin_seed0,0,round-robin,line-duel,1,4,GA,2.654586248440353,1.2252000160515308,-1.0350000000000001,-1.0350000000000001,0.0,0.0,0.6490609342461647,0.034627087082184475,6.058821548862154,3.404235300421801,strict_delta_max,1,cross_layer_handoff_executed
line-duel_round-robin_seed0,0,round-robin,line-duel,2,0,PSO,1.20081091851997,1.676600077189505,-0.04500000000000004,-0.04500000000000004,0.5,0.0,0.0,0.0725800156241015,16.0,14.79918908148003,strict_delta_max,1,cross_layer_handoff_executed
line-duel_round-robin_seed0,0,round-robin,line-duel,2,1,RL,4.0,1.4063999988138676,-0.04500000000000004,-0.04500000000000004,0.5,0.0,0.0,0.0,14.79918908148003,10.79918908148003,strict_delta_max,2,cross_layer_handoff_executed
line-duel_round-robin_seed0,0,round-robin,line-duel,2,2,GA,2.097532685563981,1.3205999275669456,-1.04,-1.04,0.0,0.0,0.5671891136379335,0.03020290659132687,10.79918908148003,8.70165639591605,strict_delta_max,1,cross_layer_handoff_executed
line-duel_round-robin_seed0,0,round-robin,line-duel,2,3,PSO,2.53756010606733,1.2613000581040978,-0.04500000000000004,-0.04500000000000004,0.5,0.0,0.0,0.02995867107179076,8.70165639591605,6.16409628984872,strict_delta_max,1,cross_layer_handoff_executed
line-duel_round-robin_seed0,0,round-robin,line-duel,2,4,RL,2.8205132788370633,1.621799892745912,-0.04500000000000004,-0.04500000000000004,0.5,0.0,0.0,0.0,6.16409628984872,3.3435830110116567,strict_delta_max,2,cross_layer_handoff_executed
line-duel_round-robin_seed0,0,round-robin,line-duel,3,0,GA,2.0990268401584924,1.2873000232502818,-0.04500000000000004,-0.04500000000000004,0.5,0.0,0.44437913161737186,0.025131603009612074,16.0,13.900973159841508,strict_delta_max,1,cross_layer_handoff_executed
line-duel_round-robin_seed0,0,round-robin,line-duel,3,1,PSO,1.0399865744093875,1.2845000019297004,-0.04500000000000004,-0.04500000000000004,0.5,0.0,0.0,0.08309780309268605,13.900973159841508,12.86098658543212,strict_delta_max,1,cross_layer_handoff_executed
line-duel_round-robin_seed0,0,round-robin,line-duel,3,2,RL,2.379883104191103,1.5693999594077468,-0.04500000000000004,-0.04500000000000004,0.5,0.0,0.0,0.0,12.86098658543212,10.481103481241016,strict_delta_max,2,cross_layer_handoff_executed
line-duel_round-robin_seed0,0,round-robin,line-duel,3,3,GA,2.548029451099217,1.1753999860957265,-1.0350000000000001,-1.0350000000000001,0.0,0.0,0.4028031910196516,0.018714036830088574,10.481103481241016,7.933074030141799,strict_delta_max,1,cross_layer_handoff_executed
line-duel_round-robin_seed0,0,round-robin,line-duel,3,4,PSO,2.8847966278489108,1.4026000862941146,-0.04500000000000004,-0.04500000000000004,0.5,0.0,0.0,0.01915967463226501,7.933074030141799,5.048277402292888,strict_delta_max,1,cross_layer_handoff_executed
line-duel_round-robin_seed0,0,round-robin,line-duel,3,5,RL,2.4922441904741928,1.5039999270811677,-0.04500000000000004,-0.04500000000000004,0.5,0.0,0.0,0.0,5.048277402292888,2.556033211818695,strict_delta_max,2,cross_layer_handoff_executed
line-duel_round-robin_seed0,0,round-robin,line-duel,4,0,GA,1.786591104312534,1.2650999706238508,-0.04500000000000004,-0.04500000000000004,0.5,0.0,0.2932153999852377,0.02894146878802346,16.0,14.213408895687467,strict_delta_max,1,cross_layer_handoff_executed
line-duel_round-robin_seed0,0,round-robin,line-duel,4,1,PSO,1.0,1.4318000758066773,-0.04500000000000004,-0.04500000000000004,0.5,0.0,0.0,0.050697307113666934,14.213408895687467,13.213408895687467,strict_delta_max,1,cross_layer_handoff_executed
line-duel_round-robin_seed0,0,round-robin,line-duel,4,2,RL,2.1289674854272405,1.7143000150099397,-0.04500000000000004,-0.04500000000000004,0.5,0.0,0.0,0.018788450398514588,13.213408895687467,11.084441410260226,strict_delta_max,2,cross_layer_handoff_executed
line-duel_round-robin_seed0,0,round-robin,line-duel,4,3,GA,1.1363288563976364,1.23109994456172,-0.04500000000000004,-0.04500000000000004,0.5,0.0,0.16492998018967,0.047726301665997437,11.084441410260226,9.94811255386259,strict_delta_max,1,cross_layer_handoff_executed
line-duel_round-robin_seed0,0,round-robin,line-duel,4,4,PSO,2.37566668731714,1.258700038306415,-0.04500000000000004,-0.04500000000000004,0.5,0.0,0.0,0.04213595726220504,9.94811255386259,7.57244586654545,strict_delta_max,1,cross_layer_handoff_executed
line-duel_round-robin_seed0,0,round-robin,line-duel,4,5,RL,1.7364855485135349,2.3484000703319907,-0.04500000000000004,-0.04500000000000004,0.5,0.0,0.0,1.1459928369133152,7.57244586654545,5.835960318031915,strict_delta_max,2,cross_layer_handoff_executed
line-duel_round-robin_seed0,0,round-robin,line-duel,4,6,GA,1.2891509851708727,1.2019999558106065,-0.04500000000000004,-0.04500000000000004,0.5,0.0,0.16492998018967,0.042351749416161114,5.835960318031915,4.5468093328610415,strict_delta_max,1,cross_layer_handoff_executed
line-duel_round-robin_seed0,0,round-robin,line-duel,4,7,PSO,2.9397033454976556,1.3407999649643898,-0.04500000000000004,-0.04500000000000004,0.5,0.0,0.0,0.03158555187092455,4.5468093328610415,1.607105987363386,strict_delta_max,1,cross_layer_handoff_executed
line-duel_round-robin_seed0,0,round-robin,line-duel,5,0,RL,2.5002734324824254,1.9400999881327152,-0.04500000000000004,-0.04500000000000004,0.5,0.0,0.0,0.0,16.0,13.499726567517575,strict_delta_max,2,cross_layer_handoff_executed
line-duel_round-robin_seed0,0,round-robin,line-duel,5,1,GA,1.37837716363411,1.007599988952279,-1.04,-1.04,0.0,0.0,0.16492998018967,0.04223734662455496,13.499726567517575,12.121349403883466,strict_delta_max,1,cross_layer_handoff_executed
line-duel_round-robin_seed0,0,round-robin,line-duel,5,2,PSO,1.6051348264760161,1.2026999611407518,-0.04500000000000004,-0.04500000000000004,0.5,0.0,0.0,0.05992598055783183,12.121349403883466,10.51621457740745,strict_delta_max,1,cross_layer_handoff_executed
line-duel_round-robin_seed0,0,round-robin,line-duel,5,3,RL,3.414043272029419,1.5152000123634934,-0.04500000000000004,-0.04500000000000004,0.5,0.0,0.0,0.0,10.51621457740745,7.102171305378031,strict_delta_max,2,cross_layer_handoff_executed
line-duel_round-robin_seed0,0,round-robin,line-duel,5,4,GA,1.5058339404330447,1.156899961642921,-0.04500000000000004,-0.04500000000000004,0.5,0.0,0.16492998018967,0.036859923516276524,7.102171305378031,5.596337364944986,strict_delta_max,1,cross_layer_handoff_executed
line-duel_round-robin_seed0,0,round-robin,line-duel,5,5,PSO,1.7269256370131338,1.4362999936565757,-0.04500000000000004,-0.04500000000000004,0.5,0.0,0.0,0.045035460323613996,5.596337364944986,3.8694117279318525,strict_delta_max,1,cross_layer_handoff_executed
line-duel_round-robin_seed1,1,round-robin,line-duel,0,0,GA,2.9420915853436957,1.6761000733822584,-1.04,-1.04,0.0,0.0,0.9222503083015591,0.04079385976487518,16.0,13.057908414656303,strict_delta_max,1,cross_layer_handoff_executed
line-duel_round-robin_seed1,1,round-robin,line-duel,0,1,PSO,1.0478464117356086,1.319300034083426,-1.04,-1.04,0.0,0.0,0.0,0.07191417322099722,13.057908414656303,12.010062002920694,strict_delta_max,1,cross_layer_handoff_executed
line-duel_round-robin_seed1,1,round-robin,line-duel,0,2,RL,3.4847291488855876,2.3288000375032425,-1.09,-1.09,0.0,0.0,0.0,0.0,12.010062002920694,8.525332854035106,strict_delta_max,2,cross_layer_handoff_executed
line-duel_round-robin_seed1,1,round-robin,line-duel,0,3,GA,3.3528046698476497,1.3053000438958406,-1.04,-1.04,0.0,0.0,0.8604127127874946,0.02728321313387214,8.525332854035106,5.172528184187456,strict_delta_max,1,cross_layer_handoff_executed
line-duel_round-robin_seed1,1,round-robin,line-duel,0,4,PSO,1.9404049006445716,1.425999915227294,-1.04,-1.04,0.0,0.0,0.0,0.03887761957055909,5.172528184187456,3.232123283542885,strict_delta_max,1,cross_layer_handoff_executed
line-duel_round-robin_seed1,1,round-robin,line-duel,1,0,RL,2.356833638214052,2.1522999741137028,-1.1,-1.1,0.0,0.0,0.0,0.0,16.0,13.643166361785948,strict_delta_max,2,cross_layer_handoff_executed
line-duel_round-robin_seed1,1,round-robin,line-duel,1,1,GA,1.2301288423582677,1.3608000008389354,-1.04,-1.04,0.0,0.0,0.7466681582587485,0.06933331817003638,13.643166361785948,12.41303751942768,strict_delta_max,1,cross_layer_handoff_executed
line-duel_round-robin_seed1,1,round-robin,line-duel,1,2,PSO,3.5970221928725903,1.4132000505924225,-1.04,-1.04,0.0,0.0,0.0,0.014690883826041203,12.41303751942768,8.81601532655509,strict_delta_max,1,cross_layer_handoff_executed
line-duel_round-robin_seed1,1,round-robin,line-duel,1,3,RL,2.5002169488126262,1.8397000385448337,-1.085,-1.085,0.0,0.0,0.0,0.003999652912019932,8.81601532655509,6.315798377742464,strict_delta_max,2,cross_layer_handoff_executed
line-duel_round-robin_seed1,1,round-robin,line-duel,1,4,GA,3.2810987394175073,1.2119999155402184,-1.04,-1.04,0.0,0.0,0.7772472685794287,0.029940224248226906,6.315798377742464,3.0346996383249567,strict_delta_max,1,cross_layer_handoff_executed
line-duel_round-robin_seed1,1,round-robin,line-duel,2,0,PSO,1.5431638380787298,1.1372000444680452,-1.04,-1.04,0.0,0.0,0.0,0.044503530208175546,16.0,14.45683616192127,strict_delta_max,1,cross_layer_handoff_executed
line-duel_round-robin_seed1,1,round-robin,line-duel,2,1,RL,1.4985815526474717,1.7724999925121665,-1.09,-1.09,0.0,0.0,0.0,1.3746332299104427,14.45683616192127,12.958254609273798,strict_delta_max,2,cross_layer_handoff_executed
line-duel_round-robin_seed1,1,round-robin,line-duel,2,2,GA,2.3690587219765002,1.7193000530824065,-1.1,-1.1,0.0,0.0,0.7772472685794287,0.0337426059274851,12.958254609273798,10.589195887297297,strict_delta_max,1,cross_layer_handoff_executed
line-duel_round-robin_seed1,1,round-robin,line-duel,2,3,PSO,1.1794597403482425,1.3886999804526567,-1.04,-1.04,0.0,0.0,0.0,0.035562423372186514,10.589195887297297,9.409736146949054,strict_delta_max,1,cross_layer_handoff_executed
line-duel_round-robin_seed1,1,round-robin,line-duel,2,4,RL,4.0,2.7586999349296093,-1.09,-1.09,0.0,0.0,0.0,0.0,9.409736146949054,5.409736146949054,strict_delta_max,2,cross_layer_handoff_executed
line-duel_round-robin_seed1,1,round-robin,line-duel,2,5,GA,2.523233103732615,1.218999968841672,-1.04,-1.04,0.0,0.0,0.7725442157947201,0.022152318185992094,5.409736146949054,2.8865030432164396,strict_delta_max,1,cross_layer_handoff_executed
line-duel_round-robin_seed1,1,round-robin,line-duel,3,0,PSO,2.234397643984236,1.3688000617548823,-1.04,-1.04,0.0,0.0,0.0,0.03947618662227849,16.0,13.765602356015764,strict_delta_max,1,cross_layer_handoff_executed
line-duel_round-robin_seed1,1,round-robin,line-duel,3,1,RL,2.1309407510953635,2.120999968610704,-1.1,-1.1,0.0,0.0,0.0,0.023463815206639902,13.765602356015764,11.6346616049204,strict_delta_max,2,cross_layer_handoff_executed
line-duel_round-robin_seed1,1,round-robin,line-duel,3,2,GA,1.2506701702221128,1.2703000102192163,-1.04,-1.04,0.0,0.0,0.7725442157947201,0.0960907719012553,11.6346616049204,10.383991434698286,strict_delta_max,1,cross_layer_handoff_executed
line-duel_round-robin_seed1,1,round-robin,line-duel,3,3,PSO,1.398281571053552,1.3797999126836658,-1.04,-1.04,0.0,0.0,0.0,0.05161909319758749,10.383991434698286,8.985709863644734,strict_delta_max,1,cross_layer_handoff_executed
line-duel_round-robin_seed1,1,round-robin,line-duel,3,4,RL,4.0,2.4295999901369214,-1.09,-1.09,0.0,0.0,0.0,0.007500000000000007,8.985709863644734,4.985709863644734,strict_delta_max,2,cross_layer_handoff_executed
line-duel_round-robin_seed1,1,round-robin,line-duel,3,5,GA,1.5005308463978229,1.393499900586903,-1.04,-1.04,0.0,0.0,0.7725442157947201,0.06162370766996604,4.985709863644734,3.4851790172469115,strict_delta_max,1,cross_layer_handoff_executed
line-duel_round-robin_seed1,1,round-robin,line-duel,4,0,PSO,1.2857636617995334,1.6104999231174588,-1.04,-1.04,0.0,0.0,0.0,0.030033962493367535,16.0,14.714236338200466,strict_delta_max,1,cross_layer_handoff_executed
line-duel_round-robin_seed1,1,round-robin,line-duel,4,1,RL,2.30510724933007,1.6199999954551458,-1.04,-1.04,0.0,0.0,0.0,0.0,14.714236338200466,12.409129088870397,strict_delta_max,2,cross_layer_handoff_executed
line-duel_round-robin_seed1,1,round-robin,line-duel,4,2,GA,1.5873667572058012,1.4304000651463866,-1.085,-1.085,0.0,0.0,0.7725442157947201,0.06405065702522436,12.409129088870397,10.821762331664596,strict_delta_max,1,cross_layer_handoff_executed
line-duel_round-robin_seed1,1,round-robin,line-duel,4,3,PSO,3.055367210331745,1.3585000997409225,-1.04,-1.04,0.0,0.0,0.0,0.022715961939447776,10.821762331664596,7.766395121332851,strict_delta_max,1,cross_layer_handoff_executed
line-duel_round-robin_seed1,1,round-robin,line-duel,4,4,RL,1.3666576810300868,2.2257999517023563,-1.1,-1.1,0.0,0.0,0.0,1.5146441049083963,7.766395121332851,6.399737440302764,strict_delta_max,2,cross_layer_handoff_executed
line-duel_round-robin_seed1,1,round-robin,line-duel,4,5,GA,3.7620290637750373,1.362200011499226,-1.04,-1.04,0.0,0.0,0.7725442157947201,0.021487804284518713,6.399737440302764,2.6377083765277267,strict_delta_max,1,cross_layer_handoff_executed
line-duel_round-robin_seed1,1,round-robin,line-duel,5,0,PSO,1.373567984883265,1.456200028769672,-1.04,-1.04,0.0,0.0,0.0,0.0442898465934053,16.0,14.626432015116736,strict_delta_max,1,cross_layer_handoff_executed
line-duel_round-robin_seed1,1,round-robin,line-duel,5,1,RL,4.0,2.248800010420382,-1.1,-1.1,0.0,0.0,0.0,0.0,14.626432015116736,10.626432015116736,strict_delta_max,2,cross_layer_handoff_executed
line-duel_round-robin_seed1,1,round-robin,line-duel,5,2,GA,2.415819962862188,1.2033000821247697,-1.04,-1.04,0.0,0.0,0.7725442157947201,0.027879026602420143,10.626432015116736,8.210612052254547,strict_delta_max,1,cross_layer_handoff_executed
line-duel_round-robin_seed1,1,round-robin,line-duel,5,3,PSO,2.4734668851403283,1.4043999835848808,-1.04,-1.04,0.0,0.0,0.0,0.03209500829799143,8.210612052254547,5.737145167114218,strict_delta_max,1,cross_layer_handoff_executed
line-duel_round-robin_seed1,1,round-robin,line-duel,5,4,RL,2.017131785699454,1.7793000442907214,-1.04,-1.04,0.0,0.0,0.0,0.0,5.737145167114218,3.7200133814147645,strict_delta_max,2,cross_layer_handoff_executed
line-duel_round-robin_seed2,2,round-robin,line-duel,0,0,GA,2.282163808635265,1.613900065422058,-0.0050000000000000044,-0.0050000000000000044,0.5,0.43818064076566016,0.8841395898889056,0.059171347775251876,16.0,13.717836191364736,strict_delta_max,1,cross_layer_handoff_executed
line-duel_round-robin_seed2,2,round-robin,line-duel,0,1,PSO,1.6878748875696683,1.5881999861449003,-0.039999999999999925,-0.039999999999999925,0.5,0.0,0.0,0.05743481707658332,13.717836191364736,12.029961303795067,strict_delta_max,1,cross_layer_handoff_executed
line-duel_round-robin_seed2,2,round-robin,line-duel,0,2,RL,2.2195134993315166,1.7598000122234225,-1.005,-1.005,0.0,0.0,0.0,0.0,12.029961303795067,9.81044780446355,strict_delta_max,2,cross_layer_handoff_executed
line-duel_round-robin_seed2,2,round-robin,line-duel,0,3,GA,2.5458951316609566,1.0710000060498714,-1.03,-1.03,0.0,0.0,0.8205222274787475,0.035383290517440956,9.81044780446355,7.264552672802593,strict_delta_max,1,cross_layer_handoff_executed
line-duel_round-robin_seed2,2,round-robin,line-duel,0,4,PSO,2.130052285916131,1.4186999760568142,-0.995,-0.995,0.0,0.0,0.0,0.037368985137760595,7.264552672802593,5.1345003868864625,strict_delta_max,1,cross_layer_handoff_executed
line-duel_round-robin_seed2,2,round-robin,line-duel,0,5,RL,4.0,1.9963000668212771,-1.0150000000000001,-1.0150000000000001,0.0,0.0,0.0,0.0,5.1345003868864625,1.1345003868864625,strict_delta_max,2,cross_layer_handoff_executed
line-duel_round-robin_seed2,2,round-robin,line-duel,1,0,GA,2.4150323067393837,1.3592999894171953,-0.025000000000000022,-0.025000000000000022,0.5,0.0,0.7451024140204439,0.04215183245311486,16.0,13.584967693260616,strict_delta_max,1,cross_layer_handoff_executed
line-duel_round-robin_seed2,2,round-robin,line-duel,1,1,PSO,2.004153722654829,1.408600015565753,-0.039999999999999925,-0.039999999999999925,0.5,0.0,0.0,0.030642406765961982,13.584967693260616,11.580813970605787,strict_delta_max,1,cross_layer_handoff_executed
line-duel_round-robin_seed2,2,round-robin,line-duel,1,2,RL,2.045475539907869,2.0620999857783318,-1.02,-1.02,0.0,0.0,0.0,0.014666516130205727,11.580813970605787,9.535338430697918,strict_delta_max,2,cross_layer_handoff_executed
line-duel_round-robin_seed2,2,round-robin,line-duel,1,3,GA,2.689317696034336,1.2243000091984868,-0.025000000000000022,-0.025000000000000022,0.5,0.0,0.6858479521469404,0.03966767612242961,9.535338430697918,6.846020734663582,strict_delta_max,1,cross_layer_handoff_executed
line-duel_round-robin_seed2,2,round-robin,line-duel,1,4,PSO,2.079777602089377,1.2475999537855387,0.025000000000000022,0.025000000000000022,0.5,0.014424619233259151,0.0,0.04232826919880885,6.846020734663582,4.766243132574205,strict_delta_max,1,cross_layer_handoff_executed
line-duel_round-robin_seed2,2,round-robin,line-duel,1,5,RL,2.2742440826800014,1.6961999936029315,-1.0150000000000001,-1.0150000000000001,0.0,0.0,0.0,0.0,4.766243132574205,2.4919990498942037,strict_delta_max,2,cross_layer_handoff_executed
line-duel_round-robin_seed2,2,round-robin,line-duel,2,0,GA,1.653990125779971,1.0186000727117062,-1.005,-1.005,0.0,0.0,0.7168907274086378,0.06819754099444528,16.0,14.346009874220028,strict_delta_max,1,cross_layer_handoff_executed
line-duel_round-robin_seed2,2,round-robin,line-duel,2,1,PSO,1.2126006187469156,1.0597000364214182,-1.005,-1.005,0.0,0.0,0.0,0.0792468200295538,14.346009874220028,13.133409255473113,strict_delta_max,1,cross_layer_handoff_executed
line-duel_round-robin_seed2,2,round-robin,line-duel,2,2,RL,3.2237143450462598,1.4833000022917986,-1.0,-1.0,0.0,0.0,0.0,0.01240804727672794,13.133409255473113,9.909694910426854,strict_delta_max,2,cross_layer_handoff_executed
line-duel_round-robin_seed2,2,round-robin,line-duel,2,3,GA,2.951792649727747,1.284700003452599,-0.0050000000000000044,-0.0050000000000000044,0.5,0.0,0.6986228367753551,0.036700909050571884,9.909694910426854,6.957902260699107,strict_delta_max,1,cross_layer_handoff_executed
line-duel_round-robin_seed2,2,round-robin,line-duel,2,4,PSO,1.9726544890718023,1.2458000564947724,0.025000000000000022,0.025000000000000022,0.5,0.0,0.0,0.026453071635013713,6.957902260699107,4.985247771627305,strict_delta_max,1,cross_layer_handoff_executed
line-duel_round-robin_seed2,2,round-robin,line-duel,2,5,RL,4.0,1.8396000377833843,-1.005,-1.005,0.0,0.0,0.0,0.4975,4.985247771627305,0.9852477716273054,strict_delta_max,2,cross_layer_handoff_executed
line-duel_round-robin_seed2,2,round-robin,line-duel,3,0,GA,1.7047239118650173,1.370800076983869,-1.0699999999999998,-1.0699999999999998,0.0,0.0,0.6986228367753551,0.06688230310454468,16.0,14.295276088134983,strict_delta_max,1,cross_layer_handoff_executed
line-duel_round-robin_seed2,2,round-robin,line-duel,3,1,PSO,1.4175367443951943,1.3562999665737152,-1.0,-1.0,0.0,0.0,0.0,0.04198797662463175,14.295276088134983,12.877739343739789,strict_delta_max,1,cross_layer_handoff_executed
line-duel_round-robin_seed2,2,round-robin,line-duel,3,2,RL,2.1317991423535707,1.3581999810412526,-1.005,-1.005,0.0,0.0,0.0,0.03283611415788354,12.877739343739789,10.745940201386219,strict_delta_max,2,cross_layer_handoff_executed
line-duel_round-robin_seed2,2,round-robin,line-duel,3,3,GA,2.9993591848062944,1.4304000651463866,-0.039999999999999925,-0.039999999999999925,0.5,0.0,0.6865541737938474,0.03433576182646738,10.745940201386219,7.746581016579924,strict_delta_max,1,cross_layer_handoff_executed
line-duel_round-robin_seed2,2,round-robin,line-duel,3,4,PSO,3.1265044469543124,1.1649999069049954,0.025000000000000022,0.025000000000000022,0.5,0.0,0.0,0.02534377616124307,7.746581016579924,4.620076569625612,strict_delta_max,1,cross_layer_handoff_executed
line-duel_round-robin_seed2,2,round-robin,line-duel,3,5,RL,2.5106882039155964,1.6687000170350075,-1.005,-1.005,0.0,0.0,0.0,0.0,4.620076569625612,2.109388365710015,strict_delta_max,2,cross_layer_handoff_executed
line-duel_round-robin_seed2,2,round-robin,line-duel,4,0,GA,2.278068313357978,0.9666000260040164,-1.005,-1.005,0.0,0.0,0.6865541737938474,0.03313891413554785,16.0,13.721931686642023,strict_delta_max,1,cross_layer_handoff_executed
line-duel_round-robin_seed2,2,round-robin,line-duel,4,1,PSO,2.677749376044401,1.2258000206202269,0.025000000000000022,0.025000000000000022,0.5,0.0,0.0,0.04347852359487389,13.721931686642023,11.044182310597622,strict_delta_max,1,cross_layer_handoff_executed
line-duel_round-robin_seed2,2,round-robin,line-duel,4,2,RL,1.4720122036609424,1.8393000354990363,-1.005,-1.005,0.0,0.0,0.0,0.0,11.044182310597622,9.57217010693668,strict_delta_max,2,cross_layer_handoff_executed
line-duel_round-robin_seed2,2,round-robin,line-duel,4,3,GA,1.5013716867526667,1.1285999789834023,-1.0350000000000001,-1.0350000000000001,0.0,0.0,0.6865541737938474,0.09298804867358942,9.57217010693668,8.070798420184014,strict_delta_max,1,cross_layer_handoff_executed
line-duel_round-robin_seed2,2,round-robin,line-duel,4,4,PSO,1.4307910429688628,1.1502000270411372,0.025000000000000022,0.025000000000000022,0.5,0.0,0.0,0.09528095430894507,8.070798420184014,6.64000737721515,strict_delta_max,1,cross_layer_handoff_executed
line-duel_round-robin_seed2,2,round-robin,line-duel,4,5,RL,2.9762476836110316,1.6314999666064978,-1.005,-1.005,0.0,0.0,0.0,0.020159612498111323,6.64000737721515,3.663759693604119,strict_delta_max,2,cross_layer_handoff_executed
line-duel_round-robin_seed2,2,round-robin,line-duel,5,0,GA,2.463984622808558,1.6027999809011817,-0.039999999999999925,-0.039999999999999925,0.5,0.0,0.692658370450033,0.03224008605510531,16.0,13.536015377191442,strict_delta_max,1,cross_layer_handoff_executed
line-duel_round-robin_seed2,2,round-robin,line-duel,5,1,PSO,1.3467604633095096,1.2045000912621617,0.025000000000000022,0.025000000000000022,0.5,0.0,0.0,0.09436792002165693,13.536015377191442,12.189254913881932,strict_delta_max,1,cross_layer_handoff_executed
line-duel_round-robin_seed2,2,round-robin,line-duel,5,2,RL,1.5765044508927364,1.7752000130712986,-1.005,-1.005,0.0,0.0,0.0,0.038058883986038544,12.189254913881932,10.612750462989196,strict_delta_max,2,cross_layer_handoff_executed
line-duel_round-robin_seed2,2,round-robin,line-duel,5,3,GA,2.935977182784148,0.9966000216081738,0.025000000000000022,0.025000000000000022,0.5,0.0,0.5829731609330029,0.031816515606654695,10.612750462989196,7.6767732802050475,strict_delta_max,1,cross_layer_handoff_executed
line-duel_round-robin_seed2,2,round-robin,line-duel,5,4,PSO,1.1101383335022357,1.0858000023290515,0.025000000000000022,0.025000000000000022,0.5,0.0,0.0,0.09139296612104834,7.6767732802050475,6.566634946702812,strict_delta_max,1,cross_layer_handoff_executed
line-duel_round-robin_seed2,2,round-robin,line-duel,5,5,RL,2.5937969268144236,1.6327999765053391,-1.005,-1.005,0.0,0.0,0.0,0.0,6.566634946702812,3.972838019888388,strict_delta_max,2,cross_layer_handoff_executed
line-duel_greedy-improvement_seed0,0,greedy-improvement,line-duel,0,0,GA,1.6893344512949398,1.6792999813333154,-1.0350000000000001,-1.0350000000000001,0.0,0.0,0.8116122098641232,0.0646168400523651,16.0,14.31066554870506,strict_delta_max,1,cross_layer_handoff_executed
line-duel_greedy-improvement_seed0,0,greedy-improvement,line-duel,0,1,GA,2.5056547673116434,1.5160000184550881,-1.0350000000000001,-1.0350000000000001,0.0,0.0,0.8311453459131665,0.048610042225809315,14.31066554870506,11.805010781393417,strict_delta_max,1,cross_layer_handoff_executed
line-duel_greedy-improvement_seed0,0,greedy-improvement,line-duel,0,2,GA,3.2133130574313404,1.4326999662443995,-1.0350000000000001,-1.0350000000000001,0.0,0.0,0.7829156664470321,0.031784489138668576,11.805010781393417,8.591697723962076,strict_delta_max,1,cross_layer_handoff_executed
line-duel_greedy-improvement_seed0,0,greedy-improvement,line-duel,0,3,GA,3.1578918407829324,1.3925000093877316,-1.0350000000000001,-1.0350000000000001,0.0,0.0,0.7561446778792801,0.03252146195437233,8.591697723962076,5.433805883179144,strict_delta_max,1,cross_layer_handoff_executed
line-duel_greedy-improvement_seed0,0,greedy-improvement,line-duel,0,4,GA,2.937698729694839,1.3796999119222164,-1.0350000000000001,-1.0350000000000001,0.0,0.0,0.6989703687729832,0.038251989956807654,5.433805883179144,2.4961071534843047,strict_delta_max,1,cross_layer_handoff_executed
line-duel_greedy-improvement_seed0,0,greedy-improvement,line-duel,1,0,GA,1.6346523690022985,1.240300014615059,-1.02,-1.02,0.0,0.009176262968471575,0.6828797477966819,0.055282636525476096,16.0,14.365347630997702,strict_delta_max,1,cross_layer_handoff_executed
line-duel_greedy-improvement_seed0,0,greedy-improvement,line-duel,1,1,GA,3.5495492749357096,1.1289999820291996,0.015000000000000013,0.015000000000000013,0.5,0.29158631697506054,0.6948509863091249,0.02783827176302636,14.365347630997702,10.815798356061993,strict_delta_max,1,cross_layer_handoff_executed
line-duel_greedy-improvement_seed0,0,greedy-improvement,line-duel,1,2,GA,2.6237057221461146,1.3752999948337674,-1.0350000000000001,-1.0350000000000001,0.0,0.0,0.6684738604233517,0.03842066196569583,10.815798356061993,8.192092633915879,strict_delta_max,1,cross_layer_handoff_executed
line-duel_greedy-improvement_seed0,0,greedy-improvement,line-duel,1,3,GA,2.944785666803855,1.4305999502539635,-1.0350000000000001,-1.0350000000000001,0.0,0.0,0.629872737374901,0.025245448390572398,8.192092633915879,5.247306967112024,strict_delta_max,1,cross_layer_handoff_executed
line-duel_greedy-improvement_seed0,0,greedy-improvement,line-duel,1,4,GA,3.719590782306286,1.4860000228509307,-1.04,-1.04,0.0,0.0,0.6111318557515489,0.02934947749294064,5.247306967112024,1.5277161848057381,strict_delta_max,1,cross_layer_handoff_executed
line-duel_greedy-improvement_seed0,0,greedy-improvement,line-duel,2,0,GA,1.0556594859765283,1.1111999629065394,-1.04,-1.04,0.0,0.0,0.6111318557515489,0.09094043402403203,16.0,14.944340514023471,strict_delta_max,1,cross_layer_handoff_executed
line-duel_greedy-improvement_seed0,0,greedy-improvement,line-duel,2,1,GA,1.9044975975937155,1.6138000646606088,-1.0350000000000001,-1.0350000000000001,0.0,0.0,0.6078617440956903,0.05399554787781659,14.944340514023471,13.039842916429755,strict_delta_max,1,cross_layer_handoff_executed
line-duel_greedy-improvement_seed0,0,greedy-improvement,line-duel,2,2,GA,2.8839562712709403,1.3231999473646283,-1.04,-1.04,0.0,0.0,0.6078617440956903,0.019695626830235773,13.039842916429755,10.155886645158816,strict_delta_max,1,cross_layer_handoff_executed
line-duel_greedy-improvement_seed0,0,greedy-improvement,line-duel,2,3,GA,2.3422281044168525,1.5124999918043613,-1.0350000000000001,-1.0350000000000001,0.0,0.0,0.6078617440956903,0.041272284195477425,10.155886645158816,7.813658540741963,strict_delta_max,1,cross_layer_handoff_executed
line-duel_greedy-improvement_seed0,0,greedy-improvement,line-duel,2,4,GA,1.422297174935895,1.1303999926894903,0.015000000000000013,0.015000000000000013,0.5,0.0,0.6284792604807337,0.06965279853456886,7.813658540741963,6.391361365806068,strict_delta_max,1,cross_layer_handoff_executed
line-duel_greedy-improvement_seed0,0,greedy-improvement,line-duel,2,5,GA,1.9919546239943542,1.420099986717105,-1.0350000000000001,-1.0350000000000001,0.0,0.0,0.6284792604807337,0.03499774158770174,6.391361365806068,4.399406741811713,strict_delta_max,1,cross_layer_handoff_executed
line-duel_greedy-improvement_seed0,0,greedy-improvement,line-duel,2,6,GA,1.5887227229157082,1.148899900726974,0.015000000000000013,0.015000000000000013,0.5,0.0,0.6487426136929986,0.05673500467921454,4.399406741811713,2.810684018896005,strict_delta_max,1,cross_layer_handoff_executed
line-duel_greedy-improvement_seed0,0,greedy-improvement,line-duel,3,0,GA,2.262717038275114,1.0311000514775515,0.015000000000000013,0.015000000000000013,0.5,0.0,0.6528146563471748,0.04474702443389324,16.0,13.737282961724887,strict_delta_max,1,cross_layer_handoff_executed
line-duel_greedy-improvement_seed0,0,greedy-improvement,line-duel,3,1,GA,2.4656462958721406,1.1844999389722943,0.015000000000000013,0.015000000000000013,0.5,0.0,0.6581485889270445,0.040588325077624596,13.737282961724887,11.271636665852746,strict_delta_max,1,cross_layer_handoff_executed
line-duel_greedy-improvement_seed0,0,greedy-improvement,line-duel,3,2,GA,3.617056485066973,1.2645000824704766,0.015000000000000013,0.015000000000000013,0.5,0.0,0.585947675557486,0.025055160081651994,11.271636665852746,7.654580180785773,strict_delta_max,1,cross_layer_handoff_executed
line-duel_greedy-improvement_seed0,0,greedy-improvement,line-duel,3,3,GA,3.6195050629733014,1.312799984589219,0.015000000000000013,0.015000000000000013,0.5,0.0,0.5804624807012194,0.0317491396663662,7.654580180785773,4.035075117812472,strict_delta_max,1,cross_layer_handoff_executed
line-duel_greedy-improvement_seed0,0,greedy-improvement,line-duel,3,4,GA,2.3562853015965253,1.195299904793501,0.015000000000000013,0.015000000000000013,0.5,0.0,0.5287794361718773,0.048083416177672804,4.035075117812472,1.6787898162159465,strict_delta_max,1,cross_layer_handoff_executed
line-duel_greedy-improvement_seed0,0,greedy-improvement,line-duel,4,0,GA,1.3184984232654127,0.9959000162780285,0.015000000000000013,0.015000000000000013,0.5,0.0,0.5229060167285209,0.07555851910190726,16.0,14.681501576734588,strict_delta_max,1,cross_layer_handoff_executed
line-duel_greedy-improvement_seed0,0,greedy-improvement,line-duel,4,1,GA,3.1956330491270086,1.242700032889843,0.015000000000000013,0.015000000000000013,0.5,0.0,0.46888634094355536,0.02755227621952123,14.681501576734588,11.485868527607579,strict_delta_max,1,cross_layer_handoff_executed
line-duel_greedy-improvement_seed0,0,greedy-improvement,line-duel,4,2,GA,3.5966551743499915,1.1397000635042787,0.015000000000000013,0.015000000000000013,0.5,0.0,0.46888634094355536,0.02245583105116616,11.485868527607579,7.889213353257587,strict_delta_max,1,cross_layer_handoff_executed
line-duel_greedy-improvement_seed0,0,greedy-improvement,line-duel,4,3,GA,3.5426599027345005,1.204000087454915,0.015000000000000013,0.015000000000000013,0.5,0.0,0.46888634094355536,0.024666815596730483,7.889213353257587,4.346553450523087,strict_delta_max,1,cross_layer_handoff_executed
line-duel_greedy-improvement_seed0,0,greedy-improvement,line-duel,4,4,GA,3.494543522843922,1.3743999879807234,0.015000000000000013,0.015000000000000013,0.5,0.0,0.46888634094355536,0.02090554337673835,4.346553450523087,0.8520099276791653,strict_delta_max,1,cross_layer_handoff_executed
line-duel_greedy-improvement_seed0,0,greedy-improvement,line-duel,5,0,GA,3.007771186781455,1.1488000163808465,0.015000000000000013,0.015000000000000013,0.5,0.0,0.46888634094355536,0.027421656986500686,16.0,12.992228813218546,strict_delta_max,1,cross_layer_handoff_executed
line-duel_greedy-improvement_seed0,0,greedy-improvement,line-duel,5,1,GA,1.79730069436155,1.20599998626858,0.015000000000000013,0.015000000000000013,0.5,0.0,0.46888634094355536,0.04166330858284027,12.992228813218546,11.194928118856996,strict_delta_max,1,cross_layer_handoff_executed
line-duel_greedy-improvement_seed0,0,greedy-improvement,line-duel,5,2,GA,3.3131135544809656,1.2601999333128333,0.015000000000000013,0.015000000000000013,0.5,0.0,0.46888634094355536,0.029861516498371078,11.194928118856996,7.881814564376031,strict_delta_max,1,cross_layer_handoff_executed
line-duel_greedy-improvement_seed0,0,greedy-improvement,line-duel,5,3,GA,3.946364865848617,1.4544000150635839,0.015000000000000013,0.015000000000000013,0.5,0.0,0.46888634094355536,0.020269761756056912,7.881814564376031,3.935449698527414,strict_delta_max,1,cross_layer_handoff_executed
line-duel_greedy-improvement_seed1,1,greedy-improvement,line-duel,0,0,GA,2.9420915853436957,1.4182000886648893,-1.04,-1.04,0.0,0.0,0.9222503083015591,0.04079385976487518,16.0,13.057908414656303,strict_delta_max,1,cross_layer_handoff_executed
line-duel_greedy-improvement_seed1,1,greedy-improvement,line-duel,0,1,GA,3.3607143190151323,1.7804999370127916,-1.04,-1.04,0.0,0.0,0.8797117752526203,0.024814093669612465,13.057908414656303,9.697194095641171,strict_delta_max,1,cross_layer_handoff_executed
line-duel_greedy-improvement_seed1,1,greedy-improvement,line-duel,0,2,GA,1.8588173421450245,1.777700032107532,-1.04,-1.04,0.0,0.0,0.8535850363623821,0.0467106620636739,9.697194095641171,7.838376753496147,strict_delta_max,1,cross_layer_handoff_executed
line-duel_greedy-improvement_seed1,1,greedy-improvement,line-duel,0,3,GA,3.8270937485719205,1.7935000360012054,-1.07,-1.07,0.0,0.0,0.8604573902389677,0.030864695128723835,7.838376753496147,4.011283004924226,strict_delta_max,1,cross_layer_handoff_executed
line-duel_greedy-improvement_seed1,1,greedy-improvement,line-duel,0,4,GA,2.2352911094680827,1.4795999741181731,-1.04,-1.04,0.0,0.0,0.8212819453590211,0.04351751902763511,4.011283004924226,1.7759918954561433,strict_delta_max,1,cross_layer_handoff_executed
line-duel_greedy-improvement_seed1,1,greedy-improvement,line-duel,1,0,GA,1.6440610059960552,1.3494999147951603,-1.0550000000000002,-1.0550000000000002,0.0,0.0,0.7797741007340931,0.0550106157436788,16.0,14.355938994003944,strict_delta_max,1,cross_layer_handoff_executed
line-duel_greedy-improvement_seed1,1,greedy-improvement,line-duel,1,1,GA,3.6013386276995325,1.5611000126227736,-1.04,-1.04,0.0,0.0,0.7947423919546869,0.023202563388732753,14.355938994003944,10.754600366304413,strict_delta_max,1,cross_layer_handoff_executed
line-duel_greedy-improvement_seed1,1,greedy-improvement,line-duel,1,2,GA,3.359252499970606,1.6397000290453434,-1.0550000000000002,-1.0550000000000002,0.0,0.0,0.7947423919546869,0.03234314119114962,10.754600366304413,7.395347866333807,strict_delta_max,1,cross_layer_handoff_executed
line-duel_greedy-improvement_seed1,1,greedy-improvement,line-duel,1,3,GA,3.880593776600343,1.608800026588142,-1.04,-1.04,0.0,0.0,0.7947423919546869,0.030370586676992665,7.395347866333807,3.5147540897334637,strict_delta_max,1,cross_layer_handoff_executed
line-duel_greedy-improvement_seed1,1,greedy-improvement,line-duel,2,0,GA,3.9163815312324846,1.5781000256538391,-1.1,-1.1,0.0,0.0,0.7947423919546869,0.021196025898293627,16.0,12.083618468767515,strict_delta_max,1,cross_layer_handoff_executed
line-duel_greedy-improvement_seed1,1,greedy-improvement,line-duel,2,1,GA,2.309200993567363,1.5146000077947974,-1.04,-1.04,0.0,0.0,0.7947423919546869,0.03171269090573321,12.083618468767515,9.774417475200153,strict_delta_max,1,cross_layer_handoff_executed
line-duel_greedy-improvement_seed1,1,greedy-improvement,line-duel,2,2,GA,2.8759720728384104,1.596400048583746,-1.04,-1.04,0.0,0.0,0.7947423919546869,0.027701700819170182,9.774417475200153,6.898445402361743,strict_delta_max,1,cross_layer_handoff_executed
line-duel_greedy-improvement_seed1,1,greedy-improvement,line-duel,2,3,GA,2.0155533696076047,1.6301000723615289,-1.07,-1.07,0.0,0.0,0.7947423919546869,0.04207179710368125,6.898445402361743,4.882892032754138,strict_delta_max,1,cross_layer_handoff_executed
line-duel_greedy-improvement_seed1,1,greedy-improvement,line-duel,2,4,GA,3.950715051081146,1.519199926406145,-1.04,-1.04,0.0,0.0,0.7947423919546869,0.0262265439624122,4.882892032754138,0.9321769816729919,strict_delta_max,1,cross_layer_handoff_executed
line-duel_greedy-improvement_seed1,1,greedy-improvement,line-duel,3,0,GA,3.357074073939343,1.4005000703036785,-1.04,-1.04,0.0,0.0,0.7947423919546869,0.025669234105829154,16.0,12.642925926060657,strict_delta_max,1,cross_layer_handoff_executed
line-duel_greedy-improvement_seed1,1,greedy-improvement,line-duel,3,1,GA,2.5825734701822594,1.420399989001453,-1.04,-1.04,0.0,0.0,0.7947423919546869,0.04135276805130617,12.642925926060657,10.060352455878398,strict_delta_max,1,cross_layer_handoff_executed
line-duel_greedy-improvement_seed1,1,greedy-improvement,line-duel,3,2,GA,3.709297983720855,1.3928000116720796,-1.04,-1.04,0.0,0.0,0.7947423919546869,0.01809071996715426,10.060352455878398,6.351054472157543,strict_delta_max,1,cross_layer_handoff_executed
line-duel_greedy-improvement_seed1,1,greedy-improvement,line-duel,3,3,GA,3.197161736800089,1.4614000683650374,-1.04,-1.04,0.0,0.0,0.7947423919546869,0.03547040198996498,6.351054472157543,3.153892735357454,strict_delta_max,1,cross_layer_handoff_executed
line-duel_greedy-improvement_seed1,1,greedy-improvement,line-duel,4,0,GA,3.613821226837455,1.5050999354571104,-1.085,-1.085,0.0,0.0,0.7947423919546869,0.02299902816169593,16.0,12.386178773162545,strict_delta_max,1,cross_layer_handoff_executed
line-duel_greedy-improvement_seed1,1,greedy-improvement,line-duel,4,1,GA,2.215234227705039,1.4784999657422304,-1.04,-1.04,0.0,0.0,0.7947423919546869,0.03155469200562989,12.386178773162545,10.170944545457505,strict_delta_max,1,cross_layer_handoff_executed
line-duel_greedy-improvement_seed1,1,greedy-improvement,line-duel,4,2,GA,3.6837615572861377,1.6617999644950032,-1.085,-1.085,0.0,0.0,0.7947423919546869,0.026035118983522135,10.170944545457505,6.487182988171368,strict_delta_max,1,cross_layer_handoff_executed
line-duel_greedy-improvement_seed1,1,greedy-improvement,line-duel,4,3,GA,1.2147407382861002,1.4516999945044518,-1.04,-1.04,0.0,0.0,0.7947423919546869,0.06356882460850613,6.487182988171368,5.272442249885268,strict_delta_max,1,cross_layer_handoff_executed
line-duel_greedy-improvement_seed1,1,greedy-improvement,line-duel,4,4,GA,2.6604781389742813,1.4810999855399132,-1.04,-1.04,0.0,0.0,0.7947423919546869,0.046345279738291126,5.272442249885268,2.6119641109109866,strict_delta_max,1,cross_layer_handoff_executed
line-duel_greedy-improvement_seed1,1,greedy-improvement,line-duel,5,0,GA,3.6150834715109212,1.2698000064119697,-1.04,-1.04,0.0,0.0,0.7947423919546869,0.020391319413831283,16.0,12.384916528489079,strict_delta_max,1,cross_layer_handoff_executed
line-duel_greedy-improvement_seed1,1,greedy-improvement,line-duel,5,1,GA,1.564786151400059,1.415399950928986,-1.04,-1.04,0.0,0.0,0.7947423919546869,0.04029975432634618,12.384916528489079,10.82013037708902,strict_delta_max,1,cross_layer_handoff_executed
line-duel_greedy-improvement_seed1,1,greedy-improvement,line-duel,5,2,GA,2.866365385803378,1.474799937568605,-1.04,-1.04,0.0,0.0,0.7947423919546869,0.020408516729743278,10.82013037708902,7.953764991285642,strict_delta_max,1,cross_layer_handoff_executed
line-duel_greedy-improvement_seed1,1,greedy-improvement,line-duel,5,3,GA,3.6942125629593603,1.9760000286623836,-1.04,-1.04,0.0,0.0,0.7947423919546869,0.022273783336206124,7.953764991285642,4.259552428326281,strict_delta_max,1,cross_layer_handoff_executed
line-duel_greedy-improvement_seed1,1,greedy-improvement,line-duel,5,4,GA,1.0734018156637932,1.5198999317362905,-1.025,-1.025,0.0,0.013974263673780078,0.7863103456639433,0.06427115370765903,4.259552428326281,3.1861506126624883,strict_delta_max,1,cross_layer_handoff_executed
line-duel_greedy-improvement_seed2,2,greedy-improvement,line-duel,0,0,GA,2.282163808635265,1.7044999403879046,-0.0050000000000000044,-0.0050000000000000044,0.5,0.43818064076566016,0.8841395898889056,0.059171347775251876,16.0,13.717836191364736,strict_delta_max,1,cross_layer_handoff_executed
line-duel_greedy-improvement_seed2,2,greedy-improvement,line-duel,0,1,GA,2.3457061389960696,1.867000013589859,-0.039999999999999925,-0.039999999999999925,0.5,0.0,0.8550986097773818,0.04185667719227862,13.717836191364736,11.372130052368666,strict_delta_max,1,cross_layer_handoff_executed
line-duel_greedy-improvement_seed2,2,greedy-improvement,line-duel,0,2,GA,1.0097943010049981,1.1695000575855374,-1.005,-1.005,0.0,0.0,0.843153020769063,0.108499091426562,11.372130052368666,10.362335751363668,strict_delta_max,1,cross_layer_handoff_executed
line-duel_greedy-improvement_seed2,2,greedy-improvement,line-duel,0,3,GA,2.3741746921163296,1.0756999254226685,-1.005,-1.005,0.0,0.0,0.8272933751285919,0.046259753751451846,10.362335751363668,7.988161059247338,strict_delta_max,1,cross_layer_handoff_executed
line-duel_greedy-improvement_seed2,2,greedy-improvement,line-duel,0,4,GA,3.6699719444740504,1.560300006531179,-0.039999999999999925,-0.039999999999999925,0.5,0.0,0.7632706403381906,0.027238797707611808,7.988161059247338,4.318189114773288,strict_delta_max,1,cross_layer_handoff_executed
line-duel_greedy-improvement_seed2,2,greedy-improvement,line-duel,0,5,GA,3.131754768012165,1.481700106523931,-1.0699999999999998,-1.0699999999999998,0.0,0.0,0.7632706403381906,0.026819493238345687,4.318189114773288,1.1864343467611231,strict_delta_max,1,cross_layer_handoff_executed
line-duel_greedy-improvement_seed2,2,greedy-improvement,line-duel,1,0,GA,2.6212060637442876,1.3821999309584498,-0.0050000000000000044,-0.0050000000000000044,0.5,0.0,0.7131486876000706,0.04358920381757448,16.0,13.378793936255713,strict_delta_max,1,cross_layer_handoff_executed
line-duel_greedy-improvement_seed2,2,greedy-improvement,line-duel,1,1,GA,1.629106602101527,1.474499935284257,-0.025000000000000022,-0.025000000000000022,0.5,0.0,0.7154568587181707,0.09098800687969989,13.378793936255713,11.749687334154185,strict_delta_max,1,cross_layer_handoff_executed
line-duel_greedy-improvement_seed2,2,greedy-improvement,line-duel,1,2,GA,3.5917721889106433,1.3811999233439565,-0.0050000000000000044,-0.0050000000000000044,0.5,0.0,0.6997638420786222,0.03138481747048119,11.749687334154185,8.157915145243543,strict_delta_max,1,cross_layer_handoff_executed
line-duel_greedy-improvement_seed2,2,greedy-improvement,line-duel,1,3,GA,1.8155566597074992,1.6342999879270792,-1.025,-1.025,0.0,0.0,0.6997638420786222,0.06240222532756143,8.157915145243543,6.342358485536043,strict_delta_max,1,cross_layer_handoff_executed
line-duel_greedy-improvement_seed2,2,greedy-improvement,line-duel,1,4,GA,2.8738047095599057,1.4428000431507826,-0.0050000000000000044,-0.0050000000000000044,0.5,0.0,0.6130026042811695,0.036537458772236193,6.342358485536043,3.4685537759761376,strict_delta_max,1,cross_layer_handoff_executed
line-duel_greedy-improvement_seed2,2,greedy-improvement,line-duel,2,0,GA,3.890952203227826,1.357399974949658,-0.0050000000000000044,-0.0050000000000000044,0.5,0.0,0.597615862582006,0.030123962955007796,16.0,12.109047796772174,strict_delta_max,1,cross_layer_handoff_executed
line-duel_greedy-improvement_seed2,2,greedy-improvement,line-duel,2,1,GA,1.9090093023260253,1.5223000664263964,-0.0050000000000000044,-0.0050000000000000044,0.5,0.0,0.5219966874276593,0.06273874691011609,12.109047796772174,10.200038494446149,strict_delta_max,1,cross_layer_handoff_executed
line-duel_greedy-improvement_seed2,2,greedy-improvement,line-duel,2,2,GA,2.0919206249131546,1.628599944524467,-0.025000000000000022,-0.025000000000000022,0.5,0.0,0.45184107539693913,0.05173727592039331,10.200038494446149,8.108117869532995,strict_delta_max,1,cross_layer_handoff_executed
line-duel_greedy-improvement_seed2,2,greedy-improvement,line-duel,2,3,GA,2.4785371143929305,1.6257999232038856,-0.039999999999999925,-0.039999999999999925,0.5,0.0,0.45184107539693913,0.03746041168498666,8.108117869532995,5.629580755140065,strict_delta_max,1,cross_layer_handoff_executed
line-duel_greedy-improvement_seed2,2,greedy-improvement,line-duel,2,4,GA,2.857246273792712,1.6255999216809869,-0.025000000000000022,-0.025000000000000022,0.5,0.0,0.43072124848159543,0.031110328116791985,5.629580755140065,2.772334481347353,strict_delta_max,1,cross_layer_handoff_executed
line-duel_greedy-improvement_seed2,2,greedy-improvement,line-duel,3,0,GA,1.8157146720504387,1.4047999866306782,-0.025000000000000022,-0.025000000000000022,0.5,0.0,0.411808597065815,0.04208616613650808,16.0,14.184285327949562,strict_delta_max,1,cross_layer_handoff_executed
line-duel_greedy-improvement_seed2,2,greedy-improvement,line-duel,3,1,GA,3.287860306283523,1.5922000166028738,-0.0050000000000000044,-0.0050000000000000044,0.5,0.0,0.4154190737092517,0.027142128137705855,14.184285327949562,10.896425021666039,strict_delta_max,1,cross_layer_handoff_executed
line-duel_greedy-improvement_seed2,2,greedy-improvement,line-duel,3,2,GA,2.160982271170146,1.9674000795930624,-0.0050000000000000044,-0.0050000000000000044,0.5,0.0,0.4339470072584767,0.05660541430590291,10.896425021666039,8.735442750495892,strict_delta_max,1,cross_layer_handoff_executed
line-duel_greedy-improvement_seed2,2,greedy-improvement,line-duel,3,3,GA,3.5482159429541262,1.4942999696359038,-0.0050000000000000044,-0.0050000000000000044,0.5,0.0,0.4169513110045364,0.031006341518334552,8.735442750495892,5.187226807541766,strict_delta_max,1,cross_layer_handoff_executed
line-duel_greedy-improvement_seed2,2,greedy-improvement,line-duel,3,4,GA,1.0343585544606988,1.3473000144585967,-1.025,-1.025,0.0,0.0,0.4169513110045364,0.10701697397558094,5.187226807541766,4.152868253081067,strict_delta_max,1,cross_layer_handoff_executed
line-duel_greedy-improvement_seed2,2,greedy-improvement,line-duel,3,5,GA,1.22695902144976,1.8533000256866217,-0.025000000000000022,-0.025000000000000022,0.5,0.0,0.4169513110045364,0.08717143953561432,4.152868253081067,2.925909231631307,strict_delta_max,1,cross_layer_handoff_executed
line-duel_greedy-improvement_seed2,2,greedy-improvement,line-duel,4,0,GA,2.784390448438287,1.2895999243482947,-0.0050000000000000044,-0.0050000000000000044,0.5,0.0,0.43078802384298653,0.03386452282887225,16.0,13.215609551561712,strict_delta_max,1,cross_layer_handoff_executed
line-duel_greedy-improvement_seed2,2,greedy-improvement,line-duel,4,1,GA,1.0415783996307042,1.626199926249683,-0.0050000000000000044,-0.0050000000000000044,0.5,0.0,0.43078802384298653,0.09895684773390077,13.215609551561712,12.174031151931008,strict_delta_max,1,cross_layer_handoff_executed
line-duel_greedy-improvement_seed2,2,greedy-improvement,line-duel,4,2,GA,1.4400444620905253,1.570400083437562,-0.025000000000000022,-0.025000000000000022,0.5,0.0,0.43078802384298653,0.07812146595934616,12.174031151931008,10.733986689840481,strict_delta_max,1,cross_layer_handoff_executed
line-duel_greedy-improvement_seed2,2,greedy-improvement,line-duel,4,3,GA,2.8917912114656987,1.3180000241845846,-1.03,-1.03,0.0,0.0,0.43078802384298653,0.027717678860880512,10.733986689840481,7.842195478374783,strict_delta_max,1,cross_layer_handoff_executed
line-duel_greedy-improvement_seed2,2,greedy-improvement,line-duel,4,4,GA,3.0795722679005326,1.6105000395327806,-0.025000000000000022,-0.025000000000000022,0.5,0.0,0.43078802384298653,0.017085301264498053,7.842195478374783,4.76262321047425,strict_delta_max,1,cross_layer_handoff_executed
line-duel_greedy-improvement_seed2,2,greedy-improvement,line-duel,4,5,GA,3.421472115284686,1.4573000371456146,-0.0050000000000000044,-0.0050000000000000044,0.5,0.0,0.43078802384298653,0.02561298384912828,4.76262321047425,1.3411510951895642,strict_delta_max,1,cross_layer_handoff_executed
line-duel_greedy-improvement_seed2,2,greedy-improvement,line-duel,5,0,GA,1.960064947371068,1.2968999799340963,-0.0050000000000000044,-0.0050000000000000044,0.5,0.0,0.43078802384298653,0.052410241179897864,16.0,14.039935052628932,strict_delta_max,1,cross_layer_handoff_executed
line-duel_greedy-improvement_seed2,2,greedy-improvement,line-duel,5,1,GA,2.527122647139648,1.4566000318154693,-0.0050000000000000044,-0.0050000000000000044,0.5,0.0,0.43078802384298653,0.031077000005866214,14.039935052628932,11.512812405489285,strict_delta_max,1,cross_layer_handoff_executed
line-duel_greedy-improvement_seed2,2,greedy-improvement,line-duel,5,2,GA,2.3133281697665424,1.5843999572098255,-0.0050000000000000044,-0.0050000000000000044,0.5,0.0,0.43078802384298653,0.029015695456887612,11.512812405489285,9.199484235722743,strict_delta_max,1,cross_layer_handoff_executed
line-duel_greedy-improvement_seed2,2,greedy-improvement,line-duel,5,3,GA,3.058286705164339,1.3627000153064728,-1.03,-1.03,0.0,0.0,0.43078802384298653,0.02091583411560469,9.199484235722743,6.1411975305584035,strict_delta_max,1,cross_layer_handoff_executed
line-duel_greedy-improvement_seed2,2,greedy-improvement,line-duel,5,4,GA,1.7902350748319058,1.558799995109439,-0.025000000000000022,-0.025000000000000022,0.5,0.0,0.43078802384298653,0.04211526047823772,6.1411975305584035,4.350962455726497,strict_delta_max,1,cross_layer_handoff_executed
line-duel_greedy-improvement_seed2,2,greedy-improvement,line-duel,5,5,GA,1.1555369680229948,1.461199950426817,-0.0050000000000000044,-0.0050000000000000044,0.5,0.0,0.43078802384298653,0.06238430851907733,4.350962455726497,3.1954254877035027,strict_delta_max,1,cross_layer_handoff_executed
grid-treasure_DLGPR-full_seed0,0,DLGPR-full,grid-treasure,0,0,GA,3.2127778257737645,1.87409995123744,0.025000000000000022,0.025000000000000022,0.5,0.0,0.8931030542994856,0.05487385891284679,16.0,12.787222174226235,strict_delta_max,1,cross_layer_handoff_executed
grid-treasure_DLGPR-full_seed0,0,DLGPR-full,grid-treasure,0,1,PSO,1.240539447270699,1.4634000835940242,0.010000000000000009,0.010000000000000009,0.5,0.0,0.0,0.1382138938747343,12.787222174226235,11.546682726955536,strict_delta_max,1,cross_layer_handoff_executed
grid-treasure_DLGPR-full_seed0,0,DLGPR-full,grid-treasure,0,2,RL,3.0155307486080147,2.7299000648781657,-1.135,-1.135,0.0,0.0,0.0,0.0,11.546682726955536,8.531151978347522,strict_delta_max,2,cross_layer_handoff_executed
grid-treasure_DLGPR-full_seed0,0,DLGPR-full,grid-treasure,0,3,GA,2.659460384195745,1.4770999550819397,0.025000000000000022,0.025000000000000022,0.5,0.0,0.8754084243546231,0.0546770053002769,8.531151978347522,5.871691594151777,strict_delta_max,1,cross_layer_handoff_executed
grid-treasure_DLGPR-full_seed0,0,DLGPR-full,grid-treasure,0,4,GA,2.724682374746422,1.777400029823184,0.025000000000000022,0.025000000000000022,0.5,0.0,0.866566219619511,0.05479972206317567,5.871691594151777,3.147009219405355,strict_delta_max,1,cross_layer_handoff_executed
grid-treasure_DLGPR-full_seed0,0,DLGPR-full,grid-treasure,1,0,GA,2.2287436819278796,1.406199997290969,0.025000000000000022,0.025000000000000022,0.5,0.0,0.8157392074345331,0.061604890988247216,16.0,13.77125631807212,strict_delta_max,1,cross_layer_handoff_executed
grid-treasure_DLGPR-full_seed0,0,DLGPR-full,grid-treasure,1,1,PSO,1.8306179348758986,1.3285999884828925,-0.010000000000000009,-0.010000000000000009,0.5,0.0,0.0,0.06127783851955885,13.77125631807212,11.940638383196223,strict_delta_max,1,cross_layer_handoff_executed
grid-treasure_DLGPR-full_seed0,0,DLGPR-full,grid-treasure,1,2,RL,2.9481489158924736,2.087599947117269,-0.010000000000000009,-0.010000000000000009,0.5,0.0,0.0,0.0,11.940638383196223,8.992489467303749,strict_delta_max,2,cross_layer_handoff_executed
grid-treasure_DLGPR-full_seed0,0,DLGPR-full,grid-treasure,1,3,GA,1.9362877726418188,1.3351000379770994,0.025000000000000022,0.025000000000000022,0.5,0.0,0.7496240834427136,0.07241192406185654,8.992489467303749,7.0562016946619295,strict_delta_max,1,cross_layer_handoff_executed
grid-treasure_DLGPR-full_seed0,0,DLGPR-full,grid-treasure,1,4,GA,1.6568541345136913,1.5596000012010336,0.025000000000000022,0.025000000000000022,0.5,0.0,0.7496240834427136,0.08420840303187381,7.0562016946619295,5.399347560148238,strict_delta_max,1,cross_layer_handoff_executed
grid-treasure_DLGPR-full_seed0,0,DLGPR-full,grid-treasure,1,5,GA,1.1121535205444677,1.5588999958708882,0.025000000000000022,0.025000000000000022,0.5,0.0,0.7496240834427136,0.15245575063753453,5.399347560148238,4.28719403960377,strict_delta_max,1,cross_layer_handoff_executed
grid-treasure_DLGPR-full_seed0,0,DLGPR-full,grid-treasure,1,6,GA,1.3597466551576876,1.617100089788437,0.025000000000000022,0.025000000000000022,0.5,0.0,0.7496240834427136,0.13437373961066415,4.28719403960377,2.927447384446083,strict_delta_max,1,cross_layer_handoff_executed
grid-treasure_DLGPR-full_seed0,0,DLGPR-full,grid-treasure,2,0,GA,2.9349289481239778,1.5961999306455255,0.025000000000000022,0.025000000000000022,0.5,0.0,0.7496240834427136,0.04819002289394612,16.0,13.065071051876021,strict_delta_max,1,cross_layer_handoff_executed
grid-treasure_DLGPR-full_seed0,0,DLGPR-full,grid-treasure,2,1,PSO,2.784785482308259,2.546300063841045,-1.1800000000000002,-1.1800000000000002,0.0,0.0,0.0,0.05492092639224441,13.065071051876021,10.280285569567763,strict_delta_max,1,cross_layer_handoff_executed
grid-treasure_DLGPR-full_seed0,0,DLGPR-full,grid-treasure,2,2,RL,2.864667814679758,2.327500027604401,0.025000000000000022,0.025000000000000022,0.5,0.0,0.0,0.0,10.280285569567763,7.415617754888005,strict_delta_max,2,cross_layer_handoff_executed
grid-treasure_DLGPR-full_seed0,0,DLGPR-full,grid-treasure,2,3,GA,3.0330935478739542,1.5469999052584171,0.025000000000000022,0.025000000000000022,0.5,0.0,0.7496240834427136,0.04219202670648884,7.415617754888005,4.38252420701405,strict_delta_max,1,cross_layer_handoff_executed
grid-treasure_DLGPR-full_seed0,0,DLGPR-full,grid-treasure,2,4,GA,2.1867780409170416,1.5733999898657203,0.019999999999999962,0.019999999999999962,0.5,0.0,0.7496240834427136,0.06887280698004199,4.38252420701405,2.195746166097009,strict_delta_max,1,cross_layer_handoff_executed
grid-treasure_DLGPR-full_seed0,0,DLGPR-full,grid-treasure,3,0,GA,3.4593107775741263,1.4343000948429108,0.025000000000000022,0.025000000000000022,0.5,0.0,0.7496240834427136,0.03726470183929252,16.0,12.540689222425874,strict_delta_max,1,cross_layer_handoff_executed
grid-treasure_DLGPR-full_seed0,0,DLGPR-full,grid-treasure,3,1,PSO,1.6649591007083513,2.5328999618068337,-1.0899999999999999,-1.0899999999999999,0.0,0.0,0.0,0.08486074596883042,12.540689222425874,10.875730121717522,strict_delta_max,1,cross_layer_handoff_executed
grid-treasure_DLGPR-full_seed0,0,DLGPR-full,grid-treasure,3,2,RL,1.6206151265681208,2.0599999697878957,0.025000000000000022,0.025000000000000022,0.5,0.0,0.0,0.06170496520772583,10.875730121717522,9.255114995149402,strict_delta_max,2,cross_layer_handoff_executed
grid-treasure_DLGPR-full_seed0,0,DLGPR-full,grid-treasure,3,3,GA,2.9737960406545403,1.3212000485509634,0.025000000000000022,0.025000000000000022,0.5,0.0,0.7496240834427136,0.04850589608779389,9.255114995149402,6.2813189544948616,strict_delta_max,1,cross_layer_handoff_executed
grid-treasure_DLGPR-full_seed0,0,DLGPR-full,grid-treasure,3,4,GA,3.815263419220368,1.561500015668571,0.025000000000000022,0.025000000000000022,0.5,0.0,0.7496240834427136,0.03646544537081365,6.2813189544948616,2.4660555352744935,strict_delta_max,1,cross_layer_handoff_executed
grid-treasure_DLGPR-full_seed0,0,DLGPR-full,grid-treasure,4,0,GA,3.9339588094328723,1.5051000518724322,0.025000000000000022,0.025000000000000022,0.5,0.0,0.7496240834427136,0.04053947062511888,16.0,12.066041190567127,strict_delta_max,1,cross_layer_handoff_executed
grid-treasure_DLGPR-full_seed0,0,DLGPR-full,grid-treasure,4,1,PSO,2.7840185189206106,1.7203000606969,0.025000000000000022,0.025000000000000022,0.5,0.0,0.0,0.05720497449462245,12.066041190567127,9.282022671646516,strict_delta_max,1,cross_layer_handoff_executed
grid-treasure_DLGPR-full_seed0,0,DLGPR-full,grid-treasure,4,2,RL,1.3157305299358588,3.9302000077441335,0.025000000000000022,0.025000000000000022,0.5,0.0,0.0,1.4364643496507878,9.282022671646516,7.966292141710657,strict_delta_max,2,cross_layer_handoff_executed
grid-treasure_DLGPR-full_seed0,0,DLGPR-full,grid-treasure,4,3,RL,2.8651275340943143,2.4919999996200204,0.025000000000000022,0.025000000000000022,0.5,0.0,0.0,0.0,7.966292141710657,5.101164607616342,strict_delta_max,2,cross_layer_handoff_executed
grid-treasure_DLGPR-full_seed0,0,DLGPR-full,grid-treasure,4,4,RL,2.795431742858919,2.8711999766528606,0.025000000000000022,0.025000000000000022,0.5,0.0,0.0,7.943123830236822e-17,5.101164607616342,2.305732864757423,strict_delta_max,2,cross_layer_handoff_executed
grid-treasure_DLGPR-full_seed0,0,DLGPR-full,grid-treasure,5,0,GA,1.9457213708674885,1.5125999925658107,0.025000000000000022,0.025000000000000022,0.5,0.0,0.7496240834427136,0.06709029372096273,16.0,14.054278629132511,strict_delta_max,1,cross_layer_handoff_executed
grid-treasure_DLGPR-full_seed0,0,DLGPR-full,grid-treasure,5,1,PSO,3.528599181897107,1.4927000738680363,-0.010000000000000009,-0.010000000000000009,0.5,0.0,0.0,0.03597566614504206,14.054278629132511,10.525679447235404,strict_delta_max,1,cross_layer_handoff_executed
grid-treasure_DLGPR-full_seed0,0,DLGPR-full,grid-treasure,5,2,RL,1.7953829458565393,3.6282000364735723,0.025000000000000022,0.025000000000000022,0.5,0.0,0.0,0.0,10.525679447235404,8.730296501378865,strict_delta_max,2,cross_layer_handoff_executed
grid-treasure_DLGPR-full_seed0,0,DLGPR-full,grid-treasure,5,3,RL,4.0,2.7009000768885016,0.025000000000000022,0.025000000000000022,0.5,0.0,0.0,0.05499999999999999,8.730296501378865,4.730296501378865,strict_delta_max,2,cross_layer_handoff_executed
grid-treasure_DLGPR-full_seed0,0,DLGPR-full,grid-treasure,5,4,RL,3.6749428260737247,3.181500011123717,0.025000000000000022,0.025000000000000022,0.5,0.0,0.0,0.0,4.730296501378865,1.05535367530514,strict_delta_max,2,cross_layer_handoff_executed
grid-treasure_DLGPR-full_seed1,1,DLGPR-full,grid-treasure,0,0,GA,1.824988789829238,2.582999994046986,-1.05,-1.05,0.0,0.0,0.8643655984494946,0.08235453439285725,16.0,14.175011210170762,strict_delta_max,1,cross_layer_handoff_executed
grid-treasure_DLGPR-full_seed1,1,DLGPR-full,grid-treasure,0,1,PSO,2.1742379665759692,1.9463000353425741,0.010000000000000009,0.010000000000000009,0.5,0.0,0.0,0.07738612075064231,14.175011210170762,12.000773243594793,strict_delta_max,1,cross_layer_handoff_executed
grid-treasure_DLGPR-full_seed1,1,DLGPR-full,grid-treasure,0,2,RL,4.0,3.4685999853536487,-1.0550000000000002,-1.0550000000000002,0.0,0.0,0.0,0.0,12.000773243594793,8.000773243594793,strict_delta_max,2,cross_layer_handoff_executed
grid-treasure_DLGPR-full_seed1,1,DLGPR-full,grid-treasure,0,3,GA,3.460774059507657,1.5303000109270215,0.0,0.0,0.5,0.0,0.7931361172545822,0.03752583778844092,8.000773243594793,4.5399991840871365,strict_delta_max,1,cross_layer_handoff_executed
grid-treasure_DLGPR-full_seed1,1,DLGPR-full,grid-treasure,0,4,GA,2.855612249299627,2.2951000137254596,-1.03,-1.03,0.0,0.0,0.7957040923505982,0.06043677339554088,4.5399991840871365,1.6843869347875096,strict_delta_max,1,cross_layer_handoff_executed
grid-treasure_DLGPR-full_seed1,1,DLGPR-full,grid-treasure,1,0,GA,2.4986373851692676,2.565800095908344,-1.1,-1.1,0.0,0.0,0.7797323295051072,0.05145925194405685,16.0,13.501362614830732,strict_delta_max,1,cross_layer_handoff_executed
grid-treasure_DLGPR-full_seed1,1,DLGPR-full,grid-treasure,1,1,PSO,1.736408736161779,2.51259992364794,-1.07,-1.07,0.0,0.0,0.0,0.062044977726406596,13.501362614830732,11.764953878668953,strict_delta_max,1,cross_layer_handoff_executed
grid-treasure_DLGPR-full_seed1,1,DLGPR-full,grid-treasure,1,2,RL,2.442471268370655,2.491299994289875,-1.05,-1.05,0.0,0.0,0.0,0.08188427949591305,11.764953878668953,9.322482610298298,strict_delta_max,2,cross_layer_handoff_executed
grid-treasure_DLGPR-full_seed1,1,DLGPR-full,grid-treasure,1,3,GA,1.5598554746494706,1.297399983741343,0.0,0.0,0.5,0.0,0.6616011468301051,0.08396416056889153,9.322482610298298,7.7626271356488274,strict_delta_max,1,cross_layer_handoff_executed
grid-treasure_DLGPR-full_seed1,1,DLGPR-full,grid-treasure,1,4,GA,3.0306216793299043,1.7928999150171876,0.0,0.0,0.5,0.0,0.6521638053482276,0.04410841277065985,7.7626271356488274,4.732005456318923,strict_delta_max,1,cross_layer_handoff_executed
grid-treasure_DLGPR-full_seed1,1,DLGPR-full,grid-treasure,1,5,GA,2.9502201111890267,2.333100070245564,-1.08,-1.08,0.0,0.0,0.6521638053482276,0.04785768497383568,4.732005456318923,1.7817853451298964,strict_delta_max,1,cross_layer_handoff_executed
grid-treasure_DLGPR-full_seed1,1,DLGPR-full,grid-treasure,2,0,GA,3.6779565374781304,2.0661000162363052,0.010000000000000009,0.010000000000000009,0.5,0.0,0.6591173116982358,0.030174703195565065,16.0,12.322043462521869,strict_delta_max,1,cross_layer_handoff_executed
grid-treasure_DLGPR-full_seed1,1,DLGPR-full,grid-treasure,2,1,PSO,2.873814791481274,2.6645000325515866,-1.07,-1.07,0.0,0.0,0.0,0.04356432846703811,12.322043462521869,9.448228671040594,strict_delta_max,1,cross_layer_handoff_executed
grid-treasure_DLGPR-full_seed1,1,DLGPR-full,grid-treasure,2,2,RL,3.746458666847337,3.81499994546175,-1.0550000000000002,-1.0550000000000002,0.0,0.0,0.0,0.0,9.448228671040594,5.701770004193257,strict_delta_max,2,cross_layer_handoff_executed
grid-treasure_DLGPR-full_seed1,1,DLGPR-full,grid-treasure,2,3,GA,3.8711891562444243,1.8526000203564763,0.010000000000000009,0.010000000000000009,0.5,0.0,0.6412138184471672,0.033074713806639865,5.701770004193257,1.8305808479488328,strict_delta_max,1,cross_layer_handoff_executed
grid-treasure_DLGPR-full_seed1,1,DLGPR-full,grid-treasure,3,0,GA,2.7117968558518712,1.8319999799132347,0.010000000000000009,0.010000000000000009,0.5,0.0,0.6332065090888546,0.04242304394263181,16.0,13.28820314414813,strict_delta_max,1,cross_layer_handoff_executed
grid-treasure_DLGPR-full_seed1,1,DLGPR-full,grid-treasure,3,1,PSO,3.14577903840321,1.8635999877005816,0.010000000000000009,0.010000000000000009,0.5,0.0,0.0,0.03384939443255022,13.28820314414813,10.142424105744919,strict_delta_max,1,cross_layer_handoff_executed
grid-treasure_DLGPR-full_seed1,1,DLGPR-full,grid-treasure,3,2,RL,2.2484807173289734,3.083399962633848,0.0,0.0,0.5,0.0,0.0,0.008894895048848148,10.142424105744919,7.893943388415945,strict_delta_max,2,cross_layer_handoff_executed
grid-treasure_DLGPR-full_seed1,1,DLGPR-full,grid-treasure,3,3,GA,1.9030830619088985,1.6759000718593597,0.010000000000000009,0.010000000000000009,0.5,0.0,0.5966236249723275,0.06474849102306317,7.893943388415945,5.990860326507047,strict_delta_max,1,cross_layer_handoff_executed
grid-treasure_DLGPR-full_seed1,1,DLGPR-full,grid-treasure,3,4,GA,3.7712703579521842,6.55759999062866,-1.08,-1.08,0.0,0.0,0.5966236249723275,0.035837139150294774,5.990860326507047,2.2195899685548626,strict_delta_max,1,cross_layer_handoff_executed
grid-treasure_DLGPR-full_seed1,1,DLGPR-full,grid-treasure,4,0,GA,3.9255282602204824,3.0665999511256814,0.010000000000000009,0.010000000000000009,0.5,0.0,0.66201629342641,0.0455323028765797,16.0,12.074471739779518,strict_delta_max,1,cross_layer_handoff_executed
grid-treasure_DLGPR-full_seed1,1,DLGPR-full,grid-treasure,4,1,PSO,2.461432193530414,2.3090000031515956,0.010000000000000009,0.010000000000000009,0.5,0.0,0.0,0.04501716466171042,12.074471739779518,9.613039546249105,strict_delta_max,1,cross_layer_handoff_executed
grid-treasure_DLGPR-full_seed1,1,DLGPR-full,grid-treasure,4,2,RL,2.0071047856894895,2.180200070142746,0.0,0.0,0.5,0.0,0.0,0.08968141637815165,9.613039546249105,7.605934760559616,strict_delta_max,2,cross_layer_handoff_executed
grid-treasure_DLGPR-full_seed1,1,DLGPR-full,grid-treasure,4,3,GA,3.723166061096331,1.4216999989002943,0.0,0.0,0.5,0.0,0.66201629342641,0.028314269812895435,7.605934760559616,3.8827686994632846,strict_delta_max,1,cross_layer_handoff_executed
grid-treasure_DLGPR-full_seed1,1,DLGPR-full,grid-treasure,5,0,GA,1.1558135288120392,1.6781999729573727,0.0,0.0,0.5,0.0,0.66201629342641,0.1035036094190956,16.0,14.84418647118796,strict_delta_max,1,cross_layer_handoff_executed
grid-treasure_DLGPR-full_seed1,1,DLGPR-full,grid-treasure,5,1,PSO,3.5017436220236067,1.8196000019088387,0.010000000000000009,0.010000000000000009,0.5,0.0,0.0,0.03615203398576625,14.84418647118796,11.342442849164353,strict_delta_max,1,cross_layer_handoff_executed
grid-treasure_DLGPR-full_seed1,1,DLGPR-full,grid-treasure,5,2,RL,1.2227625684300152,2.224499941803515,0.0,0.0,0.5,0.0,0.0,1.6765315302643986,11.342442849164353,10.119680280734338,strict_delta_max,2,cross_layer_handoff_executed
grid-treasure_DLGPR-full_seed1,1,DLGPR-full,grid-treasure,5,3,RL,2.9818038503296083,3.4205999691039324,0.0,0.0,0.5,0.0,0.0,0.0,10.119680280734338,7.137876430404729,strict_delta_max,2,cross_layer_handoff_executed
grid-treasure_DLGPR-full_seed1,1,DLGPR-full,grid-treasure,5,4,RL,2.581475063717619,2.500199945643544,0.010000000000000009,0.010000000000000009,0.5,0.0,0.0,0.0,7.137876430404729,4.55640136668711,strict_delta_max,2,cross_layer_handoff_executed
grid-treasure_DLGPR-full_seed1,1,DLGPR-full,grid-treasure,5,5,RL,2.1574661663242183,3.643200034275651,0.010000000000000009,0.010000000000000009,0.5,0.0,0.0,0.037080535142898684,4.55640136668711,2.398935200362892,strict_delta_max,2,cross_layer_handoff_executed
grid-treasure_DLGPR-full_seed2,2,DLGPR-full,grid-treasure,0,0,GA,3.9053653955254966,3.5565999569371343,-0.6500000000000001,-0.6500000000000001,0.0,0.0,0.8718432739321208,0.04391968426834987,16.0,12.094634604474503,strict_delta_max,1,cross_layer_handoff_executed
grid-treasure_DLGPR-full_seed2,2,DLGPR-full,grid-treasure,0,1,PSO,1.6816474976395537,2.401400008238852,-1.12,-1.12,0.0,0.0,0.0,0.08873132629818674,12.094634604474503,10.412987106834949,strict_delta_max,1,cross_layer_handoff_executed
grid-treasure_DLGPR-full_seed2,2,DLGPR-full,grid-treasure,0,2,RL,1.3622580479494517,2.6629999047145247,-1.12,-1.12,0.0,0.0,0.0,0.0,10.412987106834949,9.050729058885498,strict_delta_max,2,cross_layer_handoff_executed
grid-treasure_DLGPR-full_seed2,2,DLGPR-full,grid-treasure,0,3,GA,3.3079688215383105,3.041899995878339,-1.2349999999999999,-1.2349999999999999,0.0,0.0,0.8441815109289925,0.04901357931999614,9.050729058885498,5.742760237347188,strict_delta_max,1,cross_layer_handoff_executed
grid-treasure_DLGPR-full_seed2,2,DLGPR-full,grid-treasure,0,4,GA,1.2647531072632963,2.5806999765336514,-0.12,-0.12,0.5,0.0,0.7893992672097868,0.10537769007532313,5.742760237347188,4.478007130083892,strict_delta_max,1,cross_layer_handoff_executed
grid-treasure_DLGPR-full_seed2,2,DLGPR-full,grid-treasure,0,5,GA,3.4762739439628696,2.6218999410048127,-0.10999999999999999,-0.10999999999999999,0.5,0.0,0.7857552850322262,0.03930323124540112,4.478007130083892,1.0017331861210224,strict_delta_max,1,cross_layer_handoff_executed
grid-treasure_DLGPR-full_seed2,2,DLGPR-full,grid-treasure,1,0,GA,1.1954839939561188,2.2701999405398965,-0.08999999999999997,-0.08999999999999997,0.5,0.004182406477441749,0.7419046016899835,0.10076546212493463,16.0,14.804516006043881,strict_delta_max,1,cross_layer_handoff_executed
grid-treasure_DLGPR-full_seed2,2,DLGPR-full,grid-treasure,1,1,PSO,2.984060029159317,2.1039999555796385,-1.095,-1.095,0.0,0.0,0.0,0.04395976887830286,14.804516006043881,11.820455976884563,strict_delta_max,1,cross_layer_handoff_executed
grid-treasure_DLGPR-full_seed2,2,DLGPR-full,grid-treasure,1,2,RL,4.0,3.456900012679398,-1.12,-1.12,0.0,0.0,0.0,0.0,11.820455976884563,7.820455976884563,strict_delta_max,2,cross_layer_handoff_executed
grid-treasure_DLGPR-full_seed2,2,DLGPR-full,grid-treasure,1,3,GA,2.9332935921936913,2.214199979789555,-0.10999999999999999,-0.10999999999999999,0.5,0.0,0.7410023746462719,0.045954098698873236,7.820455976884563,4.887162384690872,strict_delta_max,1,cross_layer_handoff_executed
grid-treasure_DLGPR-full_seed2,2,DLGPR-full,grid-treasure,1,4,GA,1.8421526725391235,2.1241999929770827,-0.07000000000000006,-0.07000000000000006,0.5,0.01085686343924632,0.6913675835844081,0.07280272837548722,4.887162384690872,3.0450097121517485,strict_delta_max,1,cross_layer_handoff_executed
grid-treasure_DLGPR-full_seed2,2,DLGPR-full,grid-treasure,2,0,GA,1.5796136838328758,2.6633000234141946,-0.13,-0.13,0.5,0.0,0.6357706498928092,0.07954857843556727,16.0,14.420386316167125,strict_delta_max,1,cross_layer_handoff_executed
grid-treasure_DLGPR-full_seed2,2,DLGPR-full,grid-treasure,2,1,PSO,1.4239732053298313,2.1271000150591135,-0.09499999999999997,-0.09499999999999997,0.5,0.0,0.0,0.08086012452943134,14.420386316167125,12.996413110837294,strict_delta_max,1,cross_layer_handoff_executed
grid-treasure_DLGPR-full_seed2,2,DLGPR-full,grid-treasure,2,2,RL,1.3355040625999792,3.643699921667576,-0.08500000000000008,-0.08500000000000008,0.5,0.0,0.0,0.007487809494590275,12.996413110837294,11.660909048237315,strict_delta_max,2,cross_layer_handoff_executed
grid-treasure_DLGPR-full_seed2,2,DLGPR-full,grid-treasure,2,3,GA,3.2944592506696977,3.0059999553486705,-0.14,-0.14,0.5,0.0,0.5643946256266885,0.023222142847680458,11.660909048237315,8.366449797567617,strict_delta_max,1,cross_layer_handoff_executed
grid-treasure_DLGPR-full_seed2,2,DLGPR-full,grid-treasure,2,4,GA,3.90583357918222,2.006599912419915,-1.1600000000000001,-1.1600000000000001,0.0,0.0,0.5643946256266885,0.031958332828699705,8.366449797567617,4.460616218385397,strict_delta_max,1,cross_layer_handoff_executed
grid-treasure_DLGPR-full_seed2,2,DLGPR-full,grid-treasure,2,5,GA,3.4999308173336123,1.3222999405115843,-0.09499999999999997,-0.09499999999999997,0.5,0.0,0.5679443577679044,0.040826208279416194,4.460616218385397,0.9606854010517845,strict_delta_max,1,cross_layer_handoff_executed
grid-treasure_DLGPR-full_seed2,2,DLGPR-full,grid-treasure,3,0,GA,1.7756373762098105,1.2763000559061766,-0.09499999999999997,-0.09499999999999997,0.5,0.0,0.5684145702996057,0.06839602536190452,16.0,14.224362623790189,strict_delta_max,1,cross_layer_handoff_executed
grid-treasure_DLGPR-full_seed2,2,DLGPR-full,grid-treasure,3,1,PSO,3.5757670861904773,1.8570999382063746,-0.06999999999999995,-0.06999999999999995,0.5,3.1048527431017806e-17,0.0,0.006158730223826525,14.224362623790189,10.64859553759971,strict_delta_max,1,cross_layer_handoff_executed
grid-treasure_DLGPR-full_seed2,2,DLGPR-full,grid-treasure,3,2,RL,3.2185007060063144,2.9340999899432063,-0.08499999999999996,-0.08499999999999996,0.5,0.0,0.0,0.018642220549471688,10.64859553759971,7.430094831593396,strict_delta_max,2,cross_layer_handoff_executed
grid-treasure_DLGPR-full_seed2,2,DLGPR-full,grid-treasure,3,3,GA,3.8356175777092916,2.0597000839188695,-0.09499999999999997,-0.09499999999999997,0.5,0.0,0.5488324698027741,0.03749997030755986,7.430094831593396,3.5944772538841048,strict_delta_max,1,cross_layer_handoff_executed
grid-treasure_DLGPR-full_seed2,2,DLGPR-full,grid-treasure,4,0,GA,1.5574725954905169,2.3079999955371022,-0.09499999999999997,-0.09499999999999997,0.5,0.0,0.5397603455148197,0.06262551346603872,16.0,14.442527404509484,strict_delta_max,1,cross_layer_handoff_executed
grid-treasure_DLGPR-full_seed2,2,DLGPR-full,grid-treasure,4,1,PSO,3.3864504276455447,2.159500028938055,-0.09499999999999997,-0.09499999999999997,0.5,0.0,0.0,0.021851045227779677,14.442527404509484,11.056076976863938,strict_delta_max,1,cross_layer_handoff_executed
grid-treasure_DLGPR-full_seed2,2,DLGPR-full,grid-treasure,4,2,RL,2.31824196944001,3.3289999701082706,-0.08499999999999996,-0.08499999999999996,0.5,0.0,0.0,0.0,11.056076976863938,8.737835007423929,strict_delta_max,2,cross_layer_handoff_executed
grid-treasure_DLGPR-full_seed2,2,DLGPR-full,grid-treasure,4,3,GA,1.9061548202400036,2.0746999653056264,-0.09499999999999997,-0.09499999999999997,0.5,0.0,0.5094832956778974,0.06257353012402626,8.737835007423929,6.831680187183925,strict_delta_max,1,cross_layer_handoff_executed
grid-treasure_DLGPR-full_seed2,2,DLGPR-full,grid-treasure,4,4,GA,2.0409935517974334,2.1187999518588185,-0.06999999999999995,-0.06999999999999995,0.5,0.0,0.486894440852474,0.04236446672173257,6.831680187183925,4.790686635386491,strict_delta_max,1,cross_layer_handoff_executed
grid-treasure_DLGPR-full_seed2,2,DLGPR-full,grid-treasure,4,5,GA,1.9315629449947949,1.993799931369722,-0.06999999999999995,-0.06999999999999995,0.5,0.0,0.4815418543807987,0.051670094402988545,4.790686635386491,2.859123690391696,strict_delta_max,1,cross_layer_handoff_executed
grid-treasure_DLGPR-full_seed2,2,DLGPR-full,grid-treasure,5,0,GA,3.8156255757248383,2.6412999723106623,-0.10999999999999999,-0.10999999999999999,0.5,0.0,0.4815418543807987,0.023884312505934504,16.0,12.184374424275163,strict_delta_max,1,cross_layer_handoff_executed
grid-treasure_DLGPR-full_seed2,2,DLGPR-full,grid-treasure,5,1,PSO,1.4273481353051027,2.1117000142112374,-0.06999999999999995,-0.06999999999999995,0.5,0.0,0.0,0.06940203225917423,12.184374424275163,10.75702628897006,strict_delta_max,1,cross_layer_handoff_executed
grid-treasure_DLGPR-full_seed2,2,DLGPR-full,grid-treasure,5,2,RL,4.0,3.451300086453557,-0.10999999999999999,-0.10999999999999999,0.5,0.0,0.0,0.0050000000000000044,10.75702628897006,6.75702628897006,strict_delta_max,2,cross_layer_handoff_executed
grid-treasure_DLGPR-full_seed2,2,DLGPR-full,grid-treasure,5,3,GA,3.328180970132345,2.3816999746486545,-0.10999999999999999,-0.10999999999999999,0.5,0.0,0.4815418543807987,0.02929726895106372,6.75702628897006,3.4288453188377153,strict_delta_max,1,cross_layer_handoff_executed
grid-treasure_fixed-split_seed0,0,fixed-split,grid-treasure,0,0,GA,3.2127778257737645,2.0474999910220504,0.025000000000000022,0.025000000000000022,0.5,0.0,0.8931030542994856,0.05487385891284679,16.0,12.787222174226235,strict_delta_max,1,cross_layer_handoff_executed
grid-treasure_fixed-split_seed0,0,fixed-split,grid-treasure,0,1,PSO,1.240539447270699,1.4258999144658446,0.010000000000000009,0.010000000000000009,0.5,0.0,0.0,0.1382138938747343,12.787222174226235,11.546682726955536,strict_delta_max,1,cross_layer_handoff_executed
grid-treasure_fixed-split_seed0,0,fixed-split,grid-treasure,0,2,RL,3.0155307486080147,3.2423000084236264,-1.135,-1.135,0.0,0.0,0.0,0.0,11.546682726955536,8.531151978347522,strict_delta_max,2,cross_layer_handoff_executed
grid-treasure_fixed-split_seed0,0,fixed-split,grid-treasure,0,3,GA,2.659460384195745,1.5146000077947974,0.025000000000000022,0.025000000000000022,0.5,0.0,0.8754084243546231,0.0546770053002769,8.531151978347522,5.871691594151777,strict_delta_max,1,cross_layer_handoff_executed
grid-treasure_fixed-split_seed0,0,fixed-split,grid-treasure,0,4,PSO,3.298536398613016,2.878399915061891,-1.225,-1.225,0.0,0.0,0.0,0.037742041008579905,5.871691594151777,2.573155195538761,strict_delta_max,1,cross_layer_handoff_executed
grid-treasure_fixed-split_seed0,0,fixed-split,grid-treasure,1,0,RL,3.619879158304743,2.6584999868646264,-0.07499999999999996,-0.07499999999999996,0.5,0.0,0.0,0.01105009262760384,16.0,12.380120841695257,strict_delta_max,2,cross_layer_handoff_executed
grid-treasure_fixed-split_seed0,0,fixed-split,grid-treasure,1,1,GA,2.986903711950858,1.613499945960939,0.025000000000000022,0.025000000000000022,0.5,0.0,0.8089314407145728,0.04448334011898654,12.380120841695257,9.3932171297444,strict_delta_max,1,cross_layer_handoff_executed
grid-treasure_fixed-split_seed0,0,fixed-split,grid-treasure,1,2,PSO,1.6663911333067114,2.0329999970272183,-1.0699999999999998,-1.0699999999999998,0.0,0.0,0.0,0.09014254428411451,9.3932171297444,7.726825996437689,strict_delta_max,1,cross_layer_handoff_executed
grid-treasure_fixed-split_seed0,0,fixed-split,grid-treasure,1,3,RL,1.911591196405813,2.3805999662727118,0.010000000000000009,0.010000000000000009,0.5,0.0,0.0,1.051480046455129,7.726825996437689,5.815234800031876,strict_delta_max,2,cross_layer_handoff_executed
grid-treasure_fixed-split_seed0,0,fixed-split,grid-treasure,1,4,GA,1.2021036244648466,1.3998999493196607,0.025000000000000022,0.025000000000000022,0.5,0.0,0.7337264185087455,0.11969196506391623,5.815234800031876,4.613131175567029,strict_delta_max,1,cross_layer_handoff_executed
grid-treasure_fixed-split_seed0,0,fixed-split,grid-treasure,1,5,PSO,1.588517437152293,1.5711000887677073,0.025000000000000022,0.025000000000000022,0.5,0.0,0.0,0.08334409797848809,4.613131175567029,3.0246137384147356,strict_delta_max,1,cross_layer_handoff_executed
grid-treasure_fixed-split_seed0,0,fixed-split,grid-treasure,2,0,RL,1.7652171229546167,1.7574999947100878,0.030000000000000027,0.030000000000000027,0.5,0.0028325127458717456,0.0,0.0,16.0,14.234782877045383,strict_delta_max,2,cross_layer_handoff_executed
grid-treasure_fixed-split_seed0,0,fixed-split,grid-treasure,2,1,GA,1.192276019740498,1.6088999109342694,0.025000000000000022,0.025000000000000022,0.5,0.0,0.7296562057328728,0.10560968736444179,14.234782877045383,13.042506857304884,strict_delta_max,1,cross_layer_handoff_executed
grid-treasure_fixed-split_seed0,0,fixed-split,grid-treasure,2,2,PSO,1.2078564187023542,1.9441000185906887,0.025000000000000022,0.025000000000000022,0.5,0.0,0.0,0.13205147628888905,13.042506857304884,11.83465043860253,strict_delta_max,1,cross_layer_handoff_executed
grid-treasure_fixed-split_seed0,0,fixed-split,grid-treasure,2,3,RL,2.4784460018601084,3.8436000468209386,0.030000000000000027,0.030000000000000027,0.5,0.0,0.0,0.7787137579561985,11.83465043860253,9.356204436742422,strict_delta_max,2,cross_layer_handoff_executed
grid-treasure_fixed-split_seed0,0,fixed-split,grid-treasure,2,4,GA,3.4409047630003293,1.397899934090674,0.025000000000000022,0.025000000000000022,0.5,0.0,0.7157842771858526,0.04292567567179621,9.356204436742422,5.915299673742092,strict_delta_max,1,cross_layer_handoff_executed
grid-treasure_fixed-split_seed0,0,fixed-split,grid-treasure,2,5,PSO,2.503447681985216,1.5867999754846096,0.020000000000000018,0.020000000000000018,0.5,0.0,0.0,0.05086813826889947,5.915299673742092,3.4118519917568766,strict_delta_max,1,cross_layer_handoff_executed
grid-treasure_fixed-split_seed0,0,fixed-split,grid-treasure,3,0,RL,1.1778177618203227,2.1978000877425075,0.025000000000000022,0.025000000000000022,0.5,0.0,0.0,0.0,16.0,14.822182238179677,strict_delta_max,2,cross_layer_handoff_executed
grid-treasure_fixed-split_seed0,0,fixed-split,grid-treasure,3,1,GA,3.338838565311309,1.587199978530407,0.025000000000000022,0.025000000000000022,0.5,0.0,0.7157842771858526,0.027484559993904353,14.822182238179677,11.483343672868369,strict_delta_max,1,cross_layer_handoff_executed
grid-treasure_fixed-split_seed0,0,fixed-split,grid-treasure,3,2,PSO,3.152416723963589,1.7645000480115414,-1.06,-1.06,0.0,0.0,0.0,0.038081492699909195,11.483343672868369,8.330926948904779,strict_delta_max,1,cross_layer_handoff_executed
grid-treasure_fixed-split_seed0,0,fixed-split,grid-treasure,3,3,RL,3.083842197612888,2.3201999720185995,0.025000000000000022,0.025000000000000022,0.5,0.0,0.0,0.6712405717783896,8.330926948904779,5.24708475129189,strict_delta_max,2,cross_layer_handoff_executed
grid-treasure_fixed-split_seed0,0,fixed-split,grid-treasure,3,4,GA,1.5959601187479744,1.6451000701636076,0.025000000000000022,0.025000000000000022,0.5,0.0,0.7157842771858526,0.0902195029468794,5.24708475129189,3.6511246325439157,strict_delta_max,1,cross_layer_handoff_executed
grid-treasure_fixed-split_seed0,0,fixed-split,grid-treasure,4,0,PSO,1.3583915449176174,1.4951999764889479,0.025000000000000022,0.025000000000000022,0.5,0.0,0.0,0.06801663008843986,16.0,14.641608455082382,strict_delta_max,1,cross_layer_handoff_executed
grid-treasure_fixed-split_seed0,0,fixed-split,grid-treasure,4,1,RL,1.9769083868079425,2.7686000103130937,0.025000000000000022,0.025000000000000022,0.5,0.0,0.0,0.0,14.641608455082382,12.66470006827444,strict_delta_max,2,cross_layer_handoff_executed
grid-treasure_fixed-split_seed0,0,fixed-split,grid-treasure,4,2,GA,2.3504844981250144,1.4192999806255102,0.025000000000000022,0.025000000000000022,0.5,0.0,0.7157842771858526,0.059377812992479274,12.66470006827444,10.314215570149425,strict_delta_max,1,cross_layer_handoff_executed
grid-treasure_fixed-split_seed0,0,fixed-split,grid-treasure,4,3,PSO,1.361028059531196,1.667899894528091,0.025000000000000022,0.025000000000000022,0.5,0.0,0.0,0.12369540121194694,10.314215570149425,8.953187510618228,strict_delta_max,1,cross_layer_handoff_executed
grid-treasure_fixed-split_seed0,0,fixed-split,grid-treasure,4,4,RL,4.0,2.4166000075638294,0.025000000000000022,0.025000000000000022,0.5,0.0,0.0,0.04000000000000001,8.953187510618228,4.953187510618228,strict_delta_max,2,cross_layer_handoff_executed
grid-treasure_fixed-split_seed0,0,fixed-split,grid-treasure,4,5,GA,1.3320942750459381,2.2075000451877713,-1.225,-1.225,0.0,0.0,0.7157842771858526,0.11157714590188063,4.953187510618228,3.6210932355722902,strict_delta_max,1,cross_layer_handoff_executed
grid-treasure_fixed-split_seed0,0,fixed-split,grid-treasure,5,0,PSO,1.6967719168408875,1.669699908234179,0.025000000000000022,0.025000000000000022,0.5,0.0,0.0,0.1008681866268687,16.0,14.303228083159112,strict_delta_max,1,cross_layer_handoff_executed
grid-treasure_fixed-split_seed0,0,fixed-split,grid-treasure,5,1,RL,2.7107205683670657,3.0767000280320644,0.025000000000000022,0.025000000000000022,0.5,0.0,0.0,0.0,14.303228083159112,11.592507514792047,strict_delta_max,2,cross_layer_handoff_executed
grid-treasure_fixed-split_seed0,0,fixed-split,grid-treasure,5,2,GA,3.3052494332797067,1.5909000067040324,0.019999999999999962,0.019999999999999962,0.5,0.0,0.7157842771858526,0.04920160548833136,11.592507514792047,8.28725808151234,strict_delta_max,1,cross_layer_handoff_executed
grid-treasure_fixed-split_seed0,0,fixed-split,grid-treasure,5,3,PSO,3.019263165813034,1.682699890807271,0.025000000000000022,0.025000000000000022,0.5,0.0,0.0,0.05341304204742464,8.28725808151234,5.267994915699306,strict_delta_max,1,cross_layer_handoff_executed
grid-treasure_fixed-split_seed0,0,fixed-split,grid-treasure,5,4,RL,3.897749239844337,2.6585001032799482,0.025000000000000022,0.025000000000000022,0.5,0.0,0.0,0.04104933133317468,5.267994915699306,1.3702456758549686,strict_delta_max,2,cross_layer_handoff_executed
grid-treasure_fixed-split_seed1,1,fixed-split,grid-treasure,0,0,GA,1.824988789829238,2.6819000486284494,-1.05,-1.05,0.0,0.0,0.8643655984494946,0.08235453439285725,16.0,14.175011210170762,strict_delta_max,1,cross_layer_handoff_executed
grid-treasure_fixed-split_seed1,1,fixed-split,grid-treasure,0,1,PSO,2.1742379665759692,2.266800031065941,0.010000000000000009,0.010000000000000009,0.5,0.0,0.0,0.07738612075064231,14.175011210170762,12.000773243594793,strict_delta_max,1,cross_layer_handoff_executed
grid-treasure_fixed-split_seed1,1,fixed-split,grid-treasure,0,2,RL,4.0,3.2392999855801463,-1.0550000000000002,-1.0550000000000002,0.0,0.0,0.0,0.0,12.000773243594793,8.000773243594793,strict_delta_max,2,cross_layer_handoff_executed
grid-treasure_fixed-split_seed1,1,fixed-split,grid-treasure,0,3,GA,3.460774059507657,1.650799997150898,0.0,0.0,0.5,0.0,0.7931361172545822,0.03752583778844092,8.000773243594793,4.5399991840871365,strict_delta_max,1,cross_layer_handoff_executed
grid-treasure_fixed-split_seed1,1,fixed-split,grid-treasure,0,4,PSO,2.0008536891128346,2.6497000362724066,-1.04,-1.04,0.0,0.0,0.0,0.051395187414308784,4.5399991840871365,2.539145494974302,strict_delta_max,1,cross_layer_handoff_executed
grid-treasure_fixed-split_seed1,1,fixed-split,grid-treasure,1,0,RL,2.7485011236861947,4.6094999415799975,-1.05,-1.05,0.0,0.0,0.0,0.014553386809736208,16.0,13.251498876313805,strict_delta_max,2,cross_layer_handoff_executed
grid-treasure_fixed-split_seed1,1,fixed-split,grid-treasure,1,1,GA,2.7020960693144445,1.822299906052649,-1.08,-1.08,0.0,0.0,0.7008340842935765,0.032199094834929366,13.251498876313805,10.54940280699936,strict_delta_max,1,cross_layer_handoff_executed
grid-treasure_fixed-split_seed1,1,fixed-split,grid-treasure,1,2,PSO,2.295104876251857,1.2039999710395932,0.010000000000000009,0.010000000000000009,0.5,0.0,0.0,0.05757072288614942,10.54940280699936,8.254297930747503,strict_delta_max,1,cross_layer_handoff_executed
grid-treasure_fixed-split_seed1,1,fixed-split,grid-treasure,1,3,RL,3.470270163333467,1.5423999866470695,-1.0550000000000002,-1.0550000000000002,0.0,0.0,0.0,0.03457944031790617,8.254297930747503,4.784027767414036,strict_delta_max,2,cross_layer_handoff_executed
grid-treasure_fixed-split_seed1,1,fixed-split,grid-treasure,1,4,GA,2.6446531908504545,0.9093000553548336,0.0,0.0,0.5,0.0,0.587050156845271,0.04917995822641878,4.784027767414036,2.139374576563582,strict_delta_max,1,cross_layer_handoff_executed
grid-treasure_fixed-split_seed1,1,fixed-split,grid-treasure,2,0,PSO,1.048953610537581,1.146599999628961,0.010000000000000009,0.010000000000000009,0.5,0.0,0.0,0.10838583167019007,16.0,14.95104638946242,strict_delta_max,1,cross_layer_handoff_executed
grid-treasure_fixed-split_seed1,1,fixed-split,grid-treasure,2,1,RL,3.3464353588503535,2.2724000737071037,-1.08,-1.08,0.0,0.0,0.0,0.008964763033793169,14.95104638946242,11.604611030612066,strict_delta_max,2,cross_layer_handoff_executed
grid-treasure_fixed-split_seed1,1,fixed-split,grid-treasure,2,2,GA,2.9299610110861365,1.7012999160215259,-1.025,-1.025,0.0,0.0,0.594233575450996,0.043615134640600975,11.604611030612066,8.674650019525929,strict_delta_max,1,cross_layer_handoff_executed
grid-treasure_fixed-split_seed1,1,fixed-split,grid-treasure,2,3,PSO,3.5836735635578916,2.316000056453049,0.010000000000000009,0.010000000000000009,0.5,0.0,0.0,0.030141211367583763,8.674650019525929,5.090976455968038,strict_delta_max,1,cross_layer_handoff_executed
grid-treasure_fixed-split_seed1,1,fixed-split,grid-treasure,2,4,RL,1.7600278885807048,2.3880000226199627,-1.08,-1.08,0.0,0.0,0.0,0.01704518445113513,5.090976455968038,3.330948567387333,strict_delta_max,2,cross_layer_handoff_executed
grid-treasure_fixed-split_seed1,1,fixed-split,grid-treasure,3,0,GA,1.0283804123806597,2.0460999803617597,0.0050000000000000044,0.0050000000000000044,0.5,0.0,0.615860430993454,0.12422071385560951,16.0,14.97161958761934,strict_delta_max,1,cross_layer_handoff_executed
grid-treasure_fixed-split_seed1,1,fixed-split,grid-treasure,3,1,PSO,3.5807414256660484,2.0795000018551946,0.010000000000000009,0.010000000000000009,0.5,0.0,0.0,0.02596033294839066,14.97161958761934,11.390878161953292,strict_delta_max,1,cross_layer_handoff_executed
grid-treasure_fixed-split_seed1,1,fixed-split,grid-treasure,3,2,RL,3.106232181567027,3.337599919177592,-1.08,-1.08,0.0,0.0,0.0,0.0,11.390878161953292,8.284645980386266,strict_delta_max,2,cross_layer_handoff_executed
grid-treasure_fixed-split_seed1,1,fixed-split,grid-treasure,3,3,GA,2.410179956330361,1.7204000614583492,0.010000000000000009,0.010000000000000009,0.5,0.0,0.6457060898751952,0.053003827421019445,8.284645980386266,5.874466024055905,strict_delta_max,1,cross_layer_handoff_executed
grid-treasure_fixed-split_seed1,1,fixed-split,grid-treasure,3,4,PSO,3.0831472135316935,1.8533999100327492,0.010000000000000009,0.010000000000000009,0.5,0.0,0.0,0.04939743163120048,5.874466024055905,2.7913188105242113,strict_delta_max,1,cross_layer_handoff_executed
grid-treasure_fixed-split_seed1,1,fixed-split,grid-treasure,4,0,RL,2.9658090762735356,3.2854999881237745,-1.0750000000000002,-1.0750000000000002,0.0,0.0,0.0,0.0269740896809575,16.0,13.034190923726465,strict_delta_max,2,cross_layer_handoff_executed
grid-treasure_fixed-split_seed1,1,fixed-split,grid-treasure,4,1,GA,2.7244855280936053,1.7851999728009105,0.010000000000000009,0.010000000000000009,0.5,0.0,0.6197168923766674,0.0392995867894561,13.034190923726465,10.309705395632859,strict_delta_max,1,cross_layer_handoff_executed
grid-treasure_fixed-split_seed1,1,fixed-split,grid-treasure,4,2,PSO,2.9371187622318797,1.9765999168157578,0.010000000000000009,0.010000000000000009,0.5,0.0,0.0,0.03785060873339655,10.309705395632859,7.37258663340098,strict_delta_max,1,cross_layer_handoff_executed
grid-treasure_fixed-split_seed1,1,fixed-split,grid-treasure,4,3,RL,3.6174844740033185,2.281100023537874,0.010000000000000009,0.010000000000000009,0.5,0.0,0.0,0.0,7.37258663340098,3.7551021593976612,strict_delta_max,2,cross_layer_handoff_executed
grid-treasure_fixed-split_seed1,1,fixed-split,grid-treasure,5,0,GA,1.2826114920861778,1.4444999396800995,0.0,0.0,0.5,0.0,0.5902023103478207,0.07301314931413753,16.0,14.717388507913823,strict_delta_max,1,cross_layer_handoff_executed
grid-treasure_fixed-split_seed1,1,fixed-split,grid-treasure,5,1,PSO,2.430656312131491,1.8290000734850764,0.010000000000000009,0.010000000000000009,0.5,0.0,0.0,0.05597978500857115,14.717388507913823,12.286732195782331,strict_delta_max,1,cross_layer_handoff_executed
grid-treasure_fixed-split_seed1,1,fixed-split,grid-treasure,5,2,RL,4.0,3.1418000580742955,0.010000000000000009,0.010000000000000009,0.5,0.0,0.0,0.017500000000000016,12.286732195782331,8.286732195782331,strict_delta_max,2,cross_layer_handoff_executed
grid-treasure_fixed-split_seed1,1,fixed-split,grid-treasure,5,3,GA,3.9025507300998754,1.833599992096424,0.010000000000000009,0.010000000000000009,0.5,0.0,0.5762153690086328,0.02125562615495949,8.286732195782331,4.384181465682456,strict_delta_max,1,cross_layer_handoff_executed
grid-treasure_fixed-split_seed1,1,fixed-split,grid-treasure,5,4,PSO,2.7306178130860688,2.0272000692784786,0.010000000000000009,0.010000000000000009,0.5,0.0,0.0,0.05362138034953934,4.384181465682456,1.6535636525963873,strict_delta_max,1,cross_layer_handoff_executed
grid-treasure_fixed-split_seed2,2,fixed-split,grid-treasure,0,0,GA,3.9053653955254966,4.0484999772161245,-0.6500000000000001,-0.6500000000000001,0.0,0.0,0.8718432739321208,0.04391968426834987,16.0,12.094634604474503,strict_delta_max,1,cross_layer_handoff_executed
grid-treasure_fixed-split_seed2,2,fixed-split,grid-treasure,0,1,PSO,1.6816474976395537,1.9651999464258552,-1.12,-1.12,0.0,0.0,0.0,0.08873132629818674,12.094634604474503,10.412987106834949,strict_delta_max,1,cross_layer_handoff_executed
grid-treasure_fixed-split_seed2,2,fixed-split,grid-treasure,0,2,RL,1.3622580479494517,1.7597000114619732,-1.12,-1.12,0.0,0.0,0.0,0.0,10.412987106834949,9.050729058885498,strict_delta_max,2,cross_layer_handoff_executed
grid-treasure_fixed-split_seed2,2,fixed-split,grid-treasure,0,3,GA,3.3079688215383105,2.992600086145103,-1.2349999999999999,-1.2349999999999999,0.0,0.0,0.8441815109289925,0.04901357931999614,9.050729058885498,5.742760237347188,strict_delta_max,1,cross_layer_handoff_executed
grid-treasure_fixed-split_seed2,2,fixed-split,grid-treasure,0,4,PSO,2.2659582207028057,1.4148000627756119,-0.975,-0.975,0.0,0.0,0.0,0.05362958242575609,5.742760237347188,3.476802016644382,strict_delta_max,1,cross_layer_handoff_executed
grid-treasure_fixed-split_seed2,2,fixed-split,grid-treasure,1,0,RL,3.281732557964693,2.8596000047400594,-1.12,-1.12,0.0,0.0,0.0,0.0,16.0,12.718267442035307,strict_delta_max,2,cross_layer_handoff_executed
grid-treasure_fixed-split_seed2,2,fixed-split,grid-treasure,1,1,GA,2.4363648014259303,1.621500006876886,-0.06999999999999995,-0.06999999999999995,0.5,0.010261189122978744,0.8064333509757664,0.06313669812067964,12.718267442035307,10.281902640609378,strict_delta_max,1,cross_layer_handoff_executed
grid-treasure_fixed-split_seed2,2,fixed-split,grid-treasure,1,2,PSO,3.035932338780581,1.3935999013483524,-1.12,-1.12,0.0,0.0,0.0,0.030053440383706644,10.281902640609378,7.245970301828796,strict_delta_max,1,cross_layer_handoff_executed
grid-treasure_fixed-split_seed2,2,fixed-split,grid-treasure,1,3,RL,4.0,2.0078999223187566,-1.12,-1.12,0.0,0.0,0.0,0.03250000000000003,7.245970301828796,3.2459703018287964,strict_delta_max,2,cross_layer_handoff_executed
grid-treasure_fixed-split_seed2,2,fixed-split,grid-treasure,2,0,GA,1.5061364349955495,1.2581999180838466,-0.06999999999999995,-0.06999999999999995,0.5,0.0,0.8189175342018038,0.10717178680063962,16.0,14.49386356500445,strict_delta_max,1,cross_layer_handoff_executed
grid-treasure_fixed-split_seed2,2,fixed-split,grid-treasure,2,1,PSO,1.138152930681977,1.5440999995917082,-1.12,-1.12,0.0,0.0,0.0,0.05648333593767272,14.49386356500445,13.355710634322472,strict_delta_max,1,cross_layer_handoff_executed
grid-treasure_fixed-split_seed2,2,fixed-split,grid-treasure,2,2,RL,1.6531780555544702,1.9793000537902117,-1.12,-1.12,0.0,0.0,0.0,0.0,13.355710634322472,11.702532578768002,strict_delta_max,2,cross_layer_handoff_executed
grid-treasure_fixed-split_seed2,2,fixed-split,grid-treasure,2,3,GA,3.89199335172641,2.3062999825924635,-0.09499999999999997,-0.09499999999999997,0.5,0.0,0.7668710046910088,0.03233953276617344,11.702532578768002,7.810539227041592,strict_delta_max,1,cross_layer_handoff_executed
grid-treasure_fixed-split_seed2,2,fixed-split,grid-treasure,2,4,PSO,1.2598358797375702,2.0747999660670757,-1.0,-1.0,0.0,0.0,0.0,0.0897660842136489,7.810539227041592,6.550703347304022,strict_delta_max,1,cross_layer_handoff_executed
grid-treasure_fixed-split_seed2,2,fixed-split,grid-treasure,2,5,RL,2.293223093140829,3.1639999942854047,-1.12,-1.12,0.0,0.0,0.0,0.0,6.550703347304022,4.257480254163193,strict_delta_max,2,cross_layer_handoff_executed
grid-treasure_fixed-split_seed2,2,fixed-split,grid-treasure,2,6,GA,3.0313871446115948,2.1289000287652016,-1.12,-1.12,0.0,0.0,0.7668710046910088,0.04993383289702889,4.257480254163193,1.2260931095515981,strict_delta_max,1,cross_layer_handoff_executed
grid-treasure_fixed-split_seed2,2,fixed-split,grid-treasure,3,0,PSO,1.7612349902445743,2.3976999800652266,-1.12,-1.12,0.0,0.0,0.0,0.06691824613037199,16.0,14.238765009755426,strict_delta_max,1,cross_layer_handoff_executed
grid-treasure_fixed-split_seed2,2,fixed-split,grid-treasure,3,1,RL,1.9013373260137705,4.5543999876827,-1.12,-1.12,0.0,0.0,0.0,0.0,14.238765009755426,12.337427683741655,strict_delta_max,2,cross_layer_handoff_executed
grid-treasure_fixed-split_seed2,2,fixed-split,grid-treasure,3,2,GA,1.3462409169364309,3.0447000171989202,-1.135,-1.135,0.0,0.0,0.7668710046910088,0.118975098789455,12.337427683741655,10.991186766805225,strict_delta_max,1,cross_layer_handoff_executed
grid-treasure_fixed-split_seed2,2,fixed-split,grid-treasure,3,3,PSO,1.1387559756188803,2.4409000761806965,-0.07999999999999996,-0.07999999999999996,0.5,0.0,0.0,0.10180961841300246,10.991186766805225,9.852430791186345,strict_delta_max,1,cross_layer_handoff_executed
grid-treasure_fixed-split_seed2,2,fixed-split,grid-treasure,3,4,RL,1.5539695480718154,4.201400093734264,-1.12,-1.12,0.0,0.0,0.0,0.0,9.852430791186345,8.298461243114529,strict_delta_max,2,cross_layer_handoff_executed
grid-treasure_fixed-split_seed2,2,fixed-split,grid-treasure,3,5,GA,1.1115101470866477,2.5421000318601727,-0.08499999999999996,-0.08499999999999996,0.5,0.0,0.7467841859013832,0.096397658259096,8.298461243114529,7.186951096027881,strict_delta_max,1,cross_layer_handoff_executed
grid-treasure_fixed-split_seed2,2,fixed-split,grid-treasure,3,6,PSO,3.1470739495555695,2.439799951389432,-0.09499999999999997,-0.09499999999999997,0.5,0.0,0.0,0.02453543364165067,7.186951096027881,4.039877146472312,strict_delta_max,1,cross_layer_handoff_executed
grid-treasure_fixed-split_seed2,2,fixed-split,grid-treasure,3,7,RL,2.97630746280092,2.710200031287968,-1.12,-1.12,0.0,0.0,0.0,0.036958547251862935,4.039877146472312,1.0635696836713922,strict_delta_max,2,cross_layer_handoff_executed
grid-treasure_fixed-split_seed2,2,fixed-split,grid-treasure,4,0,GA,3.4451888595990283,2.3723000194877386,-0.10999999999999999,-0.10999999999999999,0.5,0.0,0.6896184569682962,0.03391612680656198,16.0,12.554811140400972,strict_delta_max,1,cross_layer_handoff_executed
grid-treasure_fixed-split_seed2,2,fixed-split,grid-treasure,4,1,PSO,3.1874809694966126,2.4552999529987574,-1.145,-1.145,0.0,0.0,0.0,0.04944306089534031,12.554811140400972,9.36733017090436,strict_delta_max,1,cross_layer_handoff_executed
grid-treasure_fixed-split_seed2,2,fixed-split,grid-treasure,4,2,RL,2.9088523361849923,3.172100055962801,-0.06999999999999995,-0.06999999999999995,0.5,0.0,0.0,0.0,9.36733017090436,6.458477834719368,strict_delta_max,2,cross_layer_handoff_executed
grid-treasure_fixed-split_seed2,2,fixed-split,grid-treasure,4,3,GA,1.3987878776491236,1.7163000302389264,-0.06999999999999995,-0.06999999999999995,0.5,0.0,0.6038719510383954,0.10214333214408196,6.458477834719368,5.059689957070244,strict_delta_max,1,cross_layer_handoff_executed
grid-treasure_fixed-split_seed2,2,fixed-split,grid-treasure,4,4,PSO,1.3934486104922021,4.268000018782914,-0.09499999999999997,-0.09499999999999997,0.5,0.0,0.0,0.06709094899247027,5.059689957070244,3.666241346578042,strict_delta_max,1,cross_layer_handoff_executed
grid-treasure_fixed-split_seed2,2,fixed-split,grid-treasure,5,0,RL,1.6035975270961769,3.7474000127986073,-0.06999999999999995,-0.06999999999999995,0.5,0.0,0.0,0.0,16.0,14.396402472903823,strict_delta_max,2,cross_layer_handoff_executed
grid-treasure_fixed-split_seed2,2,fixed-split,grid-treasure,5,1,GA,3.113041615168579,2.184599987231195,-0.09499999999999997,-0.09499999999999997,0.5,0.0,0.5516764159936336,0.03654375351356408,14.396402472903823,11.283360857735243,strict_delta_max,1,cross_layer_handoff_executed
grid-treasure_fixed-split_seed2,2,fixed-split,grid-treasure,5,2,PSO,1.3584570956379494,2.237000036984682,-0.06999999999999995,-0.06999999999999995,0.5,0.0,0.0,0.03683893078088622,11.283360857735243,9.924903762097294,strict_delta_max,1,cross_layer_handoff_executed
grid-treasure_fixed-split_seed2,2,fixed-split,grid-treasure,5,3,RL,1.9969066180345878,2.3171999491751194,-0.06999999999999995,-0.06999999999999995,0.5,0.0,0.0,0.020030981738830216,9.924903762097294,7.927997144062706,strict_delta_max,2,cross_layer_handoff_executed
grid-treasure_fixed-split_seed2,2,fixed-split,grid-treasure,5,4,GA,2.5408954315293975,9.31950006633997,-0.09499999999999997,-0.09499999999999997,0.5,0.0,0.507070306340089,0.06001179650150377,7.927997144062706,5.387101712533308,strict_delta_max,1,cross_layer_handoff_executed
grid-treasure_fixed-split_seed2,2,fixed-split,grid-treasure,5,5,PSO,1.0846313290735214,1.6131000593304634,-0.06999999999999995,-0.06999999999999995,0.5,0.0,0.0,0.033402943370583194,5.387101712533308,4.302470383459787,strict_delta_max,1,cross_layer_handoff_executed
grid-treasure_fixed-split_seed2,2,fixed-split,grid-treasure,5,6,RL,3.037994776016133,4.135000053793192,-0.13,-0.13,0.5,0.0,0.0,0.0,4.302470383459787,1.264475607443654,strict_delta_max,2,cross_layer_handoff_executed
grid-treasure_round-robin_seed0,0,round-robin,grid-treasure,0,0,GA,3.2127778257737645,1.8819000106304884,0.025000000000000022,0.025000000000000022,0.5,0.0,0.8931030542994856,0.05487385891284679,16.0,12.787222174226235,strict_delta_max,1,cross_layer_handoff_executed
grid-treasure_round-robin_seed0,0,round-robin,grid-treasure,0,1,PSO,1.240539447270699,1.2975001009181142,0.010000000000000009,0.010000000000000009,0.5,0.0,0.0,0.1382138938747343,12.787222174226235,11.546682726955536,strict_delta_max,1,cross_layer_handoff_executed
grid-treasure_round-robin_seed0,0,round-robin,grid-treasure,0,2,RL,3.0155307486080147,3.0285000102594495,-1.135,-1.135,0.0,0.0,0.0,0.0,11.546682726955536,8.531151978347522,strict_delta_max,2,cross_layer_handoff_executed
grid-treasure_round-robin_seed0,0,round-robin,grid-treasure,0,3,GA,2.659460384195745,1.6463000793009996,0.025000000000000022,0.025000000000000022,0.5,0.0,0.8754084243546231,0.0546770053002769,8.531151978347522,5.871691594151777,strict_delta_max,1,cross_layer_handoff_executed
grid-treasure_round-robin_seed0,0,round-robin,grid-treasure,0,4,PSO,3.298536398613016,2.941699931398034,-1.225,-1.225,0.0,0.0,0.0,0.037742041008579905,5.871691594151777,2.573155195538761,strict_delta_max,1,cross_layer_handoff_executed
grid-treasure_round-robin_seed0,0,round-robin,grid-treasure,1,0,RL,3.619879158304743,2.381599973887205,-0.07499999999999996,-0.07499999999999996,0.5,0.0,0.0,0.01105009262760384,16.0,12.380120841695257,strict_delta_max,2,cross_layer_handoff_executed
grid-treasure_round-robin_seed0,0,round-robin,grid-treasure,1,1,GA,2.986903711950858,1.4236000133678317,0.025000000000000022,0.025000000000000022,0.5,0.0,0.8089314407145728,0.04448334011898654,12.380120841695257,9.3932171297444,strict_delta_max,1,cross_layer_handoff_executed
grid-treasure_round-robin_seed0,0,round-robin,grid-treasure,1,2,PSO,1.6663911333067114,1.9807000644505024,-1.0699999999999998,-1.0699999999999998,0.0,0.0,0.0,0.09014254428411451,9.3932171297444,7.726825996437689,strict_delta_max,1,cross_layer_handoff_executed
grid-treasure_round-robin_seed0,0,round-robin,grid-treasure,1,3,RL,1.911591196405813,2.1029000636190176,0.010000000000000009,0.010000000000000009,0.5,0.0,0.0,1.051480046455129,7.726825996437689,5.815234800031876,strict_delta_max,2,cross_layer_handoff_executed
grid-treasure_round-robin_seed0,0,round-robin,grid-treasure,1,4,GA,1.2021036244648466,1.3499000342562795,0.025000000000000022,0.025000000000000022,0.5,0.0,0.7337264185087455,0.11969196506391623,5.815234800031876,4.613131175567029,strict_delta_max,1,cross_layer_handoff_executed
grid-treasure_round-robin_seed0,0,round-robin,grid-treasure,1,5,PSO,1.588517437152293,1.6426000511273742,0.025000000000000022,0.025000000000000022,0.5,0.0,0.0,0.08334409797848809,4.613131175567029,3.0246137384147356,strict_delta_max,1,cross_layer_handoff_executed
grid-treasure_round-robin_seed0,0,round-robin,grid-treasure,2,0,RL,1.7652171229546167,1.6116000479087234,0.030000000000000027,0.030000000000000027,0.5,0.0028325127458717456,0.0,0.0,16.0,14.234782877045383,strict_delta_max,2,cross_layer_handoff_executed
grid-treasure_round-robin_seed0,0,round-robin,grid-treasure,2,1,GA,1.192276019740498,1.4920999528840184,0.025000000000000022,0.025000000000000022,0.5,0.0,0.7296562057328728,0.10560968736444179,14.234782877045383,13.042506857304884,strict_delta_max,1,cross_layer_handoff_executed
grid-treasure_round-robin_seed0,0,round-robin,grid-treasure,2,2,PSO,1.2078564187023542,1.8213000148534775,0.025000000000000022,0.025000000000000022,0.5,0.0,0.0,0.13205147628888905,13.042506857304884,11.83465043860253,strict_delta_max,1,cross_layer_handoff_executed
grid-treasure_round-robin_seed0,0,round-robin,grid-treasure,2,3,RL,2.4784460018601084,3.671600017696619,0.030000000000000027,0.030000000000000027,0.5,0.0,0.0,0.7787137579561985,11.83465043860253,9.356204436742422,strict_delta_max,2,cross_layer_handoff_executed
grid-treasure_round-robin_seed0,0,round-robin,grid-treasure,2,4,GA,3.4409047630003293,1.2990999966859818,0.025000000000000022,0.025000000000000022,0.5,0.0,0.7157842771858526,0.04292567567179621,9.356204436742422,5.915299673742092,strict_delta_max,1,cross_layer_handoff_executed
grid-treasure_round-robin_seed0,0,round-robin,grid-treasure,2,5,PSO,2.503447681985216,1.4413000317290425,0.020000000000000018,0.020000000000000018,0.5,0.0,0.0,0.05086813826889947,5.915299673742092,3.4118519917568766,strict_delta_max,1,cross_layer_handoff_executed
grid-treasure_round-robin_seed0,0,round-robin,grid-treasure,3,0,RL,1.1778177618203227,1.8616999732330441,0.025000000000000022,0.025000000000000022,0.5,0.0,0.0,0.0,16.0,14.822182238179677,strict_delta_max,2,cross_layer_handoff_executed
grid-treasure_round-robin_seed0,0,round-robin,grid-treasure,3,1,GA,3.338838565311309,1.3034000294283032,0.025000000000000022,0.025000000000000022,0.5,0.0,0.7157842771858526,0.027484559993904353,14.822182238179677,11.483343672868369,strict_delta_max,1,cross_layer_handoff_executed
grid-treasure_round-robin_seed0,0,round-robin,grid-treasure,3,2,PSO,3.152416723963589,1.9311000360175967,-1.06,-1.06,0.0,0.0,0.0,0.038081492699909195,11.483343672868369,8.330926948904779,strict_delta_max,1,cross_layer_handoff_executed
grid-treasure_round-robin_seed0,0,round-robin,grid-treasure,3,3,RL,3.083842197612888,2.1084999898448586,0.025000000000000022,0.025000000000000022,0.5,0.0,0.0,0.6712405717783896,8.330926948904779,5.24708475129189,strict_delta_max,2,cross_layer_handoff_executed
grid-treasure_round-robin_seed0,0,round-robin,grid-treasure,3,4,GA,1.5959601187479744,1.3373999390751123,0.025000000000000022,0.025000000000000022,0.5,0.0,0.7157842771858526,0.0902195029468794,5.24708475129189,3.6511246325439157,strict_delta_max,1,cross_layer_handoff_executed
grid-treasure_round-robin_seed0,0,round-robin,grid-treasure,4,0,PSO,1.3583915449176174,1.3955999165773392,0.025000000000000022,0.025000000000000022,0.5,0.0,0.0,0.06801663008843986,16.0,14.641608455082382,strict_delta_max,1,cross_layer_handoff_executed
grid-treasure_round-robin_seed0,0,round-robin,grid-treasure,4,1,RL,1.9769083868079425,2.8176000341773033,0.025000000000000022,0.025000000000000022,0.5,0.0,0.0,0.0,14.641608455082382,12.66470006827444,strict_delta_max,2,cross_layer_handoff_executed
grid-treasure_round-robin_seed0,0,round-robin,grid-treasure,4,2,GA,2.3504844981250144,1.408600015565753,0.025000000000000022,0.025000000000000022,0.5,0.0,0.7157842771858526,0.059377812992479274,12.66470006827444,10.314215570149425,strict_delta_max,1,cross_layer_handoff_executed
grid-treasure_round-robin_seed0,0,round-robin,grid-treasure,4,3,PSO,1.361028059531196,1.7136998940259218,0.025000000000000022,0.025000000000000022,0.5,0.0,0.0,0.12369540121194694,10.314215570149425,8.953187510618228,strict_delta_max,1,cross_layer_handoff_executed
grid-treasure_round-robin_seed0,0,round-robin,grid-treasure,4,4,RL,4.0,2.31559993699193,0.025000000000000022,0.025000000000000022,0.5,0.0,0.0,0.04000000000000001,8.953187510618228,4.953187510618228,strict_delta_max,2,cross_layer_handoff_executed
grid-treasure_round-robin_seed0,0,round-robin,grid-treasure,4,5,GA,1.3320942750459381,2.3462000535801053,-1.225,-1.225,0.0,0.0,0.7157842771858526,0.11157714590188063,4.953187510618228,3.6210932355722902,strict_delta_max,1,cross_layer_handoff_executed
grid-treasure_round-robin_seed0,0,round-robin,grid-treasure,5,0,PSO,1.6967719168408875,1.6509999986737967,0.025000000000000022,0.025000000000000022,0.5,0.0,0.0,0.1008681866268687,16.0,14.303228083159112,strict_delta_max,1,cross_layer_handoff_executed
grid-treasure_round-robin_seed0,0,round-robin,grid-treasure,5,1,RL,2.7107205683670657,2.6505000423640013,0.025000000000000022,0.025000000000000022,0.5,0.0,0.0,0.0,14.303228083159112,11.592507514792047,strict_delta_max,2,cross_layer_handoff_executed
grid-treasure_round-robin_seed0,0,round-robin,grid-treasure,5,2,GA,3.3052494332797067,1.2645000824704766,0.019999999999999962,0.019999999999999962,0.5,0.0,0.7157842771858526,0.04920160548833136,11.592507514792047,8.28725808151234,strict_delta_max,1,cross_layer_handoff_executed
grid-treasure_round-robin_seed0,0,round-robin,grid-treasure,5,3,PSO,3.019263165813034,1.6985000111162663,0.025000000000000022,0.025000000000000022,0.5,0.0,0.0,0.05341304204742464,8.28725808151234,5.267994915699306,strict_delta_max,1,cross_layer_handoff_executed
grid-treasure_round-robin_seed0,0,round-robin,grid-treasure,5,4,RL,3.897749239844337,2.2678999230265617,0.025000000000000022,0.025000000000000022,0.5,0.0,0.0,0.04104933133317468,5.267994915699306,1.3702456758549686,strict_delta_max,2,cross_layer_handoff_executed
grid-treasure_round-robin_seed1,1,round-robin,grid-treasure,0,0,GA,1.824988789829238,2.442199969664216,-1.05,-1.05,0.0,0.0,0.8643655984494946,0.08235453439285725,16.0,14.175011210170762,strict_delta_max,1,cross_layer_handoff_executed
grid-treasure_round-robin_seed1,1,round-robin,grid-treasure,0,1,PSO,2.1742379665759692,1.8541999161243439,0.010000000000000009,0.010000000000000009,0.5,0.0,0.0,0.07738612075064231,14.175011210170762,12.000773243594793,strict_delta_max,1,cross_layer_handoff_executed
grid-treasure_round-robin_seed1,1,round-robin,grid-treasure,0,2,RL,4.0,3.292099921964109,-1.0550000000000002,-1.0550000000000002,0.0,0.0,0.0,0.0,12.000773243594793,8.000773243594793,strict_delta_max,2,cross_layer_handoff_executed
grid-treasure_round-robin_seed1,1,round-robin,grid-treasure,0,3,GA,3.460774059507657,1.501200022175908,0.0,0.0,0.5,0.0,0.7931361172545822,0.03752583778844092,8.000773243594793,4.5399991840871365,strict_delta_max,1,cross_layer_handoff_executed
grid-treasure_round-robin_seed1,1,round-robin,grid-treasure,0,4,PSO,2.0008536891128346,2.370000001974404,-1.04,-1.04,0.0,0.0,0.0,0.051395187414308784,4.5399991840871365,2.539145494974302,strict_delta_max,1,cross_layer_handoff_executed
grid-treasure_round-robin_seed1,1,round-robin,grid-treasure,1,0,RL,2.7485011236861947,4.4368000235408545,-1.05,-1.05,0.0,0.0,0.0,0.014553386809736208,16.0,13.251498876313805,strict_delta_max,2,cross_layer_handoff_executed
grid-treasure_round-robin_seed1,1,round-robin,grid-treasure,1,1,GA,2.7020960693144445,1.8337999936193228,-1.08,-1.08,0.0,0.0,0.7008340842935765,0.032199094834929366,13.251498876313805,10.54940280699936,strict_delta_max,1,cross_layer_handoff_executed
grid-treasure_round-robin_seed1,1,round-robin,grid-treasure,1,2,PSO,2.295104876251857,1.8327999860048294,0.010000000000000009,0.010000000000000009,0.5,0.0,0.0,0.05757072288614942,10.54940280699936,8.254297930747503,strict_delta_max,1,cross_layer_handoff_executed
grid-treasure_round-robin_seed1,1,round-robin,grid-treasure,1,3,RL,3.470270163333467,2.4970000376924872,-1.0550000000000002,-1.0550000000000002,0.0,0.0,0.0,0.03457944031790617,8.254297930747503,4.784027767414036,strict_delta_max,2,cross_layer_handoff_executed
grid-treasure_round-robin_seed1,1,round-robin,grid-treasure,1,4,GA,2.6446531908504545,1.502599916420877,0.0,0.0,0.5,0.0,0.587050156845271,0.04917995822641878,4.784027767414036,2.139374576563582,strict_delta_max,1,cross_layer_handoff_executed
grid-treasure_round-robin_seed1,1,round-robin,grid-treasure,2,0,PSO,1.048953610537581,1.8338999943807721,0.010000000000000009,0.010000000000000009,0.5,0.0,0.0,0.10838583167019007,16.0,14.95104638946242,strict_delta_max,1,cross_layer_handoff_executed
grid-treasure_round-robin_seed1,1,round-robin,grid-treasure,2,1,RL,3.3464353588503535,2.775199944153428,-1.08,-1.08,0.0,0.0,0.0,0.008964763033793169,14.95104638946242,11.604611030612066,strict_delta_max,2,cross_layer_handoff_executed
grid-treasure_round-robin_seed1,1,round-robin,grid-treasure,2,2,GA,2.9299610110861365,1.6838000155985355,-1.025,-1.025,0.0,0.0,0.594233575450996,0.043615134640600975,11.604611030612066,8.674650019525929,strict_delta_max,1,cross_layer_handoff_executed
grid-treasure_round-robin_seed1,1,round-robin,grid-treasure,2,3,PSO,3.5836735635578916,2.2618999937549233,0.010000000000000009,0.010000000000000009,0.5,0.0,0.0,0.030141211367583763,8.674650019525929,5.090976455968038,strict_delta_max,1,cross_layer_handoff_executed
grid-treasure_round-robin_seed1,1,round-robin,grid-treasure,2,4,RL,1.7600278885807048,2.0975000225007534,-1.08,-1.08,0.0,0.0,0.0,0.01704518445113513,5.090976455968038,3.330948567387333,strict_delta_max,2,cross_layer_handoff_executed
grid-treasure_round-robin_seed1,1,round-robin,grid-treasure,3,0,GA,1.0283804123806597,1.6463999636471272,0.0050000000000000044,0.0050000000000000044,0.5,0.0,0.615860430993454,0.12422071385560951,16.0,14.97161958761934,strict_delta_max,1,cross_layer_handoff_executed
grid-treasure_round-robin_seed1,1,round-robin,grid-treasure,3,1,PSO,3.5807414256660484,1.8103999318554997,0.010000000000000009,0.010000000000000009,0.5,0.0,0.0,0.02596033294839066,14.97161958761934,11.390878161953292,strict_delta_max,1,cross_layer_handoff_executed
grid-treasure_round-robin_seed1,1,round-robin,grid-treasure,3,2,RL,3.106232181567027,3.577800001949072,-1.08,-1.08,0.0,0.0,0.0,0.0,11.390878161953292,8.284645980386266,strict_delta_max,2,cross_layer_handoff_executed
grid-treasure_round-robin_seed1,1,round-robin,grid-treasure,3,3,GA,2.410179956330361,1.7402000958099961,0.010000000000000009,0.010000000000000009,0.5,0.0,0.6457060898751952,0.053003827421019445,8.284645980386266,5.874466024055905,strict_delta_max,1,cross_layer_handoff_executed
grid-treasure_round-robin_seed1,1,round-robin,grid-treasure,3,4,PSO,3.0831472135316935,1.7631000373512506,0.010000000000000009,0.010000000000000009,0.5,0.0,0.0,0.04939743163120048,5.874466024055905,2.7913188105242113,strict_delta_max,1,cross_layer_handoff_executed
grid-treasure_round-robin_seed1,1,round-robin,grid-treasure,4,0,RL,2.9658090762735356,3.3079999266192317,-1.0750000000000002,-1.0750000000000002,0.0,0.0,0.0,0.0269740896809575,16.0,13.034190923726465,strict_delta_max,2,cross_layer_handoff_executed
grid-treasure_round-robin_seed1,1,round-robin,grid-treasure,4,1,GA,2.7244855280936053,1.7648000502958894,0.010000000000000009,0.010000000000000009,0.5,0.0,0.6197168923766674,0.0392995867894561,13.034190923726465,10.309705395632859,strict_delta_max,1,cross_layer_handoff_executed
grid-treasure_round-robin_seed1,1,round-robin,grid-treasure,4,2,PSO,2.9371187622318797,1.7955000512301922,0.010000000000000009,0.010000000000000009,0.5,0.0,0.0,0.03785060873339655,10.309705395632859,7.37258663340098,strict_delta_max,1,cross_layer_handoff_executed
grid-treasure_round-robin_seed1,1,round-robin,grid-treasure,4,3,RL,3.6174844740033185,2.3122000275179744,0.010000000000000009,0.010000000000000009,0.5,0.0,0.0,0.0,7.37258663340098,3.7551021593976612,strict_delta_max,2,cross_layer_handoff_executed
grid-treasure_round-robin_seed1,1,round-robin,grid-treasure,5,0,GA,1.2826114920861778,1.6014999710023403,0.0,0.0,0.5,0.0,0.5902023103478207,0.07301314931413753,16.0,14.717388507913823,strict_delta_max,1,cross_layer_handoff_executed
grid-treasure_round-robin_seed1,1,round-robin,grid-treasure,5,1,PSO,2.430656312131491,1.9107999978587031,0.010000000000000009,0.010000000000000009,0.5,0.0,0.0,0.05597978500857115,14.717388507913823,12.286732195782331,strict_delta_max,1,cross_layer_handoff_executed
grid-treasure_round-robin_seed1,1,round-robin,grid-treasure,5,2,RL,4.0,3.05230007506907,0.010000000000000009,0.010000000000000009,0.5,0.0,0.0,0.017500000000000016,12.286732195782331,8.286732195782331,strict_delta_max,2,cross_layer_handoff_executed
grid-treasure_round-robin_seed1,1,round-robin,grid-treasure,5,3,GA,3.9025507300998754,1.6727999318391085,0.010000000000000009,0.010000000000000009,0.5,0.0,0.5762153690086328,0.02125562615495949,8.286732195782331,4.384181465682456,strict_delta_max,1,cross_layer_handoff_executed
grid-treasure_round-robin_seed1,1,round-robin,grid-treasure,5,4,PSO,2.7306178130860688,1.7880999948829412,0.010000000000000009,0.010000000000000009,0.5,0.0,0.0,0.05362138034953934,4.384181465682456,1.6535636525963873,strict_delta_max,1,cross_layer_handoff_executed
grid-treasure_round-robin_seed2,2,round-robin,grid-treasure,0,0,GA,3.9053653955254966,3.53970006108284,-0.6500000000000001,-0.6500000000000001,0.0,0.0,0.8718432739321208,0.04391968426834987,16.0,12.094634604474503,strict_delta_max,1,cross_layer_handoff_executed
grid-treasure_round-robin_seed2,2,round-robin,grid-treasure,0,1,PSO,1.6816474976395537,2.239100052975118,-1.12,-1.12,0.0,0.0,0.0,0.08873132629818674,12.094634604474503,10.412987106834949,strict_delta_max,1,cross_layer_handoff_executed
grid-treasure_round-robin_seed2,2,round-robin,grid-treasure,0,2,RL,1.3622580479494517,2.8726999880746007,-1.12,-1.12,0.0,0.0,0.0,0.0,10.412987106834949,9.050729058885498,strict_delta_max,2,cross_layer_handoff_executed
grid-treasure_round-robin_seed2,2,round-robin,grid-treasure,0,3,GA,3.3079688215383105,3.003000048920512,-1.2349999999999999,-1.2349999999999999,0.0,0.0,0.8441815109289925,0.04901357931999614,9.050729058885498,5.742760237347188,strict_delta_max,1,cross_layer_handoff_executed
grid-treasure_round-robin_seed2,2,round-robin,grid-treasure,0,4,PSO,2.2659582207028057,1.8261000514030457,-0.975,-0.975,0.0,0.0,0.0,0.05362958242575609,5.742760237347188,3.476802016644382,strict_delta_max,1,cross_layer_handoff_executed
grid-treasure_round-robin_seed2,2,round-robin,grid-treasure,1,0,RL,3.281732557964693,4.6941000036895275,-1.12,-1.12,0.0,0.0,0.0,0.0,16.0,12.718267442035307,strict_delta_max,2,cross_layer_handoff_executed
grid-treasure_round-robin_seed2,2,round-robin,grid-treasure,1,1,GA,2.4363648014259303,2.0711999386548996,-0.06999999999999995,-0.06999999999999995,0.5,0.010261189122978744,0.8064333509757664,0.06313669812067964,12.718267442035307,10.281902640609378,strict_delta_max,1,cross_layer_handoff_executed
grid-treasure_round-robin_seed2,2,round-robin,grid-treasure,1,2,PSO,3.035932338780581,2.7531000087037683,-1.12,-1.12,0.0,0.0,0.0,0.030053440383706644,10.281902640609378,7.245970301828796,strict_delta_max,1,cross_layer_handoff_executed
grid-treasure_round-robin_seed2,2,round-robin,grid-treasure,1,3,RL,4.0,3.979400033131242,-1.12,-1.12,0.0,0.0,0.0,0.03250000000000003,7.245970301828796,3.2459703018287964,strict_delta_max,2,cross_layer_handoff_executed
grid-treasure_round-robin_seed2,2,round-robin,grid-treasure,2,0,GA,1.5061364349955495,1.845699967816472,-0.06999999999999995,-0.06999999999999995,0.5,0.0,0.8189175342018038,0.10717178680063962,16.0,14.49386356500445,strict_delta_max,1,cross_layer_handoff_executed
grid-treasure_round-robin_seed2,2,round-robin,grid-treasure,2,1,PSO,1.138152930681977,2.1244999952614307,-1.12,-1.12,0.0,0.0,0.0,0.05648333593767272,14.49386356500445,13.355710634322472,strict_delta_max,1,cross_layer_handoff_executed
grid-treasure_round-robin_seed2,2,round-robin,grid-treasure,2,2,RL,1.6531780555544702,2.367100096307695,-1.12,-1.12,0.0,0.0,0.0,0.0,13.355710634322472,11.702532578768002,strict_delta_max,2,cross_layer_handoff_executed
grid-treasure_round-robin_seed2,2,round-robin,grid-treasure,2,3,GA,3.89199335172641,1.8924000905826688,-0.09499999999999997,-0.09499999999999997,0.5,0.0,0.7668710046910088,0.03233953276617344,11.702532578768002,7.810539227041592,strict_delta_max,1,cross_layer_handoff_executed
grid-treasure_round-robin_seed2,2,round-robin,grid-treasure,2,4,PSO,1.2598358797375702,1.677999971434474,-1.0,-1.0,0.0,0.0,0.0,0.0897660842136489,7.810539227041592,6.550703347304022,strict_delta_max,1,cross_layer_handoff_executed
grid-treasure_round-robin_seed2,2,round-robin,grid-treasure,2,5,RL,2.293223093140829,2.5535000022500753,-1.12,-1.12,0.0,0.0,0.0,0.0,6.550703347304022,4.257480254163193,strict_delta_max,2,cross_layer_handoff_executed
grid-treasure_round-robin_seed2,2,round-robin,grid-treasure,2,6,GA,3.0313871446115948,2.201499999500811,-1.12,-1.12,0.0,0.0,0.7668710046910088,0.04993383289702889,4.257480254163193,1.2260931095515981,strict_delta_max,1,cross_layer_handoff_executed
grid-treasure_round-robin_seed2,2,round-robin,grid-treasure,3,0,PSO,1.7612349902445743,2.3750000400468707,-1.12,-1.12,0.0,0.0,0.0,0.06691824613037199,16.0,14.238765009755426,strict_delta_max,1,cross_layer_handoff_executed
grid-treasure_round-robin_seed2,2,round-robin,grid-treasure,3,1,RL,1.9013373260137705,3.829500055871904,-1.12,-1.12,0.0,0.0,0.0,0.0,14.238765009755426,12.337427683741655,strict_delta_max,2,cross_layer_handoff_executed
grid-treasure_round-robin_seed2,2,round-robin,grid-treasure,3,2,GA,1.3462409169364309,2.7123000472784042,-1.135,-1.135,0.0,0.0,0.7668710046910088,0.118975098789455,12.337427683741655,10.991186766805225,strict_delta_max,1,cross_layer_handoff_executed
grid-treasure_round-robin_seed2,2,round-robin,grid-treasure,3,3,PSO,1.1387559756188803,2.2434000857174397,-0.07999999999999996,-0.07999999999999996,0.5,0.0,0.0,0.10180961841300246,10.991186766805225,9.852430791186345,strict_delta_max,1,cross_layer_handoff_executed
grid-treasure_round-robin_seed2,2,round-robin,grid-treasure,3,4,RL,1.5539695480718154,4.439799929969013,-1.12,-1.12,0.0,0.0,0.0,0.0,9.852430791186345,8.298461243114529,strict_delta_max,2,cross_layer_handoff_executed
grid-treasure_round-robin_seed2,2,round-robin,grid-treasure,3,5,GA,1.1115101470866477,2.261199988424778,-0.08499999999999996,-0.08499999999999996,0.5,0.0,0.7467841859013832,0.096397658259096,8.298461243114529,7.186951096027881,strict_delta_max,1,cross_layer_handoff_executed
grid-treasure_round-robin_seed2,2,round-robin,grid-treasure,3,6,PSO,3.1470739495555695,2.1247999975457788,-0.09499999999999997,-0.09499999999999997,0.5,0.0,0.0,0.02453543364165067,7.186951096027881,4.039877146472312,strict_delta_max,1,cross_layer_handoff_executed
grid-treasure_round-robin_seed2,2,round-robin,grid-treasure,3,7,RL,2.97630746280092,2.6357000460848212,-1.12,-1.12,0.0,0.0,0.0,0.036958547251862935,4.039877146472312,1.0635696836713922,strict_delta_max,2,cross_layer_handoff_executed
grid-treasure_round-robin_seed2,2,round-robin,grid-treasure,4,0,GA,3.4451888595990283,2.4528999347239733,-0.10999999999999999,-0.10999999999999999,0.5,0.0,0.6896184569682962,0.03391612680656198,16.0,12.554811140400972,strict_delta_max,1,cross_layer_handoff_executed
grid-treasure_round-robin_seed2,2,round-robin,grid-treasure,4,1,PSO,3.1874809694966126,2.490399987436831,-1.145,-1.145,0.0,0.0,0.0,0.04944306089534031,12.554811140400972,9.36733017090436,strict_delta_max,1,cross_layer_handoff_executed
grid-treasure_round-robin_seed2,2,round-robin,grid-treasure,4,2,RL,2.9088523361849923,2.9851000290364027,-0.06999999999999995,-0.06999999999999995,0.5,0.0,0.0,0.0,9.36733017090436,6.458477834719368,strict_delta_max,2,cross_layer_handoff_executed
grid-treasure_round-robin_seed2,2,round-robin,grid-treasure,4,3,GA,1.3987878776491236,1.7131000058725476,-0.06999999999999995,-0.06999999999999995,0.5,0.0,0.6038719510383954,0.10214333214408196,6.458477834719368,5.059689957070244,strict_delta_max,1,cross_layer_handoff_executed
grid-treasure_round-robin_seed2,2,round-robin,grid-treasure,4,4,PSO,1.3934486104922021,2.086999942548573,-0.09499999999999997,-0.09499999999999997,0.5,0.0,0.0,0.06709094899247027,5.059689957070244,3.666241346578042,strict_delta_max,1,cross_layer_handoff_executed
grid-treasure_round-robin_seed2,2,round-robin,grid-treasure,5,0,RL,1.6035975270961769,3.2148000318557024,-0.06999999999999995,-0.06999999999999995,0.5,0.0,0.0,0.0,16.0,14.396402472903823,strict_delta_max,2,cross_layer_handoff_executed
grid-treasure_round-robin_seed2,2,round-robin,grid-treasure,5,1,GA,3.113041615168579,2.254700055345893,-0.09499999999999997,-0.09499999999999997,0.5,0.0,0.5516764159936336,0.03654375351356408,14.396402472903823,11.283360857735243,strict_delta_max,1,cross_layer_handoff_executed
grid-treasure_round-robin_seed2,2,round-robin,grid-treasure,5,2,PSO,1.3584570956379494,1.9419000018388033,-0.06999999999999995,-0.06999999999999995,0.5,0.0,0.0,0.03683893078088622,11.283360857735243,9.924903762097294,strict_delta_max,1,cross_layer_handoff_executed
grid-treasure_round-robin_seed2,2,round-robin,grid-treasure,5,3,RL,1.9969066180345878,2.347299945540726,-0.06999999999999995,-0.06999999999999995,0.5,0.0,0.0,0.020030981738830216,9.924903762097294,7.927997144062706,strict_delta_max,2,cross_layer_handoff_executed
grid-treasure_round-robin_seed2,2,round-robin,grid-treasure,5,4,GA,2.5408954315293975,1.9357999553903937,-0.09499999999999997,-0.09499999999999997,0.5,0.0,0.507070306340089,0.06001179650150377,7.927997144062706,5.387101712533308,strict_delta_max,1,cross_layer_handoff_executed
grid-treasure_round-robin_seed2,2,round-robin,grid-treasure,5,5,PSO,1.0846313290735214,1.8994000274688005,-0.06999999999999995,-0.06999999999999995,0.5,0.0,0.0,0.033402943370583194,5.387101712533308,4.302470383459787,strict_delta_max,1,cross_layer_handoff_executed
grid-treasure_round-robin_seed2,2,round-robin,grid-treasure,5,6,RL,3.037994776016133,4.6585999662056565,-0.13,-0.13,0.5,0.0,0.0,0.0,4.302470383459787,1.264475607443654,strict_delta_max,2,cross_layer_handoff_executed
grid-treasure_greedy-improvement_seed0,0,greedy-improvement,grid-treasure,0,0,GA,3.2127778257737645,2.079900004900992,0.025000000000000022,0.025000000000000022,0.5,0.0,0.8931030542994856,0.05487385891284679,16.0,12.787222174226235,strict_delta_max,1,cross_layer_handoff_executed
grid-treasure_greedy-improvement_seed0,0,greedy-improvement,grid-treasure,0,1,GA,3.5221199679911415,1.7771999118849635,0.025000000000000022,0.025000000000000022,0.5,0.0,0.8716202985283468,0.045234247938315195,12.787222174226235,9.265102206235094,strict_delta_max,1,cross_layer_handoff_executed
grid-treasure_greedy-improvement_seed0,0,greedy-improvement,grid-treasure,0,2,GA,1.2791422413487052,1.788900000974536,0.025000000000000022,0.025000000000000022,0.5,0.0,0.869587833327935,0.1378859041269557,9.265102206235094,7.985959964886389,strict_delta_max,1,cross_layer_handoff_executed
grid-treasure_greedy-improvement_seed0,0,greedy-improvement,grid-treasure,0,3,GA,1.6179289395620384,1.7500000540167093,0.025000000000000022,0.025000000000000022,0.5,0.0,0.8056684933570712,0.07892583339735855,7.985959964886389,6.368031025324351,strict_delta_max,1,cross_layer_handoff_executed
grid-treasure_greedy-improvement_seed0,0,greedy-improvement,grid-treasure,0,4,GA,1.7755865413627387,1.7691000830382109,0.025000000000000022,0.025000000000000022,0.5,0.0,0.7328984474742877,0.089592336886136,6.368031025324351,4.5924444839616125,strict_delta_max,1,cross_layer_handoff_executed
grid-treasure_greedy-improvement_seed0,0,greedy-improvement,grid-treasure,0,5,GA,2.3445051467421636,1.9566999981179833,0.025000000000000022,0.025000000000000022,0.5,0.0,0.7328984474742877,0.056183197221847885,4.5924444839616125,2.247939337219449,strict_delta_max,1,cross_layer_handoff_executed
grid-treasure_greedy-improvement_seed0,0,greedy-improvement,grid-treasure,1,0,GA,1.9252254512473295,1.8059000140056014,0.025000000000000022,0.025000000000000022,0.5,0.0,0.7328984474742877,0.0790403589044626,16.0,14.074774548752671,strict_delta_max,1,cross_layer_handoff_executed
grid-treasure_greedy-improvement_seed0,0,greedy-improvement,grid-treasure,1,1,GA,2.678739382026505,1.8890999490395188,0.025000000000000022,0.025000000000000022,0.5,0.0,0.7328984474742877,0.04745620969911341,14.074774548752671,11.396035166726167,strict_delta_max,1,cross_layer_handoff_executed
grid-treasure_greedy-improvement_seed0,0,greedy-improvement,grid-treasure,1,2,GA,2.9593102896109347,1.822599908336997,0.025000000000000022,0.025000000000000022,0.5,0.0,0.7328984474742877,0.04750347811785558,11.396035166726167,8.436724877115232,strict_delta_max,1,cross_layer_handoff_executed
grid-treasure_greedy-improvement_seed0,0,greedy-improvement,grid-treasure,1,3,GA,2.1347197790668404,1.532200025394559,0.010000000000000009,0.010000000000000009,0.5,0.0,0.7328984474742877,0.05520162842354082,8.436724877115232,6.302005098048392,strict_delta_max,1,cross_layer_handoff_executed
grid-treasure_greedy-improvement_seed0,0,greedy-improvement,grid-treasure,1,4,GA,1.049789246947391,1.269900007173419,0.030000000000000027,0.030000000000000027,0.5,0.004762860749944958,0.7591869014902193,0.14228817560248855,6.302005098048392,5.252215851101001,strict_delta_max,1,cross_layer_handoff_executed
grid-treasure_greedy-improvement_seed0,0,greedy-improvement,grid-treasure,1,5,GA,3.0276574243603855,1.715600024908781,0.025000000000000022,0.025000000000000022,0.5,0.0,0.7591869014902193,0.04170702289049015,5.252215851101001,2.2245584267406153,strict_delta_max,1,cross_layer_handoff_executed
grid-treasure_greedy-improvement_seed0,0,greedy-improvement,grid-treasure,2,0,GA,1.1179103182693553,1.619500108063221,0.025000000000000022,0.025000000000000022,0.5,0.0,0.7591869014902193,0.10204583629120274,16.0,14.882089681730644,strict_delta_max,1,cross_layer_handoff_executed
grid-treasure_greedy-improvement_seed0,0,greedy-improvement,grid-treasure,2,1,GA,2.192762034067517,1.7309999093413353,0.025000000000000022,0.025000000000000022,0.5,0.0,0.7591869014902193,0.056769360117537866,14.882089681730644,12.689327647663127,strict_delta_max,1,cross_layer_handoff_executed
grid-treasure_greedy-improvement_seed0,0,greedy-improvement,grid-treasure,2,2,GA,3.094667851965138,1.512399991042912,1.05,1.05,1.0,0.32959918440109565,0.7570074431952223,0.03556419766223814,12.689327647663127,9.59465979569799,strict_delta_max,1,cross_layer_handoff_executed
grid-treasure_greedy-improvement_seed0,0,greedy-improvement,grid-treasure,2,3,GA,3.020945986917645,1.4645999763160944,1.05,1.05,1.0,0.0,0.7608444941799686,0.037933221308276754,9.59465979569799,6.573713808780344,strict_delta_max,1,cross_layer_handoff_executed
grid-treasure_greedy-improvement_seed0,0,greedy-improvement,grid-treasure,2,4,GA,2.845077307670694,1.622100011445582,0.015000000000000013,0.015000000000000013,0.5,0.0,0.7608444941799686,0.04751030362142755,6.573713808780344,3.7286365011096496,strict_delta_max,1,cross_layer_handoff_executed
grid-treasure_greedy-improvement_seed0,0,greedy-improvement,grid-treasure,3,0,GA,2.799132498155631,1.7133000073954463,0.025000000000000022,0.025000000000000022,0.5,0.0,0.7608444941799686,0.04446006794637743,16.0,13.20086750184437,strict_delta_max,1,cross_layer_handoff_executed
grid-treasure_greedy-improvement_seed0,0,greedy-improvement,grid-treasure,3,1,GA,2.4712209121490147,1.8357000080868602,0.025000000000000022,0.025000000000000022,0.5,0.0,0.7608444941799686,0.03410162373255324,13.20086750184437,10.729646589695355,strict_delta_max,1,cross_layer_handoff_executed
grid-treasure_greedy-improvement_seed0,0,greedy-improvement,grid-treasure,3,2,GA,1.0605357807469415,2.991700079292059,-1.1,-1.1,0.0,0.0,0.7608444941799686,0.123399013236235,10.729646589695355,9.669110808948414,strict_delta_max,1,cross_layer_handoff_executed
grid-treasure_greedy-improvement_seed0,0,greedy-improvement,grid-treasure,3,3,GA,2.2268260078202924,1.7816999461501837,0.025000000000000022,0.025000000000000022,0.5,0.0,0.7608444941799686,0.05797913541671382,9.669110808948414,7.442284801128121,strict_delta_max,1,cross_layer_handoff_executed
grid-treasure_greedy-improvement_seed0,0,greedy-improvement,grid-treasure,3,4,GA,3.0461532197980365,1.8814000068232417,0.025000000000000022,0.025000000000000022,0.5,0.0,0.7608444941799686,0.035868648634521376,7.442284801128121,4.396131581330085,strict_delta_max,1,cross_layer_handoff_executed
grid-treasure_greedy-improvement_seed0,0,greedy-improvement,grid-treasure,3,5,GA,3.268477095587089,1.9190999446436763,0.025000000000000022,0.025000000000000022,0.5,0.0,0.7608444941799686,0.04009410137483764,4.396131581330085,1.1276544857429958,strict_delta_max,1,cross_layer_handoff_executed
grid-treasure_greedy-improvement_seed0,0,greedy-improvement,grid-treasure,4,0,GA,2.6494565831989965,1.5353999333456159,0.025000000000000022,0.025000000000000022,0.5,0.0,0.7608444941799686,0.045609143748350074,16.0,13.350543416801003,strict_delta_max,1,cross_layer_handoff_executed
grid-treasure_greedy-improvement_seed0,0,greedy-improvement,grid-treasure,4,1,GA,1.2897492549940717,1.5716999769210815,1.05,1.05,1.0,0.0,0.7392180644492159,0.0753202963357608,13.350543416801003,12.060794161806932,strict_delta_max,1,cross_layer_handoff_executed
grid-treasure_greedy-improvement_seed0,0,greedy-improvement,grid-treasure,4,2,GA,1.0432808565490914,1.7666000640019774,0.025000000000000022,0.025000000000000022,0.5,0.0,0.7392180644492159,0.0947781331412197,12.060794161806932,11.01751330525784,strict_delta_max,1,cross_layer_handoff_executed
grid-treasure_greedy-improvement_seed0,0,greedy-improvement,grid-treasure,4,3,GA,3.3018087684943405,1.490199938416481,1.05,1.05,1.0,0.0,0.7238450462943306,0.033685645104575425,11.01751330525784,7.715704536763499,strict_delta_max,1,cross_layer_handoff_executed
grid-treasure_greedy-improvement_seed0,0,greedy-improvement,grid-treasure,4,4,GA,3.98056434733576,1.6585999401286244,1.045,1.045,1.0,0.0,0.7135837298066932,0.024773201697359616,7.715704536763499,3.735140189427739,strict_delta_max,1,cross_layer_handoff_executed
grid-treasure_greedy-improvement_seed0,0,greedy-improvement,grid-treasure,5,0,GA,3.3375839332854076,1.5646000392735004,0.025000000000000022,0.025000000000000022,0.5,0.0,0.7135837298066932,0.030991160670951135,16.0,12.662416066714592,strict_delta_max,1,cross_layer_handoff_executed
grid-treasure_greedy-improvement_seed0,0,greedy-improvement,grid-treasure,5,1,GA,2.074530555964414,1.574499998241663,1.05,1.05,1.0,0.0,0.680175488513555,0.04669596304967269,12.662416066714592,10.587885510750178,strict_delta_max,1,cross_layer_handoff_executed
grid-treasure_greedy-improvement_seed0,0,greedy-improvement,grid-treasure,5,2,GA,2.8421108971552878,1.8621999770402908,-1.08,-1.08,0.0,0.0,0.680175488513555,0.033913787787430386,10.587885510750178,7.74577461359489,strict_delta_max,1,cross_layer_handoff_executed
grid-treasure_greedy-improvement_seed0,0,greedy-improvement,grid-treasure,5,3,GA,1.1969168090071092,1.5807999297976494,1.05,1.05,1.0,0.0,0.6398798386643947,0.07343572969378281,7.74577461359489,6.548857804587781,strict_delta_max,1,cross_layer_handoff_executed
grid-treasure_greedy-improvement_seed0,0,greedy-improvement,grid-treasure,5,4,GA,1.271419343909364,2.1057999692857265,1.05,1.05,1.0,0.0,0.5796563197999883,0.06495571837744052,6.548857804587781,5.277438460678417,strict_delta_max,1,cross_layer_handoff_executed
grid-treasure_greedy-improvement_seed0,0,greedy-improvement,grid-treasure,5,5,GA,1.7927451215278905,2.974799950607121,-1.195,-1.195,0.0,0.0,0.5796563197999883,0.06273627744847245,5.277438460678417,3.484693339150527,strict_delta_max,1,cross_layer_handoff_executed
grid-treasure_greedy-improvement_seed1,1,greedy-improvement,grid-treasure,0,0,GA,1.824988789829238,2.3752000415697694,-1.05,-1.05,0.0,0.0,0.8643655984494946,0.08235453439285725,16.0,14.175011210170762,strict_delta_max,1,cross_layer_handoff_executed
grid-treasure_greedy-improvement_seed1,1,greedy-improvement,grid-treasure,0,1,GA,2.157453571044023,1.7728999955579638,0.010000000000000009,0.010000000000000009,0.5,0.0,0.8386960735132042,0.061908755814642565,14.175011210170762,12.01755763912674,strict_delta_max,1,cross_layer_handoff_executed
grid-treasure_greedy-improvement_seed1,1,greedy-improvement,grid-treasure,0,2,GA,1.5853477314847222,1.4306000666692853,0.0,0.0,0.5,0.0,0.7996318624163499,0.0977247096616392,12.01755763912674,10.432209907642017,strict_delta_max,1,cross_layer_handoff_executed
grid-treasure_greedy-improvement_seed1,1,greedy-improvement,grid-treasure,0,3,GA,2.27420097886176,1.4244000194594264,0.0,0.0,0.5,0.0,0.7677885932144511,0.0616445043036751,10.432209907642017,8.158008928780257,strict_delta_max,1,cross_layer_handoff_executed
grid-treasure_greedy-improvement_seed1,1,greedy-improvement,grid-treasure,0,4,GA,1.2992741399651955,2.0694000413641334,0.010000000000000009,0.010000000000000009,0.5,0.0,0.771574976407978,0.13795365850866434,8.158008928780257,6.858734788815061,strict_delta_max,1,cross_layer_handoff_executed
grid-treasure_greedy-improvement_seed1,1,greedy-improvement,grid-treasure,0,5,GA,2.5011147310219464,1.8965000053867698,0.0,0.0,0.5,0.0,0.7448022248096569,0.06872653817606263,6.858734788815061,4.357620057793115,strict_delta_max,1,cross_layer_handoff_executed
grid-treasure_greedy-improvement_seed1,1,greedy-improvement,grid-treasure,0,6,GA,1.0622897383164795,1.8919999711215496,0.010000000000000009,0.010000000000000009,0.5,0.0,0.6966165814672267,0.1215856758608736,4.357620057793115,3.2953303194766352,strict_delta_max,1,cross_layer_handoff_executed
grid-treasure_greedy-improvement_seed1,1,greedy-improvement,grid-treasure,1,0,GA,3.5000334455194375,1.85479992069304,0.010000000000000009,0.010000000000000009,0.5,0.0,0.6769834678629403,0.04284588773717419,16.0,12.499966554480562,strict_delta_max,1,cross_layer_handoff_executed
grid-treasure_greedy-improvement_seed1,1,greedy-improvement,grid-treasure,1,1,GA,1.8746535038726546,1.5995000721886754,0.0,0.0,0.5,0.0,0.6769834678629403,0.0774446404747527,12.499966554480562,10.625313050607907,strict_delta_max,1,cross_layer_handoff_executed
grid-treasure_greedy-improvement_seed1,1,greedy-improvement,grid-treasure,1,2,GA,2.4106716758292404,2.15450010728091,0.010000000000000009,0.010000000000000009,0.5,0.0,0.6515480846478969,0.059966086230489136,10.625313050607907,8.214641374778667,strict_delta_max,1,cross_layer_handoff_executed
grid-treasure_greedy-improvement_seed1,1,greedy-improvement,grid-treasure,1,3,GA,3.91367453433013,2.3120000259950757,0.010000000000000009,0.010000000000000009,0.5,0.0,0.6296077587395043,0.028934987054915533,8.214641374778667,4.300966840448537,strict_delta_max,1,cross_layer_handoff_executed
grid-treasure_greedy-improvement_seed1,1,greedy-improvement,grid-treasure,1,4,GA,2.8547718829211686,2.911799936555326,-1.02,-1.02,0.0,0.0,0.6296077587395043,0.038291533538040094,4.300966840448537,1.4461949575273687,strict_delta_max,1,cross_layer_handoff_executed
grid-treasure_greedy-improvement_seed1,1,greedy-improvement,grid-treasure,2,0,GA,3.3624148768577857,1.4742000494152308,0.0,0.0,0.5,0.0,0.6296077587395043,0.029071680901047173,16.0,12.637585123142214,strict_delta_max,1,cross_layer_handoff_executed
grid-treasure_greedy-improvement_seed1,1,greedy-improvement,grid-treasure,2,1,GA,3.922188758492613,1.918099937029183,0.010000000000000009,0.010000000000000009,0.5,0.0,0.6204291842344423,0.035016781361354,12.637585123142214,8.715396364649601,strict_delta_max,1,cross_layer_handoff_executed
grid-treasure_greedy-improvement_seed1,1,greedy-improvement,grid-treasure,2,2,GA,2.6897626217203654,1.9938999321311712,0.010000000000000009,0.010000000000000009,0.5,0.0,0.6204291842344423,0.03542986205404338,8.715396364649601,6.0256337429292355,strict_delta_max,1,cross_layer_handoff_executed
grid-treasure_greedy-improvement_seed1,1,greedy-improvement,grid-treasure,2,3,GA,1.3603771893577763,1.9082999788224697,0.010000000000000009,0.010000000000000009,0.5,0.0,0.6204291842344423,0.09892984874071149,6.0256337429292355,4.665256553571459,strict_delta_max,1,cross_layer_handoff_executed
grid-treasure_greedy-improvement_seed1,1,greedy-improvement,grid-treasure,2,4,GA,2.8238474377882063,1.6638999804854393,0.0,0.0,0.5,0.0,0.6204291842344423,0.06447752648678634,4.665256553571459,1.8414091157832528,strict_delta_max,1,cross_layer_handoff_executed
grid-treasure_greedy-improvement_seed1,1,greedy-improvement,grid-treasure,3,0,GA,2.410179956330361,2.4763999972492456,0.010000000000000009,0.010000000000000009,0.5,0.0,0.6204291842344423,0.05913914336512478,16.0,13.58982004366964,strict_delta_max,1,cross_layer_handoff_executed
grid-treasure_greedy-improvement_seed1,1,greedy-improvement,grid-treasure,3,1,GA,2.212682807783297,2.106000087223947,0.010000000000000009,0.010000000000000009,0.5,0.0,0.6204291842344423,0.049149388265564024,13.58982004366964,11.377137235886343,strict_delta_max,1,cross_layer_handoff_executed
grid-treasure_greedy-improvement_seed1,1,greedy-improvement,grid-treasure,3,2,GA,3.4772050016394647,1.7606000183150172,0.0,0.0,0.5,0.0,0.6204291842344423,0.03446953778363974,11.377137235886343,7.899932234246878,strict_delta_max,1,cross_layer_handoff_executed
grid-treasure_greedy-improvement_seed1,1,greedy-improvement,grid-treasure,3,3,GA,1.4550638152758775,2.298499923199415,0.010000000000000009,0.010000000000000009,0.5,0.0,0.6204291842344423,0.08332812224665034,7.899932234246878,6.444868418971,strict_delta_max,1,cross_layer_handoff_executed
grid-treasure_greedy-improvement_seed1,1,greedy-improvement,grid-treasure,3,4,GA,1.6927069794322795,1.6724999295547605,0.0,0.0,0.5,0.0,0.6204291842344423,0.07685250515187535,6.444868418971,4.75216143953872,strict_delta_max,1,cross_layer_handoff_executed
grid-treasure_greedy-improvement_seed1,1,greedy-improvement,grid-treasure,3,5,GA,2.7921987965269914,2.04149994533509,0.010000000000000009,0.010000000000000009,0.5,0.0,0.6204291842344423,0.03440365428503654,4.75216143953872,1.9599626430117287,strict_delta_max,1,cross_layer_handoff_executed
grid-treasure_greedy-improvement_seed1,1,greedy-improvement,grid-treasure,4,0,GA,3.12394551347376,1.97199999820441,0.010000000000000009,0.010000000000000009,0.5,0.0,0.6204291842344423,0.039961353861807554,16.0,12.87605448652624,strict_delta_max,1,cross_layer_handoff_executed
grid-treasure_greedy-improvement_seed1,1,greedy-improvement,grid-treasure,4,1,GA,2.895094997341174,2.0463999826461077,0.010000000000000009,0.010000000000000009,0.5,0.0,0.6204291842344423,0.03530112285950518,12.87605448652624,9.980959489185066,strict_delta_max,1,cross_layer_handoff_executed
grid-treasure_greedy-improvement_seed1,1,greedy-improvement,grid-treasure,4,2,GA,3.641842756726703,1.9413999980315566,0.010000000000000009,0.010000000000000009,0.5,0.0,0.6204291842344423,0.027135717681587044,9.980959489185066,6.339116732458363,strict_delta_max,1,cross_layer_handoff_executed
grid-treasure_greedy-improvement_seed1,1,greedy-improvement,grid-treasure,4,3,GA,1.665525568709917,2.1729000145569444,0.010000000000000009,0.010000000000000009,0.5,0.0,0.6204291842344423,0.06402643140856198,6.339116732458363,4.673591163748446,strict_delta_max,1,cross_layer_handoff_executed
grid-treasure_greedy-improvement_seed1,1,greedy-improvement,grid-treasure,4,4,GA,2.529567284521296,1.8302000826224685,-1.03,-1.03,0.0,0.0,0.6204291842344423,0.04154984094672821,4.673591163748446,2.14402387922715,strict_delta_max,1,cross_layer_handoff_executed
grid-treasure_greedy-improvement_seed1,1,greedy-improvement,grid-treasure,5,0,GA,2.970130057222815,1.8291999585926533,0.010000000000000009,0.010000000000000009,0.5,0.0,0.6204291842344423,0.03142141228436051,16.0,13.029869942777186,strict_delta_max,1,cross_layer_handoff_executed
grid-treasure_greedy-improvement_seed1,1,greedy-improvement,grid-treasure,5,1,GA,1.533604682689079,1.852500019595027,0.010000000000000009,0.010000000000000009,0.5,0.0,0.6204291842344423,0.061966699632498054,13.029869942777186,11.496265260088107,strict_delta_max,1,cross_layer_handoff_executed
grid-treasure_greedy-improvement_seed1,1,greedy-improvement,grid-treasure,5,2,GA,2.661094459647861,1.908999984152615,0.010000000000000009,0.010000000000000009,0.5,0.0,0.6204291842344423,0.03504814312876186,11.496265260088107,8.835170800440245,strict_delta_max,1,cross_layer_handoff_executed
grid-treasure_greedy-improvement_seed1,1,greedy-improvement,grid-treasure,5,3,GA,2.4352134438174864,2.038200036622584,0.010000000000000009,0.010000000000000009,0.5,0.0,0.6204291842344423,0.03649197691477858,8.835170800440245,6.3999573566227586,strict_delta_max,1,cross_layer_handoff_executed
grid-treasure_greedy-improvement_seed1,1,greedy-improvement,grid-treasure,5,4,GA,1.926658935882183,1.819099998101592,0.0,0.0,0.5,0.0,0.6204291842344423,0.04767752497000055,6.3999573566227586,4.4732984207405755,strict_delta_max,1,cross_layer_handoff_executed
grid-treasure_greedy-improvement_seed1,1,greedy-improvement,grid-treasure,5,5,GA,1.9412481572220335,2.1383999846875668,-1.06,-1.06,0.0,0.0,0.6204291842344423,0.05976543276065173,4.4732984207405755,2.532050263518542,strict_delta_max,1,cross_layer_handoff_executed
grid-treasure_greedy-improvement_seed2,2,greedy-improvement,grid-treasure,0,0,GA,3.9053653955254966,3.9898999966681004,-0.6500000000000001,-0.6500000000000001,0.0,0.0,0.8718432739321208,0.04391968426834987,16.0,12.094634604474503,strict_delta_max,1,cross_layer_handoff_executed
grid-treasure_greedy-improvement_seed2,2,greedy-improvement,grid-treasure,0,1,GA,1.4956316206822053,2.435899921692908,-0.09499999999999997,-0.09499999999999997,0.5,0.0,0.8476131485123842,0.08404952550697707,12.094634604474503,10.599002983792298,strict_delta_max,1,cross_layer_handoff_executed
grid-treasure_greedy-improvement_seed2,2,greedy-improvement,grid-treasure,0,2,GA,3.2343446338780675,2.9884999385103583,-0.13,-0.13,0.5,0.0,0.8050254321672382,0.03514867677963218,10.599002983792298,7.36465834991423,strict_delta_max,1,cross_layer_handoff_executed
grid-treasure_greedy-improvement_seed2,2,greedy-improvement,grid-treasure,0,3,GA,1.433185864447942,2.2972000297158957,-1.105,-1.105,0.0,0.0,0.8050254321672382,0.09598534478124351,7.36465834991423,5.931472485466289,strict_delta_max,1,cross_layer_handoff_executed
grid-treasure_greedy-improvement_seed2,2,greedy-improvement,grid-treasure,0,4,GA,3.058286705164339,1.4540000120177865,-0.09499999999999997,-0.09499999999999997,0.5,0.0,0.7564481121746757,0.04200950245614174,5.931472485466289,2.8731857803019496,strict_delta_max,1,cross_layer_handoff_executed
grid-treasure_greedy-improvement_seed2,2,greedy-improvement,grid-treasure,1,0,GA,3.694327291023837,1.2472999515011907,-0.06999999999999995,-0.06999999999999995,0.5,0.006767131883724244,0.7374918716881371,0.03776104833488673,16.0,12.305672708976163,strict_delta_max,1,cross_layer_handoff_executed
grid-treasure_greedy-improvement_seed2,2,greedy-improvement,grid-treasure,1,1,GA,2.639303433725926,1.3927000109106302,-0.09499999999999997,-0.09499999999999997,0.5,0.0,0.6968178089568409,0.04719582484185867,12.305672708976163,9.666369275250236,strict_delta_max,1,cross_layer_handoff_executed
grid-treasure_greedy-improvement_seed2,2,greedy-improvement,grid-treasure,1,2,GA,3.886921007373951,1.4794999733567238,-0.08499999999999996,-0.08499999999999996,0.5,0.0,0.6581393137793173,0.03314847951266317,9.666369275250236,5.779448267876285,strict_delta_max,1,cross_layer_handoff_executed
grid-treasure_greedy-improvement_seed2,2,greedy-improvement,grid-treasure,1,3,GA,1.4467484594268698,1.392900012433529,-0.06999999999999995,-0.06999999999999995,0.5,0.0,0.6297610817126345,0.0871967013773655,5.779448267876285,4.332699808449416,strict_delta_max,1,cross_layer_handoff_executed
grid-treasure_greedy-improvement_seed2,2,greedy-improvement,grid-treasure,1,4,GA,3.554418391917593,1.6123000532388687,-0.10999999999999999,-0.10999999999999999,0.5,0.0,0.5833263704528967,0.033636794896372856,4.332699808449416,0.7782814165318226,strict_delta_max,1,cross_layer_handoff_executed
grid-treasure_greedy-improvement_seed2,2,greedy-improvement,grid-treasure,2,0,GA,1.4878687279934035,1.3121000956743956,-0.09499999999999997,-0.09499999999999997,0.5,0.0,0.5853730908370977,0.0780909097586351,16.0,14.512131272006597,strict_delta_max,1,cross_layer_handoff_executed
grid-treasure_greedy-improvement_seed2,2,greedy-improvement,grid-treasure,2,1,GA,3.5604558170223997,1.6103999223560095,-0.10999999999999999,-0.10999999999999999,0.5,0.0,0.5853730908370977,0.02996502102158816,14.512131272006597,10.951675454984198,strict_delta_max,1,cross_layer_handoff_executed
grid-treasure_greedy-improvement_seed2,2,greedy-improvement,grid-treasure,2,2,GA,1.0003974757857894,1.5619000187143683,-0.09499999999999997,-0.09499999999999997,0.5,0.0,0.5803527357158597,0.11533711990073174,10.951675454984198,9.951277979198409,strict_delta_max,1,cross_layer_handoff_executed
grid-treasure_greedy-improvement_seed2,2,greedy-improvement,grid-treasure,2,3,GA,2.626071423372124,1.3444999931380153,-0.06999999999999995,-0.06999999999999995,0.5,0.0,0.56419455217573,0.052200138804218706,9.951277979198409,7.325206555826284,strict_delta_max,1,cross_layer_handoff_executed
grid-treasure_greedy-improvement_seed2,2,greedy-improvement,grid-treasure,2,4,GA,2.3375325352233784,2.0085000433027744,-0.13,-0.13,0.5,0.0,0.56419455217573,0.050457712042451634,7.325206555826284,4.987674020602906,strict_delta_max,1,cross_layer_handoff_executed
grid-treasure_greedy-improvement_seed2,2,greedy-improvement,grid-treasure,2,5,GA,2.6545449193943087,2.478900016285479,-0.06999999999999995,-0.06999999999999995,0.5,0.0,0.5859298814884426,0.049961563664153365,4.987674020602906,2.3331291012085975,strict_delta_max,1,cross_layer_handoff_executed
grid-treasure_greedy-improvement_seed2,2,greedy-improvement,grid-treasure,3,0,GA,3.9540036376497714,2.602200023829937,-1.12,-1.12,0.0,0.0,0.5859298814884426,0.027144559789037095,16.0,12.045996362350229,strict_delta_max,1,cross_layer_handoff_executed
grid-treasure_greedy-improvement_seed2,2,greedy-improvement,grid-treasure,3,1,GA,1.1472145570708139,2.34819995239377,-0.06999999999999995,-0.06999999999999995,0.5,0.0,0.6102112795186397,0.11605187106191092,12.045996362350229,10.898781805279414,strict_delta_max,1,cross_layer_handoff_executed
grid-treasure_greedy-improvement_seed2,2,greedy-improvement,grid-treasure,3,2,GA,3.9356003594585838,3.5918999928981066,-1.21,-1.21,0.0,0.0,0.6102112795186397,0.03453714590805337,10.898781805279414,6.9631814458208305,strict_delta_max,1,cross_layer_handoff_executed
grid-treasure_greedy-improvement_seed2,2,greedy-improvement,grid-treasure,3,3,GA,1.5928629010609505,2.517599961720407,-0.10999999999999999,-0.10999999999999999,0.5,0.0,0.6102112795186397,0.07605449597069622,6.9631814458208305,5.37031854475988,strict_delta_max,1,cross_layer_handoff_executed
grid-treasure_greedy-improvement_seed2,2,greedy-improvement,grid-treasure,3,4,GA,3.541341656708042,2.2671999176964164,-0.09499999999999997,-0.09499999999999997,0.5,0.0,0.6102112795186397,0.029418107987846758,5.37031854475988,1.8289768880518382,strict_delta_max,1,cross_layer_handoff_executed
grid-treasure_greedy-improvement_seed2,2,greedy-improvement,grid-treasure,4,0,GA,1.0516114501735605,2.4345999117940664,-0.10999999999999999,-0.10999999999999999,0.5,0.0,0.6102112795186397,0.0931021314125912,16.0,14.94838854982644,strict_delta_max,1,cross_layer_handoff_executed
grid-treasure_greedy-improvement_seed2,2,greedy-improvement,grid-treasure,4,1,GA,1.9321236620724744,2.140600001439452,-0.09499999999999997,-0.09499999999999997,0.5,0.0,0.6102112795186397,0.06958798889026244,14.94838854982644,13.016264887753966,strict_delta_max,1,cross_layer_handoff_executed
grid-treasure_greedy-improvement_seed2,2,greedy-improvement,grid-treasure,4,2,GA,3.739850374267561,2.114499919116497,-0.06999999999999995,-0.06999999999999995,0.5,0.0,0.5704602606069714,0.03491914964585788,13.016264887753966,9.276414513486404,strict_delta_max,1,cross_layer_handoff_executed
grid-treasure_greedy-improvement_seed2,2,greedy-improvement,grid-treasure,4,3,GA,2.8770210087316967,2.7211999986320734,-0.09499999999999997,-0.09499999999999997,0.5,0.0,0.5704602606069714,0.03108603083723169,9.276414513486404,6.399393504754707,strict_delta_max,1,cross_layer_handoff_executed
grid-treasure_greedy-improvement_seed2,2,greedy-improvement,grid-treasure,4,4,GA,1.915911428095249,2.405600040219724,-0.09499999999999997,-0.09499999999999997,0.5,0.0,0.5704602606069714,0.05187373359575193,6.399393504754707,4.483482076659458,strict_delta_max,1,cross_layer_handoff_executed
grid-treasure_greedy-improvement_seed2,2,greedy-improvement,grid-treasure,4,5,GA,1.4787064094038416,2.1038000704720616,-0.06999999999999995,-0.06999999999999995,0.5,0.0,0.5374138894595469,0.09690610256553019,4.483482076659458,3.0047756672556165,strict_delta_max,1,cross_layer_handoff_executed
grid-treasure_greedy-improvement_seed2,2,greedy-improvement,grid-treasure,5,0,GA,2.579157018985171,2.8291000053286552,-1.135,-1.135,0.0,0.0,0.5374138894595469,0.048529095817541126,16.0,13.420842981014829,strict_delta_max,1,cross_layer_handoff_executed
grid-treasure_greedy-improvement_seed2,2,greedy-improvement,grid-treasure,5,1,GA,3.735157245210992,2.9186999890953302,-0.13,-0.13,0.5,0.0,0.5374138894595469,0.03335542085147393,13.420842981014829,9.685685735803837,strict_delta_max,1,cross_layer_handoff_executed
grid-treasure_greedy-improvement_seed2,2,greedy-improvement,grid-treasure,5,2,GA,3.328180970132345,2.8774000238627195,-0.08499999999999996,-0.08499999999999996,0.5,0.0,0.5374138894595469,0.03109597018002063,9.685685735803837,6.357504765671492,strict_delta_max,1,cross_layer_handoff_executed
grid-treasure_greedy-improvement_seed2,2,greedy-improvement,grid-treasure,5,3,GA,3.0099464377671694,2.2363999160006642,-0.06999999999999995,-0.06999999999999995,0.5,0.0,0.5764225640641605,0.056915212136915506,6.357504765671492,3.3475583279043226,strict_delta_max,1,cross_layer_handoff_executed
resource-defense_DLGPR-full_seed0,0,DLGPR-full,resource-defense,0,0,GA,2.900117049606808,2.574400044977665,0.675128,0.675128,0.0,0.0,0.9088272647789373,0.05260290404668859,16.0,13.099882950393193,strict_delta_max,1,cross_layer_handoff_executed
resource-defense_DLGPR-full_seed0,0,DLGPR-full,resource-defense,0,1,PSO,1.5305249378732895,2.121300087310374,0.10590799999999989,0.10590799999999989,0.0,0.0,0.0,0.10043349719174326,13.099882950393193,11.569358012519903,strict_delta_max,1,cross_layer_handoff_executed
resource-defense_DLGPR-full_seed0,0,DLGPR-full,resource-defense,0,2,RL,2.1785896675980054,4.199200076982379,0.7029200000000002,0.7029200000000002,0.0,0.0006022244663662349,0.0,0.17213062449408242,11.569358012519903,9.390768344921897,strict_delta_max,2,cross_layer_handoff_executed
resource-defense_DLGPR-full_seed0,0,DLGPR-full,resource-defense,0,3,GA,2.857045352822311,2.3182000732049346,0.6965199999999998,0.6965199999999998,0.0,0.0,0.8406604725099949,0.04059936913562151,9.390768344921897,6.533722992099586,strict_delta_max,1,cross_layer_handoff_executed
resource-defense_DLGPR-full_seed0,0,DLGPR-full,resource-defense,0,4,GA,3.400313148130356,2.676100004464388,0.701608,0.701608,0.0,0.0,0.8190293695423023,0.04974043985351009,6.533722992099586,3.1334098439692295,strict_delta_max,1,cross_layer_handoff_executed
resource-defense_DLGPR-full_seed0,0,DLGPR-full,resource-defense,1,0,GA,1.470595010827022,2.4063000455498695,0.8315079999999999,0.8315079999999999,0.0,0.08743943713482705,0.7849621959632657,0.1005601436279026,16.0,14.529404989172978,strict_delta_max,1,cross_layer_handoff_executed
resource-defense_DLGPR-full_seed0,0,DLGPR-full,resource-defense,1,1,PSO,3.0626592419321805,2.435100032016635,0.14504000000000006,0.14504000000000006,0.0,0.0,0.0,0.051149855164791626,14.529404989172978,11.466745747240797,strict_delta_max,1,cross_layer_handoff_executed
resource-defense_DLGPR-full_seed0,0,DLGPR-full,resource-defense,1,2,RL,4.0,4.222000017762184,0.6925540000000001,0.6925540000000001,0.0,0.0,0.0,0.0772095,11.466745747240797,7.466745747240797,strict_delta_max,2,cross_layer_handoff_executed
resource-defense_DLGPR-full_seed0,0,DLGPR-full,resource-defense,1,3,GA,1.6138563422045187,2.328100032173097,0.8006039999999999,0.8006039999999999,0.0,0.0,0.6620033825377011,0.09962028945990818,7.466745747240797,5.852889405036278,strict_delta_max,1,cross_layer_handoff_executed
resource-defense_DLGPR-full_seed0,0,DLGPR-full,resource-defense,1,4,GA,2.3809401093738236,2.604600042104721,-0.31915200000000016,-0.31915200000000016,0.0,0.0,0.6620033825377011,0.03399697762521813,5.852889405036278,3.471949295662454,strict_delta_max,1,cross_layer_handoff_executed
resource-defense_DLGPR-full_seed0,0,DLGPR-full,resource-defense,2,0,GA,3.3330085946408463,2.557200030423701,0.8436999999999999,0.8436999999999999,0.0,0.003657956363990039,0.6285153298103789,0.05143152740456738,16.0,12.666991405359154,strict_delta_max,1,cross_layer_handoff_executed
resource-defense_DLGPR-full_seed0,0,DLGPR-full,resource-defense,2,1,PSO,1.9429972836890839,2.3329000687226653,0.8986719999999999,0.8986719999999999,0.0,0.02829237099890695,0.0,0.08325774165569169,12.666991405359154,10.72399412167007,strict_delta_max,1,cross_layer_handoff_executed
resource-defense_DLGPR-full_seed0,0,DLGPR-full,resource-defense,2,2,RL,2.221980493196196,4.176900023594499,0.775802,0.775802,0.0,0.0,0.0,0.0,10.72399412167007,8.502013628473875,strict_delta_max,2,cross_layer_handoff_executed
resource-defense_DLGPR-full_seed0,0,DLGPR-full,resource-defense,2,3,GA,1.964714807330951,2.198199974372983,-0.19432000000000005,-0.19432000000000005,0.0,0.0,0.534442276858652,0.07572286047329717,8.502013628473875,6.537298821142924,strict_delta_max,1,cross_layer_handoff_executed
resource-defense_DLGPR-full_seed0,0,DLGPR-full,resource-defense,2,4,GA,1.7769677762353604,2.6916000060737133,0.7661479999999998,0.7661479999999998,0.0,0.0,0.5167318778889997,0.06295563731374805,6.537298821142924,4.760331044907564,strict_delta_max,1,cross_layer_handoff_executed
resource-defense_DLGPR-full_seed0,0,DLGPR-full,resource-defense,2,5,GA,3.165878210664094,2.394599956460297,0.581992,0.581992,0.0,0.0,0.5167318778889997,0.04780889553483405,4.760331044907564,1.5944528342434698,strict_delta_max,1,cross_layer_handoff_executed
resource-defense_DLGPR-full_seed0,0,DLGPR-full,resource-defense,3,0,GA,2.405071464516763,2.475299988873303,0.908496,0.908496,0.0,0.004084701908005022,0.5346155620935763,0.07060887150344394,16.0,13.594928535483238,strict_delta_max,1,cross_layer_handoff_executed
resource-defense_DLGPR-full_seed0,0,DLGPR-full,resource-defense,3,1,PSO,1.1692211184235086,2.4574999697506428,0.747408,0.747408,0.0,0.0,0.0,0.09113028974125541,13.594928535483238,12.42570741705973,strict_delta_max,1,cross_layer_handoff_executed
resource-defense_DLGPR-full_seed0,0,DLGPR-full,resource-defense,3,2,RL,2.582185760087355,5.674100015312433,0.7685999999999998,0.7685999999999998,0.0,0.0,0.0,0.0040903331446002405,12.42570741705973,9.843521656972374,strict_delta_max,2,cross_layer_handoff_executed
resource-defense_DLGPR-full_seed0,0,DLGPR-full,resource-defense,3,3,GA,2.541301584417199,2.3710000095888972,0.9255599999999997,0.9255599999999997,0.0,0.00671466940587969,0.5108297688706136,0.024629316907854647,9.843521656972374,7.302220072555175,strict_delta_max,1,cross_layer_handoff_executed
resource-defense_DLGPR-full_seed0,0,DLGPR-full,resource-defense,3,4,GA,1.2163605240408009,3.0712999869138002,0.843636,0.843636,0.0,0.0,0.5029431093442057,0.1052664296639654,7.302220072555175,6.0858595485143745,strict_delta_max,1,cross_layer_handoff_executed
resource-defense_DLGPR-full_seed0,0,DLGPR-full,resource-defense,3,5,GA,2.5231586876202625,3.2592000206932425,0.8457479999999999,0.8457479999999999,0.0,0.0,0.4864834770608764,0.061942939353870075,6.0858595485143745,3.562700860894112,strict_delta_max,1,cross_layer_handoff_executed
resource-defense_DLGPR-full_seed0,0,DLGPR-full,resource-defense,4,0,GA,1.1467979037316816,2.3062999825924635,0.84566,0.84566,0.0,0.0,0.49171109914987343,0.108554661502564,16.0,14.853202096268319,strict_delta_max,1,cross_layer_handoff_executed
resource-defense_DLGPR-full_seed0,0,DLGPR-full,resource-defense,4,1,PSO,1.5629471059713747,2.5520999915897846,0.861122,0.861122,0.0,0.0,0.0,0.07205614729349864,14.853202096268319,13.290254990296944,strict_delta_max,1,cross_layer_handoff_executed
resource-defense_DLGPR-full_seed0,0,DLGPR-full,resource-defense,4,2,RL,3.1907803210540227,4.390599904581904,0.8006039999999999,0.8006039999999999,0.0,0.0,0.0,0.03691197392150582,13.290254990296944,10.099474669242921,strict_delta_max,2,cross_layer_handoff_executed
resource-defense_DLGPR-full_seed0,0,DLGPR-full,resource-defense,4,3,GA,3.512748028320889,2.302599954418838,0.705036,0.705036,0.0,0.0,0.485534719479015,0.04167497773874894,10.099474669242921,6.586726640922032,strict_delta_max,1,cross_layer_handoff_executed
resource-defense_DLGPR-full_seed0,0,DLGPR-full,resource-defense,4,4,GA,3.0746647381403642,2.4274999741464853,0.903808,0.903808,0.0,0.0,0.49255533504433596,0.02601457903707368,6.586726640922032,3.512061902781668,strict_delta_max,1,cross_layer_handoff_executed
resource-defense_DLGPR-full_seed0,0,DLGPR-full,resource-defense,5,0,GA,2.26459007842004,2.131400047801435,0.042079999999999895,0.042079999999999895,0.0,0.0,0.49255533504433596,0.04818615641546384,16.0,13.73540992157996,strict_delta_max,1,cross_layer_handoff_executed
resource-defense_DLGPR-full_seed0,0,DLGPR-full,resource-defense,5,1,PSO,2.135309695073062,2.3246000055223703,0.7413919999999998,0.7413919999999998,0.0,0.0,0.0,0.08282328353716646,13.73540992157996,11.600100226506898,strict_delta_max,1,cross_layer_handoff_executed
resource-defense_DLGPR-full_seed0,0,DLGPR-full,resource-defense,5,2,RL,2.3108456068915832,4.3617000337690115,0.8165,0.8165,0.0,0.0,0.0,0.0573599549899392,11.600100226506898,9.289254619615315,strict_delta_max,2,cross_layer_handoff_executed
resource-defense_DLGPR-full_seed0,0,DLGPR-full,resource-defense,5,3,RL,1.1922184140613956,4.246499971486628,0.8165,0.8165,0.0,0.0,0.0,0.0,9.289254619615315,8.09703620555392,strict_delta_max,2,cross_layer_handoff_executed
resource-defense_DLGPR-full_seed0,0,DLGPR-full,resource-defense,5,4,RL,1.1832369885409293,4.257799941115081,0.8165,0.8165,0.0,0.0,0.0,0.0,8.09703620555392,6.913799217012991,strict_delta_max,2,cross_layer_handoff_executed
resource-defense_DLGPR-full_seed0,0,DLGPR-full,resource-defense,5,5,PSO,2.35763771714866,2.180399955250323,0.910404,0.910404,0.0,0.0,0.0,0.04182876206444905,6.913799217012991,4.556161499864331,strict_delta_max,1,cross_layer_handoff_executed
resource-defense_DLGPR-full_seed0,0,DLGPR-full,resource-defense,5,6,RL,1.3715501066195968,4.434800008311868,0.8165,0.8165,0.0,0.0,0.0,0.0,4.556161499864331,3.184611393244734,strict_delta_max,2,cross_layer_handoff_executed
resource-defense_DLGPR-full_seed1,1,DLGPR-full,resource-defense,0,0,GA,1.9020835094768749,2.604600042104721,0.7475840000000001,0.7475840000000001,0.0,0.0,0.9187276469971314,0.10320116966747558,16.0,14.097916490523126,strict_delta_max,1,cross_layer_handoff_executed
resource-defense_DLGPR-full_seed1,1,DLGPR-full,resource-defense,0,1,PSO,1.753787846213536,2.430900000035763,0.7298560000000001,0.7298560000000001,0.0,0.0,0.0,0.07933765931040297,14.097916490523126,12.34412864430959,strict_delta_max,1,cross_layer_handoff_executed
resource-defense_DLGPR-full_seed1,1,DLGPR-full,resource-defense,0,2,RL,4.0,4.0979000041261315,0.9027639999999999,0.9027639999999999,0.0,0.012604000000000004,0.0,0.0,12.34412864430959,8.34412864430959,strict_delta_max,2,cross_layer_handoff_executed
resource-defense_DLGPR-full_seed1,1,DLGPR-full,resource-defense,0,3,GA,3.4809483824350433,2.383699989877641,0.854968,0.854968,0.0,0.0,0.8325725896037208,0.02900098157656912,8.34412864430959,4.863180261874547,strict_delta_max,1,cross_layer_handoff_executed
resource-defense_DLGPR-full_seed1,1,DLGPR-full,resource-defense,0,4,GA,2.8712549085496537,2.4328998988494277,0.6304719999999999,0.6304719999999999,0.0,0.0,0.7847072863218921,0.04197955335833807,4.863180261874547,1.991925353324893,strict_delta_max,1,cross_layer_handoff_executed
resource-defense_DLGPR-full_seed1,1,DLGPR-full,resource-defense,1,0,GA,1.8746535038726546,2.1615999285131693,0.8882079999999999,0.8882079999999999,0.0,0.0,0.7852799130792669,0.0580519545616368,16.0,14.125346496127346,strict_delta_max,1,cross_layer_handoff_executed
resource-defense_DLGPR-full_seed1,1,DLGPR-full,resource-defense,1,1,PSO,1.321118183975954,2.2461999906226993,0.8997119999999998,0.8997119999999998,0.0,0.0,0.0,0.0662290547713492,14.125346496127346,12.804228312151391,strict_delta_max,1,cross_layer_handoff_executed
resource-defense_DLGPR-full_seed1,1,DLGPR-full,resource-defense,1,2,RL,1.9367624385175606,4.188699997030199,0.9185639999999999,0.9185639999999999,0.0,0.00815794425055749,0.0,0.660252375081574,12.804228312151391,10.867465873633831,strict_delta_max,2,cross_layer_handoff_executed
resource-defense_DLGPR-full_seed1,1,DLGPR-full,resource-defense,1,3,RL,1.2888936232661523,4.106700071133673,0.9185639999999999,0.9185639999999999,0.0,0.0,0.0,0.0,10.867465873633831,9.578572250367678,strict_delta_max,2,cross_layer_handoff_executed
resource-defense_DLGPR-full_seed1,1,DLGPR-full,resource-defense,1,4,GA,1.125449288094321,2.3019000655040145,0.8619679999999998,0.8619679999999998,0.0,0.0,0.6176448981224335,0.05994432816256895,9.578572250367678,8.453122962273357,strict_delta_max,1,cross_layer_handoff_executed
resource-defense_DLGPR-full_seed1,1,DLGPR-full,resource-defense,1,5,GA,1.6240038547779034,2.467900048941374,0.854968,0.854968,0.0,0.0,0.6176448981224335,0.0750359811313315,8.453122962273357,6.829119107495453,strict_delta_max,1,cross_layer_handoff_executed
resource-defense_DLGPR-full_seed1,1,DLGPR-full,resource-defense,1,6,GA,2.5860341887568676,2.498999936506152,0.812352,0.812352,0.0,0.0,0.6176448981224335,0.029378828389268887,6.829119107495453,4.243084918738585,strict_delta_max,1,cross_layer_handoff_executed
resource-defense_DLGPR-full_seed1,1,DLGPR-full,resource-defense,1,7,GA,3.9637723397346156,2.27269995957613,0.772793,0.772793,0.0,0.0,0.6176448981224335,0.025251755542313226,4.243084918738585,0.27931257900396966,strict_delta_max,1,cross_layer_handoff_executed
resource-defense_DLGPR-full_seed1,1,DLGPR-full,resource-defense,2,0,GA,1.3698129793680338,2.249400014989078,0.854968,0.854968,0.0,0.0,0.6176448981224335,0.05524069673532097,16.0,14.630187020631967,strict_delta_max,1,cross_layer_handoff_executed
resource-defense_DLGPR-full_seed1,1,DLGPR-full,resource-defense,2,1,PSO,3.228567237763395,2.40470003336668,0.8945679999999999,0.8945679999999999,0.0,0.0,0.0,0.006014204843461055,14.630187020631967,11.401619782868572,strict_delta_max,1,cross_layer_handoff_executed
resource-defense_DLGPR-full_seed1,1,DLGPR-full,resource-defense,2,2,RL,4.0,4.25370002631098,0.8945679999999999,0.8945679999999999,0.0,0.0,0.0,0.06288149999999992,11.401619782868572,7.401619782868572,strict_delta_max,2,cross_layer_handoff_executed
resource-defense_DLGPR-full_seed1,1,DLGPR-full,resource-defense,2,3,GA,1.363779802784868,2.384799998253584,0.6657679999999999,0.6657679999999999,0.0,0.0,0.5819888828020513,0.06092424769830048,7.401619782868572,6.037839980083704,strict_delta_max,1,cross_layer_handoff_executed
resource-defense_DLGPR-full_seed1,1,DLGPR-full,resource-defense,2,4,GA,2.267903991304671,2.479699905961752,0.8676879999999999,0.8676879999999999,0.0,0.0,0.5874254254862005,0.028373291101793232,6.037839980083704,3.769935988779033,strict_delta_max,1,cross_layer_handoff_executed
resource-defense_DLGPR-full_seed1,1,DLGPR-full,resource-defense,3,0,GA,3.9408284836602614,2.4649000260978937,0.9214479999999999,0.9214479999999999,0.0,0.000731825810729353,0.5956736328775836,0.019821945298718318,16.0,12.059171516339738,strict_delta_max,1,cross_layer_handoff_executed
resource-defense_DLGPR-full_seed1,1,DLGPR-full,resource-defense,3,1,PSO,2.6060718740455444,2.3397000040858984,0.883488,0.883488,0.0,0.0,0.0,0.007403922832744184,12.059171516339738,9.453099642294195,strict_delta_max,1,cross_layer_handoff_executed
resource-defense_DLGPR-full_seed1,1,DLGPR-full,resource-defense,3,2,RL,2.151120994790533,4.0206999983638525,0.9027639999999999,0.9027639999999999,0.0,0.0,0.0,0.0890716981815604,9.453099642294195,7.301978647503661,strict_delta_max,2,cross_layer_handoff_executed
resource-defense_DLGPR-full_seed1,1,DLGPR-full,resource-defense,3,3,GA,2.0923329161472823,2.307899994775653,0.371352,0.371352,0.0,0.0,0.5506715595848108,0.028822853659827268,7.301978647503661,5.209645731356379,strict_delta_max,1,cross_layer_handoff_executed
resource-defense_DLGPR-full_seed1,1,DLGPR-full,resource-defense,3,4,GA,3.978845928992069,2.4190000258386135,0.8772239999999998,0.8772239999999998,0.0,0.0,0.5506715595848108,0.031998254380768726,5.209645731356379,1.2307998023643103,strict_delta_max,1,cross_layer_handoff_executed
resource-defense_DLGPR-full_seed1,1,DLGPR-full,resource-defense,4,0,GA,1.2181878435368159,2.368799992837012,0.854968,0.854968,0.0,0.0,0.5506715595848108,0.060412584170993426,16.0,14.781812156463184,strict_delta_max,1,cross_layer_handoff_executed
resource-defense_DLGPR-full_seed1,1,DLGPR-full,resource-defense,4,1,PSO,3.584611776130077,2.2335000103339553,0.854968,0.854968,0.0,0.0,0.0,0.027979500503970346,14.781812156463184,11.197200380333108,strict_delta_max,1,cross_layer_handoff_executed
resource-defense_DLGPR-full_seed1,1,DLGPR-full,resource-defense,4,2,RL,3.475514228088971,4.384899977594614,0.889848,0.889848,0.0,0.0,0.0,0.058272815678087675,11.197200380333108,7.721686152244137,strict_delta_max,2,cross_layer_handoff_executed
resource-defense_DLGPR-full_seed1,1,DLGPR-full,resource-defense,4,3,GA,1.7976810144523787,2.341400017030537,0.9150879999999999,0.9150879999999999,0.0,0.0,0.49010552268393703,0.04291230857101744,7.721686152244137,5.924005137791759,strict_delta_max,1,cross_layer_handoff_executed
resource-defense_DLGPR-full_seed1,1,DLGPR-full,resource-defense,4,4,GA,1.8063482246161322,2.5288000470027328,0.854968,0.854968,0.0,0.0,0.49010552268393703,0.03983522324793743,5.924005137791759,4.117656913175626,strict_delta_max,1,cross_layer_handoff_executed
resource-defense_DLGPR-full_seed1,1,DLGPR-full,resource-defense,4,5,GA,3.5320507160540764,2.402600017376244,0.8613279999999999,0.8613279999999999,0.0,0.0,0.49010552268393703,0.021402595351293567,4.117656913175626,0.5856061971215496,strict_delta_max,1,cross_layer_handoff_executed
resource-defense_DLGPR-full_seed1,1,DLGPR-full,resource-defense,5,0,GA,3.6452091169853764,2.4571000831201673,0.12170400000000003,0.12170400000000003,0.0,0.0,0.49010552268393703,0.02227928244656121,16.0,12.354790883014623,strict_delta_max,1,cross_layer_handoff_executed
resource-defense_DLGPR-full_seed1,1,DLGPR-full,resource-defense,5,1,PSO,3.410170489600129,2.535999985411763,0.8811279999999999,0.8811279999999999,0.0,0.0,0.0,0.0060956330248175886,12.354790883014623,8.944620393414494,strict_delta_max,1,cross_layer_handoff_executed
resource-defense_DLGPR-full_seed1,1,DLGPR-full,resource-defense,5,2,RL,3.8984732986683897,4.171199980191886,0.889848,0.889848,0.0,0.0,0.0,0.0,8.944620393414494,5.046147094746105,strict_delta_max,2,cross_layer_handoff_executed
resource-defense_DLGPR-full_seed1,1,DLGPR-full,resource-defense,5,3,GA,1.4164406377203114,2.215099986642599,0.854968,0.854968,0.0,0.0,0.49010552268393703,0.04762296627742813,5.046147094746105,3.6297064570257933,strict_delta_max,1,cross_layer_handoff_executed
resource-defense_DLGPR-full_seed2,2,DLGPR-full,resource-defense,0,0,GA,3.9051999001172466,2.8304000152274966,0.26544600000000007,0.26544600000000007,0.0,0.0,0.9221321296069481,0.03772849699813911,16.0,12.094800099882754,strict_delta_max,1,cross_layer_handoff_executed
resource-defense_DLGPR-full_seed2,2,DLGPR-full,resource-defense,0,1,PSO,1.0477483033184853,2.336599980480969,0.12172799999999984,0.12172799999999984,0.0,0.0,0.0,0.14499387204475772,12.094800099882754,11.047051796564268,strict_delta_max,1,cross_layer_handoff_executed
resource-defense_DLGPR-full_seed2,2,DLGPR-full,resource-defense,0,2,RL,2.0715315278143036,4.165400052443147,-0.29552199999999995,-0.29552199999999995,0.0,0.0,0.0,0.32114596908980075,11.047051796564268,8.975520268749964,strict_delta_max,2,cross_layer_handoff_executed
resource-defense_DLGPR-full_seed2,2,DLGPR-full,resource-defense,0,3,GA,2.929206743654812,2.257099957205355,0.1216279999999999,0.1216279999999999,0.0,0.0,0.9091336900778896,0.04864995141401914,8.975520268749964,6.046313525095152,strict_delta_max,1,cross_layer_handoff_executed
resource-defense_DLGPR-full_seed2,2,DLGPR-full,resource-defense,0,4,GA,3.096933392334994,2.500499947927892,-0.5327419999999999,-0.5327419999999999,0.0,0.0,0.9091336900778896,0.04432555781248093,6.046313525095152,2.9493801327601576,strict_delta_max,1,cross_layer_handoff_executed
resource-defense_DLGPR-full_seed2,2,DLGPR-full,resource-defense,1,0,GA,1.4467484594268698,2.454600064083934,0.12149600000000008,0.12149600000000008,0.0,0.0,0.8877192807451773,0.11086768786610811,16.0,14.55325154057313,strict_delta_max,1,cross_layer_handoff_executed
resource-defense_DLGPR-full_seed2,2,DLGPR-full,resource-defense,1,1,PSO,3.0105107855218862,2.208299934864044,-0.2624959999999999,-0.2624959999999999,0.0,0.0,0.0,0.039950001851189715,14.55325154057313,11.542740755051245,strict_delta_max,1,cross_layer_handoff_executed
resource-defense_DLGPR-full_seed2,2,DLGPR-full,resource-defense,1,2,RL,2.8069501560765584,4.041100037284195,-0.28364199999999995,-0.28364199999999995,0.0,0.0,0.0,0.0,11.542740755051245,8.735790598974686,strict_delta_max,2,cross_layer_handoff_executed
resource-defense_DLGPR-full_seed2,2,DLGPR-full,resource-defense,1,3,GA,2.657143144353673,2.2720000706613064,0.657472,0.657472,0.0,0.0,0.8734848921262385,0.06713515973381917,8.735790598974686,6.078647454621013,strict_delta_max,1,cross_layer_handoff_executed
resource-defense_DLGPR-full_seed2,2,DLGPR-full,resource-defense,1,4,GA,3.4651944709489504,2.527299919165671,0.657472,0.657472,0.0,0.0,0.8811730297808437,0.04751289737354706,6.078647454621013,2.6134529836720626,strict_delta_max,1,cross_layer_handoff_executed
resource-defense_DLGPR-full_seed2,2,DLGPR-full,resource-defense,2,0,GA,3.4835262763186594,2.3660999722778797,0.657472,0.657472,0.0,0.0,0.8761517238317817,0.04995308279655512,16.0,12.51647372368134,strict_delta_max,1,cross_layer_handoff_executed
resource-defense_DLGPR-full_seed2,2,DLGPR-full,resource-defense,2,1,PSO,1.2721902818890192,2.4260999634861946,-0.323072,-0.323072,0.0,0.0,0.0,0.1080888553136669,12.51647372368134,11.244283441792321,strict_delta_max,1,cross_layer_handoff_executed
resource-defense_DLGPR-full_seed2,2,DLGPR-full,resource-defense,2,2,RL,2.9479282586160123,4.0157000767067075,0.6724319999999999,0.6724319999999999,0.0,0.005074750362827135,0.0,0.07601677528787831,11.244283441792321,8.29635518317631,strict_delta_max,2,cross_layer_handoff_executed
resource-defense_DLGPR-full_seed2,2,DLGPR-full,resource-defense,2,3,GA,1.3177231204789264,2.3261000169441104,0.657472,0.657472,0.0,0.0,0.8237671360557635,0.15363357839073757,8.29635518317631,6.9786320626973835,strict_delta_max,1,cross_layer_handoff_executed
resource-defense_DLGPR-full_seed2,2,DLGPR-full,resource-defense,2,4,GA,1.4620411922705712,2.6003000093623996,0.657472,0.657472,0.0,0.0,0.7735964550683169,0.08618973570215036,6.9786320626973835,5.516590870426812,strict_delta_max,1,cross_layer_handoff_executed
resource-defense_DLGPR-full_seed2,2,DLGPR-full,resource-defense,2,5,GA,1.5928629010609505,2.4793000193312764,0.657472,0.657472,0.0,0.0,0.7006397823240899,0.11133307845476659,5.516590870426812,3.9237279693658618,strict_delta_max,1,cross_layer_handoff_executed
resource-defense_DLGPR-full_seed2,2,DLGPR-full,resource-defense,3,0,GA,3.2412174229715256,2.4991000536829233,0.657472,0.657472,0.0,0.0,0.6065926082773768,0.04310144539364562,16.0,12.758782577028475,strict_delta_max,1,cross_layer_handoff_executed
resource-defense_DLGPR-full_seed2,2,DLGPR-full,resource-defense,3,1,PSO,1.8821721775564975,2.286599949002266,0.12172799999999984,0.12172799999999984,0.0,0.0,0.0,0.069780984363148,12.758782577028475,10.876610399471977,strict_delta_max,1,cross_layer_handoff_executed
resource-defense_DLGPR-full_seed2,2,DLGPR-full,resource-defense,3,2,RL,3.610726576186453,4.257800057530403,0.657472,0.657472,0.0,0.0,0.0,0.0,10.876610399471977,7.265883823285524,strict_delta_max,2,cross_layer_handoff_executed
resource-defense_DLGPR-full_seed2,2,DLGPR-full,resource-defense,3,3,GA,3.9160329018493334,2.467900048941374,0.657472,0.657472,0.0,0.0,0.559236902790928,0.02341442969598092,7.265883823285524,3.3498509214361905,strict_delta_max,1,cross_layer_handoff_executed
resource-defense_DLGPR-full_seed2,2,DLGPR-full,resource-defense,4,0,GA,1.0608039672178422,2.469200058840215,0.657472,0.657472,0.0,0.0,0.559236902790928,0.06777907921305315,16.0,14.939196032782158,strict_delta_max,1,cross_layer_handoff_executed
resource-defense_DLGPR-full_seed2,2,DLGPR-full,resource-defense,4,1,PSO,2.1706443960788615,2.2261999547481537,-0.010721999999999954,-0.010721999999999954,0.0,0.0,0.0,0.0624365445705229,14.939196032782158,12.768551636703297,strict_delta_max,1,cross_layer_handoff_executed
resource-defense_DLGPR-full_seed2,2,DLGPR-full,resource-defense,4,2,RL,1.1830881734238365,4.31750004645437,0.657472,0.657472,0.0,0.0,0.0,0.08353561655002237,12.768551636703297,11.58546346327946,strict_delta_max,2,cross_layer_handoff_executed
resource-defense_DLGPR-full_seed2,2,DLGPR-full,resource-defense,4,3,GA,2.000212622081211,2.4563000770285726,0.657472,0.657472,0.0,0.0,0.559236902790928,0.07160225267413398,11.58546346327946,9.585250841198249,strict_delta_max,1,cross_layer_handoff_executed
resource-defense_DLGPR-full_seed2,2,DLGPR-full,resource-defense,4,4,GA,3.858013297106744,2.4851999478414655,0.657472,0.657472,0.0,0.0,0.559236902790928,0.020896805992915626,9.585250841198249,5.727237544091505,strict_delta_max,1,cross_layer_handoff_executed
resource-defense_DLGPR-full_seed2,2,DLGPR-full,resource-defense,4,5,GA,2.4881898420138473,2.6793000288307667,0.657472,0.657472,0.0,0.0,0.559236902790928,0.061429508888952225,5.727237544091505,3.2390477020776576,strict_delta_max,1,cross_layer_handoff_executed
resource-defense_DLGPR-full_seed2,2,DLGPR-full,resource-defense,5,0,GA,1.9142164263575885,2.689199987798929,0.7267159999999999,0.7267159999999999,0.0,0.028358339868231483,0.5912660030116588,0.04522655288372236,16.0,14.085783573642411,strict_delta_max,1,cross_layer_handoff_executed
resource-defense_DLGPR-full_seed2,2,DLGPR-full,resource-defense,5,1,PSO,1.7738566141062058,2.3777999449521303,0.12172799999999984,0.12172799999999984,0.0,0.0,0.0,0.09000626221728157,14.085783573642411,12.311926959536205,strict_delta_max,1,cross_layer_handoff_executed
resource-defense_DLGPR-full_seed2,2,DLGPR-full,resource-defense,5,2,RL,1.8456866504138245,4.325399990193546,0.657472,0.657472,0.0,0.0,0.0,0.0,12.311926959536205,10.46624030912238,strict_delta_max,2,cross_layer_handoff_executed
resource-defense_DLGPR-full_seed2,2,DLGPR-full,resource-defense,5,3,GA,3.3414515471386186,2.306499984115362,0.657472,0.657472,0.0,0.0,0.5912660030116588,0.03142026651589005,10.46624030912238,7.124788761983762,strict_delta_max,1,cross_layer_handoff_executed
resource-defense_DLGPR-full_seed2,2,DLGPR-full,resource-defense,5,4,GA,1.9787131433585894,2.682900056242943,0.657472,0.657472,0.0,0.0,0.5912660030116588,0.04328295265728455,7.124788761983762,5.146075618625172,strict_delta_max,1,cross_layer_handoff_executed
resource-defense_DLGPR-full_seed2,2,DLGPR-full,resource-defense,5,5,GA,1.422720275021534,2.5463999481871724,-0.1876719999999999,-0.1876719999999999,0.0,0.0,0.5912660030116588,0.08461894886139404,5.146075618625172,3.723355343603638,strict_delta_max,1,cross_layer_handoff_executed
resource-defense_fixed-split_seed0,0,fixed-split,resource-defense,0,0,GA,2.900117049606808,2.991599962115288,0.675128,0.675128,0.0,0.0,0.9088272647789373,0.05260290404668859,16.0,13.099882950393193,strict_delta_max,1,cross_layer_handoff_executed
resource-defense_fixed-split_seed0,0,fixed-split,resource-defense,0,1,PSO,1.5305249378732895,1.9380999729037285,0.10590799999999989,0.10590799999999989,0.0,0.0,0.0,0.10043349719174326,13.099882950393193,11.569358012519903,strict_delta_max,1,cross_layer_handoff_executed
resource-defense_fixed-split_seed0,0,fixed-split,resource-defense,0,2,RL,2.1785896675980054,4.226600052788854,0.7029200000000002,0.7029200000000002,0.0,0.0006022244663662349,0.0,0.17213062449408242,11.569358012519903,9.390768344921897,strict_delta_max,2,cross_layer_handoff_executed
resource-defense_fixed-split_seed0,0,fixed-split,resource-defense,0,3,GA,2.857045352822311,2.3846999974921346,0.6965199999999998,0.6965199999999998,0.0,0.0,0.8406604725099949,0.04059936913562151,9.390768344921897,6.533722992099586,strict_delta_max,1,cross_layer_handoff_executed
resource-defense_fixed-split_seed0,0,fixed-split,resource-defense,0,4,PSO,1.147541053257409,2.5473000714555383,0.9066799999999999,0.9066799999999999,0.0,0.1775622749370114,0.0,0.12318006669310327,6.533722992099586,5.386181938842176,strict_delta_max,1,cross_layer_handoff_executed
resource-defense_fixed-split_seed0,0,fixed-split,resource-defense,0,5,RL,3.859466596758335,4.4157999800518155,0.7068960000000002,0.7068960000000002,0.0,0.0,0.0,0.0,5.386181938842176,1.526715342083841,strict_delta_max,2,cross_layer_handoff_executed
resource-defense_fixed-split_seed0,0,fixed-split,resource-defense,1,0,GA,1.0387709778599095,2.2475000005215406,-0.21203000000000005,-0.21203000000000005,0.0,0.0,0.7485042278260132,0.12112416710660337,16.0,14.96122902214009,strict_delta_max,1,cross_layer_handoff_executed
resource-defense_fixed-split_seed0,0,fixed-split,resource-defense,1,1,PSO,1.8453991154895528,2.5889999233186245,0.8214279999999998,0.8214279999999998,0.0,0.0,0.0,0.07405402769062312,14.96122902214009,13.115829906650537,strict_delta_max,1,cross_layer_handoff_executed
resource-defense_fixed-split_seed0,0,fixed-split,resource-defense,1,2,RL,2.928738647300359,4.475099965929985,0.758896,0.758896,0.0,0.0,0.0,0.23211699023626856,13.115829906650537,10.18709125935018,strict_delta_max,2,cross_layer_handoff_executed
resource-defense_fixed-split_seed0,0,fixed-split,resource-defense,1,3,GA,2.446390967044077,2.603700035251677,0.701608,0.701608,0.0,0.0,0.6799484534242094,0.0691265158963363,10.18709125935018,7.740700292306102,strict_delta_max,1,cross_layer_handoff_executed
resource-defense_fixed-split_seed0,0,fixed-split,resource-defense,1,4,PSO,3.0968142867002966,2.533599967136979,0.858628,0.858628,0.0,0.0,0.0,0.03343312183384014,7.740700292306102,4.643886005605806,strict_delta_max,1,cross_layer_handoff_executed
resource-defense_fixed-split_seed0,0,fixed-split,resource-defense,1,5,RL,2.3426868247028754,4.453999921679497,0.7350940000000001,0.7350940000000001,0.0,0.0,0.0,0.0,4.643886005605806,2.3011991809029304,strict_delta_max,2,cross_layer_handoff_executed
resource-defense_fixed-split_seed0,0,fixed-split,resource-defense,2,0,GA,1.7443722188962705,2.0135000813752413,-0.21921599999999997,-0.21921599999999997,0.0,0.0,0.5908100786316843,0.07029564442885632,16.0,14.25562778110373,strict_delta_max,1,cross_layer_handoff_executed
resource-defense_fixed-split_seed0,0,fixed-split,resource-defense,2,1,PSO,1.8877925074864896,2.18990002758801,0.7911079999999999,0.7911079999999999,0.0,0.0,0.0,0.05357176613343724,14.25562778110373,12.36783527361724,strict_delta_max,1,cross_layer_handoff_executed
resource-defense_fixed-split_seed0,0,fixed-split,resource-defense,2,2,RL,3.8148213742841017,4.024899913929403,0.7350940000000001,0.7350940000000001,0.0,0.0,0.0,0.02658368244542807,12.36783527361724,8.553013899333138,strict_delta_max,2,cross_layer_handoff_executed
resource-defense_fixed-split_seed0,0,fixed-split,resource-defense,2,3,GA,2.1141661161604968,2.254400053061545,0.701608,0.701608,0.0,0.0,0.46422248121535015,0.0748632470996692,8.553013899333138,6.4388477831726405,strict_delta_max,1,cross_layer_handoff_executed
resource-defense_fixed-split_seed0,0,fixed-split,resource-defense,2,4,PSO,2.0871350118071144,2.4962000316008925,0.8078919999999998,0.8078919999999998,0.0,0.0,0.0,0.05590731083140581,6.4388477831726405,4.351712771365526,strict_delta_max,1,cross_layer_handoff_executed
resource-defense_fixed-split_seed0,0,fixed-split,resource-defense,2,5,RL,4.0,4.058399936184287,0.726196,0.726196,0.0,0.0,0.0,0.0,4.351712771365526,0.35171277136552614,strict_delta_max,2,cross_layer_handoff_executed
resource-defense_fixed-split_seed0,0,fixed-split,resource-defense,3,0,GA,3.742623707715902,2.476499998010695,0.701608,0.701608,0.0,0.0,0.421510814450338,0.020506159221624118,16.0,12.257376292284098,strict_delta_max,1,cross_layer_handoff_executed
resource-defense_fixed-split_seed0,0,fixed-split,resource-defense,3,1,PSO,1.5725020609651414,2.2956000175327063,0.842432,0.842432,0.0,0.0,0.0,0.05755619750482654,12.257376292284098,10.684874231318958,strict_delta_max,1,cross_layer_handoff_executed
resource-defense_fixed-split_seed0,0,fixed-split,resource-defense,3,2,RL,4.0,4.137600073590875,0.726196,0.726196,0.0,0.0,0.0,0.042269500000000015,10.684874231318958,6.6848742313189575,strict_delta_max,2,cross_layer_handoff_executed
resource-defense_fixed-split_seed0,0,fixed-split,resource-defense,3,3,GA,2.082256637816921,2.3702000034973025,0.7407600000000001,0.7407600000000001,0.0,0.0,0.3305026815904769,0.03715962210978182,6.6848742313189575,4.602617593502036,strict_delta_max,1,cross_layer_handoff_executed
resource-defense_fixed-split_seed0,0,fixed-split,resource-defense,3,4,PSO,2.181001103088103,3.1412000535055995,0.855664,0.855664,0.0,0.0,0.0,0.03288562606495464,4.602617593502036,2.4216164904139332,strict_delta_max,1,cross_layer_handoff_executed
resource-defense_fixed-split_seed0,0,fixed-split,resource-defense,4,0,RL,4.0,4.851100035011768,0.728468,0.728468,0.0,0.0,0.0,0.0,16.0,12.0,strict_delta_max,2,cross_layer_handoff_executed
resource-defense_fixed-split_seed0,0,fixed-split,resource-defense,4,1,GA,2.5242909841781027,2.177000045776367,-0.11494999999999977,-0.11494999999999977,0.0,0.0,0.2246010555385666,0.028931054982472476,12.0,9.475709015821897,strict_delta_max,1,cross_layer_handoff_executed
resource-defense_fixed-split_seed0,0,fixed-split,resource-defense,4,2,PSO,2.666698163112854,2.2965000243857503,0.8022179999999999,0.8022179999999999,0.0,0.0,0.0,0.05247173923737774,9.475709015821897,6.809010852709043,strict_delta_max,1,cross_layer_handoff_executed
resource-defense_fixed-split_seed0,0,fixed-split,resource-defense,4,3,RL,1.3436769145139917,4.2594000697135925,0.7591749999999998,0.7591749999999998,0.0,0.0,0.0,0.0,6.809010852709043,5.465333938195051,strict_delta_max,2,cross_layer_handoff_executed
resource-defense_fixed-split_seed0,0,fixed-split,resource-defense,4,4,GA,1.8051708872793644,2.9430000577121973,0.692868,0.692868,0.0,0.0,0.2171243002092402,0.043794703253789855,5.465333938195051,3.6601630509156866,strict_delta_max,1,cross_layer_handoff_executed
resource-defense_fixed-split_seed0,0,fixed-split,resource-defense,5,0,PSO,3.2305823023580538,2.2051999112591147,0.18358799999999992,0.18358799999999992,0.0,0.0,0.0,0.04698564770794893,16.0,12.769417697641947,strict_delta_max,1,cross_layer_handoff_executed
resource-defense_fixed-split_seed0,0,fixed-split,resource-defense,5,1,RL,1.1593904813240952,4.735999973490834,0.7714279999999998,0.7714279999999998,0.0,0.0,0.0,0.4914789358536352,12.769417697641947,11.610027216317851,strict_delta_max,2,cross_layer_handoff_executed
resource-defense_fixed-split_seed0,0,fixed-split,resource-defense,5,2,GA,3.6779086670399126,2.727900049649179,0.2778480000000001,0.2778480000000001,0.0,0.0,0.21255719577268908,0.025131307577656237,11.610027216317851,7.932118549277939,strict_delta_max,1,cross_layer_handoff_executed
resource-defense_fixed-split_seed0,0,fixed-split,resource-defense,5,3,PSO,1.5415836889167582,2.3435999173671007,0.7086559999999998,0.7086559999999998,0.0,0.0,0.0,0.08455720108290656,7.932118549277939,6.39053486036118,strict_delta_max,1,cross_layer_handoff_executed
resource-defense_fixed-split_seed0,0,fixed-split,resource-defense,5,4,RL,3.158893195203189,4.149200045503676,0.7599519999999998,0.7599519999999998,0.0,0.0,0.0,0.0,6.39053486036118,3.231641665157991,strict_delta_max,2,cross_layer_handoff_executed
resource-defense_fixed-split_seed1,1,fixed-split,resource-defense,0,0,GA,1.9020835094768749,2.6501999236643314,0.7475840000000001,0.7475840000000001,0.0,0.0,0.9187276469971314,0.10320116966747558,16.0,14.097916490523126,strict_delta_max,1,cross_layer_handoff_executed
resource-defense_fixed-split_seed1,1,fixed-split,resource-defense,0,1,PSO,1.753787846213536,2.381899976171553,0.7298560000000001,0.7298560000000001,0.0,0.0,0.0,0.07933765931040297,14.097916490523126,12.34412864430959,strict_delta_max,1,cross_layer_handoff_executed
resource-defense_fixed-split_seed1,1,fixed-split,resource-defense,0,2,RL,4.0,4.125499981455505,0.9027639999999999,0.9027639999999999,0.0,0.012604000000000004,0.0,0.0,12.34412864430959,8.34412864430959,strict_delta_max,2,cross_layer_handoff_executed
resource-defense_fixed-split_seed1,1,fixed-split,resource-defense,0,3,GA,3.4809483824350433,2.3542999988421798,0.854968,0.854968,0.0,0.0,0.8325725896037208,0.02900098157656912,8.34412864430959,4.863180261874547,strict_delta_max,1,cross_layer_handoff_executed
resource-defense_fixed-split_seed1,1,fixed-split,resource-defense,0,4,PSO,1.4038699271845236,2.2357000270858407,0.12170400000000003,0.12170400000000003,0.0,0.0,0.0,0.06255193535273662,4.863180261874547,3.459310334690023,strict_delta_max,1,cross_layer_handoff_executed
resource-defense_fixed-split_seed1,1,fixed-split,resource-defense,1,0,RL,4.0,4.295499995350838,0.9027639999999999,0.9027639999999999,0.0,0.0,0.0,0.290659,16.0,12.0,strict_delta_max,2,cross_layer_handoff_executed
resource-defense_fixed-split_seed1,1,fixed-split,resource-defense,1,1,GA,2.9511296279430206,2.342200023122132,0.8402479999999999,0.8402479999999999,0.0,0.0,0.713969529193905,0.021636768912543132,12.0,9.04887037205698,strict_delta_max,1,cross_layer_handoff_executed
resource-defense_fixed-split_seed1,1,fixed-split,resource-defense,1,2,PSO,2.110202535127694,2.2356000263243914,0.889848,0.889848,0.0,0.0,0.0,0.00804828438752089,9.04887037205698,6.938667836929286,strict_delta_max,1,cross_layer_handoff_executed
resource-defense_fixed-split_seed1,1,fixed-split,resource-defense,1,3,RL,3.5372519470062302,4.2818000074476,0.9027639999999999,0.9027639999999999,0.0,0.0,0.0,0.0,6.938667836929286,3.4014158899230553,strict_delta_max,2,cross_layer_handoff_executed
resource-defense_fixed-split_seed1,1,fixed-split,resource-defense,2,0,GA,3.1931275460903046,2.211200073361397,0.889848,0.889848,0.0,0.0,0.6095297573028537,0.021230215267887535,16.0,12.806872453909696,strict_delta_max,1,cross_layer_handoff_executed
resource-defense_fixed-split_seed1,1,fixed-split,resource-defense,2,1,PSO,3.2688546333497266,2.369399997405708,0.41209600000000013,0.41209600000000013,0.0,0.0,0.0,0.02481465226372821,12.806872453909696,9.538017820559968,strict_delta_max,1,cross_layer_handoff_executed
resource-defense_fixed-split_seed1,1,fixed-split,resource-defense,2,2,RL,3.021897131031914,4.103100043721497,0.9027639999999999,0.9027639999999999,0.0,0.0,0.0,0.0,9.538017820559968,6.516120689528055,strict_delta_max,2,cross_layer_handoff_executed
resource-defense_fixed-split_seed1,1,fixed-split,resource-defense,2,3,GA,2.394460925684707,2.3108000168576837,0.622792,0.622792,0.0,0.0,0.5849407798060527,0.029946928564862363,6.516120689528055,4.121659763843348,strict_delta_max,1,cross_layer_handoff_executed
resource-defense_fixed-split_seed1,1,fixed-split,resource-defense,2,4,PSO,2.8017412077881034,2.3893999168649316,0.854968,0.854968,0.0,0.0,0.0,0.023909200819865386,4.121659763843348,1.3199185560552444,strict_delta_max,1,cross_layer_handoff_executed
resource-defense_fixed-split_seed1,1,fixed-split,resource-defense,3,0,RL,4.0,4.136600065976381,0.9027639999999999,0.9027639999999999,0.0,0.0,0.0,0.013001500000000062,16.0,12.0,strict_delta_max,2,cross_layer_handoff_executed
resource-defense_fixed-split_seed1,1,fixed-split,resource-defense,3,1,GA,3.4772050016394647,2.445699996314943,0.854968,0.854968,0.0,0.0,0.5446873685535536,0.036346460417774826,12.0,8.522794998360535,strict_delta_max,1,cross_layer_handoff_executed
resource-defense_fixed-split_seed1,1,fixed-split,resource-defense,3,2,PSO,2.8624173430218938,2.1649000700563192,0.889848,0.889848,0.0,0.0,0.0,0.006032029716831812,8.522794998360535,5.660377655338641,strict_delta_max,1,cross_layer_handoff_executed
resource-defense_fixed-split_seed1,1,fixed-split,resource-defense,3,3,RL,1.122210409896033,3.971199970692396,0.8945679999999999,0.8945679999999999,0.0,0.0,0.0,0.30218575501488837,5.660377655338641,4.538167245442608,strict_delta_max,2,cross_layer_handoff_executed
resource-defense_fixed-split_seed1,1,fixed-split,resource-defense,3,4,GA,3.8136033046499365,2.293199999257922,0.852968,0.852968,0.0,0.0,0.5113252085758064,0.01782891385391078,4.538167245442608,0.7245639407926716,strict_delta_max,1,cross_layer_handoff_executed
resource-defense_fixed-split_seed1,1,fixed-split,resource-defense,4,0,PSO,1.2865526167477672,2.2166999988257885,0.91228,0.91228,0.0,0.007396510547742116,0.0,0.06321310433349706,16.0,14.713447383252232,strict_delta_max,1,cross_layer_handoff_executed
resource-defense_fixed-split_seed1,1,fixed-split,resource-defense,4,1,RL,4.0,4.000699962489307,0.8945679999999999,0.8945679999999999,0.0,0.0,0.0,0.059742500000000004,14.713447383252232,10.713447383252232,strict_delta_max,2,cross_layer_handoff_executed
resource-defense_fixed-split_seed1,1,fixed-split,resource-defense,4,2,GA,3.3427080385879195,2.3250000085681677,0.6304719999999999,0.6304719999999999,0.0,0.0,0.39979681068997,0.022680902818723727,10.713447383252232,7.370739344664313,strict_delta_max,1,cross_layer_handoff_executed
resource-defense_fixed-split_seed1,1,fixed-split,resource-defense,4,3,PSO,2.497969978354465,2.1712000016123056,0.92222,0.92222,0.0,0.003979231170163231,0.0,0.023203267306547825,7.370739344664313,4.872769366309848,strict_delta_max,1,cross_layer_handoff_executed
resource-defense_fixed-split_seed1,1,fixed-split,resource-defense,4,4,RL,1.155933396391025,4.092399962246418,0.9027639999999999,0.9027639999999999,0.0,0.0,0.0,0.0,4.872769366309848,3.716835969918823,strict_delta_max,2,cross_layer_handoff_executed
resource-defense_fixed-split_seed1,1,fixed-split,resource-defense,5,0,GA,3.5714878861528216,2.3763999342918396,0.8677999999999999,0.8677999999999999,0.0,0.0,0.28208836338198373,0.022246770633737332,16.0,12.428512113847178,strict_delta_max,1,cross_layer_handoff_executed
resource-defense_fixed-split_seed1,1,fixed-split,resource-defense,5,1,PSO,1.0,2.199399983510375,0.8613279999999999,0.8613279999999999,0.0,0.0,0.0,0.08286470548104408,12.428512113847178,11.428512113847178,strict_delta_max,1,cross_layer_handoff_executed
resource-defense_fixed-split_seed1,1,fixed-split,resource-defense,5,2,RL,2.860745536466986,3.937500063329935,0.9027639999999999,0.9027639999999999,0.0,0.0,0.0,0.08583356921121042,11.428512113847178,8.567766577380192,strict_delta_max,2,cross_layer_handoff_executed
resource-defense_fixed-split_seed1,1,fixed-split,resource-defense,5,3,GA,2.2549047364175645,2.335399971343577,0.12170400000000003,0.12170400000000003,0.0,0.0,0.1609778625380336,0.03171686143235012,8.567766577380192,6.312861840962627,strict_delta_max,1,cross_layer_handoff_executed
resource-defense_fixed-split_seed1,1,fixed-split,resource-defense,5,4,PSO,3.3600420251679135,2.1726000122725964,0.8402479999999999,0.8402479999999999,0.0,0.0,0.0,0.023787425604004132,6.312861840962627,2.952819815794714,strict_delta_max,1,cross_layer_handoff_executed
resource-defense_fixed-split_seed2,2,fixed-split,resource-defense,0,0,GA,3.9051999001172466,2.5665999855846167,0.26544600000000007,0.26544600000000007,0.0,0.0,0.9221321296069481,0.03772849699813911,16.0,12.094800099882754,strict_delta_max,1,cross_layer_handoff_executed
resource-defense_fixed-split_seed2,2,fixed-split,resource-defense,0,1,PSO,1.0477483033184853,2.203900017775595,0.12172799999999984,0.12172799999999984,0.0,0.0,0.0,0.14499387204475772,12.094800099882754,11.047051796564268,strict_delta_max,1,cross_layer_handoff_executed
resource-defense_fixed-split_seed2,2,fixed-split,resource-defense,0,2,RL,2.0715315278143036,4.08309989143163,-0.29552199999999995,-0.29552199999999995,0.0,0.0,0.0,0.32114596908980075,11.047051796564268,8.975520268749964,strict_delta_max,2,cross_layer_handoff_executed
resource-defense_fixed-split_seed2,2,fixed-split,resource-defense,0,3,GA,2.929206743654812,2.110100002028048,0.1216279999999999,0.1216279999999999,0.0,0.0,0.9091336900778896,0.04864995141401914,8.975520268749964,6.046313525095152,strict_delta_max,1,cross_layer_handoff_executed
resource-defense_fixed-split_seed2,2,fixed-split,resource-defense,0,4,PSO,1.2040818476112218,2.209699945524335,0.12172799999999984,0.12172799999999984,0.0,0.0,0.0,0.11687578326066757,6.046313525095152,4.84223167748393,strict_delta_max,1,cross_layer_handoff_executed
resource-defense_fixed-split_seed2,2,fixed-split,resource-defense,0,5,RL,1.104152196523844,4.012000048533082,-0.222992,-0.222992,0.0,0.0,0.0,0.0,4.84223167748393,3.738079480960086,strict_delta_max,2,cross_layer_handoff_executed
resource-defense_fixed-split_seed2,2,fixed-split,resource-defense,1,0,GA,3.5060691506154504,2.3153999354690313,0.657472,0.657472,0.0,0.0,0.9031393577729832,0.04976998442690581,16.0,12.49393084938455,strict_delta_max,1,cross_layer_handoff_executed
resource-defense_fixed-split_seed2,2,fixed-split,resource-defense,1,1,PSO,3.2964373236457085,2.265300019644201,0.04307799999999995,0.04307799999999995,0.0,0.0,0.0,0.03816598684789514,12.49393084938455,9.19749352573884,strict_delta_max,1,cross_layer_handoff_executed
resource-defense_fixed-split_seed2,2,fixed-split,resource-defense,1,2,RL,3.5803501118292886,4.065399989485741,-0.07732199999999997,-0.07732199999999997,0.0,0.0,0.0,0.0,9.19749352573884,5.617143413909552,strict_delta_max,2,cross_layer_handoff_executed
resource-defense_fixed-split_seed2,2,fixed-split,resource-defense,1,3,GA,2.3272677848466587,2.233699895441532,0.526882,0.526882,0.0,0.0,0.8900692926057706,0.07106040493439252,5.617143413909552,3.2898756290628937,strict_delta_max,1,cross_layer_handoff_executed
resource-defense_fixed-split_seed2,2,fixed-split,resource-defense,2,0,PSO,3.519720276980774,2.1196999587118626,0.12172799999999984,0.12172799999999984,0.0,0.0,0.0,0.03548146890232629,16.0,12.480279723019226,strict_delta_max,1,cross_layer_handoff_executed
resource-defense_fixed-split_seed2,2,fixed-split,resource-defense,2,1,RL,3.4045179352849386,4.08480002079159,0.677516,0.677516,0.0,0.005887470819953984,0.0,0.0,12.480279723019226,9.075761787734287,strict_delta_max,2,cross_layer_handoff_executed
resource-defense_fixed-split_seed2,2,fixed-split,resource-defense,2,2,GA,3.8049898325274754,2.3379999911412597,0.657472,0.657472,0.0,0.0,0.8787079747592791,0.0420513290881972,9.075761787734287,5.270771955206811,strict_delta_max,1,cross_layer_handoff_executed
resource-defense_fixed-split_seed2,2,fixed-split,resource-defense,2,3,PSO,3.554799386212883,2.3040000814944506,0.15024799999999983,0.15024799999999983,0.0,0.0,0.0,0.03660608418710082,5.270771955206811,1.7159725689939282,strict_delta_max,1,cross_layer_handoff_executed
resource-defense_fixed-split_seed2,2,fixed-split,resource-defense,3,0,RL,2.1014485342469094,4.0602999506518245,0.7161119999999999,0.7161119999999999,0.0,0.018366378891040223,0.0,0.10573849246307172,16.0,13.89855146575309,strict_delta_max,2,cross_layer_handoff_executed
resource-defense_fixed-split_seed2,2,fixed-split,resource-defense,3,1,GA,1.5757689899186331,2.2261999547481537,0.657472,0.657472,0.0,0.0,0.8084814045500452,0.12413067857199601,13.89855146575309,12.322782475834458,strict_delta_max,1,cross_layer_handoff_executed
resource-defense_fixed-split_seed2,2,fixed-split,resource-defense,3,2,PSO,1.7196731665175935,2.3427000269293785,0.8006059999999999,0.8006059999999999,0.0,0.049133754974559365,0.0,0.04557908232919515,12.322782475834458,10.603109309316865,strict_delta_max,1,cross_layer_handoff_executed
resource-defense_fixed-split_seed2,2,fixed-split,resource-defense,3,3,RL,1.5382874624470662,4.0645000990480185,0.7161119999999999,0.7161119999999999,0.0,0.0,0.0,0.0,10.603109309316865,9.0648218468698,strict_delta_max,2,cross_layer_handoff_executed
resource-defense_fixed-split_seed2,2,fixed-split,resource-defense,3,4,GA,3.172897865185073,2.405199920758605,0.59117,0.59117,0.0,0.0,0.6722370594113442,0.028523304288160183,9.0648218468698,5.891923981684727,strict_delta_max,1,cross_layer_handoff_executed
resource-defense_fixed-split_seed2,2,fixed-split,resource-defense,3,5,PSO,2.061633490747105,2.2179000079631805,0.06502800000000014,0.06502800000000014,0.0,0.0,0.0,0.05900387287653524,5.891923981684727,3.830290490937622,strict_delta_max,1,cross_layer_handoff_executed
resource-defense_fixed-split_seed2,2,fixed-split,resource-defense,4,0,RL,3.560243772669269,3.4872000105679035,0.646258,0.646258,0.0,0.0,0.0,0.0,16.0,12.439756227330731,strict_delta_max,2,cross_layer_handoff_executed
resource-defense_fixed-split_seed2,2,fixed-split,resource-defense,4,1,GA,3.9680375939724826,2.3130999179556966,-0.27447199999999994,-0.27447199999999994,0.0,0.0,0.6174481967390001,0.01690469704325449,12.439756227330731,8.471718633358249,strict_delta_max,1,cross_layer_handoff_executed
resource-defense_fixed-split_seed2,2,fixed-split,resource-defense,4,2,PSO,2.5127679717935427,2.230499987490475,0.7161119999999999,0.7161119999999999,0.0,0.0,0.0,0.01668407580018685,8.471718633358249,5.958950661564706,strict_delta_max,1,cross_layer_handoff_executed
resource-defense_fixed-split_seed2,2,fixed-split,resource-defense,4,3,RL,3.7100201692069317,4.150299937464297,0.646258,0.646258,0.0,0.0,0.0,0.43280249884550953,5.958950661564706,2.248930492357774,strict_delta_max,2,cross_layer_handoff_executed
resource-defense_fixed-split_seed2,2,fixed-split,resource-defense,5,0,GA,3.3824575939200088,2.2670000325888395,0.5903740000000001,0.5903740000000001,0.0,0.0,0.5240588612819085,0.023081794692141125,16.0,12.617542406079991,strict_delta_max,1,cross_layer_handoff_executed
resource-defense_fixed-split_seed2,2,fixed-split,resource-defense,5,1,PSO,3.266358304072535,2.346399938687682,0.12172799999999984,0.12172799999999984,0.0,0.0,0.0,0.028165308382382535,12.617542406079991,9.351184102007457,strict_delta_max,1,cross_layer_handoff_executed
resource-defense_fixed-split_seed2,2,fixed-split,resource-defense,5,2,RL,2.175327078120747,4.4235000386834145,0.7161119999999999,0.7161119999999999,0.0,0.0,0.0,0.17457512657272253,9.351184102007457,7.17585702388671,strict_delta_max,2,cross_layer_handoff_executed
resource-defense_fixed-split_seed2,2,fixed-split,resource-defense,5,3,GA,2.0424889183393113,2.287799958139658,0.876954,0.876954,0.0,0.03737988456851772,0.49627931923502183,0.07966320395306985,7.17585702388671,5.133368105547399,strict_delta_max,1,cross_layer_handoff_executed
resource-defense_fixed-split_seed2,2,fixed-split,resource-defense,5,4,PSO,2.6977349717159167,2.3287999210879207,0.12172799999999984,0.12172799999999984,0.0,0.0,0.0,0.036302547511656805,5.133368105547399,2.4356331338314825,strict_delta_max,1,cross_layer_handoff_executed
resource-defense_round-robin_seed0,0,round-robin,resource-defense,0,0,GA,2.900117049606808,2.725500031374395,0.675128,0.675128,0.0,0.0,0.9088272647789373,0.05260290404668859,16.0,13.099882950393193,strict_delta_max,1,cross_layer_handoff_executed
resource-defense_round-robin_seed0,0,round-robin,resource-defense,0,1,PSO,1.5305249378732895,2.026400063186884,0.10590799999999989,0.10590799999999989,0.0,0.0,0.0,0.10043349719174326,13.099882950393193,11.569358012519903,strict_delta_max,1,cross_layer_handoff_executed
resource-defense_round-robin_seed0,0,round-robin,resource-defense,0,2,RL,2.1785896675980054,4.184599965810776,0.7029200000000002,0.7029200000000002,0.0,0.0006022244663662349,0.0,0.17213062449408242,11.569358012519903,9.390768344921897,strict_delta_max,2,cross_layer_handoff_executed
resource-defense_round-robin_seed0,0,round-robin,resource-defense,0,3,GA,2.857045352822311,2.2844000486657023,0.6965199999999998,0.6965199999999998,0.0,0.0,0.8406604725099949,0.04059936913562151,9.390768344921897,6.533722992099586,strict_delta_max,1,cross_layer_handoff_executed
resource-defense_round-robin_seed0,0,round-robin,resource-defense,0,4,PSO,1.147541053257409,2.4031000211834908,0.9066799999999999,0.9066799999999999,0.0,0.1775622749370114,0.0,0.12318006669310327,6.533722992099586,5.386181938842176,strict_delta_max,1,cross_layer_handoff_executed
resource-defense_round-robin_seed0,0,round-robin,resource-defense,0,5,RL,3.859466596758335,4.138799966312945,0.7068960000000002,0.7068960000000002,0.0,0.0,0.0,0.0,5.386181938842176,1.526715342083841,strict_delta_max,2,cross_layer_handoff_executed
resource-defense_round-robin_seed0,0,round-robin,resource-defense,1,0,GA,1.0387709778599095,2.0960000110790133,-0.21203000000000005,-0.21203000000000005,0.0,0.0,0.7485042278260132,0.12112416710660337,16.0,14.96122902214009,strict_delta_max,1,cross_layer_handoff_executed
resource-defense_round-robin_seed0,0,round-robin,resource-defense,1,1,PSO,1.8453991154895528,2.378300065174699,0.8214279999999998,0.8214279999999998,0.0,0.0,0.0,0.07405402769062312,14.96122902214009,13.115829906650537,strict_delta_max,1,cross_layer_handoff_executed
resource-defense_round-robin_seed0,0,round-robin,resource-defense,1,2,RL,2.928738647300359,3.9866999723017216,0.758896,0.758896,0.0,0.0,0.0,0.23211699023626856,13.115829906650537,10.18709125935018,strict_delta_max,2,cross_layer_handoff_executed
resource-defense_round-robin_seed0,0,round-robin,resource-defense,1,3,GA,2.446390967044077,2.245199983008206,0.701608,0.701608,0.0,0.0,0.6799484534242094,0.0691265158963363,10.18709125935018,7.740700292306102,strict_delta_max,1,cross_layer_handoff_executed
resource-defense_round-robin_seed0,0,round-robin,resource-defense,1,4,PSO,3.0968142867002966,2.307899994775653,0.858628,0.858628,0.0,0.0,0.0,0.03343312183384014,7.740700292306102,4.643886005605806,strict_delta_max,1,cross_layer_handoff_executed
resource-defense_round-robin_seed0,0,round-robin,resource-defense,1,5,RL,2.3426868247028754,4.003799986094236,0.7350940000000001,0.7350940000000001,0.0,0.0,0.0,0.0,4.643886005605806,2.3011991809029304,strict_delta_max,2,cross_layer_handoff_executed
resource-defense_round-robin_seed0,0,round-robin,resource-defense,2,0,GA,1.7443722188962705,2.280400018207729,-0.21921599999999997,-0.21921599999999997,0.0,0.0,0.5908100786316843,0.07029564442885632,16.0,14.25562778110373,strict_delta_max,1,cross_layer_handoff_executed
resource-defense_round-robin_seed0,0,round-robin,resource-defense,2,1,PSO,1.8877925074864896,2.257599961012602,0.7911079999999999,0.7911079999999999,0.0,0.0,0.0,0.05357176613343724,14.25562778110373,12.36783527361724,strict_delta_max,1,cross_layer_handoff_executed
resource-defense_round-robin_seed0,0,round-robin,resource-defense,2,2,RL,3.8148213742841017,4.0941000916063786,0.7350940000000001,0.7350940000000001,0.0,0.0,0.0,0.02658368244542807,12.36783527361724,8.553013899333138,strict_delta_max,2,cross_layer_handoff_executed
resource-defense_round-robin_seed0,0,round-robin,resource-defense,2,3,GA,2.1141661161604968,2.306699985638261,0.701608,0.701608,0.0,0.0,0.46422248121535015,0.0748632470996692,8.553013899333138,6.4388477831726405,strict_delta_max,1,cross_layer_handoff_executed
resource-defense_round-robin_seed0,0,round-robin,resource-defense,2,4,PSO,2.0871350118071144,2.2223000414669514,0.8078919999999998,0.8078919999999998,0.0,0.0,0.0,0.05590731083140581,6.4388477831726405,4.351712771365526,strict_delta_max,1,cross_layer_handoff_executed
resource-defense_round-robin_seed0,0,round-robin,resource-defense,2,5,RL,4.0,4.051600000821054,0.726196,0.726196,0.0,0.0,0.0,0.0,4.351712771365526,0.35171277136552614,strict_delta_max,2,cross_layer_handoff_executed
resource-defense_round-robin_seed0,0,round-robin,resource-defense,3,0,GA,3.742623707715902,2.432400011457503,0.701608,0.701608,0.0,0.0,0.421510814450338,0.020506159221624118,16.0,12.257376292284098,strict_delta_max,1,cross_layer_handoff_executed
resource-defense_round-robin_seed0,0,round-robin,resource-defense,3,1,PSO,1.5725020609651414,2.2933000000193715,0.842432,0.842432,0.0,0.0,0.0,0.05755619750482654,12.257376292284098,10.684874231318958,strict_delta_max,1,cross_layer_handoff_executed
resource-defense_round-robin_seed0,0,round-robin,resource-defense,3,2,RL,4.0,3.9256999734789133,0.726196,0.726196,0.0,0.0,0.0,0.042269500000000015,10.684874231318958,6.6848742313189575,strict_delta_max,2,cross_layer_handoff_executed
resource-defense_round-robin_seed0,0,round-robin,resource-defense,3,3,GA,2.082256637816921,2.2544999374076724,0.7407600000000001,0.7407600000000001,0.0,0.0,0.3305026815904769,0.03715962210978182,6.6848742313189575,4.602617593502036,strict_delta_max,1,cross_layer_handoff_executed
resource-defense_round-robin_seed0,0,round-robin,resource-defense,3,4,PSO,2.181001103088103,2.122199977748096,0.855664,0.855664,0.0,0.0,0.0,0.03288562606495464,4.602617593502036,2.4216164904139332,strict_delta_max,1,cross_layer_handoff_executed
resource-defense_round-robin_seed0,0,round-robin,resource-defense,4,0,RL,4.0,4.053000011481345,0.728468,0.728468,0.0,0.0,0.0,0.0,16.0,12.0,strict_delta_max,2,cross_layer_handoff_executed
resource-defense_round-robin_seed0,0,round-robin,resource-defense,4,1,GA,2.5242909841781027,2.252899925224483,-0.11494999999999977,-0.11494999999999977,0.0,0.0,0.2246010555385666,0.028931054982472476,12.0,9.475709015821897,strict_delta_max,1,cross_layer_handoff_executed
resource-defense_round-robin_seed0,0,round-robin,resource-defense,4,2,PSO,2.666698163112854,2.164799952879548,0.8022179999999999,0.8022179999999999,0.0,0.0,0.0,0.05247173923737774,9.475709015821897,6.809010852709043,strict_delta_max,1,cross_layer_handoff_executed
resource-defense_round-robin_seed0,0,round-robin,resource-defense,4,3,RL,1.3436769145139917,3.9328000275418162,0.7591749999999998,0.7591749999999998,0.0,0.0,0.0,0.0,6.809010852709043,5.465333938195051,strict_delta_max,2,cross_layer_handoff_executed
resource-defense_round-robin_seed0,0,round-robin,resource-defense,4,4,GA,1.8051708872793644,2.210400067269802,0.692868,0.692868,0.0,0.0,0.2171243002092402,0.043794703253789855,5.465333938195051,3.6601630509156866,strict_delta_max,1,cross_layer_handoff_executed
resource-defense_round-robin_seed0,0,round-robin,resource-defense,5,0,PSO,3.2305823023580538,1.8659000052139163,0.18358799999999992,0.18358799999999992,0.0,0.0,0.0,0.04698564770794893,16.0,12.769417697641947,strict_delta_max,1,cross_layer_handoff_executed
resource-defense_round-robin_seed0,0,round-robin,resource-defense,5,1,RL,1.1593904813240952,3.9839999517425895,0.7714279999999998,0.7714279999999998,0.0,0.0,0.0,0.4914789358536352,12.769417697641947,11.610027216317851,strict_delta_max,2,cross_layer_handoff_executed
resource-defense_round-robin_seed0,0,round-robin,resource-defense,5,2,GA,3.6779086670399126,2.338699996471405,0.2778480000000001,0.2778480000000001,0.0,0.0,0.21255719577268908,0.025131307577656237,11.610027216317851,7.932118549277939,strict_delta_max,1,cross_layer_handoff_executed
resource-defense_round-robin_seed0,0,round-robin,resource-defense,5,3,PSO,1.5415836889167582,2.299100044183433,0.7086559999999998,0.7086559999999998,0.0,0.0,0.0,0.08455720108290656,7.932118549277939,6.39053486036118,strict_delta_max,1,cross_layer_handoff_executed
resource-defense_round-robin_seed0,0,round-robin,resource-defense,5,4,RL,3.158893195203189,3.9692000718787313,0.7599519999999998,0.7599519999999998,0.0,0.0,0.0,0.0,6.39053486036118,3.231641665157991,strict_delta_max,2,cross_layer_handoff_executed
resource-defense_round-robin_seed1,1,round-robin,resource-defense,0,0,GA,1.9020835094768749,2.730199950747192,0.7475840000000001,0.7475840000000001,0.0,0.0,0.9187276469971314,0.10320116966747558,16.0,14.097916490523126,strict_delta_max,1,cross_layer_handoff_executed
resource-defense_round-robin_seed1,1,round-robin,resource-defense,0,1,PSO,1.753787846213536,2.251699916087091,0.7298560000000001,0.7298560000000001,0.0,0.0,0.0,0.07933765931040297,14.097916490523126,12.34412864430959,strict_delta_max,1,cross_layer_handoff_executed
resource-defense_round-robin_seed1,1,round-robin,resource-defense,0,2,RL,4.0,4.220000002533197,0.9027639999999999,0.9027639999999999,0.0,0.012604000000000004,0.0,0.0,12.34412864430959,8.34412864430959,strict_delta_max,2,cross_layer_handoff_executed
resource-defense_round-robin_seed1,1,round-robin,resource-defense,0,3,GA,3.4809483824350433,2.4989000521600246,0.854968,0.854968,0.0,0.0,0.8325725896037208,0.02900098157656912,8.34412864430959,4.863180261874547,strict_delta_max,1,cross_layer_handoff_executed
resource-defense_round-robin_seed1,1,round-robin,resource-defense,0,4,PSO,1.4038699271845236,2.247900003567338,0.12170400000000003,0.12170400000000003,0.0,0.0,0.0,0.06255193535273662,4.863180261874547,3.459310334690023,strict_delta_max,1,cross_layer_handoff_executed
resource-defense_round-robin_seed1,1,round-robin,resource-defense,1,0,RL,4.0,4.072200041264296,0.9027639999999999,0.9027639999999999,0.0,0.0,0.0,0.290659,16.0,12.0,strict_delta_max,2,cross_layer_handoff_executed
resource-defense_round-robin_seed1,1,round-robin,resource-defense,1,1,GA,2.9511296279430206,2.306499984115362,0.8402479999999999,0.8402479999999999,0.0,0.0,0.713969529193905,0.021636768912543132,12.0,9.04887037205698,strict_delta_max,1,cross_layer_handoff_executed
resource-defense_round-robin_seed1,1,round-robin,resource-defense,1,2,PSO,2.110202535127694,2.7969999937340617,0.889848,0.889848,0.0,0.0,0.0,0.00804828438752089,9.04887037205698,6.938667836929286,strict_delta_max,1,cross_layer_handoff_executed
resource-defense_round-robin_seed1,1,round-robin,resource-defense,1,3,RL,3.5372519470062302,4.870000062510371,0.9027639999999999,0.9027639999999999,0.0,0.0,0.0,0.0,6.938667836929286,3.4014158899230553,strict_delta_max,2,cross_layer_handoff_executed
resource-defense_round-robin_seed1,1,round-robin,resource-defense,2,0,GA,3.1931275460903046,2.3658000864088535,0.889848,0.889848,0.0,0.0,0.6095297573028537,0.021230215267887535,16.0,12.806872453909696,strict_delta_max,1,cross_layer_handoff_executed
resource-defense_round-robin_seed1,1,round-robin,resource-defense,2,1,PSO,3.2688546333497266,2.265700022689998,0.41209600000000013,0.41209600000000013,0.0,0.0,0.0,0.02481465226372821,12.806872453909696,9.538017820559968,strict_delta_max,1,cross_layer_handoff_executed
resource-defense_round-robin_seed1,1,round-robin,resource-defense,2,2,RL,3.021897131031914,4.072899930179119,0.9027639999999999,0.9027639999999999,0.0,0.0,0.0,0.0,9.538017820559968,6.516120689528055,strict_delta_max,2,cross_layer_handoff_executed
resource-defense_round-robin_seed1,1,round-robin,resource-defense,2,3,GA,2.394460925684707,2.2405999479815364,0.622792,0.622792,0.0,0.0,0.5849407798060527,0.029946928564862363,6.516120689528055,4.121659763843348,strict_delta_max,1,cross_layer_handoff_executed
resource-defense_round-robin_seed1,1,round-robin,resource-defense,2,4,PSO,2.8017412077881034,2.202400006353855,0.854968,0.854968,0.0,0.0,0.0,0.023909200819865386,4.121659763843348,1.3199185560552444,strict_delta_max,1,cross_layer_handoff_executed
resource-defense_round-robin_seed1,1,round-robin,resource-defense,3,0,RL,4.0,4.003799986094236,0.9027639999999999,0.9027639999999999,0.0,0.0,0.0,0.013001500000000062,16.0,12.0,strict_delta_max,2,cross_layer_handoff_executed
resource-defense_round-robin_seed1,1,round-robin,resource-defense,3,1,GA,3.4772050016394647,2.2249999456107616,0.854968,0.854968,0.0,0.0,0.5446873685535536,0.036346460417774826,12.0,8.522794998360535,strict_delta_max,1,cross_layer_handoff_executed
resource-defense_round-robin_seed1,1,round-robin,resource-defense,3,2,PSO,2.8624173430218938,2.2371000377461314,0.889848,0.889848,0.0,0.0,0.0,0.006032029716831812,8.522794998360535,5.660377655338641,strict_delta_max,1,cross_layer_handoff_executed
resource-defense_round-robin_seed1,1,round-robin,resource-defense,3,3,RL,1.122210409896033,4.370299982838333,0.8945679999999999,0.8945679999999999,0.0,0.0,0.0,0.30218575501488837,5.660377655338641,4.538167245442608,strict_delta_max,2,cross_layer_handoff_executed
resource-defense_round-robin_seed1,1,round-robin,resource-defense,3,4,GA,3.8136033046499365,2.176300040446222,0.852968,0.852968,0.0,0.0,0.5113252085758064,0.01782891385391078,4.538167245442608,0.7245639407926716,strict_delta_max,1,cross_layer_handoff_executed
resource-defense_round-robin_seed1,1,round-robin,resource-defense,4,0,PSO,1.2865526167477672,2.0864999387413263,0.91228,0.91228,0.0,0.007396510547742116,0.0,0.06321310433349706,16.0,14.713447383252232,strict_delta_max,1,cross_layer_handoff_executed
resource-defense_round-robin_seed1,1,round-robin,resource-defense,4,1,RL,4.0,3.940400085411966,0.8945679999999999,0.8945679999999999,0.0,0.0,0.0,0.059742500000000004,14.713447383252232,10.713447383252232,strict_delta_max,2,cross_layer_handoff_executed
resource-defense_round-robin_seed1,1,round-robin,resource-defense,4,2,GA,3.3427080385879195,2.38389999140054,0.6304719999999999,0.6304719999999999,0.0,0.0,0.39979681068997,0.022680902818723727,10.713447383252232,7.370739344664313,strict_delta_max,1,cross_layer_handoff_executed
resource-defense_round-robin_seed1,1,round-robin,resource-defense,4,3,PSO,2.497969978354465,2.2832000395283103,0.92222,0.92222,0.0,0.003979231170163231,0.0,0.023203267306547825,7.370739344664313,4.872769366309848,strict_delta_max,1,cross_layer_handoff_executed
resource-defense_round-robin_seed1,1,round-robin,resource-defense,4,4,RL,1.155933396391025,4.0354999946430326,0.9027639999999999,0.9027639999999999,0.0,0.0,0.0,0.0,4.872769366309848,3.716835969918823,strict_delta_max,2,cross_layer_handoff_executed
resource-defense_round-robin_seed1,1,round-robin,resource-defense,5,0,GA,3.5714878861528216,2.395499963313341,0.8677999999999999,0.8677999999999999,0.0,0.0,0.28208836338198373,0.022246770633737332,16.0,12.428512113847178,strict_delta_max,1,cross_layer_handoff_executed
resource-defense_round-robin_seed1,1,round-robin,resource-defense,5,1,PSO,1.0,2.3115999065339565,0.8613279999999999,0.8613279999999999,0.0,0.0,0.0,0.08286470548104408,12.428512113847178,11.428512113847178,strict_delta_max,1,cross_layer_handoff_executed
resource-defense_round-robin_seed1,1,round-robin,resource-defense,5,2,RL,2.860745536466986,4.039500025101006,0.9027639999999999,0.9027639999999999,0.0,0.0,0.0,0.08583356921121042,11.428512113847178,8.567766577380192,strict_delta_max,2,cross_layer_handoff_executed
resource-defense_round-robin_seed1,1,round-robin,resource-defense,5,3,GA,2.2549047364175645,2.3927000584080815,0.12170400000000003,0.12170400000000003,0.0,0.0,0.1609778625380336,0.03171686143235012,8.567766577380192,6.312861840962627,strict_delta_max,1,cross_layer_handoff_executed
resource-defense_round-robin_seed1,1,round-robin,resource-defense,5,4,PSO,3.3600420251679135,2.3202000884339213,0.8402479999999999,0.8402479999999999,0.0,0.0,0.0,0.023787425604004132,6.312861840962627,2.952819815794714,strict_delta_max,1,cross_layer_handoff_executed
resource-defense_round-robin_seed2,2,round-robin,resource-defense,0,0,GA,3.9051999001172466,2.58089997805655,0.26544600000000007,0.26544600000000007,0.0,0.0,0.9221321296069481,0.03772849699813911,16.0,12.094800099882754,strict_delta_max,1,cross_layer_handoff_executed
resource-defense_round-robin_seed2,2,round-robin,resource-defense,0,1,PSO,1.0477483033184853,2.3102000122889876,0.12172799999999984,0.12172799999999984,0.0,0.0,0.0,0.14499387204475772,12.094800099882754,11.047051796564268,strict_delta_max,1,cross_layer_handoff_executed
resource-defense_round-robin_seed2,2,round-robin,resource-defense,0,2,RL,2.0715315278143036,3.9414999773725867,-0.29552199999999995,-0.29552199999999995,0.0,0.0,0.0,0.32114596908980075,11.047051796564268,8.975520268749964,strict_delta_max,2,cross_layer_handoff_executed
resource-defense_round-robin_seed2,2,round-robin,resource-defense,0,3,GA,2.929206743654812,2.1220999769866467,0.1216279999999999,0.1216279999999999,0.0,0.0,0.9091336900778896,0.04864995141401914,8.975520268749964,6.046313525095152,strict_delta_max,1,cross_layer_handoff_executed
resource-defense_round-robin_seed2,2,round-robin,resource-defense,0,4,PSO,1.2040818476112218,2.2797000128775835,0.12172799999999984,0.12172799999999984,0.0,0.0,0.0,0.11687578326066757,6.046313525095152,4.84223167748393,strict_delta_max,1,cross_layer_handoff_executed
resource-defense_round-robin_seed2,2,round-robin,resource-defense,0,5,RL,1.104152196523844,3.9420999819412827,-0.222992,-0.222992,0.0,0.0,0.0,0.0,4.84223167748393,3.738079480960086,strict_delta_max,2,cross_layer_handoff_executed
resource-defense_round-robin_seed2,2,round-robin,resource-defense,1,0,GA,3.5060691506154504,2.336299978196621,0.657472,0.657472,0.0,0.0,0.9031393577729832,0.04976998442690581,16.0,12.49393084938455,strict_delta_max,1,cross_layer_handoff_executed
resource-defense_round-robin_seed2,2,round-robin,resource-defense,1,1,PSO,3.2964373236457085,2.2211000323295593,0.04307799999999995,0.04307799999999995,0.0,0.0,0.0,0.03816598684789514,12.49393084938455,9.19749352573884,strict_delta_max,1,cross_layer_handoff_executed
resource-defense_round-robin_seed2,2,round-robin,resource-defense,1,2,RL,3.5803501118292886,4.044899949803948,-0.07732199999999997,-0.07732199999999997,0.0,0.0,0.0,0.0,9.19749352573884,5.617143413909552,strict_delta_max,2,cross_layer_handoff_executed
resource-defense_round-robin_seed2,2,round-robin,resource-defense,1,3,GA,2.3272677848466587,2.242199960164726,0.526882,0.526882,0.0,0.0,0.8900692926057706,0.07106040493439252,5.617143413909552,3.2898756290628937,strict_delta_max,1,cross_layer_handoff_executed
resource-defense_round-robin_seed2,2,round-robin,resource-defense,2,0,PSO,3.519720276980774,2.0568000618368387,0.12172799999999984,0.12172799999999984,0.0,0.0,0.0,0.03548146890232629,16.0,12.480279723019226,strict_delta_max,1,cross_layer_handoff_executed
resource-defense_round-robin_seed2,2,round-robin,resource-defense,2,1,RL,3.4045179352849386,4.106700071133673,0.677516,0.677516,0.0,0.005887470819953984,0.0,0.0,12.480279723019226,9.075761787734287,strict_delta_max,2,cross_layer_handoff_executed
resource-defense_round-robin_seed2,2,round-robin,resource-defense,2,2,GA,3.8049898325274754,2.3158000549301505,0.657472,0.657472,0.0,0.0,0.8787079747592791,0.0420513290881972,9.075761787734287,5.270771955206811,strict_delta_max,1,cross_layer_handoff_executed
resource-defense_round-robin_seed2,2,round-robin,resource-defense,2,3,PSO,3.554799386212883,2.2455999860540032,0.15024799999999983,0.15024799999999983,0.0,0.0,0.0,0.03660608418710082,5.270771955206811,1.7159725689939282,strict_delta_max,1,cross_layer_handoff_executed
resource-defense_round-robin_seed2,2,round-robin,resource-defense,3,0,RL,2.1014485342469094,4.0865999180823565,0.7161119999999999,0.7161119999999999,0.0,0.018366378891040223,0.0,0.10573849246307172,16.0,13.89855146575309,strict_delta_max,2,cross_layer_handoff_executed
resource-defense_round-robin_seed2,2,round-robin,resource-defense,3,1,GA,1.5757689899186331,2.3050999734550714,0.657472,0.657472,0.0,0.0,0.8084814045500452,0.12413067857199601,13.89855146575309,12.322782475834458,strict_delta_max,1,cross_layer_handoff_executed
resource-defense_round-robin_seed2,2,round-robin,resource-defense,3,2,PSO,1.7196731665175935,2.2736000828444958,0.8006059999999999,0.8006059999999999,0.0,0.049133754974559365,0.0,0.04557908232919515,12.322782475834458,10.603109309316865,strict_delta_max,1,cross_layer_handoff_executed
resource-defense_round-robin_seed2,2,round-robin,resource-defense,3,3,RL,1.5382874624470662,3.9913998916745186,0.7161119999999999,0.7161119999999999,0.0,0.0,0.0,0.0,10.603109309316865,9.0648218468698,strict_delta_max,2,cross_layer_handoff_executed
resource-defense_round-robin_seed2,2,round-robin,resource-defense,3,4,GA,3.172897865185073,2.2906999802216887,0.59117,0.59117,0.0,0.0,0.6722370594113442,0.028523304288160183,9.0648218468698,5.891923981684727,strict_delta_max,1,cross_layer_handoff_executed
resource-defense_round-robin_seed2,2,round-robin,resource-defense,3,5,PSO,2.061633490747105,2.2816999116912484,0.06502800000000014,0.06502800000000014,0.0,0.0,0.0,0.05900387287653524,5.891923981684727,3.830290490937622,strict_delta_max,1,cross_layer_handoff_executed
resource-defense_round-robin_seed2,2,round-robin,resource-defense,4,0,RL,3.560243772669269,3.5182000137865543,0.646258,0.646258,0.0,0.0,0.0,0.0,16.0,12.439756227330731,strict_delta_max,2,cross_layer_handoff_executed
resource-defense_round-robin_seed2,2,round-robin,resource-defense,4,1,GA,3.9680375939724826,2.3612999357283115,-0.27447199999999994,-0.27447199999999994,0.0,0.0,0.6174481967390001,0.01690469704325449,12.439756227330731,8.471718633358249,strict_delta_max,1,cross_layer_handoff_executed
resource-defense_round-robin_seed2,2,round-robin,resource-defense,4,2,PSO,2.5127679717935427,2.2113999584689736,0.7161119999999999,0.7161119999999999,0.0,0.0,0.0,0.01668407580018685,8.471718633358249,5.958950661564706,strict_delta_max,1,cross_layer_handoff_executed
resource-defense_round-robin_seed2,2,round-robin,resource-defense,4,3,RL,3.7100201692069317,4.050199990160763,0.646258,0.646258,0.0,0.0,0.0,0.43280249884550953,5.958950661564706,2.248930492357774,strict_delta_max,2,cross_layer_handoff_executed
resource-defense_round-robin_seed2,2,round-robin,resource-defense,5,0,GA,3.3824575939200088,2.3279000306501985,0.5903740000000001,0.5903740000000001,0.0,0.0,0.5240588612819085,0.023081794692141125,16.0,12.617542406079991,strict_delta_max,1,cross_layer_handoff_executed
resource-defense_round-robin_seed2,2,round-robin,resource-defense,5,1,PSO,3.266358304072535,2.104699960909784,0.12172799999999984,0.12172799999999984,0.0,0.0,0.0,0.028165308382382535,12.617542406079991,9.351184102007457,strict_delta_max,1,cross_layer_handoff_executed
resource-defense_round-robin_seed2,2,round-robin,resource-defense,5,2,RL,2.175327078120747,4.0216000052168965,0.7161119999999999,0.7161119999999999,0.0,0.0,0.0,0.17457512657272253,9.351184102007457,7.17585702388671,strict_delta_max,2,cross_layer_handoff_executed
resource-defense_round-robin_seed2,2,round-robin,resource-defense,5,3,GA,2.0424889183393113,2.279300009831786,0.876954,0.876954,0.0,0.03737988456851772,0.49627931923502183,0.07966320395306985,7.17585702388671,5.133368105547399,strict_delta_max,1,cross_layer_handoff_executed
resource-defense_round-robin_seed2,2,round-robin,resource-defense,5,4,PSO,2.6977349717159167,2.1414998918771744,0.12172799999999984,0.12172799999999984,0.0,0.0,0.0,0.036302547511656805,5.133368105547399,2.4356331338314825,strict_delta_max,1,cross_layer_handoff_executed
resource-defense_greedy-improvement_seed0,0,greedy-improvement,resource-defense,0,0,GA,2.900117049606808,2.6298000011593103,0.675128,0.675128,0.0,0.0,0.9088272647789373,0.05260290404668859,16.0,13.099882950393193,strict_delta_max,1,cross_layer_handoff_executed
resource-defense_greedy-improvement_seed0,0,greedy-improvement,resource-defense,0,1,GA,3.6351463334126546,2.437800052575767,0.701608,0.701608,0.0,0.0,0.8696735103891018,0.041017804875248864,13.099882950393193,9.464736616980538,strict_delta_max,1,cross_layer_handoff_executed
resource-defense_greedy-improvement_seed0,0,greedy-improvement,resource-defense,0,2,GA,1.4434714017931365,2.4161998881027102,0.701608,0.701608,0.0,0.0,0.8547887410980215,0.11084482323348006,9.464736616980538,8.021265215187402,strict_delta_max,1,cross_layer_handoff_executed
resource-defense_greedy-improvement_seed0,0,greedy-improvement,resource-defense,0,3,GA,3.0286414282957237,2.200899994932115,-0.2166160000000002,-0.2166160000000002,0.0,0.0,0.8594749012039006,0.045851458007010404,8.021265215187402,4.992623786891678,strict_delta_max,1,cross_layer_handoff_executed
resource-defense_greedy-improvement_seed0,0,greedy-improvement,resource-defense,0,4,GA,2.045413609487858,2.6270000962540507,0.701608,0.701608,0.0,0.0,0.8019161559329542,0.06794007233679307,4.992623786891678,2.94721017740382,strict_delta_max,1,cross_layer_handoff_executed
resource-defense_greedy-improvement_seed0,0,greedy-improvement,resource-defense,1,0,GA,3.4349216369536,2.3056999780237675,0.701608,0.701608,0.0,0.0,0.7436136139990157,0.04359945595748709,16.0,12.5650783630464,strict_delta_max,1,cross_layer_handoff_executed
resource-defense_greedy-improvement_seed0,0,greedy-improvement,resource-defense,1,1,GA,3.74160563721957,2.478300011716783,0.683308,0.683308,0.0,0.0,0.6814405459516506,0.03646517063249983,12.5650783630464,8.82347272582683,strict_delta_max,1,cross_layer_handoff_executed
resource-defense_greedy-improvement_seed0,0,greedy-improvement,resource-defense,1,2,GA,1.981209273983283,2.4342999095097184,0.701608,0.701608,0.0,0.0,0.6037424751567013,0.0775259390539189,8.82347272582683,6.8422634518435475,strict_delta_max,1,cross_layer_handoff_executed
resource-defense_greedy-improvement_seed0,0,greedy-improvement,resource-defense,1,3,GA,2.0245567891429643,2.477400004863739,0.701608,0.701608,0.0,0.0,0.539276493887666,0.06629666747912574,6.8422634518435475,4.817706662700584,strict_delta_max,1,cross_layer_handoff_executed
resource-defense_greedy-improvement_seed0,0,greedy-improvement,resource-defense,1,4,GA,2.6534672406885096,2.466800040565431,0.701608,0.701608,0.0,0.0,0.4590469754394006,0.052943160786129075,4.817706662700584,2.164239422012074,strict_delta_max,1,cross_layer_handoff_executed
resource-defense_greedy-improvement_seed0,0,greedy-improvement,resource-defense,2,0,GA,3.7739728835304605,2.2965000243857503,0.7085679999999999,0.7085679999999999,0.0,0.001844210389102993,0.46775535855912037,0.03506130760374121,16.0,12.22602711646954,strict_delta_max,1,cross_layer_handoff_executed
resource-defense_greedy-improvement_seed0,0,greedy-improvement,resource-defense,2,1,GA,2.073997571545312,2.481199917383492,0.701608,0.701608,0.0,0.0,0.4759144618475732,0.0650178449409525,12.22602711646954,10.152029544924229,strict_delta_max,1,cross_layer_handoff_executed
resource-defense_greedy-improvement_seed0,0,greedy-improvement,resource-defense,2,2,GA,2.211953045830299,2.6520000537857413,0.701608,0.701608,0.0,0.0,0.4759144618475732,0.060472321562880425,10.152029544924229,7.94007649909393,strict_delta_max,1,cross_layer_handoff_executed
resource-defense_greedy-improvement_seed0,0,greedy-improvement,resource-defense,2,3,GA,3.4593107775741263,2.3059999803081155,0.6965199999999998,0.6965199999999998,0.0,0.0,0.4759144618475732,0.0404424974909286,7.94007649909393,4.480765721519804,strict_delta_max,1,cross_layer_handoff_executed
resource-defense_greedy-improvement_seed0,0,greedy-improvement,resource-defense,2,4,GA,1.7077750270474974,2.4609999964013696,0.701608,0.701608,0.0,0.0,0.4759144618475732,0.07223402023760249,4.480765721519804,2.7729906944723064,strict_delta_max,1,cross_layer_handoff_executed
resource-defense_greedy-improvement_seed0,0,greedy-improvement,resource-defense,3,0,GA,3.502685248848432,2.2957000182941556,0.701608,0.701608,0.0,0.0,0.4759144618475732,0.03478856817574283,16.0,12.497314751151567,strict_delta_max,1,cross_layer_handoff_executed
resource-defense_greedy-improvement_seed0,0,greedy-improvement,resource-defense,3,1,GA,1.5959601187479744,2.4800000246614218,0.701608,0.701608,0.0,0.0,0.4759144618475732,0.07869830909648355,12.497314751151567,10.901354632403592,strict_delta_max,1,cross_layer_handoff_executed
resource-defense_greedy-improvement_seed0,0,greedy-improvement,resource-defense,3,2,GA,1.5293730955052056,2.6017000200226903,0.701608,0.701608,0.0,0.0,0.4759144618475732,0.07819729602476942,10.901354632403592,9.371981536898387,strict_delta_max,1,cross_layer_handoff_executed
resource-defense_greedy-improvement_seed0,0,greedy-improvement,resource-defense,3,3,GA,2.193588710845586,2.447200007736683,0.701608,0.701608,0.0,0.0,0.4759144618475732,0.0522068793890852,9.371981536898387,7.178392826052801,strict_delta_max,1,cross_layer_handoff_executed
resource-defense_greedy-improvement_seed0,0,greedy-improvement,resource-defense,3,4,GA,3.1926635892745114,2.647500019520521,0.701608,0.701608,0.0,0.0,0.4759144618475732,0.03858708204213633,7.178392826052801,3.9857292367782895,strict_delta_max,1,cross_layer_handoff_executed
resource-defense_greedy-improvement_seed0,0,greedy-improvement,resource-defense,4,0,GA,2.9122325945126515,2.424999955110252,0.701608,0.701608,0.0,0.0,0.4759144618475732,0.040998693224747626,16.0,13.087767405487348,strict_delta_max,1,cross_layer_handoff_executed
resource-defense_greedy-improvement_seed0,0,greedy-improvement,resource-defense,4,1,GA,3.742440587258419,2.712200046516955,0.7082759999999999,0.7082759999999999,0.0,0.0,0.5048954661835012,0.029814991248126838,13.087767405487348,9.34532681822893,strict_delta_max,1,cross_layer_handoff_executed
resource-defense_greedy-improvement_seed0,0,greedy-improvement,resource-defense,4,2,GA,1.669689480747334,2.4328000145033,0.701608,0.701608,0.0,0.0,0.5048954661835012,0.06378376607349347,9.34532681822893,7.6756373374815965,strict_delta_max,1,cross_layer_handoff_executed
resource-defense_greedy-improvement_seed0,0,greedy-improvement,resource-defense,4,3,GA,3.6452637288696725,2.5103000225499272,0.701608,0.701608,0.0,0.0,0.5048954661835012,0.03130620991114672,7.6756373374815965,4.030373608611924,strict_delta_max,1,cross_layer_handoff_executed
resource-defense_greedy-improvement_seed0,0,greedy-improvement,resource-defense,4,4,GA,2.724532011505043,2.5737000396475196,0.701608,0.701608,0.0,0.0,0.5048954661835012,0.03564843044256725,4.030373608611924,1.3058415971068813,strict_delta_max,1,cross_layer_handoff_executed
resource-defense_greedy-improvement_seed0,0,greedy-improvement,resource-defense,5,0,GA,3.355139676646471,2.4431999772787094,0.701608,0.701608,0.0,0.0,0.5048954661835012,0.03334184758067239,16.0,12.644860323353528,strict_delta_max,1,cross_layer_handoff_executed
resource-defense_greedy-improvement_seed0,0,greedy-improvement,resource-defense,5,1,GA,1.450734803113157,2.4302999954670668,0.701608,0.701608,0.0,0.0,0.5048954661835012,0.07396136988812124,12.644860323353528,11.194125520240371,strict_delta_max,1,cross_layer_handoff_executed
resource-defense_greedy-improvement_seed0,0,greedy-improvement,resource-defense,5,2,GA,3.6377663203344937,2.493700012564659,0.7082759999999999,0.7082759999999999,0.0,0.0,0.49145583094227685,0.027849303792689722,11.194125520240371,7.556359199905877,strict_delta_max,1,cross_layer_handoff_executed
resource-defense_greedy-improvement_seed0,0,greedy-improvement,resource-defense,5,3,GA,1.7927451215278905,2.509300014935434,0.0169399999999999,0.0169399999999999,0.0,0.0,0.49145583094227685,0.060464705119066944,7.556359199905877,5.763614078377987,strict_delta_max,1,cross_layer_handoff_executed
resource-defense_greedy-improvement_seed0,0,greedy-improvement,resource-defense,5,4,GA,1.8173698892178831,2.4405999574810266,0.701608,0.701608,0.0,0.0,0.49145583094227685,0.05478459145725549,5.763614078377987,3.946244189160104,strict_delta_max,1,cross_layer_handoff_executed
resource-defense_greedy-improvement_seed1,1,greedy-improvement,resource-defense,0,0,GA,1.9020835094768749,2.5987999979406595,0.7475840000000001,0.7475840000000001,0.0,0.0,0.9187276469971314,0.10320116966747558,16.0,14.097916490523126,strict_delta_max,1,cross_layer_handoff_executed
resource-defense_greedy-improvement_seed1,1,greedy-improvement,resource-defense,0,1,GA,3.0254970734362936,2.432400011457503,0.854968,0.854968,0.0,0.0008659734041733274,0.8910766176290544,0.048547767505483536,14.097916490523126,11.072419417086833,strict_delta_max,1,cross_layer_handoff_executed
resource-defense_greedy-improvement_seed1,1,greedy-improvement,resource-defense,0,2,GA,1.9189506843568034,2.3906000424176455,0.854968,0.854968,0.0,0.0,0.8322375303245185,0.06689813851842107,11.072419417086833,9.15346873273003,strict_delta_max,1,cross_layer_handoff_executed
resource-defense_greedy-improvement_seed1,1,greedy-improvement,resource-defense,0,3,GA,2.507802145643157,2.377400058321655,0.854968,0.854968,0.0,0.0,0.798125219337948,0.06538431340414862,9.15346873273003,6.645666587086873,strict_delta_max,1,cross_layer_handoff_executed
resource-defense_greedy-improvement_seed1,1,greedy-improvement,resource-defense,0,4,GA,2.2134525862106624,2.3033999605104327,0.6304719999999999,0.6304719999999999,0.0,0.0,0.798125219337948,0.04816626566971457,6.645666587086873,4.43221400087621,strict_delta_max,1,cross_layer_handoff_executed
resource-defense_greedy-improvement_seed1,1,greedy-improvement,resource-defense,0,5,GA,2.145382450534985,2.5080000050365925,0.854968,0.854968,0.0,0.0,0.7638461793283378,0.06469636117152495,4.43221400087621,2.2868315503412253,strict_delta_max,1,cross_layer_handoff_executed
resource-defense_greedy-improvement_seed1,1,greedy-improvement,resource-defense,1,0,GA,2.4106716758292404,2.4353000335395336,0.8901759999999999,0.8901759999999999,0.0,0.014605058147492774,0.7543817870870401,0.06140292989030209,16.0,13.58932832417076,strict_delta_max,1,cross_layer_handoff_executed
resource-defense_greedy-improvement_seed1,1,greedy-improvement,resource-defense,1,1,GA,3.737632519477067,2.40470003336668,0.6304719999999999,0.6304719999999999,0.0,0.0,0.7543817870870401,0.041799258261332975,13.58932832417076,9.851695804693692,strict_delta_max,1,cross_layer_handoff_executed
resource-defense_greedy-improvement_seed1,1,greedy-improvement,resource-defense,1,2,GA,3.3898362460908786,2.558500040322542,0.8523479999999999,0.8523479999999999,0.0,0.0,0.7422883567523676,0.044824286639767286,9.851695804693692,6.461859558602814,strict_delta_max,1,cross_layer_handoff_executed
resource-defense_greedy-improvement_seed1,1,greedy-improvement,resource-defense,1,3,GA,3.624219255389079,3.005300066433847,0.6657679999999999,0.6657679999999999,0.0,0.0,0.7422883567523676,0.03536510272766172,6.461859558602814,2.8376403032137354,strict_delta_max,1,cross_layer_handoff_executed
resource-defense_greedy-improvement_seed1,1,greedy-improvement,resource-defense,2,0,GA,2.0243894678858108,2.5451999390497804,0.854968,0.854968,0.0,0.0,0.7072418876015917,0.06003423172029399,16.0,13.975610532114189,strict_delta_max,1,cross_layer_handoff_executed
resource-defense_greedy-improvement_seed1,1,greedy-improvement,resource-defense,2,1,GA,1.2541300037475702,3.3517000265419483,0.41809600000000013,0.41809600000000013,0.0,0.0,0.7072418876015917,0.12844353181658977,13.975610532114189,12.72148052836662,strict_delta_max,1,cross_layer_handoff_executed
resource-defense_greedy-improvement_seed1,1,greedy-improvement,resource-defense,2,2,GA,1.7334072305149562,2.3409000132232904,0.854968,0.854968,0.0,0.0,0.7072418876015917,0.0691213223792596,12.72148052836662,10.988073297851663,strict_delta_max,1,cross_layer_handoff_executed
resource-defense_greedy-improvement_seed1,1,greedy-improvement,resource-defense,2,3,GA,3.4346116006456775,2.315600053407252,0.854968,0.854968,0.0,0.0,0.7072418876015917,0.04186793953338533,10.988073297851663,7.553461697205986,strict_delta_max,1,cross_layer_handoff_executed
resource-defense_greedy-improvement_seed1,1,greedy-improvement,resource-defense,2,4,GA,3.7710822854607207,2.407899941317737,0.690044,0.690044,0.0,0.0,0.7072418876015917,0.032926694166984405,7.553461697205986,3.782379411745265,strict_delta_max,1,cross_layer_handoff_executed
resource-defense_greedy-improvement_seed1,1,greedy-improvement,resource-defense,3,0,GA,3.4931234334360743,2.4293999886140227,0.926168,0.926168,0.0,0.010303672540021281,0.7482701837009401,0.04214296488500059,16.0,12.506876566563925,strict_delta_max,1,cross_layer_handoff_executed
resource-defense_greedy-improvement_seed1,1,greedy-improvement,resource-defense,3,1,GA,3.3541438888881836,2.4578000884503126,0.854968,0.854968,0.0,0.0,0.7482701837009401,0.031244991190948708,12.506876566563925,9.152732677675742,strict_delta_max,1,cross_layer_handoff_executed
resource-defense_greedy-improvement_seed1,1,greedy-improvement,resource-defense,3,2,GA,2.2575985922682644,2.5768999475985765,0.934008,0.934008,0.0,0.003472716552380075,0.7593105646963385,0.07403982815228391,9.152732677675742,6.895134085407477,strict_delta_max,1,cross_layer_handoff_executed
resource-defense_greedy-improvement_seed1,1,greedy-improvement,resource-defense,3,3,GA,1.4983896268477768,2.4404999567195773,0.854968,0.854968,0.0,0.0,0.7593105646963385,0.10191336104167134,6.895134085407477,5.3967444585597,strict_delta_max,1,cross_layer_handoff_executed
resource-defense_greedy-improvement_seed1,1,greedy-improvement,resource-defense,3,4,GA,1.9961801672767252,2.4175000144168735,0.6469960000000001,0.6469960000000001,0.0,0.0,0.7593105646963385,0.07666245640144759,5.3967444585597,3.400564291282975,strict_delta_max,1,cross_layer_handoff_executed
resource-defense_greedy-improvement_seed1,1,greedy-improvement,resource-defense,4,0,GA,3.1496770620896597,2.527100034058094,0.5657340000000001,0.5657340000000001,0.0,0.0,0.7593105646963385,0.04354401312807182,16.0,12.85032293791034,strict_delta_max,1,cross_layer_handoff_executed
resource-defense_greedy-improvement_seed1,1,greedy-improvement,resource-defense,4,1,GA,2.3467955124705626,2.793799969367683,0.9143680000000001,0.9143680000000001,0.0,0.0,0.7608623979198105,0.04511107333535736,12.85032293791034,10.503527425439778,strict_delta_max,1,cross_layer_handoff_executed
resource-defense_greedy-improvement_seed1,1,greedy-improvement,resource-defense,4,2,GA,3.8893449426749886,2.6795000303536654,0.8350479999999998,0.8350479999999998,0.0,0.0,0.7608623979198105,0.02845007948719348,10.503527425439778,6.6141824827647895,strict_delta_max,1,cross_layer_handoff_executed
resource-defense_greedy-improvement_seed1,1,greedy-improvement,resource-defense,4,3,GA,2.5494926850308284,2.350600087083876,0.9214479999999999,0.9214479999999999,0.0,0.0,0.7570972444237205,0.04375885024185218,6.6141824827647895,4.064689797733961,strict_delta_max,1,cross_layer_handoff_executed
resource-defense_greedy-improvement_seed1,1,greedy-improvement,resource-defense,4,4,GA,2.465503082218685,2.34550004824996,0.926168,0.926168,0.0,0.0,0.7187133898218796,0.05349321461224059,4.064689797733961,1.599186715515276,strict_delta_max,1,cross_layer_handoff_executed
resource-defense_greedy-improvement_seed1,1,greedy-improvement,resource-defense,5,0,GA,1.546535138630106,2.274799975566566,0.8834879999999999,0.8834879999999999,0.0,0.0,0.7187133898218796,0.10603438026014855,16.0,14.453464861369895,strict_delta_max,1,cross_layer_handoff_executed
resource-defense_greedy-improvement_seed1,1,greedy-improvement,resource-defense,5,1,GA,3.3863555191448236,2.293800003826618,0.928528,0.928528,0.0,0.0,0.7012380656535109,0.03351867106108966,14.453464861369895,11.067109342225072,strict_delta_max,1,cross_layer_handoff_executed
resource-defense_greedy-improvement_seed1,1,greedy-improvement,resource-defense,5,2,GA,3.9809595070441817,2.4305999977514148,0.889848,0.889848,0.0,0.0,0.7012380656535109,0.03734326854970022,11.067109342225072,7.0861498351808905,strict_delta_max,1,cross_layer_handoff_executed
resource-defense_greedy-improvement_seed1,1,greedy-improvement,resource-defense,5,3,GA,2.4502125925384743,2.584100002422929,0.9540919999999999,0.9540919999999999,0.0,0.008196839760419534,0.6259950065956892,0.04735143092923738,7.0861498351808905,4.635937242642417,strict_delta_max,1,cross_layer_handoff_executed
resource-defense_greedy-improvement_seed1,1,greedy-improvement,resource-defense,5,4,GA,2.2114727752040686,2.4429999757558107,0.910592,0.910592,0.0,0.0,0.6070512027979247,0.04962733008750656,4.635937242642417,2.424464467438348,strict_delta_max,1,cross_layer_handoff_executed
resource-defense_greedy-improvement_seed2,2,greedy-improvement,resource-defense,0,0,GA,3.9051999001172466,2.585100010037422,0.26544600000000007,0.26544600000000007,0.0,0.0,0.9221321296069481,0.03772849699813911,16.0,12.094800099882754,strict_delta_max,1,cross_layer_handoff_executed
resource-defense_greedy-improvement_seed2,2,greedy-improvement,resource-defense,0,1,GA,1.0487937550372526,2.460799994878471,0.4893950000000001,0.4893950000000001,0.0,0.0,0.8915283738666642,0.12083361600815357,12.094800099882754,11.046006344845502,strict_delta_max,1,cross_layer_handoff_executed
resource-defense_greedy-improvement_seed2,2,greedy-improvement,resource-defense,0,2,GA,3.5566656234211957,2.34550004824996,0.563631,0.563631,0.0,0.0,0.8630708519109553,0.04072410928441301,11.046006344845502,7.4893407214243055,strict_delta_max,1,cross_layer_handoff_executed
resource-defense_greedy-improvement_seed2,2,greedy-improvement,resource-defense,0,3,GA,2.4363648014259303,2.3535999935120344,0.466584,0.466584,0.0,0.0,0.8250511165725389,0.063007601832216,7.4893407214243055,5.052975919998375,strict_delta_max,1,cross_layer_handoff_executed
resource-defense_greedy-improvement_seed2,2,greedy-improvement,resource-defense,0,4,GA,3.740484792257108,2.5921000633388758,0.5467520000000001,0.5467520000000001,0.0,0.0,0.8388973103425893,0.03999196562768238,5.052975919998375,1.3124911277412674,strict_delta_max,1,cross_layer_handoff_executed
resource-defense_greedy-improvement_seed2,2,greedy-improvement,resource-defense,1,0,GA,2.5341580171525386,2.496300032362342,0.4570040000000001,0.4570040000000001,0.0,0.0,0.7896746615419015,0.0653510904018965,16.0,13.465841982847461,strict_delta_max,1,cross_layer_handoff_executed
resource-defense_greedy-improvement_seed2,2,greedy-improvement,resource-defense,1,1,GA,1.0031229565211865,2.473299973644316,0.515796,0.515796,0.0,0.0,0.7345014610069321,0.136818802803279,13.465841982847461,12.462719026326274,strict_delta_max,1,cross_layer_handoff_executed
resource-defense_greedy-improvement_seed2,2,greedy-improvement,resource-defense,1,2,GA,1.749104304800324,2.40470003336668,0.949608,0.949608,0.0,0.1670203424679982,0.6665751759463677,0.09443462365312144,12.462719026326274,10.71361472152595,strict_delta_max,1,cross_layer_handoff_executed
resource-defense_greedy-improvement_seed2,2,greedy-improvement,resource-defense,1,3,GA,3.353915533847288,2.5409000227227807,0.4093650000000001,0.4093650000000001,0.0,0.0,0.6244181993397953,0.033218378271485174,10.71361472152595,7.359699187678662,strict_delta_max,1,cross_layer_handoff_executed
resource-defense_greedy-improvement_seed2,2,greedy-improvement,resource-defense,1,4,GA,3.1137997058210907,2.3867000127211213,0.657472,0.657472,0.0,0.0,0.5544452285494965,0.04351459537059179,7.359699187678662,4.245899481857571,strict_delta_max,1,cross_layer_handoff_executed
resource-defense_greedy-improvement_seed2,2,greedy-improvement,resource-defense,1,5,GA,2.046730220709815,2.5282000424340367,0.596908,0.596908,0.0,0.0,0.5263883571059931,0.061404117849243614,4.245899481857571,2.1991692611477562,strict_delta_max,1,cross_layer_handoff_executed
resource-defense_greedy-improvement_seed2,2,greedy-improvement,resource-defense,2,0,GA,2.6803277970004626,2.568500000052154,0.678472,0.678472,0.0,0.0,0.5243447756607084,0.0445950772889921,16.0,13.319672202999538,strict_delta_max,1,cross_layer_handoff_executed
resource-defense_greedy-improvement_seed2,2,greedy-improvement,resource-defense,2,1,GA,3.4999308173336123,2.4392999475821853,0.657472,0.657472,0.0,0.0,0.5503848520952874,0.03464396908756328,13.319672202999538,9.819741385665925,strict_delta_max,1,cross_layer_handoff_executed
resource-defense_greedy-improvement_seed2,2,greedy-improvement,resource-defense,2,2,GA,2.729380956478172,2.5098000187426805,0.7534479999999999,0.7534479999999999,0.0,0.0,0.5584225930627067,0.06242231752603865,9.819741385665925,7.0903604291877524,strict_delta_max,1,cross_layer_handoff_executed
resource-defense_greedy-improvement_seed2,2,greedy-improvement,resource-defense,2,3,GA,3.949777095792092,2.572400029748678,0.3761840000000001,0.3761840000000001,0.0,0.0,0.5584225930627067,0.03560936648790745,7.0903604291877524,3.1405833333956603,strict_delta_max,1,cross_layer_handoff_executed
resource-defense_greedy-improvement_seed2,2,greedy-improvement,resource-defense,3,0,GA,2.123846224777633,2.3102000122889876,0.8749919999999998,0.8749919999999998,0.0,0.0,0.5830515549240682,0.07341567426633003,16.0,13.876153775222367,strict_delta_max,1,cross_layer_handoff_executed
resource-defense_greedy-improvement_seed2,2,greedy-improvement,resource-defense,3,1,GA,2.5894360098186966,2.5011999532580376,0.506082,0.506082,0.0,0.0,0.5830515549240682,0.04160010750411708,13.876153775222367,11.28671776540367,strict_delta_max,1,cross_layer_handoff_executed
resource-defense_greedy-improvement_seed2,2,greedy-improvement,resource-defense,3,2,GA,2.819202244015359,2.7830000035464764,0.657472,0.657472,0.0,0.0,0.6070971203553547,0.05639193829451686,11.28671776540367,8.46751552138831,strict_delta_max,1,cross_layer_handoff_executed
resource-defense_greedy-improvement_seed2,2,greedy-improvement,resource-defense,3,3,GA,3.7627226973839383,2.542399917729199,0.790472,0.790472,0.0,0.0,0.5782578406949954,0.03296109228955637,8.46751552138831,4.704792824004373,strict_delta_max,1,cross_layer_handoff_executed
resource-defense_greedy-improvement_seed2,2,greedy-improvement,resource-defense,3,4,GA,2.0059632165006955,2.6018000207841396,0.590017,0.590017,0.0,0.0,0.5782578406949954,0.06366793950870958,4.704792824004373,2.698829607503677,strict_delta_max,1,cross_layer_handoff_executed
resource-defense_greedy-improvement_seed2,2,greedy-improvement,resource-defense,4,0,GA,2.142815599763403,2.46369990054518,0.5384040000000001,0.5384040000000001,0.0,0.0,0.5782578406949954,0.061929411692554566,16.0,13.857184400236598,strict_delta_max,1,cross_layer_handoff_executed
resource-defense_greedy-improvement_seed2,2,greedy-improvement,resource-defense,4,1,GA,2.6618786465699817,2.638299949467182,0.657472,0.657472,0.0,0.0,0.5706189822958373,0.049268047479706506,13.857184400236598,11.195305753666617,strict_delta_max,1,cross_layer_handoff_executed
resource-defense_greedy-improvement_seed2,2,greedy-improvement,resource-defense,4,2,GA,3.266531254923978,2.4655999150127172,0.8712880000000001,0.8712880000000001,0.0,0.0,0.580417349096643,0.04815916733840851,11.195305753666617,7.928774498742639,strict_delta_max,1,cross_layer_handoff_executed
resource-defense_greedy-improvement_seed2,2,greedy-improvement,resource-defense,4,3,GA,1.4906908230499698,2.5122000370174646,0.9137679999999999,0.9137679999999999,0.0,0.0,0.5533122976045386,0.11402120860170448,7.928774498742639,6.438083675692669,strict_delta_max,1,cross_layer_handoff_executed
resource-defense_greedy-improvement_seed2,2,greedy-improvement,resource-defense,4,4,GA,3.125446309521131,2.3894000332802534,0.866568,0.866568,0.0,0.0,0.5418308452021364,0.05465423683191487,6.438083675692669,3.3126373661715376,strict_delta_max,1,cross_layer_handoff_executed
resource-defense_greedy-improvement_seed2,2,greedy-improvement,resource-defense,5,0,GA,3.32925483626837,2.3230999941006303,0.803368,0.803368,0.0,0.0,0.5511864320338186,0.03127642193289066,16.0,12.670745163731631,strict_delta_max,1,cross_layer_handoff_executed
resource-defense_greedy-improvement_seed2,2,greedy-improvement,resource-defense,5,1,GA,1.6623840432690828,2.5092000141739845,0.9317959999999998,0.9317959999999998,0.0,0.0,0.5929782043374824,0.09405873319159291,12.670745163731631,11.008361120462549,strict_delta_max,1,cross_layer_handoff_executed
resource-defense_greedy-improvement_seed2,2,greedy-improvement,resource-defense,5,2,GA,1.0122181169966988,2.377800061367452,0.8832719999999998,0.8832719999999998,0.0,0.0,0.5514261455229728,0.14387052017733645,11.008361120462549,9.99614300346585,strict_delta_max,1,cross_layer_handoff_executed
resource-defense_greedy-improvement_seed2,2,greedy-improvement,resource-defense,5,3,GA,3.341487191923412,2.6557999663054943,0.9161279999999998,0.9161279999999998,0.0,0.0,0.551887388914564,0.04306340045265749,9.99614300346585,6.654655811542438,strict_delta_max,1,cross_layer_handoff_executed
resource-defense_greedy-improvement_seed2,2,greedy-improvement,resource-defense,5,4,GA,1.3688793293671315,2.562000066973269,0.9326479999999999,0.9326479999999999,0.0,0.0,0.531288526325496,0.08786242924561424,6.654655811542438,5.285776482175306,strict_delta_max,1,cross_layer_handoff_executed
resource-defense_greedy-improvement_seed2,2,greedy-improvement,resource-defense,5,5,GA,2.398766763121283,2.6295999996364117,0.77248,0.77248,0.0,0.0,0.531288526325496,0.05354759697534079,5.285776482175306,2.8870097190540234,strict_delta_max,1,cross_layer_handoff_executed
