run_id,git_commit,timestamp,seed,method,benchmark,environment_name,environment_version,task_name,interval,B_tau_ms,allowed_ms,guard_margin_ms,delta_min_ms,delta_max_ms,do_not_start_rule,scheduler_ema_lambda,loop_time_ms,e2e_time_ms,actual_cpu_e2e_ms,total_atomic_cpu_ms,timing_mode,selected_module,atomic_step_duration_ms,num_ga_steps,num_pso_steps,num_rl_steps,candidate_count,evaluated_candidate_count,score,return,win,threshold_T,steps_to_threshold,evaluation_cadence,p95_latency_ms,p99_latency_ms,max_latency_ms,loop_overrun,e2e_overrun,loop_overrun_ms,e2e_overrun_ms,diversity_value,diversity_descriptor_valid,learning_progress_value,improvement_rate_value,handshake_enabled,handshake_events,scheduler_index_ga,scheduler_index_pso,scheduler_index_rl,rng_train_seed,rng_eval_seed,hardware_id,notes
line-duel_DLGPR-full_seed0,no-git,2026-05-27T22:16:09,0,DLGPR-full,self-contained-game-ai,LineDuelEnv,1.0-local,line-duel,0,18.0,16.0,2.0,1.0,4.0,strict_delta_max,0.75,13.296281209316273,15.296281209316273,19.533300073817372,9.184900089167058,simulated_charged,RL,2.4004356539171647,1,1,3,5,5,-0.04500000000000004,-0.04500000000000004,0.5,0.5,-1,1,15.296281209316273,15.296281209316273,15.296281209316273,False,False,0.0,0.0,0.0,False,0.0,0.0,True,8,0.1580263339479459,0.1419763854618634,0.13853871041315333,10000,20000,Windows-AMD64-py3.14.3,self-contained local validation harness; charged-time accounting is disclosed by timing_mode
line-duel_DLGPR-full_seed0,no-git,2026-05-27T22:16:09,0,DLGPR-full,self-contained-game-ai,LineDuelEnv,1.0-local,line-duel,1,18.0,16.0,2.0,1.0,4.0,strict_delta_max,0.75,12.477559338994169,14.477559338994169,23.268299992196262,9.273900068365037,simulated_charged,GA,1.4081678971765568,4,1,1,6,6,-0.04500000000000004,-0.04500000000000004,0.5,0.5,-1,1,15.255345115800168,15.288093990613053,15.296281209316273,False,False,0.0,0.0,0.5814528511608397,True,0.041842638515900844,0.0,True,7,0.19506672865297253,0.13651666518564684,0.1404449063838526,10000,20000,Windows-AMD64-py3.14.3,self-contained local validation harness; charged-time accounting is disclosed by timing_mode
line-duel_DLGPR-full_seed0,no-git,2026-05-27T22:16:09,0,DLGPR-full,self-contained-game-ai,LineDuelEnv,1.0-local,line-duel,2,18.0,16.0,2.0,1.0,4.0,strict_delta_max,0.75,13.593187261040763,15.593187261040763,27.223999961279333,10.45719999819994,simulated_charged,GA,1.6015645863042052,5,1,1,7,7,-0.04500000000000004,-0.04500000000000004,0.5,0.5,-1,1,15.563496655868313,15.587249140006273,15.593187261040763,False,False,0.0,0.0,0.35263987595940205,True,0.03683518909382154,0.0,True,8,0.16248477435685446,0.12869525732446874,0.13220225079323453,10000,20000,Windows-AMD64-py3.14.3,self-contained local validation harness; charged-time accounting is disclosed by timing_mode
line-duel_DLGPR-full_seed0,no-git,2026-05-27T22:16:09,0,DLGPR-full,self-contained-game-ai,LineDuelEnv,1.0-local,line-duel,3,18.0,16.0,2.0,1.0,4.0,strict_delta_max,0.75,12.979700194142978,14.979700194142978,19.51270003337413,7.650100043974817,simulated_charged,GA,3.617056485066973,3,1,1,5,5,-0.04500000000000004,-0.04500000000000004,0.5,0.5,-1,1,15.54865135328209,15.584280079489028,15.593187261040763,False,False,0.0,0.0,0.21323386703010855,True,0.01717400295448362,0.0,True,6,0.12103381656999497,0.1195878013702307,0.12040779634575433,10000,20000,Windows-AMD64-py3.14.3,self-contained local validation harness; charged-time accounting is disclosed by timing_mode
line-duel_DLGPR-full_seed0,no-git,2026-05-27T22:16:09,0,DLGPR-full,self-contained-game-ai,LineDuelEnv,1.0-local,line-duel,4,18.0,16.0,2.0,1.0,4.0,strict_delta_max,0.75,12.983535439846436,14.983535439846436,13.907099957577884,5.936100147664547,simulated_charged,RL,3.9802639925910928,1,1,2,4,4,0.015000000000000013,0.015000000000000013,0.5,0.5,-1,1,15.533806050695866,15.581311018971784,15.593187261040763,False,False,0.0,0.0,0.0,False,0.0,0.0,True,6,0.09821831044643493,0.11178446633212065,0.10353848910778744,10000,20000,Windows-AMD64-py3.14.3,self-contained local validation harness; charged-time accounting is disclosed by timing_mode
line-duel_DLGPR-full_seed0,no-git,2026-05-27T22:16:09,0,DLGPR-full,self-contained-game-ai,LineDuelEnv,1.0-local,line-duel,5,18.0,16.0,2.0,1.0,4.0,strict_delta_max,0.75,15.896833964787513,17.89683396478751,24.43770004902035,11.623100144788623,simulated_charged,RL,4.0,1,2,4,7,7,0.015000000000000013,0.015000000000000013,0.5,0.5,-1,1,17.320922288850824,17.781651629600173,17.89683396478751,False,False,0.0,0.0,0.0,False,0.0,0.0,True,11,0.08018218649355256,0.09999708207212335,0.11721002411687716,10000,20000,Windows-AMD64-py3.14.3,self-contained local validation harness; charged-time accounting is disclosed by timing_mode
line-duel_DLGPR-full_seed1,no-git,2026-05-27T22:16:10,1,DLGPR-full,self-contained-game-ai,LineDuelEnv,1.0-local,line-duel,0,18.0,16.0,2.0,1.0,4.0,strict_delta_max,0.75,12.465702488027754,14.465702488027754,22.0017998944968,8.448900072835386,simulated_charged,GA,1.638230672215212,3,1,1,5,5,-1.025,-1.025,0.0,0.5,-1,1,14.465702488027754,14.465702488027754,14.465702488027754,False,False,0.0,0.0,0.8233593182171755,True,0.06188131429757374,0.009156219728029604,True,6,0.21271118326162347,0.1419763854618634,0.14982575722228939,11000,21000,Windows-AMD64-py3.14.3,self-contained local validation harness; charged-time accounting is disclosed by timing_mode
line-duel_DLGPR-full_seed1,no-git,2026-05-27T22:16:10,1,DLGPR-full,self-contained-game-ai,LineDuelEnv,1.0-local,line-duel,1,18.0,16.0,2.0,1.0,4.0,strict_delta_max,0.75,12.082341746949476,14.082341746949476,32.099599950015545,12.477699900045991,simulated_charged,GA,1.1112712499615598,5,1,1,7,7,-1.025,-1.025,0.0,0.5,-1,1,14.44653445097384,14.46186888061697,14.465702488027754,False,False,0.0,0.0,0.8045153749246977,True,0.06952138950194953,0.0,True,8,0.24205849134387955,0.13869794584261702,0.15196998602451237,11000,21000,Windows-AMD64-py3.14.3,self-contained local validation harness; charged-time accounting is disclosed by timing_mode
line-duel_DLGPR-full_seed1,no-git,2026-05-27T22:16:10,1,DLGPR-full,self-contained-game-ai,LineDuelEnv,1.0-local,line-duel,2,18.0,16.0,2.0,1.0,4.0,strict_delta_max,0.75,13.886910607428021,15.886910607428021,31.594799947924912,12.392800184898078,simulated_charged,GA,2.71534989690136,5,1,1,7,7,-1.025,-1.025,0.0,0.5,-1,1,15.744789795487995,15.858486445040016,15.886910607428021,False,False,0.0,0.0,0.8045153749246977,True,0.033171419538903034,0.0,True,8,0.2375049496518363,0.1298113786951714,0.1420095187072139,11000,21000,Windows-AMD64-py3.14.3,self-contained local validation harness; charged-time accounting is disclosed by timing_mode
line-duel_DLGPR-full_seed1,no-git,2026-05-27T22:16:10,1,DLGPR-full,self-contained-game-ai,LineDuelEnv,1.0-local,line-duel,3,18.0,16.0,2.0,1.0,4.0,strict_delta_max,0.75,13.187555860746212,15.187555860746212,21.10679994802922,9.013400063849986,simulated_charged,RL,4.0,1,1,3,5,5,-1.025,-1.025,0.0,0.5,-1,1,15.78200739542575,15.865929965027567,15.886910607428021,False,False,0.0,0.0,0.0,False,0.015000000000000013,0.0,True,8,0.1253569169491225,0.12035340133085937,0.14631352965467134,11000,21000,Windows-AMD64-py3.14.3,self-contained local validation harness; charged-time accounting is disclosed by timing_mode
line-duel_DLGPR-full_seed1,no-git,2026-05-27T22:16:10,1,DLGPR-full,self-contained-game-ai,LineDuelEnv,1.0-local,line-duel,4,18.0,16.0,2.0,1.0,4.0,strict_delta_max,0.75,14.582428552747663,16.582428552747665,19.941599923186004,7.443700102157891,simulated_charged,GA,3.521264539665564,3,1,1,5,5,-1.025,-1.025,0.0,0.5,-1,1,16.443324963683736,16.554607834934878,16.582428552747665,False,False,0.0,0.0,0.8045153749246977,True,0.02999420538279196,0.0,True,6,0.1823832355335623,0.11293577901282251,0.11282923128843961,11000,21000,Windows-AMD64-py3.14.3,self-contained local validation harness; charged-time accounting is disclosed by timing_mode
line-duel_DLGPR-full_seed1,no-git,2026-05-27T22:16:10,1,DLGPR-full,self-contained-game-ai,LineDuelEnv,1.0-local,line-duel,5,18.0,16.0,2.0,1.0,4.0,strict_delta_max,0.75,14.958065524184617,16.95806552418462,23.828899953514338,9.424000047147274,simulated_charged,GA,3.5409727955141683,4,1,1,6,6,-1.025,-1.025,0.0,0.5,-1,1,16.86415628132538,16.93928367561277,16.95806552418462,False,False,0.0,0.0,0.8045153749246977,True,0.032532990835979554,0.0,True,7,0.20960987221813063,0.10732405942169622,0.10464189888803126,11000,21000,Windows-AMD64-py3.14.3,self-contained local validation harness; charged-time accounting is disclosed by timing_mode
line-duel_DLGPR-full_seed2,no-git,2026-05-27T22:16:10,2,DLGPR-full,self-contained-game-ai,LineDuelEnv,1.0-local,line-duel,0,18.0,16.0,2.0,1.0,4.0,strict_delta_max,0.75,13.420019242417448,15.420019242417448,21.719500073231757,9.02119989041239,simulated_charged,GA,2.3598755340478395,4,1,1,6,6,-0.0050000000000000044,-0.0050000000000000044,0.5,0.5,-1,1,15.420019242417448,15.420019242417448,15.420019242417448,False,False,0.0,0.0,0.7613611695881136,True,0.0391291596246282,0.0,True,7,0.2676827833280173,0.14795772766865634,0.1558477985390771,12000,22000,Windows-AMD64-py3.14.3,self-contained local validation harness; charged-time accounting is disclosed by timing_mode
line-duel_DLGPR-full_seed2,no-git,2026-05-27T22:16:10,2,DLGPR-full,self-contained-game-ai,LineDuelEnv,1.0-local,line-duel,1,18.0,16.0,2.0,1.0,4.0,strict_delta_max,0.75,13.131476761698144,15.131476761698144,18.2251000078395,6.357500096783042,simulated_charged,GA,2.1442270521107663,5,1,1,7,7,-0.0050000000000000044,-0.0050000000000000044,0.5,0.5,-1,1,15.405592118381483,15.417133817610255,15.420019242417448,False,False,0.0,0.0,0.7854011358791436,True,0.03190811537367234,0.0,True,8,0.24776594106582747,0.14068734830152438,0.1524284358161532,12000,22000,Windows-AMD64-py3.14.3,self-contained local validation harness; charged-time accounting is disclosed by timing_mode
line-duel_DLGPR-full_seed2,no-git,2026-05-27T22:16:10,2,DLGPR-full,self-contained-game-ai,LineDuelEnv,1.0-local,line-duel,2,18.0,16.0,2.0,1.0,4.0,strict_delta_max,0.75,12.813239166411726,14.813239166411726,22.518399986438453,8.518300135619938,simulated_charged,GA,2.4091167442523345,4,1,1,6,6,-0.0050000000000000044,-0.0050000000000000044,0.5,0.5,-1,1,15.391164994345518,15.414248392803062,15.420019242417448,False,False,0.0,0.0,0.7854011358791436,True,0.028495178432364907,0.0,True,7,0.22645135132794994,0.1298113786951714,0.13965263428180327,12000,22000,Windows-AMD64-py3.14.3,self-contained local validation harness; charged-time accounting is disclosed by timing_mode
line-duel_DLGPR-full_seed2,no-git,2026-05-27T22:16:10,2,DLGPR-full,self-contained-game-ai,LineDuelEnv,1.0-local,line-duel,3,18.0,16.0,2.0,1.0,4.0,strict_delta_max,0.75,13.464109781568062,15.464109781568062,18.09749996755272,7.9159000888466835,simulated_charged,RL,1.6935397615538625,1,1,4,6,6,0.025000000000000022,0.025000000000000022,0.5,0.5,-1,1,15.45749620069547,15.462787065393544,15.464109781568062,False,False,0.0,0.0,0.0,False,0.04133354385241798,0.0,True,10,0.11149579922687752,0.12512538248763616,0.13987122978087488,12000,22000,Windows-AMD64-py3.14.3,self-contained local validation harness; charged-time accounting is disclosed by timing_mode
line-duel_DLGPR-full_seed2,no-git,2026-05-27T22:16:10,2,DLGPR-full,self-contained-game-ai,LineDuelEnv,1.0-local,line-duel,4,18.0,16.0,2.0,1.0,4.0,strict_delta_max,0.75,12.532711476930588,14.532711476930588,12.365699978545308,6.962500046938658,simulated_charged,PSO,3.427522405606078,1,2,1,4,4,0.025000000000000022,0.025000000000000022,0.5,0.5,-1,1,15.455291673737939,15.462346160002038,15.464109781568062,False,False,0.0,0.0,0.0,False,0.01677965712472679,0.0,True,5,0.10415460452436628,0.10683126104119495,0.10878399786589683,12000,22000,Windows-AMD64-py3.14.3,self-contained local validation harness; charged-time accounting is disclosed by timing_mode
line-duel_DLGPR-full_seed2,no-git,2026-05-27T22:16:10,2,DLGPR-full,self-contained-game-ai,LineDuelEnv,1.0-local,line-duel,5,18.0,16.0,2.0,1.0,4.0,strict_delta_max,0.75,12.243248807734048,14.243248807734048,13.507499941624701,5.506199900992215,simulated_charged,GA,2.938206007038504,2,1,1,4,4,0.025000000000000022,0.025000000000000022,0.5,0.5,-1,1,15.453087146780408,15.461905254610532,15.464109781568062,False,False,0.0,0.0,0.7955895198399809,True,0.04719047385201979,0.0,True,5,0.1483788106258181,0.10129338375768503,0.09924810470021259,12000,22000,Windows-AMD64-py3.14.3,self-contained local validation harness; charged-time accounting is disclosed by timing_mode
line-duel_fixed-split_seed0,no-git,2026-05-27T22:16:10,0,fixed-split,self-contained-game-ai,LineDuelEnv,1.0-local,line-duel,0,18.0,16.0,2.0,1.0,4.0,strict_delta_max,0.75,13.122664319595199,15.122664319595199,11.794099933467805,5.228099878877401,simulated_charged,PSO,2.703496397418464,2,2,1,5,5,-0.04500000000000004,-0.04500000000000004,0.5,0.5,-1,1,15.122664319595199,15.122664319595199,15.122664319595199,False,False,0.0,0.0,0.0,False,0.04239642359119411,0.0,True,6,0.0,0.0,0.0,10000,20000,Windows-AMD64-py3.14.3,self-contained local validation harness; charged-time accounting is disclosed by timing_mode
line-duel_fixed-split_seed0,no-git,2026-05-27T22:16:10,0,fixed-split,self-contained-game-ai,LineDuelEnv,1.0-local,line-duel,1,18.0,16.0,2.0,1.0,4.0,strict_delta_max,0.75,12.595764699578197,14.595764699578197,14.64559999294579,6.16080011241138,simulated_charged,GA,2.654586248440353,2,1,2,5,5,-0.04500000000000004,-0.04500000000000004,0.5,0.5,-1,1,15.096319338594348,15.117395323395028,15.122664319595199,False,False,0.0,0.0,0.6490609342461647,True,0.034627087082184475,0.0,True,7,0.0,0.0,0.0,10000,20000,Windows-AMD64-py3.14.3,self-contained local validation harness; charged-time accounting is disclosed by timing_mode
line-duel_fixed-split_seed0,no-git,2026-05-27T22:16:10,0,fixed-split,self-contained-game-ai,LineDuelEnv,1.0-local,line-duel,2,18.0,16.0,2.0,1.0,4.0,strict_delta_max,0.75,12.656416988988346,14.656416988988346,9.053300018422306,4.076899960637093,simulated_charged,RL,2.8205132788370633,1,2,2,5,5,-0.04500000000000004,-0.04500000000000004,0.5,0.5,-1,1,15.076039586534513,15.113339372983061,15.122664319595199,False,False,0.0,0.0,0.0,False,0.0,0.0,True,7,0.0,0.0,0.0,10000,20000,Windows-AMD64-py3.14.3,self-contained local validation harness; charged-time accounting is disclosed by timing_mode
line-duel_fixed-split_seed0,no-git,2026-05-27T22:16:10,0,fixed-split,self-contained-game-ai,LineDuelEnv,1.0-local,line-duel,3,18.0,16.0,2.0,1.0,4.0,strict_delta_max,0.75,13.443966788181303,15.443966788181303,11.675899964757264,5.2680999506264925,simulated_charged,RL,2.4922441904741928,2,2,2,6,6,-0.04500000000000004,-0.04500000000000004,0.5,0.5,-1,1,15.395771417893387,15.43432771412372,15.443966788181303,False,False,0.0,0.0,0.0,False,0.0,0.0,True,8,0.0,0.0,0.0,10000,20000,Windows-AMD64-py3.14.3,self-contained local validation harness; charged-time accounting is disclosed by timing_mode
line-duel_fixed-split_seed0,no-git,2026-05-27T22:16:10,0,fixed-split,self-contained-game-ai,LineDuelEnv,1.0-local,line-duel,4,18.0,16.0,2.0,1.0,4.0,strict_delta_max,0.75,14.392894012636612,16.39289401263661,16.93629997316748,7.6291002333164215,simulated_charged,PSO,2.9397033454976556,3,3,2,8,8,-0.04500000000000004,-0.04500000000000004,0.5,0.5,-1,1,16.20310856774555,16.354936923658396,16.39289401263661,False,False,0.0,0.0,0.0,False,0.03158555187092455,0.0,True,10,0.0,0.0,0.0,10000,20000,Windows-AMD64-py3.14.3,self-contained local validation harness; charged-time accounting is disclosed by timing_mode
line-duel_fixed-split_seed0,no-git,2026-05-27T22:16:10,0,fixed-split,self-contained-game-ai,LineDuelEnv,1.0-local,line-duel,5,18.0,16.0,2.0,1.0,4.0,strict_delta_max,0.75,12.130588272068149,14.130588272068149,19.313100026920438,8.498899871483445,simulated_charged,PSO,1.7269256370131338,2,2,2,6,6,-0.04500000000000004,-0.04500000000000004,0.5,0.5,-1,1,16.155662206522784,16.345447651413846,16.39289401263661,False,False,0.0,0.0,0.0,False,0.045035460323613996,0.0,True,8,0.0,0.0,0.0,10000,20000,Windows-AMD64-py3.14.3,self-contained local validation harness; charged-time accounting is disclosed by timing_mode
line-duel_fixed-split_seed1,no-git,2026-05-27T22:16:10,1,fixed-split,self-contained-game-ai,LineDuelEnv,1.0-local,line-duel,0,18.0,16.0,2.0,1.0,4.0,strict_delta_max,0.75,12.767876716457113,14.767876716457113,21.41970000229776,10.395299992524087,simulated_charged,PSO,1.9404049006445716,2,2,1,5,5,-1.04,-1.04,0.0,0.5,-1,1,14.767876716457113,14.767876716457113,14.767876716457113,False,False,0.0,0.0,0.0,False,0.03887761957055909,0.0,True,6,0.0,0.0,0.0,11000,21000,Windows-AMD64-py3.14.3,self-contained local validation harness; charged-time accounting is disclosed by timing_mode
line-duel_fixed-split_seed1,no-git,2026-05-27T22:16:10,1,fixed-split,self-contained-game-ai,LineDuelEnv,1.0-local,line-duel,1,18.0,16.0,2.0,1.0,4.0,strict_delta_max,0.75,12.965300361675043,14.965300361675043,23.10969994869083,9.150800062343478,simulated_charged,GA,3.2810987394175073,2,1,2,5,5,-1.04,-1.04,0.0,0.5,-1,1,14.955429179414146,14.963326125222864,14.965300361675043,False,False,0.0,0.0,0.7772472685794287,True,0.029940224248226906,0.0,True,7,0.0,0.0,0.0,11000,21000,Windows-AMD64-py3.14.3,self-contained local validation harness; charged-time accounting is disclosed by timing_mode
line-duel_fixed-split_seed1,no-git,2026-05-27T22:16:10,1,fixed-split,self-contained-game-ai,LineDuelEnv,1.0-local,line-duel,2,18.0,16.0,2.0,1.0,4.0,strict_delta_max,0.75,13.113496956783559,15.113496956783559,18.711499986238778,8.658099919557571,simulated_charged,GA,2.523233103732615,2,2,2,6,6,-1.04,-1.04,0.0,0.5,-1,1,15.098677297272706,15.110533024881388,15.113496956783559,False,False,0.0,0.0,0.7725442157947201,True,0.022152318185992094,0.0,True,8,0.0,0.0,0.0,11000,21000,Windows-AMD64-py3.14.3,self-contained local validation harness; charged-time accounting is disclosed by timing_mode
line-duel_fixed-split_seed1,no-git,2026-05-27T22:16:10,1,fixed-split,self-contained-game-ai,LineDuelEnv,1.0-local,line-duel,3,18.0,16.0,2.0,1.0,4.0,strict_delta_max,0.75,12.514820982753086,14.514820982753086,20.50109999254346,10.13000006787479,simulated_charged,GA,1.5005308463978229,2,2,2,6,6,-1.04,-1.04,0.0,0.5,-1,1,15.091267467517282,15.109051058930303,15.113496956783559,False,False,0.0,0.0,0.7725442157947201,True,0.06162370766996604,0.0,True,8,0.0,0.0,0.0,11000,21000,Windows-AMD64-py3.14.3,self-contained local validation harness; charged-time accounting is disclosed by timing_mode
line-duel_fixed-split_seed1,no-git,2026-05-27T22:16:10,1,fixed-split,self-contained-game-ai,LineDuelEnv,1.0-local,line-duel,4,18.0,16.0,2.0,1.0,4.0,strict_delta_max,0.75,13.362291623472274,15.362291623472274,18.076499924063683,6.934600067324936,simulated_charged,GA,3.7620290637750373,2,2,2,6,6,-1.04,-1.04,0.0,0.5,-1,1,15.31253269013453,15.352339836804726,15.362291623472274,False,False,0.0,0.0,0.7725442157947201,True,0.021487804284518713,0.0,True,8,0.0,0.0,0.0,11000,21000,Windows-AMD64-py3.14.3,self-contained local validation harness; charged-time accounting is disclosed by timing_mode
line-duel_fixed-split_seed1,no-git,2026-05-27T22:16:10,1,fixed-split,self-contained-game-ai,LineDuelEnv,1.0-local,line-duel,5,18.0,16.0,2.0,1.0,4.0,strict_delta_max,0.75,12.279986618585237,14.279986618585237,17.106999992392957,8.497299975715578,simulated_charged,RL,2.017131785699454,1,2,2,5,5,-1.04,-1.04,0.0,0.5,-1,1,15.300092956800095,15.349851890137838,15.362291623472274,False,False,0.0,0.0,0.0,False,0.0,0.0,True,7,0.0,0.0,0.0,11000,21000,Windows-AMD64-py3.14.3,self-contained local validation harness; charged-time accounting is disclosed by timing_mode
line-duel_fixed-split_seed2,no-git,2026-05-27T22:16:11,2,fixed-split,self-contained-game-ai,LineDuelEnv,1.0-local,line-duel,0,18.0,16.0,2.0,1.0,4.0,strict_delta_max,0.75,14.865499613113537,16.865499613113535,20.962900016456842,9.883199818432331,simulated_charged,RL,4.0,2,2,2,6,6,-0.0050000000000000044,-0.0050000000000000044,0.5,0.5,-1,1,16.865499613113535,16.865499613113535,16.865499613113535,False,False,0.0,0.0,0.0,False,0.0,0.0,True,8,0.0,0.0,0.0,12000,22000,Windows-AMD64-py3.14.3,self-contained local validation harness; charged-time accounting is disclosed by timing_mode
line-duel_fixed-split_seed2,no-git,2026-05-27T22:16:11,2,fixed-split,self-contained-game-ai,LineDuelEnv,1.0-local,line-duel,1,18.0,16.0,2.0,1.0,4.0,strict_delta_max,0.75,13.508000950105796,15.508000950105796,19.97919997666031,9.87339997664094,simulated_charged,RL,2.2742440826800014,2,2,2,6,6,0.025000000000000022,0.025000000000000022,0.5,0.5,-1,1,16.797624679963146,16.851924626483456,16.865499613113535,False,False,0.0,0.0,0.0,False,0.0,0.0,True,8,0.0,0.0,0.0,12000,22000,Windows-AMD64-py3.14.3,self-contained local validation harness; charged-time accounting is disclosed by timing_mode
line-duel_fixed-split_seed2,no-git,2026-05-27T22:16:11,2,fixed-split,self-contained-game-ai,LineDuelEnv,1.0-local,line-duel,2,18.0,16.0,2.0,1.0,4.0,strict_delta_max,0.75,15.014752228372695,17.014752228372693,18.62649992108345,8.317900006659329,simulated_charged,RL,4.0,2,2,2,6,6,0.025000000000000022,0.025000000000000022,0.5,0.5,-1,1,16.999826966846776,17.011767176067508,17.014752228372693,False,False,0.0,0.0,0.0,False,0.4975,0.0,True,8,0.0,0.0,0.0,12000,22000,Windows-AMD64-py3.14.3,self-contained local validation harness; charged-time accounting is disclosed by timing_mode
line-duel_fixed-split_seed2,no-git,2026-05-27T22:16:11,2,fixed-split,self-contained-game-ai,LineDuelEnv,1.0-local,line-duel,3,18.0,16.0,2.0,1.0,4.0,strict_delta_max,0.75,13.890611634289986,15.890611634289986,17.89020001888275,8.448299951851368,simulated_charged,RL,2.5106882039155964,2,2,2,6,6,0.025000000000000022,0.025000000000000022,0.5,0.5,-1,1,16.99236433608382,17.01027464991492,17.014752228372693,False,False,0.0,0.0,0.0,False,0.0,0.0,True,8,0.0,0.0,0.0,12000,22000,Windows-AMD64-py3.14.3,self-contained local validation harness; charged-time accounting is disclosed by timing_mode
line-duel_fixed-split_seed2,no-git,2026-05-27T22:16:11,2,fixed-split,self-contained-game-ai,LineDuelEnv,1.0-local,line-duel,4,18.0,16.0,2.0,1.0,4.0,strict_delta_max,0.75,12.336240306395883,14.336240306395883,17.989200074225664,8.28509998973459,simulated_charged,RL,2.9762476836110316,2,2,2,6,6,0.025000000000000022,0.025000000000000022,0.5,0.5,-1,1,16.984901705320862,17.008782123762327,17.014752228372693,False,False,0.0,0.0,0.0,False,0.020159612498111323,0.0,True,8,0.0,0.0,0.0,12000,22000,Windows-AMD64-py3.14.3,self-contained local validation harness; charged-time accounting is disclosed by timing_mode
line-duel_fixed-split_seed2,no-git,2026-05-27T22:16:11,2,fixed-split,self-contained-game-ai,LineDuelEnv,1.0-local,line-duel,5,18.0,16.0,2.0,1.0,4.0,strict_delta_max,0.75,12.027161980111611,14.027161980111611,17.948599997907877,8.367900154553354,simulated_charged,RL,2.5937969268144236,2,2,2,6,6,0.025000000000000022,0.025000000000000022,0.5,0.5,-1,1,16.977439074557903,17.007289597609734,17.014752228372693,False,False,0.0,0.0,0.0,False,0.0,0.0,True,8,0.0,0.0,0.0,12000,22000,Windows-AMD64-py3.14.3,self-contained local validation harness; charged-time accounting is disclosed by timing_mode
line-duel_round-robin_seed0,no-git,2026-05-27T22:16:11,0,round-robin,self-contained-game-ai,LineDuelEnv,1.0-local,line-duel,0,18.0,16.0,2.0,1.0,4.0,strict_delta_max,0.75,13.122664319595199,15.122664319595199,15.266499947756529,6.531400023959577,simulated_charged,PSO,2.703496397418464,2,2,1,5,5,-0.04500000000000004,-0.04500000000000004,0.5,0.5,-1,1,15.122664319595199,15.122664319595199,15.122664319595199,False,False,0.0,0.0,0.0,False,0.04239642359119411,0.0,True,6,0.0,0.0,0.0,10000,20000,Windows-AMD64-py3.14.3,self-contained local validation harness; charged-time accounting is disclosed by timing_mode
line-duel_round-robin_seed0,no-git,2026-05-27T22:16:11,0,round-robin,self-contained-game-ai,LineDuelEnv,1.0-local,line-duel,1,18.0,16.0,2.0,1.0,4.0,strict_delta_max,0.75,12.595764699578197,14.595764699578197,19.134600064717233,7.596299983561039,simulated_charged,GA,2.654586248440353,2,1,2,5,5,-0.04500000000000004,-0.04500000000000004,0.5,0.5,-1,1,15.096319338594348,15.117395323395028,15.122664319595199,False,False,0.0,0.0,0.6490609342461647,True,0.034627087082184475,0.0,True,7,0.0,0.0,0.0,10000,20000,Windows-AMD64-py3.14.3,self-contained local validation harness; charged-time accounting is disclosed by timing_mode
line-duel_round-robin_seed0,no-git,2026-05-27T22:16:11,0,round-robin,self-contained-game-ai,LineDuelEnv,1.0-local,line-duel,2,18.0,16.0,2.0,1.0,4.0,strict_delta_max,0.75,12.656416988988346,14.656416988988346,15.525600058026612,7.286699954420328,simulated_charged,RL,2.8205132788370633,1,2,2,5,5,-0.04500000000000004,-0.04500000000000004,0.5,0.5,-1,1,15.076039586534513,15.113339372983061,15.122664319595199,False,False,0.0,0.0,0.0,False,0.0,0.0,True,7,0.0,0.0,0.0,10000,20000,Windows-AMD64-py3.14.3,self-contained local validation harness; charged-time accounting is disclosed by timing_mode
line-duel_round-robin_seed0,no-git,2026-05-27T22:16:11,0,round-robin,self-contained-game-ai,LineDuelEnv,1.0-local,line-duel,3,18.0,16.0,2.0,1.0,4.0,strict_delta_max,0.75,13.443966788181303,15.443966788181303,19.510900019668043,8.223199984058738,simulated_charged,RL,2.4922441904741928,2,2,2,6,6,-0.04500000000000004,-0.04500000000000004,0.5,0.5,-1,1,15.395771417893387,15.43432771412372,15.443966788181303,False,False,0.0,0.0,0.0,False,0.0,0.0,True,8,0.0,0.0,0.0,10000,20000,Windows-AMD64-py3.14.3,self-contained local validation harness; charged-time accounting is disclosed by timing_mode
line-duel_round-robin_seed0,no-git,2026-05-27T22:16:11,0,round-robin,self-contained-game-ai,LineDuelEnv,1.0-local,line-duel,4,18.0,16.0,2.0,1.0,4.0,strict_delta_max,0.75,14.392894012636612,16.39289401263661,25.217799935489893,11.79220003541559,simulated_charged,PSO,2.9397033454976556,3,3,2,8,8,-0.04500000000000004,-0.04500000000000004,0.5,0.5,-1,1,16.20310856774555,16.354936923658396,16.39289401263661,False,False,0.0,0.0,0.0,False,0.03158555187092455,0.0,True,10,0.0,0.0,0.0,10000,20000,Windows-AMD64-py3.14.3,self-contained local validation harness; charged-time accounting is disclosed by timing_mode
line-duel_round-robin_seed0,no-git,2026-05-27T22:16:11,0,round-robin,self-contained-game-ai,LineDuelEnv,1.0-local,line-duel,5,18.0,16.0,2.0,1.0,4.0,strict_delta_max,0.75,12.130588272068149,14.130588272068149,19.06209997832775,8.258799905888736,simulated_charged,PSO,1.7269256370131338,2,2,2,6,6,-0.04500000000000004,-0.04500000000000004,0.5,0.5,-1,1,16.155662206522784,16.345447651413846,16.39289401263661,False,False,0.0,0.0,0.0,False,0.045035460323613996,0.0,True,8,0.0,0.0,0.0,10000,20000,Windows-AMD64-py3.14.3,self-contained local validation harness; charged-time accounting is disclosed by timing_mode
line-duel_round-robin_seed1,no-git,2026-05-27T22:16:11,1,round-robin,self-contained-game-ai,LineDuelEnv,1.0-local,line-duel,0,18.0,16.0,2.0,1.0,4.0,strict_delta_max,0.75,12.767876716457113,14.767876716457113,17.61920005083084,8.055500104092062,simulated_charged,PSO,1.9404049006445716,2,2,1,5,5,-1.04,-1.04,0.0,0.5,-1,1,14.767876716457113,14.767876716457113,14.767876716457113,False,False,0.0,0.0,0.0,False,0.03887761957055909,0.0,True,6,0.0,0.0,0.0,11000,21000,Windows-AMD64-py3.14.3,self-contained local validation harness; charged-time accounting is disclosed by timing_mode
line-duel_round-robin_seed1,no-git,2026-05-27T22:16:11,1,round-robin,self-contained-game-ai,LineDuelEnv,1.0-local,line-duel,1,18.0,16.0,2.0,1.0,4.0,strict_delta_max,0.75,12.965300361675043,14.965300361675043,20.254900096915662,7.977999979630113,simulated_charged,GA,3.2810987394175073,2,1,2,5,5,-1.04,-1.04,0.0,0.5,-1,1,14.955429179414146,14.963326125222864,14.965300361675043,False,False,0.0,0.0,0.7772472685794287,True,0.029940224248226906,0.0,True,7,0.0,0.0,0.0,11000,21000,Windows-AMD64-py3.14.3,self-contained local validation harness; charged-time accounting is disclosed by timing_mode
line-duel_round-robin_seed1,no-git,2026-05-27T22:16:11,1,round-robin,self-contained-game-ai,LineDuelEnv,1.0-local,line-duel,2,18.0,16.0,2.0,1.0,4.0,strict_delta_max,0.75,13.113496956783559,15.113496956783559,22.38109998870641,9.995399974286556,simulated_charged,GA,2.523233103732615,2,2,2,6,6,-1.04,-1.04,0.0,0.5,-1,1,15.098677297272706,15.110533024881388,15.113496956783559,False,False,0.0,0.0,0.7725442157947201,True,0.022152318185992094,0.0,True,8,0.0,0.0,0.0,11000,21000,Windows-AMD64-py3.14.3,self-contained local validation harness; charged-time accounting is disclosed by timing_mode
line-duel_round-robin_seed1,no-git,2026-05-27T22:16:11,1,round-robin,self-contained-game-ai,LineDuelEnv,1.0-local,line-duel,3,18.0,16.0,2.0,1.0,4.0,strict_delta_max,0.75,12.514820982753086,14.514820982753086,22.0907999901101,9.962999843992293,simulated_charged,GA,1.5005308463978229,2,2,2,6,6,-1.04,-1.04,0.0,0.5,-1,1,15.091267467517282,15.109051058930303,15.113496956783559,False,False,0.0,0.0,0.7725442157947201,True,0.06162370766996604,0.0,True,8,0.0,0.0,0.0,11000,21000,Windows-AMD64-py3.14.3,self-contained local validation harness; charged-time accounting is disclosed by timing_mode
line-duel_round-robin_seed1,no-git,2026-05-27T22:16:11,1,round-robin,self-contained-game-ai,LineDuelEnv,1.0-local,line-duel,4,18.0,16.0,2.0,1.0,4.0,strict_delta_max,0.75,13.362291623472274,15.362291623472274,21.758099901489913,9.607400046661496,simulated_charged,GA,3.7620290637750373,2,2,2,6,6,-1.04,-1.04,0.0,0.5,-1,1,15.31253269013453,15.352339836804726,15.362291623472274,False,False,0.0,0.0,0.7725442157947201,True,0.021487804284518713,0.0,True,8,0.0,0.0,0.0,11000,21000,Windows-AMD64-py3.14.3,self-contained local validation harness; charged-time accounting is disclosed by timing_mode
line-duel_round-robin_seed1,no-git,2026-05-27T22:16:11,1,round-robin,self-contained-game-ai,LineDuelEnv,1.0-local,line-duel,5,18.0,16.0,2.0,1.0,4.0,strict_delta_max,0.75,12.279986618585237,14.279986618585237,17.397799994796515,8.092000149190426,simulated_charged,RL,2.017131785699454,1,2,2,5,5,-1.04,-1.04,0.0,0.5,-1,1,15.300092956800095,15.349851890137838,15.362291623472274,False,False,0.0,0.0,0.0,False,0.0,0.0,True,7,0.0,0.0,0.0,11000,21000,Windows-AMD64-py3.14.3,self-contained local validation harness; charged-time accounting is disclosed by timing_mode
line-duel_round-robin_seed2,no-git,2026-05-27T22:16:11,2,round-robin,self-contained-game-ai,LineDuelEnv,1.0-local,line-duel,0,18.0,16.0,2.0,1.0,4.0,strict_delta_max,0.75,14.865499613113537,16.865499613113535,20.076100016012788,9.447900112718344,simulated_charged,RL,4.0,2,2,2,6,6,-0.0050000000000000044,-0.0050000000000000044,0.5,0.5,-1,1,16.865499613113535,16.865499613113535,16.865499613113535,False,False,0.0,0.0,0.0,False,0.0,0.0,True,8,0.0,0.0,0.0,12000,22000,Windows-AMD64-py3.14.3,self-contained local validation harness; charged-time accounting is disclosed by timing_mode
line-duel_round-robin_seed2,no-git,2026-05-27T22:16:11,2,round-robin,self-contained-game-ai,LineDuelEnv,1.0-local,line-duel,1,18.0,16.0,2.0,1.0,4.0,strict_delta_max,0.75,13.508000950105796,15.508000950105796,19.805200048722327,8.998099947348237,simulated_charged,RL,2.2742440826800014,2,2,2,6,6,0.025000000000000022,0.025000000000000022,0.5,0.5,-1,1,16.797624679963146,16.851924626483456,16.865499613113535,False,False,0.0,0.0,0.0,False,0.0,0.0,True,8,0.0,0.0,0.0,12000,22000,Windows-AMD64-py3.14.3,self-contained local validation harness; charged-time accounting is disclosed by timing_mode
line-duel_round-robin_seed2,no-git,2026-05-27T22:16:11,2,round-robin,self-contained-game-ai,LineDuelEnv,1.0-local,line-duel,2,18.0,16.0,2.0,1.0,4.0,strict_delta_max,0.75,15.014752228372695,17.014752228372693,17.725400044582784,7.931700209155679,simulated_charged,RL,4.0,2,2,2,6,6,0.025000000000000022,0.025000000000000022,0.5,0.5,-1,1,16.999826966846776,17.011767176067508,17.014752228372693,False,False,0.0,0.0,0.0,False,0.4975,0.0,True,8,0.0,0.0,0.0,12000,22000,Windows-AMD64-py3.14.3,self-contained local validation harness; charged-time accounting is disclosed by timing_mode
line-duel_round-robin_seed2,no-git,2026-05-27T22:16:11,2,round-robin,self-contained-game-ai,LineDuelEnv,1.0-local,line-duel,3,18.0,16.0,2.0,1.0,4.0,strict_delta_max,0.75,13.890611634289986,15.890611634289986,17.64150010421872,8.349400013685226,simulated_charged,RL,2.5106882039155964,2,2,2,6,6,0.025000000000000022,0.025000000000000022,0.5,0.5,-1,1,16.99236433608382,17.01027464991492,17.014752228372693,False,False,0.0,0.0,0.0,False,0.0,0.0,True,8,0.0,0.0,0.0,12000,22000,Windows-AMD64-py3.14.3,self-contained local validation harness; charged-time accounting is disclosed by timing_mode
line-duel_round-robin_seed2,no-git,2026-05-27T22:16:11,2,round-robin,self-contained-game-ai,LineDuelEnv,1.0-local,line-duel,4,18.0,16.0,2.0,1.0,4.0,strict_delta_max,0.75,12.336240306395883,14.336240306395883,17.165600089356303,7.942000054754317,simulated_charged,RL,2.9762476836110316,2,2,2,6,6,0.025000000000000022,0.025000000000000022,0.5,0.5,-1,1,16.984901705320862,17.008782123762327,17.014752228372693,False,False,0.0,0.0,0.0,False,0.020159612498111323,0.0,True,8,0.0,0.0,0.0,12000,22000,Windows-AMD64-py3.14.3,self-contained local validation harness; charged-time accounting is disclosed by timing_mode
line-duel_round-robin_seed2,no-git,2026-05-27T22:16:11,2,round-robin,self-contained-game-ai,LineDuelEnv,1.0-local,line-duel,5,18.0,16.0,2.0,1.0,4.0,strict_delta_max,0.75,12.027161980111611,14.027161980111611,17.902599996887147,8.297700085677207,simulated_charged,RL,2.5937969268144236,2,2,2,6,6,0.025000000000000022,0.025000000000000022,0.5,0.5,-1,1,16.977439074557903,17.007289597609734,17.014752228372693,False,False,0.0,0.0,0.0,False,0.0,0.0,True,8,0.0,0.0,0.0,12000,22000,Windows-AMD64-py3.14.3,self-contained local validation harness; charged-time accounting is disclosed by timing_mode
line-duel_greedy-improvement_seed0,no-git,2026-05-27T22:16:11,0,greedy-improvement,self-contained-game-ai,LineDuelEnv,1.0-local,line-duel,0,18.0,16.0,2.0,1.0,4.0,strict_delta_max,0.75,13.503892846515695,15.503892846515695,21.78839989937842,7.400199887342751,simulated_charged,GA,2.937698729694839,5,0,0,5,5,-1.0350000000000001,-1.0350000000000001,0.0,0.5,-1,1,15.503892846515695,15.503892846515695,15.503892846515695,False,False,0.0,0.0,0.6989703687729832,True,0.038251989956807654,0.0,True,5,0.0,0.0,0.0,10000,20000,Windows-AMD64-py3.14.3,self-contained local validation harness; charged-time accounting is disclosed by timing_mode
line-duel_greedy-improvement_seed0,no-git,2026-05-27T22:16:11,0,greedy-improvement,self-contained-game-ai,LineDuelEnv,1.0-local,line-duel,1,18.0,16.0,2.0,1.0,4.0,strict_delta_max,0.75,14.472283815194263,16.472283815194263,21.055199904367328,6.66119996458292,simulated_charged,GA,3.719590782306286,5,0,0,5,5,0.015000000000000013,0.015000000000000013,0.5,0.5,-1,1,16.423864266760337,16.462599905507478,16.472283815194263,False,False,0.0,0.0,0.6111318557515489,True,0.02934947749294064,0.0,True,5,0.0,0.0,0.0,10000,20000,Windows-AMD64-py3.14.3,self-contained local validation harness; charged-time accounting is disclosed by timing_mode
line-duel_greedy-improvement_seed0,no-git,2026-05-27T22:16:11,0,greedy-improvement,self-contained-game-ai,LineDuelEnv,1.0-local,line-duel,2,18.0,16.0,2.0,1.0,4.0,strict_delta_max,0.75,13.189315981103995,15.189315981103995,28.71199999935925,9.260099846869707,simulated_charged,GA,1.5887227229157082,7,0,0,7,7,0.015000000000000013,0.015000000000000013,0.5,0.5,-1,1,16.375444718326406,16.452915995820693,16.472283815194263,False,False,0.0,0.0,0.6487426136929986,True,0.05673500467921454,0.0,True,7,0.0,0.0,0.0,10000,20000,Windows-AMD64-py3.14.3,self-contained local validation harness; charged-time accounting is disclosed by timing_mode
line-duel_greedy-improvement_seed0,no-git,2026-05-27T22:16:11,0,greedy-improvement,self-contained-game-ai,LineDuelEnv,1.0-local,line-duel,3,18.0,16.0,2.0,1.0,4.0,strict_delta_max,0.75,14.321210183784055,16.321210183784054,19.983400008641183,5.988199962303042,simulated_charged,GA,2.3562853015965253,5,0,0,5,5,0.015000000000000013,0.015000000000000013,0.5,0.5,-1,1,16.449622770482733,16.467751606251955,16.472283815194263,False,False,0.0,0.0,0.5287794361718773,True,0.048083416177672804,0.0,True,5,0.0,0.0,0.0,10000,20000,Windows-AMD64-py3.14.3,self-contained local validation harness; charged-time accounting is disclosed by timing_mode
line-duel_greedy-improvement_seed0,no-git,2026-05-27T22:16:11,0,greedy-improvement,self-contained-game-ai,LineDuelEnv,1.0-local,line-duel,4,18.0,16.0,2.0,1.0,4.0,strict_delta_max,0.75,15.147990072320834,17.147990072320834,20.234000054188073,5.956700188107789,simulated_charged,GA,3.494543522843922,5,0,0,5,5,0.015000000000000013,0.015000000000000013,0.5,0.5,-1,1,17.01284882089552,17.12096182203577,17.147990072320834,False,False,0.0,0.0,0.46888634094355536,True,0.02090554337673835,0.0,True,5,0.0,0.0,0.0,10000,20000,Windows-AMD64-py3.14.3,self-contained local validation harness; charged-time accounting is disclosed by timing_mode
line-duel_greedy-improvement_seed0,no-git,2026-05-27T22:16:11,0,greedy-improvement,self-contained-game-ai,LineDuelEnv,1.0-local,line-duel,5,18.0,16.0,2.0,1.0,4.0,strict_delta_max,0.75,12.064550301472588,14.064550301472588,16.28730003722012,5.069399951025844,simulated_charged,GA,3.946364865848617,4,0,0,4,4,0.015000000000000013,0.015000000000000013,0.5,0.5,-1,1,16.97906350803919,17.114204759464506,17.147990072320834,False,False,0.0,0.0,0.46888634094355536,True,0.020269761756056912,0.0,True,4,0.0,0.0,0.0,10000,20000,Windows-AMD64-py3.14.3,self-contained local validation harness; charged-time accounting is disclosed by timing_mode
line-duel_greedy-improvement_seed1,no-git,2026-05-27T22:16:12,1,greedy-improvement,self-contained-game-ai,LineDuelEnv,1.0-local,line-duel,0,18.0,16.0,2.0,1.0,4.0,strict_delta_max,0.75,14.224008104543856,16.224008104543856,22.427599993534386,8.249500067904592,simulated_charged,GA,2.2352911094680827,5,0,0,5,5,-1.04,-1.04,0.0,0.5,-1,1,16.224008104543856,16.224008104543856,16.224008104543856,False,False,0.0,0.0,0.8212819453590211,True,0.04351751902763511,0.0,True,5,0.0,0.0,0.0,11000,21000,Windows-AMD64-py3.14.3,self-contained local validation harness; charged-time accounting is disclosed by timing_mode
line-duel_greedy-improvement_seed1,no-git,2026-05-27T22:16:12,1,greedy-improvement,self-contained-game-ai,LineDuelEnv,1.0-local,line-duel,1,18.0,16.0,2.0,1.0,4.0,strict_delta_max,0.75,12.485245910266535,14.485245910266535,17.658199998550117,6.159099983051419,simulated_charged,GA,3.880593776600343,4,0,0,4,4,-1.04,-1.04,0.0,0.5,-1,1,16.13706999482999,16.206620482601082,16.224008104543856,False,False,0.0,0.0,0.7947423919546869,True,0.030370586676992665,0.0,True,4,0.0,0.0,0.0,11000,21000,Windows-AMD64-py3.14.3,self-contained local validation harness; charged-time accounting is disclosed by timing_mode
line-duel_greedy-improvement_seed1,no-git,2026-05-27T22:16:12,1,greedy-improvement,self-contained-game-ai,LineDuelEnv,1.0-local,line-duel,2,18.0,16.0,2.0,1.0,4.0,strict_delta_max,0.75,15.067823018327008,17.067823018327008,21.803000010550022,7.8384000808000565,simulated_charged,GA,3.950715051081146,5,0,0,5,5,-1.04,-1.04,0.0,0.5,-1,1,16.983441526948692,17.050946720051346,17.067823018327008,False,False,0.0,0.0,0.7947423919546869,True,0.0262265439624122,0.0,True,5,0.0,0.0,0.0,11000,21000,Windows-AMD64-py3.14.3,self-contained local validation harness; charged-time accounting is disclosed by timing_mode
line-duel_greedy-improvement_seed1,no-git,2026-05-27T22:16:12,1,greedy-improvement,self-contained-game-ai,LineDuelEnv,1.0-local,line-duel,3,18.0,16.0,2.0,1.0,4.0,strict_delta_max,0.75,12.846107264642546,14.846107264642546,17.867199960164726,5.675100139342248,simulated_charged,GA,3.197161736800089,4,0,0,4,4,-1.04,-1.04,0.0,0.5,-1,1,16.941250781259534,17.042508570913512,17.067823018327008,False,False,0.0,0.0,0.7947423919546869,True,0.03547040198996498,0.0,True,4,0.0,0.0,0.0,11000,21000,Windows-AMD64-py3.14.3,self-contained local validation harness; charged-time accounting is disclosed by timing_mode
line-duel_greedy-improvement_seed1,no-git,2026-05-27T22:16:12,1,greedy-improvement,self-contained-game-ai,LineDuelEnv,1.0-local,line-duel,4,18.0,16.0,2.0,1.0,4.0,strict_delta_max,0.75,13.388035889089014,15.388035889089014,22.591400076635182,7.578199845738709,simulated_charged,GA,2.6604781389742813,5,0,0,5,5,-1.04,-1.04,0.0,0.5,-1,1,16.89906003557038,17.03407042177568,17.067823018327008,False,False,0.0,0.0,0.7947423919546869,True,0.046345279738291126,0.0,True,5,0.0,0.0,0.0,11000,21000,Windows-AMD64-py3.14.3,self-contained local validation harness; charged-time accounting is disclosed by timing_mode
line-duel_greedy-improvement_seed1,no-git,2026-05-27T22:16:12,1,greedy-improvement,self-contained-game-ai,LineDuelEnv,1.0-local,line-duel,5,18.0,16.0,2.0,1.0,4.0,strict_delta_max,0.75,12.813849387337513,14.813849387337513,21.934900083579123,7.655899855308235,simulated_charged,GA,1.0734018156637932,5,0,0,5,5,-1.025,-1.025,0.0,0.5,-1,1,16.85686928988122,17.02563227263785,17.067823018327008,False,False,0.0,0.0,0.7863103456639433,True,0.06427115370765903,0.013974263673780078,True,5,0.0,0.0,0.0,11000,21000,Windows-AMD64-py3.14.3,self-contained local validation harness; charged-time accounting is disclosed by timing_mode
line-duel_greedy-improvement_seed2,no-git,2026-05-27T22:16:12,2,greedy-improvement,self-contained-game-ai,LineDuelEnv,1.0-local,line-duel,0,18.0,16.0,2.0,1.0,4.0,strict_delta_max,0.75,14.813565653238879,16.81356565323888,25.70249990094453,8.85870005004108,simulated_charged,GA,3.131754768012165,6,0,0,6,6,-0.0050000000000000044,-0.0050000000000000044,0.5,0.5,-1,1,16.81356565323888,16.81356565323888,16.81356565323888,False,False,0.0,0.0,0.7632706403381906,True,0.026819493238345687,0.0,True,6,0.0,0.0,0.0,12000,22000,Windows-AMD64-py3.14.3,self-contained local validation harness; charged-time accounting is disclosed by timing_mode
line-duel_greedy-improvement_seed2,no-git,2026-05-27T22:16:12,2,greedy-improvement,self-contained-game-ai,LineDuelEnv,1.0-local,line-duel,1,18.0,16.0,2.0,1.0,4.0,strict_delta_max,0.75,12.531446224023863,14.531446224023863,21.68480004183948,7.314999820664525,simulated_charged,GA,2.8738047095599057,5,0,0,5,5,-0.0050000000000000044,-0.0050000000000000044,0.5,0.5,-1,1,16.699459681778126,16.79074445894673,16.81356565323888,False,False,0.0,0.0,0.6130026042811695,True,0.036537458772236193,0.0,True,5,0.0,0.0,0.0,12000,22000,Windows-AMD64-py3.14.3,self-contained local validation harness; charged-time accounting is disclosed by timing_mode
line-duel_greedy-improvement_seed2,no-git,2026-05-27T22:16:12,2,greedy-improvement,self-contained-game-ai,LineDuelEnv,1.0-local,line-duel,2,18.0,16.0,2.0,1.0,4.0,strict_delta_max,0.75,13.227665518652646,15.227665518652646,22.48670009430498,7.759699830785394,simulated_charged,GA,2.857246273792712,5,0,0,5,5,-0.0050000000000000044,-0.0050000000000000044,0.5,0.5,-1,1,16.654975639780254,16.781847650547153,16.81356565323888,False,False,0.0,0.0,0.43072124848159543,True,0.031110328116791985,0.0,True,5,0.0,0.0,0.0,12000,22000,Windows-AMD64-py3.14.3,self-contained local validation harness; charged-time accounting is disclosed by timing_mode
line-duel_greedy-improvement_seed2,no-git,2026-05-27T22:16:12,2,greedy-improvement,self-contained-game-ai,LineDuelEnv,1.0-local,line-duel,3,18.0,16.0,2.0,1.0,4.0,strict_delta_max,0.75,13.074090768368693,15.074090768368693,27.370400028303266,9.659300092607737,simulated_charged,GA,1.22695902144976,6,0,0,6,6,-0.0050000000000000044,-0.0050000000000000044,0.5,0.5,-1,1,16.575680633050943,16.76598864920129,16.81356565323888,False,False,0.0,0.0,0.4169513110045364,True,0.08717143953561432,0.0,True,6,0.0,0.0,0.0,12000,22000,Windows-AMD64-py3.14.3,self-contained local validation harness; charged-time accounting is disclosed by timing_mode
line-duel_greedy-improvement_seed2,no-git,2026-05-27T22:16:12,2,greedy-improvement,self-contained-game-ai,LineDuelEnv,1.0-local,line-duel,4,18.0,16.0,2.0,1.0,4.0,strict_delta_max,0.75,14.658848904810435,16.658848904810434,26.90449997317046,8.87200003489852,simulated_charged,GA,3.421472115284686,6,0,0,6,6,-0.0050000000000000044,-0.0050000000000000044,0.5,0.5,-1,1,16.78262230355319,16.80737698330174,16.81356565323888,False,False,0.0,0.0,0.43078802384298653,True,0.02561298384912828,0.0,True,6,0.0,0.0,0.0,12000,22000,Windows-AMD64-py3.14.3,self-contained local validation harness; charged-time accounting is disclosed by timing_mode
line-duel_greedy-improvement_seed2,no-git,2026-05-27T22:16:12,2,greedy-improvement,self-contained-game-ai,LineDuelEnv,1.0-local,line-duel,5,18.0,16.0,2.0,1.0,4.0,strict_delta_max,0.75,12.804574512296497,14.804574512296497,26.47670009173453,8.72059992980212,simulated_charged,GA,1.1555369680229948,6,0,0,6,6,-0.0050000000000000044,-0.0050000000000000044,0.5,0.5,-1,1,16.77488646613177,16.805829815817457,16.81356565323888,False,False,0.0,0.0,0.43078802384298653,True,0.06238430851907733,0.0,True,6,0.0,0.0,0.0,12000,22000,Windows-AMD64-py3.14.3,self-contained local validation harness; charged-time accounting is disclosed by timing_mode
grid-treasure_DLGPR-full_seed0,no-git,2026-05-27T22:16:12,0,DLGPR-full,self-contained-game-ai,GridTreasureEnv,1.0-local,grid-treasure,0,18.0,16.0,2.0,1.0,4.0,strict_delta_max,0.75,12.852990780594645,14.852990780594645,23.65099999587983,9.321900084614754,simulated_charged,GA,2.724682374746422,3,1,1,5,5,0.025000000000000022,0.025000000000000022,0.5,0.5,-1,1,14.852990780594645,14.852990780594645,14.852990780594645,False,False,0.0,0.0,0.866566219619511,True,0.05479972206317567,0.0,True,6,0.21324908531343406,0.1419763854618634,0.15269381636426527,10000,20000,Windows-AMD64-py3.14.3,self-contained local validation harness; charged-time accounting is disclosed by timing_mode
grid-treasure_DLGPR-full_seed0,no-git,2026-05-27T22:16:12,0,DLGPR-full,self-contained-game-ai,GridTreasureEnv,1.0-local,grid-treasure,1,18.0,16.0,2.0,1.0,4.0,strict_delta_max,0.75,13.072552615553917,15.072552615553917,30.70779994595796,10.893100057728589,simulated_charged,GA,1.3597466551576876,5,1,1,7,7,0.025000000000000022,0.025000000000000022,0.5,0.5,-1,1,15.061574523805954,15.070356997204325,15.072552615553917,False,False,0.0,0.0,0.7496240834427136,True,0.13437373961066415,0.0,True,8,0.23232542460171363,0.13869794584261702,0.16213713924584222,10000,20000,Windows-AMD64-py3.14.3,self-contained local validation harness; charged-time accounting is disclosed by timing_mode
grid-treasure_DLGPR-full_seed0,no-git,2026-05-27T22:16:12,0,DLGPR-full,self-contained-game-ai,GridTreasureEnv,1.0-local,grid-treasure,2,18.0,16.0,2.0,1.0,4.0,strict_delta_max,0.75,13.80425383390299,15.80425383390299,23.431300069205463,9.590399917215109,simulated_charged,GA,2.1867780409170416,3,1,1,5,5,0.025000000000000022,0.025000000000000022,0.5,0.5,-1,1,15.731083712068083,15.789619809536008,15.80425383390299,False,False,0.0,0.0,0.7496240834427136,True,0.06887280698004199,0.0,True,6,0.20656033144588726,0.12750820027812299,0.1417538193228602,10000,20000,Windows-AMD64-py3.14.3,self-contained local validation harness; charged-time accounting is disclosed by timing_mode
grid-treasure_DLGPR-full_seed0,no-git,2026-05-27T22:16:12,0,DLGPR-full,self-contained-game-ai,GridTreasureEnv,1.0-local,grid-treasure,3,18.0,16.0,2.0,1.0,4.0,strict_delta_max,0.75,13.533944464725508,15.533944464725508,22.863600053824484,8.909900090657175,simulated_charged,GA,3.815263419220368,3,1,1,5,5,0.025000000000000022,0.025000000000000022,0.5,0.5,-1,1,15.763707428526368,15.796144552827666,15.80425383390299,False,False,0.0,0.0,0.7496240834427136,True,0.03646544537081365,0.0,True,6,0.1969425258488442,0.11878435912055582,0.1318614939298327,10000,20000,Windows-AMD64-py3.14.3,self-contained local validation harness; charged-time accounting is disclosed by timing_mode
grid-treasure_DLGPR-full_seed0,no-git,2026-05-27T22:16:12,0,DLGPR-full,self-contained-game-ai,GridTreasureEnv,1.0-local,grid-treasure,4,18.0,16.0,2.0,1.0,4.0,strict_delta_max,0.75,13.694267135242576,15.694267135242576,25.60829999856651,12.518800096586347,simulated_charged,RL,2.795431742858919,1,1,3,5,5,0.025000000000000022,0.025000000000000022,0.5,0.5,-1,1,15.782256494170907,15.799854365956573,15.80425383390299,False,False,0.0,0.0,0.0,False,7.943123830236822e-17,0.0,True,8,0.11373882095448373,0.11178446633212065,0.15272217092959897,10000,20000,Windows-AMD64-py3.14.3,self-contained local validation harness; charged-time accounting is disclosed by timing_mode
grid-treasure_DLGPR-full_seed0,no-git,2026-05-27T22:16:12,0,DLGPR-full,self-contained-game-ai,GridTreasureEnv,1.0-local,grid-treasure,5,18.0,16.0,2.0,1.0,4.0,strict_delta_max,0.75,14.94464632469486,16.944646324694858,25.80049994867295,12.515900190919638,simulated_charged,RL,3.6749428260737247,1,1,3,5,5,0.025000000000000022,0.025000000000000022,0.5,0.5,-1,1,16.65954820199689,16.887626700155266,16.944646324694858,False,False,0.0,0.0,0.0,False,0.0,0.0,True,8,0.09359789972024343,0.10601308553529458,0.10269127562201602,10000,20000,Windows-AMD64-py3.14.3,self-contained local validation harness; charged-time accounting is disclosed by timing_mode
grid-treasure_DLGPR-full_seed1,no-git,2026-05-27T22:16:12,1,DLGPR-full,self-contained-game-ai,GridTreasureEnv,1.0-local,grid-treasure,0,18.0,16.0,2.0,1.0,4.0,strict_delta_max,0.75,14.31561306521249,16.31561306521249,26.63760003633797,11.82330003939569,simulated_charged,GA,2.855612249299627,3,1,1,5,5,0.010000000000000009,0.010000000000000009,0.5,0.5,-1,1,16.31561306521249,16.31561306521249,16.31561306521249,False,False,0.0,0.0,0.7957040923505982,True,0.06043677339554088,0.0,True,6,0.20439539354881037,0.1419763854618634,0.15118175488850644,11000,21000,Windows-AMD64-py3.14.3,self-contained local validation harness; charged-time accounting is disclosed by timing_mode
grid-treasure_DLGPR-full_seed1,no-git,2026-05-27T22:16:12,1,DLGPR-full,self-contained-game-ai,GridTreasureEnv,1.0-local,grid-treasure,1,18.0,16.0,2.0,1.0,4.0,strict_delta_max,0.75,14.218214654870103,16.218214654870103,31.101300031878054,12.993099982850254,simulated_charged,GA,2.9502201111890267,4,1,1,6,6,0.010000000000000009,0.010000000000000009,0.5,0.5,-1,1,16.31074314469537,16.314639081109064,16.31561306521249,False,False,0.0,0.0,0.6521638053482276,True,0.04785768497383568,0.0,True,7,0.2082637947066952,0.13651666518564684,0.15031481727944832,11000,21000,Windows-AMD64-py3.14.3,self-contained local validation harness; charged-time accounting is disclosed by timing_mode
grid-treasure_DLGPR-full_seed1,no-git,2026-05-27T22:16:12,1,DLGPR-full,self-contained-game-ai,GridTreasureEnv,1.0-local,grid-treasure,2,18.0,16.0,2.0,1.0,4.0,strict_delta_max,0.75,14.169419152051166,16.169419152051166,21.576699917204678,10.398200014606118,simulated_charged,GA,3.8711891562444243,2,1,1,4,4,0.010000000000000009,0.010000000000000009,0.5,0.5,-1,1,16.30587322417825,16.31366509700564,16.31561306521249,False,False,0.0,0.0,0.6412138184471672,True,0.033074713806639865,0.0,True,5,0.17588270549359952,0.12488319167365465,0.13364336332708263,11000,21000,Windows-AMD64-py3.14.3,self-contained local validation harness; charged-time accounting is disclosed by timing_mode
grid-treasure_DLGPR-full_seed1,no-git,2026-05-27T22:16:12,1,DLGPR-full,self-contained-game-ai,GridTreasureEnv,1.0-local,grid-treasure,3,18.0,16.0,2.0,1.0,4.0,strict_delta_max,0.75,13.780410031445138,15.780410031445138,31.299799913540483,15.012499992735684,simulated_charged,GA,3.7712703579521842,3,1,1,5,5,0.010000000000000009,0.010000000000000009,0.5,0.5,-1,1,16.30100330366113,16.31269111290222,16.31561306521249,False,False,0.0,0.0,0.5966236249723275,True,0.035837139150294774,0.0,True,6,0.17336275099306125,0.117048498366085,0.12644639162564025,11000,21000,Windows-AMD64-py3.14.3,self-contained local validation harness; charged-time accounting is disclosed by timing_mode
grid-treasure_DLGPR-full_seed1,no-git,2026-05-27T22:16:12,1,DLGPR-full,self-contained-game-ai,GridTreasureEnv,1.0-local,grid-treasure,4,18.0,16.0,2.0,1.0,4.0,strict_delta_max,0.75,12.117231300536718,14.117231300536718,24.58279998973012,8.977500023320317,simulated_charged,GA,3.723166061096331,2,1,1,4,4,0.010000000000000009,0.010000000000000009,0.5,0.5,-1,1,16.29613338314401,16.311717128798794,16.31561306521249,False,False,0.0,0.0,0.66201629342641,True,0.028314269812895435,0.0,True,5,0.1602025973171305,0.1098671213023066,0.12159732518488639,11000,21000,Windows-AMD64-py3.14.3,self-contained local validation harness; charged-time accounting is disclosed by timing_mode
grid-treasure_DLGPR-full_seed1,no-git,2026-05-27T22:16:12,1,DLGPR-full,self-contained-game-ai,GridTreasureEnv,1.0-local,grid-treasure,5,18.0,16.0,2.0,1.0,4.0,strict_delta_max,0.75,13.601064799637106,15.601064799637106,33.1851999508217,15.286299865692854,simulated_charged,RL,2.1574661663242183,1,1,4,6,6,0.010000000000000009,0.010000000000000009,0.5,0.5,-1,1,16.291263462626894,16.31074314469537,16.31561306521249,False,False,0.0,0.0,0.0,False,0.037080535142898684,0.0,True,10,0.095455643058009,0.10506101091468965,0.13876106593363255,11000,21000,Windows-AMD64-py3.14.3,self-contained local validation harness; charged-time accounting is disclosed by timing_mode
grid-treasure_DLGPR-full_seed2,no-git,2026-05-27T22:16:13,2,DLGPR-full,self-contained-game-ai,GridTreasureEnv,1.0-local,grid-treasure,0,18.0,16.0,2.0,1.0,4.0,strict_delta_max,0.75,14.998266813878978,16.998266813878978,35.951899946667254,16.865499783307314,simulated_charged,GA,3.4762739439628696,4,1,1,6,6,-0.09499999999999997,-0.09499999999999997,0.5,0.5,-1,1,16.998266813878978,16.998266813878978,16.998266813878978,False,False,0.0,0.0,0.7857552850322262,True,0.03930323124540112,0.0,True,7,0.22229851655908395,0.14795772766865634,0.15948298581436424,12000,22000,Windows-AMD64-py3.14.3,self-contained local validation harness; charged-time accounting is disclosed by timing_mode
grid-treasure_DLGPR-full_seed2,no-git,2026-05-27T22:16:13,2,DLGPR-full,self-contained-game-ai,GridTreasureEnv,1.0-local,grid-treasure,1,18.0,16.0,2.0,1.0,4.0,strict_delta_max,0.75,12.954990287848252,14.954990287848252,27.965900022536516,12.16949988156557,simulated_charged,GA,1.8421526725391235,3,1,1,5,5,-0.07000000000000006,-0.07000000000000006,0.5,0.5,-1,1,16.896102987577443,16.97783404861867,16.998266813878978,False,False,0.0,0.0,0.6913675835844081,True,0.07280272837548722,0.01085686343924632,True,6,0.21006411753306176,0.13651666518564684,0.1491077037117486,12000,22000,Windows-AMD64-py3.14.3,self-contained local validation harness; charged-time accounting is disclosed by timing_mode
grid-treasure_DLGPR-full_seed2,no-git,2026-05-27T22:16:13,2,DLGPR-full,self-contained-game-ai,GridTreasureEnv,1.0-local,grid-treasure,2,18.0,16.0,2.0,1.0,4.0,strict_delta_max,0.75,15.039314598948216,17.039314598948216,29.178100056014955,14.768999768421054,simulated_charged,GA,3.4999308173336123,4,1,1,6,6,-0.07000000000000006,-0.07000000000000006,0.5,0.5,-1,1,17.035209820441292,17.03849364324683,17.039314598948216,False,False,0.0,0.0,0.5679443577679044,True,0.040826208279416194,0.0,True,7,0.18780607789492693,0.12750820027812299,0.13759152413810724,12000,22000,Windows-AMD64-py3.14.3,self-contained local validation harness; charged-time accounting is disclosed by timing_mode
grid-treasure_DLGPR-full_seed2,no-git,2026-05-27T22:16:13,2,DLGPR-full,self-contained-game-ai,GridTreasureEnv,1.0-local,grid-treasure,3,18.0,16.0,2.0,1.0,4.0,strict_delta_max,0.75,12.405522746115894,14.405522746115894,20.090200006961823,8.127200067974627,simulated_charged,GA,3.8356175777092916,2,1,1,4,4,-0.06999999999999995,-0.06999999999999995,0.5,0.5,-1,1,17.03315743118783,17.038083165396138,17.039314598948216,False,False,0.0,0.0,0.5488324698027741,True,0.03749997030755986,0.0,True,5,0.15615907980483867,0.11793935322915935,0.12636731083611494,12000,22000,Windows-AMD64-py3.14.3,self-contained local validation harness; charged-time accounting is disclosed by timing_mode
grid-treasure_DLGPR-full_seed2,no-git,2026-05-27T22:16:13,2,DLGPR-full,self-contained-game-ai,GridTreasureEnv,1.0-local,grid-treasure,4,18.0,16.0,2.0,1.0,4.0,strict_delta_max,0.75,13.140876309608302,15.140876309608302,34.13309995085001,13.983799843117595,simulated_charged,GA,1.9315629449947949,4,1,1,6,6,-0.06999999999999995,-0.06999999999999995,0.5,0.5,-1,1,17.031105041934367,17.037672687545445,17.039314598948216,False,False,0.0,0.0,0.4815418543807987,True,0.051670094402988545,0.0,True,7,0.15870533231823175,0.11178446633212065,0.1220604736118033,12000,22000,Windows-AMD64-py3.14.3,self-contained local validation harness; charged-time accounting is disclosed by timing_mode
grid-treasure_DLGPR-full_seed2,no-git,2026-05-27T22:16:13,2,DLGPR-full,self-contained-game-ai,GridTreasureEnv,1.0-local,grid-treasure,5,18.0,16.0,2.0,1.0,4.0,strict_delta_max,0.75,12.571154681162284,14.571154681162284,23.87589996214956,10.586000047624111,simulated_charged,GA,3.328180970132345,2,1,1,4,4,-0.06999999999999995,-0.06999999999999995,0.5,0.5,-1,1,17.029052652680907,17.037262209694756,17.039314598948216,False,False,0.0,0.0,0.4815418543807987,True,0.02929726895106372,0.0,True,5,0.13507551361568915,0.1055455607870661,0.11393208536760883,12000,22000,Windows-AMD64-py3.14.3,self-contained local validation harness; charged-time accounting is disclosed by timing_mode
grid-treasure_fixed-split_seed0,no-git,2026-05-27T22:16:13,0,fixed-split,self-contained-game-ai,GridTreasureEnv,1.0-local,grid-treasure,0,18.0,16.0,2.0,1.0,4.0,strict_delta_max,0.75,13.42684480446124,15.42684480446124,23.41070002876222,11.10869983676821,simulated_charged,PSO,3.298536398613016,2,2,1,5,5,0.025000000000000022,0.025000000000000022,0.5,0.5,-1,1,15.42684480446124,15.42684480446124,15.42684480446124,False,False,0.0,0.0,0.0,False,0.037742041008579905,0.0,True,6,0.0,0.0,0.0,10000,20000,Windows-AMD64-py3.14.3,self-contained local validation harness; charged-time accounting is disclosed by timing_mode
grid-treasure_fixed-split_seed0,no-git,2026-05-27T22:16:13,0,fixed-split,self-contained-game-ai,GridTreasureEnv,1.0-local,grid-treasure,1,18.0,16.0,2.0,1.0,4.0,strict_delta_max,0.75,12.975386261585266,14.975386261585266,25.992300012148917,11.656599934212863,simulated_charged,PSO,1.588517437152293,2,2,2,6,6,0.025000000000000022,0.025000000000000022,0.5,0.5,-1,1,15.404271877317441,15.42233021903248,15.42684480446124,False,False,0.0,0.0,0.0,False,0.08334409797848809,0.0,True,8,0.0,0.0,0.0,10000,20000,Windows-AMD64-py3.14.3,self-contained local validation harness; charged-time accounting is disclosed by timing_mode
grid-treasure_fixed-split_seed0,no-git,2026-05-27T22:16:13,0,fixed-split,self-contained-game-ai,GridTreasureEnv,1.0-local,grid-treasure,2,18.0,16.0,2.0,1.0,4.0,strict_delta_max,0.75,12.588148008243122,14.588148008243122,23.608400020748377,12.138799880631268,simulated_charged,PSO,2.503447681985216,2,2,2,6,6,0.030000000000000027,0.030000000000000027,0.5,0.5,-1,1,15.381698950173643,15.41781563360372,15.42684480446124,False,False,0.0,0.0,0.0,False,0.05086813826889947,0.0,True,8,0.0,0.0,0.0,10000,20000,Windows-AMD64-py3.14.3,self-contained local validation harness; charged-time accounting is disclosed by timing_mode
grid-treasure_fixed-split_seed0,no-git,2026-05-27T22:16:13,0,fixed-split,self-contained-game-ai,GridTreasureEnv,1.0-local,grid-treasure,3,18.0,16.0,2.0,1.0,4.0,strict_delta_max,0.75,12.348875367456083,14.348875367456083,23.230399936437607,9.514800156466663,simulated_charged,GA,1.5959601187479744,2,1,2,5,5,0.030000000000000027,0.030000000000000027,0.5,0.5,-1,1,15.359126023029843,15.41330104817496,15.42684480446124,False,False,0.0,0.0,0.7157842771858526,True,0.0902195029468794,0.0,True,7,0.0,0.0,0.0,10000,20000,Windows-AMD64-py3.14.3,self-contained local validation harness; charged-time accounting is disclosed by timing_mode
grid-treasure_fixed-split_seed0,no-git,2026-05-27T22:16:13,0,fixed-split,self-contained-game-ai,GridTreasureEnv,1.0-local,grid-treasure,4,18.0,16.0,2.0,1.0,4.0,strict_delta_max,0.75,12.37890676442771,14.37890676442771,25.782300042919815,11.975099914707243,simulated_charged,GA,1.3320942750459381,2,2,2,6,6,0.030000000000000027,0.030000000000000027,0.5,0.5,-1,1,15.336553095886044,15.408786462746201,15.42684480446124,False,False,0.0,0.0,0.7157842771858526,True,0.11157714590188063,0.0,True,8,0.0,0.0,0.0,10000,20000,Windows-AMD64-py3.14.3,self-contained local validation harness; charged-time accounting is disclosed by timing_mode
grid-treasure_fixed-split_seed0,no-git,2026-05-27T22:16:13,0,fixed-split,self-contained-game-ai,GridTreasureEnv,1.0-local,grid-treasure,5,18.0,16.0,2.0,1.0,4.0,strict_delta_max,0.75,14.629754324145033,16.629754324145033,21.3823999511078,10.678499937057495,simulated_charged,RL,3.897749239844337,1,2,2,5,5,0.030000000000000027,0.030000000000000027,0.5,0.5,-1,1,16.329026944224083,16.569608848160843,16.629754324145033,False,False,0.0,0.0,0.0,False,0.04104933133317468,0.0,True,7,0.0,0.0,0.0,10000,20000,Windows-AMD64-py3.14.3,self-contained local validation harness; charged-time accounting is disclosed by timing_mode
grid-treasure_fixed-split_seed1,no-git,2026-05-27T22:16:13,1,fixed-split,self-contained-game-ai,GridTreasureEnv,1.0-local,grid-treasure,0,18.0,16.0,2.0,1.0,4.0,strict_delta_max,0.75,13.460854505025697,15.460854505025697,23.866700008511543,12.488500098697841,simulated_charged,PSO,2.0008536891128346,2,2,1,5,5,0.010000000000000009,0.010000000000000009,0.5,0.5,-1,1,15.460854505025697,15.460854505025697,15.460854505025697,False,False,0.0,0.0,0.0,False,0.051395187414308784,0.0,True,6,0.0,0.0,0.0,11000,21000,Windows-AMD64-py3.14.3,self-contained local validation harness; charged-time accounting is disclosed by timing_mode
grid-treasure_fixed-split_seed1,no-git,2026-05-27T22:16:13,1,fixed-split,self-contained-game-ai,GridTreasureEnv,1.0-local,grid-treasure,1,18.0,16.0,2.0,1.0,4.0,strict_delta_max,0.75,13.860625423436417,15.860625423436417,22.293000016361475,10.087499860674143,simulated_charged,GA,2.6446531908504545,2,1,2,5,5,0.010000000000000009,0.010000000000000009,0.5,0.5,-1,1,15.84063687751588,15.85662771425231,15.860625423436417,False,False,0.0,0.0,0.587050156845271,True,0.04917995822641878,0.0,True,7,0.0,0.0,0.0,11000,21000,Windows-AMD64-py3.14.3,self-contained local validation harness; charged-time accounting is disclosed by timing_mode
grid-treasure_fixed-split_seed1,no-git,2026-05-27T22:16:13,1,fixed-split,self-contained-game-ai,GridTreasureEnv,1.0-local,grid-treasure,2,18.0,16.0,2.0,1.0,4.0,strict_delta_max,0.75,12.669051432612667,14.669051432612667,21.743400022387505,9.824300068430603,simulated_charged,RL,1.7600278885807048,1,2,2,5,5,0.010000000000000009,0.010000000000000009,0.5,0.5,-1,1,15.820648331595345,15.852630005068203,15.860625423436417,False,False,0.0,0.0,0.0,False,0.01704518445113513,0.0,True,7,0.0,0.0,0.0,11000,21000,Windows-AMD64-py3.14.3,self-contained local validation harness; charged-time accounting is disclosed by timing_mode
grid-treasure_fixed-split_seed1,no-git,2026-05-27T22:16:13,1,fixed-split,self-contained-game-ai,GridTreasureEnv,1.0-local,grid-treasure,3,18.0,16.0,2.0,1.0,4.0,strict_delta_max,0.75,13.208681189475788,15.208681189475788,22.856399999000132,11.036999872885644,simulated_charged,PSO,3.0831472135316935,2,2,1,5,5,0.010000000000000009,0.010000000000000009,0.5,0.5,-1,1,15.800659785674808,15.848632295884096,15.860625423436417,False,False,0.0,0.0,0.0,False,0.04939743163120048,0.0,True,6,0.0,0.0,0.0,11000,21000,Windows-AMD64-py3.14.3,self-contained local validation harness; charged-time accounting is disclosed by timing_mode
grid-treasure_fixed-split_seed1,no-git,2026-05-27T22:16:13,1,fixed-split,self-contained-game-ai,GridTreasureEnv,1.0-local,grid-treasure,4,18.0,16.0,2.0,1.0,4.0,strict_delta_max,0.75,12.244897840602338,14.244897840602338,21.647399989888072,9.328399901278317,simulated_charged,RL,3.6174844740033185,1,1,2,4,4,0.010000000000000009,0.010000000000000009,0.5,0.5,-1,1,15.780671239754273,15.84463458669999,15.860625423436417,False,False,0.0,0.0,0.0,False,0.0,0.0,True,6,0.0,0.0,0.0,11000,21000,Windows-AMD64-py3.14.3,self-contained local validation harness; charged-time accounting is disclosed by timing_mode
grid-treasure_fixed-split_seed1,no-git,2026-05-27T22:16:13,1,fixed-split,self-contained-game-ai,GridTreasureEnv,1.0-local,grid-treasure,5,18.0,16.0,2.0,1.0,4.0,strict_delta_max,0.75,14.346436347403612,16.34643634740361,21.822799928486347,10.276100132614374,simulated_charged,PSO,2.7306178130860688,2,2,1,5,5,0.010000000000000009,0.010000000000000009,0.5,0.5,-1,1,16.224983616411812,16.322145801205252,16.34643634740361,False,False,0.0,0.0,0.0,False,0.05362138034953934,0.0,True,6,0.0,0.0,0.0,11000,21000,Windows-AMD64-py3.14.3,self-contained local validation harness; charged-time accounting is disclosed by timing_mode
grid-treasure_fixed-split_seed2,no-git,2026-05-27T22:16:13,2,fixed-split,self-contained-game-ai,GridTreasureEnv,1.0-local,grid-treasure,0,18.0,16.0,2.0,1.0,4.0,strict_delta_max,0.75,12.523197983355619,14.523197983355619,21.94679994136095,12.180800084024668,simulated_charged,PSO,2.2659582207028057,2,2,1,5,5,-0.09499999999999997,-0.09499999999999997,0.5,0.5,-1,1,14.523197983355619,14.523197983355619,14.523197983355619,False,False,0.0,0.0,0.0,False,0.05362958242575609,0.0,True,6,0.0,0.0,0.0,12000,22000,Windows-AMD64-py3.14.3,self-contained local validation harness; charged-time accounting is disclosed by timing_mode
grid-treasure_fixed-split_seed2,no-git,2026-05-27T22:16:13,2,fixed-split,self-contained-game-ai,GridTreasureEnv,1.0-local,grid-treasure,1,18.0,16.0,2.0,1.0,4.0,strict_delta_max,0.75,12.754029698171205,14.754029698171205,15.694899950176477,7.882599835284054,simulated_charged,RL,4.0,1,1,2,4,4,-0.06999999999999995,-0.06999999999999995,0.5,0.5,-1,1,14.742488112430426,14.75172138102305,14.754029698171205,False,False,0.0,0.0,0.0,False,0.03250000000000003,0.0,True,6,0.0,0.0,0.0,12000,22000,Windows-AMD64-py3.14.3,self-contained local validation harness; charged-time accounting is disclosed by timing_mode
grid-treasure_fixed-split_seed2,no-git,2026-05-27T22:16:13,2,fixed-split,self-contained-game-ai,GridTreasureEnv,1.0-local,grid-treasure,2,18.0,16.0,2.0,1.0,4.0,strict_delta_max,0.75,14.773906890448401,16.7739068904484,36.05180000886321,14.455599943175912,simulated_charged,GA,3.0313871446115948,3,2,2,7,7,-0.06999999999999995,-0.06999999999999995,0.5,0.5,-1,1,16.57191917122068,16.733509346602858,16.7739068904484,False,False,0.0,0.0,0.7668710046910088,True,0.04993383289702889,0.0,True,9,0.0,0.0,0.0,12000,22000,Windows-AMD64-py3.14.3,self-contained local validation harness; charged-time accounting is disclosed by timing_mode
grid-treasure_fixed-split_seed2,no-git,2026-05-27T22:16:13,2,fixed-split,self-contained-game-ai,GridTreasureEnv,1.0-local,grid-treasure,3,18.0,16.0,2.0,1.0,4.0,strict_delta_max,0.75,14.936430316328607,16.936430316328607,45.7693999633193,24.33120016939938,simulated_charged,RL,2.97630746280092,2,3,3,8,8,-0.06999999999999995,-0.06999999999999995,0.5,0.5,-1,1,16.912051802446577,16.9315546135522,16.936430316328607,False,False,0.0,0.0,0.0,False,0.036958547251862935,0.0,True,11,0.0,0.0,0.0,12000,22000,Windows-AMD64-py3.14.3,self-contained local validation harness; charged-time accounting is disclosed by timing_mode
grid-treasure_fixed-split_seed2,no-git,2026-05-27T22:16:13,2,fixed-split,self-contained-game-ai,GridTreasureEnv,1.0-local,grid-treasure,4,18.0,16.0,2.0,1.0,4.0,strict_delta_max,0.75,12.333758653421958,14.333758653421958,26.928699924610555,13.984000077471137,simulated_charged,PSO,1.3934486104922021,2,2,1,5,5,-0.06999999999999995,-0.06999999999999995,0.5,0.5,-1,1,16.903925631152568,16.929929379293398,16.936430316328607,False,False,0.0,0.0,0.0,False,0.06709094899247027,0.0,True,6,0.0,0.0,0.0,12000,22000,Windows-AMD64-py3.14.3,self-contained local validation harness; charged-time accounting is disclosed by timing_mode
grid-treasure_fixed-split_seed2,no-git,2026-05-27T22:16:13,2,fixed-split,self-contained-game-ai,GridTreasureEnv,1.0-local,grid-treasure,5,18.0,16.0,2.0,1.0,4.0,strict_delta_max,0.75,14.735524392556346,16.735524392556346,51.205100025981665,25.55380016565323,simulated_charged,RL,3.037994776016133,2,2,3,7,7,-0.06999999999999995,-0.06999999999999995,0.5,0.5,-1,1,16.895799459858555,16.9283041450346,16.936430316328607,False,False,0.0,0.0,0.0,False,0.0,0.0,True,10,0.0,0.0,0.0,12000,22000,Windows-AMD64-py3.14.3,self-contained local validation harness; charged-time accounting is disclosed by timing_mode
grid-treasure_round-robin_seed0,no-git,2026-05-27T22:16:14,0,round-robin,self-contained-game-ai,GridTreasureEnv,1.0-local,grid-treasure,0,18.0,16.0,2.0,1.0,4.0,strict_delta_max,0.75,13.42684480446124,15.42684480446124,21.953699993900955,10.795900132507086,simulated_charged,PSO,3.298536398613016,2,2,1,5,5,0.025000000000000022,0.025000000000000022,0.5,0.5,-1,1,15.42684480446124,15.42684480446124,15.42684480446124,False,False,0.0,0.0,0.0,False,0.037742041008579905,0.0,True,6,0.0,0.0,0.0,10000,20000,Windows-AMD64-py3.14.3,self-contained local validation harness; charged-time accounting is disclosed by timing_mode
grid-treasure_round-robin_seed0,no-git,2026-05-27T22:16:14,0,round-robin,self-contained-game-ai,GridTreasureEnv,1.0-local,grid-treasure,1,18.0,16.0,2.0,1.0,4.0,strict_delta_max,0.75,12.975386261585266,14.975386261585266,24.450399912893772,10.88130020070821,simulated_charged,PSO,1.588517437152293,2,2,2,6,6,0.025000000000000022,0.025000000000000022,0.5,0.5,-1,1,15.404271877317441,15.42233021903248,15.42684480446124,False,False,0.0,0.0,0.0,False,0.08334409797848809,0.0,True,8,0.0,0.0,0.0,10000,20000,Windows-AMD64-py3.14.3,self-contained local validation harness; charged-time accounting is disclosed by timing_mode
grid-treasure_round-robin_seed0,no-git,2026-05-27T22:16:14,0,round-robin,self-contained-game-ai,GridTreasureEnv,1.0-local,grid-treasure,2,18.0,16.0,2.0,1.0,4.0,strict_delta_max,0.75,12.588148008243122,14.588148008243122,22.34130003489554,11.337000061757863,simulated_charged,PSO,2.503447681985216,2,2,2,6,6,0.030000000000000027,0.030000000000000027,0.5,0.5,-1,1,15.381698950173643,15.41781563360372,15.42684480446124,False,False,0.0,0.0,0.0,False,0.05086813826889947,0.0,True,8,0.0,0.0,0.0,10000,20000,Windows-AMD64-py3.14.3,self-contained local validation harness; charged-time accounting is disclosed by timing_mode
grid-treasure_round-robin_seed0,no-git,2026-05-27T22:16:14,0,round-robin,self-contained-game-ai,GridTreasureEnv,1.0-local,grid-treasure,3,18.0,16.0,2.0,1.0,4.0,strict_delta_max,0.75,12.348875367456083,14.348875367456083,22.36609999090433,8.542099967598915,simulated_charged,GA,1.5959601187479744,2,1,2,5,5,0.030000000000000027,0.030000000000000027,0.5,0.5,-1,1,15.359126023029843,15.41330104817496,15.42684480446124,False,False,0.0,0.0,0.7157842771858526,True,0.0902195029468794,0.0,True,7,0.0,0.0,0.0,10000,20000,Windows-AMD64-py3.14.3,self-contained local validation harness; charged-time accounting is disclosed by timing_mode
grid-treasure_round-robin_seed0,no-git,2026-05-27T22:16:14,0,round-robin,self-contained-game-ai,GridTreasureEnv,1.0-local,grid-treasure,4,18.0,16.0,2.0,1.0,4.0,strict_delta_max,0.75,12.37890676442771,14.37890676442771,25.626300019212067,11.997299850918353,simulated_charged,GA,1.3320942750459381,2,2,2,6,6,0.030000000000000027,0.030000000000000027,0.5,0.5,-1,1,15.336553095886044,15.408786462746201,15.42684480446124,False,False,0.0,0.0,0.7157842771858526,True,0.11157714590188063,0.0,True,8,0.0,0.0,0.0,10000,20000,Windows-AMD64-py3.14.3,self-contained local validation harness; charged-time accounting is disclosed by timing_mode
grid-treasure_round-robin_seed0,no-git,2026-05-27T22:16:14,0,round-robin,self-contained-game-ai,GridTreasureEnv,1.0-local,grid-treasure,5,18.0,16.0,2.0,1.0,4.0,strict_delta_max,0.75,14.629754324145033,16.629754324145033,19.368599983863533,9.532400057651103,simulated_charged,RL,3.897749239844337,1,2,2,5,5,0.030000000000000027,0.030000000000000027,0.5,0.5,-1,1,16.329026944224083,16.569608848160843,16.629754324145033,False,False,0.0,0.0,0.0,False,0.04104933133317468,0.0,True,7,0.0,0.0,0.0,10000,20000,Windows-AMD64-py3.14.3,self-contained local validation harness; charged-time accounting is disclosed by timing_mode
grid-treasure_round-robin_seed1,no-git,2026-05-27T22:16:14,1,round-robin,self-contained-game-ai,GridTreasureEnv,1.0-local,grid-treasure,0,18.0,16.0,2.0,1.0,4.0,strict_delta_max,0.75,13.460854505025697,15.460854505025697,22.86859997548163,11.45969983190298,simulated_charged,PSO,2.0008536891128346,2,2,1,5,5,0.010000000000000009,0.010000000000000009,0.5,0.5,-1,1,15.460854505025697,15.460854505025697,15.460854505025697,False,False,0.0,0.0,0.0,False,0.051395187414308784,0.0,True,6,0.0,0.0,0.0,11000,21000,Windows-AMD64-py3.14.3,self-contained local validation harness; charged-time accounting is disclosed by timing_mode
grid-treasure_round-robin_seed1,no-git,2026-05-27T22:16:14,1,round-robin,self-contained-game-ai,GridTreasureEnv,1.0-local,grid-treasure,1,18.0,16.0,2.0,1.0,4.0,strict_delta_max,0.75,13.860625423436417,15.860625423436417,26.62780007813126,12.10299995727837,simulated_charged,GA,2.6446531908504545,2,1,2,5,5,0.010000000000000009,0.010000000000000009,0.5,0.5,-1,1,15.84063687751588,15.85662771425231,15.860625423436417,False,False,0.0,0.0,0.587050156845271,True,0.04917995822641878,0.0,True,7,0.0,0.0,0.0,11000,21000,Windows-AMD64-py3.14.3,self-contained local validation harness; charged-time accounting is disclosed by timing_mode
grid-treasure_round-robin_seed1,no-git,2026-05-27T22:16:14,1,round-robin,self-contained-game-ai,GridTreasureEnv,1.0-local,grid-treasure,2,18.0,16.0,2.0,1.0,4.0,strict_delta_max,0.75,12.669051432612667,14.669051432612667,22.232300019823015,10.652299970388412,simulated_charged,RL,1.7600278885807048,1,2,2,5,5,0.010000000000000009,0.010000000000000009,0.5,0.5,-1,1,15.820648331595345,15.852630005068203,15.860625423436417,False,False,0.0,0.0,0.0,False,0.01704518445113513,0.0,True,7,0.0,0.0,0.0,11000,21000,Windows-AMD64-py3.14.3,self-contained local validation harness; charged-time accounting is disclosed by timing_mode
grid-treasure_round-robin_seed1,no-git,2026-05-27T22:16:14,1,round-robin,self-contained-game-ai,GridTreasureEnv,1.0-local,grid-treasure,3,18.0,16.0,2.0,1.0,4.0,strict_delta_max,0.75,13.208681189475788,15.208681189475788,22.35440001823008,10.537900030612946,simulated_charged,PSO,3.0831472135316935,2,2,1,5,5,0.010000000000000009,0.010000000000000009,0.5,0.5,-1,1,15.800659785674808,15.848632295884096,15.860625423436417,False,False,0.0,0.0,0.0,False,0.04939743163120048,0.0,True,6,0.0,0.0,0.0,11000,21000,Windows-AMD64-py3.14.3,self-contained local validation harness; charged-time accounting is disclosed by timing_mode
grid-treasure_round-robin_seed1,no-git,2026-05-27T22:16:14,1,round-robin,self-contained-game-ai,GridTreasureEnv,1.0-local,grid-treasure,4,18.0,16.0,2.0,1.0,4.0,strict_delta_max,0.75,12.244897840602338,14.244897840602338,21.026200032792985,9.180500055663288,simulated_charged,RL,3.6174844740033185,1,1,2,4,4,0.010000000000000009,0.010000000000000009,0.5,0.5,-1,1,15.780671239754273,15.84463458669999,15.860625423436417,False,False,0.0,0.0,0.0,False,0.0,0.0,True,6,0.0,0.0,0.0,11000,21000,Windows-AMD64-py3.14.3,self-contained local validation harness; charged-time accounting is disclosed by timing_mode
grid-treasure_round-robin_seed1,no-git,2026-05-27T22:16:14,1,round-robin,self-contained-game-ai,GridTreasureEnv,1.0-local,grid-treasure,5,18.0,16.0,2.0,1.0,4.0,strict_delta_max,0.75,14.346436347403612,16.34643634740361,21.64619998075068,10.025499970652163,simulated_charged,PSO,2.7306178130860688,2,2,1,5,5,0.010000000000000009,0.010000000000000009,0.5,0.5,-1,1,16.224983616411812,16.322145801205252,16.34643634740361,False,False,0.0,0.0,0.0,False,0.05362138034953934,0.0,True,6,0.0,0.0,0.0,11000,21000,Windows-AMD64-py3.14.3,self-contained local validation harness; charged-time accounting is disclosed by timing_mode
grid-treasure_round-robin_seed2,no-git,2026-05-27T22:16:14,2,round-robin,self-contained-game-ai,GridTreasureEnv,1.0-local,grid-treasure,0,18.0,16.0,2.0,1.0,4.0,strict_delta_max,0.75,12.523197983355619,14.523197983355619,26.02890005800873,13.480600202456117,simulated_charged,PSO,2.2659582207028057,2,2,1,5,5,-0.09499999999999997,-0.09499999999999997,0.5,0.5,-1,1,14.523197983355619,14.523197983355619,14.523197983355619,False,False,0.0,0.0,0.0,False,0.05362958242575609,0.0,True,6,0.0,0.0,0.0,12000,22000,Windows-AMD64-py3.14.3,self-contained local validation harness; charged-time accounting is disclosed by timing_mode
grid-treasure_round-robin_seed2,no-git,2026-05-27T22:16:14,2,round-robin,self-contained-game-ai,GridTreasureEnv,1.0-local,grid-treasure,1,18.0,16.0,2.0,1.0,4.0,strict_delta_max,0.75,12.754029698171205,14.754029698171205,27.834400068968534,13.497799984179437,simulated_charged,RL,4.0,1,1,2,4,4,-0.06999999999999995,-0.06999999999999995,0.5,0.5,-1,1,14.742488112430426,14.75172138102305,14.754029698171205,False,False,0.0,0.0,0.0,False,0.03250000000000003,0.0,True,6,0.0,0.0,0.0,12000,22000,Windows-AMD64-py3.14.3,self-contained local validation harness; charged-time accounting is disclosed by timing_mode
grid-treasure_round-robin_seed2,no-git,2026-05-27T22:16:14,2,round-robin,self-contained-game-ai,GridTreasureEnv,1.0-local,grid-treasure,2,18.0,16.0,2.0,1.0,4.0,strict_delta_max,0.75,14.773906890448401,16.7739068904484,34.7380000166595,14.662700123153627,simulated_charged,GA,3.0313871446115948,3,2,2,7,7,-0.06999999999999995,-0.06999999999999995,0.5,0.5,-1,1,16.57191917122068,16.733509346602858,16.7739068904484,False,False,0.0,0.0,0.7668710046910088,True,0.04993383289702889,0.0,True,9,0.0,0.0,0.0,12000,22000,Windows-AMD64-py3.14.3,self-contained local validation harness; charged-time accounting is disclosed by timing_mode
grid-treasure_round-robin_seed2,no-git,2026-05-27T22:16:14,2,round-robin,self-contained-game-ai,GridTreasureEnv,1.0-local,grid-treasure,3,18.0,16.0,2.0,1.0,4.0,strict_delta_max,0.75,14.936430316328607,16.936430316328607,43.6717999400571,22.62170019093901,simulated_charged,RL,2.97630746280092,2,3,3,8,8,-0.06999999999999995,-0.06999999999999995,0.5,0.5,-1,1,16.912051802446577,16.9315546135522,16.936430316328607,False,False,0.0,0.0,0.0,False,0.036958547251862935,0.0,True,11,0.0,0.0,0.0,12000,22000,Windows-AMD64-py3.14.3,self-contained local validation harness; charged-time accounting is disclosed by timing_mode
grid-treasure_round-robin_seed2,no-git,2026-05-27T22:16:14,2,round-robin,self-contained-game-ai,GridTreasureEnv,1.0-local,grid-treasure,4,18.0,16.0,2.0,1.0,4.0,strict_delta_max,0.75,12.333758653421958,14.333758653421958,23.579400032758713,11.728499899618328,simulated_charged,PSO,1.3934486104922021,2,2,1,5,5,-0.06999999999999995,-0.06999999999999995,0.5,0.5,-1,1,16.903925631152568,16.929929379293398,16.936430316328607,False,False,0.0,0.0,0.0,False,0.06709094899247027,0.0,True,6,0.0,0.0,0.0,12000,22000,Windows-AMD64-py3.14.3,self-contained local validation harness; charged-time accounting is disclosed by timing_mode
grid-treasure_round-robin_seed2,no-git,2026-05-27T22:16:14,2,round-robin,self-contained-game-ai,GridTreasureEnv,1.0-local,grid-treasure,5,18.0,16.0,2.0,1.0,4.0,strict_delta_max,0.75,14.735524392556346,16.735524392556346,39.723900030367076,18.252499983645976,simulated_charged,RL,3.037994776016133,2,2,3,7,7,-0.06999999999999995,-0.06999999999999995,0.5,0.5,-1,1,16.895799459858555,16.9283041450346,16.936430316328607,False,False,0.0,0.0,0.0,False,0.0,0.0,True,10,0.0,0.0,0.0,12000,22000,Windows-AMD64-py3.14.3,self-contained local validation harness; charged-time accounting is disclosed by timing_mode
grid-treasure_greedy-improvement_seed0,no-git,2026-05-27T22:16:15,0,greedy-improvement,self-contained-game-ai,GridTreasureEnv,1.0-local,grid-treasure,0,18.0,16.0,2.0,1.0,4.0,strict_delta_max,0.75,13.75206066278055,15.75206066278055,32.163600088097155,11.121800052933395,simulated_charged,GA,2.3445051467421636,6,0,0,6,6,0.025000000000000022,0.025000000000000022,0.5,0.5,-1,1,15.75206066278055,15.75206066278055,15.75206066278055,False,False,0.0,0.0,0.7328984474742877,True,0.056183197221847885,0.0,True,6,0.0,0.0,0.0,10000,20000,Windows-AMD64-py3.14.3,self-contained local validation harness; charged-time accounting is disclosed by timing_mode
grid-treasure_greedy-improvement_seed0,no-git,2026-05-27T22:16:15,0,greedy-improvement,self-contained-game-ai,GridTreasureEnv,1.0-local,grid-treasure,1,18.0,16.0,2.0,1.0,4.0,strict_delta_max,0.75,13.775441573259386,15.775441573259386,30.5180000141263,10.035299928858876,simulated_charged,GA,3.0276574243603855,6,0,0,6,6,0.030000000000000027,0.030000000000000027,0.5,0.5,-1,1,15.774272527735445,15.775207764154597,15.775441573259386,False,False,0.0,0.0,0.7591869014902193,True,0.04170702289049015,0.0,True,6,0.0,0.0,0.0,10000,20000,Windows-AMD64-py3.14.3,self-contained local validation harness; charged-time accounting is disclosed by timing_mode
grid-treasure_greedy-improvement_seed0,no-git,2026-05-27T22:16:15,0,greedy-improvement,self-contained-game-ai,GridTreasureEnv,1.0-local,grid-treasure,2,18.0,16.0,2.0,1.0,4.0,strict_delta_max,0.75,12.271363498890349,14.271363498890349,25.869900011457503,7.949599996209145,simulated_charged,GA,2.845077307670694,5,0,0,5,5,1.05,1.05,1.0,0.5,96,1,15.773103482211502,15.77497395504981,15.775441573259386,False,False,0.0,0.0,0.7608444941799686,True,0.04751030362142755,0.0,True,5,0.0,0.0,0.0,10000,20000,Windows-AMD64-py3.14.3,self-contained local validation harness; charged-time accounting is disclosed by timing_mode
grid-treasure_greedy-improvement_seed0,no-git,2026-05-27T22:16:15,0,greedy-improvement,self-contained-game-ai,GridTreasureEnv,1.0-local,grid-treasure,3,18.0,16.0,2.0,1.0,4.0,strict_delta_max,0.75,14.872345514257004,16.872345514257006,33.638699911534786,12.122899992391467,simulated_charged,GA,3.268477095587089,6,0,0,6,6,1.05,1.05,1.0,0.5,96,1,16.707809923107362,16.839438396027077,16.872345514257006,False,False,0.0,0.0,0.7608444941799686,True,0.04009410137483764,0.0,True,6,0.0,0.0,0.0,10000,20000,Windows-AMD64-py3.14.3,self-contained local validation harness; charged-time accounting is disclosed by timing_mode
grid-treasure_greedy-improvement_seed0,no-git,2026-05-27T22:16:15,0,greedy-improvement,self-contained-game-ai,GridTreasureEnv,1.0-local,grid-treasure,4,18.0,16.0,2.0,1.0,4.0,strict_delta_max,0.75,12.26485981057226,14.26485981057226,26.274600066244602,8.02249985281378,simulated_charged,GA,3.98056434733576,5,0,0,5,5,1.05,1.05,1.0,0.5,96,1,16.652964726057483,16.828469356617102,16.872345514257006,False,False,0.0,0.0,0.7135837298066932,True,0.024773201697359616,0.0,True,5,0.0,0.0,0.0,10000,20000,Windows-AMD64-py3.14.3,self-contained local validation harness; charged-time accounting is disclosed by timing_mode
grid-treasure_greedy-improvement_seed0,no-git,2026-05-27T22:16:15,0,greedy-improvement,self-contained-game-ai,GridTreasureEnv,1.0-local,grid-treasure,5,18.0,16.0,2.0,1.0,4.0,strict_delta_max,0.75,12.515306660849475,14.515306660849475,32.38660003989935,11.662699864245951,simulated_charged,GA,1.7927451215278905,6,0,0,6,6,1.05,1.05,1.0,0.5,96,1,16.5981195290076,16.817500317207124,16.872345514257006,False,False,0.0,0.0,0.5796563197999883,True,0.06273627744847245,0.0,True,6,0.0,0.0,0.0,10000,20000,Windows-AMD64-py3.14.3,self-contained local validation harness; charged-time accounting is disclosed by timing_mode
grid-treasure_greedy-improvement_seed1,no-git,2026-05-27T22:16:15,1,greedy-improvement,self-contained-game-ai,GridTreasureEnv,1.0-local,grid-treasure,0,18.0,16.0,2.0,1.0,4.0,strict_delta_max,0.75,12.704669680523365,14.704669680523365,35.47300002537668,12.861000141128898,simulated_charged,GA,1.0622897383164795,7,0,0,7,7,0.010000000000000009,0.010000000000000009,0.5,0.5,-1,1,14.704669680523365,14.704669680523365,14.704669680523365,False,False,0.0,0.0,0.6966165814672267,True,0.1215856758608736,0.0,True,7,0.0,0.0,0.0,11000,21000,Windows-AMD64-py3.14.3,self-contained local validation harness; charged-time accounting is disclosed by timing_mode
grid-treasure_greedy-improvement_seed1,no-git,2026-05-27T22:16:15,1,greedy-improvement,self-contained-game-ai,GridTreasureEnv,1.0-local,grid-treasure,1,18.0,16.0,2.0,1.0,4.0,strict_delta_max,0.75,14.55380504247263,16.553805042472632,30.17099993303418,10.832600062713027,simulated_charged,GA,2.8547718829211686,5,0,0,5,5,0.010000000000000009,0.010000000000000009,0.5,0.5,-1,1,16.46134827437517,16.53531368885314,16.553805042472632,False,False,0.0,0.0,0.6296077587395043,True,0.038291533538040094,0.0,True,5,0.0,0.0,0.0,11000,21000,Windows-AMD64-py3.14.3,self-contained local validation harness; charged-time accounting is disclosed by timing_mode
grid-treasure_greedy-improvement_seed1,no-git,2026-05-27T22:16:15,1,greedy-improvement,self-contained-game-ai,GridTreasureEnv,1.0-local,grid-treasure,2,18.0,16.0,2.0,1.0,4.0,strict_delta_max,0.75,14.158590884216746,16.158590884216746,27.003000024706125,8.958399877883494,simulated_charged,GA,2.8238474377882063,5,0,0,5,5,0.010000000000000009,0.010000000000000009,0.5,0.5,-1,1,16.514283626647043,16.545900759307514,16.553805042472632,False,False,0.0,0.0,0.6204291842344423,True,0.06447752648678634,0.0,True,5,0.0,0.0,0.0,11000,21000,Windows-AMD64-py3.14.3,self-contained local validation harness; charged-time accounting is disclosed by timing_mode
grid-treasure_greedy-improvement_seed1,no-git,2026-05-27T22:16:15,1,greedy-improvement,self-contained-game-ai,GridTreasureEnv,1.0-local,grid-treasure,3,18.0,16.0,2.0,1.0,4.0,strict_delta_max,0.75,14.04003735698827,16.04003735698827,33.48989994265139,12.355499900877476,simulated_charged,GA,2.7921987965269914,6,0,0,6,6,0.010000000000000009,0.010000000000000009,0.5,0.5,-1,1,16.494522918734248,16.541948617724955,16.553805042472632,False,False,0.0,0.0,0.6204291842344423,True,0.03440365428503654,0.0,True,6,0.0,0.0,0.0,11000,21000,Windows-AMD64-py3.14.3,self-contained local validation harness; charged-time accounting is disclosed by timing_mode
grid-treasure_greedy-improvement_seed1,no-git,2026-05-27T22:16:15,1,greedy-improvement,self-contained-game-ai,GridTreasureEnv,1.0-local,grid-treasure,4,18.0,16.0,2.0,1.0,4.0,strict_delta_max,0.75,13.85597612077285,15.85597612077285,27.721400023438036,9.962900076061487,simulated_charged,GA,2.529567284521296,5,0,0,5,5,0.010000000000000009,0.010000000000000009,0.5,0.5,-1,1,16.474762210821456,16.537996476142396,16.553805042472632,False,False,0.0,0.0,0.6204291842344423,True,0.04154984094672821,0.0,True,5,0.0,0.0,0.0,11000,21000,Windows-AMD64-py3.14.3,self-contained local validation harness; charged-time accounting is disclosed by timing_mode
grid-treasure_greedy-improvement_seed1,no-git,2026-05-27T22:16:15,1,greedy-improvement,self-contained-game-ai,GridTreasureEnv,1.0-local,grid-treasure,5,18.0,16.0,2.0,1.0,4.0,strict_delta_max,0.75,13.467949736481458,15.467949736481458,32.59080008137971,11.586399981752038,simulated_charged,GA,1.9412481572220335,6,0,0,6,6,0.010000000000000009,0.010000000000000009,0.5,0.5,-1,1,16.45500150290866,16.534044334559837,16.553805042472632,False,False,0.0,0.0,0.6204291842344423,True,0.05976543276065173,0.0,True,6,0.0,0.0,0.0,11000,21000,Windows-AMD64-py3.14.3,self-contained local validation harness; charged-time accounting is disclosed by timing_mode
grid-treasure_greedy-improvement_seed2,no-git,2026-05-27T22:16:15,2,greedy-improvement,self-contained-game-ai,GridTreasureEnv,1.0-local,grid-treasure,0,18.0,16.0,2.0,1.0,4.0,strict_delta_max,0.75,13.126814219698051,15.126814219698051,27.858100016601384,13.165499898605049,simulated_charged,GA,3.058286705164339,5,0,0,5,5,-0.09499999999999997,-0.09499999999999997,0.5,0.5,-1,1,15.126814219698051,15.126814219698051,15.126814219698051,False,False,0.0,0.0,0.7564481121746757,True,0.04200950245614174,0.0,True,5,0.0,0.0,0.0,12000,22000,Windows-AMD64-py3.14.3,self-contained local validation harness; charged-time accounting is disclosed by timing_mode
grid-treasure_greedy-improvement_seed2,no-git,2026-05-27T22:16:15,2,greedy-improvement,self-contained-game-ai,GridTreasureEnv,1.0-local,grid-treasure,1,18.0,16.0,2.0,1.0,4.0,strict_delta_max,0.75,15.221718583468176,17.221718583468174,18.426999915391207,7.124700001440942,simulated_charged,GA,3.554418391917593,5,0,0,5,5,-0.06999999999999995,-0.06999999999999995,0.5,0.5,-1,1,17.11697336527967,17.200769539830475,17.221718583468174,False,False,0.0,0.0,0.5833263704528967,True,0.033636794896372856,0.0,True,5,0.0,0.0,0.0,12000,22000,Windows-AMD64-py3.14.3,self-contained local validation harness; charged-time accounting is disclosed by timing_mode
grid-treasure_greedy-improvement_seed2,no-git,2026-05-27T22:16:15,2,greedy-improvement,self-contained-game-ai,GridTreasureEnv,1.0-local,grid-treasure,2,18.0,16.0,2.0,1.0,4.0,strict_delta_max,0.75,13.666870898791405,15.666870898791405,25.77389997895807,10.316300089471042,simulated_charged,GA,2.6545449193943087,6,0,0,6,6,-0.06999999999999995,-0.06999999999999995,0.5,0.5,-1,1,17.066233815000498,17.19062162977464,17.221718583468174,False,False,0.0,0.0,0.5859298814884426,True,0.049961563664153365,0.0,True,6,0.0,0.0,0.0,12000,22000,Windows-AMD64-py3.14.3,self-contained local validation harness; charged-time accounting is disclosed by timing_mode
grid-treasure_greedy-improvement_seed2,no-git,2026-05-27T22:16:15,2,greedy-improvement,self-contained-game-ai,GridTreasureEnv,1.0-local,grid-treasure,3,18.0,16.0,2.0,1.0,4.0,strict_delta_max,0.75,14.171023111948163,16.171023111948163,32.215199898928404,13.327099848538637,simulated_charged,GA,3.541341656708042,5,0,0,5,5,-0.06999999999999995,-0.06999999999999995,0.5,0.5,-1,1,17.064114262740173,17.190197719322573,17.221718583468174,False,False,0.0,0.0,0.6102112795186397,True,0.029418107987846758,0.0,True,5,0.0,0.0,0.0,12000,22000,Windows-AMD64-py3.14.3,self-contained local validation harness; charged-time accounting is disclosed by timing_mode
grid-treasure_greedy-improvement_seed2,no-git,2026-05-27T22:16:15,2,greedy-improvement,self-contained-game-ai,GridTreasureEnv,1.0-local,grid-treasure,4,18.0,16.0,2.0,1.0,4.0,strict_delta_max,0.75,12.995224332744383,14.995224332744383,35.60149995610118,13.920299941673875,simulated_charged,GA,1.4787064094038416,6,0,0,6,6,-0.06999999999999995,-0.06999999999999995,0.5,0.5,-1,1,17.011579489164173,17.179690764607376,17.221718583468174,False,False,0.0,0.0,0.5374138894595469,True,0.09690610256553019,0.0,True,6,0.0,0.0,0.0,12000,22000,Windows-AMD64-py3.14.3,self-contained local validation harness; charged-time accounting is disclosed by timing_mode
grid-treasure_greedy-improvement_seed2,no-git,2026-05-27T22:16:15,2,greedy-improvement,self-contained-game-ai,GridTreasureEnv,1.0-local,grid-treasure,5,18.0,16.0,2.0,1.0,4.0,strict_delta_max,0.75,12.652441672095676,14.652441672095676,25.78559995163232,10.86159993428737,simulated_charged,GA,3.0099464377671694,4,0,0,4,4,-0.06999999999999995,-0.06999999999999995,0.5,0.5,-1,1,16.95904471558817,17.169183809892175,17.221718583468174,False,False,0.0,0.0,0.5764225640641605,True,0.056915212136915506,0.0,True,4,0.0,0.0,0.0,12000,22000,Windows-AMD64-py3.14.3,self-contained local validation harness; charged-time accounting is disclosed by timing_mode
resource-defense_DLGPR-full_seed0,no-git,2026-05-27T22:16:15,0,DLGPR-full,self-contained-rts-micro,ResourceDefenseEnv,1.0-local,resource-defense,0,18.0,16.0,2.0,1.0,4.0,strict_delta_max,0.75,12.866590156030771,14.866590156030771,32.174000050872564,13.88920028693974,simulated_charged,GA,3.400313148130356,3,1,1,5,5,0.7029200000000002,0.7029200000000002,0.0,0.5,32,1,14.866590156030771,14.866590156030771,14.866590156030771,False,False,0.0,0.0,0.8190293695423023,True,0.04974043985351009,0.0,True,6,0.20896017434539246,0.1419763854618634,0.15687867359216975,10000,20000,Windows-AMD64-py3.14.3,self-contained local validation harness; charged-time accounting is disclosed by timing_mode
resource-defense_DLGPR-full_seed0,no-git,2026-05-27T22:16:15,0,DLGPR-full,self-contained-rts-micro,ResourceDefenseEnv,1.0-local,resource-defense,1,18.0,16.0,2.0,1.0,4.0,strict_delta_max,0.75,12.528050704337545,14.528050704337545,32.07700001075864,13.996100169606507,simulated_charged,GA,2.3809401093738236,3,1,1,5,5,0.8315079999999999,0.8315079999999999,0.0,0.5,32,1,14.84966318344611,14.863204761513838,14.866590156030771,False,False,0.0,0.0,0.6620033825377011,True,0.03399697762521813,0.0,True,6,0.21378183677272924,0.13410523683282385,0.15056501167352598,10000,20000,Windows-AMD64-py3.14.3,self-contained local validation harness; charged-time accounting is disclosed by timing_mode
resource-defense_DLGPR-full_seed0,no-git,2026-05-27T22:16:15,0,DLGPR-full,self-contained-rts-micro,ResourceDefenseEnv,1.0-local,resource-defense,2,18.0,16.0,2.0,1.0,4.0,strict_delta_max,0.75,14.40554716575653,16.40554716575653,37.58859995286912,16.351400059647858,simulated_charged,GA,3.165878210664094,4,1,1,6,6,0.8986719999999999,0.8986719999999999,0.0,0.5,32,1,16.251651464783954,16.374768025562016,16.40554716575653,False,False,0.0,0.0,0.5167318778889997,True,0.04780889553483405,0.0,True,7,0.18526598727764246,0.13331423129147235,0.1402457123913557,10000,20000,Windows-AMD64-py3.14.3,self-contained local validation harness; charged-time accounting is disclosed by timing_mode
resource-defense_DLGPR-full_seed0,no-git,2026-05-27T22:16:15,0,DLGPR-full,self-contained-rts-micro,ResourceDefenseEnv,1.0-local,resource-defense,3,18.0,16.0,2.0,1.0,4.0,strict_delta_max,0.75,12.437299139105889,14.437299139105889,42.23930009175092,19.30839999113232,simulated_charged,GA,2.5231586876202625,4,1,1,6,6,0.9255599999999997,0.9255599999999997,0.0,0.5,32,1,16.174703614297666,16.359378455464757,16.40554716575653,False,False,0.0,0.0,0.4864834770608764,True,0.061942939353870075,0.0,True,7,0.16984044388046074,0.12408917868285088,0.13395421382894743,10000,20000,Windows-AMD64-py3.14.3,self-contained local validation harness; charged-time accounting is disclosed by timing_mode
resource-defense_DLGPR-full_seed0,no-git,2026-05-27T22:16:15,0,DLGPR-full,self-contained-rts-micro,ResourceDefenseEnv,1.0-local,resource-defense,4,18.0,16.0,2.0,1.0,4.0,strict_delta_max,0.75,12.487938097218333,14.487938097218333,32.01720002107322,13.979099807329476,simulated_charged,GA,3.0746647381403642,3,1,1,5,5,0.9255599999999997,0.9255599999999997,0.0,0.5,32,1,16.097755763811378,16.3439888853675,16.40554716575653,False,False,0.0,0.0,0.49255533504433596,True,0.02601457903707368,0.0,True,6,0.15233978659206926,0.11576308100384194,0.12434064938376434,10000,20000,Windows-AMD64-py3.14.3,self-contained local validation harness; charged-time accounting is disclosed by timing_mode
resource-defense_DLGPR-full_seed0,no-git,2026-05-27T22:16:15,0,DLGPR-full,self-contained-rts-micro,ResourceDefenseEnv,1.0-local,resource-defense,5,18.0,16.0,2.0,1.0,4.0,strict_delta_max,0.75,12.815388606755267,14.815388606755267,48.56699996162206,23.937199963256717,simulated_charged,RL,1.3715501066195968,1,2,4,7,7,0.9255599999999997,0.9255599999999997,0.0,0.5,32,1,16.02080791332509,16.328599315270242,16.40554716575653,False,False,0.0,0.0,0.0,False,0.0,0.0,True,11,0.08279527761165931,0.10223505282496657,0.09598431330924218,10000,20000,Windows-AMD64-py3.14.3,self-contained local validation harness; charged-time accounting is disclosed by timing_mode
resource-defense_DLGPR-full_seed1,no-git,2026-05-27T22:16:16,1,DLGPR-full,self-contained-rts-micro,ResourceDefenseEnv,1.0-local,resource-defense,0,18.0,16.0,2.0,1.0,4.0,strict_delta_max,0.75,14.008074646675107,16.008074646675105,30.785199953243136,13.949999934993684,simulated_charged,GA,2.8712549085496537,3,1,1,5,5,0.9027639999999999,0.9027639999999999,0.0,0.5,32,1,16.008074646675105,16.008074646675105,16.008074646675105,False,False,0.0,0.0,0.7847072863218921,True,0.04197955335833807,0.0,True,6,0.2066317085585868,0.1419763854618634,0.15324328294014095,11000,21000,Windows-AMD64-py3.14.3,self-contained local validation harness; charged-time accounting is disclosed by timing_mode
resource-defense_DLGPR-full_seed1,no-git,2026-05-27T22:16:16,1,DLGPR-full,self-contained-rts-micro,ResourceDefenseEnv,1.0-local,resource-defense,1,18.0,16.0,2.0,1.0,4.0,strict_delta_max,0.75,15.72068742099603,17.72068742099603,50.393300014548004,22.24469999782741,simulated_charged,GA,3.9637723397346156,5,1,2,8,8,0.9185639999999999,0.9185639999999999,0.0,0.5,32,1,17.63505678227998,17.703561293252818,17.72068742099603,False,False,0.0,0.0,0.6176448981224335,True,0.025251755542313226,0.0,True,10,0.20396773523878853,0.14068734830152438,0.14414087348375568,11000,21000,Windows-AMD64-py3.14.3,self-contained local validation harness; charged-time accounting is disclosed by timing_mode
resource-defense_DLGPR-full_seed1,no-git,2026-05-27T22:16:16,1,DLGPR-full,self-contained-rts-micro,ResourceDefenseEnv,1.0-local,resource-defense,2,18.0,16.0,2.0,1.0,4.0,strict_delta_max,0.75,12.230064011220968,14.230064011220968,31.135100056417286,13.772299978882074,simulated_charged,GA,2.267903991304671,3,1,1,5,5,0.9185639999999999,0.9185639999999999,0.0,0.5,32,1,17.549426143563938,17.68643516550961,17.72068742099603,False,False,0.0,0.0,0.5874254254862005,True,0.028373291101793232,0.0,True,6,0.17963844653895772,0.12869525732446874,0.13018468306936842,11000,21000,Windows-AMD64-py3.14.3,self-contained local validation harness; charged-time accounting is disclosed by timing_mode
resource-defense_DLGPR-full_seed1,no-git,2026-05-27T22:16:16,1,DLGPR-full,self-contained-rts-micro,ResourceDefenseEnv,1.0-local,resource-defense,3,18.0,16.0,2.0,1.0,4.0,strict_delta_max,0.75,14.76920019763569,16.76920019763569,30.754400067962706,13.552200049161911,simulated_charged,GA,3.978845928992069,3,1,1,5,5,0.9214479999999999,0.9214479999999999,0.0,0.5,32,1,17.577964337491977,17.69214280429522,17.72068742099603,False,False,0.0,0.0,0.5506715595848108,True,0.031998254380768726,0.0,True,6,0.1661531181510545,0.1195878013702307,0.12108517370770992,11000,21000,Windows-AMD64-py3.14.3,self-contained local validation harness; charged-time accounting is disclosed by timing_mode
resource-defense_DLGPR-full_seed1,no-git,2026-05-27T22:16:16,1,DLGPR-full,self-contained-rts-micro,ResourceDefenseEnv,1.0-local,resource-defense,4,18.0,16.0,2.0,1.0,4.0,strict_delta_max,0.75,15.414393802878449,17.41439380287845,37.35850006341934,16.260000062175095,simulated_charged,GA,3.5320507160540764,4,1,1,6,6,0.9214479999999999,0.9214479999999999,0.0,0.5,32,1,17.659428697372512,17.708435676271325,17.72068742099603,False,False,0.0,0.0,0.49010552268393703,True,0.021402595351293567,0.0,True,7,0.15976487560867478,0.11293577901282251,0.11544103156197241,11000,21000,Windows-AMD64-py3.14.3,self-contained local validation harness; charged-time accounting is disclosed by timing_mode
resource-defense_DLGPR-full_seed1,no-git,2026-05-27T22:16:16,1,DLGPR-full,self-contained-rts-micro,ResourceDefenseEnv,1.0-local,resource-defense,5,18.0,16.0,2.0,1.0,4.0,strict_delta_max,0.75,12.370293542974208,14.370293542974208,25.489599909633398,11.379400035366416,simulated_charged,GA,1.4164406377203114,2,1,1,4,4,0.9214479999999999,0.9214479999999999,0.0,0.5,32,1,17.644114016466634,17.70537274009015,17.72068742099603,False,False,0.0,0.0,0.49010552268393703,True,0.04762296627742813,0.0,True,5,0.13549979350549984,0.10646469019207638,0.10741418622753844,11000,21000,Windows-AMD64-py3.14.3,self-contained local validation harness; charged-time accounting is disclosed by timing_mode
resource-defense_DLGPR-full_seed2,no-git,2026-05-27T22:16:16,2,DLGPR-full,self-contained-rts-micro,ResourceDefenseEnv,1.0-local,resource-defense,0,18.0,16.0,2.0,1.0,4.0,strict_delta_max,0.75,13.050619867239842,15.050619867239842,31.518799951300025,14.08999995328486,simulated_charged,GA,3.096933392334994,3,1,1,5,5,0.657472,0.657472,0.0,0.5,32,1,15.050619867239842,15.050619867239842,15.050619867239842,False,False,0.0,0.0,0.9091336900778896,True,0.04432555781248093,0.0,True,6,0.2180644853515485,0.1419763854618634,0.1628866636498764,12000,22000,Windows-AMD64-py3.14.3,self-contained local validation harness; charged-time accounting is disclosed by timing_mode
resource-defense_DLGPR-full_seed2,no-git,2026-05-27T22:16:16,2,DLGPR-full,self-contained-rts-micro,ResourceDefenseEnv,1.0-local,resource-defense,1,18.0,16.0,2.0,1.0,4.0,strict_delta_max,0.75,13.386547016327938,15.386547016327938,30.638399999588728,13.50330002605915,simulated_charged,GA,3.4651944709489504,3,1,1,5,5,0.657472,0.657472,0.0,0.5,32,1,15.369750658873533,15.383187744837057,15.386547016327938,False,False,0.0,0.0,0.8811730297808437,True,0.04751289737354706,0.0,True,6,0.2292895218095705,0.13410523683282385,0.14842968158681633,12000,22000,Windows-AMD64-py3.14.3,self-contained local validation harness; charged-time accounting is disclosed by timing_mode
resource-defense_DLGPR-full_seed2,no-git,2026-05-27T22:16:16,2,DLGPR-full,self-contained-rts-micro,ResourceDefenseEnv,1.0-local,resource-defense,2,18.0,16.0,2.0,1.0,4.0,strict_delta_max,0.75,12.07627203063414,14.07627203063414,37.24330000113696,16.213600058108568,simulated_charged,GA,1.5928629010609505,4,1,1,6,6,0.6724319999999999,0.6724319999999999,0.0,0.5,32,1,15.352954301419128,15.379828473346176,15.386547016327938,False,False,0.0,0.0,0.7006397823240899,True,0.11133307845476659,0.0,True,7,0.22331726886634184,0.12624113854174562,0.15134164049879725,12000,22000,Windows-AMD64-py3.14.3,self-contained local validation harness; charged-time accounting is disclosed by timing_mode
resource-defense_DLGPR-full_seed2,no-git,2026-05-27T22:16:16,2,DLGPR-full,self-contained-rts-micro,ResourceDefenseEnv,1.0-local,resource-defense,3,18.0,16.0,2.0,1.0,4.0,strict_delta_max,0.75,12.65014907856381,14.65014907856381,25.90460004284978,11.511400109156966,simulated_charged,GA,3.9160329018493334,2,1,1,4,4,0.6724319999999999,0.6724319999999999,0.0,0.5,32,1,15.336157943964723,15.376469201855295,15.386547016327938,False,False,0.0,0.0,0.559236902790928,True,0.02341442969598092,0.0,True,5,0.17010899632504273,0.117048498366085,0.13059365255319738,12000,22000,Windows-AMD64-py3.14.3,self-contained local validation harness; charged-time accounting is disclosed by timing_mode
resource-defense_DLGPR-full_seed2,no-git,2026-05-27T22:16:16,2,DLGPR-full,self-contained-rts-micro,ResourceDefenseEnv,1.0-local,resource-defense,4,18.0,16.0,2.0,1.0,4.0,strict_delta_max,0.75,12.760952297922342,14.760952297922342,38.07859995868057,16.633700113743544,simulated_charged,GA,2.4881898420138473,4,1,1,6,6,0.6724319999999999,0.6724319999999999,0.0,0.5,32,1,15.319361586510318,15.373109930364414,15.386547016327938,False,False,0.0,0.0,0.559236902790928,True,0.061429508888952225,0.0,True,7,0.17252424656438148,0.11117278555256334,0.12590654283827354,12000,22000,Windows-AMD64-py3.14.3,self-contained local validation harness; charged-time accounting is disclosed by timing_mode
resource-defense_DLGPR-full_seed2,no-git,2026-05-27T22:16:16,2,DLGPR-full,self-contained-rts-micro,ResourceDefenseEnv,1.0-local,resource-defense,5,18.0,16.0,2.0,1.0,4.0,strict_delta_max,0.75,12.276644656396362,14.276644656396362,38.100400008261204,16.928199911490083,simulated_charged,GA,1.422720275021534,4,1,1,6,6,0.7267159999999999,0.7267159999999999,0.0,0.5,32,1,15.302565229055915,15.369750658873533,15.386547016327938,False,False,0.0,0.0,0.5912660030116588,True,0.08461894886139404,0.0,True,7,0.17737415925971647,0.10601308553529458,0.11991647336174709,12000,22000,Windows-AMD64-py3.14.3,self-contained local validation harness; charged-time accounting is disclosed by timing_mode
resource-defense_fixed-split_seed0,no-git,2026-05-27T22:16:16,0,fixed-split,self-contained-rts-micro,ResourceDefenseEnv,1.0-local,resource-defense,0,18.0,16.0,2.0,1.0,4.0,strict_delta_max,0.75,14.473284657916158,16.47328465791616,37.833299953490496,18.50410003680736,simulated_charged,RL,3.859466596758335,2,2,2,6,6,0.9066799999999999,0.9066799999999999,0.0,0.5,32,1,16.47328465791616,16.47328465791616,16.47328465791616,False,False,0.0,0.0,0.0,False,0.0,0.0,True,8,0.0,0.0,0.0,10000,20000,Windows-AMD64-py3.14.3,self-contained local validation harness; charged-time accounting is disclosed by timing_mode
resource-defense_fixed-split_seed0,no-git,2026-05-27T22:16:16,0,fixed-split,self-contained-rts-micro,ResourceDefenseEnv,1.0-local,resource-defense,1,18.0,16.0,2.0,1.0,4.0,strict_delta_max,0.75,13.698800819097071,15.698800819097071,39.051400031894445,18.902899813838303,simulated_charged,RL,2.3426868247028754,2,2,2,6,6,0.9066799999999999,0.9066799999999999,0.0,0.5,32,1,16.434560465975206,16.46553981952797,16.47328465791616,False,False,0.0,0.0,0.0,False,0.0,0.0,True,8,0.0,0.0,0.0,10000,20000,Windows-AMD64-py3.14.3,self-contained local validation harness; charged-time accounting is disclosed by timing_mode
resource-defense_fixed-split_seed0,no-git,2026-05-27T22:16:16,0,fixed-split,self-contained-rts-micro,ResourceDefenseEnv,1.0-local,resource-defense,2,18.0,16.0,2.0,1.0,4.0,strict_delta_max,0.75,15.648287228634473,17.648287228634473,35.134000005200505,17.03730004373938,simulated_charged,RL,4.0,2,2,2,6,6,0.9066799999999999,0.9066799999999999,0.0,0.5,32,1,17.53078697156264,17.624787177220107,17.648287228634473,False,False,0.0,0.0,0.0,False,0.0,0.0,True,8,0.0,0.0,0.0,10000,20000,Windows-AMD64-py3.14.3,self-contained local validation harness; charged-time accounting is disclosed by timing_mode
resource-defense_fixed-split_seed0,no-git,2026-05-27T22:16:16,0,fixed-split,self-contained-rts-micro,ResourceDefenseEnv,1.0-local,resource-defense,3,18.0,16.0,2.0,1.0,4.0,strict_delta_max,0.75,13.578383509586068,15.578383509586068,29.875400010496378,14.421100146137178,simulated_charged,PSO,2.181001103088103,2,2,1,5,5,0.9066799999999999,0.9066799999999999,0.0,0.5,32,1,17.472036843026725,17.613037151512923,17.648287228634473,False,False,0.0,0.0,0.0,False,0.03288562606495464,0.0,True,6,0.0,0.0,0.0,10000,20000,Windows-AMD64-py3.14.3,self-contained local validation harness; charged-time accounting is disclosed by timing_mode
resource-defense_fixed-split_seed0,no-git,2026-05-27T22:16:16,0,fixed-split,self-contained-rts-micro,ResourceDefenseEnv,1.0-local,resource-defense,4,18.0,16.0,2.0,1.0,4.0,strict_delta_max,0.75,12.339836949084313,14.339836949084313,35.03889997955412,16.527000232599676,simulated_charged,GA,1.8051708872793644,2,1,2,5,5,0.9066799999999999,0.9066799999999999,0.0,0.5,32,1,17.41328671449081,17.60128712580574,17.648287228634473,False,False,0.0,0.0,0.2171243002092402,True,0.043794703253789855,0.0,True,7,0.0,0.0,0.0,10000,20000,Windows-AMD64-py3.14.3,self-contained local validation harness; charged-time accounting is disclosed by timing_mode
resource-defense_fixed-split_seed0,no-git,2026-05-27T22:16:16,0,fixed-split,self-contained-rts-micro,ResourceDefenseEnv,1.0-local,resource-defense,5,18.0,16.0,2.0,1.0,4.0,strict_delta_max,0.75,12.76835833484201,14.76835833484201,31.831700005568564,16.161899897269905,simulated_charged,RL,3.158893195203189,1,2,2,5,5,0.9066799999999999,0.9066799999999999,0.0,0.5,32,1,17.354536585954897,17.589537100098557,17.648287228634473,False,False,0.0,0.0,0.0,False,0.0,0.0,True,7,0.0,0.0,0.0,10000,20000,Windows-AMD64-py3.14.3,self-contained local validation harness; charged-time accounting is disclosed by timing_mode
resource-defense_fixed-split_seed1,no-git,2026-05-27T22:16:17,1,fixed-split,self-contained-rts-micro,ResourceDefenseEnv,1.0-local,resource-defense,0,18.0,16.0,2.0,1.0,4.0,strict_delta_max,0.75,12.540689665309976,14.540689665309976,27.563099982216954,13.74759990721941,simulated_charged,PSO,1.4038699271845236,2,2,1,5,5,0.9027639999999999,0.9027639999999999,0.0,0.5,32,1,14.540689665309976,14.540689665309976,14.540689665309976,False,False,0.0,0.0,0.0,False,0.06255193535273662,0.0,True,6,0.0,0.0,0.0,11000,21000,Windows-AMD64-py3.14.3,self-contained local validation harness; charged-time accounting is disclosed by timing_mode
resource-defense_fixed-split_seed1,no-git,2026-05-27T22:16:17,1,fixed-split,self-contained-rts-micro,ResourceDefenseEnv,1.0-local,resource-defense,1,18.0,16.0,2.0,1.0,4.0,strict_delta_max,0.75,12.598584110076946,14.598584110076946,27.77440007776022,13.155100052244961,simulated_charged,RL,3.5372519470062302,1,1,2,4,4,0.9027639999999999,0.9027639999999999,0.0,0.5,32,1,14.595689387838597,14.598005165629276,14.598584110076946,False,False,0.0,0.0,0.0,False,0.0,0.0,True,6,0.0,0.0,0.0,11000,21000,Windows-AMD64-py3.14.3,self-contained local validation harness; charged-time accounting is disclosed by timing_mode
resource-defense_fixed-split_seed1,no-git,2026-05-27T22:16:17,1,fixed-split,self-contained-rts-micro,ResourceDefenseEnv,1.0-local,resource-defense,2,18.0,16.0,2.0,1.0,4.0,strict_delta_max,0.75,14.680081443944756,16.680081443944758,26.88969997689128,13.383900048211217,simulated_charged,PSO,2.8017412077881034,2,2,1,5,5,0.9027639999999999,0.9027639999999999,0.0,0.5,32,1,16.471931710557975,16.6384514972674,16.680081443944758,False,False,0.0,0.0,0.0,False,0.023909200819865386,0.0,True,6,0.0,0.0,0.0,11000,21000,Windows-AMD64-py3.14.3,self-contained local validation harness; charged-time accounting is disclosed by timing_mode
resource-defense_fixed-split_seed1,no-git,2026-05-27T22:16:17,1,fixed-split,self-contained-rts-micro,ResourceDefenseEnv,1.0-local,resource-defense,3,18.0,16.0,2.0,1.0,4.0,strict_delta_max,0.75,15.275436059207328,17.27543605920733,32.73340000305325,15.011600102297962,simulated_charged,GA,3.8136033046499365,2,1,2,5,5,0.9027639999999999,0.9027639999999999,0.0,0.5,32,1,17.186132866917944,17.257575420749454,17.27543605920733,False,False,0.0,0.0,0.5113252085758064,True,0.01782891385391078,0.0,True,7,0.0,0.0,0.0,11000,21000,Windows-AMD64-py3.14.3,self-contained local validation harness; charged-time accounting is disclosed by timing_mode
resource-defense_fixed-split_seed1,no-git,2026-05-27T22:16:17,1,fixed-split,self-contained-rts-micro,ResourceDefenseEnv,1.0-local,resource-defense,4,18.0,16.0,2.0,1.0,4.0,strict_delta_max,0.75,12.283164030081178,14.283164030081178,29.16410006582737,14.805999933741987,simulated_charged,RL,1.155933396391025,1,2,2,5,5,0.92222,0.92222,0.0,0.5,32,1,17.156365136154815,17.251621874596825,17.27543605920733,False,False,0.0,0.0,0.0,False,0.0,0.0,True,7,0.0,0.0,0.0,11000,21000,Windows-AMD64-py3.14.3,self-contained local validation harness; charged-time accounting is disclosed by timing_mode
resource-defense_fixed-split_seed1,no-git,2026-05-27T22:16:17,1,fixed-split,self-contained-rts-micro,ResourceDefenseEnv,1.0-local,resource-defense,5,18.0,16.0,2.0,1.0,4.0,strict_delta_max,0.75,13.047180184205287,15.047180184205287,26.640299940481782,13.021299964748323,simulated_charged,PSO,3.3600420251679135,2,2,1,5,5,0.92222,0.92222,0.0,0.5,32,1,17.126597405391685,17.2456683284442,17.27543605920733,False,False,0.0,0.0,0.0,False,0.023787425604004132,0.0,True,6,0.0,0.0,0.0,11000,21000,Windows-AMD64-py3.14.3,self-contained local validation harness; charged-time accounting is disclosed by timing_mode
resource-defense_fixed-split_seed2,no-git,2026-05-27T22:16:17,2,fixed-split,self-contained-rts-micro,ResourceDefenseEnv,1.0-local,resource-defense,0,18.0,16.0,2.0,1.0,4.0,strict_delta_max,0.75,12.261920519039913,14.261920519039913,35.011200001463294,17.185399890877306,simulated_charged,RL,1.104152196523844,2,2,2,6,6,0.657472,0.657472,0.0,0.5,32,1,14.261920519039913,14.261920519039913,14.261920519039913,False,False,0.0,0.0,0.0,False,0.0,0.0,True,8,0.0,0.0,0.0,12000,22000,Windows-AMD64-py3.14.3,self-contained local validation harness; charged-time accounting is disclosed by timing_mode
resource-defense_fixed-split_seed2,no-git,2026-05-27T22:16:17,2,fixed-split,self-contained-rts-micro,ResourceDefenseEnv,1.0-local,resource-defense,1,18.0,16.0,2.0,1.0,4.0,strict_delta_max,0.75,12.710124370937105,14.710124370937105,24.586300016380847,10.879799840040505,simulated_charged,GA,2.3272677848466587,2,1,1,4,4,0.657472,0.657472,0.0,0.5,32,1,14.687714178342246,14.705642332418133,14.710124370937105,False,False,0.0,0.0,0.8900692926057706,True,0.07106040493439252,0.0,True,5,0.0,0.0,0.0,12000,22000,Windows-AMD64-py3.14.3,self-contained local validation harness; charged-time accounting is disclosed by timing_mode
resource-defense_fixed-split_seed2,no-git,2026-05-27T22:16:17,2,fixed-split,self-contained-rts-micro,ResourceDefenseEnv,1.0-local,resource-defense,2,18.0,16.0,2.0,1.0,4.0,strict_delta_max,0.75,14.284027431006072,16.284027431006074,20.987599971704185,10.846500052139163,simulated_charged,PSO,3.554799386212883,1,2,1,4,4,0.677516,0.677516,0.0,0.5,32,1,16.126637124999178,16.252549369804694,16.284027431006074,False,False,0.0,0.0,0.0,False,0.03660608418710082,0.0,True,5,0.0,0.0,0.0,12000,22000,Windows-AMD64-py3.14.3,self-contained local validation harness; charged-time accounting is disclosed by timing_mode
resource-defense_fixed-split_seed2,no-git,2026-05-27T22:16:17,2,fixed-split,self-contained-rts-micro,ResourceDefenseEnv,1.0-local,resource-defense,3,18.0,16.0,2.0,1.0,4.0,strict_delta_max,0.75,12.169709509062379,14.169709509062379,35.72440007701516,17.31679996009916,simulated_charged,PSO,2.061633490747105,2,2,2,6,6,0.8006059999999999,0.8006059999999999,0.0,0.5,32,1,16.047941971995726,16.236810339204006,16.284027431006074,False,False,0.0,0.0,0.0,False,0.05900387287653524,0.0,True,8,0.0,0.0,0.0,12000,22000,Windows-AMD64-py3.14.3,self-contained local validation harness; charged-time accounting is disclosed by timing_mode
resource-defense_fixed-split_seed2,no-git,2026-05-27T22:16:17,2,fixed-split,self-contained-rts-micro,ResourceDefenseEnv,1.0-local,resource-defense,4,18.0,16.0,2.0,1.0,4.0,strict_delta_max,0.75,13.751069507642224,15.751069507642224,26.715399930253625,12.181099853478372,simulated_charged,RL,3.7100201692069317,1,1,2,4,4,0.8006059999999999,0.8006059999999999,0.0,0.5,32,1,16.177435846333303,16.26270911407152,16.284027431006074,False,False,0.0,0.0,0.0,False,0.43280249884550953,0.0,True,6,0.0,0.0,0.0,12000,22000,Windows-AMD64-py3.14.3,self-contained local validation harness; charged-time accounting is disclosed by timing_mode
resource-defense_fixed-split_seed2,no-git,2026-05-27T22:16:17,2,fixed-split,self-contained-rts-micro,ResourceDefenseEnv,1.0-local,resource-defense,5,18.0,16.0,2.0,1.0,4.0,strict_delta_max,0.75,13.564366866168518,15.564366866168518,27.82580000348389,13.653499889187515,simulated_charged,PSO,2.6977349717159167,2,2,1,5,5,0.876954,0.876954,0.0,0.5,32,1,16.15078795016511,16.25737953483788,16.284027431006074,False,False,0.0,0.0,0.0,False,0.036302547511656805,0.0,True,6,0.0,0.0,0.0,12000,22000,Windows-AMD64-py3.14.3,self-contained local validation harness; charged-time accounting is disclosed by timing_mode
resource-defense_round-robin_seed0,no-git,2026-05-27T22:16:17,0,round-robin,self-contained-rts-micro,ResourceDefenseEnv,1.0-local,resource-defense,0,18.0,16.0,2.0,1.0,4.0,strict_delta_max,0.75,14.473284657916158,16.47328465791616,35.71970004122704,17.762800096534193,simulated_charged,RL,3.859466596758335,2,2,2,6,6,0.9066799999999999,0.9066799999999999,0.0,0.5,32,1,16.47328465791616,16.47328465791616,16.47328465791616,False,False,0.0,0.0,0.0,False,0.0,0.0,True,8,0.0,0.0,0.0,10000,20000,Windows-AMD64-py3.14.3,self-contained local validation harness; charged-time accounting is disclosed by timing_mode
resource-defense_round-robin_seed0,no-git,2026-05-27T22:16:17,0,round-robin,self-contained-rts-micro,ResourceDefenseEnv,1.0-local,resource-defense,1,18.0,16.0,2.0,1.0,4.0,strict_delta_max,0.75,13.698800819097071,15.698800819097071,34.67109997291118,17.01790001243353,simulated_charged,RL,2.3426868247028754,2,2,2,6,6,0.9066799999999999,0.9066799999999999,0.0,0.5,32,1,16.434560465975206,16.46553981952797,16.47328465791616,False,False,0.0,0.0,0.0,False,0.0,0.0,True,8,0.0,0.0,0.0,10000,20000,Windows-AMD64-py3.14.3,self-contained local validation harness; charged-time accounting is disclosed by timing_mode
resource-defense_round-robin_seed0,no-git,2026-05-27T22:16:17,0,round-robin,self-contained-rts-micro,ResourceDefenseEnv,1.0-local,resource-defense,2,18.0,16.0,2.0,1.0,4.0,strict_delta_max,0.75,15.648287228634473,17.648287228634473,35.15570005401969,17.212700098752975,simulated_charged,RL,4.0,2,2,2,6,6,0.9066799999999999,0.9066799999999999,0.0,0.5,32,1,17.53078697156264,17.624787177220107,17.648287228634473,False,False,0.0,0.0,0.0,False,0.0,0.0,True,8,0.0,0.0,0.0,10000,20000,Windows-AMD64-py3.14.3,self-contained local validation harness; charged-time accounting is disclosed by timing_mode
resource-defense_round-robin_seed0,no-git,2026-05-27T22:16:17,0,round-robin,self-contained-rts-micro,ResourceDefenseEnv,1.0-local,resource-defense,3,18.0,16.0,2.0,1.0,4.0,strict_delta_max,0.75,13.578383509586068,15.578383509586068,26.599699980579317,13.028099900111556,simulated_charged,PSO,2.181001103088103,2,2,1,5,5,0.9066799999999999,0.9066799999999999,0.0,0.5,32,1,17.472036843026725,17.613037151512923,17.648287228634473,False,False,0.0,0.0,0.0,False,0.03288562606495464,0.0,True,6,0.0,0.0,0.0,10000,20000,Windows-AMD64-py3.14.3,self-contained local validation harness; charged-time accounting is disclosed by timing_mode
resource-defense_round-robin_seed0,no-git,2026-05-27T22:16:17,0,round-robin,self-contained-rts-micro,ResourceDefenseEnv,1.0-local,resource-defense,4,18.0,16.0,2.0,1.0,4.0,strict_delta_max,0.75,12.339836949084313,14.339836949084313,32.59880002588034,14.613899984396994,simulated_charged,GA,1.8051708872793644,2,1,2,5,5,0.9066799999999999,0.9066799999999999,0.0,0.5,32,1,17.41328671449081,17.60128712580574,17.648287228634473,False,False,0.0,0.0,0.2171243002092402,True,0.043794703253789855,0.0,True,7,0.0,0.0,0.0,10000,20000,Windows-AMD64-py3.14.3,self-contained local validation harness; charged-time accounting is disclosed by timing_mode
resource-defense_round-robin_seed0,no-git,2026-05-27T22:16:17,0,round-robin,self-contained-rts-micro,ResourceDefenseEnv,1.0-local,resource-defense,5,18.0,16.0,2.0,1.0,4.0,strict_delta_max,0.75,12.76835833484201,14.76835833484201,28.7623000331223,14.456900069490075,simulated_charged,RL,3.158893195203189,1,2,2,5,5,0.9066799999999999,0.9066799999999999,0.0,0.5,32,1,17.354536585954897,17.589537100098557,17.648287228634473,False,False,0.0,0.0,0.0,False,0.0,0.0,True,7,0.0,0.0,0.0,10000,20000,Windows-AMD64-py3.14.3,self-contained local validation harness; charged-time accounting is disclosed by timing_mode
resource-defense_round-robin_seed1,no-git,2026-05-27T22:16:18,1,round-robin,self-contained-rts-micro,ResourceDefenseEnv,1.0-local,resource-defense,0,18.0,16.0,2.0,1.0,4.0,strict_delta_max,0.75,12.540689665309976,14.540689665309976,27.539199916645885,13.948699925094843,simulated_charged,PSO,1.4038699271845236,2,2,1,5,5,0.9027639999999999,0.9027639999999999,0.0,0.5,32,1,14.540689665309976,14.540689665309976,14.540689665309976,False,False,0.0,0.0,0.0,False,0.06255193535273662,0.0,True,6,0.0,0.0,0.0,11000,21000,Windows-AMD64-py3.14.3,self-contained local validation harness; charged-time accounting is disclosed by timing_mode
resource-defense_round-robin_seed1,no-git,2026-05-27T22:16:18,1,round-robin,self-contained-rts-micro,ResourceDefenseEnv,1.0-local,resource-defense,1,18.0,16.0,2.0,1.0,4.0,strict_delta_max,0.75,12.598584110076946,14.598584110076946,29.37750006094575,14.04570008162409,simulated_charged,RL,3.5372519470062302,1,1,2,4,4,0.9027639999999999,0.9027639999999999,0.0,0.5,32,1,14.595689387838597,14.598005165629276,14.598584110076946,False,False,0.0,0.0,0.0,False,0.0,0.0,True,6,0.0,0.0,0.0,11000,21000,Windows-AMD64-py3.14.3,self-contained local validation harness; charged-time accounting is disclosed by timing_mode
resource-defense_round-robin_seed1,no-git,2026-05-27T22:16:18,1,round-robin,self-contained-rts-micro,ResourceDefenseEnv,1.0-local,resource-defense,2,18.0,16.0,2.0,1.0,4.0,strict_delta_max,0.75,14.680081443944756,16.680081443944758,26.7342000734061,13.147399993613362,simulated_charged,PSO,2.8017412077881034,2,2,1,5,5,0.9027639999999999,0.9027639999999999,0.0,0.5,32,1,16.471931710557975,16.6384514972674,16.680081443944758,False,False,0.0,0.0,0.0,False,0.023909200819865386,0.0,True,6,0.0,0.0,0.0,11000,21000,Windows-AMD64-py3.14.3,self-contained local validation harness; charged-time accounting is disclosed by timing_mode
resource-defense_round-robin_seed1,no-git,2026-05-27T22:16:18,1,round-robin,self-contained-rts-micro,ResourceDefenseEnv,1.0-local,resource-defense,3,18.0,16.0,2.0,1.0,4.0,strict_delta_max,0.75,15.275436059207328,17.27543605920733,33.08840002864599,15.012499992735684,simulated_charged,GA,3.8136033046499365,2,1,2,5,5,0.9027639999999999,0.9027639999999999,0.0,0.5,32,1,17.186132866917944,17.257575420749454,17.27543605920733,False,False,0.0,0.0,0.5113252085758064,True,0.01782891385391078,0.0,True,7,0.0,0.0,0.0,11000,21000,Windows-AMD64-py3.14.3,self-contained local validation harness; charged-time accounting is disclosed by timing_mode
resource-defense_round-robin_seed1,no-git,2026-05-27T22:16:18,1,round-robin,self-contained-rts-micro,ResourceDefenseEnv,1.0-local,resource-defense,4,18.0,16.0,2.0,1.0,4.0,strict_delta_max,0.75,12.283164030081178,14.283164030081178,29.29440001025796,14.729500049725175,simulated_charged,RL,1.155933396391025,1,2,2,5,5,0.92222,0.92222,0.0,0.5,32,1,17.156365136154815,17.251621874596825,17.27543605920733,False,False,0.0,0.0,0.0,False,0.0,0.0,True,7,0.0,0.0,0.0,11000,21000,Windows-AMD64-py3.14.3,self-contained local validation harness; charged-time accounting is disclosed by timing_mode
resource-defense_round-robin_seed1,no-git,2026-05-27T22:16:18,1,round-robin,self-contained-rts-micro,ResourceDefenseEnv,1.0-local,resource-defense,5,18.0,16.0,2.0,1.0,4.0,strict_delta_max,0.75,13.047180184205287,15.047180184205287,27.006099931895733,13.459500041790307,simulated_charged,PSO,3.3600420251679135,2,2,1,5,5,0.92222,0.92222,0.0,0.5,32,1,17.126597405391685,17.2456683284442,17.27543605920733,False,False,0.0,0.0,0.0,False,0.023787425604004132,0.0,True,6,0.0,0.0,0.0,11000,21000,Windows-AMD64-py3.14.3,self-contained local validation harness; charged-time accounting is disclosed by timing_mode
resource-defense_round-robin_seed2,no-git,2026-05-27T22:16:18,2,round-robin,self-contained-rts-micro,ResourceDefenseEnv,1.0-local,resource-defense,0,18.0,16.0,2.0,1.0,4.0,strict_delta_max,0.75,12.261920519039913,14.261920519039913,34.99650000594556,17.176499939523637,simulated_charged,RL,1.104152196523844,2,2,2,6,6,0.657472,0.657472,0.0,0.5,32,1,14.261920519039913,14.261920519039913,14.261920519039913,False,False,0.0,0.0,0.0,False,0.0,0.0,True,8,0.0,0.0,0.0,12000,22000,Windows-AMD64-py3.14.3,self-contained local validation harness; charged-time accounting is disclosed by timing_mode
resource-defense_round-robin_seed2,no-git,2026-05-27T22:16:18,2,round-robin,self-contained-rts-micro,ResourceDefenseEnv,1.0-local,resource-defense,1,18.0,16.0,2.0,1.0,4.0,strict_delta_max,0.75,12.710124370937105,14.710124370937105,24.612200097180903,10.844499920494854,simulated_charged,GA,2.3272677848466587,2,1,1,4,4,0.657472,0.657472,0.0,0.5,32,1,14.687714178342246,14.705642332418133,14.710124370937105,False,False,0.0,0.0,0.8900692926057706,True,0.07106040493439252,0.0,True,5,0.0,0.0,0.0,12000,22000,Windows-AMD64-py3.14.3,self-contained local validation harness; charged-time accounting is disclosed by timing_mode
resource-defense_round-robin_seed2,no-git,2026-05-27T22:16:18,2,round-robin,self-contained-rts-micro,ResourceDefenseEnv,1.0-local,resource-defense,2,18.0,16.0,2.0,1.0,4.0,strict_delta_max,0.75,14.284027431006072,16.284027431006074,20.904800039716065,10.724900173954666,simulated_charged,PSO,3.554799386212883,1,2,1,4,4,0.677516,0.677516,0.0,0.5,32,1,16.126637124999178,16.252549369804694,16.284027431006074,False,False,0.0,0.0,0.0,False,0.03660608418710082,0.0,True,5,0.0,0.0,0.0,12000,22000,Windows-AMD64-py3.14.3,self-contained local validation harness; charged-time accounting is disclosed by timing_mode
resource-defense_round-robin_seed2,no-git,2026-05-27T22:16:18,2,round-robin,self-contained-rts-micro,ResourceDefenseEnv,1.0-local,resource-defense,3,18.0,16.0,2.0,1.0,4.0,strict_delta_max,0.75,12.169709509062379,14.169709509062379,35.21750005893409,17.22909975796938,simulated_charged,PSO,2.061633490747105,2,2,2,6,6,0.8006059999999999,0.8006059999999999,0.0,0.5,32,1,16.047941971995726,16.236810339204006,16.284027431006074,False,False,0.0,0.0,0.0,False,0.05900387287653524,0.0,True,8,0.0,0.0,0.0,12000,22000,Windows-AMD64-py3.14.3,self-contained local validation harness; charged-time accounting is disclosed by timing_mode
resource-defense_round-robin_seed2,no-git,2026-05-27T22:16:18,2,round-robin,self-contained-rts-micro,ResourceDefenseEnv,1.0-local,resource-defense,4,18.0,16.0,2.0,1.0,4.0,strict_delta_max,0.75,13.751069507642224,15.751069507642224,26.728799915872514,12.141099898144603,simulated_charged,RL,3.7100201692069317,1,1,2,4,4,0.8006059999999999,0.8006059999999999,0.0,0.5,32,1,16.177435846333303,16.26270911407152,16.284027431006074,False,False,0.0,0.0,0.0,False,0.43280249884550953,0.0,True,6,0.0,0.0,0.0,12000,22000,Windows-AMD64-py3.14.3,self-contained local validation harness; charged-time accounting is disclosed by timing_mode
resource-defense_round-robin_seed2,no-git,2026-05-27T22:16:18,2,round-robin,self-contained-rts-micro,ResourceDefenseEnv,1.0-local,resource-defense,5,18.0,16.0,2.0,1.0,4.0,strict_delta_max,0.75,13.564366866168518,15.564366866168518,26.777700055390596,12.87499989848584,simulated_charged,PSO,2.6977349717159167,2,2,1,5,5,0.876954,0.876954,0.0,0.5,32,1,16.15078795016511,16.25737953483788,16.284027431006074,False,False,0.0,0.0,0.0,False,0.036302547511656805,0.0,True,6,0.0,0.0,0.0,12000,22000,Windows-AMD64-py3.14.3,self-contained local validation harness; charged-time accounting is disclosed by timing_mode
resource-defense_greedy-improvement_seed0,no-git,2026-05-27T22:16:18,0,greedy-improvement,self-contained-rts-micro,ResourceDefenseEnv,1.0-local,resource-defense,0,18.0,16.0,2.0,1.0,4.0,strict_delta_max,0.75,13.05278982259618,15.05278982259618,31.763399951159954,12.311700033023953,simulated_charged,GA,2.045413609487858,5,0,0,5,5,0.701608,0.701608,0.0,0.5,32,1,15.05278982259618,15.05278982259618,15.05278982259618,False,False,0.0,0.0,0.8019161559329542,True,0.06794007233679307,0.0,True,5,0.0,0.0,0.0,10000,20000,Windows-AMD64-py3.14.3,self-contained local validation harness; charged-time accounting is disclosed by timing_mode
resource-defense_greedy-improvement_seed0,no-git,2026-05-27T22:16:18,0,greedy-improvement,self-contained-rts-micro,ResourceDefenseEnv,1.0-local,resource-defense,1,18.0,16.0,2.0,1.0,4.0,strict_delta_max,0.75,13.835760577987928,15.835760577987928,31.705899978987873,12.162499944679439,simulated_charged,GA,2.6534672406885096,5,0,0,5,5,0.701608,0.701608,0.0,0.5,32,1,15.79661204021834,15.827930870434011,15.835760577987928,False,False,0.0,0.0,0.4590469754394006,True,0.052943160786129075,0.0,True,5,0.0,0.0,0.0,10000,20000,Windows-AMD64-py3.14.3,self-contained local validation harness; charged-time accounting is disclosed by timing_mode
resource-defense_greedy-improvement_seed0,no-git,2026-05-27T22:16:18,0,greedy-improvement,self-contained-rts-micro,ResourceDefenseEnv,1.0-local,resource-defense,2,18.0,16.0,2.0,1.0,4.0,strict_delta_max,0.75,13.227009305527694,15.227009305527694,31.721999985165894,12.196699972264469,simulated_charged,GA,1.7077750270474974,5,0,0,5,5,0.7085679999999999,0.7085679999999999,0.0,0.5,32,1,15.774885450741905,15.823585552538724,15.835760577987928,False,False,0.0,0.0,0.4759144618475732,True,0.07223402023760249,0.0,True,5,0.0,0.0,0.0,10000,20000,Windows-AMD64-py3.14.3,self-contained local validation harness; charged-time accounting is disclosed by timing_mode
resource-defense_greedy-improvement_seed0,no-git,2026-05-27T22:16:18,0,greedy-improvement,self-contained-rts-micro,ResourceDefenseEnv,1.0-local,resource-defense,3,18.0,16.0,2.0,1.0,4.0,strict_delta_max,0.75,12.014270763221708,14.014270763221708,31.95970004890114,12.472100090235472,simulated_charged,GA,3.1926635892745114,5,0,0,5,5,0.7085679999999999,0.7085679999999999,0.0,0.5,32,1,15.744447887118893,15.81749803981412,15.835760577987928,False,False,0.0,0.0,0.4759144618475732,True,0.03858708204213633,0.0,True,5,0.0,0.0,0.0,10000,20000,Windows-AMD64-py3.14.3,self-contained local validation harness; charged-time accounting is disclosed by timing_mode
resource-defense_greedy-improvement_seed0,no-git,2026-05-27T22:16:18,0,greedy-improvement,self-contained-rts-micro,ResourceDefenseEnv,1.0-local,resource-defense,4,18.0,16.0,2.0,1.0,4.0,strict_delta_max,0.75,14.69415840289312,16.69415840289312,32.18789992388338,12.654000078327954,simulated_charged,GA,2.724532011505043,5,0,0,5,5,0.7085679999999999,0.7085679999999999,0.0,0.5,32,1,16.522478837912082,16.65982248989691,16.69415840289312,False,False,0.0,0.0,0.5048954661835012,True,0.03564843044256725,0.0,True,5,0.0,0.0,0.0,10000,20000,Windows-AMD64-py3.14.3,self-contained local validation harness; charged-time accounting is disclosed by timing_mode
resource-defense_greedy-improvement_seed0,no-git,2026-05-27T22:16:18,0,greedy-improvement,self-contained-rts-micro,ResourceDefenseEnv,1.0-local,resource-defense,5,18.0,16.0,2.0,1.0,4.0,strict_delta_max,0.75,12.053755810839895,14.053755810839895,32.72380004636943,12.317099957726896,simulated_charged,GA,1.8173698892178831,5,0,0,5,5,0.7085679999999999,0.7085679999999999,0.0,0.5,32,1,16.47955894666682,16.65123851164786,16.69415840289312,False,False,0.0,0.0,0.49145583094227685,True,0.05478459145725549,0.0,True,5,0.0,0.0,0.0,10000,20000,Windows-AMD64-py3.14.3,self-contained local validation harness; charged-time accounting is disclosed by timing_mode
resource-defense_greedy-improvement_seed1,no-git,2026-05-27T22:16:18,1,greedy-improvement,self-contained-rts-micro,ResourceDefenseEnv,1.0-local,resource-defense,0,18.0,16.0,2.0,1.0,4.0,strict_delta_max,0.75,13.713168449658776,15.713168449658776,37.8786000655964,14.610600075684488,simulated_charged,GA,2.145382450534985,6,0,0,6,6,0.854968,0.854968,0.0,0.5,32,1,15.713168449658776,15.713168449658776,15.713168449658776,False,False,0.0,0.0,0.7638461793283378,True,0.06469636117152495,0.0,True,6,0.0,0.0,0.0,11000,21000,Windows-AMD64-py3.14.3,self-contained local validation harness; charged-time accounting is disclosed by timing_mode
resource-defense_greedy-improvement_seed1,no-git,2026-05-27T22:16:18,1,greedy-improvement,self-contained-rts-micro,ResourceDefenseEnv,1.0-local,resource-defense,1,18.0,16.0,2.0,1.0,4.0,strict_delta_max,0.75,13.162359696786265,15.162359696786265,28.249399969354272,10.403800173662603,simulated_charged,GA,3.624219255389079,4,0,0,4,4,0.8901759999999999,0.8901759999999999,0.0,0.5,32,1,15.68562801201515,15.707660362130051,15.713168449658776,False,False,0.0,0.0,0.7422883567523676,True,0.03536510272766172,0.0,True,4,0.0,0.0,0.0,11000,21000,Windows-AMD64-py3.14.3,self-contained local validation harness; charged-time accounting is disclosed by timing_mode
resource-defense_greedy-improvement_seed1,no-git,2026-05-27T22:16:18,1,greedy-improvement,self-contained-rts-micro,ResourceDefenseEnv,1.0-local,resource-defense,2,18.0,16.0,2.0,1.0,4.0,strict_delta_max,0.75,12.217620588254736,14.217620588254736,34.07659998629242,12.961299973540008,simulated_charged,GA,3.7710822854607207,5,0,0,5,5,0.8901759999999999,0.8901759999999999,0.0,0.5,32,1,15.658087574371525,15.702152274601325,15.713168449658776,False,False,0.0,0.0,0.7072418876015917,True,0.032926694166984405,0.0,True,5,0.0,0.0,0.0,11000,21000,Windows-AMD64-py3.14.3,self-contained local validation harness; charged-time accounting is disclosed by timing_mode
resource-defense_greedy-improvement_seed1,no-git,2026-05-27T22:16:18,1,greedy-improvement,self-contained-rts-micro,ResourceDefenseEnv,1.0-local,resource-defense,3,18.0,16.0,2.0,1.0,4.0,strict_delta_max,0.75,12.599435708717024,14.599435708717024,32.278900034725666,12.322099995799363,simulated_charged,GA,1.9961801672767252,5,0,0,5,5,0.934008,0.934008,0.0,0.5,32,1,15.630547136727898,15.6966441870726,15.713168449658776,False,False,0.0,0.0,0.7593105646963385,True,0.07666245640144759,0.0,True,5,0.0,0.0,0.0,11000,21000,Windows-AMD64-py3.14.3,self-contained local validation harness; charged-time accounting is disclosed by timing_mode
resource-defense_greedy-improvement_seed1,no-git,2026-05-27T22:16:18,1,greedy-improvement,self-contained-rts-micro,ResourceDefenseEnv,1.0-local,resource-defense,4,18.0,16.0,2.0,1.0,4.0,strict_delta_max,0.75,14.400813284484723,16.400813284484723,32.20440004952252,12.696500169113278,simulated_charged,GA,2.465503082218685,5,0,0,5,5,0.934008,0.934008,0.0,0.5,32,1,16.263284317519535,16.373307491091687,16.400813284484723,False,False,0.0,0.0,0.7187133898218796,True,0.05349321461224059,0.0,True,5,0.0,0.0,0.0,11000,21000,Windows-AMD64-py3.14.3,self-contained local validation harness; charged-time accounting is disclosed by timing_mode
resource-defense_greedy-improvement_seed1,no-git,2026-05-27T22:16:18,1,greedy-improvement,self-contained-rts-micro,ResourceDefenseEnv,1.0-local,resource-defense,5,18.0,16.0,2.0,1.0,4.0,strict_delta_max,0.75,13.575535532561654,15.575535532561654,31.80259990040213,12.026299955323339,simulated_charged,GA,2.2114727752040686,5,0,0,5,5,0.9540919999999999,0.9540919999999999,0.0,0.5,32,1,16.228902075778237,16.366431042743425,16.400813284484723,False,False,0.0,0.0,0.6070512027979247,True,0.04962733008750656,0.0,True,5,0.0,0.0,0.0,11000,21000,Windows-AMD64-py3.14.3,self-contained local validation harness; charged-time accounting is disclosed by timing_mode
resource-defense_greedy-improvement_seed2,no-git,2026-05-27T22:16:19,2,greedy-improvement,self-contained-rts-micro,ResourceDefenseEnv,1.0-local,resource-defense,0,18.0,16.0,2.0,1.0,4.0,strict_delta_max,0.75,14.687508872258734,16.687508872258732,32.12770004756749,12.337100110016763,simulated_charged,GA,3.740484792257108,5,0,0,5,5,0.657472,0.657472,0.0,0.5,32,1,16.687508872258732,16.687508872258732,16.687508872258732,False,False,0.0,0.0,0.8388973103425893,True,0.03999196562768238,0.0,True,5,0.0,0.0,0.0,12000,22000,Windows-AMD64-py3.14.3,self-contained local validation harness; charged-time accounting is disclosed by timing_mode
resource-defense_greedy-improvement_seed2,no-git,2026-05-27T22:16:19,2,greedy-improvement,self-contained-rts-micro,ResourceDefenseEnv,1.0-local,resource-defense,1,18.0,16.0,2.0,1.0,4.0,strict_delta_max,0.75,13.800830738852243,15.800830738852243,38.30250003375113,14.830100117251277,simulated_charged,GA,2.046730220709815,6,0,0,6,6,0.949608,0.949608,0.0,0.5,32,1,16.643174965588408,16.67864209092467,16.687508872258732,False,False,0.0,0.0,0.5263883571059931,True,0.061404117849243614,0.0,True,6,0.0,0.0,0.0,12000,22000,Windows-AMD64-py3.14.3,self-contained local validation harness; charged-time accounting is disclosed by timing_mode
resource-defense_greedy-improvement_seed2,no-git,2026-05-27T22:16:19,2,greedy-improvement,self-contained-rts-micro,ResourceDefenseEnv,1.0-local,resource-defense,2,18.0,16.0,2.0,1.0,4.0,strict_delta_max,0.75,12.85941666660434,14.85941666660434,26.48359991144389,10.089999996125698,simulated_charged,GA,3.949777095792092,4,0,0,4,4,0.949608,0.949608,0.0,0.5,32,1,16.598841058918083,16.6697753095906,16.687508872258732,False,False,0.0,0.0,0.5584225930627067,True,0.03560936648790745,0.0,True,4,0.0,0.0,0.0,12000,22000,Windows-AMD64-py3.14.3,self-contained local validation harness; charged-time accounting is disclosed by timing_mode
resource-defense_greedy-improvement_seed2,no-git,2026-05-27T22:16:19,2,greedy-improvement,self-contained-rts-micro,ResourceDefenseEnv,1.0-local,resource-defense,3,18.0,16.0,2.0,1.0,4.0,strict_delta_max,0.75,13.301170392496322,15.301170392496322,32.418099930509925,12.73859990760684,simulated_charged,GA,2.0059632165006955,5,0,0,5,5,0.949608,0.949608,0.0,0.5,32,1,16.55450715224776,16.660908528256538,16.687508872258732,False,False,0.0,0.0,0.5782578406949954,True,0.06366793950870958,0.0,True,5,0.0,0.0,0.0,12000,22000,Windows-AMD64-py3.14.3,self-contained local validation harness; charged-time accounting is disclosed by timing_mode
resource-defense_greedy-improvement_seed2,no-git,2026-05-27T22:16:19,2,greedy-improvement,self-contained-rts-micro,ResourceDefenseEnv,1.0-local,resource-defense,4,18.0,16.0,2.0,1.0,4.0,strict_delta_max,0.75,12.687362633828464,14.687362633828464,32.50159998424351,12.469199835322797,simulated_charged,GA,3.125446309521131,5,0,0,5,5,0.949608,0.949608,0.0,0.5,32,1,16.510173245577434,16.65204174692247,16.687508872258732,False,False,0.0,0.0,0.5418308452021364,True,0.05465423683191487,0.0,True,5,0.0,0.0,0.0,12000,22000,Windows-AMD64-py3.14.3,self-contained local validation harness; charged-time accounting is disclosed by timing_mode
resource-defense_greedy-improvement_seed2,no-git,2026-05-27T22:16:19,2,greedy-improvement,self-contained-rts-micro,ResourceDefenseEnv,1.0-local,resource-defense,5,18.0,16.0,2.0,1.0,4.0,strict_delta_max,0.75,13.11299028094598,15.11299028094598,38.646999979391694,15.057500102557242,simulated_charged,GA,2.398766763121283,6,0,0,6,6,0.949608,0.949608,0.0,0.5,32,1,16.46583933890711,16.643174965588408,16.687508872258732,False,False,0.0,0.0,0.531288526325496,True,0.05354759697534079,0.0,True,6,0.0,0.0,0.0,12000,22000,Windows-AMD64-py3.14.3,self-contained local validation harness; charged-time accounting is disclosed by timing_mode
