run_id,git_commit,timestamp,seed,method,benchmark,environment_name,environment_version,task_name,interval,B_tau_ms,allowed_ms,guard_margin_ms,delta_min_ms,delta_max_ms,do_not_start_rule,scheduler_ema_lambda,loop_time_ms,e2e_time_ms,actual_cpu_loop_wall_ms,actual_cpu_e2e_ms,wall_clock_interval_ms,total_atomic_cpu_ms,actual_cpu_loop_overrun,actual_cpu_e2e_overrun,actual_cpu_e2e_overrun_ms,timing_mode,budget_unit,rollout_charge_ms,selected_module,atomic_step_duration_ms,total_rollout_equivalents,last_step_rollout_equivalents,num_ga_steps,num_pso_steps,num_rl_steps,candidate_count,evaluated_candidate_count,score,return,win,threshold_T,steps_to_threshold,evaluation_cadence,atomic_eval_rollouts,p95_latency_ms,p99_latency_ms,max_latency_ms,loop_overrun,e2e_overrun,loop_overrun_ms,e2e_overrun_ms,diversity_value,diversity_descriptor_valid,learning_progress_value,improvement_rate_value,handshake_enabled,handshake_events,scheduler_index_ga,scheduler_index_pso,scheduler_index_rl,rng_train_seed,rng_eval_seed,hardware_id,notes,required_budget_ga_ms,required_budget_pso_ms,required_budget_rl_ms,selected_required_budget_ms,budget_utilization,meta_mode
minigrid-empty-5x5-fullyobs_robust-DLGPR_seed0,a6544fd,2026-06-01T21:49:06,0,robust-DLGPR,minigrid,MiniGrid/MiniGrid-Empty-5x5-v0/FullyObsWrapper,3.1.0,minigrid-empty-5x5-fullyobs,0,40.0,40.0,0.0,1.0,16.0,strict_rollout_equivalent_max,0.75,36.0,36.0,597.2703999723308,597.2703999723308,622.3202999681234,596.7883000266738,True,True,557.2703999723308,rollout_normalized,rollout-equivalent unit,1.0,GA,5.0,36,5,3,1,1,5,5,0.9549999999999998,0.9549999999999998,1.0,0.5,32,1,5,36.0,36.0,36.0,False,False,0.0,0.0,1.0372299338996565,True,0.021111934813267206,0.0,True,6,0.23435111605952236,0.1419763854618634,0.14559952357720923,10000,20000,Windows-AMD64-py3.14.3,self-contained local validation harness; charged-time accounting is disclosed by timing_mode,5.0,5.0,16.0,5.0,0.9,fixed
minigrid-empty-5x5-fullyobs_robust-DLGPR_seed0,a6544fd,2026-06-01T21:49:06,0,robust-DLGPR,minigrid,MiniGrid/MiniGrid-Empty-5x5-v0/FullyObsWrapper,3.1.0,minigrid-empty-5x5-fullyobs,1,40.0,40.0,0.0,1.0,16.0,strict_rollout_equivalent_max,0.75,36.0,36.0,615.9257999970578,615.9257999970578,639.3509999616072,615.572799986694,True,True,575.9257999970578,rollout_normalized,rollout-equivalent unit,1.0,GA,5.0,36,5,3,1,1,5,5,0.9549999999999998,0.9549999999999998,1.0,0.5,32,1,5,36.0,36.0,36.0,False,False,0.0,0.0,1.0372299338996565,True,0.0199159521798558,0.0,True,6,0.2535401525294376,0.13410523683282385,0.14011600952436246,10000,20000,Windows-AMD64-py3.14.3,self-contained local validation harness; charged-time accounting is disclosed by timing_mode,5.0,5.0,16.0,5.0,0.9,fixed
minigrid-empty-5x5-fullyobs_robust-DLGPR_seed0,a6544fd,2026-06-01T21:49:06,0,robust-DLGPR,minigrid,MiniGrid/MiniGrid-Empty-5x5-v0/FullyObsWrapper,3.1.0,minigrid-empty-5x5-fullyobs,2,40.0,40.0,0.0,1.0,16.0,strict_rollout_equivalent_max,0.75,36.0,36.0,611.9374000118114,611.9374000118114,635.3297000168823,611.5403000148945,True,True,571.9374000118114,rollout_normalized,rollout-equivalent unit,1.0,GA,5.0,36,5,3,1,1,5,5,0.9549999999999998,0.9549999999999998,1.0,0.5,32,1,5,36.0,36.0,36.0,False,False,0.0,0.0,1.0372299338996565,True,0.025006808994687102,0.0,True,6,0.252274414878623,0.12488319167365465,0.12993983743412,10000,20000,Windows-AMD64-py3.14.3,self-contained local validation harness; charged-time accounting is disclosed by timing_mode,5.0,5.0,16.0,5.0,0.9,fixed
minigrid-empty-5x5-fullyobs_robust-DLGPR_seed0,a6544fd,2026-06-01T21:49:06,0,robust-DLGPR,minigrid,MiniGrid/MiniGrid-Empty-5x5-v0/FullyObsWrapper,3.1.0,minigrid-empty-5x5-fullyobs,3,40.0,40.0,0.0,1.0,16.0,strict_rollout_equivalent_max,0.75,36.0,36.0,599.9716999940574,599.9716999940574,623.3883000095375,599.644799833186,True,True,559.9716999940574,rollout_normalized,rollout-equivalent unit,1.0,GA,5.0,36,5,3,1,1,5,5,0.9549999999999998,0.9549999999999998,1.0,0.5,32,1,5,36.0,36.0,36.0,False,False,0.0,0.0,1.0372299338996565,True,0.023466376890127715,0.0,True,6,0.24767189780247562,0.117048498366085,0.12142526857499203,10000,20000,Windows-AMD64-py3.14.3,self-contained local validation harness; charged-time accounting is disclosed by timing_mode,5.0,5.0,16.0,5.0,0.9,fixed
minigrid-empty-5x5-fullyobs_robust-DLGPR_seed0,a6544fd,2026-06-01T21:49:06,0,robust-DLGPR,minigrid,MiniGrid/MiniGrid-Empty-5x5-v0/FullyObsWrapper,3.1.0,minigrid-empty-5x5-fullyobs,4,40.0,40.0,0.0,1.0,16.0,strict_rollout_equivalent_max,0.75,36.0,36.0,607.3639999958687,607.3639999958687,630.2706999704242,607.0182000403292,True,True,567.3639999958687,rollout_normalized,rollout-equivalent unit,1.0,GA,5.0,36,5,3,1,1,5,5,0.9549999999999998,0.9549999999999998,1.0,0.5,32,1,5,36.0,36.0,36.0,False,False,0.0,0.0,1.0372299338996565,True,0.022235496838869915,0.0,True,6,0.24319455505116488,0.11053443815201015,0.1150395508863047,10000,20000,Windows-AMD64-py3.14.3,self-contained local validation harness; charged-time accounting is disclosed by timing_mode,5.0,5.0,16.0,5.0,0.9,fixed
minigrid-empty-5x5-fullyobs_robust-DLGPR_seed0,a6544fd,2026-06-01T21:49:06,0,robust-DLGPR,minigrid,MiniGrid/MiniGrid-Empty-5x5-v0/FullyObsWrapper,3.1.0,minigrid-empty-5x5-fullyobs,5,40.0,40.0,0.0,1.0,16.0,strict_rollout_equivalent_max,0.75,36.0,36.0,585.1003999705426,585.1003999705426,610.4754999978468,584.7450000583194,True,True,545.1003999705426,rollout_normalized,rollout-equivalent unit,1.0,GA,5.0,36,5,3,1,1,5,5,0.9549999999999998,0.9549999999999998,1.0,0.5,32,1,5,36.0,36.0,36.0,False,False,0.0,0.0,1.0372299338996565,True,0.017987035385924433,0.0,True,6,0.23937673661901243,0.10506101091468965,0.10910597749802584,10000,20000,Windows-AMD64-py3.14.3,self-contained local validation harness; charged-time accounting is disclosed by timing_mode,5.0,5.0,16.0,5.0,0.9,fixed
minigrid-empty-5x5-fullyobs_robust-DLGPR_seed0,a6544fd,2026-06-01T21:49:06,0,robust-DLGPR,minigrid,MiniGrid/MiniGrid-Empty-5x5-v0/FullyObsWrapper,3.1.0,minigrid-empty-5x5-fullyobs,6,40.0,40.0,0.0,1.0,16.0,strict_rollout_equivalent_max,0.75,36.0,36.0,625.891599978786,625.891599978786,648.7537000211887,625.5702000344172,True,True,585.891599978786,rollout_normalized,rollout-equivalent unit,1.0,GA,5.0,36,5,3,1,1,5,5,0.9549999999999998,0.9549999999999998,1.0,0.5,32,1,5,36.0,36.0,36.0,False,False,0.0,0.0,1.0372299338996565,True,0.022596768783932398,0.0,True,6,0.23616997842634002,0.10039246492843877,0.10645189554209328,10000,20000,Windows-AMD64-py3.14.3,self-contained local validation harness; charged-time accounting is disclosed by timing_mode,5.0,5.0,16.0,5.0,0.9,fixed
minigrid-empty-5x5-fullyobs_robust-DLGPR_seed0,a6544fd,2026-06-01T21:49:06,0,robust-DLGPR,minigrid,MiniGrid/MiniGrid-Empty-5x5-v0/FullyObsWrapper,3.1.0,minigrid-empty-5x5-fullyobs,7,40.0,40.0,0.0,1.0,16.0,strict_rollout_equivalent_max,0.75,36.0,36.0,593.4460999560542,593.4460999560542,617.10510001285,593.1186000234447,True,True,553.4460999560542,rollout_normalized,rollout-equivalent unit,1.0,GA,5.0,36,5,3,1,1,5,5,0.9549999999999998,0.9549999999999998,1.0,0.5,32,1,5,36.0,36.0,36.0,False,False,0.0,0.0,1.0372299338996565,True,0.021135537303106754,0.0,True,6,0.23344861323266353,0.09635315338254773,0.10113494554428827,10000,20000,Windows-AMD64-py3.14.3,self-contained local validation harness; charged-time accounting is disclosed by timing_mode,5.0,5.0,16.0,5.0,0.9,fixed
minigrid-empty-5x5-fullyobs_robust-DLGPR_seed0,a6544fd,2026-06-01T21:49:06,0,robust-DLGPR,minigrid,MiniGrid/MiniGrid-Empty-5x5-v0/FullyObsWrapper,3.1.0,minigrid-empty-5x5-fullyobs,8,40.0,40.0,0.0,1.0,16.0,strict_rollout_equivalent_max,0.75,36.0,36.0,612.7092000097036,612.7092000097036,636.4950999850407,612.3771999846213,True,True,572.7092000097036,rollout_normalized,rollout-equivalent unit,1.0,GA,5.0,36,5,3,1,1,5,5,0.9549999999999998,0.9549999999999998,1.0,0.5,32,1,5,36.0,36.0,36.0,False,False,0.0,0.0,1.0372299338996565,True,0.022963368502281246,0.0,True,6,0.23110505707889947,0.09281402449037787,0.09705445004376616,10000,20000,Windows-AMD64-py3.14.3,self-contained local validation harness; charged-time accounting is disclosed by timing_mode,5.0,5.0,16.0,5.0,0.9,fixed
minigrid-empty-5x5-fullyobs_robust-DLGPR_seed0,a6544fd,2026-06-01T21:49:06,0,robust-DLGPR,minigrid,MiniGrid/MiniGrid-Empty-5x5-v0/FullyObsWrapper,3.1.0,minigrid-empty-5x5-fullyobs,9,40.0,40.0,0.0,1.0,16.0,strict_rollout_equivalent_max,0.75,36.0,36.0,596.4659000164829,596.4659000164829,619.5421000011265,596.1379000800662,True,True,556.4659000164829,rollout_normalized,rollout-equivalent unit,1.0,GA,5.0,36,5,3,1,1,5,5,0.9549999999999998,0.9549999999999998,1.0,0.5,32,1,5,36.0,36.0,36.0,False,False,0.0,0.0,1.0372299338996565,True,0.016783513055594848,0.0,True,6,0.22905883742824729,0.08967926523110382,0.09521750025583556,10000,20000,Windows-AMD64-py3.14.3,self-contained local validation harness; charged-time accounting is disclosed by timing_mode,5.0,5.0,16.0,5.0,0.9,fixed
minigrid-empty-5x5-fullyobs_robust-DLGPR_seed0,a6544fd,2026-06-01T21:49:06,0,robust-DLGPR,minigrid,MiniGrid/MiniGrid-Empty-5x5-v0/FullyObsWrapper,3.1.0,minigrid-empty-5x5-fullyobs,10,40.0,40.0,0.0,1.0,16.0,strict_rollout_equivalent_max,0.75,36.0,36.0,603.3155000186525,603.3155000186525,626.8650999991223,602.9842999996617,True,True,563.3155000186525,rollout_normalized,rollout-equivalent unit,1.0,GA,5.0,36,5,3,1,1,5,5,0.9549999999999998,0.9549999999999998,1.0,0.5,32,1,5,36.0,36.0,36.0,False,False,0.0,0.0,1.0372299338996565,True,0.023714098438534136,0.0,True,6,0.22725082366003502,0.08687654700854773,0.09156441134481912,10000,20000,Windows-AMD64-py3.14.3,self-contained local validation harness; charged-time accounting is disclosed by timing_mode,5.0,5.0,16.0,5.0,0.9,fixed
minigrid-empty-5x5-fullyobs_robust-DLGPR_seed0,a6544fd,2026-06-01T21:49:06,0,robust-DLGPR,minigrid,MiniGrid/MiniGrid-Empty-5x5-v0/FullyObsWrapper,3.1.0,minigrid-empty-5x5-fullyobs,11,40.0,40.0,0.0,1.0,16.0,strict_rollout_equivalent_max,0.75,36.0,36.0,622.8407999733463,622.8407999733463,647.0180000178516,622.4459998775274,True,True,582.8407999733463,rollout_normalized,rollout-equivalent unit,1.0,GA,5.0,36,5,3,1,1,5,5,0.9549999999999998,0.9549999999999998,1.0,0.5,32,1,5,36.0,36.0,36.0,False,False,0.0,0.0,1.0372299338996565,True,0.016475048651902257,0.0,True,6,0.22563703918647648,0.08435030524950445,0.0881679183767774,10000,20000,Windows-AMD64-py3.14.3,self-contained local validation harness; charged-time accounting is disclosed by timing_mode,5.0,5.0,16.0,5.0,0.9,fixed
minigrid-empty-5x5-fullyobs_robust-DLGPR_seed1,a6544fd,2026-06-01T21:49:15,1,robust-DLGPR,minigrid,MiniGrid/MiniGrid-Empty-5x5-v0/FullyObsWrapper,3.1.0,minigrid-empty-5x5-fullyobs,0,40.0,40.0,0.0,1.0,16.0,strict_rollout_equivalent_max,0.75,36.0,36.0,594.7410999797285,594.7410999797285,670.981600007508,594.4035000284202,True,True,554.7410999797285,rollout_normalized,rollout-equivalent unit,1.0,GA,5.0,36,5,3,1,1,5,5,0.0,0.0,0.0,0.5,-1,1,5,36.0,36.0,36.0,False,False,0.0,0.0,1.114184163303725,True,0.022400054478777156,0.0,True,6,0.24428978484730368,0.1419763854618634,0.14577940989571142,11000,21000,Windows-AMD64-py3.14.3,self-contained local validation harness; charged-time accounting is disclosed by timing_mode,5.0,5.0,16.0,5.0,0.9,fixed
minigrid-empty-5x5-fullyobs_robust-DLGPR_seed1,a6544fd,2026-06-01T21:49:15,1,robust-DLGPR,minigrid,MiniGrid/MiniGrid-Empty-5x5-v0/FullyObsWrapper,3.1.0,minigrid-empty-5x5-fullyobs,1,40.0,40.0,0.0,1.0,16.0,strict_rollout_equivalent_max,0.75,36.0,36.0,588.7565000448376,588.7565000448376,664.1094000078738,588.417999970261,True,True,548.7565000448376,rollout_normalized,rollout-equivalent unit,1.0,GA,5.0,36,5,3,1,1,5,5,0.0,0.0,0.0,0.5,-1,1,5,36.0,36.0,36.0,False,False,0.0,0.0,1.114184163303725,True,0.023285715436273426,0.0,True,6,0.2658373140080694,0.13410523683282385,0.13883219654841658,11000,21000,Windows-AMD64-py3.14.3,self-contained local validation harness; charged-time accounting is disclosed by timing_mode,5.0,5.0,16.0,5.0,0.9,fixed
minigrid-empty-5x5-fullyobs_robust-DLGPR_seed1,a6544fd,2026-06-01T21:49:15,1,robust-DLGPR,minigrid,MiniGrid/MiniGrid-Empty-5x5-v0/FullyObsWrapper,3.1.0,minigrid-empty-5x5-fullyobs,2,40.0,40.0,0.0,1.0,16.0,strict_rollout_equivalent_max,0.75,36.0,36.0,582.6245999778621,582.6245999778621,657.6841999776661,582.3044000426307,True,True,542.6245999778621,rollout_normalized,rollout-equivalent unit,1.0,GA,5.0,36,5,3,1,1,5,5,0.0,0.0,0.0,0.5,-1,1,5,36.0,36.0,36.0,False,False,0.0,0.0,1.114184163303725,True,0.024661512437624114,0.0,True,6,0.2651312577282281,0.12488319167365465,0.12972320479559388,11000,21000,Windows-AMD64-py3.14.3,self-contained local validation harness; charged-time accounting is disclosed by timing_mode,5.0,5.0,16.0,5.0,0.9,fixed
minigrid-empty-5x5-fullyobs_robust-DLGPR_seed1,a6544fd,2026-06-01T21:49:15,1,robust-DLGPR,minigrid,MiniGrid/MiniGrid-Empty-5x5-v0/FullyObsWrapper,3.1.0,minigrid-empty-5x5-fullyobs,3,40.0,40.0,0.0,1.0,16.0,strict_rollout_equivalent_max,0.75,36.0,36.0,610.3084000060335,610.3084000060335,690.6854000408202,609.9709999398328,True,True,570.3084000060335,rollout_normalized,rollout-equivalent unit,1.0,GA,5.0,36,5,3,1,1,5,5,0.0,0.0,0.0,0.5,-1,1,5,36.0,36.0,36.0,False,False,0.0,0.0,1.114184163303725,True,0.027561109046571095,0.0,True,6,0.2606615556649191,0.117048498366085,0.12185369883055663,11000,21000,Windows-AMD64-py3.14.3,self-contained local validation harness; charged-time accounting is disclosed by timing_mode,5.0,5.0,16.0,5.0,0.9,fixed
minigrid-empty-5x5-fullyobs_robust-DLGPR_seed1,a6544fd,2026-06-01T21:49:15,1,robust-DLGPR,minigrid,MiniGrid/MiniGrid-Empty-5x5-v0/FullyObsWrapper,3.1.0,minigrid-empty-5x5-fullyobs,4,40.0,40.0,0.0,1.0,16.0,strict_rollout_equivalent_max,0.75,36.0,36.0,575.6682999781333,575.6682999781333,650.4575000144541,575.3610999672674,True,True,535.6682999781333,rollout_normalized,rollout-equivalent unit,1.0,GA,5.0,36,5,3,1,1,5,5,0.0,0.0,0.0,0.5,-1,1,5,36.0,36.0,36.0,False,False,0.0,0.0,1.114184163303725,True,0.020148373024684484,0.0,True,6,0.2562157305387252,0.11053443815201015,0.11470506811952061,11000,21000,Windows-AMD64-py3.14.3,self-contained local validation harness; charged-time accounting is disclosed by timing_mode,5.0,5.0,16.0,5.0,0.9,fixed
minigrid-empty-5x5-fullyobs_robust-DLGPR_seed1,a6544fd,2026-06-01T21:49:15,1,robust-DLGPR,minigrid,MiniGrid/MiniGrid-Empty-5x5-v0/FullyObsWrapper,3.1.0,minigrid-empty-5x5-fullyobs,5,40.0,40.0,0.0,1.0,16.0,strict_rollout_equivalent_max,0.75,36.0,36.0,576.4404999790713,576.4404999790713,650.9595999959856,576.0263999691233,True,True,536.4404999790713,rollout_normalized,rollout-equivalent unit,1.0,GA,5.0,36,5,3,1,1,5,5,0.0,0.0,0.0,0.5,-1,1,5,36.0,36.0,36.0,False,False,0.0,0.0,1.114184163303725,True,0.020456388776311753,0.0,True,6,0.2524053913867519,0.10506101091468965,0.10970903223783739,11000,21000,Windows-AMD64-py3.14.3,self-contained local validation harness; charged-time accounting is disclosed by timing_mode,5.0,5.0,16.0,5.0,0.9,fixed
minigrid-empty-5x5-fullyobs_robust-DLGPR_seed1,a6544fd,2026-06-01T21:49:15,1,robust-DLGPR,minigrid,MiniGrid/MiniGrid-Empty-5x5-v0/FullyObsWrapper,3.1.0,minigrid-empty-5x5-fullyobs,6,40.0,40.0,0.0,1.0,16.0,strict_rollout_equivalent_max,0.75,36.0,36.0,575.1689999597147,575.1689999597147,652.3258999804966,574.8097999603488,True,True,535.1689999597147,rollout_normalized,rollout-equivalent unit,1.0,GA,5.0,36,5,3,1,1,5,5,0.0,0.0,0.0,0.5,-1,1,5,36.0,36.0,36.0,False,False,0.0,0.0,1.114184163303725,True,0.02018973478729258,0.0,True,6,0.2492004080623251,0.10039246492843877,0.10435407439350497,11000,21000,Windows-AMD64-py3.14.3,self-contained local validation harness; charged-time accounting is disclosed by timing_mode,5.0,5.0,16.0,5.0,0.9,fixed
minigrid-empty-5x5-fullyobs_robust-DLGPR_seed1,a6544fd,2026-06-01T21:49:15,1,robust-DLGPR,minigrid,MiniGrid/MiniGrid-Empty-5x5-v0/FullyObsWrapper,3.1.0,minigrid-empty-5x5-fullyobs,7,40.0,40.0,0.0,1.0,16.0,strict_rollout_equivalent_max,0.75,36.0,36.0,570.7370000309311,570.7370000309311,645.6823000335135,570.3953998745419,True,True,530.7370000309311,rollout_normalized,rollout-equivalent unit,1.0,GA,5.0,36,5,3,1,1,5,5,0.0,0.0,0.0,0.5,-1,1,5,36.0,36.0,36.0,False,False,0.0,0.0,1.114184163303725,True,0.020459044653060057,0.0,True,6,0.24647946405320298,0.09635315338254773,0.10060242407850611,11000,21000,Windows-AMD64-py3.14.3,self-contained local validation harness; charged-time accounting is disclosed by timing_mode,5.0,5.0,16.0,5.0,0.9,fixed
minigrid-empty-5x5-fullyobs_robust-DLGPR_seed1,a6544fd,2026-06-01T21:49:15,1,robust-DLGPR,minigrid,MiniGrid/MiniGrid-Empty-5x5-v0/FullyObsWrapper,3.1.0,minigrid-empty-5x5-fullyobs,8,40.0,40.0,0.0,1.0,16.0,strict_rollout_equivalent_max,0.75,36.0,36.0,562.1973000233993,562.1973000233993,640.3601000201888,561.8241999763995,True,True,522.1973000233993,rollout_normalized,rollout-equivalent unit,1.0,GA,5.0,36,5,3,1,1,5,5,0.0,0.0,0.0,0.5,-1,1,5,36.0,36.0,36.0,False,False,0.0,0.0,1.114184163303725,True,0.016759842182607176,0.0,True,6,0.244136007848508,0.09281402449037787,0.09847321650298942,11000,21000,Windows-AMD64-py3.14.3,self-contained local validation harness; charged-time accounting is disclosed by timing_mode,5.0,5.0,16.0,5.0,0.9,fixed
minigrid-empty-5x5-fullyobs_robust-DLGPR_seed1,a6544fd,2026-06-01T21:49:15,1,robust-DLGPR,minigrid,MiniGrid/MiniGrid-Empty-5x5-v0/FullyObsWrapper,3.1.0,minigrid-empty-5x5-fullyobs,9,40.0,40.0,0.0,1.0,16.0,strict_rollout_equivalent_max,0.75,36.0,36.0,570.6944999983534,570.6944999983534,645.4685000353493,570.3667000052519,True,True,530.6944999983534,rollout_normalized,rollout-equivalent unit,1.0,GA,5.0,36,5,3,1,1,5,5,0.0,0.0,0.0,0.5,-1,1,5,36.0,36.0,36.0,False,False,0.0,0.0,1.114184163303725,True,0.023073863047272346,0.0,True,6,0.24208981191623843,0.08967926523110382,0.09436859841313129,11000,21000,Windows-AMD64-py3.14.3,self-contained local validation harness; charged-time accounting is disclosed by timing_mode,5.0,5.0,16.0,5.0,0.9,fixed
minigrid-empty-5x5-fullyobs_robust-DLGPR_seed1,a6544fd,2026-06-01T21:49:15,1,robust-DLGPR,minigrid,MiniGrid/MiniGrid-Empty-5x5-v0/FullyObsWrapper,3.1.0,minigrid-empty-5x5-fullyobs,10,40.0,40.0,0.0,1.0,16.0,strict_rollout_equivalent_max,0.75,36.0,36.0,575.4436000133865,575.4436000133865,650.5400000023656,575.1193999312818,True,True,535.4436000133865,rollout_normalized,rollout-equivalent unit,1.0,GA,5.0,36,5,3,1,1,5,5,0.0,0.0,0.0,0.5,-1,1,5,36.0,36.0,36.0,False,False,0.0,0.0,1.114184163303725,True,0.02185316268368327,0.0,True,6,0.24028180377650954,0.08687654700854773,0.09123763790658013,11000,21000,Windows-AMD64-py3.14.3,self-contained local validation harness; charged-time accounting is disclosed by timing_mode,5.0,5.0,16.0,5.0,0.9,fixed
minigrid-empty-5x5-fullyobs_robust-DLGPR_seed1,a6544fd,2026-06-01T21:49:15,1,robust-DLGPR,minigrid,MiniGrid/MiniGrid-Empty-5x5-v0/FullyObsWrapper,3.1.0,minigrid-empty-5x5-fullyobs,11,40.0,40.0,0.0,1.0,16.0,strict_rollout_equivalent_max,0.75,36.0,36.0,579.5864000101574,579.5864000101574,655.1860999898054,579.2270000092685,True,True,539.5864000101574,rollout_normalized,rollout-equivalent unit,1.0,GA,5.0,36,5,3,1,1,5,5,0.0,0.0,0.0,0.5,-1,1,5,36.0,36.0,36.0,False,False,0.0,0.0,1.114184163303725,True,0.018236130104792102,0.0,True,6,0.23866802063861653,0.08435030524950445,0.08867941055160096,11000,21000,Windows-AMD64-py3.14.3,self-contained local validation harness; charged-time accounting is disclosed by timing_mode,5.0,5.0,16.0,5.0,0.9,fixed
minigrid-empty-5x5-fullyobs_robust-DLGPR_seed2,a6544fd,2026-06-01T21:49:23,2,robust-DLGPR,minigrid,MiniGrid/MiniGrid-Empty-5x5-v0/FullyObsWrapper,3.1.0,minigrid-empty-5x5-fullyobs,0,40.0,40.0,0.0,1.0,16.0,strict_rollout_equivalent_max,0.75,36.0,36.0,582.1980000473559,582.1980000473559,684.8267000168562,581.803500012029,True,True,542.1980000473559,rollout_normalized,rollout-equivalent unit,1.0,GA,5.0,36,5,3,1,1,5,5,0.0,0.0,0.0,0.5,-1,1,5,36.0,36.0,36.0,False,False,0.0,0.0,1.0348231409227577,True,0.027536047733283997,0.0,True,6,0.23404027780640235,0.1419763854618634,0.14627582324116037,12000,22000,Windows-AMD64-py3.14.3,self-contained local validation harness; charged-time accounting is disclosed by timing_mode,5.0,5.0,16.0,5.0,0.9,fixed
minigrid-empty-5x5-fullyobs_robust-DLGPR_seed2,a6544fd,2026-06-01T21:49:23,2,robust-DLGPR,minigrid,MiniGrid/MiniGrid-Empty-5x5-v0/FullyObsWrapper,3.1.0,minigrid-empty-5x5-fullyobs,1,40.0,40.0,0.0,1.0,16.0,strict_rollout_equivalent_max,0.75,36.0,36.0,613.3540000300854,613.3540000300854,709.3658000230789,613.0114000989124,True,True,573.3540000300854,rollout_normalized,rollout-equivalent unit,1.0,GA,5.0,36,5,3,1,1,5,5,0.0,0.0,0.0,0.5,-1,1,5,36.0,36.0,36.0,False,False,0.0,0.0,1.0348231409227577,True,0.022234942268259686,0.0,True,6,0.253155550901798,0.13410523683282385,0.13893793672634108,12000,22000,Windows-AMD64-py3.14.3,self-contained local validation harness; charged-time accounting is disclosed by timing_mode,5.0,5.0,16.0,5.0,0.9,fixed
minigrid-empty-5x5-fullyobs_robust-DLGPR_seed2,a6544fd,2026-06-01T21:49:23,2,robust-DLGPR,minigrid,MiniGrid/MiniGrid-Empty-5x5-v0/FullyObsWrapper,3.1.0,minigrid-empty-5x5-fullyobs,2,40.0,40.0,0.0,1.0,16.0,strict_rollout_equivalent_max,0.75,36.0,36.0,607.432599994354,607.432599994354,703.9996000239626,607.1038999943994,True,True,567.432599994354,rollout_normalized,rollout-equivalent unit,1.0,GA,5.0,36,5,3,1,1,5,5,0.0,0.0,0.0,0.5,-1,1,5,36.0,36.0,36.0,False,False,0.0,0.0,1.0348231409227577,True,0.021563384415451116,0.0,True,6,0.251872308856444,0.12488319167365465,0.1293336620714043,12000,22000,Windows-AMD64-py3.14.3,self-contained local validation harness; charged-time accounting is disclosed by timing_mode,5.0,5.0,16.0,5.0,0.9,fixed
minigrid-empty-5x5-fullyobs_robust-DLGPR_seed2,a6544fd,2026-06-01T21:49:23,2,robust-DLGPR,minigrid,MiniGrid/MiniGrid-Empty-5x5-v0/FullyObsWrapper,3.1.0,minigrid-empty-5x5-fullyobs,3,40.0,40.0,0.0,1.0,16.0,strict_rollout_equivalent_max,0.75,36.0,36.0,606.5613999962807,606.5613999962807,702.5365000008605,606.2578000128269,True,True,566.5613999962807,rollout_normalized,rollout-equivalent unit,1.0,GA,5.0,36,5,3,1,1,5,5,0.0,0.0,0.0,0.5,-1,1,5,36.0,36.0,36.0,False,False,0.0,0.0,1.0348231409227577,True,0.02365439855203535,0.0,True,6,0.24726563790542058,0.117048498366085,0.12149981511162516,12000,22000,Windows-AMD64-py3.14.3,self-contained local validation harness; charged-time accounting is disclosed by timing_mode,5.0,5.0,16.0,5.0,0.9,fixed
minigrid-empty-5x5-fullyobs_robust-DLGPR_seed2,a6544fd,2026-06-01T21:49:23,2,robust-DLGPR,minigrid,MiniGrid/MiniGrid-Empty-5x5-v0/FullyObsWrapper,3.1.0,minigrid-empty-5x5-fullyobs,4,40.0,40.0,0.0,1.0,16.0,strict_rollout_equivalent_max,0.75,36.0,36.0,606.002599990461,606.002599990461,702.7823000098579,605.6481000850908,True,True,566.002599990461,rollout_normalized,rollout-equivalent unit,1.0,GA,5.0,36,5,3,1,1,5,5,0.0,0.0,0.0,0.5,-1,1,5,36.0,36.0,36.0,False,False,0.0,0.0,1.0348231409227577,True,0.020376210615624668,0.0,True,6,0.24278730942013044,0.11053443815201015,0.11511424460297744,12000,22000,Windows-AMD64-py3.14.3,self-contained local validation harness; charged-time accounting is disclosed by timing_mode,5.0,5.0,16.0,5.0,0.9,fixed
minigrid-empty-5x5-fullyobs_robust-DLGPR_seed2,a6544fd,2026-06-01T21:49:23,2,robust-DLGPR,minigrid,MiniGrid/MiniGrid-Empty-5x5-v0/FullyObsWrapper,3.1.0,minigrid-empty-5x5-fullyobs,5,40.0,40.0,0.0,1.0,16.0,strict_rollout_equivalent_max,0.75,36.0,36.0,596.344500023406,596.344500023406,696.1301999981515,595.9819001727737,True,True,556.344500023406,rollout_normalized,rollout-equivalent unit,1.0,GA,5.0,36,5,3,1,1,5,5,0.0,0.0,0.0,0.5,-1,1,5,36.0,36.0,36.0,False,False,0.0,0.0,1.0348231409227577,True,0.01595027647201359,0.0,True,6,0.23896925706868405,0.10506101091468965,0.10915450092065836,12000,22000,Windows-AMD64-py3.14.3,self-contained local validation harness; charged-time accounting is disclosed by timing_mode,5.0,5.0,16.0,5.0,0.9,fixed
minigrid-empty-5x5-fullyobs_robust-DLGPR_seed2,a6544fd,2026-06-01T21:49:23,2,robust-DLGPR,minigrid,MiniGrid/MiniGrid-Empty-5x5-v0/FullyObsWrapper,3.1.0,minigrid-empty-5x5-fullyobs,6,40.0,40.0,0.0,1.0,16.0,strict_rollout_equivalent_max,0.75,36.0,36.0,615.2449000510387,615.2449000510387,711.7503999616019,614.9368999758735,True,True,575.2449000510387,rollout_normalized,rollout-equivalent unit,1.0,GA,5.0,36,5,3,1,1,5,5,0.0,0.0,0.0,0.5,-1,1,5,36.0,36.0,36.0,False,False,0.0,0.0,1.0348231409227577,True,0.021800527528846203,0.0,True,6,0.23576244336586671,0.10039246492843877,0.1047782602146754,12000,22000,Windows-AMD64-py3.14.3,self-contained local validation harness; charged-time accounting is disclosed by timing_mode,5.0,5.0,16.0,5.0,0.9,fixed
minigrid-empty-5x5-fullyobs_robust-DLGPR_seed2,a6544fd,2026-06-01T21:49:23,2,robust-DLGPR,minigrid,MiniGrid/MiniGrid-Empty-5x5-v0/FullyObsWrapper,3.1.0,minigrid-empty-5x5-fullyobs,7,40.0,40.0,0.0,1.0,16.0,strict_rollout_equivalent_max,0.75,36.0,36.0,625.6981000187807,625.6981000187807,721.5246999985538,625.3603000077419,True,True,585.6981000187807,rollout_normalized,rollout-equivalent unit,1.0,GA,5.0,36,5,3,1,1,5,5,0.0,0.0,0.0,0.5,-1,1,5,36.0,36.0,36.0,False,False,0.0,0.0,1.0348231409227577,True,0.016968820425034538,0.0,True,6,0.2330410649993726,0.09635315338254773,0.10018912225948834,12000,22000,Windows-AMD64-py3.14.3,self-contained local validation harness; charged-time accounting is disclosed by timing_mode,5.0,5.0,16.0,5.0,0.9,fixed
minigrid-empty-5x5-fullyobs_robust-DLGPR_seed2,a6544fd,2026-06-01T21:49:23,2,robust-DLGPR,minigrid,MiniGrid/MiniGrid-Empty-5x5-v0/FullyObsWrapper,3.1.0,minigrid-empty-5x5-fullyobs,8,40.0,40.0,0.0,1.0,16.0,strict_rollout_equivalent_max,0.75,36.0,36.0,594.4406000198796,594.4406000198796,689.9805000284687,594.1082999343053,True,True,554.4406000198796,rollout_normalized,rollout-equivalent unit,1.0,GA,5.0,36,5,3,1,1,5,5,0.0,0.0,0.0,0.5,-1,1,5,36.0,36.0,36.0,False,False,0.0,0.0,1.0348231409227577,True,0.02613718092688018,0.0,True,6,0.2306975057196372,0.09281402449037787,0.09891563528407682,12000,22000,Windows-AMD64-py3.14.3,self-contained local validation harness; charged-time accounting is disclosed by timing_mode,5.0,5.0,16.0,5.0,0.9,fixed
minigrid-empty-5x5-fullyobs_robust-DLGPR_seed2,a6544fd,2026-06-01T21:49:23,2,robust-DLGPR,minigrid,MiniGrid/MiniGrid-Empty-5x5-v0/FullyObsWrapper,3.1.0,minigrid-empty-5x5-fullyobs,9,40.0,40.0,0.0,1.0,16.0,strict_rollout_equivalent_max,0.75,36.0,36.0,586.9496000232175,586.9496000232175,683.384100033436,586.6072999197058,True,True,546.9496000232175,rollout_normalized,rollout-equivalent unit,1.0,GA,5.0,36,5,3,1,1,5,5,0.0,0.0,0.0,0.5,-1,1,5,36.0,36.0,36.0,False,False,0.0,0.0,1.0348231409227577,True,0.016396645691518816,0.0,True,6,0.22865128532717735,0.08967926523110382,0.09389758471102505,12000,22000,Windows-AMD64-py3.14.3,self-contained local validation harness; charged-time accounting is disclosed by timing_mode,5.0,5.0,16.0,5.0,0.9,fixed
minigrid-empty-5x5-fullyobs_robust-DLGPR_seed2,a6544fd,2026-06-01T21:49:23,2,robust-DLGPR,minigrid,MiniGrid/MiniGrid-Empty-5x5-v0/FullyObsWrapper,3.1.0,minigrid-empty-5x5-fullyobs,10,40.0,40.0,0.0,1.0,16.0,strict_rollout_equivalent_max,0.75,36.0,36.0,594.7305999579839,594.7305999579839,692.810799984727,594.4111000280827,True,True,554.7305999579839,rollout_normalized,rollout-equivalent unit,1.0,GA,5.0,36,5,3,1,1,5,5,0.0,0.0,0.0,0.5,-1,1,5,36.0,36.0,36.0,False,False,0.0,0.0,1.0348231409227577,True,0.02172204294286475,0.0,True,6,0.22684327138293067,0.08687654700854773,0.09280571413605451,12000,22000,Windows-AMD64-py3.14.3,self-contained local validation harness; charged-time accounting is disclosed by timing_mode,5.0,5.0,16.0,5.0,0.9,fixed
minigrid-empty-5x5-fullyobs_robust-DLGPR_seed2,a6544fd,2026-06-01T21:49:23,2,robust-DLGPR,minigrid,MiniGrid/MiniGrid-Empty-5x5-v0/FullyObsWrapper,3.1.0,minigrid-empty-5x5-fullyobs,11,40.0,40.0,0.0,1.0,16.0,strict_rollout_equivalent_max,0.75,36.0,36.0,582.0744999800809,582.0744999800809,677.0218000165187,581.7369999713264,True,True,542.0744999800809,rollout_normalized,rollout-equivalent unit,1.0,GA,5.0,36,5,3,1,1,5,5,0.0,0.0,0.0,0.5,-1,1,5,36.0,36.0,36.0,False,False,0.0,0.0,1.0348231409227577,True,0.024578280866311975,0.0,True,6,0.2252294868675984,0.08435030524950445,0.08910427412975269,12000,22000,Windows-AMD64-py3.14.3,self-contained local validation harness; charged-time accounting is disclosed by timing_mode,5.0,5.0,16.0,5.0,0.9,fixed
minigrid-empty-5x5-fullyobs_robust-DLGPR_seed3,a6544fd,2026-06-01T21:49:32,3,robust-DLGPR,minigrid,MiniGrid/MiniGrid-Empty-5x5-v0/FullyObsWrapper,3.1.0,minigrid-empty-5x5-fullyobs,0,40.0,40.0,0.0,1.0,16.0,strict_rollout_equivalent_max,0.75,36.0,36.0,565.0621000095271,565.0621000095271,645.1650999952108,564.7447999217547,True,True,525.0621000095271,rollout_normalized,rollout-equivalent unit,1.0,GA,5.0,36,5,3,1,1,5,5,0.0,0.0,0.0,0.5,-1,1,5,36.0,36.0,36.0,False,False,0.0,0.0,1.0528962878013794,True,0.02301791222002381,0.0,True,6,0.23637443178559936,0.1419763854618634,0.14550127232271284,13000,23000,Windows-AMD64-py3.14.3,self-contained local validation harness; charged-time accounting is disclosed by timing_mode,5.0,5.0,16.0,5.0,0.9,fixed
minigrid-empty-5x5-fullyobs_robust-DLGPR_seed3,a6544fd,2026-06-01T21:49:32,3,robust-DLGPR,minigrid,MiniGrid/MiniGrid-Empty-5x5-v0/FullyObsWrapper,3.1.0,minigrid-empty-5x5-fullyobs,1,40.0,40.0,0.0,1.0,16.0,strict_rollout_equivalent_max,0.75,36.0,36.0,579.4527999823913,579.4527999823913,662.7942000050098,579.079500050284,True,True,539.4527999823913,rollout_normalized,rollout-equivalent unit,1.0,GA,5.0,36,5,3,1,1,5,5,0.0,0.0,0.0,0.5,-1,1,5,36.0,36.0,36.0,False,False,0.0,0.0,1.0528962878013794,True,0.026188609960346203,0.0,True,6,0.2560436105616052,0.13410523683282385,0.13878058131604545,13000,23000,Windows-AMD64-py3.14.3,self-contained local validation harness; charged-time accounting is disclosed by timing_mode,5.0,5.0,16.0,5.0,0.9,fixed
minigrid-empty-5x5-fullyobs_robust-DLGPR_seed3,a6544fd,2026-06-01T21:49:32,3,robust-DLGPR,minigrid,MiniGrid/MiniGrid-Empty-5x5-v0/FullyObsWrapper,3.1.0,minigrid-empty-5x5-fullyobs,2,40.0,40.0,0.0,1.0,16.0,strict_rollout_equivalent_max,0.75,36.0,36.0,587.9586000228301,587.9586000228301,672.7794000180438,587.5286000082269,True,True,547.9586000228301,rollout_normalized,rollout-equivalent unit,1.0,GA,5.0,36,5,3,1,1,5,5,0.0,0.0,0.0,0.5,-1,1,5,36.0,36.0,36.0,False,False,0.0,0.0,1.0528962878013794,True,0.01974014308894114,0.0,True,6,0.2548918129306929,0.12488319167365465,0.13112799983941703,13000,23000,Windows-AMD64-py3.14.3,self-contained local validation harness; charged-time accounting is disclosed by timing_mode,5.0,5.0,16.0,5.0,0.9,fixed
minigrid-empty-5x5-fullyobs_robust-DLGPR_seed3,a6544fd,2026-06-01T21:49:32,3,robust-DLGPR,minigrid,MiniGrid/MiniGrid-Empty-5x5-v0/FullyObsWrapper,3.1.0,minigrid-empty-5x5-fullyobs,3,40.0,40.0,0.0,1.0,16.0,strict_rollout_equivalent_max,0.75,36.0,36.0,576.0756999952719,576.0756999952719,656.5373000339605,575.7311999914236,True,True,536.0756999952719,rollout_normalized,rollout-equivalent unit,1.0,GA,5.0,36,5,3,1,1,5,5,0.0,0.0,0.0,0.5,-1,1,5,36.0,36.0,36.0,False,False,0.0,0.0,1.0528962878013794,True,0.02075510316394702,0.0,True,6,0.25031633435536216,0.117048498366085,0.12195674953336628,13000,23000,Windows-AMD64-py3.14.3,self-contained local validation harness; charged-time accounting is disclosed by timing_mode,5.0,5.0,16.0,5.0,0.9,fixed
minigrid-empty-5x5-fullyobs_robust-DLGPR_seed3,a6544fd,2026-06-01T21:49:32,3,robust-DLGPR,minigrid,MiniGrid/MiniGrid-Empty-5x5-v0/FullyObsWrapper,3.1.0,minigrid-empty-5x5-fullyobs,4,40.0,40.0,0.0,1.0,16.0,strict_rollout_equivalent_max,0.75,36.0,36.0,579.7147999983281,579.7147999983281,661.2197000067681,579.3351000756957,True,True,539.7147999983281,rollout_normalized,rollout-equivalent unit,1.0,GA,5.0,36,5,3,1,1,5,5,0.0,0.0,0.0,0.5,-1,1,5,36.0,36.0,36.0,False,False,0.0,0.0,1.0528962878013794,True,0.018988299662290677,0.0,True,6,0.24584540796703824,0.11053443815201015,0.11458885664399251,13000,23000,Windows-AMD64-py3.14.3,self-contained local validation harness; charged-time accounting is disclosed by timing_mode,5.0,5.0,16.0,5.0,0.9,fixed
minigrid-empty-5x5-fullyobs_robust-DLGPR_seed3,a6544fd,2026-06-01T21:49:32,3,robust-DLGPR,minigrid,MiniGrid/MiniGrid-Empty-5x5-v0/FullyObsWrapper,3.1.0,minigrid-empty-5x5-fullyobs,5,40.0,40.0,0.0,1.0,16.0,strict_rollout_equivalent_max,0.75,36.0,36.0,568.4342999593355,568.4342999593355,649.2567000095733,568.1017999304458,True,True,528.4342999593355,rollout_normalized,rollout-equivalent unit,1.0,GA,5.0,36,5,3,1,1,5,5,0.0,0.0,0.0,0.5,-1,1,5,36.0,36.0,36.0,False,False,0.0,0.0,1.0528962878013794,True,0.017552016789461434,0.0,True,6,0.24202911216789919,0.10506101091468965,0.11064402323842883,13000,23000,Windows-AMD64-py3.14.3,self-contained local validation harness; charged-time accounting is disclosed by timing_mode,5.0,5.0,16.0,5.0,0.9,fixed
minigrid-empty-5x5-fullyobs_robust-DLGPR_seed3,a6544fd,2026-06-01T21:49:32,3,robust-DLGPR,minigrid,MiniGrid/MiniGrid-Empty-5x5-v0/FullyObsWrapper,3.1.0,minigrid-empty-5x5-fullyobs,6,40.0,40.0,0.0,1.0,16.0,strict_rollout_equivalent_max,0.75,36.0,36.0,576.1578000383452,576.1578000383452,657.1539000142366,575.8174999500625,True,True,536.1578000383452,rollout_normalized,rollout-equivalent unit,1.0,GA,5.0,36,5,3,1,1,5,5,0.0,0.0,0.0,0.5,-1,1,5,36.0,36.0,36.0,False,False,0.0,0.0,1.0528962878013794,True,0.018606912951052032,0.0,True,6,0.23882271530317822,0.10039246492843877,0.10443179335292087,13000,23000,Windows-AMD64-py3.14.3,self-contained local validation harness; charged-time accounting is disclosed by timing_mode,5.0,5.0,16.0,5.0,0.9,fixed
minigrid-empty-5x5-fullyobs_robust-DLGPR_seed3,a6544fd,2026-06-01T21:49:32,3,robust-DLGPR,minigrid,MiniGrid/MiniGrid-Empty-5x5-v0/FullyObsWrapper,3.1.0,minigrid-empty-5x5-fullyobs,7,40.0,40.0,0.0,1.0,16.0,strict_rollout_equivalent_max,0.75,36.0,36.0,584.7086000139825,584.7086000139825,669.7565999929793,584.3362000305206,True,True,544.7086000139825,rollout_normalized,rollout-equivalent unit,1.0,GA,5.0,36,5,3,1,1,5,5,0.0,0.0,0.0,0.5,-1,1,5,36.0,36.0,36.0,False,False,0.0,0.0,1.0528962878013794,True,0.020759906332126654,0.0,True,6,0.23610143585431836,0.09635315338254773,0.10036768969405742,13000,23000,Windows-AMD64-py3.14.3,self-contained local validation harness; charged-time accounting is disclosed by timing_mode,5.0,5.0,16.0,5.0,0.9,fixed
minigrid-empty-5x5-fullyobs_robust-DLGPR_seed3,a6544fd,2026-06-01T21:49:32,3,robust-DLGPR,minigrid,MiniGrid/MiniGrid-Empty-5x5-v0/FullyObsWrapper,3.1.0,minigrid-empty-5x5-fullyobs,8,40.0,40.0,0.0,1.0,16.0,strict_rollout_equivalent_max,0.75,36.0,36.0,599.8779999790713,599.8779999790713,680.7199000031687,599.5275000459515,True,True,559.8779999790713,rollout_normalized,rollout-equivalent unit,1.0,GA,5.0,36,5,3,1,1,5,5,0.0,0.0,0.0,0.5,-1,1,5,36.0,36.0,36.0,False,False,0.0,0.0,1.0528962878013794,True,0.021036857654589892,0.0,True,6,0.2337579000482012,0.09281402449037787,0.09697631723959227,13000,23000,Windows-AMD64-py3.14.3,self-contained local validation harness; charged-time accounting is disclosed by timing_mode,5.0,5.0,16.0,5.0,0.9,fixed
minigrid-empty-5x5-fullyobs_robust-DLGPR_seed3,a6544fd,2026-06-01T21:49:32,3,robust-DLGPR,minigrid,MiniGrid/MiniGrid-Empty-5x5-v0/FullyObsWrapper,3.1.0,minigrid-empty-5x5-fullyobs,9,40.0,40.0,0.0,1.0,16.0,strict_rollout_equivalent_max,0.75,36.0,36.0,577.283599996008,577.283599996008,656.8954999675043,576.9375000963919,True,True,537.283599996008,rollout_normalized,rollout-equivalent unit,1.0,GA,5.0,36,5,3,1,1,5,5,0.0,0.0,0.0,0.5,-1,1,5,36.0,36.0,36.0,False,False,0.0,0.0,1.0528962878013794,True,0.018904297229985368,0.0,True,6,0.231711685226141,0.08967926523110382,0.09554273804249136,13000,23000,Windows-AMD64-py3.14.3,self-contained local validation harness; charged-time accounting is disclosed by timing_mode,5.0,5.0,16.0,5.0,0.9,fixed
minigrid-empty-5x5-fullyobs_robust-DLGPR_seed3,a6544fd,2026-06-01T21:49:32,3,robust-DLGPR,minigrid,MiniGrid/MiniGrid-Empty-5x5-v0/FullyObsWrapper,3.1.0,minigrid-empty-5x5-fullyobs,10,40.0,40.0,0.0,1.0,16.0,strict_rollout_equivalent_max,0.75,36.0,36.0,582.4502999894321,582.4502999894321,662.3473999788985,582.0873000193387,True,True,542.4502999894321,rollout_normalized,rollout-equivalent unit,1.0,GA,5.0,36,5,3,1,1,5,5,0.0,0.0,0.0,0.5,-1,1,5,36.0,36.0,36.0,False,False,0.0,0.0,1.0528962878013794,True,0.01622878956450262,0.0,True,6,0.22990367260377623,0.08687654700854773,0.09115584126366894,13000,23000,Windows-AMD64-py3.14.3,self-contained local validation harness; charged-time accounting is disclosed by timing_mode,5.0,5.0,16.0,5.0,0.9,fixed
minigrid-empty-5x5-fullyobs_robust-DLGPR_seed3,a6544fd,2026-06-01T21:49:32,3,robust-DLGPR,minigrid,MiniGrid/MiniGrid-Empty-5x5-v0/FullyObsWrapper,3.1.0,minigrid-empty-5x5-fullyobs,11,40.0,40.0,0.0,1.0,16.0,strict_rollout_equivalent_max,0.75,36.0,36.0,577.8293999610469,577.8293999610469,659.1816000291146,577.3978999932297,True,True,537.8293999610469,rollout_normalized,rollout-equivalent unit,1.0,GA,5.0,36,5,3,1,1,5,5,0.0,0.0,0.0,0.5,-1,1,5,36.0,36.0,36.0,False,False,0.0,0.0,1.0528962878013794,True,0.01854241553596232,0.0,True,6,0.22828988840213274,0.08435030524950445,0.08850890493003273,13000,23000,Windows-AMD64-py3.14.3,self-contained local validation harness; charged-time accounting is disclosed by timing_mode,5.0,5.0,16.0,5.0,0.9,fixed
minigrid-empty-5x5-fullyobs_robust-DLGPR_seed4,a6544fd,2026-06-01T21:49:41,4,robust-DLGPR,minigrid,MiniGrid/MiniGrid-Empty-5x5-v0/FullyObsWrapper,3.1.0,minigrid-empty-5x5-fullyobs,0,40.0,40.0,0.0,1.0,16.0,strict_rollout_equivalent_max,0.75,36.0,36.0,587.6482999883592,587.6482999883592,668.4927999740466,587.2869000886567,True,True,547.6482999883592,rollout_normalized,rollout-equivalent unit,1.0,GA,5.0,36,5,3,1,1,5,5,0.0,0.0,0.0,0.5,-1,1,5,36.0,36.0,36.0,False,False,0.0,0.0,1.0209495466093759,True,0.023987266039948982,0.0,True,6,0.23224849768145633,0.1419763854618634,0.14598223534333757,14000,24000,Windows-AMD64-py3.14.3,self-contained local validation harness; charged-time accounting is disclosed by timing_mode,5.0,5.0,16.0,5.0,0.9,fixed
minigrid-empty-5x5-fullyobs_robust-DLGPR_seed4,a6544fd,2026-06-01T21:49:41,4,robust-DLGPR,minigrid,MiniGrid/MiniGrid-Empty-5x5-v0/FullyObsWrapper,3.1.0,minigrid-empty-5x5-fullyobs,1,40.0,40.0,0.0,1.0,16.0,strict_rollout_equivalent_max,0.75,36.0,36.0,576.9489999511279,576.9489999511279,657.9177000094205,576.586999988649,True,True,536.9489999511279,rollout_normalized,rollout-equivalent unit,1.0,GA,5.0,36,5,3,1,1,5,5,0.0,0.0,0.0,0.5,-1,1,5,36.0,36.0,36.0,False,False,0.0,0.0,1.0209495466093759,True,0.019806829464024213,0.0,True,6,0.25093857295423294,0.13410523683282385,0.13849026554171265,14000,24000,Windows-AMD64-py3.14.3,self-contained local validation harness; charged-time accounting is disclosed by timing_mode,5.0,5.0,16.0,5.0,0.9,fixed
minigrid-empty-5x5-fullyobs_robust-DLGPR_seed4,a6544fd,2026-06-01T21:49:41,4,robust-DLGPR,minigrid,MiniGrid/MiniGrid-Empty-5x5-v0/FullyObsWrapper,3.1.0,minigrid-empty-5x5-fullyobs,2,40.0,40.0,0.0,1.0,16.0,strict_rollout_equivalent_max,0.75,36.0,36.0,589.4573999685235,589.4573999685235,669.7262999950908,589.1086999909021,True,True,549.4573999685235,rollout_normalized,rollout-equivalent unit,1.0,GA,5.0,36,5,3,1,1,5,5,0.0,0.0,0.0,0.5,-1,1,5,36.0,36.0,36.0,False,False,0.0,0.0,1.0209495466093759,True,0.021110508247951375,0.0,True,6,0.24955442947245665,0.12488319167365465,0.12936167335990542,14000,24000,Windows-AMD64-py3.14.3,self-contained local validation harness; charged-time accounting is disclosed by timing_mode,5.0,5.0,16.0,5.0,0.9,fixed
minigrid-empty-5x5-fullyobs_robust-DLGPR_seed4,a6544fd,2026-06-01T21:49:41,4,robust-DLGPR,minigrid,MiniGrid/MiniGrid-Empty-5x5-v0/FullyObsWrapper,3.1.0,minigrid-empty-5x5-fullyobs,3,40.0,40.0,0.0,1.0,16.0,strict_rollout_equivalent_max,0.75,36.0,36.0,579.029000014998,579.029000014998,659.5598999992944,578.6924000713043,True,True,539.029000014998,rollout_normalized,rollout-equivalent unit,1.0,GA,5.0,36,5,3,1,1,5,5,0.0,0.0,0.0,0.5,-1,1,5,36.0,36.0,36.0,False,False,0.0,0.0,1.0209495466093759,True,0.01796540390678647,0.0,True,6,0.24492381413759473,0.117048498366085,0.12158263679956093,14000,24000,Windows-AMD64-py3.14.3,self-contained local validation harness; charged-time accounting is disclosed by timing_mode,5.0,5.0,16.0,5.0,0.9,fixed
minigrid-empty-5x5-fullyobs_robust-DLGPR_seed4,a6544fd,2026-06-01T21:49:41,4,robust-DLGPR,minigrid,MiniGrid/MiniGrid-Empty-5x5-v0/FullyObsWrapper,3.1.0,minigrid-empty-5x5-fullyobs,4,40.0,40.0,0.0,1.0,16.0,strict_rollout_equivalent_max,0.75,36.0,36.0,570.7120000151917,570.7120000151917,652.0116000319831,570.2985000098124,True,True,530.7120000151917,rollout_normalized,rollout-equivalent unit,1.0,GA,5.0,36,5,3,1,1,5,5,0.0,0.0,0.0,0.5,-1,1,5,36.0,36.0,36.0,False,False,0.0,0.0,1.0209495466093759,True,0.025309214430912785,0.0,True,6,0.24043980353778044,0.11053443815201015,0.1152171322030174,14000,24000,Windows-AMD64-py3.14.3,self-contained local validation harness; charged-time accounting is disclosed by timing_mode,5.0,5.0,16.0,5.0,0.9,fixed
minigrid-empty-5x5-fullyobs_robust-DLGPR_seed4,a6544fd,2026-06-01T21:49:41,4,robust-DLGPR,minigrid,MiniGrid/MiniGrid-Empty-5x5-v0/FullyObsWrapper,3.1.0,minigrid-empty-5x5-fullyobs,5,40.0,40.0,0.0,1.0,16.0,strict_rollout_equivalent_max,0.75,36.0,36.0,596.5627999976277,596.5627999976277,676.6293999971822,596.2177999899723,True,True,556.5627999976277,rollout_normalized,rollout-equivalent unit,1.0,GA,5.0,36,5,3,1,1,5,5,0.0,0.0,0.0,0.5,-1,1,5,36.0,36.0,36.0,False,False,0.0,0.0,1.0209495466093759,True,0.015210455490195684,0.0,True,6,0.23662040279392255,0.10506101091468965,0.1107303303096736,14000,24000,Windows-AMD64-py3.14.3,self-contained local validation harness; charged-time accounting is disclosed by timing_mode,5.0,5.0,16.0,5.0,0.9,fixed
minigrid-empty-5x5-fullyobs_robust-DLGPR_seed4,a6544fd,2026-06-01T21:49:41,4,robust-DLGPR,minigrid,MiniGrid/MiniGrid-Empty-5x5-v0/FullyObsWrapper,3.1.0,minigrid-empty-5x5-fullyobs,6,40.0,40.0,0.0,1.0,16.0,strict_rollout_equivalent_max,0.75,36.0,36.0,606.8996000103652,606.8996000103652,687.7472000196576,606.5764000522904,True,True,566.8996000103652,rollout_normalized,rollout-equivalent unit,1.0,GA,5.0,36,5,3,1,1,5,5,0.0,0.0,0.0,0.5,-1,1,5,36.0,36.0,36.0,False,False,0.0,0.0,1.0209495466093759,True,0.018575632818318158,0.0,True,6,0.23341326911126534,0.10039246492843877,0.10512845936994882,14000,24000,Windows-AMD64-py3.14.3,self-contained local validation harness; charged-time accounting is disclosed by timing_mode,5.0,5.0,16.0,5.0,0.9,fixed
minigrid-empty-5x5-fullyobs_robust-DLGPR_seed4,a6544fd,2026-06-01T21:49:41,4,robust-DLGPR,minigrid,MiniGrid/MiniGrid-Empty-5x5-v0/FullyObsWrapper,3.1.0,minigrid-empty-5x5-fullyobs,7,40.0,40.0,0.0,1.0,16.0,strict_rollout_equivalent_max,0.75,36.0,36.0,586.485099978745,586.485099978745,669.5003000204451,586.1284000566229,True,True,546.485099978745,rollout_normalized,rollout-equivalent unit,1.0,GA,5.0,36,5,3,1,1,5,5,0.0,0.0,0.0,0.5,-1,1,5,36.0,36.0,36.0,False,False,0.0,0.0,1.0209495466093759,True,0.016572447750449283,0.0,True,6,0.23069181481205536,0.09635315338254773,0.10056851817875606,14000,24000,Windows-AMD64-py3.14.3,self-contained local validation harness; charged-time accounting is disclosed by timing_mode,5.0,5.0,16.0,5.0,0.9,fixed
minigrid-empty-5x5-fullyobs_robust-DLGPR_seed4,a6544fd,2026-06-01T21:49:41,4,robust-DLGPR,minigrid,MiniGrid/MiniGrid-Empty-5x5-v0/FullyObsWrapper,3.1.0,minigrid-empty-5x5-fullyobs,8,40.0,40.0,0.0,1.0,16.0,strict_rollout_equivalent_max,0.75,36.0,36.0,589.1871000058018,589.1871000058018,670.0776999932714,588.8490000506863,True,True,549.1871000058018,rollout_normalized,rollout-equivalent unit,1.0,GA,5.0,36,5,3,1,1,5,5,0.0,0.0,0.0,0.5,-1,1,5,36.0,36.0,36.0,False,False,0.0,0.0,1.0209495466093759,True,0.0180715715826282,0.0,True,6,0.22834823751313052,0.09281402449037787,0.09698438757805901,14000,24000,Windows-AMD64-py3.14.3,self-contained local validation harness; charged-time accounting is disclosed by timing_mode,5.0,5.0,16.0,5.0,0.9,fixed
minigrid-empty-5x5-fullyobs_robust-DLGPR_seed4,a6544fd,2026-06-01T21:49:41,4,robust-DLGPR,minigrid,MiniGrid/MiniGrid-Empty-5x5-v0/FullyObsWrapper,3.1.0,minigrid-empty-5x5-fullyobs,9,40.0,40.0,0.0,1.0,16.0,strict_rollout_equivalent_max,0.75,36.0,36.0,608.0267999786884,608.0267999786884,690.3154000174254,607.6732999645174,True,True,568.0267999786884,rollout_normalized,rollout-equivalent unit,1.0,GA,5.0,36,5,3,1,1,5,5,0.0,0.0,0.0,0.5,-1,1,5,36.0,36.0,36.0,False,False,0.0,0.0,1.0209495466093759,True,0.020455421804455743,0.0,True,6,0.22630201284463258,0.08967926523110382,0.09383055311747084,14000,24000,Windows-AMD64-py3.14.3,self-contained local validation harness; charged-time accounting is disclosed by timing_mode,5.0,5.0,16.0,5.0,0.9,fixed
minigrid-empty-5x5-fullyobs_robust-DLGPR_seed4,a6544fd,2026-06-01T21:49:41,4,robust-DLGPR,minigrid,MiniGrid/MiniGrid-Empty-5x5-v0/FullyObsWrapper,3.1.0,minigrid-empty-5x5-fullyobs,10,40.0,40.0,0.0,1.0,16.0,strict_rollout_equivalent_max,0.75,36.0,36.0,598.2362999930046,598.2362999930046,679.218600038439,597.909800009802,True,True,558.2362999930046,rollout_normalized,rollout-equivalent unit,1.0,GA,5.0,36,5,3,1,1,5,5,0.0,0.0,0.0,0.5,-1,1,5,36.0,36.0,36.0,False,False,0.0,0.0,1.0209495466093759,True,0.015876148414396416,0.0,True,6,0.22449399788566196,0.08687654700854773,0.09072649561995035,14000,24000,Windows-AMD64-py3.14.3,self-contained local validation harness; charged-time accounting is disclosed by timing_mode,5.0,5.0,16.0,5.0,0.9,fixed
minigrid-empty-5x5-fullyobs_robust-DLGPR_seed4,a6544fd,2026-06-01T21:49:41,4,robust-DLGPR,minigrid,MiniGrid/MiniGrid-Empty-5x5-v0/FullyObsWrapper,3.1.0,minigrid-empty-5x5-fullyobs,11,40.0,40.0,0.0,1.0,16.0,strict_rollout_equivalent_max,0.75,36.0,36.0,605.6170000229031,605.6170000229031,686.8293999577872,605.2499999641441,True,True,565.6170000229031,rollout_normalized,rollout-equivalent unit,1.0,GA,5.0,36,5,3,1,1,5,5,0.0,0.0,0.0,0.5,-1,1,5,36.0,36.0,36.0,False,False,0.0,0.0,1.0209495466093759,True,0.023105247646867253,0.0,True,6,0.22288021312953094,0.08435030524950445,0.08867347385506594,14000,24000,Windows-AMD64-py3.14.3,self-contained local validation harness; charged-time accounting is disclosed by timing_mode,5.0,5.0,16.0,5.0,0.9,fixed
minigrid-empty-5x5-fullyobs_robust-DLGPR_seed5,a6544fd,2026-06-01T21:49:49,5,robust-DLGPR,minigrid,MiniGrid/MiniGrid-Empty-5x5-v0/FullyObsWrapper,3.1.0,minigrid-empty-5x5-fullyobs,0,40.0,40.0,0.0,1.0,16.0,strict_rollout_equivalent_max,0.75,36.0,36.0,588.2503999746405,588.2503999746405,671.7689000070095,587.9074000404216,True,True,548.2503999746405,rollout_normalized,rollout-equivalent unit,1.0,GA,5.0,36,5,3,1,1,5,5,0.0,0.0,0.0,0.5,-1,1,5,36.0,36.0,36.0,False,False,0.0,0.0,1.0294899926521737,True,0.018742049046878595,0.0,True,6,0.23335149962399537,0.1419763854618634,0.14539008532166606,15000,25000,Windows-AMD64-py3.14.3,self-contained local validation harness; charged-time accounting is disclosed by timing_mode,5.0,5.0,16.0,5.0,0.9,fixed
minigrid-empty-5x5-fullyobs_robust-DLGPR_seed5,a6544fd,2026-06-01T21:49:49,5,robust-DLGPR,minigrid,MiniGrid/MiniGrid-Empty-5x5-v0/FullyObsWrapper,3.1.0,minigrid-empty-5x5-fullyobs,1,40.0,40.0,0.0,1.0,16.0,strict_rollout_equivalent_max,0.75,36.0,36.0,535.5284999823198,535.5284999823198,559.0001000091434,535.189300077036,True,True,495.5284999823198,rollout_normalized,rollout-equivalent unit,1.0,GA,5.0,36,5,3,1,1,5,5,0.9549999999999998,0.9549999999999998,1.0,0.5,64,1,5,36.0,36.0,36.0,False,False,0.0,0.0,0.9658205900956571,True,0.018808922006355287,0.0,True,6,0.2811519815234391,0.13410523683282385,0.1401379057614246,15000,25000,Windows-AMD64-py3.14.3,self-contained local validation harness; charged-time accounting is disclosed by timing_mode,5.0,5.0,16.0,5.0,0.9,fixed
minigrid-empty-5x5-fullyobs_robust-DLGPR_seed5,a6544fd,2026-06-01T21:49:49,5,robust-DLGPR,minigrid,MiniGrid/MiniGrid-Empty-5x5-v0/FullyObsWrapper,3.1.0,minigrid-empty-5x5-fullyobs,2,40.0,40.0,0.0,1.0,16.0,strict_rollout_equivalent_max,0.75,36.0,36.0,614.2436000518501,614.2436000518501,637.1708999504335,613.9121999731287,True,True,574.2436000518501,rollout_normalized,rollout-equivalent unit,1.0,GA,5.0,36,5,3,1,1,5,5,0.9549999999999998,0.9549999999999998,1.0,0.5,64,1,5,36.0,36.0,36.0,False,False,0.0,0.0,0.9658205900956571,True,0.016803533564975125,0.0,True,6,0.25621421099919284,0.12488319167365465,0.1294669956360527,15000,25000,Windows-AMD64-py3.14.3,self-contained local validation harness; charged-time accounting is disclosed by timing_mode,5.0,5.0,16.0,5.0,0.9,fixed
minigrid-empty-5x5-fullyobs_robust-DLGPR_seed5,a6544fd,2026-06-01T21:49:49,5,robust-DLGPR,minigrid,MiniGrid/MiniGrid-Empty-5x5-v0/FullyObsWrapper,3.1.0,minigrid-empty-5x5-fullyobs,3,40.0,40.0,0.0,1.0,16.0,strict_rollout_equivalent_max,0.75,36.0,36.0,586.4175999886356,586.4175999886356,609.2964999843389,585.9691999503411,True,True,546.4175999886356,rollout_normalized,rollout-equivalent unit,1.0,GA,5.0,36,5,3,1,1,5,5,0.9549999999999998,0.9549999999999998,1.0,0.5,64,1,5,36.0,36.0,36.0,False,False,0.0,0.0,0.9658205900956571,True,0.02322202639658597,0.0,True,6,0.2421728470641036,0.117048498366085,0.12151267587109782,15000,25000,Windows-AMD64-py3.14.3,self-contained local validation harness; charged-time accounting is disclosed by timing_mode,5.0,5.0,16.0,5.0,0.9,fixed
minigrid-empty-5x5-fullyobs_robust-DLGPR_seed5,a6544fd,2026-06-01T21:49:49,5,robust-DLGPR,minigrid,MiniGrid/MiniGrid-Empty-5x5-v0/FullyObsWrapper,3.1.0,minigrid-empty-5x5-fullyobs,4,40.0,40.0,0.0,1.0,16.0,strict_rollout_equivalent_max,0.75,36.0,36.0,573.0656999512576,573.0656999512576,595.5754999886267,572.7292999508791,True,True,533.0656999512576,rollout_normalized,rollout-equivalent unit,1.0,GA,5.0,36,5,3,1,1,5,5,0.9549999999999998,0.9549999999999998,1.0,0.5,64,1,5,36.0,36.0,36.0,False,False,0.0,0.0,0.9658205900956571,True,0.02256726727708944,0.0,True,6,0.23384348440581498,0.11053443815201015,0.11469380929617383,15000,25000,Windows-AMD64-py3.14.3,self-contained local validation harness; charged-time accounting is disclosed by timing_mode,5.0,5.0,16.0,5.0,0.9,fixed
minigrid-empty-5x5-fullyobs_robust-DLGPR_seed5,a6544fd,2026-06-01T21:49:49,5,robust-DLGPR,minigrid,MiniGrid/MiniGrid-Empty-5x5-v0/FullyObsWrapper,3.1.0,minigrid-empty-5x5-fullyobs,5,40.0,40.0,0.0,1.0,16.0,strict_rollout_equivalent_max,0.75,36.0,36.0,579.5527000445873,579.5527000445873,604.8551999847405,579.1953999432735,True,True,539.5527000445873,rollout_normalized,rollout-equivalent unit,1.0,GA,5.0,36,5,3,1,1,5,5,0.9549999999999998,0.9549999999999998,1.0,0.5,64,1,5,36.0,36.0,36.0,False,False,0.0,0.0,0.9658205900956571,True,0.015860347229244807,0.0,True,6,0.22843144316879305,0.10506101091468965,0.11042834179316488,15000,25000,Windows-AMD64-py3.14.3,self-contained local validation harness; charged-time accounting is disclosed by timing_mode,5.0,5.0,16.0,5.0,0.9,fixed
minigrid-empty-5x5-fullyobs_robust-DLGPR_seed5,a6544fd,2026-06-01T21:49:49,5,robust-DLGPR,minigrid,MiniGrid/MiniGrid-Empty-5x5-v0/FullyObsWrapper,3.1.0,minigrid-empty-5x5-fullyobs,6,40.0,40.0,0.0,1.0,16.0,strict_rollout_equivalent_max,0.75,36.0,36.0,585.183400020469,585.183400020469,608.7687999824993,584.8584001068957,True,True,545.183400020469,rollout_normalized,rollout-equivalent unit,1.0,GA,5.0,36,5,3,1,1,5,5,0.9549999999999998,0.9549999999999998,1.0,0.5,64,1,5,36.0,36.0,36.0,False,False,0.0,0.0,0.9658205900956571,True,0.022610599438633992,0.0,True,6,0.22455944262747743,0.10039246492843877,0.10543596747849714,15000,25000,Windows-AMD64-py3.14.3,self-contained local validation harness; charged-time accounting is disclosed by timing_mode,5.0,5.0,16.0,5.0,0.9,fixed
minigrid-empty-5x5-fullyobs_robust-DLGPR_seed5,a6544fd,2026-06-01T21:49:49,5,robust-DLGPR,minigrid,MiniGrid/MiniGrid-Empty-5x5-v0/FullyObsWrapper,3.1.0,minigrid-empty-5x5-fullyobs,7,40.0,40.0,0.0,1.0,16.0,strict_rollout_equivalent_max,0.75,36.0,36.0,425.4198000417091,425.4198000417091,448.6541000078432,425.04680005367845,True,True,385.4198000417091,rollout_normalized,rollout-equivalent unit,1.0,GA,5.0,36,5,3,1,1,5,5,0.9549999999999998,0.9549999999999998,1.0,0.5,64,1,5,36.0,36.0,36.0,False,False,0.0,0.0,0.9228300385584279,True,0.011890730187547095,0.0,True,6,0.21685707390814335,0.09635315338254773,0.10009683403664024,15000,25000,Windows-AMD64-py3.14.3,self-contained local validation harness; charged-time accounting is disclosed by timing_mode,5.0,5.0,16.0,5.0,0.9,fixed
minigrid-empty-5x5-fullyobs_robust-DLGPR_seed5,a6544fd,2026-06-01T21:49:49,5,robust-DLGPR,minigrid,MiniGrid/MiniGrid-Empty-5x5-v0/FullyObsWrapper,3.1.0,minigrid-empty-5x5-fullyobs,8,40.0,40.0,0.0,1.0,16.0,strict_rollout_equivalent_max,0.75,36.0,36.0,390.41539997560903,390.41539997560903,415.5443999916315,390.06280002649873,True,True,350.41539997560903,rollout_normalized,rollout-equivalent unit,1.0,GA,5.0,36,5,3,1,1,5,5,0.9549999999999998,0.9549999999999998,1.0,0.5,64,1,5,36.0,36.0,36.0,False,False,0.0,0.0,0.7944626589335568,True,0.014688207334342129,0.0,True,6,0.19778422346226193,0.09281402449037787,0.09753459917037922,15000,25000,Windows-AMD64-py3.14.3,self-contained local validation harness; charged-time accounting is disclosed by timing_mode,5.0,5.0,16.0,5.0,0.9,fixed
minigrid-empty-5x5-fullyobs_robust-DLGPR_seed5,a6544fd,2026-06-01T21:49:49,5,robust-DLGPR,minigrid,MiniGrid/MiniGrid-Empty-5x5-v0/FullyObsWrapper,3.1.0,minigrid-empty-5x5-fullyobs,9,40.0,40.0,0.0,1.0,16.0,strict_rollout_equivalent_max,0.75,36.0,36.0,608.3415999892168,608.3415999892168,631.9138000253588,607.9812000389211,True,True,568.3415999892168,rollout_normalized,rollout-equivalent unit,1.0,GA,5.0,36,5,3,1,1,5,5,0.9549999999999998,0.9549999999999998,1.0,0.5,64,1,5,36.0,36.0,36.0,False,False,0.0,0.0,0.7944626589335568,True,0.020242110355439814,0.0,True,6,0.1898138801299538,0.08967926523110382,0.09344084775363078,15000,25000,Windows-AMD64-py3.14.3,self-contained local validation harness; charged-time accounting is disclosed by timing_mode,5.0,5.0,16.0,5.0,0.9,fixed
minigrid-empty-5x5-fullyobs_robust-DLGPR_seed5,a6544fd,2026-06-01T21:49:49,5,robust-DLGPR,minigrid,MiniGrid/MiniGrid-Empty-5x5-v0/FullyObsWrapper,3.1.0,minigrid-empty-5x5-fullyobs,10,40.0,40.0,0.0,1.0,16.0,strict_rollout_equivalent_max,0.75,36.0,36.0,609.6149000222795,609.6149000222795,632.7307000174187,609.25960005261,True,True,569.6149000222795,rollout_normalized,rollout-equivalent unit,1.0,GA,5.0,36,5,3,1,1,5,5,0.9549999999999998,0.9549999999999998,1.0,0.5,64,1,5,36.0,36.0,36.0,False,False,0.0,0.0,0.7944626589335568,True,0.01130027349819116,0.0,True,6,0.18659095527997843,0.08687654700854773,0.09001509561975433,15000,25000,Windows-AMD64-py3.14.3,self-contained local validation harness; charged-time accounting is disclosed by timing_mode,5.0,5.0,16.0,5.0,0.9,fixed
minigrid-empty-5x5-fullyobs_robust-DLGPR_seed5,a6544fd,2026-06-01T21:49:49,5,robust-DLGPR,minigrid,MiniGrid/MiniGrid-Empty-5x5-v0/FullyObsWrapper,3.1.0,minigrid-empty-5x5-fullyobs,11,40.0,40.0,0.0,1.0,16.0,strict_rollout_equivalent_max,0.75,36.0,36.0,602.3785999859683,602.3785999859683,625.1517999917269,602.0296000060625,True,True,562.3785999859683,rollout_normalized,rollout-equivalent unit,1.0,GA,5.0,36,5,3,1,1,5,5,0.9549999999999998,0.9549999999999998,1.0,0.5,64,1,5,36.0,36.0,36.0,False,False,0.0,0.0,0.7944626589335568,True,0.011139791605725336,0.0,True,6,0.1846375714525256,0.08435030524950445,0.08731870162973059,15000,25000,Windows-AMD64-py3.14.3,self-contained local validation harness; charged-time accounting is disclosed by timing_mode,5.0,5.0,16.0,5.0,0.9,fixed
minigrid-empty-5x5-fullyobs_robust-DLGPR_seed6,a6544fd,2026-06-01T21:49:57,6,robust-DLGPR,minigrid,MiniGrid/MiniGrid-Empty-5x5-v0/FullyObsWrapper,3.1.0,minigrid-empty-5x5-fullyobs,0,40.0,40.0,0.0,1.0,16.0,strict_rollout_equivalent_max,0.75,36.0,36.0,593.4162000194192,593.4162000194192,673.0938000255264,592.98439999111,True,True,553.4162000194192,rollout_normalized,rollout-equivalent unit,1.0,GA,5.0,36,5,3,1,1,5,5,0.0,0.0,0.0,0.5,-1,1,5,36.0,36.0,36.0,False,False,0.0,0.0,1.0548317900656055,True,0.01895899914051107,0.0,True,6,0.2366244026590797,0.1419763854618634,0.14762505058558528,16000,26000,Windows-AMD64-py3.14.3,self-contained local validation harness; charged-time accounting is disclosed by timing_mode,5.0,5.0,16.0,5.0,0.9,fixed
minigrid-empty-5x5-fullyobs_robust-DLGPR_seed6,a6544fd,2026-06-01T21:49:57,6,robust-DLGPR,minigrid,MiniGrid/MiniGrid-Empty-5x5-v0/FullyObsWrapper,3.1.0,minigrid-empty-5x5-fullyobs,1,40.0,40.0,0.0,1.0,16.0,strict_rollout_equivalent_max,0.75,36.0,36.0,626.9266000017524,626.9266000017524,702.9757000273094,626.5735001652502,True,True,586.9266000017524,rollout_normalized,rollout-equivalent unit,1.0,GA,5.0,36,5,3,1,1,5,5,0.0,0.0,0.0,0.5,-1,1,5,36.0,36.0,36.0,False,False,0.0,0.0,1.0548317900656055,True,0.022784530918899294,0.0,True,6,0.2563529006951009,0.13410523683282385,0.1389323512760635,16000,26000,Windows-AMD64-py3.14.3,self-contained local validation harness; charged-time accounting is disclosed by timing_mode,5.0,5.0,16.0,5.0,0.9,fixed
minigrid-empty-5x5-fullyobs_robust-DLGPR_seed6,a6544fd,2026-06-01T21:49:57,6,robust-DLGPR,minigrid,MiniGrid/MiniGrid-Empty-5x5-v0/FullyObsWrapper,3.1.0,minigrid-empty-5x5-fullyobs,2,40.0,40.0,0.0,1.0,16.0,strict_rollout_equivalent_max,0.75,36.0,36.0,602.4488999973983,602.4488999973983,677.7008000062779,602.0855999668129,True,True,562.4488999973983,rollout_normalized,rollout-equivalent unit,1.0,GA,5.0,36,5,3,1,1,5,5,0.0,0.0,0.0,0.5,-1,1,5,36.0,36.0,36.0,False,False,0.0,0.0,1.0548317900656055,True,0.022668258733607338,0.0,True,6,0.25521517980264935,0.12488319167365465,0.12965301601382542,16000,26000,Windows-AMD64-py3.14.3,self-contained local validation harness; charged-time accounting is disclosed by timing_mode,5.0,5.0,16.0,5.0,0.9,fixed
minigrid-empty-5x5-fullyobs_robust-DLGPR_seed6,a6544fd,2026-06-01T21:49:57,6,robust-DLGPR,minigrid,MiniGrid/MiniGrid-Empty-5x5-v0/FullyObsWrapper,3.1.0,minigrid-empty-5x5-fullyobs,3,40.0,40.0,0.0,1.0,16.0,strict_rollout_equivalent_max,0.75,36.0,36.0,600.7743999944068,600.7743999944068,675.9764000307769,600.4576000268571,True,True,560.7743999944068,rollout_normalized,rollout-equivalent unit,1.0,GA,5.0,36,5,3,1,1,5,5,0.0,0.0,0.0,0.5,-1,1,5,36.0,36.0,36.0,False,False,0.0,0.0,1.0548317900656055,True,0.02835792023052086,0.0,True,6,0.25064304170334,0.117048498366085,0.12375511954317686,16000,26000,Windows-AMD64-py3.14.3,self-contained local validation harness; charged-time accounting is disclosed by timing_mode,5.0,5.0,16.0,5.0,0.9,fixed
minigrid-empty-5x5-fullyobs_robust-DLGPR_seed6,a6544fd,2026-06-01T21:49:57,6,robust-DLGPR,minigrid,MiniGrid/MiniGrid-Empty-5x5-v0/FullyObsWrapper,3.1.0,minigrid-empty-5x5-fullyobs,4,40.0,40.0,0.0,1.0,16.0,strict_rollout_equivalent_max,0.75,36.0,36.0,587.6525999628939,587.6525999628939,663.4521000087261,587.3405000311323,True,True,547.6525999628939,rollout_normalized,rollout-equivalent unit,1.0,GA,5.0,36,5,3,1,1,5,5,0.0,0.0,0.0,0.5,-1,1,5,36.0,36.0,36.0,False,False,0.0,0.0,1.0548317900656055,True,0.02337391852756605,0.0,True,6,0.2461729080256344,0.11053443815201015,0.1159457876244246,16000,26000,Windows-AMD64-py3.14.3,self-contained local validation harness; charged-time accounting is disclosed by timing_mode,5.0,5.0,16.0,5.0,0.9,fixed
minigrid-empty-5x5-fullyobs_robust-DLGPR_seed6,a6544fd,2026-06-01T21:49:57,6,robust-DLGPR,minigrid,MiniGrid/MiniGrid-Empty-5x5-v0/FullyObsWrapper,3.1.0,minigrid-empty-5x5-fullyobs,5,40.0,40.0,0.0,1.0,16.0,strict_rollout_equivalent_max,0.75,36.0,36.0,585.4822000255808,585.4822000255808,664.468000002671,585.1082999724895,True,True,545.4822000255808,rollout_normalized,rollout-equivalent unit,1.0,GA,5.0,36,5,3,1,1,5,5,0.0,0.0,0.0,0.5,-1,1,5,36.0,36.0,36.0,False,False,0.0,0.0,1.0548317900656055,True,0.02051380295652656,0.0,True,6,0.242356800340441,0.10506101091468965,0.1095474118166928,16000,26000,Windows-AMD64-py3.14.3,self-contained local validation harness; charged-time accounting is disclosed by timing_mode,5.0,5.0,16.0,5.0,0.9,fixed
minigrid-empty-5x5-fullyobs_robust-DLGPR_seed6,a6544fd,2026-06-01T21:49:57,6,robust-DLGPR,minigrid,MiniGrid/MiniGrid-Empty-5x5-v0/FullyObsWrapper,3.1.0,minigrid-empty-5x5-fullyobs,6,40.0,40.0,0.0,1.0,16.0,strict_rollout_equivalent_max,0.75,36.0,36.0,606.5432999748737,606.5432999748737,682.1326999925077,606.1906999675557,True,True,566.5432999748737,rollout_normalized,rollout-equivalent unit,1.0,GA,5.0,36,5,3,1,1,5,5,0.0,0.0,0.0,0.5,-1,1,5,36.0,36.0,36.0,False,False,0.0,0.0,1.0548317900656055,True,0.01855452920303504,0.0,True,6,0.23915044811604108,0.10039246492843877,0.10456675897019621,16000,26000,Windows-AMD64-py3.14.3,self-contained local validation harness; charged-time accounting is disclosed by timing_mode,5.0,5.0,16.0,5.0,0.9,fixed
minigrid-empty-5x5-fullyobs_robust-DLGPR_seed6,a6544fd,2026-06-01T21:49:57,6,robust-DLGPR,minigrid,MiniGrid/MiniGrid-Empty-5x5-v0/FullyObsWrapper,3.1.0,minigrid-empty-5x5-fullyobs,7,40.0,40.0,0.0,1.0,16.0,strict_rollout_equivalent_max,0.75,36.0,36.0,602.1160999662243,602.1160999662243,678.5731000127271,601.7155000590719,True,True,562.1160999662243,rollout_normalized,rollout-equivalent unit,1.0,GA,5.0,36,5,3,1,1,5,5,0.0,0.0,0.0,0.5,-1,1,5,36.0,36.0,36.0,False,False,0.0,0.0,1.0548317900656055,True,0.020848566428562875,0.0,True,6,0.23642917926053864,0.09635315338254773,0.10028719210657958,16000,26000,Windows-AMD64-py3.14.3,self-contained local validation harness; charged-time accounting is disclosed by timing_mode,5.0,5.0,16.0,5.0,0.9,fixed
minigrid-empty-5x5-fullyobs_robust-DLGPR_seed6,a6544fd,2026-06-01T21:49:57,6,robust-DLGPR,minigrid,MiniGrid/MiniGrid-Empty-5x5-v0/FullyObsWrapper,3.1.0,minigrid-empty-5x5-fullyobs,8,40.0,40.0,0.0,1.0,16.0,strict_rollout_equivalent_max,0.75,36.0,36.0,588.9514000155032,588.9514000155032,666.0215000156313,588.5645999223925,True,True,548.9514000155032,rollout_normalized,rollout-equivalent unit,1.0,GA,5.0,36,5,3,1,1,5,5,0.0,0.0,0.0,0.5,-1,1,5,36.0,36.0,36.0,False,False,0.0,0.0,1.0548317900656055,True,0.020757004112498034,0.0,True,6,0.23408564596827486,0.09281402449037787,0.09868049679394378,16000,26000,Windows-AMD64-py3.14.3,self-contained local validation harness; charged-time accounting is disclosed by timing_mode,5.0,5.0,16.0,5.0,0.9,fixed
minigrid-empty-5x5-fullyobs_robust-DLGPR_seed6,a6544fd,2026-06-01T21:49:57,6,robust-DLGPR,minigrid,MiniGrid/MiniGrid-Empty-5x5-v0/FullyObsWrapper,3.1.0,minigrid-empty-5x5-fullyobs,9,40.0,40.0,0.0,1.0,16.0,strict_rollout_equivalent_max,0.75,36.0,36.0,571.5066000120714,571.5066000120714,647.4348999909125,571.15099998191,True,True,531.5066000120714,rollout_normalized,rollout-equivalent unit,1.0,GA,5.0,36,5,3,1,1,5,5,0.0,0.0,0.0,0.5,-1,1,5,36.0,36.0,36.0,False,False,0.0,0.0,1.0548317900656055,True,0.02358857216498009,0.0,True,6,0.23203943174276384,0.08967926523110382,0.09452841980464881,16000,26000,Windows-AMD64-py3.14.3,self-contained local validation harness; charged-time accounting is disclosed by timing_mode,5.0,5.0,16.0,5.0,0.9,fixed
minigrid-empty-5x5-fullyobs_robust-DLGPR_seed6,a6544fd,2026-06-01T21:49:57,6,robust-DLGPR,minigrid,MiniGrid/MiniGrid-Empty-5x5-v0/FullyObsWrapper,3.1.0,minigrid-empty-5x5-fullyobs,10,40.0,40.0,0.0,1.0,16.0,strict_rollout_equivalent_max,0.75,36.0,36.0,571.5049999998882,571.5049999998882,651.1231999611482,571.1419000872411,True,True,531.5049999998882,rollout_normalized,rollout-equivalent unit,1.0,GA,5.0,36,5,3,1,1,5,5,0.0,0.0,0.0,0.5,-1,1,5,36.0,36.0,36.0,False,False,0.0,0.0,1.0548317900656055,True,0.0228463930254482,0.0,True,6,0.230231419261963,0.08687654700854773,0.09142224537005404,16000,26000,Windows-AMD64-py3.14.3,self-contained local validation harness; charged-time accounting is disclosed by timing_mode,5.0,5.0,16.0,5.0,0.9,fixed
minigrid-empty-5x5-fullyobs_robust-DLGPR_seed6,a6544fd,2026-06-01T21:49:57,6,robust-DLGPR,minigrid,MiniGrid/MiniGrid-Empty-5x5-v0/FullyObsWrapper,3.1.0,minigrid-empty-5x5-fullyobs,11,40.0,40.0,0.0,1.0,16.0,strict_rollout_equivalent_max,0.75,36.0,36.0,580.2748999558389,580.2748999558389,658.059699984733,579.9311999580823,True,True,540.2748999558389,rollout_normalized,rollout-equivalent unit,1.0,GA,5.0,36,5,3,1,1,5,5,0.0,0.0,0.0,0.5,-1,1,5,36.0,36.0,36.0,False,False,0.0,0.0,1.0548317900656055,True,0.020417290215179042,0.0,True,6,0.22861763509391328,0.08435030524950445,0.08863393371789524,16000,26000,Windows-AMD64-py3.14.3,self-contained local validation harness; charged-time accounting is disclosed by timing_mode,5.0,5.0,16.0,5.0,0.9,fixed
minigrid-empty-5x5-fullyobs_robust-DLGPR_seed7,a6544fd,2026-06-01T21:50:05,7,robust-DLGPR,minigrid,MiniGrid/MiniGrid-Empty-5x5-v0/FullyObsWrapper,3.1.0,minigrid-empty-5x5-fullyobs,0,40.0,40.0,0.0,1.0,16.0,strict_rollout_equivalent_max,0.75,36.0,36.0,586.7954000132158,586.7954000132158,667.3049000091851,586.3880000542849,True,True,546.7954000132158,rollout_normalized,rollout-equivalent unit,1.0,GA,5.0,36,5,3,1,1,5,5,0.0,0.0,0.0,0.5,-1,1,5,36.0,36.0,36.0,False,False,0.0,0.0,0.999169189219458,True,0.025856774322893284,0.0,True,6,0.22943555601659632,0.1419763854618634,0.14585218313725612,17000,27000,Windows-AMD64-py3.14.3,self-contained local validation harness; charged-time accounting is disclosed by timing_mode,5.0,5.0,16.0,5.0,0.9,fixed
minigrid-empty-5x5-fullyobs_robust-DLGPR_seed7,a6544fd,2026-06-01T21:50:05,7,robust-DLGPR,minigrid,MiniGrid/MiniGrid-Empty-5x5-v0/FullyObsWrapper,3.1.0,minigrid-empty-5x5-fullyobs,1,40.0,40.0,0.0,1.0,16.0,strict_rollout_equivalent_max,0.75,36.0,36.0,590.8845000085421,590.8845000085421,671.0752000217326,590.5550000607036,True,True,550.8845000085421,rollout_normalized,rollout-equivalent unit,1.0,GA,5.0,36,5,3,1,1,5,5,0.0,0.0,0.0,0.5,-1,1,5,36.0,36.0,36.0,False,False,0.0,0.0,0.999169189219458,True,0.025725016058910373,0.0,True,6,0.24745810704663757,0.13410523683282385,0.13860230499831183,17000,27000,Windows-AMD64-py3.14.3,self-contained local validation harness; charged-time accounting is disclosed by timing_mode,5.0,5.0,16.0,5.0,0.9,fixed
minigrid-empty-5x5-fullyobs_robust-DLGPR_seed7,a6544fd,2026-06-01T21:50:05,7,robust-DLGPR,minigrid,MiniGrid/MiniGrid-Empty-5x5-v0/FullyObsWrapper,3.1.0,minigrid-empty-5x5-fullyobs,2,40.0,40.0,0.0,1.0,16.0,strict_rollout_equivalent_max,0.75,36.0,36.0,587.4890999984927,587.4890999984927,668.8336000079289,587.1374999987893,True,True,547.4890999984927,rollout_normalized,rollout-equivalent unit,1.0,GA,5.0,36,5,3,1,1,5,5,0.0,0.0,0.0,0.5,-1,1,5,36.0,36.0,36.0,False,False,0.0,0.0,0.999169189219458,True,0.023534838758113706,0.0,True,6,0.2459155569330404,0.12488319167365465,0.1295700875887479,17000,27000,Windows-AMD64-py3.14.3,self-contained local validation harness; charged-time accounting is disclosed by timing_mode,5.0,5.0,16.0,5.0,0.9,fixed
minigrid-empty-5x5-fullyobs_robust-DLGPR_seed7,a6544fd,2026-06-01T21:50:05,7,robust-DLGPR,minigrid,MiniGrid/MiniGrid-Empty-5x5-v0/FullyObsWrapper,3.1.0,minigrid-empty-5x5-fullyobs,3,40.0,40.0,0.0,1.0,16.0,strict_rollout_equivalent_max,0.75,36.0,36.0,601.5597000368871,601.5597000368871,680.5388000211678,601.2003998621367,True,True,561.5597000368871,rollout_normalized,rollout-equivalent unit,1.0,GA,5.0,36,5,3,1,1,5,5,0.0,0.0,0.0,0.5,-1,1,5,36.0,36.0,36.0,False,False,0.0,0.0,0.999169189219458,True,0.025827165190188506,0.0,True,6,0.2412473509619162,0.117048498366085,0.12197009285279822,17000,27000,Windows-AMD64-py3.14.3,self-contained local validation harness; charged-time accounting is disclosed by timing_mode,5.0,5.0,16.0,5.0,0.9,fixed
minigrid-empty-5x5-fullyobs_robust-DLGPR_seed7,a6544fd,2026-06-01T21:50:05,7,robust-DLGPR,minigrid,MiniGrid/MiniGrid-Empty-5x5-v0/FullyObsWrapper,3.1.0,minigrid-empty-5x5-fullyobs,4,40.0,40.0,0.0,1.0,16.0,strict_rollout_equivalent_max,0.75,36.0,36.0,615.6324000330642,615.6324000330642,695.4869999899529,615.2949999668635,True,True,575.6324000330642,rollout_normalized,rollout-equivalent unit,1.0,GA,5.0,36,5,3,1,1,5,5,0.0,0.0,0.0,0.5,-1,1,5,36.0,36.0,36.0,False,False,0.0,0.0,0.999169189219458,True,0.016990357068851394,0.0,True,6,0.2367544199279108,0.11053443815201015,0.11505458632388373,17000,27000,Windows-AMD64-py3.14.3,self-contained local validation harness; charged-time accounting is disclosed by timing_mode,5.0,5.0,16.0,5.0,0.9,fixed
minigrid-empty-5x5-fullyobs_robust-DLGPR_seed7,a6544fd,2026-06-01T21:50:05,7,robust-DLGPR,minigrid,MiniGrid/MiniGrid-Empty-5x5-v0/FullyObsWrapper,3.1.0,minigrid-empty-5x5-fullyobs,5,40.0,40.0,0.0,1.0,16.0,strict_rollout_equivalent_max,0.75,36.0,36.0,596.2852999800816,596.2852999800816,677.595199958887,595.948199974373,True,True,556.2852999800816,rollout_normalized,rollout-equivalent unit,1.0,GA,5.0,36,5,3,1,1,5,5,0.0,0.0,0.0,0.5,-1,1,5,36.0,36.0,36.0,False,False,0.0,0.0,0.999169189219458,True,0.02109752776871927,0.0,True,6,0.2329329023232048,0.10506101091468965,0.10938539921629951,17000,27000,Windows-AMD64-py3.14.3,self-contained local validation harness; charged-time accounting is disclosed by timing_mode,5.0,5.0,16.0,5.0,0.9,fixed
minigrid-empty-5x5-fullyobs_robust-DLGPR_seed7,a6544fd,2026-06-01T21:50:05,7,robust-DLGPR,minigrid,MiniGrid/MiniGrid-Empty-5x5-v0/FullyObsWrapper,3.1.0,minigrid-empty-5x5-fullyobs,6,40.0,40.0,0.0,1.0,16.0,strict_rollout_equivalent_max,0.75,36.0,36.0,601.3395999907516,601.3395999907516,681.6105000325479,600.9922999073751,True,True,561.3395999907516,rollout_normalized,rollout-equivalent unit,1.0,GA,5.0,36,5,3,1,1,5,5,0.0,0.0,0.0,0.5,-1,1,5,36.0,36.0,36.0,False,False,0.0,0.0,0.999169189219458,True,0.01979863821649408,0.0,True,6,0.22972526629954557,0.10039246492843877,0.10429706281997277,17000,27000,Windows-AMD64-py3.14.3,self-contained local validation harness; charged-time accounting is disclosed by timing_mode,5.0,5.0,16.0,5.0,0.9,fixed
minigrid-empty-5x5-fullyobs_robust-DLGPR_seed7,a6544fd,2026-06-01T21:50:05,7,robust-DLGPR,minigrid,MiniGrid/MiniGrid-Empty-5x5-v0/FullyObsWrapper,3.1.0,minigrid-empty-5x5-fullyobs,7,40.0,40.0,0.0,1.0,16.0,strict_rollout_equivalent_max,0.75,36.0,36.0,608.2978000049479,608.2978000049479,691.9134000199847,607.990900054574,True,True,568.2978000049479,rollout_normalized,rollout-equivalent unit,1.0,GA,5.0,36,5,3,1,1,5,5,0.0,0.0,0.0,0.5,-1,1,5,36.0,36.0,36.0,False,False,0.0,0.0,0.999169189219458,True,0.026248642847677497,0.0,True,6,0.22700369279246108,0.09635315338254773,0.1006778328190494,17000,27000,Windows-AMD64-py3.14.3,self-contained local validation harness; charged-time accounting is disclosed by timing_mode,5.0,5.0,16.0,5.0,0.9,fixed
minigrid-empty-5x5-fullyobs_robust-DLGPR_seed7,a6544fd,2026-06-01T21:50:05,7,robust-DLGPR,minigrid,MiniGrid/MiniGrid-Empty-5x5-v0/FullyObsWrapper,3.1.0,minigrid-empty-5x5-fullyobs,8,40.0,40.0,0.0,1.0,16.0,strict_rollout_equivalent_max,0.75,36.0,36.0,602.6976999710314,602.6976999710314,683.4222000325099,602.3372000781819,True,True,562.6976999710314,rollout_normalized,rollout-equivalent unit,1.0,GA,5.0,36,5,3,1,1,5,5,0.0,0.0,0.0,0.5,-1,1,5,36.0,36.0,36.0,False,False,0.0,0.0,0.999169189219458,True,0.025189177581145736,0.0,True,6,0.22466008720494882,0.09281402449037787,0.09906857132251358,17000,27000,Windows-AMD64-py3.14.3,self-contained local validation harness; charged-time accounting is disclosed by timing_mode,5.0,5.0,16.0,5.0,0.9,fixed
minigrid-empty-5x5-fullyobs_robust-DLGPR_seed7,a6544fd,2026-06-01T21:50:05,7,robust-DLGPR,minigrid,MiniGrid/MiniGrid-Empty-5x5-v0/FullyObsWrapper,3.1.0,minigrid-empty-5x5-fullyobs,9,40.0,40.0,0.0,1.0,16.0,strict_rollout_equivalent_max,0.75,36.0,36.0,600.5391999497078,600.5391999497078,680.7762999669649,600.1932000508532,True,True,560.5391999497078,rollout_normalized,rollout-equivalent unit,1.0,GA,5.0,36,5,3,1,1,5,5,0.0,0.0,0.0,0.5,-1,1,5,36.0,36.0,36.0,False,False,0.0,0.0,0.999169189219458,True,0.020702655475366604,0.0,True,6,0.22261385582343649,0.08967926523110382,0.09460401039541663,17000,27000,Windows-AMD64-py3.14.3,self-contained local validation harness; charged-time accounting is disclosed by timing_mode,5.0,5.0,16.0,5.0,0.9,fixed
minigrid-empty-5x5-fullyobs_robust-DLGPR_seed7,a6544fd,2026-06-01T21:50:05,7,robust-DLGPR,minigrid,MiniGrid/MiniGrid-Empty-5x5-v0/FullyObsWrapper,3.1.0,minigrid-empty-5x5-fullyobs,10,40.0,40.0,0.0,1.0,16.0,strict_rollout_equivalent_max,0.75,36.0,36.0,597.6734000141732,597.6734000141732,679.2855000239797,597.3561000428163,True,True,557.6734000141732,rollout_normalized,rollout-equivalent unit,1.0,GA,5.0,36,5,3,1,1,5,5,0.0,0.0,0.0,0.5,-1,1,5,36.0,36.0,36.0,False,False,0.0,0.0,0.999169189219458,True,0.022059907726587103,0.0,True,6,0.22080583927143613,0.08687654700854773,0.09127074481813924,17000,27000,Windows-AMD64-py3.14.3,self-contained local validation harness; charged-time accounting is disclosed by timing_mode,5.0,5.0,16.0,5.0,0.9,fixed
minigrid-empty-5x5-fullyobs_robust-DLGPR_seed7,a6544fd,2026-06-01T21:50:05,7,robust-DLGPR,minigrid,MiniGrid/MiniGrid-Empty-5x5-v0/FullyObsWrapper,3.1.0,minigrid-empty-5x5-fullyobs,11,40.0,40.0,0.0,1.0,16.0,strict_rollout_equivalent_max,0.75,36.0,36.0,602.9625000082888,602.9625000082888,683.5690000443719,602.6419999543577,True,True,562.9625000082888,rollout_normalized,rollout-equivalent unit,1.0,GA,5.0,36,5,3,1,1,5,5,0.0,0.0,0.0,0.5,-1,1,5,36.0,36.0,36.0,False,False,0.0,0.0,0.999169189219458,True,0.017594777013574793,0.0,True,6,0.21919205413727164,0.08435030524950445,0.08872479717991649,17000,27000,Windows-AMD64-py3.14.3,self-contained local validation harness; charged-time accounting is disclosed by timing_mode,5.0,5.0,16.0,5.0,0.9,fixed
minigrid-empty-5x5-fullyobs_robust-DLGPR_seed8,a6544fd,2026-06-01T21:50:14,8,robust-DLGPR,minigrid,MiniGrid/MiniGrid-Empty-5x5-v0/FullyObsWrapper,3.1.0,minigrid-empty-5x5-fullyobs,0,40.0,40.0,0.0,1.0,16.0,strict_rollout_equivalent_max,0.75,36.0,36.0,607.9311000066809,607.9311000066809,683.295700000599,607.5462999287993,True,True,567.9311000066809,rollout_normalized,rollout-equivalent unit,1.0,GA,5.0,36,5,3,1,1,5,5,0.0,0.0,0.0,0.5,-1,1,5,36.0,36.0,36.0,False,False,0.0,0.0,1.0258790242339384,True,0.018816839687460885,0.0,True,6,0.23288514164224577,0.1419763854618634,0.14537266693921122,18000,28000,Windows-AMD64-py3.14.3,self-contained local validation harness; charged-time accounting is disclosed by timing_mode,5.0,5.0,16.0,5.0,0.9,fixed
minigrid-empty-5x5-fullyobs_robust-DLGPR_seed8,a6544fd,2026-06-01T21:50:14,8,robust-DLGPR,minigrid,MiniGrid/MiniGrid-Empty-5x5-v0/FullyObsWrapper,3.1.0,minigrid-empty-5x5-fullyobs,1,40.0,40.0,0.0,1.0,16.0,strict_rollout_equivalent_max,0.75,36.0,36.0,590.1585000101477,590.1585000101477,665.5048999818973,589.7914000088349,True,True,550.1585000101477,rollout_normalized,rollout-equivalent unit,1.0,GA,5.0,36,5,3,1,1,5,5,0.0,0.0,0.0,0.5,-1,1,5,36.0,36.0,36.0,False,False,0.0,0.0,1.0258790242339384,True,0.026865561811118432,0.0,True,6,0.2517262955111862,0.13410523683282385,0.1389231738621353,18000,28000,Windows-AMD64-py3.14.3,self-contained local validation harness; charged-time accounting is disclosed by timing_mode,5.0,5.0,16.0,5.0,0.9,fixed
minigrid-empty-5x5-fullyobs_robust-DLGPR_seed8,a6544fd,2026-06-01T21:50:14,8,robust-DLGPR,minigrid,MiniGrid/MiniGrid-Empty-5x5-v0/FullyObsWrapper,3.1.0,minigrid-empty-5x5-fullyobs,2,40.0,40.0,0.0,1.0,16.0,strict_rollout_equivalent_max,0.75,36.0,36.0,589.2344000167213,589.2344000167213,664.9825999629684,588.8701999792829,True,True,549.2344000167213,rollout_normalized,rollout-equivalent unit,1.0,GA,5.0,36,5,3,1,1,5,5,0.0,0.0,0.0,0.5,-1,1,5,36.0,36.0,36.0,False,False,0.0,0.0,1.0258790242339384,True,0.01748999894425074,0.0,True,6,0.2503780036884606,0.12488319167365465,0.12911626461537817,18000,28000,Windows-AMD64-py3.14.3,self-contained local validation harness; charged-time accounting is disclosed by timing_mode,5.0,5.0,16.0,5.0,0.9,fixed
minigrid-empty-5x5-fullyobs_robust-DLGPR_seed8,a6544fd,2026-06-01T21:50:14,8,robust-DLGPR,minigrid,MiniGrid/MiniGrid-Empty-5x5-v0/FullyObsWrapper,3.1.0,minigrid-empty-5x5-fullyobs,3,40.0,40.0,0.0,1.0,16.0,strict_rollout_equivalent_max,0.75,36.0,36.0,615.7997999689542,615.7997999689542,692.0440000249073,615.4586999909952,True,True,575.7997999689542,rollout_normalized,rollout-equivalent unit,1.0,GA,5.0,36,5,3,1,1,5,5,0.0,0.0,0.0,0.5,-1,1,5,36.0,36.0,36.0,False,False,0.0,0.0,1.0258790242339384,True,0.019113449829748764,0.0,True,6,0.24575589612034607,0.117048498366085,0.12107361801394499,18000,28000,Windows-AMD64-py3.14.3,self-contained local validation harness; charged-time accounting is disclosed by timing_mode,5.0,5.0,16.0,5.0,0.9,fixed
minigrid-empty-5x5-fullyobs_robust-DLGPR_seed8,a6544fd,2026-06-01T21:50:14,8,robust-DLGPR,minigrid,MiniGrid/MiniGrid-Empty-5x5-v0/FullyObsWrapper,3.1.0,minigrid-empty-5x5-fullyobs,4,40.0,40.0,0.0,1.0,16.0,strict_rollout_equivalent_max,0.75,36.0,36.0,601.6015999484807,601.6015999484807,680.0082999980077,601.2474000453949,True,True,561.6015999484807,rollout_normalized,rollout-equivalent unit,1.0,GA,5.0,36,5,3,1,1,5,5,0.0,0.0,0.0,0.5,-1,1,5,36.0,36.0,36.0,False,False,0.0,0.0,1.0258790242339384,True,0.018438770998604248,0.0,True,6,0.24127390445346103,0.11053443815201015,0.11447244930952494,18000,28000,Windows-AMD64-py3.14.3,self-contained local validation harness; charged-time accounting is disclosed by timing_mode,5.0,5.0,16.0,5.0,0.9,fixed
minigrid-empty-5x5-fullyobs_robust-DLGPR_seed8,a6544fd,2026-06-01T21:50:14,8,robust-DLGPR,minigrid,MiniGrid/MiniGrid-Empty-5x5-v0/FullyObsWrapper,3.1.0,minigrid-empty-5x5-fullyobs,5,40.0,40.0,0.0,1.0,16.0,strict_rollout_equivalent_max,0.75,36.0,36.0,620.6261999905109,620.6261999905109,697.9671000153758,620.29429996619,True,True,580.6261999905109,rollout_normalized,rollout-equivalent unit,1.0,GA,5.0,36,5,3,1,1,5,5,0.0,0.0,0.0,0.5,-1,1,5,36.0,36.0,36.0,False,False,0.0,0.0,1.0258790242339384,True,0.018903328373999974,0.0,True,6,0.237454982811851,0.10506101091468965,0.10914143095772709,18000,28000,Windows-AMD64-py3.14.3,self-contained local validation harness; charged-time accounting is disclosed by timing_mode,5.0,5.0,16.0,5.0,0.9,fixed
minigrid-empty-5x5-fullyobs_robust-DLGPR_seed8,a6544fd,2026-06-01T21:50:14,8,robust-DLGPR,minigrid,MiniGrid/MiniGrid-Empty-5x5-v0/FullyObsWrapper,3.1.0,minigrid-empty-5x5-fullyobs,6,40.0,40.0,0.0,1.0,16.0,strict_rollout_equivalent_max,0.75,36.0,36.0,613.7420000159182,613.7420000159182,688.6963999713771,613.418199995067,True,True,573.7420000159182,rollout_normalized,rollout-equivalent unit,1.0,GA,5.0,36,5,3,1,1,5,5,0.0,0.0,0.0,0.5,-1,1,5,36.0,36.0,36.0,False,False,0.0,0.0,1.0258790242339384,True,0.0178755566074388,0.0,True,6,0.23424796282240307,0.10039246492843877,0.10409883337498797,18000,28000,Windows-AMD64-py3.14.3,self-contained local validation harness; charged-time accounting is disclosed by timing_mode,5.0,5.0,16.0,5.0,0.9,fixed
minigrid-empty-5x5-fullyobs_robust-DLGPR_seed8,a6544fd,2026-06-01T21:50:14,8,robust-DLGPR,minigrid,MiniGrid/MiniGrid-Empty-5x5-v0/FullyObsWrapper,3.1.0,minigrid-empty-5x5-fullyobs,7,40.0,40.0,0.0,1.0,16.0,strict_rollout_equivalent_max,0.75,36.0,36.0,603.7798000033945,603.7798000033945,679.4045999995433,603.4060000674799,True,True,563.7798000033945,rollout_normalized,rollout-equivalent unit,1.0,GA,5.0,36,5,3,1,1,5,5,0.0,0.0,0.0,0.5,-1,1,5,36.0,36.0,36.0,False,False,0.0,0.0,1.0258790242339384,True,0.02214702345616999,0.0,True,6,0.23152653550312452,0.09635315338254773,0.10080206892293919,18000,28000,Windows-AMD64-py3.14.3,self-contained local validation harness; charged-time accounting is disclosed by timing_mode,5.0,5.0,16.0,5.0,0.9,fixed
minigrid-empty-5x5-fullyobs_robust-DLGPR_seed8,a6544fd,2026-06-01T21:50:14,8,robust-DLGPR,minigrid,MiniGrid/MiniGrid-Empty-5x5-v0/FullyObsWrapper,3.1.0,minigrid-empty-5x5-fullyobs,8,40.0,40.0,0.0,1.0,16.0,strict_rollout_equivalent_max,0.75,36.0,36.0,615.6270999927074,615.6270999927074,691.3708000211045,615.2968000387773,True,True,575.6270999927074,rollout_normalized,rollout-equivalent unit,1.0,GA,5.0,36,5,3,1,1,5,5,0.0,0.0,0.0,0.5,-1,1,5,36.0,36.0,36.0,False,False,0.0,0.0,1.0258790242339384,True,0.024604143992130824,0.0,True,6,0.22918296460666393,0.09281402449037787,0.09726745204699477,18000,28000,Windows-AMD64-py3.14.3,self-contained local validation harness; charged-time accounting is disclosed by timing_mode,5.0,5.0,16.0,5.0,0.9,fixed
minigrid-empty-5x5-fullyobs_robust-DLGPR_seed8,a6544fd,2026-06-01T21:50:14,8,robust-DLGPR,minigrid,MiniGrid/MiniGrid-Empty-5x5-v0/FullyObsWrapper,3.1.0,minigrid-empty-5x5-fullyobs,9,40.0,40.0,0.0,1.0,16.0,strict_rollout_equivalent_max,0.75,36.0,36.0,604.0994999930263,604.0994999930263,685.7656000065617,603.7430999567732,True,True,564.0994999930263,rollout_normalized,rollout-equivalent unit,1.0,GA,5.0,36,5,3,1,1,5,5,0.0,0.0,0.0,0.5,-1,1,5,36.0,36.0,36.0,False,False,0.0,0.0,1.0258790242339384,True,0.019791442589047567,0.0,True,6,0.22713674145750073,0.08967926523110382,0.09391274672907338,18000,28000,Windows-AMD64-py3.14.3,self-contained local validation harness; charged-time accounting is disclosed by timing_mode,5.0,5.0,16.0,5.0,0.9,fixed
minigrid-empty-5x5-fullyobs_robust-DLGPR_seed8,a6544fd,2026-06-01T21:50:14,8,robust-DLGPR,minigrid,MiniGrid/MiniGrid-Empty-5x5-v0/FullyObsWrapper,3.1.0,minigrid-empty-5x5-fullyobs,10,40.0,40.0,0.0,1.0,16.0,strict_rollout_equivalent_max,0.75,36.0,36.0,600.4491999628954,600.4491999628954,676.6776000149548,599.997200013604,True,True,560.4491999628954,rollout_normalized,rollout-equivalent unit,1.0,GA,5.0,36,5,3,1,1,5,5,0.0,0.0,0.0,0.5,-1,1,5,36.0,36.0,36.0,False,False,0.0,0.0,1.0258790242339384,True,0.01893399676172356,0.0,True,6,0.22532872685907543,0.08687654700854773,0.09276711921525001,18000,28000,Windows-AMD64-py3.14.3,self-contained local validation harness; charged-time accounting is disclosed by timing_mode,5.0,5.0,16.0,5.0,0.9,fixed
minigrid-empty-5x5-fullyobs_robust-DLGPR_seed8,a6544fd,2026-06-01T21:50:14,8,robust-DLGPR,minigrid,MiniGrid/MiniGrid-Empty-5x5-v0/FullyObsWrapper,3.1.0,minigrid-empty-5x5-fullyobs,11,40.0,40.0,0.0,1.0,16.0,strict_rollout_equivalent_max,0.75,36.0,36.0,590.5942000099458,590.5942000099458,666.0853000357747,590.222500031814,True,True,550.5942000099458,rollout_normalized,rollout-equivalent unit,1.0,GA,5.0,36,5,3,1,1,5,5,0.0,0.0,0.0,0.5,-1,1,5,36.0,36.0,36.0,False,False,0.0,0.0,1.0258790242339384,True,0.021325342068482377,0.0,True,6,0.2237149421885035,0.08435030524950445,0.0889660733514858,18000,28000,Windows-AMD64-py3.14.3,self-contained local validation harness; charged-time accounting is disclosed by timing_mode,5.0,5.0,16.0,5.0,0.9,fixed
minigrid-empty-5x5-fullyobs_robust-DLGPR_seed9,a6544fd,2026-06-01T21:50:23,9,robust-DLGPR,minigrid,MiniGrid/MiniGrid-Empty-5x5-v0/FullyObsWrapper,3.1.0,minigrid-empty-5x5-fullyobs,0,40.0,40.0,0.0,1.0,16.0,strict_rollout_equivalent_max,0.75,36.0,36.0,620.1830999925733,620.1830999925733,696.1158999474719,619.7964999591932,True,True,580.1830999925733,rollout_normalized,rollout-equivalent unit,1.0,GA,5.0,36,5,3,1,1,5,5,0.0,0.0,0.0,0.5,-1,1,5,36.0,36.0,36.0,False,False,0.0,0.0,1.0885950813006595,True,0.02664249843716595,0.0,True,6,0.24098494491087258,0.1419763854618634,0.14615074387171406,19000,29000,Windows-AMD64-py3.14.3,self-contained local validation harness; charged-time accounting is disclosed by timing_mode,5.0,5.0,16.0,5.0,0.9,fixed
minigrid-empty-5x5-fullyobs_robust-DLGPR_seed9,a6544fd,2026-06-01T21:50:23,9,robust-DLGPR,minigrid,MiniGrid/MiniGrid-Empty-5x5-v0/FullyObsWrapper,3.1.0,minigrid-empty-5x5-fullyobs,1,40.0,40.0,0.0,1.0,16.0,strict_rollout_equivalent_max,0.75,36.0,36.0,586.3984000170603,586.3984000170603,665.9699999727309,586.0509999911301,True,True,546.3984000170603,rollout_normalized,rollout-equivalent unit,1.0,GA,5.0,36,5,3,1,1,5,5,0.0,0.0,0.0,0.5,-1,1,5,36.0,36.0,36.0,False,False,0.0,0.0,1.0885950813006595,True,0.021589926778062284,0.0,True,6,0.261748220063286,0.13410523683282385,0.1409555765293912,19000,29000,Windows-AMD64-py3.14.3,self-contained local validation harness; charged-time accounting is disclosed by timing_mode,5.0,5.0,16.0,5.0,0.9,fixed
minigrid-empty-5x5-fullyobs_robust-DLGPR_seed9,a6544fd,2026-06-01T21:50:23,9,robust-DLGPR,minigrid,MiniGrid/MiniGrid-Empty-5x5-v0/FullyObsWrapper,3.1.0,minigrid-empty-5x5-fullyobs,2,40.0,40.0,0.0,1.0,16.0,strict_rollout_equivalent_max,0.75,36.0,36.0,606.3271000166424,606.3271000166424,681.6860000253655,605.9986999607645,True,True,566.3271000166424,rollout_normalized,rollout-equivalent unit,1.0,GA,5.0,36,5,3,1,1,5,5,0.0,0.0,0.0,0.5,-1,1,5,36.0,36.0,36.0,False,False,0.0,0.0,1.0885950813006595,True,0.02225005229754773,0.0,True,6,0.2608560566310721,0.12488319167365465,0.1299440262581676,19000,29000,Windows-AMD64-py3.14.3,self-contained local validation harness; charged-time accounting is disclosed by timing_mode,5.0,5.0,16.0,5.0,0.9,fixed
minigrid-empty-5x5-fullyobs_robust-DLGPR_seed9,a6544fd,2026-06-01T21:50:23,9,robust-DLGPR,minigrid,MiniGrid/MiniGrid-Empty-5x5-v0/FullyObsWrapper,3.1.0,minigrid-empty-5x5-fullyobs,3,40.0,40.0,0.0,1.0,16.0,strict_rollout_equivalent_max,0.75,36.0,36.0,599.8224999639206,599.8224999639206,674.9380000401288,599.4755999417976,True,True,559.8224999639206,rollout_normalized,rollout-equivalent unit,1.0,GA,5.0,36,5,3,1,1,5,5,0.0,0.0,0.0,0.5,-1,1,5,36.0,36.0,36.0,False,False,0.0,0.0,1.0885950813006595,True,0.02190882120519415,0.0,True,6,0.25634219046812773,0.117048498366085,0.1233245962630593,19000,29000,Windows-AMD64-py3.14.3,self-contained local validation harness; charged-time accounting is disclosed by timing_mode,5.0,5.0,16.0,5.0,0.9,fixed
minigrid-empty-5x5-fullyobs_robust-DLGPR_seed9,a6544fd,2026-06-01T21:50:23,9,robust-DLGPR,minigrid,MiniGrid/MiniGrid-Empty-5x5-v0/FullyObsWrapper,3.1.0,minigrid-empty-5x5-fullyobs,4,40.0,40.0,0.0,1.0,16.0,strict_rollout_equivalent_max,0.75,36.0,36.0,614.7786999936216,614.7786999936216,690.2238000184298,614.43189997226,True,True,574.7786999936216,rollout_normalized,rollout-equivalent unit,1.0,GA,5.0,36,5,3,1,1,5,5,0.0,0.0,0.0,0.5,-1,1,5,36.0,36.0,36.0,False,False,0.0,0.0,1.0885950813006595,True,0.018234545903886446,0.0,True,6,0.2518858849940712,0.11053443815201015,0.11563945217863444,19000,29000,Windows-AMD64-py3.14.3,self-contained local validation harness; charged-time accounting is disclosed by timing_mode,5.0,5.0,16.0,5.0,0.9,fixed
minigrid-empty-5x5-fullyobs_robust-DLGPR_seed9,a6544fd,2026-06-01T21:50:23,9,robust-DLGPR,minigrid,MiniGrid/MiniGrid-Empty-5x5-v0/FullyObsWrapper,3.1.0,minigrid-empty-5x5-fullyobs,5,40.0,40.0,0.0,1.0,16.0,strict_rollout_equivalent_max,0.75,36.0,36.0,618.807699996978,618.807699996978,694.5927000488155,618.4626000467688,True,True,578.807699996978,rollout_normalized,rollout-equivalent unit,1.0,GA,5.0,36,5,3,1,1,5,5,0.0,0.0,0.0,0.5,-1,1,5,36.0,36.0,36.0,False,False,0.0,0.0,1.0885950813006595,True,0.02046115291736754,0.0,True,6,0.24807305880642344,0.10506101091468965,0.11106388823234817,19000,29000,Windows-AMD64-py3.14.3,self-contained local validation harness; charged-time accounting is disclosed by timing_mode,5.0,5.0,16.0,5.0,0.9,fixed
minigrid-empty-5x5-fullyobs_robust-DLGPR_seed9,a6544fd,2026-06-01T21:50:23,9,robust-DLGPR,minigrid,MiniGrid/MiniGrid-Empty-5x5-v0/FullyObsWrapper,3.1.0,minigrid-empty-5x5-fullyobs,6,40.0,40.0,0.0,1.0,16.0,strict_rollout_equivalent_max,0.75,36.0,36.0,594.8982000118122,594.8982000118122,676.2026000069454,594.5741000468843,True,True,554.8982000118122,rollout_normalized,rollout-equivalent unit,1.0,GA,5.0,36,5,3,1,1,5,5,0.0,0.0,0.0,0.5,-1,1,5,36.0,36.0,36.0,False,False,0.0,0.0,1.0885950813006595,True,0.021202532291070764,0.0,True,6,0.24486748529677316,0.10039246492843877,0.10514823938094466,19000,29000,Windows-AMD64-py3.14.3,self-contained local validation harness; charged-time accounting is disclosed by timing_mode,5.0,5.0,16.0,5.0,0.9,fixed
minigrid-empty-5x5-fullyobs_robust-DLGPR_seed9,a6544fd,2026-06-01T21:50:23,9,robust-DLGPR,minigrid,MiniGrid/MiniGrid-Empty-5x5-v0/FullyObsWrapper,3.1.0,minigrid-empty-5x5-fullyobs,7,40.0,40.0,0.0,1.0,16.0,strict_rollout_equivalent_max,0.75,36.0,36.0,613.8496000203304,613.8496000203304,690.5426000012085,613.4827000205405,True,True,573.8496000203304,rollout_normalized,rollout-equivalent unit,1.0,GA,5.0,36,5,3,1,1,5,5,0.0,0.0,0.0,0.5,-1,1,5,36.0,36.0,36.0,False,False,0.0,0.0,1.0885950813006595,True,0.020854464499696503,0.0,True,6,0.242146401233931,0.09635315338254773,0.10070348702041998,19000,29000,Windows-AMD64-py3.14.3,self-contained local validation harness; charged-time accounting is disclosed by timing_mode,5.0,5.0,16.0,5.0,0.9,fixed
minigrid-empty-5x5-fullyobs_robust-DLGPR_seed9,a6544fd,2026-06-01T21:50:23,9,robust-DLGPR,minigrid,MiniGrid/MiniGrid-Empty-5x5-v0/FullyObsWrapper,3.1.0,minigrid-empty-5x5-fullyobs,8,40.0,40.0,0.0,1.0,16.0,strict_rollout_equivalent_max,0.75,36.0,36.0,604.3248000205494,604.3248000205494,680.5432999972254,603.9327999460511,True,True,564.3248000205494,rollout_normalized,rollout-equivalent unit,1.0,GA,5.0,36,5,3,1,1,5,5,0.0,0.0,0.0,0.5,-1,1,5,36.0,36.0,36.0,False,False,0.0,0.0,1.0885950813006595,True,0.018843184584375908,0.0,True,6,0.23980291179383173,0.09281402449037787,0.09649535483611528,19000,29000,Windows-AMD64-py3.14.3,self-contained local validation harness; charged-time accounting is disclosed by timing_mode,5.0,5.0,16.0,5.0,0.9,fixed
minigrid-empty-5x5-fullyobs_robust-DLGPR_seed9,a6544fd,2026-06-01T21:50:23,9,robust-DLGPR,minigrid,MiniGrid/MiniGrid-Empty-5x5-v0/FullyObsWrapper,3.1.0,minigrid-empty-5x5-fullyobs,9,40.0,40.0,0.0,1.0,16.0,strict_rollout_equivalent_max,0.75,36.0,36.0,605.6840000092052,605.6840000092052,681.5294999978505,605.3476000088267,True,True,565.6840000092052,rollout_normalized,rollout-equivalent unit,1.0,GA,5.0,36,5,3,1,1,5,5,0.0,0.0,0.0,0.5,-1,1,5,36.0,36.0,36.0,False,False,0.0,0.0,1.0885950813006595,True,0.01745556329113702,0.0,True,6,0.23775670797464493,0.08967926523110382,0.09349157026737727,19000,29000,Windows-AMD64-py3.14.3,self-contained local validation harness; charged-time accounting is disclosed by timing_mode,5.0,5.0,16.0,5.0,0.9,fixed
minigrid-empty-5x5-fullyobs_robust-DLGPR_seed9,a6544fd,2026-06-01T21:50:23,9,robust-DLGPR,minigrid,MiniGrid/MiniGrid-Empty-5x5-v0/FullyObsWrapper,3.1.0,minigrid-empty-5x5-fullyobs,10,40.0,40.0,0.0,1.0,16.0,strict_rollout_equivalent_max,0.75,36.0,36.0,619.089400046505,619.089400046505,694.3364999606274,618.7005000538193,True,True,579.089400046505,rollout_normalized,rollout-equivalent unit,1.0,GA,5.0,36,5,3,1,1,5,5,0.0,0.0,0.0,0.5,-1,1,5,36.0,36.0,36.0,False,False,0.0,0.0,1.0885950813006595,True,0.020475990817516276,0.0,True,6,0.2359486979633136,0.08687654700854773,0.09089747018929281,19000,29000,Windows-AMD64-py3.14.3,self-contained local validation harness; charged-time accounting is disclosed by timing_mode,5.0,5.0,16.0,5.0,0.9,fixed
minigrid-empty-5x5-fullyobs_robust-DLGPR_seed9,a6544fd,2026-06-01T21:50:23,9,robust-DLGPR,minigrid,MiniGrid/MiniGrid-Empty-5x5-v0/FullyObsWrapper,3.1.0,minigrid-empty-5x5-fullyobs,11,40.0,40.0,0.0,1.0,16.0,strict_rollout_equivalent_max,0.75,36.0,36.0,600.6340000312775,600.6340000312775,679.3651999905705,600.2978999749757,True,True,560.6340000312775,rollout_normalized,rollout-equivalent unit,1.0,GA,5.0,36,5,3,1,1,5,5,0.0,0.0,0.0,0.5,-1,1,5,36.0,36.0,36.0,False,False,0.0,0.0,1.0885950813006595,True,0.01341090176665425,0.0,True,6,0.2343349143812806,0.08435030524950445,0.08786362492975712,19000,29000,Windows-AMD64-py3.14.3,self-contained local validation harness; charged-time accounting is disclosed by timing_mode,5.0,5.0,16.0,5.0,0.9,fixed
minigrid-empty-5x5-fullyobs_robust-near-elite-DLGPR_seed0,a6544fd,2026-06-01T21:50:31,0,robust-near-elite-DLGPR,minigrid,MiniGrid/MiniGrid-Empty-5x5-v0/FullyObsWrapper,3.1.0,minigrid-empty-5x5-fullyobs,0,40.0,40.0,0.0,1.0,16.0,strict_rollout_equivalent_max,0.75,40.0,40.0,711.6668000235222,711.6668000235222,734.3683000071906,711.012500047218,True,True,671.6668000235222,rollout_normalized,rollout-equivalent unit,1.0,GA,5.0,40,5,8,0,0,8,8,0.9549999999999998,0.9549999999999998,1.0,0.5,32,1,5,40.0,40.0,40.0,False,False,0.0,0.0,1.0372299338996565,True,0.0,0.0,True,0,0.3074626457811725,0.22234557110512668,0.22234557110512668,10000,20000,Windows-AMD64-py3.14.3,self-contained local validation harness; charged-time accounting is disclosed by timing_mode,5.0,5.0,16.0,5.0,1.0,fixed
minigrid-empty-5x5-fullyobs_robust-near-elite-DLGPR_seed0,a6544fd,2026-06-01T21:50:31,0,robust-near-elite-DLGPR,minigrid,MiniGrid/MiniGrid-Empty-5x5-v0/FullyObsWrapper,3.1.0,minigrid-empty-5x5-fullyobs,1,40.0,40.0,0.0,1.0,16.0,strict_rollout_equivalent_max,0.75,40.0,40.0,672.2291999612935,672.2291999612935,698.8094000262208,671.4861000073142,True,True,632.2291999612935,rollout_normalized,rollout-equivalent unit,1.0,GA,5.0,40,5,8,0,0,8,8,0.9549999999999998,0.9549999999999998,1.0,0.5,32,1,5,40.0,40.0,40.0,False,False,0.0,0.0,1.0372299338996565,True,0.0,0.0,True,0,0.3179444962741609,0.25248227708349125,0.25248227708349125,10000,20000,Windows-AMD64-py3.14.3,self-contained local validation harness; charged-time accounting is disclosed by timing_mode,5.0,5.0,16.0,5.0,1.0,fixed
minigrid-empty-5x5-fullyobs_robust-near-elite-DLGPR_seed0,a6544fd,2026-06-01T21:50:31,0,robust-near-elite-DLGPR,minigrid,MiniGrid/MiniGrid-Empty-5x5-v0/FullyObsWrapper,3.1.0,minigrid-empty-5x5-fullyobs,2,40.0,40.0,0.0,1.0,16.0,strict_rollout_equivalent_max,0.75,40.0,40.0,715.4613999882713,715.4613999882713,739.9072999833152,714.8004000191577,True,True,675.4613999882713,rollout_normalized,rollout-equivalent unit,1.0,GA,5.0,40,5,8,0,0,8,8,0.9549999999999998,0.9549999999999998,1.0,0.5,32,1,5,40.0,40.0,40.0,False,False,0.0,0.0,1.0372299338996565,True,0.0,0.0,True,0,0.31287097394761404,0.2691183866991152,0.2691183866991152,10000,20000,Windows-AMD64-py3.14.3,self-contained local validation harness; charged-time accounting is disclosed by timing_mode,5.0,5.0,16.0,5.0,1.0,fixed
minigrid-empty-5x5-fullyobs_robust-near-elite-DLGPR_seed0,a6544fd,2026-06-01T21:50:31,0,robust-near-elite-DLGPR,minigrid,MiniGrid/MiniGrid-Empty-5x5-v0/FullyObsWrapper,3.1.0,minigrid-empty-5x5-fullyobs,3,40.0,40.0,0.0,1.0,16.0,strict_rollout_equivalent_max,0.75,40.0,40.0,563.8244000147097,563.8244000147097,588.777199969627,563.1641000509262,True,True,523.8244000147097,rollout_normalized,rollout-equivalent unit,1.0,GA,5.0,40,5,8,0,0,8,8,0.9549999999999998,0.9549999999999998,1.0,0.5,32,1,5,40.0,40.0,40.0,False,False,0.0,0.0,0.9529425141994408,True,0.0,0.0,True,2,0.2931027521465436,0.2804842600450082,0.2816122723125185,10000,20000,Windows-AMD64-py3.14.3,self-contained local validation harness; charged-time accounting is disclosed by timing_mode,5.0,5.0,16.0,5.0,1.0,fixed
minigrid-empty-5x5-fullyobs_robust-near-elite-DLGPR_seed0,a6544fd,2026-06-01T21:50:31,0,robust-near-elite-DLGPR,minigrid,MiniGrid/MiniGrid-Empty-5x5-v0/FullyObsWrapper,3.1.0,minigrid-empty-5x5-fullyobs,4,40.0,40.0,0.0,1.0,16.0,strict_rollout_equivalent_max,0.75,40.0,40.0,699.4164000498131,699.4164000498131,722.6721000042744,698.6540999496356,True,True,659.4164000498131,rollout_normalized,rollout-equivalent unit,1.0,GA,5.0,40,5,7,1,0,8,8,0.9549999999999998,0.9549999999999998,1.0,0.5,32,1,5,40.0,40.0,40.0,False,False,0.0,0.0,0.9529425141994408,True,0.0,0.0,True,0,0.2510428471857609,0.2043959044365211,0.28917238874394346,10000,20000,Windows-AMD64-py3.14.3,self-contained local validation harness; charged-time accounting is disclosed by timing_mode,5.0,5.0,16.0,5.0,1.0,fixed
minigrid-empty-5x5-fullyobs_robust-near-elite-DLGPR_seed0,a6544fd,2026-06-01T21:50:31,0,robust-near-elite-DLGPR,minigrid,MiniGrid/MiniGrid-Empty-5x5-v0/FullyObsWrapper,3.1.0,minigrid-empty-5x5-fullyobs,5,40.0,40.0,0.0,1.0,16.0,strict_rollout_equivalent_max,0.75,38.0,38.0,631.2504999805242,631.2504999805242,654.107499984093,630.7373000890948,True,True,591.2504999805242,rollout_normalized,rollout-equivalent unit,1.0,PSO,5.0,38,5,0,4,3,7,7,0.9549999999999998,0.9549999999999998,1.0,0.5,32,1,5,40.0,40.0,40.0,False,False,0.0,0.0,0.0,False,0.0,0.0,True,0,0.07407361776708099,0.12048652949979344,0.14951832150584923,10000,20000,Windows-AMD64-py3.14.3,self-contained local validation harness; charged-time accounting is disclosed by timing_mode,5.0,5.0,16.0,5.0,0.95,fixed
minigrid-empty-5x5-fullyobs_robust-near-elite-DLGPR_seed0,a6544fd,2026-06-01T21:50:31,0,robust-near-elite-DLGPR,minigrid,MiniGrid/MiniGrid-Empty-5x5-v0/FullyObsWrapper,3.1.0,minigrid-empty-5x5-fullyobs,6,40.0,40.0,0.0,1.0,16.0,strict_rollout_equivalent_max,0.75,39.0,39.0,628.9777000201866,628.9777000201866,652.0421000313945,628.1272000051104,True,True,588.9777000201866,rollout_normalized,rollout-equivalent unit,1.0,PSO,5.0,39,5,0,3,4,7,7,0.9549999999999998,0.9549999999999998,1.0,0.5,32,1,5,40.0,40.0,40.0,False,False,0.0,0.0,0.0,False,0.0,0.0,True,0,0.05113633674780016,0.1000916228416803,0.10817216836847386,10000,20000,Windows-AMD64-py3.14.3,self-contained local validation harness; charged-time accounting is disclosed by timing_mode,5.0,5.0,16.0,5.0,0.975,fixed
minigrid-empty-5x5-fullyobs_robust-near-elite-DLGPR_seed0,a6544fd,2026-06-01T21:50:31,0,robust-near-elite-DLGPR,minigrid,MiniGrid/MiniGrid-Empty-5x5-v0/FullyObsWrapper,3.1.0,minigrid-empty-5x5-fullyobs,7,40.0,40.0,0.0,1.0,16.0,strict_rollout_equivalent_max,0.75,39.0,39.0,649.733499973081,649.733499973081,676.0643000015989,649.2274000192992,True,True,609.733499973081,rollout_normalized,rollout-equivalent unit,1.0,PSO,5.0,39,5,0,3,4,7,7,0.9549999999999998,0.9549999999999998,1.0,0.5,32,1,5,40.0,40.0,40.0,False,False,0.0,0.0,0.0,False,0.0,0.0,True,0,0.04867046168890255,0.08796804517527684,0.08999622013041003,10000,20000,Windows-AMD64-py3.14.3,self-contained local validation harness; charged-time accounting is disclosed by timing_mode,5.0,5.0,16.0,5.0,0.975,fixed
minigrid-empty-5x5-fullyobs_robust-near-elite-DLGPR_seed0,a6544fd,2026-06-01T21:50:31,0,robust-near-elite-DLGPR,minigrid,MiniGrid/MiniGrid-Empty-5x5-v0/FullyObsWrapper,3.1.0,minigrid-empty-5x5-fullyobs,8,40.0,40.0,0.0,1.0,16.0,strict_rollout_equivalent_max,0.75,38.0,38.0,628.2281000167131,628.2281000167131,652.967499976512,627.6221000007354,True,True,588.2281000167131,rollout_normalized,rollout-equivalent unit,1.0,PSO,5.0,38,5,0,4,3,7,7,0.9549999999999998,0.9549999999999998,1.0,0.5,32,1,5,40.0,40.0,40.0,False,False,0.0,0.0,0.0,False,0.0,0.0,True,0,0.04886769997534783,0.0771635423764999,0.07996489255823797,10000,20000,Windows-AMD64-py3.14.3,self-contained local validation harness; charged-time accounting is disclosed by timing_mode,5.0,5.0,16.0,5.0,0.95,fixed
minigrid-empty-5x5-fullyobs_robust-near-elite-DLGPR_seed0,a6544fd,2026-06-01T21:50:31,0,robust-near-elite-DLGPR,minigrid,MiniGrid/MiniGrid-Empty-5x5-v0/FullyObsWrapper,3.1.0,minigrid-empty-5x5-fullyobs,9,40.0,40.0,0.0,1.0,16.0,strict_rollout_equivalent_max,0.75,40.0,40.0,675.9301000274718,675.9301000274718,698.550500033889,675.34680000972,True,True,635.9301000274718,rollout_normalized,rollout-equivalent unit,1.0,PSO,5.0,40,5,0,2,5,7,7,0.9549999999999998,0.9549999999999998,1.0,0.5,32,1,5,40.0,40.0,40.0,False,False,0.0,0.0,0.0,False,0.0,0.0,True,0,0.049364932561095684,0.07357592456339175,0.0751974421546241,10000,20000,Windows-AMD64-py3.14.3,self-contained local validation harness; charged-time accounting is disclosed by timing_mode,5.0,5.0,16.0,5.0,1.0,fixed
minigrid-empty-5x5-fullyobs_robust-near-elite-DLGPR_seed0,a6544fd,2026-06-01T21:50:31,0,robust-near-elite-DLGPR,minigrid,MiniGrid/MiniGrid-Empty-5x5-v0/FullyObsWrapper,3.1.0,minigrid-empty-5x5-fullyobs,10,40.0,40.0,0.0,1.0,16.0,strict_rollout_equivalent_max,0.75,40.0,40.0,624.3020999827422,624.3020999827422,648.5310000134632,623.6748999217525,True,True,584.3020999827422,rollout_normalized,rollout-equivalent unit,1.0,PSO,5.0,40,5,0,2,5,7,7,0.9549999999999998,0.9549999999999998,1.0,0.5,32,1,5,40.0,40.0,40.0,False,False,0.0,0.0,0.0,False,0.0,0.0,True,0,0.049856931962075,0.07050670665809865,0.07338356739889744,10000,20000,Windows-AMD64-py3.14.3,self-contained local validation harness; charged-time accounting is disclosed by timing_mode,5.0,5.0,16.0,5.0,1.0,fixed
minigrid-empty-5x5-fullyobs_robust-near-elite-DLGPR_seed0,a6544fd,2026-06-01T21:50:31,0,robust-near-elite-DLGPR,minigrid,MiniGrid/MiniGrid-Empty-5x5-v0/FullyObsWrapper,3.1.0,minigrid-empty-5x5-fullyobs,11,40.0,40.0,0.0,1.0,16.0,strict_rollout_equivalent_max,0.75,36.0,36.0,572.9611000278965,572.9611000278965,595.8252999698743,572.2468999447301,True,True,532.9611000278965,rollout_normalized,rollout-equivalent unit,1.0,PSO,5.0,36,5,0,6,1,7,7,0.9549999999999998,0.9549999999999998,1.0,0.5,32,1,5,40.0,40.0,40.0,False,False,0.0,0.0,0.0,False,0.0,0.0,True,0,0.05031062055750678,0.062402452362569284,0.06378006638366777,10000,20000,Windows-AMD64-py3.14.3,self-contained local validation harness; charged-time accounting is disclosed by timing_mode,5.0,5.0,16.0,5.0,0.9,fixed
minigrid-empty-5x5-fullyobs_robust-near-elite-DLGPR_seed1,a6544fd,2026-06-01T21:50:40,1,robust-near-elite-DLGPR,minigrid,MiniGrid/MiniGrid-Empty-5x5-v0/FullyObsWrapper,3.1.0,minigrid-empty-5x5-fullyobs,0,40.0,40.0,0.0,1.0,16.0,strict_rollout_equivalent_max,0.75,40.0,40.0,671.9022000324912,671.9022000324912,746.9054000102915,671.2357999640517,True,True,631.9022000324912,rollout_normalized,rollout-equivalent unit,1.0,GA,5.0,40,5,8,0,0,8,8,0.0,0.0,0.0,0.5,-1,1,5,40.0,40.0,40.0,False,False,0.0,0.0,1.114184163303725,True,0.02928557383041035,0.0,True,8,0.3247751750746331,0.22234557110512668,0.22815594381880952,11000,21000,Windows-AMD64-py3.14.3,self-contained local validation harness; charged-time accounting is disclosed by timing_mode,5.0,5.0,16.0,5.0,1.0,fixed
minigrid-empty-5x5-fullyobs_robust-near-elite-DLGPR_seed1,a6544fd,2026-06-01T21:50:40,1,robust-near-elite-DLGPR,minigrid,MiniGrid/MiniGrid-Empty-5x5-v0/FullyObsWrapper,3.1.0,minigrid-empty-5x5-fullyobs,1,40.0,40.0,0.0,1.0,16.0,strict_rollout_equivalent_max,0.75,40.0,40.0,707.5696000247262,707.5696000247262,783.0912000499666,706.9547998835333,True,True,667.5696000247262,rollout_normalized,rollout-equivalent unit,1.0,GA,5.0,40,5,8,0,0,8,8,0.0,0.0,0.0,0.5,-1,1,5,40.0,40.0,40.0,False,False,0.0,0.0,1.114184163303725,True,0.021121106216941143,0.0,True,8,0.336990233341889,0.25248227708349125,0.2579873282038422,11000,21000,Windows-AMD64-py3.14.3,self-contained local validation harness; charged-time accounting is disclosed by timing_mode,5.0,5.0,16.0,5.0,1.0,fixed
minigrid-empty-5x5-fullyobs_robust-near-elite-DLGPR_seed1,a6544fd,2026-06-01T21:50:40,1,robust-near-elite-DLGPR,minigrid,MiniGrid/MiniGrid-Empty-5x5-v0/FullyObsWrapper,3.1.0,minigrid-empty-5x5-fullyobs,2,40.0,40.0,0.0,1.0,16.0,strict_rollout_equivalent_max,0.75,40.0,40.0,654.990800016094,654.990800016094,730.4022999596782,654.360800224822,True,True,614.990800016094,rollout_normalized,rollout-equivalent unit,1.0,GA,5.0,40,5,8,0,0,8,8,0.0,0.0,0.0,0.5,-1,1,5,40.0,40.0,40.0,False,False,0.0,0.0,1.114184163303725,True,0.019280213151143675,0.0,True,8,0.3320902274979925,0.2691183866991152,0.27445226418012814,11000,21000,Windows-AMD64-py3.14.3,self-contained local validation harness; charged-time accounting is disclosed by timing_mode,5.0,5.0,16.0,5.0,1.0,fixed
minigrid-empty-5x5-fullyobs_robust-near-elite-DLGPR_seed1,a6544fd,2026-06-01T21:50:40,1,robust-near-elite-DLGPR,minigrid,MiniGrid/MiniGrid-Empty-5x5-v0/FullyObsWrapper,3.1.0,minigrid-empty-5x5-fullyobs,3,40.0,40.0,0.0,1.0,16.0,strict_rollout_equivalent_max,0.75,40.0,40.0,671.8141000019386,671.8141000019386,748.1643999926746,671.080399886705,True,True,631.8141000019386,rollout_normalized,rollout-equivalent unit,1.0,GA,5.0,40,5,8,0,0,8,8,0.0,0.0,0.0,0.5,-1,1,5,40.0,40.0,40.0,False,False,0.0,0.0,1.114184163303725,True,0.02299303281392726,0.0,True,8,0.3273441027215589,0.2804842600450082,0.28579173693180066,11000,21000,Windows-AMD64-py3.14.3,self-contained local validation harness; charged-time accounting is disclosed by timing_mode,5.0,5.0,16.0,5.0,1.0,fixed
minigrid-empty-5x5-fullyobs_robust-near-elite-DLGPR_seed1,a6544fd,2026-06-01T21:50:40,1,robust-near-elite-DLGPR,minigrid,MiniGrid/MiniGrid-Empty-5x5-v0/FullyObsWrapper,3.1.0,minigrid-empty-5x5-fullyobs,4,40.0,40.0,0.0,1.0,16.0,strict_rollout_equivalent_max,0.75,40.0,40.0,670.7831000094302,670.7831000094302,746.0959000163712,670.1612999895588,True,True,630.7831000094302,rollout_normalized,rollout-equivalent unit,1.0,GA,5.0,40,5,8,0,0,8,8,0.0,0.0,0.0,0.5,-1,1,5,40.0,40.0,40.0,False,False,0.0,0.0,1.114184163303725,True,0.025028486951954497,0.0,True,8,0.32368674290469734,0.28905946014764317,0.29468403115626085,11000,21000,Windows-AMD64-py3.14.3,self-contained local validation harness; charged-time accounting is disclosed by timing_mode,5.0,5.0,16.0,5.0,1.0,fixed
minigrid-empty-5x5-fullyobs_robust-near-elite-DLGPR_seed1,a6544fd,2026-06-01T21:50:40,1,robust-near-elite-DLGPR,minigrid,MiniGrid/MiniGrid-Empty-5x5-v0/FullyObsWrapper,3.1.0,minigrid-empty-5x5-fullyobs,5,40.0,40.0,0.0,1.0,16.0,strict_rollout_equivalent_max,0.75,40.0,40.0,676.0728000081144,676.0728000081144,751.2139999889769,675.416300073266,True,True,636.0728000081144,rollout_normalized,rollout-equivalent unit,1.0,GA,5.0,40,5,8,0,0,8,8,0.0,0.0,0.0,0.5,-1,1,5,40.0,40.0,40.0,False,False,0.0,0.0,1.114184163303725,True,0.025296483689166305,0.0,True,8,0.32081939686419203,0.29591545533731267,0.3013965219884194,11000,21000,Windows-AMD64-py3.14.3,self-contained local validation harness; charged-time accounting is disclosed by timing_mode,5.0,5.0,16.0,5.0,1.0,fixed
minigrid-empty-5x5-fullyobs_robust-near-elite-DLGPR_seed1,a6544fd,2026-06-01T21:50:40,1,robust-near-elite-DLGPR,minigrid,MiniGrid/MiniGrid-Empty-5x5-v0/FullyObsWrapper,3.1.0,minigrid-empty-5x5-fullyobs,6,40.0,40.0,0.0,1.0,16.0,strict_rollout_equivalent_max,0.75,40.0,40.0,607.4757000315003,607.4757000315003,630.1708000246435,606.7614998901263,True,True,567.4757000315003,rollout_normalized,rollout-equivalent unit,1.0,GA,5.0,40,5,8,0,0,8,8,0.9549999999999998,0.9549999999999998,1.0,0.5,224,1,5,40.0,40.0,40.0,False,False,0.0,0.0,1.0669531802188528,True,0.0,0.0,True,4,0.32459793274625004,0.3016101018306207,0.303185055276076,11000,21000,Windows-AMD64-py3.14.3,self-contained local validation harness; charged-time accounting is disclosed by timing_mode,5.0,5.0,16.0,5.0,1.0,fixed
minigrid-empty-5x5-fullyobs_robust-near-elite-DLGPR_seed1,a6544fd,2026-06-01T21:50:40,1,robust-near-elite-DLGPR,minigrid,MiniGrid/MiniGrid-Empty-5x5-v0/FullyObsWrapper,3.1.0,minigrid-empty-5x5-fullyobs,7,40.0,40.0,0.0,1.0,16.0,strict_rollout_equivalent_max,0.75,40.0,40.0,658.4586999961175,658.4586999961175,681.620399991516,657.8092000563629,True,True,618.4586999961175,rollout_normalized,rollout-equivalent unit,1.0,GA,5.0,40,5,8,0,0,8,8,0.9549999999999998,0.9549999999999998,1.0,0.5,224,1,5,40.0,40.0,40.0,False,False,0.0,0.0,1.0669531802188528,True,0.0,0.0,True,0,0.30654425308321986,0.3064697596381278,0.3066274328186031,11000,21000,Windows-AMD64-py3.14.3,self-contained local validation harness; charged-time accounting is disclosed by timing_mode,5.0,5.0,16.0,5.0,1.0,fixed
minigrid-empty-5x5-fullyobs_robust-near-elite-DLGPR_seed1,a6544fd,2026-06-01T21:50:40,1,robust-near-elite-DLGPR,minigrid,MiniGrid/MiniGrid-Empty-5x5-v0/FullyObsWrapper,3.1.0,minigrid-empty-5x5-fullyobs,8,40.0,40.0,0.0,1.0,16.0,strict_rollout_equivalent_max,0.75,38.0,38.0,573.7832000013441,573.7832000013441,596.78389999317,573.292399989441,True,True,533.7832000013441,rollout_normalized,rollout-equivalent unit,1.0,PSO,5.0,38,5,0,4,3,7,7,0.9549999999999998,0.9549999999999998,1.0,0.5,224,1,5,40.0,40.0,40.0,False,False,0.0,0.0,0.0,False,0.0,0.0,True,0,0.0756310187944952,0.1387263404533265,0.1567718197459431,11000,21000,Windows-AMD64-py3.14.3,self-contained local validation harness; charged-time accounting is disclosed by timing_mode,5.0,5.0,16.0,5.0,0.95,fixed
minigrid-empty-5x5-fullyobs_robust-near-elite-DLGPR_seed1,a6544fd,2026-06-01T21:50:40,1,robust-near-elite-DLGPR,minigrid,MiniGrid/MiniGrid-Empty-5x5-v0/FullyObsWrapper,3.1.0,minigrid-empty-5x5-fullyobs,9,40.0,40.0,0.0,1.0,16.0,strict_rollout_equivalent_max,0.75,38.0,38.0,602.3456000257283,602.3456000257283,624.9971999786794,601.6536999959499,True,True,562.3456000257283,rollout_normalized,rollout-equivalent unit,1.0,PSO,5.0,38,5,0,4,3,7,7,0.9549999999999998,0.9549999999999998,1.0,0.5,224,1,5,40.0,40.0,40.0,False,False,0.0,0.0,0.0,False,0.0,0.0,True,0,0.04516116125166372,0.10451612139362786,0.11882775236465894,11000,21000,Windows-AMD64-py3.14.3,self-contained local validation harness; charged-time accounting is disclosed by timing_mode,5.0,5.0,16.0,5.0,0.95,fixed
minigrid-empty-5x5-fullyobs_robust-near-elite-DLGPR_seed1,a6544fd,2026-06-01T21:50:40,1,robust-near-elite-DLGPR,minigrid,MiniGrid/MiniGrid-Empty-5x5-v0/FullyObsWrapper,3.1.0,minigrid-empty-5x5-fullyobs,10,40.0,40.0,0.0,1.0,16.0,strict_rollout_equivalent_max,0.75,39.0,39.0,622.4185999599285,622.4185999599285,646.482800017111,621.8188999919221,True,True,582.4185999599285,rollout_normalized,rollout-equivalent unit,1.0,PSO,5.0,39,5,0,3,4,7,7,0.9549999999999998,0.9549999999999998,1.0,0.5,224,1,5,40.0,40.0,40.0,False,False,0.0,0.0,0.0,False,0.0,0.0,True,0,0.041414525909217334,0.09138873661713091,0.09807880251654122,11000,21000,Windows-AMD64-py3.14.3,self-contained local validation harness; charged-time accounting is disclosed by timing_mode,5.0,5.0,16.0,5.0,0.975,fixed
minigrid-empty-5x5-fullyobs_robust-near-elite-DLGPR_seed1,a6544fd,2026-06-01T21:50:40,1,robust-near-elite-DLGPR,minigrid,MiniGrid/MiniGrid-Empty-5x5-v0/FullyObsWrapper,3.1.0,minigrid-empty-5x5-fullyobs,11,40.0,40.0,0.0,1.0,16.0,strict_rollout_equivalent_max,0.75,39.0,39.0,617.7470000111498,617.7470000111498,640.372900001239,617.2383000375703,True,True,577.7470000111498,rollout_normalized,rollout-equivalent unit,1.0,PSO,5.0,39,5,0,3,4,7,7,0.9549999999999998,0.9549999999999998,1.0,0.5,224,1,5,40.0,40.0,40.0,False,False,0.0,0.0,0.0,False,0.0,0.0,True,0,0.041207629874689435,0.08245543790272346,0.0843837227244782,11000,21000,Windows-AMD64-py3.14.3,self-contained local validation harness; charged-time accounting is disclosed by timing_mode,5.0,5.0,16.0,5.0,0.975,fixed
minigrid-empty-5x5-fullyobs_robust-near-elite-DLGPR_seed2,a6544fd,2026-06-01T21:50:49,2,robust-near-elite-DLGPR,minigrid,MiniGrid/MiniGrid-Empty-5x5-v0/FullyObsWrapper,3.1.0,minigrid-empty-5x5-fullyobs,0,40.0,40.0,0.0,1.0,16.0,strict_rollout_equivalent_max,0.75,40.0,40.0,663.119499979075,663.119499979075,759.3443999649025,662.5119000673294,True,True,623.119499979075,rollout_normalized,rollout-equivalent unit,1.0,GA,5.0,40,5,8,0,0,8,8,0.0,0.0,0.0,0.5,-1,1,5,40.0,40.0,40.0,False,False,0.0,0.0,1.0348231409227577,True,0.024093142389687117,0.0,True,8,0.30692118530215107,0.22234557110512668,0.2277667018953484,12000,22000,Windows-AMD64-py3.14.3,self-contained local validation harness; charged-time accounting is disclosed by timing_mode,5.0,5.0,16.0,5.0,1.0,fixed
minigrid-empty-5x5-fullyobs_robust-near-elite-DLGPR_seed2,a6544fd,2026-06-01T21:50:49,2,robust-near-elite-DLGPR,minigrid,MiniGrid/MiniGrid-Empty-5x5-v0/FullyObsWrapper,3.1.0,minigrid-empty-5x5-fullyobs,1,40.0,40.0,0.0,1.0,16.0,strict_rollout_equivalent_max,0.75,40.0,40.0,683.0629000323825,683.0629000323825,778.9073999738321,682.2245000512339,True,True,643.0629000323825,rollout_normalized,rollout-equivalent unit,1.0,GA,5.0,40,5,8,0,0,8,8,0.0,0.0,0.0,0.5,-1,1,5,40.0,40.0,40.0,False,False,0.0,0.0,1.0348231409227577,True,0.02184026901712599,0.0,True,8,0.3173488286082061,0.25248227708349125,0.25772455332130717,12000,22000,Windows-AMD64-py3.14.3,self-contained local validation harness; charged-time accounting is disclosed by timing_mode,5.0,5.0,16.0,5.0,1.0,fixed
minigrid-empty-5x5-fullyobs_robust-near-elite-DLGPR_seed2,a6544fd,2026-06-01T21:50:49,2,robust-near-elite-DLGPR,minigrid,MiniGrid/MiniGrid-Empty-5x5-v0/FullyObsWrapper,3.1.0,minigrid-empty-5x5-fullyobs,2,40.0,40.0,0.0,1.0,16.0,strict_rollout_equivalent_max,0.75,40.0,40.0,679.0805999771692,679.0805999771692,775.1472999807447,678.44840005273,True,True,639.0805999771692,rollout_normalized,rollout-equivalent unit,1.0,GA,5.0,40,5,8,0,0,8,8,0.0,0.0,0.0,0.5,-1,1,5,40.0,40.0,40.0,False,False,0.0,0.0,1.0348231409227577,True,0.029496622808480755,0.0,True,8,0.3122698794421594,0.2691183866991152,0.27468644069319875,12000,22000,Windows-AMD64-py3.14.3,self-contained local validation harness; charged-time accounting is disclosed by timing_mode,5.0,5.0,16.0,5.0,1.0,fixed
minigrid-empty-5x5-fullyobs_robust-near-elite-DLGPR_seed2,a6544fd,2026-06-01T21:50:49,2,robust-near-elite-DLGPR,minigrid,MiniGrid/MiniGrid-Empty-5x5-v0/FullyObsWrapper,3.1.0,minigrid-empty-5x5-fullyobs,3,40.0,40.0,0.0,1.0,16.0,strict_rollout_equivalent_max,0.75,40.0,40.0,650.9460000088438,650.9460000088438,747.0609999727458,650.3241999889724,True,True,610.9460000088438,rollout_normalized,rollout-equivalent unit,1.0,GA,5.0,40,5,8,0,0,8,8,0.0,0.0,0.0,0.5,-1,1,5,40.0,40.0,40.0,False,False,0.0,0.0,1.0348231409227577,True,0.01743692122361651,0.0,True,8,0.30750584012811844,0.2804842600450082,0.28545123764598074,12000,22000,Windows-AMD64-py3.14.3,self-contained local validation harness; charged-time accounting is disclosed by timing_mode,5.0,5.0,16.0,5.0,1.0,fixed
minigrid-empty-5x5-fullyobs_robust-near-elite-DLGPR_seed2,a6544fd,2026-06-01T21:50:49,2,robust-near-elite-DLGPR,minigrid,MiniGrid/MiniGrid-Empty-5x5-v0/FullyObsWrapper,3.1.0,minigrid-empty-5x5-fullyobs,4,40.0,40.0,0.0,1.0,16.0,strict_rollout_equivalent_max,0.75,40.0,40.0,661.4056999678724,661.4056999678724,757.4490000260994,660.78400000697,True,True,621.4056999678724,rollout_normalized,rollout-equivalent unit,1.0,GA,5.0,40,5,8,0,0,8,8,0.0,0.0,0.0,0.5,-1,1,5,40.0,40.0,40.0,False,False,0.0,0.0,1.0348231409227577,True,0.0177507860154849,0.0,True,8,0.3038466868346754,0.28905946014764317,0.2941202103177122,12000,22000,Windows-AMD64-py3.14.3,self-contained local validation harness; charged-time accounting is disclosed by timing_mode,5.0,5.0,16.0,5.0,1.0,fixed
minigrid-empty-5x5-fullyobs_robust-near-elite-DLGPR_seed2,a6544fd,2026-06-01T21:50:49,2,robust-near-elite-DLGPR,minigrid,MiniGrid/MiniGrid-Empty-5x5-v0/FullyObsWrapper,3.1.0,minigrid-empty-5x5-fullyobs,5,40.0,40.0,0.0,1.0,16.0,strict_rollout_equivalent_max,0.75,40.0,40.0,689.3316000350751,689.3316000350751,785.7415999751538,688.7001998838969,True,True,649.3316000350751,rollout_normalized,rollout-equivalent unit,1.0,GA,5.0,40,5,8,0,0,8,8,0.0,0.0,0.0,0.5,-1,1,5,40.0,40.0,40.0,False,False,0.0,0.0,1.0348231409227577,True,0.021627645750823366,0.0,True,8,0.3009791612440016,0.29591545533731267,0.30089883286625835,12000,22000,Windows-AMD64-py3.14.3,self-contained local validation harness; charged-time accounting is disclosed by timing_mode,5.0,5.0,16.0,5.0,1.0,fixed
minigrid-empty-5x5-fullyobs_robust-near-elite-DLGPR_seed2,a6544fd,2026-06-01T21:50:49,2,robust-near-elite-DLGPR,minigrid,MiniGrid/MiniGrid-Empty-5x5-v0/FullyObsWrapper,3.1.0,minigrid-empty-5x5-fullyobs,6,40.0,40.0,0.0,1.0,16.0,strict_rollout_equivalent_max,0.75,36.0,36.0,596.7548000044189,596.7548000044189,697.006699978374,596.3949999422766,True,True,556.7548000044189,rollout_normalized,rollout-equivalent unit,1.0,PSO,5.0,36,5,1,3,1,5,5,0.0,0.0,0.0,0.5,-1,1,5,40.0,40.0,40.0,False,False,0.0,0.0,0.0,False,0.01882821389598757,0.0,True,6,0.12422401122671453,0.14979330846844943,0.2176301538344936,12000,22000,Windows-AMD64-py3.14.3,self-contained local validation harness; charged-time accounting is disclosed by timing_mode,5.0,5.0,16.0,5.0,0.9,fixed
minigrid-empty-5x5-fullyobs_robust-near-elite-DLGPR_seed2,a6544fd,2026-06-01T21:50:49,2,robust-near-elite-DLGPR,minigrid,MiniGrid/MiniGrid-Empty-5x5-v0/FullyObsWrapper,3.1.0,minigrid-empty-5x5-fullyobs,7,40.0,40.0,0.0,1.0,16.0,strict_rollout_equivalent_max,0.75,37.0,37.0,647.5027999840677,647.5027999840677,744.857800018508,647.167699993588,True,True,607.5027999840677,rollout_normalized,rollout-equivalent unit,1.0,PSO,5.0,37,5,0,1,2,3,3,0.0,0.0,0.0,0.5,-1,1,5,40.0,40.0,40.0,False,False,0.0,0.0,0.0,False,0.019110026653973298,0.0,True,5,0.07718713730922311,0.1348841380787803,0.1546993433942032,12000,22000,Windows-AMD64-py3.14.3,self-contained local validation harness; charged-time accounting is disclosed by timing_mode,5.0,5.0,16.0,5.0,0.925,fixed
minigrid-empty-5x5-fullyobs_robust-near-elite-DLGPR_seed2,a6544fd,2026-06-01T21:50:49,2,robust-near-elite-DLGPR,minigrid,MiniGrid/MiniGrid-Empty-5x5-v0/FullyObsWrapper,3.1.0,minigrid-empty-5x5-fullyobs,8,40.0,40.0,0.0,1.0,16.0,strict_rollout_equivalent_max,0.75,37.0,37.0,577.4256000295281,577.4256000295281,674.1620000102557,577.2010000073351,True,True,537.4256000295281,rollout_normalized,rollout-equivalent unit,1.0,PSO,5.0,37,5,0,1,2,3,3,0.0,0.0,0.0,0.5,-1,1,5,40.0,40.0,40.0,False,False,0.0,0.0,0.0,False,0.017894435300004386,0.0,True,5,0.057492449540169646,0.12391041969234418,0.12667172653812736,12000,22000,Windows-AMD64-py3.14.3,self-contained local validation harness; charged-time accounting is disclosed by timing_mode,5.0,5.0,16.0,5.0,0.925,fixed
minigrid-empty-5x5-fullyobs_robust-near-elite-DLGPR_seed2,a6544fd,2026-06-01T21:50:49,2,robust-near-elite-DLGPR,minigrid,MiniGrid/MiniGrid-Empty-5x5-v0/FullyObsWrapper,3.1.0,minigrid-empty-5x5-fullyobs,9,40.0,40.0,0.0,1.0,16.0,strict_rollout_equivalent_max,0.75,37.0,37.0,575.849000015296,575.849000015296,673.3389999717474,575.6228000391275,True,True,535.849000015296,rollout_normalized,rollout-equivalent unit,1.0,RL,16.0,37,16,0,1,2,3,3,0.0,0.0,0.0,0.5,-1,1,5,40.0,40.0,40.0,False,False,0.0,0.0,0.0,False,0.0,0.0,True,5,0.0493249585104544,0.11540025460717733,0.10990730599568739,12000,22000,Windows-AMD64-py3.14.3,self-contained local validation harness; charged-time accounting is disclosed by timing_mode,5.0,5.0,16.0,16.0,0.925,fixed
minigrid-empty-5x5-fullyobs_robust-near-elite-DLGPR_seed2,a6544fd,2026-06-01T21:50:49,2,robust-near-elite-DLGPR,minigrid,MiniGrid/MiniGrid-Empty-5x5-v0/FullyObsWrapper,3.1.0,minigrid-empty-5x5-fullyobs,10,40.0,40.0,0.0,1.0,16.0,strict_rollout_equivalent_max,0.75,36.0,36.0,552.2362999618053,552.2362999618053,652.5987000204623,551.8287000595592,True,True,512.2362999618053,rollout_normalized,rollout-equivalent unit,1.0,PSO,5.0,36,5,0,4,1,5,5,0.0,0.0,0.0,0.5,-1,1,5,40.0,40.0,40.0,False,False,0.0,0.0,0.0,False,0.01785184611673287,0.0,True,6,0.04503348236241062,0.09290215936743852,0.10765859661252204,12000,22000,Windows-AMD64-py3.14.3,self-contained local validation harness; charged-time accounting is disclosed by timing_mode,5.0,5.0,16.0,5.0,0.9,fixed
minigrid-empty-5x5-fullyobs_robust-near-elite-DLGPR_seed2,a6544fd,2026-06-01T21:50:49,2,robust-near-elite-DLGPR,minigrid,MiniGrid/MiniGrid-Empty-5x5-v0/FullyObsWrapper,3.1.0,minigrid-empty-5x5-fullyobs,11,40.0,40.0,0.0,1.0,16.0,strict_rollout_equivalent_max,0.75,37.0,37.0,586.3699000328779,586.3699000328779,691.9803000055254,586.1078999587335,True,True,546.3699000328779,rollout_normalized,rollout-equivalent unit,1.0,PSO,5.0,37,5,0,1,2,3,3,0.0,0.0,0.0,0.5,-1,1,5,40.0,40.0,40.0,False,False,0.0,0.0,0.0,False,0.017967254236119157,0.0,True,5,0.0444126357454671,0.08940092152462671,0.09658804031137755,12000,22000,Windows-AMD64-py3.14.3,self-contained local validation harness; charged-time accounting is disclosed by timing_mode,5.0,5.0,16.0,5.0,0.925,fixed
minigrid-empty-5x5-fullyobs_robust-near-elite-DLGPR_seed3,a6544fd,2026-06-01T21:50:58,3,robust-near-elite-DLGPR,minigrid,MiniGrid/MiniGrid-Empty-5x5-v0/FullyObsWrapper,3.1.0,minigrid-empty-5x5-fullyobs,0,40.0,40.0,0.0,1.0,16.0,strict_rollout_equivalent_max,0.75,40.0,40.0,673.0552999651991,673.0552999651991,754.1505999979563,672.4799000076018,True,True,633.0552999651991,rollout_normalized,rollout-equivalent unit,1.0,GA,5.0,40,5,8,0,0,8,8,0.0,0.0,0.0,0.5,-1,1,5,40.0,40.0,40.0,False,False,0.0,0.0,1.0528962878013794,True,0.01624545590971875,0.0,True,8,0.31098713316731946,0.22234557110512668,0.22705486656459245,13000,23000,Windows-AMD64-py3.14.3,self-contained local validation harness; charged-time accounting is disclosed by timing_mode,5.0,5.0,16.0,5.0,1.0,fixed
minigrid-empty-5x5-fullyobs_robust-near-elite-DLGPR_seed3,a6544fd,2026-06-01T21:50:58,3,robust-near-elite-DLGPR,minigrid,MiniGrid/MiniGrid-Empty-5x5-v0/FullyObsWrapper,3.1.0,minigrid-empty-5x5-fullyobs,1,40.0,40.0,0.0,1.0,16.0,strict_rollout_equivalent_max,0.75,40.0,40.0,672.8070999961346,672.8070999961346,752.9827000107616,672.2184000536799,True,True,632.8070999961346,rollout_normalized,rollout-equivalent unit,1.0,GA,5.0,40,5,8,0,0,8,8,0.0,0.0,0.0,0.5,-1,1,5,40.0,40.0,40.0,False,False,0.0,0.0,1.0528962878013794,True,0.02459880794989795,0.0,True,8,0.3218218303665535,0.25248227708349125,0.25786609753784256,13000,23000,Windows-AMD64-py3.14.3,self-contained local validation harness; charged-time accounting is disclosed by timing_mode,5.0,5.0,16.0,5.0,1.0,fixed
minigrid-empty-5x5-fullyobs_robust-near-elite-DLGPR_seed3,a6544fd,2026-06-01T21:50:58,3,robust-near-elite-DLGPR,minigrid,MiniGrid/MiniGrid-Empty-5x5-v0/FullyObsWrapper,3.1.0,minigrid-empty-5x5-fullyobs,2,40.0,40.0,0.0,1.0,16.0,strict_rollout_equivalent_max,0.75,40.0,40.0,656.4473999897018,656.4473999897018,736.6472000139765,655.7388000073843,True,True,616.4473999897018,rollout_normalized,rollout-equivalent unit,1.0,GA,5.0,40,5,8,0,0,8,8,0.0,0.0,0.0,0.5,-1,1,5,40.0,40.0,40.0,False,False,0.0,0.0,1.0528962878013794,True,0.01894725886669555,0.0,True,8,0.31678363255233083,0.2691183866991152,0.2740080158624593,13000,23000,Windows-AMD64-py3.14.3,self-contained local validation harness; charged-time accounting is disclosed by timing_mode,5.0,5.0,16.0,5.0,1.0,fixed
minigrid-empty-5x5-fullyobs_robust-near-elite-DLGPR_seed3,a6544fd,2026-06-01T21:50:58,3,robust-near-elite-DLGPR,minigrid,MiniGrid/MiniGrid-Empty-5x5-v0/FullyObsWrapper,3.1.0,minigrid-empty-5x5-fullyobs,3,40.0,40.0,0.0,1.0,16.0,strict_rollout_equivalent_max,0.75,40.0,40.0,670.163800008595,670.163800008595,754.2028999887407,669.5009999675676,True,True,630.163800008595,rollout_normalized,rollout-equivalent unit,1.0,GA,5.0,40,5,8,0,0,8,8,0.0,0.0,0.0,0.5,-1,1,5,40.0,40.0,40.0,False,False,0.0,0.0,1.0528962878013794,True,0.022617295805048964,0.0,True,8,0.31202367297491285,0.2804842600450082,0.2861629347693207,13000,23000,Windows-AMD64-py3.14.3,self-contained local validation harness; charged-time accounting is disclosed by timing_mode,5.0,5.0,16.0,5.0,1.0,fixed
minigrid-empty-5x5-fullyobs_robust-near-elite-DLGPR_seed3,a6544fd,2026-06-01T21:50:58,3,robust-near-elite-DLGPR,minigrid,MiniGrid/MiniGrid-Empty-5x5-v0/FullyObsWrapper,3.1.0,minigrid-empty-5x5-fullyobs,4,40.0,40.0,0.0,1.0,16.0,strict_rollout_equivalent_max,0.75,40.0,40.0,682.5768999988213,682.5768999988213,763.4507999755442,682.0202000089921,True,True,642.5768999988213,rollout_normalized,rollout-equivalent unit,1.0,GA,5.0,40,5,8,0,0,8,8,0.0,0.0,0.0,0.5,-1,1,5,40.0,40.0,40.0,False,False,0.0,0.0,1.0528962878013794,True,0.017697551462255934,0.0,True,8,0.30836492811579574,0.28905946014764317,0.29418487435175905,13000,23000,Windows-AMD64-py3.14.3,self-contained local validation harness; charged-time accounting is disclosed by timing_mode,5.0,5.0,16.0,5.0,1.0,fixed
minigrid-empty-5x5-fullyobs_robust-near-elite-DLGPR_seed3,a6544fd,2026-06-01T21:50:58,3,robust-near-elite-DLGPR,minigrid,MiniGrid/MiniGrid-Empty-5x5-v0/FullyObsWrapper,3.1.0,minigrid-empty-5x5-fullyobs,5,40.0,40.0,0.0,1.0,16.0,strict_rollout_equivalent_max,0.75,40.0,40.0,655.293999996502,655.293999996502,735.1354999700561,654.7322000260465,True,True,615.293999996502,rollout_normalized,rollout-equivalent unit,1.0,GA,5.0,40,5,8,0,0,8,8,0.0,0.0,0.0,0.5,-1,1,5,40.0,40.0,40.0,False,False,0.0,0.0,1.0528962878013794,True,0.02395566858276954,0.0,True,8,0.30549744341467283,0.29591545533731267,0.3010390498873234,13000,23000,Windows-AMD64-py3.14.3,self-contained local validation harness; charged-time accounting is disclosed by timing_mode,5.0,5.0,16.0,5.0,1.0,fixed
minigrid-empty-5x5-fullyobs_robust-near-elite-DLGPR_seed3,a6544fd,2026-06-01T21:50:58,3,robust-near-elite-DLGPR,minigrid,MiniGrid/MiniGrid-Empty-5x5-v0/FullyObsWrapper,3.1.0,minigrid-empty-5x5-fullyobs,6,40.0,40.0,0.0,1.0,16.0,strict_rollout_equivalent_max,0.75,40.0,40.0,649.5758999953978,649.5758999953978,729.3619000120088,648.8842000253499,True,True,609.5758999953978,rollout_normalized,rollout-equivalent unit,1.0,GA,5.0,40,5,8,0,0,8,8,0.0,0.0,0.0,0.5,-1,1,5,40.0,40.0,40.0,False,False,0.0,0.0,1.0528962878013794,True,0.01781240711643255,0.0,True,8,0.30317327932841187,0.3016101018306207,0.30612224492195095,13000,23000,Windows-AMD64-py3.14.3,self-contained local validation harness; charged-time accounting is disclosed by timing_mode,5.0,5.0,16.0,5.0,1.0,fixed
minigrid-empty-5x5-fullyobs_robust-near-elite-DLGPR_seed3,a6544fd,2026-06-01T21:50:58,3,robust-near-elite-DLGPR,minigrid,MiniGrid/MiniGrid-Empty-5x5-v0/FullyObsWrapper,3.1.0,minigrid-empty-5x5-fullyobs,7,40.0,40.0,0.0,1.0,16.0,strict_rollout_equivalent_max,0.75,37.0,37.0,605.8297000126913,605.8297000126913,685.9745999681763,605.563200020697,True,True,565.8297000126913,rollout_normalized,rollout-equivalent unit,1.0,RL,16.0,37,16,0,1,2,3,3,0.0,0.0,0.0,0.5,-1,1,5,40.0,40.0,40.0,False,False,0.0,0.0,0.0,False,0.0,0.0,True,5,0.15124949291201825,0.21461914249432323,0.17828938443087572,13000,23000,Windows-AMD64-py3.14.3,self-contained local validation harness; charged-time accounting is disclosed by timing_mode,5.0,5.0,16.0,16.0,0.925,fixed
minigrid-empty-5x5-fullyobs_robust-near-elite-DLGPR_seed3,a6544fd,2026-06-01T21:50:58,3,robust-near-elite-DLGPR,minigrid,MiniGrid/MiniGrid-Empty-5x5-v0/FullyObsWrapper,3.1.0,minigrid-empty-5x5-fullyobs,8,40.0,40.0,0.0,1.0,16.0,strict_rollout_equivalent_max,0.75,36.0,36.0,596.5220999787562,596.5220999787562,678.5447999718599,596.1281000054441,True,True,556.5220999787562,rollout_normalized,rollout-equivalent unit,1.0,PSO,5.0,36,5,0,4,1,5,5,0.0,0.0,0.0,0.5,-1,1,5,40.0,40.0,40.0,False,False,0.0,0.0,0.0,False,0.018625996990262104,0.0,True,6,0.06694503780555318,0.12511575545113668,0.15728517072281553,13000,23000,Windows-AMD64-py3.14.3,self-contained local validation harness; charged-time accounting is disclosed by timing_mode,5.0,5.0,16.0,5.0,0.9,fixed
minigrid-empty-5x5-fullyobs_robust-near-elite-DLGPR_seed3,a6544fd,2026-06-01T21:50:58,3,robust-near-elite-DLGPR,minigrid,MiniGrid/MiniGrid-Empty-5x5-v0/FullyObsWrapper,3.1.0,minigrid-empty-5x5-fullyobs,9,40.0,40.0,0.0,1.0,16.0,strict_rollout_equivalent_max,0.75,37.0,37.0,615.3928000130691,615.3928000130691,696.2814000435174,615.1141999289393,True,True,575.3928000130691,rollout_normalized,rollout-equivalent unit,1.0,PSO,5.0,37,5,0,1,2,3,3,0.0,0.0,0.0,0.5,-1,1,5,40.0,40.0,40.0,False,False,0.0,0.0,0.0,False,0.019634656270098992,0.0,True,5,0.05192900691675526,0.11645901999444294,0.1287260009210149,13000,23000,Windows-AMD64-py3.14.3,self-contained local validation harness; charged-time accounting is disclosed by timing_mode,5.0,5.0,16.0,5.0,0.925,fixed
minigrid-empty-5x5-fullyobs_robust-near-elite-DLGPR_seed3,a6544fd,2026-06-01T21:50:58,3,robust-near-elite-DLGPR,minigrid,MiniGrid/MiniGrid-Empty-5x5-v0/FullyObsWrapper,3.1.0,minigrid-empty-5x5-fullyobs,10,40.0,40.0,0.0,1.0,16.0,strict_rollout_equivalent_max,0.75,37.0,37.0,614.8674999712966,614.8674999712966,695.9593999781646,614.6109999972396,True,True,574.8674999712966,rollout_normalized,rollout-equivalent unit,1.0,PSO,5.0,37,5,0,1,2,3,3,0.0,0.0,0.0,0.5,-1,1,5,40.0,40.0,40.0,False,False,0.0,0.0,0.0,False,0.02029702899429644,0.0,True,5,0.04571006839774716,0.1094933201349685,0.11200045987338293,13000,23000,Windows-AMD64-py3.14.3,self-contained local validation harness; charged-time accounting is disclosed by timing_mode,5.0,5.0,16.0,5.0,0.925,fixed
minigrid-empty-5x5-fullyobs_robust-near-elite-DLGPR_seed3,a6544fd,2026-06-01T21:50:58,3,robust-near-elite-DLGPR,minigrid,MiniGrid/MiniGrid-Empty-5x5-v0/FullyObsWrapper,3.1.0,minigrid-empty-5x5-fullyobs,11,40.0,40.0,0.0,1.0,16.0,strict_rollout_equivalent_max,0.75,37.0,37.0,607.6660999679007,607.6660999679007,688.6043000267819,607.3784999316558,True,True,567.6660999679007,rollout_normalized,rollout-equivalent unit,1.0,RL,16.0,37,16,0,1,2,3,3,0.0,0.0,0.0,0.5,-1,1,5,40.0,40.0,40.0,False,False,0.0,0.0,0.0,False,0.0,0.0,True,5,0.043197242086517484,0.10373120423966177,0.10197070706522188,13000,23000,Windows-AMD64-py3.14.3,self-contained local validation harness; charged-time accounting is disclosed by timing_mode,5.0,5.0,16.0,16.0,0.925,fixed
minigrid-empty-5x5-fullyobs_robust-near-elite-DLGPR_seed4,a6544fd,2026-06-01T21:51:07,4,robust-near-elite-DLGPR,minigrid,MiniGrid/MiniGrid-Empty-5x5-v0/FullyObsWrapper,3.1.0,minigrid-empty-5x5-fullyobs,0,40.0,40.0,0.0,1.0,16.0,strict_rollout_equivalent_max,0.75,40.0,40.0,672.0510000013746,672.0510000013746,753.3199999597855,671.4073999901302,True,True,632.0510000013746,rollout_normalized,rollout-equivalent unit,1.0,GA,5.0,40,5,8,0,0,8,8,0.0,0.0,0.0,0.5,-1,1,5,40.0,40.0,40.0,False,False,0.0,0.0,1.0209495466093759,True,0.02233939827785685,0.0,True,8,0.303800018216001,0.22234557110512668,0.22704029390681085,14000,24000,Windows-AMD64-py3.14.3,self-contained local validation harness; charged-time accounting is disclosed by timing_mode,5.0,5.0,16.0,5.0,1.0,fixed
minigrid-empty-5x5-fullyobs_robust-near-elite-DLGPR_seed4,a6544fd,2026-06-01T21:51:07,4,robust-near-elite-DLGPR,minigrid,MiniGrid/MiniGrid-Empty-5x5-v0/FullyObsWrapper,3.1.0,minigrid-empty-5x5-fullyobs,1,40.0,40.0,0.0,1.0,16.0,strict_rollout_equivalent_max,0.75,40.0,40.0,681.4216999919154,681.4216999919154,764.5508000277914,680.8254999341443,True,True,641.4216999919154,rollout_normalized,rollout-equivalent unit,1.0,GA,5.0,40,5,8,0,0,8,8,0.0,0.0,0.0,0.5,-1,1,5,40.0,40.0,40.0,False,False,0.0,0.0,1.0209495466093759,True,0.017732223515802746,0.0,True,8,0.3139151923867377,0.25248227708349125,0.2576271636280086,14000,24000,Windows-AMD64-py3.14.3,self-contained local validation harness; charged-time accounting is disclosed by timing_mode,5.0,5.0,16.0,5.0,1.0,fixed
minigrid-empty-5x5-fullyobs_robust-near-elite-DLGPR_seed4,a6544fd,2026-06-01T21:51:07,4,robust-near-elite-DLGPR,minigrid,MiniGrid/MiniGrid-Empty-5x5-v0/FullyObsWrapper,3.1.0,minigrid-empty-5x5-fullyobs,2,40.0,40.0,0.0,1.0,16.0,strict_rollout_equivalent_max,0.75,40.0,40.0,666.2355000153184,666.2355000153184,746.603200037498,665.6051999889314,True,True,626.2355000153184,rollout_normalized,rollout-equivalent unit,1.0,GA,5.0,40,5,8,0,0,8,8,0.0,0.0,0.0,0.5,-1,1,5,40.0,40.0,40.0,False,False,0.0,0.0,1.0209495466093759,True,0.01869253610209638,0.0,True,8,0.3088049610246945,0.2691183866991152,0.2741403614862039,14000,24000,Windows-AMD64-py3.14.3,self-contained local validation harness; charged-time accounting is disclosed by timing_mode,5.0,5.0,16.0,5.0,1.0,fixed
minigrid-empty-5x5-fullyobs_robust-near-elite-DLGPR_seed4,a6544fd,2026-06-01T21:51:07,4,robust-near-elite-DLGPR,minigrid,MiniGrid/MiniGrid-Empty-5x5-v0/FullyObsWrapper,3.1.0,minigrid-empty-5x5-fullyobs,3,40.0,40.0,0.0,1.0,16.0,strict_rollout_equivalent_max,0.75,40.0,40.0,676.5041000326164,676.5041000326164,756.9398999912664,675.937999971211,True,True,636.5041000326164,rollout_normalized,rollout-equivalent unit,1.0,GA,5.0,40,5,8,0,0,8,8,0.0,0.0,0.0,0.5,-1,1,5,40.0,40.0,40.0,False,False,0.0,0.0,1.0209495466093759,True,0.01913338812205785,0.0,True,8,0.3040377899588236,0.2804842600450082,0.28564089820498517,14000,24000,Windows-AMD64-py3.14.3,self-contained local validation harness; charged-time accounting is disclosed by timing_mode,5.0,5.0,16.0,5.0,1.0,fixed
minigrid-empty-5x5-fullyobs_robust-near-elite-DLGPR_seed4,a6544fd,2026-06-01T21:51:07,4,robust-near-elite-DLGPR,minigrid,MiniGrid/MiniGrid-Empty-5x5-v0/FullyObsWrapper,3.1.0,minigrid-empty-5x5-fullyobs,4,40.0,40.0,0.0,1.0,16.0,strict_rollout_equivalent_max,0.75,40.0,40.0,733.5944999940693,733.5944999940693,818.569099996239,732.9612000030465,True,True,693.5944999940693,rollout_normalized,rollout-equivalent unit,1.0,GA,5.0,40,5,8,0,0,8,8,0.0,0.0,0.0,0.5,-1,1,5,40.0,40.0,40.0,False,False,0.0,0.0,1.0209495466093759,True,0.021192156244432513,0.0,True,8,0.30037832313657564,0.28905946014764317,0.2939814810339804,14000,24000,Windows-AMD64-py3.14.3,self-contained local validation harness; charged-time accounting is disclosed by timing_mode,5.0,5.0,16.0,5.0,1.0,fixed
minigrid-empty-5x5-fullyobs_robust-near-elite-DLGPR_seed4,a6544fd,2026-06-01T21:51:07,4,robust-near-elite-DLGPR,minigrid,MiniGrid/MiniGrid-Empty-5x5-v0/FullyObsWrapper,3.1.0,minigrid-empty-5x5-fullyobs,5,40.0,40.0,0.0,1.0,16.0,strict_rollout_equivalent_max,0.75,40.0,40.0,673.8141999812797,673.8141999812797,755.2008999628015,673.1554999714717,True,True,633.8141999812797,rollout_normalized,rollout-equivalent unit,1.0,GA,5.0,40,5,8,0,0,8,8,0.0,0.0,0.0,0.5,-1,1,5,40.0,40.0,40.0,False,False,0.0,0.0,1.0209495466093759,True,0.018964474070146675,0.0,True,8,0.2975107661576192,0.29591545533731267,0.30106219497702275,14000,24000,Windows-AMD64-py3.14.3,self-contained local validation harness; charged-time accounting is disclosed by timing_mode,5.0,5.0,16.0,5.0,1.0,fixed
minigrid-empty-5x5-fullyobs_robust-near-elite-DLGPR_seed4,a6544fd,2026-06-01T21:51:07,4,robust-near-elite-DLGPR,minigrid,MiniGrid/MiniGrid-Empty-5x5-v0/FullyObsWrapper,3.1.0,minigrid-empty-5x5-fullyobs,6,40.0,40.0,0.0,1.0,16.0,strict_rollout_equivalent_max,0.75,37.0,37.0,604.0512000326999,604.0512000326999,684.8174000042491,603.8455000380054,True,True,564.0512000326999,rollout_normalized,rollout-equivalent unit,1.0,RL,16.0,37,16,0,1,2,3,3,0.0,0.0,0.0,0.5,-1,1,5,40.0,40.0,40.0,False,False,0.0,0.0,0.0,False,0.0,0.0,True,5,0.15027331175930078,0.2108352243673743,0.17549284871646798,14000,24000,Windows-AMD64-py3.14.3,self-contained local validation harness; charged-time accounting is disclosed by timing_mode,5.0,5.0,16.0,16.0,0.925,fixed
minigrid-empty-5x5-fullyobs_robust-near-elite-DLGPR_seed4,a6544fd,2026-06-01T21:51:07,4,robust-near-elite-DLGPR,minigrid,MiniGrid/MiniGrid-Empty-5x5-v0/FullyObsWrapper,3.1.0,minigrid-empty-5x5-fullyobs,7,40.0,40.0,0.0,1.0,16.0,strict_rollout_equivalent_max,0.75,36.0,36.0,591.1207000026479,591.1207000026479,671.5832999907434,590.7283999258652,True,True,551.1207000026479,rollout_normalized,rollout-equivalent unit,1.0,PSO,5.0,36,5,0,4,1,5,5,0.0,0.0,0.0,0.5,-1,1,5,40.0,40.0,40.0,False,False,0.0,0.0,0.0,False,0.015726854039986946,0.0,True,6,0.0686396904829285,0.12313180845898253,0.15620266672246733,14000,24000,Windows-AMD64-py3.14.3,self-contained local validation harness; charged-time accounting is disclosed by timing_mode,5.0,5.0,16.0,5.0,0.9,fixed
minigrid-empty-5x5-fullyobs_robust-near-elite-DLGPR_seed4,a6544fd,2026-06-01T21:51:07,4,robust-near-elite-DLGPR,minigrid,MiniGrid/MiniGrid-Empty-5x5-v0/FullyObsWrapper,3.1.0,minigrid-empty-5x5-fullyobs,8,40.0,40.0,0.0,1.0,16.0,strict_rollout_equivalent_max,0.75,37.0,37.0,593.5258999816142,593.5258999816142,674.0189000265673,593.2635999633931,True,True,553.5258999816142,rollout_normalized,rollout-equivalent unit,1.0,PSO,5.0,37,5,0,1,2,3,3,0.0,0.0,0.0,0.5,-1,1,5,40.0,40.0,40.0,False,False,0.0,0.0,0.0,False,0.0184495166713222,0.0,True,5,0.05413958947256585,0.11471875712242481,0.12747246959044617,14000,24000,Windows-AMD64-py3.14.3,self-contained local validation harness; charged-time accounting is disclosed by timing_mode,5.0,5.0,16.0,5.0,0.925,fixed
minigrid-empty-5x5-fullyobs_robust-near-elite-DLGPR_seed4,a6544fd,2026-06-01T21:51:07,4,robust-near-elite-DLGPR,minigrid,MiniGrid/MiniGrid-Empty-5x5-v0/FullyObsWrapper,3.1.0,minigrid-empty-5x5-fullyobs,9,40.0,40.0,0.0,1.0,16.0,strict_rollout_equivalent_max,0.75,37.0,37.0,617.5976999802515,617.5976999802515,698.5668999841437,617.3687000991777,True,True,577.5976999802515,rollout_normalized,rollout-equivalent unit,1.0,PSO,5.0,37,5,0,1,2,3,3,0.0,0.0,0.0,0.5,-1,1,5,40.0,40.0,40.0,False,False,0.0,0.0,0.0,False,0.019524066820231667,0.0,True,5,0.0481649983255122,0.10794705377163466,0.11070959852991091,14000,24000,Windows-AMD64-py3.14.3,self-contained local validation harness; charged-time accounting is disclosed by timing_mode,5.0,5.0,16.0,5.0,0.925,fixed
minigrid-empty-5x5-fullyobs_robust-near-elite-DLGPR_seed4,a6544fd,2026-06-01T21:51:07,4,robust-near-elite-DLGPR,minigrid,MiniGrid/MiniGrid-Empty-5x5-v0/FullyObsWrapper,3.1.0,minigrid-empty-5x5-fullyobs,10,40.0,40.0,0.0,1.0,16.0,strict_rollout_equivalent_max,0.75,37.0,37.0,625.0341999693774,625.0341999693774,705.3779999841936,624.7699000523426,True,True,585.0341999693774,rollout_normalized,rollout-equivalent unit,1.0,RL,16.0,37,16,0,1,2,3,3,0.0,0.0,0.0,0.5,-1,1,5,40.0,40.0,40.0,False,False,0.0,0.0,0.0,False,0.045625,0.0,True,5,0.04577998848405279,0.10234323062648581,0.1020184320057882,14000,24000,Windows-AMD64-py3.14.3,self-contained local validation harness; charged-time accounting is disclosed by timing_mode,5.0,5.0,16.0,16.0,0.925,fixed
minigrid-empty-5x5-fullyobs_robust-near-elite-DLGPR_seed4,a6544fd,2026-06-01T21:51:07,4,robust-near-elite-DLGPR,minigrid,MiniGrid/MiniGrid-Empty-5x5-v0/FullyObsWrapper,3.1.0,minigrid-empty-5x5-fullyobs,11,40.0,40.0,0.0,1.0,16.0,strict_rollout_equivalent_max,0.75,36.0,36.0,585.7580000301823,585.7580000301823,666.5026000118814,585.3868999984115,True,True,545.7580000301823,rollout_normalized,rollout-equivalent unit,1.0,PSO,5.0,36,5,0,4,1,5,5,0.0,0.0,0.0,0.5,-1,1,5,40.0,40.0,40.0,False,False,0.0,0.0,0.0,False,0.01857854512314532,0.0,True,6,0.04469727608433135,0.08589362707327172,0.09755703402854682,14000,24000,Windows-AMD64-py3.14.3,self-contained local validation harness; charged-time accounting is disclosed by timing_mode,5.0,5.0,16.0,5.0,0.9,fixed
minigrid-empty-5x5-fullyobs_robust-near-elite-DLGPR_seed5,a6544fd,2026-06-01T21:51:17,5,robust-near-elite-DLGPR,minigrid,MiniGrid/MiniGrid-Empty-5x5-v0/FullyObsWrapper,3.1.0,minigrid-empty-5x5-fullyobs,0,40.0,40.0,0.0,1.0,16.0,strict_rollout_equivalent_max,0.75,40.0,40.0,691.1954999668524,691.1954999668524,776.9826999865472,690.4888999415562,True,True,651.1954999668524,rollout_normalized,rollout-equivalent unit,1.0,GA,5.0,40,5,8,0,0,8,8,0.0,0.0,0.0,0.5,-1,1,5,40.0,40.0,40.0,False,False,0.0,0.0,1.0294899926521737,True,0.02443645284013023,0.0,True,8,0.30572137748943096,0.22234557110512668,0.2269370401903244,15000,25000,Windows-AMD64-py3.14.3,self-contained local validation harness; charged-time accounting is disclosed by timing_mode,5.0,5.0,16.0,5.0,1.0,fixed
minigrid-empty-5x5-fullyobs_robust-near-elite-DLGPR_seed5,a6544fd,2026-06-01T21:51:17,5,robust-near-elite-DLGPR,minigrid,MiniGrid/MiniGrid-Empty-5x5-v0/FullyObsWrapper,3.1.0,minigrid-empty-5x5-fullyobs,1,40.0,40.0,0.0,1.0,16.0,strict_rollout_equivalent_max,0.75,40.0,40.0,699.3286999640986,699.3286999640986,783.4381000138819,698.7018000800163,True,True,659.3286999640986,rollout_normalized,rollout-equivalent unit,1.0,GA,5.0,40,5,8,0,0,8,8,0.0,0.0,0.0,0.5,-1,1,5,40.0,40.0,40.0,False,False,0.0,0.0,1.0294899926521737,True,0.01966682592964437,0.0,True,8,0.31602890453786797,0.25248227708349125,0.2576075522738985,15000,25000,Windows-AMD64-py3.14.3,self-contained local validation harness; charged-time accounting is disclosed by timing_mode,5.0,5.0,16.0,5.0,1.0,fixed
minigrid-empty-5x5-fullyobs_robust-near-elite-DLGPR_seed5,a6544fd,2026-06-01T21:51:17,5,robust-near-elite-DLGPR,minigrid,MiniGrid/MiniGrid-Empty-5x5-v0/FullyObsWrapper,3.1.0,minigrid-empty-5x5-fullyobs,2,40.0,40.0,0.0,1.0,16.0,strict_rollout_equivalent_max,0.75,40.0,40.0,658.0119000282139,658.0119000282139,744.2095999722369,657.3835000745021,True,True,618.0119000282139,rollout_normalized,rollout-equivalent unit,1.0,GA,5.0,40,5,8,0,0,8,8,0.0,0.0,0.0,0.5,-1,1,5,40.0,40.0,40.0,False,False,0.0,0.0,1.0294899926521737,True,0.019194403518582794,0.0,True,8,0.3109379301831275,0.2691183866991152,0.27425496965332535,15000,25000,Windows-AMD64-py3.14.3,self-contained local validation harness; charged-time accounting is disclosed by timing_mode,5.0,5.0,16.0,5.0,1.0,fixed
minigrid-empty-5x5-fullyobs_robust-near-elite-DLGPR_seed5,a6544fd,2026-06-01T21:51:17,5,robust-near-elite-DLGPR,minigrid,MiniGrid/MiniGrid-Empty-5x5-v0/FullyObsWrapper,3.1.0,minigrid-empty-5x5-fullyobs,3,40.0,40.0,0.0,1.0,16.0,strict_rollout_equivalent_max,0.75,40.0,40.0,608.5756999673322,608.5756999673322,635.2143000112846,607.9488000250421,True,True,568.5756999673322,rollout_normalized,rollout-equivalent unit,1.0,GA,5.0,40,5,8,0,0,8,8,0.946,0.946,1.0,0.5,128,1,5,40.0,40.0,40.0,False,False,0.0,0.0,0.9703474633617001,True,0.0,0.0,True,7,0.33517897285124704,0.2804842600450082,0.28393343049177827,15000,25000,Windows-AMD64-py3.14.3,self-contained local validation harness; charged-time accounting is disclosed by timing_mode,5.0,5.0,16.0,5.0,1.0,fixed
minigrid-empty-5x5-fullyobs_robust-near-elite-DLGPR_seed5,a6544fd,2026-06-01T21:51:17,5,robust-near-elite-DLGPR,minigrid,MiniGrid/MiniGrid-Empty-5x5-v0/FullyObsWrapper,3.1.0,minigrid-empty-5x5-fullyobs,4,40.0,40.0,0.0,1.0,16.0,strict_rollout_equivalent_max,0.75,40.0,40.0,663.5672000120394,663.5672000120394,688.344500027597,662.9313999437727,True,True,623.5672000120394,rollout_normalized,rollout-equivalent unit,1.0,GA,5.0,40,5,8,0,0,8,8,0.946,0.946,1.0,0.5,128,1,5,40.0,40.0,40.0,False,False,0.0,0.0,0.9703474633617001,True,0.0,0.0,True,0,0.29211191743702536,0.28905946014764317,0.2894047666555359,15000,25000,Windows-AMD64-py3.14.3,self-contained local validation harness; charged-time accounting is disclosed by timing_mode,5.0,5.0,16.0,5.0,1.0,fixed
minigrid-empty-5x5-fullyobs_robust-near-elite-DLGPR_seed5,a6544fd,2026-06-01T21:51:17,5,robust-near-elite-DLGPR,minigrid,MiniGrid/MiniGrid-Empty-5x5-v0/FullyObsWrapper,3.1.0,minigrid-empty-5x5-fullyobs,5,40.0,40.0,0.0,1.0,16.0,strict_rollout_equivalent_max,0.75,37.0,37.0,576.4003000222147,576.4003000222147,604.4666999951005,575.8220000425354,True,True,536.4003000222147,rollout_normalized,rollout-equivalent unit,1.0,PSO,5.0,37,5,2,3,2,7,7,0.946,0.946,1.0,0.5,128,1,5,40.0,40.0,40.0,False,False,0.0,0.0,0.0,False,0.0,0.0,True,0,0.10468250172112316,0.1475652590766434,0.17556087070665669,15000,25000,Windows-AMD64-py3.14.3,self-contained local validation harness; charged-time accounting is disclosed by timing_mode,5.0,5.0,16.0,5.0,0.925,fixed
minigrid-empty-5x5-fullyobs_robust-near-elite-DLGPR_seed5,a6544fd,2026-06-01T21:51:17,5,robust-near-elite-DLGPR,minigrid,MiniGrid/MiniGrid-Empty-5x5-v0/FullyObsWrapper,3.1.0,minigrid-empty-5x5-fullyobs,6,40.0,40.0,0.0,1.0,16.0,strict_rollout_equivalent_max,0.75,38.0,38.0,632.9338999930769,632.9338999930769,657.8015999984927,632.4313000659458,True,True,592.9338999930769,rollout_normalized,rollout-equivalent unit,1.0,PSO,5.0,38,5,0,4,3,7,7,0.946,0.946,1.0,0.5,128,1,5,40.0,40.0,40.0,False,False,0.0,0.0,0.0,False,0.0,0.0,True,0,0.05548826670649394,0.1061631978769777,0.12327643789601662,15000,25000,Windows-AMD64-py3.14.3,self-contained local validation harness; charged-time accounting is disclosed by timing_mode,5.0,5.0,16.0,5.0,0.95,fixed
minigrid-empty-5x5-fullyobs_robust-near-elite-DLGPR_seed5,a6544fd,2026-06-01T21:51:17,5,robust-near-elite-DLGPR,minigrid,MiniGrid/MiniGrid-Empty-5x5-v0/FullyObsWrapper,3.1.0,minigrid-empty-5x5-fullyobs,7,40.0,40.0,0.0,1.0,16.0,strict_rollout_equivalent_max,0.75,39.0,39.0,643.5545000131242,643.5545000131242,668.0313000106253,643.0448000319302,True,True,603.5545000131242,rollout_normalized,rollout-equivalent unit,1.0,PSO,5.0,39,5,0,3,4,7,7,0.946,0.946,1.0,0.5,128,1,5,40.0,40.0,40.0,False,False,0.0,0.0,0.0,False,0.0,0.0,True,0,0.04949634899675548,0.09187962661870276,0.09839422230781553,15000,25000,Windows-AMD64-py3.14.3,self-contained local validation harness; charged-time accounting is disclosed by timing_mode,5.0,5.0,16.0,5.0,0.975,fixed
minigrid-empty-5x5-fullyobs_robust-near-elite-DLGPR_seed5,a6544fd,2026-06-01T21:51:17,5,robust-near-elite-DLGPR,minigrid,MiniGrid/MiniGrid-Empty-5x5-v0/FullyObsWrapper,3.1.0,minigrid-empty-5x5-fullyobs,8,40.0,40.0,0.0,1.0,16.0,strict_rollout_equivalent_max,0.75,39.0,39.0,619.2197999916971,619.2197999916971,644.6004000026733,618.6917000450194,True,True,579.2197999916971,rollout_normalized,rollout-equivalent unit,1.0,PSO,5.0,39,5,0,3,4,7,7,0.946,0.946,1.0,0.5,128,1,5,40.0,40.0,40.0,False,False,0.0,0.0,0.0,False,0.0,0.0,True,0,0.04920422290170558,0.08249129666362141,0.08684040155470689,15000,25000,Windows-AMD64-py3.14.3,self-contained local validation harness; charged-time accounting is disclosed by timing_mode,5.0,5.0,16.0,5.0,0.975,fixed
minigrid-empty-5x5-fullyobs_robust-near-elite-DLGPR_seed5,a6544fd,2026-06-01T21:51:17,5,robust-near-elite-DLGPR,minigrid,MiniGrid/MiniGrid-Empty-5x5-v0/FullyObsWrapper,3.1.0,minigrid-empty-5x5-fullyobs,9,40.0,40.0,0.0,1.0,16.0,strict_rollout_equivalent_max,0.75,39.0,39.0,614.7282999590971,614.7282999590971,639.3505000160076,614.1497999778949,True,True,574.7282999590971,rollout_normalized,rollout-equivalent unit,1.0,PSO,5.0,39,5,0,3,4,7,7,0.946,0.946,1.0,0.5,128,1,5,40.0,40.0,40.0,False,False,0.0,0.0,0.0,False,0.0,0.0,True,0,0.04961940935957636,0.0757090017790419,0.07571006411397793,15000,25000,Windows-AMD64-py3.14.3,self-contained local validation harness; charged-time accounting is disclosed by timing_mode,5.0,5.0,16.0,5.0,0.975,fixed
minigrid-empty-5x5-fullyobs_robust-near-elite-DLGPR_seed5,a6544fd,2026-06-01T21:51:17,5,robust-near-elite-DLGPR,minigrid,MiniGrid/MiniGrid-Empty-5x5-v0/FullyObsWrapper,3.1.0,minigrid-empty-5x5-fullyobs,10,40.0,40.0,0.0,1.0,16.0,strict_rollout_equivalent_max,0.75,38.0,38.0,619.268300011754,619.268300011754,645.1932999771088,618.6630000011064,True,True,579.268300011754,rollout_normalized,rollout-equivalent unit,1.0,PSO,5.0,38,5,0,4,3,7,7,0.946,0.946,1.0,0.5,128,1,5,40.0,40.0,40.0,False,False,0.0,0.0,0.0,False,0.0,0.0,True,0,0.05008534106073176,0.0688075001709993,0.07245858435051175,15000,25000,Windows-AMD64-py3.14.3,self-contained local validation harness; charged-time accounting is disclosed by timing_mode,5.0,5.0,16.0,5.0,0.95,fixed
minigrid-empty-5x5-fullyobs_robust-near-elite-DLGPR_seed5,a6544fd,2026-06-01T21:51:17,5,robust-near-elite-DLGPR,minigrid,MiniGrid/MiniGrid-Empty-5x5-v0/FullyObsWrapper,3.1.0,minigrid-empty-5x5-fullyobs,11,40.0,40.0,0.0,1.0,16.0,strict_rollout_equivalent_max,0.75,37.0,37.0,275.33689996926114,275.33689996926114,301.5597999910824,275.0095999799669,True,True,235.33689996926114,rollout_normalized,rollout-equivalent unit,1.0,PSO,5.0,37,5,0,1,2,3,3,0.946,0.946,1.0,0.5,128,1,5,40.0,40.0,40.0,False,False,0.0,0.0,0.0,False,0.0,0.0,True,4,0.050276730709039555,0.0674950550935211,0.06765064421186069,15000,25000,Windows-AMD64-py3.14.3,self-contained local validation harness; charged-time accounting is disclosed by timing_mode,5.0,5.0,16.0,5.0,0.925,fixed
minigrid-empty-5x5-fullyobs_robust-near-elite-DLGPR_seed6,a6544fd,2026-06-01T21:51:25,6,robust-near-elite-DLGPR,minigrid,MiniGrid/MiniGrid-Empty-5x5-v0/FullyObsWrapper,3.1.0,minigrid-empty-5x5-fullyobs,0,40.0,40.0,0.0,1.0,16.0,strict_rollout_equivalent_max,0.75,40.0,40.0,650.6897999788634,650.6897999788634,726.6117999679409,650.0474999193102,True,True,610.6897999788634,rollout_normalized,rollout-equivalent unit,1.0,GA,5.0,40,5,8,0,0,8,8,0.0,0.0,0.0,0.5,-1,1,5,40.0,40.0,40.0,False,False,0.0,0.0,1.0548317900656055,True,0.018898953469914305,0.0,True,8,0.3114225665399418,0.22234557110512668,0.22733120447147895,16000,26000,Windows-AMD64-py3.14.3,self-contained local validation harness; charged-time accounting is disclosed by timing_mode,5.0,5.0,16.0,5.0,1.0,fixed
minigrid-empty-5x5-fullyobs_robust-near-elite-DLGPR_seed6,a6544fd,2026-06-01T21:51:25,6,robust-near-elite-DLGPR,minigrid,MiniGrid/MiniGrid-Empty-5x5-v0/FullyObsWrapper,3.1.0,minigrid-empty-5x5-fullyobs,1,40.0,40.0,0.0,1.0,16.0,strict_rollout_equivalent_max,0.75,40.0,40.0,676.1042000143789,676.1042000143789,754.3994000297971,675.5063000018708,True,True,636.1042000143789,rollout_normalized,rollout-equivalent unit,1.0,GA,5.0,40,5,8,0,0,8,8,0.0,0.0,0.0,0.5,-1,1,5,40.0,40.0,40.0,False,False,0.0,0.0,1.0548317900656055,True,0.023322736547161948,0.0,True,8,0.32230085624341437,0.25248227708349125,0.25827604625576733,16000,26000,Windows-AMD64-py3.14.3,self-contained local validation harness; charged-time accounting is disclosed by timing_mode,5.0,5.0,16.0,5.0,1.0,fixed
minigrid-empty-5x5-fullyobs_robust-near-elite-DLGPR_seed6,a6544fd,2026-06-01T21:51:25,6,robust-near-elite-DLGPR,minigrid,MiniGrid/MiniGrid-Empty-5x5-v0/FullyObsWrapper,3.1.0,minigrid-empty-5x5-fullyobs,2,40.0,40.0,0.0,1.0,16.0,strict_rollout_equivalent_max,0.75,40.0,40.0,652.5505000026897,652.5505000026897,727.9040000285022,651.7788000637665,True,True,612.5505000026897,rollout_normalized,rollout-equivalent unit,1.0,GA,5.0,40,5,8,0,0,8,8,0.0,0.0,0.0,0.5,-1,1,5,40.0,40.0,40.0,False,False,0.0,0.0,1.0548317900656055,True,0.01726038341123566,0.0,True,8,0.3172670226018649,0.2691183866991152,0.27464710273941356,16000,26000,Windows-AMD64-py3.14.3,self-contained local validation harness; charged-time accounting is disclosed by timing_mode,5.0,5.0,16.0,5.0,1.0,fixed
minigrid-empty-5x5-fullyobs_robust-near-elite-DLGPR_seed6,a6544fd,2026-06-01T21:51:25,6,robust-near-elite-DLGPR,minigrid,MiniGrid/MiniGrid-Empty-5x5-v0/FullyObsWrapper,3.1.0,minigrid-empty-5x5-fullyobs,3,40.0,40.0,0.0,1.0,16.0,strict_rollout_equivalent_max,0.75,40.0,40.0,662.5391999841668,662.5391999841668,744.2578000482172,661.9277000427246,True,True,622.5391999841668,rollout_normalized,rollout-equivalent unit,1.0,GA,5.0,40,5,8,0,0,8,8,0.0,0.0,0.0,0.5,-1,1,5,40.0,40.0,40.0,False,False,0.0,0.0,1.0548317900656055,True,0.015149063991767653,0.0,True,8,0.312507499934495,0.2804842600450082,0.28515563719154036,16000,26000,Windows-AMD64-py3.14.3,self-contained local validation harness; charged-time accounting is disclosed by timing_mode,5.0,5.0,16.0,5.0,1.0,fixed
minigrid-empty-5x5-fullyobs_robust-near-elite-DLGPR_seed6,a6544fd,2026-06-01T21:51:25,6,robust-near-elite-DLGPR,minigrid,MiniGrid/MiniGrid-Empty-5x5-v0/FullyObsWrapper,3.1.0,minigrid-empty-5x5-fullyobs,4,40.0,40.0,0.0,1.0,16.0,strict_rollout_equivalent_max,0.75,40.0,40.0,654.8233000212349,654.8233000212349,731.9767000153661,654.2335000121966,True,True,614.8233000212349,rollout_normalized,rollout-equivalent unit,1.0,GA,5.0,40,5,8,0,0,8,8,0.0,0.0,0.0,0.5,-1,1,5,40.0,40.0,40.0,False,False,0.0,0.0,1.0548317900656055,True,0.02285099827629518,0.0,True,8,0.30884879881571636,0.28905946014764317,0.2941363011460078,16000,26000,Windows-AMD64-py3.14.3,self-contained local validation harness; charged-time accounting is disclosed by timing_mode,5.0,5.0,16.0,5.0,1.0,fixed
minigrid-empty-5x5-fullyobs_robust-near-elite-DLGPR_seed6,a6544fd,2026-06-01T21:51:25,6,robust-near-elite-DLGPR,minigrid,MiniGrid/MiniGrid-Empty-5x5-v0/FullyObsWrapper,3.1.0,minigrid-empty-5x5-fullyobs,5,40.0,40.0,0.0,1.0,16.0,strict_rollout_equivalent_max,0.75,40.0,40.0,666.2611999781802,666.2611999781802,741.8241999694146,665.6113999779336,True,True,626.2611999781802,rollout_normalized,rollout-equivalent unit,1.0,GA,5.0,40,5,8,0,0,8,8,0.0,0.0,0.0,0.5,-1,1,5,40.0,40.0,40.0,False,False,0.0,0.0,1.0548317900656055,True,0.02365506815461353,0.0,True,8,0.30598131849356625,0.29591545533731267,0.3012907571516055,16000,26000,Windows-AMD64-py3.14.3,self-contained local validation harness; charged-time accounting is disclosed by timing_mode,5.0,5.0,16.0,5.0,1.0,fixed
minigrid-empty-5x5-fullyobs_robust-near-elite-DLGPR_seed6,a6544fd,2026-06-01T21:51:25,6,robust-near-elite-DLGPR,minigrid,MiniGrid/MiniGrid-Empty-5x5-v0/FullyObsWrapper,3.1.0,minigrid-empty-5x5-fullyobs,6,40.0,40.0,0.0,1.0,16.0,strict_rollout_equivalent_max,0.75,40.0,40.0,668.8382999855094,668.8382999855094,744.6239999844693,668.1159001309425,True,True,628.8382999855094,rollout_normalized,rollout-equivalent unit,1.0,GA,5.0,40,5,8,0,0,8,8,0.0,0.0,0.0,0.5,-1,1,5,40.0,40.0,40.0,False,False,0.0,0.0,1.0548317900656055,True,0.024026308403694952,0.0,True,8,0.303657154845697,0.3016101018306207,0.306981247287482,16000,26000,Windows-AMD64-py3.14.3,self-contained local validation harness; charged-time accounting is disclosed by timing_mode,5.0,5.0,16.0,5.0,1.0,fixed
minigrid-empty-5x5-fullyobs_robust-near-elite-DLGPR_seed6,a6544fd,2026-06-01T21:51:25,6,robust-near-elite-DLGPR,minigrid,MiniGrid/MiniGrid-Empty-5x5-v0/FullyObsWrapper,3.1.0,minigrid-empty-5x5-fullyobs,7,40.0,40.0,0.0,1.0,16.0,strict_rollout_equivalent_max,0.75,37.0,37.0,603.9474999997765,603.9474999997765,679.9210999743082,603.72680000728,True,True,563.9474999997765,rollout_normalized,rollout-equivalent unit,1.0,RL,16.0,37,16,0,1,2,3,3,0.0,0.0,0.0,0.5,-1,1,5,40.0,40.0,40.0,False,False,0.0,0.0,0.0,False,0.0,0.0,True,5,0.15145362789587294,0.21461914249432323,0.17867114101669163,16000,26000,Windows-AMD64-py3.14.3,self-contained local validation harness; charged-time accounting is disclosed by timing_mode,5.0,5.0,16.0,16.0,0.925,fixed
minigrid-empty-5x5-fullyobs_robust-near-elite-DLGPR_seed6,a6544fd,2026-06-01T21:51:25,6,robust-near-elite-DLGPR,minigrid,MiniGrid/MiniGrid-Empty-5x5-v0/FullyObsWrapper,3.1.0,minigrid-empty-5x5-fullyobs,8,40.0,40.0,0.0,1.0,16.0,strict_rollout_equivalent_max,0.75,36.0,36.0,583.1661999691278,583.1661999691278,658.5426999954507,582.7728999429382,True,True,543.1661999691278,rollout_normalized,rollout-equivalent unit,1.0,PSO,5.0,36,5,0,4,1,5,5,0.0,0.0,0.0,0.5,-1,1,5,40.0,40.0,40.0,False,False,0.0,0.0,0.0,False,0.022940463355497175,0.0,True,6,0.06699347999410463,0.12511575545113668,0.15745874080143482,16000,26000,Windows-AMD64-py3.14.3,self-contained local validation harness; charged-time accounting is disclosed by timing_mode,5.0,5.0,16.0,5.0,0.9,fixed
minigrid-empty-5x5-fullyobs_robust-near-elite-DLGPR_seed6,a6544fd,2026-06-01T21:51:25,6,robust-near-elite-DLGPR,minigrid,MiniGrid/MiniGrid-Empty-5x5-v0/FullyObsWrapper,3.1.0,minigrid-empty-5x5-fullyobs,9,40.0,40.0,0.0,1.0,16.0,strict_rollout_equivalent_max,0.75,37.0,37.0,550.9859000449069,550.9859000449069,625.9792999480851,550.7531999610364,True,True,510.9859000449069,rollout_normalized,rollout-equivalent unit,1.0,PSO,5.0,37,5,0,1,2,3,3,0.0,0.0,0.0,0.5,-1,1,5,40.0,40.0,40.0,False,False,0.0,0.0,0.0,False,0.022369385764091643,0.0,True,5,0.0519494434650504,0.11645901999444294,0.12897014639130697,16000,26000,Windows-AMD64-py3.14.3,self-contained local validation harness; charged-time accounting is disclosed by timing_mode,5.0,5.0,16.0,5.0,0.925,fixed
minigrid-empty-5x5-fullyobs_robust-near-elite-DLGPR_seed6,a6544fd,2026-06-01T21:51:25,6,robust-near-elite-DLGPR,minigrid,MiniGrid/MiniGrid-Empty-5x5-v0/FullyObsWrapper,3.1.0,minigrid-empty-5x5-fullyobs,10,40.0,40.0,0.0,1.0,16.0,strict_rollout_equivalent_max,0.75,37.0,37.0,559.6834999741986,559.6834999741986,634.7602999885567,559.4627999817021,True,True,519.6834999741986,rollout_normalized,rollout-equivalent unit,1.0,PSO,5.0,37,5,0,1,2,3,3,0.0,0.0,0.0,0.5,-1,1,5,40.0,40.0,40.0,False,False,0.0,0.0,0.0,False,0.018442297278712782,0.0,True,5,0.04571869006655918,0.1094933201349685,0.11198753801143842,16000,26000,Windows-AMD64-py3.14.3,self-contained local validation harness; charged-time accounting is disclosed by timing_mode,5.0,5.0,16.0,5.0,0.925,fixed
minigrid-empty-5x5-fullyobs_robust-near-elite-DLGPR_seed6,a6544fd,2026-06-01T21:51:25,6,robust-near-elite-DLGPR,minigrid,MiniGrid/MiniGrid-Empty-5x5-v0/FullyObsWrapper,3.1.0,minigrid-empty-5x5-fullyobs,11,40.0,40.0,0.0,1.0,16.0,strict_rollout_equivalent_max,0.75,37.0,37.0,570.3063000109978,570.3063000109978,650.0062000122853,569.9774000095204,True,True,530.3063000109978,rollout_normalized,rollout-equivalent unit,1.0,RL,16.0,37,16,0,1,2,3,3,0.0,0.0,0.0,0.5,-1,1,5,40.0,40.0,40.0,False,False,0.0,0.0,0.0,False,0.0,0.0,True,5,0.043200879353047554,0.10373120423966177,0.10038592801184859,16000,26000,Windows-AMD64-py3.14.3,self-contained local validation harness; charged-time accounting is disclosed by timing_mode,5.0,5.0,16.0,16.0,0.925,fixed
minigrid-empty-5x5-fullyobs_robust-near-elite-DLGPR_seed7,a6544fd,2026-06-01T21:51:34,7,robust-near-elite-DLGPR,minigrid,MiniGrid/MiniGrid-Empty-5x5-v0/FullyObsWrapper,3.1.0,minigrid-empty-5x5-fullyobs,0,40.0,40.0,0.0,1.0,16.0,strict_rollout_equivalent_max,0.75,40.0,40.0,685.6078999699093,685.6078999699093,767.9828999680467,684.9675999837928,True,True,645.6078999699093,rollout_normalized,rollout-equivalent unit,1.0,GA,5.0,40,5,8,0,0,8,8,0.0,0.0,0.0,0.5,-1,1,5,40.0,40.0,40.0,False,False,0.0,0.0,0.999169189219458,True,0.02311406087019492,0.0,True,8,0.2989000526357459,0.22234557110512668,0.2276068629866834,17000,27000,Windows-AMD64-py3.14.3,self-contained local validation harness; charged-time accounting is disclosed by timing_mode,5.0,5.0,16.0,5.0,1.0,fixed
minigrid-empty-5x5-fullyobs_robust-near-elite-DLGPR_seed7,a6544fd,2026-06-01T21:51:34,7,robust-near-elite-DLGPR,minigrid,MiniGrid/MiniGrid-Empty-5x5-v0/FullyObsWrapper,3.1.0,minigrid-empty-5x5-fullyobs,1,40.0,40.0,0.0,1.0,16.0,strict_rollout_equivalent_max,0.75,40.0,40.0,706.9991000462323,706.9991000462323,791.975200001616,706.3986000721343,True,True,666.9991000462323,rollout_normalized,rollout-equivalent unit,1.0,GA,5.0,40,5,8,0,0,8,8,0.0,0.0,0.0,0.5,-1,1,5,40.0,40.0,40.0,False,False,0.0,0.0,0.999169189219458,True,0.020253569722394362,0.0,True,8,0.30852467696865216,0.25248227708349125,0.25827804365817936,17000,27000,Windows-AMD64-py3.14.3,self-contained local validation harness; charged-time accounting is disclosed by timing_mode,5.0,5.0,16.0,5.0,1.0,fixed
minigrid-empty-5x5-fullyobs_robust-near-elite-DLGPR_seed7,a6544fd,2026-06-01T21:51:34,7,robust-near-elite-DLGPR,minigrid,MiniGrid/MiniGrid-Empty-5x5-v0/FullyObsWrapper,3.1.0,minigrid-empty-5x5-fullyobs,2,40.0,40.0,0.0,1.0,16.0,strict_rollout_equivalent_max,0.75,40.0,40.0,674.1627000155859,674.1627000155859,755.3308999631554,673.4810999478213,True,True,634.1627000155859,rollout_normalized,rollout-equivalent unit,1.0,GA,5.0,40,5,8,0,0,8,8,0.0,0.0,0.0,0.5,-1,1,5,40.0,40.0,40.0,False,False,0.0,0.0,0.999169189219458,True,0.021394245110674604,0.0,True,8,0.30336533523237186,0.2691183866991152,0.2745981853536626,17000,27000,Windows-AMD64-py3.14.3,self-contained local validation harness; charged-time accounting is disclosed by timing_mode,5.0,5.0,16.0,5.0,1.0,fixed
minigrid-empty-5x5-fullyobs_robust-near-elite-DLGPR_seed7,a6544fd,2026-06-01T21:51:34,7,robust-near-elite-DLGPR,minigrid,MiniGrid/MiniGrid-Empty-5x5-v0/FullyObsWrapper,3.1.0,minigrid-empty-5x5-fullyobs,3,40.0,40.0,0.0,1.0,16.0,strict_rollout_equivalent_max,0.75,40.0,40.0,700.6980999722145,700.6980999722145,782.1125999907963,700.1074000145309,True,True,660.6980999722145,rollout_normalized,rollout-equivalent unit,1.0,GA,5.0,40,5,8,0,0,8,8,0.0,0.0,0.0,0.5,-1,1,5,40.0,40.0,40.0,False,False,0.0,0.0,0.999169189219458,True,0.020359005169225772,0.0,True,8,0.29859324758377737,0.2804842600450082,0.2855111291458554,17000,27000,Windows-AMD64-py3.14.3,self-contained local validation harness; charged-time accounting is disclosed by timing_mode,5.0,5.0,16.0,5.0,1.0,fixed
minigrid-empty-5x5-fullyobs_robust-near-elite-DLGPR_seed7,a6544fd,2026-06-01T21:51:34,7,robust-near-elite-DLGPR,minigrid,MiniGrid/MiniGrid-Empty-5x5-v0/FullyObsWrapper,3.1.0,minigrid-empty-5x5-fullyobs,4,40.0,40.0,0.0,1.0,16.0,strict_rollout_equivalent_max,0.75,40.0,40.0,696.2248000199907,696.2248000199907,785.1367999683134,695.5405999324284,True,True,656.2248000199907,rollout_normalized,rollout-equivalent unit,1.0,GA,5.0,40,5,8,0,0,8,8,0.0,0.0,0.0,0.5,-1,1,5,40.0,40.0,40.0,False,False,0.0,0.0,0.999169189219458,True,0.017264592251681775,0.0,True,8,0.29493328854810097,0.28905946014764317,0.29341129307398195,17000,27000,Windows-AMD64-py3.14.3,self-contained local validation harness; charged-time accounting is disclosed by timing_mode,5.0,5.0,16.0,5.0,1.0,fixed
minigrid-empty-5x5-fullyobs_robust-near-elite-DLGPR_seed7,a6544fd,2026-06-01T21:51:34,7,robust-near-elite-DLGPR,minigrid,MiniGrid/MiniGrid-Empty-5x5-v0/FullyObsWrapper,3.1.0,minigrid-empty-5x5-fullyobs,5,40.0,40.0,0.0,1.0,16.0,strict_rollout_equivalent_max,0.75,36.0,36.0,610.7678000116721,610.7678000116721,691.9983999687247,610.2865000138991,True,True,570.7678000116721,rollout_normalized,rollout-equivalent unit,1.0,PSO,5.0,36,5,1,3,1,5,5,0.0,0.0,0.0,0.5,-1,1,5,40.0,40.0,40.0,False,False,0.0,0.0,0.0,False,0.021267355838384995,0.0,True,6,0.12432385458149811,0.1467518580981214,0.21363827267469562,17000,27000,Windows-AMD64-py3.14.3,self-contained local validation harness; charged-time accounting is disclosed by timing_mode,5.0,5.0,16.0,5.0,0.9,fixed
minigrid-empty-5x5-fullyobs_robust-near-elite-DLGPR_seed7,a6544fd,2026-06-01T21:51:34,7,robust-near-elite-DLGPR,minigrid,MiniGrid/MiniGrid-Empty-5x5-v0/FullyObsWrapper,3.1.0,minigrid-empty-5x5-fullyobs,6,40.0,40.0,0.0,1.0,16.0,strict_rollout_equivalent_max,0.75,37.0,37.0,603.4581999992952,603.4581999992952,687.6982999965549,603.2166000222787,True,True,563.4581999992952,rollout_normalized,rollout-equivalent unit,1.0,PSO,5.0,37,5,0,1,2,3,3,0.0,0.0,0.0,0.5,-1,1,5,40.0,40.0,40.0,False,False,0.0,0.0,0.0,False,0.021675048646861494,0.0,True,5,0.07900374129136387,0.13233741474540683,0.1518857732953316,17000,27000,Windows-AMD64-py3.14.3,self-contained local validation harness; charged-time accounting is disclosed by timing_mode,5.0,5.0,16.0,5.0,0.925,fixed
minigrid-empty-5x5-fullyobs_robust-near-elite-DLGPR_seed7,a6544fd,2026-06-01T21:51:34,7,robust-near-elite-DLGPR,minigrid,MiniGrid/MiniGrid-Empty-5x5-v0/FullyObsWrapper,3.1.0,minigrid-empty-5x5-fullyobs,7,40.0,40.0,0.0,1.0,16.0,strict_rollout_equivalent_max,0.75,37.0,37.0,637.2024999582209,637.2024999582209,722.2202999982983,636.9239999912679,True,True,597.2024999582209,rollout_normalized,rollout-equivalent unit,1.0,PSO,5.0,37,5,0,1,2,3,3,0.0,0.0,0.0,0.5,-1,1,5,40.0,40.0,40.0,False,False,0.0,0.0,0.0,False,0.02192573473708279,0.0,True,5,0.06007459396038028,0.1217257735431587,0.12475327621297999,17000,27000,Windows-AMD64-py3.14.3,self-contained local validation harness; charged-time accounting is disclosed by timing_mode,5.0,5.0,16.0,5.0,0.925,fixed
minigrid-empty-5x5-fullyobs_robust-near-elite-DLGPR_seed7,a6544fd,2026-06-01T21:51:34,7,robust-near-elite-DLGPR,minigrid,MiniGrid/MiniGrid-Empty-5x5-v0/FullyObsWrapper,3.1.0,minigrid-empty-5x5-fullyobs,8,40.0,40.0,0.0,1.0,16.0,strict_rollout_equivalent_max,0.75,37.0,37.0,626.7361999489367,626.7361999489367,710.1286999532022,626.4943000278436,True,True,586.7361999489367,rollout_normalized,rollout-equivalent unit,1.0,RL,16.0,37,16,0,1,2,3,3,0.0,0.0,0.0,0.5,-1,1,5,40.0,40.0,40.0,False,False,0.0,0.0,0.0,False,0.0535,0.0,True,5,0.05226775491987949,0.11349323243998206,0.11166857601045917,17000,27000,Windows-AMD64-py3.14.3,self-contained local validation harness; charged-time accounting is disclosed by timing_mode,5.0,5.0,16.0,16.0,0.925,fixed
minigrid-empty-5x5-fullyobs_robust-near-elite-DLGPR_seed7,a6544fd,2026-06-01T21:51:34,7,robust-near-elite-DLGPR,minigrid,MiniGrid/MiniGrid-Empty-5x5-v0/FullyObsWrapper,3.1.0,minigrid-empty-5x5-fullyobs,9,40.0,40.0,0.0,1.0,16.0,strict_rollout_equivalent_max,0.75,36.0,36.0,626.012200023979,626.012200023979,710.4264000081457,625.5766999674961,True,True,586.012200023979,rollout_normalized,rollout-equivalent unit,1.0,PSO,5.0,36,5,0,4,1,5,5,0.0,0.0,0.0,0.5,-1,1,5,40.0,40.0,40.0,False,False,0.0,0.0,0.0,False,0.01852662712809323,0.0,True,6,0.04824198241851012,0.09151390984683311,0.10555789667107228,17000,27000,Windows-AMD64-py3.14.3,self-contained local validation harness; charged-time accounting is disclosed by timing_mode,5.0,5.0,16.0,5.0,0.9,fixed
minigrid-empty-5x5-fullyobs_robust-near-elite-DLGPR_seed7,a6544fd,2026-06-01T21:51:34,7,robust-near-elite-DLGPR,minigrid,MiniGrid/MiniGrid-Empty-5x5-v0/FullyObsWrapper,3.1.0,minigrid-empty-5x5-fullyobs,10,40.0,40.0,0.0,1.0,16.0,strict_rollout_equivalent_max,0.75,37.0,37.0,600.2701999968849,600.2701999968849,680.5766000179574,600.0302000320517,True,True,560.2701999968849,rollout_normalized,rollout-equivalent unit,1.0,PSO,5.0,37,5,0,1,2,3,3,0.0,0.0,0.0,0.5,-1,1,5,40.0,40.0,40.0,False,False,0.0,0.0,0.0,False,0.018017924951923715,0.0,True,5,0.04770606041804982,0.08813840032576109,0.09669712421385175,17000,27000,Windows-AMD64-py3.14.3,self-contained local validation harness; charged-time accounting is disclosed by timing_mode,5.0,5.0,16.0,5.0,0.925,fixed
minigrid-empty-5x5-fullyobs_robust-near-elite-DLGPR_seed7,a6544fd,2026-06-01T21:51:34,7,robust-near-elite-DLGPR,minigrid,MiniGrid/MiniGrid-Empty-5x5-v0/FullyObsWrapper,3.1.0,minigrid-empty-5x5-fullyobs,11,40.0,40.0,0.0,1.0,16.0,strict_rollout_equivalent_max,0.75,37.0,37.0,665.3192999656312,665.3192999656312,746.7864000354894,665.0335000013001,True,True,625.3192999656312,rollout_normalized,rollout-equivalent unit,1.0,PSO,5.0,37,5,0,1,2,3,3,0.0,0.0,0.0,0.5,-1,1,5,40.0,40.0,40.0,False,False,0.0,0.0,0.0,False,0.017513357971816038,0.0,True,5,0.04762634751671243,0.08515471516625334,0.08820661755471473,17000,27000,Windows-AMD64-py3.14.3,self-contained local validation harness; charged-time accounting is disclosed by timing_mode,5.0,5.0,16.0,5.0,0.925,fixed
minigrid-empty-5x5-fullyobs_robust-near-elite-DLGPR_seed8,a6544fd,2026-06-01T21:51:43,8,robust-near-elite-DLGPR,minigrid,MiniGrid/MiniGrid-Empty-5x5-v0/FullyObsWrapper,3.1.0,minigrid-empty-5x5-fullyobs,0,40.0,40.0,0.0,1.0,16.0,strict_rollout_equivalent_max,0.75,40.0,40.0,690.664800000377,690.664800000377,765.6775000505149,690.0297999382019,True,True,650.664800000377,rollout_normalized,rollout-equivalent unit,1.0,GA,5.0,40,5,8,0,0,8,8,0.0,0.0,0.0,0.5,-1,1,5,40.0,40.0,40.0,False,False,0.0,0.0,1.0258790242339384,True,0.023756955684636608,0.0,True,8,0.304909011528488,0.22234557110512668,0.22803624317515084,18000,28000,Windows-AMD64-py3.14.3,self-contained local validation harness; charged-time accounting is disclosed by timing_mode,5.0,5.0,16.0,5.0,1.0,fixed
minigrid-empty-5x5-fullyobs_robust-near-elite-DLGPR_seed8,a6544fd,2026-06-01T21:51:43,8,robust-near-elite-DLGPR,minigrid,MiniGrid/MiniGrid-Empty-5x5-v0/FullyObsWrapper,3.1.0,minigrid-empty-5x5-fullyobs,1,40.0,40.0,0.0,1.0,16.0,strict_rollout_equivalent_max,0.75,40.0,40.0,715.8130999887362,715.8130999887362,793.0775000131689,715.2189001208171,True,True,675.8130999887362,rollout_normalized,rollout-equivalent unit,1.0,GA,5.0,40,5,8,0,0,8,8,0.0,0.0,0.0,0.5,-1,1,5,40.0,40.0,40.0,False,False,0.0,0.0,1.0258790242339384,True,0.01919562335495773,0.0,True,8,0.3151352102524965,0.25248227708349125,0.2578811598341992,18000,28000,Windows-AMD64-py3.14.3,self-contained local validation harness; charged-time accounting is disclosed by timing_mode,5.0,5.0,16.0,5.0,1.0,fixed
minigrid-empty-5x5-fullyobs_robust-near-elite-DLGPR_seed8,a6544fd,2026-06-01T21:51:43,8,robust-near-elite-DLGPR,minigrid,MiniGrid/MiniGrid-Empty-5x5-v0/FullyObsWrapper,3.1.0,minigrid-empty-5x5-fullyobs,2,40.0,40.0,0.0,1.0,16.0,strict_rollout_equivalent_max,0.75,40.0,40.0,668.9307000488043,668.9307000488043,744.5697000366636,668.28349995194,True,True,628.9307000488043,rollout_normalized,rollout-equivalent unit,1.0,GA,5.0,40,5,8,0,0,8,8,0.0,0.0,0.0,0.5,-1,1,5,40.0,40.0,40.0,False,False,0.0,0.0,1.0258790242339384,True,0.014801364956693243,0.0,True,8,0.3100360938821223,0.2691183866991152,0.27375806954226056,18000,28000,Windows-AMD64-py3.14.3,self-contained local validation harness; charged-time accounting is disclosed by timing_mode,5.0,5.0,16.0,5.0,1.0,fixed
minigrid-empty-5x5-fullyobs_robust-near-elite-DLGPR_seed8,a6544fd,2026-06-01T21:51:43,8,robust-near-elite-DLGPR,minigrid,MiniGrid/MiniGrid-Empty-5x5-v0/FullyObsWrapper,3.1.0,minigrid-empty-5x5-fullyobs,3,40.0,40.0,0.0,1.0,16.0,strict_rollout_equivalent_max,0.75,40.0,40.0,667.6399999996647,667.6399999996647,742.5667999777943,667.0625000842847,True,True,627.6399999996647,rollout_normalized,rollout-equivalent unit,1.0,GA,5.0,40,5,8,0,0,8,8,0.0,0.0,0.0,0.5,-1,1,5,40.0,40.0,40.0,False,False,0.0,0.0,1.0258790242339384,True,0.016209616479609945,0.0,True,8,0.305270035570468,0.2804842600450082,0.28497735212068537,18000,28000,Windows-AMD64-py3.14.3,self-contained local validation harness; charged-time accounting is disclosed by timing_mode,5.0,5.0,16.0,5.0,1.0,fixed
minigrid-empty-5x5-fullyobs_robust-near-elite-DLGPR_seed8,a6544fd,2026-06-01T21:51:43,8,robust-near-elite-DLGPR,minigrid,MiniGrid/MiniGrid-Empty-5x5-v0/FullyObsWrapper,3.1.0,minigrid-empty-5x5-fullyobs,4,40.0,40.0,0.0,1.0,16.0,strict_rollout_equivalent_max,0.75,40.0,40.0,659.748500038404,659.748500038404,734.7088999813423,659.1164998826571,True,True,619.748500038404,rollout_normalized,rollout-equivalent unit,1.0,GA,5.0,40,5,8,0,0,8,8,0.0,0.0,0.0,0.5,-1,1,5,40.0,40.0,40.0,False,False,0.0,0.0,1.0258790242339384,True,0.019175857459615295,0.0,True,8,0.3016106801492884,0.28905946014764317,0.2943097126369279,18000,28000,Windows-AMD64-py3.14.3,self-contained local validation harness; charged-time accounting is disclosed by timing_mode,5.0,5.0,16.0,5.0,1.0,fixed
minigrid-empty-5x5-fullyobs_robust-near-elite-DLGPR_seed8,a6544fd,2026-06-01T21:51:43,8,robust-near-elite-DLGPR,minigrid,MiniGrid/MiniGrid-Empty-5x5-v0/FullyObsWrapper,3.1.0,minigrid-empty-5x5-fullyobs,5,40.0,40.0,0.0,1.0,16.0,strict_rollout_equivalent_max,0.75,40.0,40.0,691.6343999910168,691.6343999910168,772.1332000219263,691.0135000362061,True,True,651.6343999910168,rollout_normalized,rollout-equivalent unit,1.0,GA,5.0,40,5,8,0,0,8,8,0.0,0.0,0.0,0.5,-1,1,5,40.0,40.0,40.0,False,False,0.0,0.0,1.0258790242339384,True,0.015028982762456077,0.0,True,8,0.29874313432301763,0.29591545533731267,0.3006870134969626,18000,28000,Windows-AMD64-py3.14.3,self-contained local validation harness; charged-time accounting is disclosed by timing_mode,5.0,5.0,16.0,5.0,1.0,fixed
minigrid-empty-5x5-fullyobs_robust-near-elite-DLGPR_seed8,a6544fd,2026-06-01T21:51:43,8,robust-near-elite-DLGPR,minigrid,MiniGrid/MiniGrid-Empty-5x5-v0/FullyObsWrapper,3.1.0,minigrid-empty-5x5-fullyobs,6,40.0,40.0,0.0,1.0,16.0,strict_rollout_equivalent_max,0.75,37.0,37.0,604.8329999903217,604.8329999903217,679.1189999785274,604.6096000936814,True,True,564.8329999903217,rollout_normalized,rollout-equivalent unit,1.0,RL,16.0,37,16,0,1,2,3,3,0.0,0.0,0.0,0.5,-1,1,5,40.0,40.0,40.0,False,False,0.0,0.0,0.0,False,0.0,0.0,True,5,0.15079321707907825,0.2108352243673743,0.17553388194207756,18000,28000,Windows-AMD64-py3.14.3,self-contained local validation harness; charged-time accounting is disclosed by timing_mode,5.0,5.0,16.0,16.0,0.925,fixed
minigrid-empty-5x5-fullyobs_robust-near-elite-DLGPR_seed8,a6544fd,2026-06-01T21:51:43,8,robust-near-elite-DLGPR,minigrid,MiniGrid/MiniGrid-Empty-5x5-v0/FullyObsWrapper,3.1.0,minigrid-empty-5x5-fullyobs,7,40.0,40.0,0.0,1.0,16.0,strict_rollout_equivalent_max,0.75,36.0,36.0,582.1877000271343,582.1877000271343,658.118600025773,581.8524999776855,True,True,542.1877000271343,rollout_normalized,rollout-equivalent unit,1.0,PSO,5.0,36,5,0,4,1,5,5,0.0,0.0,0.0,0.5,-1,1,5,40.0,40.0,40.0,False,False,0.0,0.0,0.0,False,0.022950201388209288,0.0,True,6,0.0687630664523679,0.12313180845898253,0.15514651018763873,18000,28000,Windows-AMD64-py3.14.3,self-contained local validation harness; charged-time accounting is disclosed by timing_mode,5.0,5.0,16.0,5.0,0.9,fixed
minigrid-empty-5x5-fullyobs_robust-near-elite-DLGPR_seed8,a6544fd,2026-06-01T21:51:43,8,robust-near-elite-DLGPR,minigrid,MiniGrid/MiniGrid-Empty-5x5-v0/FullyObsWrapper,3.1.0,minigrid-empty-5x5-fullyobs,8,40.0,40.0,0.0,1.0,16.0,strict_rollout_equivalent_max,0.75,37.0,37.0,599.6248999726959,599.6248999726959,676.4886000310071,599.3735000374727,True,True,559.6248999726959,rollout_normalized,rollout-equivalent unit,1.0,PSO,5.0,37,5,0,1,2,3,3,0.0,0.0,0.0,0.5,-1,1,5,40.0,40.0,40.0,False,False,0.0,0.0,0.0,False,0.02167376346783687,0.0,True,5,0.05419163870967309,0.11471875712242481,0.1270965830395975,18000,28000,Windows-AMD64-py3.14.3,self-contained local validation harness; charged-time accounting is disclosed by timing_mode,5.0,5.0,16.0,5.0,0.925,fixed
minigrid-empty-5x5-fullyobs_robust-near-elite-DLGPR_seed8,a6544fd,2026-06-01T21:51:43,8,robust-near-elite-DLGPR,minigrid,MiniGrid/MiniGrid-Empty-5x5-v0/FullyObsWrapper,3.1.0,minigrid-empty-5x5-fullyobs,9,40.0,40.0,0.0,1.0,16.0,strict_rollout_equivalent_max,0.75,37.0,37.0,608.5872999974526,608.5872999974526,683.7527999887243,608.3139000693336,True,True,568.5872999974526,rollout_normalized,rollout-equivalent unit,1.0,PSO,5.0,37,5,0,1,2,3,3,0.0,0.0,0.0,0.5,-1,1,5,40.0,40.0,40.0,False,False,0.0,0.0,0.0,False,0.022188973109081547,0.0,True,5,0.048186956597416813,0.10794705377163466,0.11286943350307475,18000,28000,Windows-AMD64-py3.14.3,self-contained local validation harness; charged-time accounting is disclosed by timing_mode,5.0,5.0,16.0,5.0,0.925,fixed
minigrid-empty-5x5-fullyobs_robust-near-elite-DLGPR_seed8,a6544fd,2026-06-01T21:51:43,8,robust-near-elite-DLGPR,minigrid,MiniGrid/MiniGrid-Empty-5x5-v0/FullyObsWrapper,3.1.0,minigrid-empty-5x5-fullyobs,10,40.0,40.0,0.0,1.0,16.0,strict_rollout_equivalent_max,0.75,37.0,37.0,611.6456000017934,611.6456000017934,690.7216000254266,611.4109000191092,True,True,571.6456000017934,rollout_normalized,rollout-equivalent unit,1.0,RL,16.0,37,16,0,1,2,3,3,0.0,0.0,0.0,0.5,-1,1,5,40.0,40.0,40.0,False,False,0.0,0.0,0.0,False,0.0,0.0,True,5,0.04578925213001255,0.10234323062648581,0.10024107053294956,18000,28000,Windows-AMD64-py3.14.3,self-contained local validation harness; charged-time accounting is disclosed by timing_mode,5.0,5.0,16.0,16.0,0.925,fixed
minigrid-empty-5x5-fullyobs_robust-near-elite-DLGPR_seed8,a6544fd,2026-06-01T21:51:43,8,robust-near-elite-DLGPR,minigrid,MiniGrid/MiniGrid-Empty-5x5-v0/FullyObsWrapper,3.1.0,minigrid-empty-5x5-fullyobs,11,40.0,40.0,0.0,1.0,16.0,strict_rollout_equivalent_max,0.75,36.0,36.0,581.0731999808922,581.0731999808922,657.7337999478914,580.700800055638,True,True,541.0731999808922,rollout_normalized,rollout-equivalent unit,1.0,PSO,5.0,36,5,0,4,1,5,5,0.0,0.0,0.0,0.5,-1,1,5,40.0,40.0,40.0,False,False,0.0,0.0,0.0,False,0.019369025801626624,0.0,True,6,0.044699474390940935,0.08589362707327172,0.0973861126871986,18000,28000,Windows-AMD64-py3.14.3,self-contained local validation harness; charged-time accounting is disclosed by timing_mode,5.0,5.0,16.0,5.0,0.9,fixed
minigrid-empty-5x5-fullyobs_robust-near-elite-DLGPR_seed9,a6544fd,2026-06-01T21:51:52,9,robust-near-elite-DLGPR,minigrid,MiniGrid/MiniGrid-Empty-5x5-v0/FullyObsWrapper,3.1.0,minigrid-empty-5x5-fullyobs,0,40.0,40.0,0.0,1.0,16.0,strict_rollout_equivalent_max,0.75,40.0,40.0,660.7945000287145,660.7945000287145,735.9289000160061,660.1225000922568,True,True,620.7945000287145,rollout_normalized,rollout-equivalent unit,1.0,GA,5.0,40,5,8,0,0,8,8,0.0,0.0,0.0,0.5,-1,1,5,40.0,40.0,40.0,False,False,0.0,0.0,1.0885950813006595,True,0.020099200082902516,0.0,True,8,0.31901835397199185,0.22234557110512668,0.22754786156772092,19000,29000,Windows-AMD64-py3.14.3,self-contained local validation harness; charged-time accounting is disclosed by timing_mode,5.0,5.0,16.0,5.0,1.0,fixed
minigrid-empty-5x5-fullyobs_robust-near-elite-DLGPR_seed9,a6544fd,2026-06-01T21:51:52,9,robust-near-elite-DLGPR,minigrid,MiniGrid/MiniGrid-Empty-5x5-v0/FullyObsWrapper,3.1.0,minigrid-empty-5x5-fullyobs,1,40.0,40.0,0.0,1.0,16.0,strict_rollout_equivalent_max,0.75,40.0,40.0,648.8464000285603,648.8464000285603,727.5193000095896,648.2412999612279,True,True,608.8464000285603,rollout_normalized,rollout-equivalent unit,1.0,GA,5.0,40,5,8,0,0,8,8,0.0,0.0,0.0,0.5,-1,1,5,40.0,40.0,40.0,False,False,0.0,0.0,1.0885950813006595,True,0.020598870970272288,0.0,True,8,0.33065708009730393,0.25248227708349125,0.25783720740139515,19000,29000,Windows-AMD64-py3.14.3,self-contained local validation harness; charged-time accounting is disclosed by timing_mode,5.0,5.0,16.0,5.0,1.0,fixed
minigrid-empty-5x5-fullyobs_robust-near-elite-DLGPR_seed9,a6544fd,2026-06-01T21:51:52,9,robust-near-elite-DLGPR,minigrid,MiniGrid/MiniGrid-Empty-5x5-v0/FullyObsWrapper,3.1.0,minigrid-empty-5x5-fullyobs,2,40.0,40.0,0.0,1.0,16.0,strict_rollout_equivalent_max,0.75,40.0,40.0,667.5302000367083,667.5302000367083,747.0483999932185,666.9073999510147,True,True,627.5302000367083,rollout_normalized,rollout-equivalent unit,1.0,GA,5.0,40,5,8,0,0,8,8,0.0,0.0,0.0,0.5,-1,1,5,40.0,40.0,40.0,False,False,0.0,0.0,1.0885950813006595,True,0.017311882122388055,0.0,True,8,0.3256993759626467,0.2691183866991152,0.27458131523912616,19000,29000,Windows-AMD64-py3.14.3,self-contained local validation harness; charged-time accounting is disclosed by timing_mode,5.0,5.0,16.0,5.0,1.0,fixed
minigrid-empty-5x5-fullyobs_robust-near-elite-DLGPR_seed9,a6544fd,2026-06-01T21:51:52,9,robust-near-elite-DLGPR,minigrid,MiniGrid/MiniGrid-Empty-5x5-v0/FullyObsWrapper,3.1.0,minigrid-empty-5x5-fullyobs,3,40.0,40.0,0.0,1.0,16.0,strict_rollout_equivalent_max,0.75,40.0,40.0,664.5071000093594,664.5071000093594,740.2689000009559,663.8847999274731,True,True,624.5071000093594,rollout_normalized,rollout-equivalent unit,1.0,GA,5.0,40,5,8,0,0,8,8,0.0,0.0,0.0,0.5,-1,1,5,40.0,40.0,40.0,False,False,0.0,0.0,1.0885950813006595,True,0.020606962369228744,0.0,True,8,0.32094747484213226,0.2804842600450082,0.28596877521676456,19000,29000,Windows-AMD64-py3.14.3,self-contained local validation harness; charged-time accounting is disclosed by timing_mode,5.0,5.0,16.0,5.0,1.0,fixed
minigrid-empty-5x5-fullyobs_robust-near-elite-DLGPR_seed9,a6544fd,2026-06-01T21:51:52,9,robust-near-elite-DLGPR,minigrid,MiniGrid/MiniGrid-Empty-5x5-v0/FullyObsWrapper,3.1.0,minigrid-empty-5x5-fullyobs,4,40.0,40.0,0.0,1.0,16.0,strict_rollout_equivalent_max,0.75,40.0,40.0,698.9639999810606,698.9639999810606,773.7469000276178,698.3215999789536,True,True,658.9639999810606,rollout_normalized,rollout-equivalent unit,1.0,GA,5.0,40,5,8,0,0,8,8,0.0,0.0,0.0,0.5,-1,1,5,40.0,40.0,40.0,False,False,0.0,0.0,1.0885950813006595,True,0.0206015274162775,0.0,True,8,0.3172895367386265,0.28905946014764317,0.29441942554071376,19000,29000,Windows-AMD64-py3.14.3,self-contained local validation harness; charged-time accounting is disclosed by timing_mode,5.0,5.0,16.0,5.0,1.0,fixed
minigrid-empty-5x5-fullyobs_robust-near-elite-DLGPR_seed9,a6544fd,2026-06-01T21:51:52,9,robust-near-elite-DLGPR,minigrid,MiniGrid/MiniGrid-Empty-5x5-v0/FullyObsWrapper,3.1.0,minigrid-empty-5x5-fullyobs,5,40.0,40.0,0.0,1.0,16.0,strict_rollout_equivalent_max,0.75,40.0,40.0,686.5442999987863,686.5442999987863,764.4833999802358,685.8404000522569,True,True,646.5442999987863,rollout_normalized,rollout-equivalent unit,1.0,GA,5.0,40,5,8,0,0,8,8,0.0,0.0,0.0,0.5,-1,1,5,40.0,40.0,40.0,False,False,0.0,0.0,1.0885950813006595,True,0.02150423539854849,0.0,True,8,0.31442213280415954,0.29591545533731267,0.30127883992849475,19000,29000,Windows-AMD64-py3.14.3,self-contained local validation harness; charged-time accounting is disclosed by timing_mode,5.0,5.0,16.0,5.0,1.0,fixed
minigrid-empty-5x5-fullyobs_robust-near-elite-DLGPR_seed9,a6544fd,2026-06-01T21:51:52,9,robust-near-elite-DLGPR,minigrid,MiniGrid/MiniGrid-Empty-5x5-v0/FullyObsWrapper,3.1.0,minigrid-empty-5x5-fullyobs,6,40.0,40.0,0.0,1.0,16.0,strict_rollout_equivalent_max,0.75,40.0,40.0,696.6369000147097,696.6369000147097,774.1138999699615,696.0285000386648,True,True,656.6369000147097,rollout_normalized,rollout-equivalent unit,1.0,GA,5.0,40,5,8,0,0,8,8,0.0,0.0,0.0,0.5,-1,1,5,40.0,40.0,40.0,False,False,0.0,0.0,1.0885950813006595,True,0.018135501622596275,0.0,True,8,0.31209797680368395,0.3016101018306207,0.30610080268110085,19000,29000,Windows-AMD64-py3.14.3,self-contained local validation harness; charged-time accounting is disclosed by timing_mode,5.0,5.0,16.0,5.0,1.0,fixed
minigrid-empty-5x5-fullyobs_robust-near-elite-DLGPR_seed9,a6544fd,2026-06-01T21:51:52,9,robust-near-elite-DLGPR,minigrid,MiniGrid/MiniGrid-Empty-5x5-v0/FullyObsWrapper,3.1.0,minigrid-empty-5x5-fullyobs,7,40.0,40.0,0.0,1.0,16.0,strict_rollout_equivalent_max,0.75,40.0,40.0,726.5262000146322,726.5262000146322,802.1558000473306,725.8573000435717,True,True,686.5262000146322,rollout_normalized,rollout-equivalent unit,1.0,GA,5.0,40,5,8,0,0,8,8,0.0,0.0,0.0,0.5,-1,1,5,40.0,40.0,40.0,False,False,0.0,0.0,1.0885950813006595,True,0.023775987400276043,0.0,True,8,0.31016166287532965,0.3064697596381278,0.31167985122791236,19000,29000,Windows-AMD64-py3.14.3,self-contained local validation harness; charged-time accounting is disclosed by timing_mode,5.0,5.0,16.0,5.0,1.0,fixed
minigrid-empty-5x5-fullyobs_robust-near-elite-DLGPR_seed9,a6544fd,2026-06-01T21:51:52,9,robust-near-elite-DLGPR,minigrid,MiniGrid/MiniGrid-Empty-5x5-v0/FullyObsWrapper,3.1.0,minigrid-empty-5x5-fullyobs,8,40.0,40.0,0.0,1.0,16.0,strict_rollout_equivalent_max,0.75,37.0,37.0,664.0968999709003,664.0968999709003,773.0744000291452,663.8541000429541,True,True,624.0968999709003,rollout_normalized,rollout-equivalent unit,1.0,RL,16.0,37,16,0,1,2,3,3,0.0,0.0,0.0,0.5,-1,1,5,40.0,40.0,40.0,False,False,0.0,0.0,0.0,False,0.0,0.0,True,5,0.1530305427993729,0.21787487620933077,0.18101678803850654,19000,29000,Windows-AMD64-py3.14.3,self-contained local validation harness; charged-time accounting is disclosed by timing_mode,5.0,5.0,16.0,16.0,0.925,fixed
minigrid-empty-5x5-fullyobs_robust-near-elite-DLGPR_seed9,a6544fd,2026-06-01T21:51:52,9,robust-near-elite-DLGPR,minigrid,MiniGrid/MiniGrid-Empty-5x5-v0/FullyObsWrapper,3.1.0,minigrid-empty-5x5-fullyobs,9,40.0,40.0,0.0,1.0,16.0,strict_rollout_equivalent_max,0.75,36.0,36.0,750.0581000349484,750.0581000349484,837.2388000134379,749.4644999969751,True,True,710.0581000349484,rollout_normalized,rollout-equivalent unit,1.0,PSO,5.0,36,5,0,4,1,5,5,0.0,0.0,0.0,0.5,-1,1,5,40.0,40.0,40.0,False,False,0.0,0.0,0.0,False,0.017043813321702305,0.0,True,6,0.06578336763380782,0.12684330058898052,0.160280988006997,19000,29000,Windows-AMD64-py3.14.3,self-contained local validation harness; charged-time accounting is disclosed by timing_mode,5.0,5.0,16.0,5.0,0.9,fixed
minigrid-empty-5x5-fullyobs_robust-near-elite-DLGPR_seed9,a6544fd,2026-06-01T21:51:52,9,robust-near-elite-DLGPR,minigrid,MiniGrid/MiniGrid-Empty-5x5-v0/FullyObsWrapper,3.1.0,minigrid-empty-5x5-fullyobs,10,40.0,40.0,0.0,1.0,16.0,strict_rollout_equivalent_max,0.75,37.0,37.0,696.85769994976,696.85769994976,771.9138000393286,696.5549000306055,True,True,656.85769994976,rollout_normalized,rollout-equivalent unit,1.0,PSO,5.0,37,5,0,1,2,3,3,0.0,0.0,0.0,0.5,-1,1,5,40.0,40.0,40.0,False,False,0.0,0.0,0.0,False,0.02026197952457629,0.0,True,5,0.05021245301941955,0.11798395784200158,0.13078358618085828,19000,29000,Windows-AMD64-py3.14.3,self-contained local validation harness; charged-time accounting is disclosed by timing_mode,5.0,5.0,16.0,5.0,0.925,fixed
minigrid-empty-5x5-fullyobs_robust-near-elite-DLGPR_seed9,a6544fd,2026-06-01T21:51:52,9,robust-near-elite-DLGPR,minigrid,MiniGrid/MiniGrid-Empty-5x5-v0/FullyObsWrapper,3.1.0,minigrid-empty-5x5-fullyobs,11,40.0,40.0,0.0,1.0,16.0,strict_rollout_equivalent_max,0.75,37.0,37.0,650.1992999692447,650.1992999692447,733.0092000192963,649.961200018879,True,True,610.1992999692447,rollout_normalized,rollout-equivalent unit,1.0,PSO,5.0,37,5,0,1,2,3,3,0.0,0.0,0.0,0.5,-1,1,5,40.0,40.0,40.0,False,False,0.0,0.0,0.0,False,0.018293306871245463,0.0,True,5,0.04374002072472902,0.11085608727112597,0.11503493822912002,19000,29000,Windows-AMD64-py3.14.3,self-contained local validation harness; charged-time accounting is disclosed by timing_mode,5.0,5.0,16.0,5.0,0.925,fixed
minigrid-empty-5x5-fullyobs_DLGPR-full_seed0,a6544fd,2026-06-01T21:52:02,0,DLGPR-full,minigrid,MiniGrid/MiniGrid-Empty-5x5-v0/FullyObsWrapper,3.1.0,minigrid-empty-5x5-fullyobs,0,40.0,40.0,0.0,1.0,16.0,strict_rollout_equivalent_max,0.75,39.0,39.0,726.6162000014447,726.6162000014447,753.7892000400461,725.1836000359617,True,True,686.6162000014447,rollout_normalized,rollout-equivalent unit,1.0,GA,2.0,39,2,15,1,1,17,17,0.9549999999999998,0.9549999999999998,1.0,0.5,32,1,2,39.0,39.0,39.0,False,False,0.0,0.0,1.0372299338996565,True,0.056824516715368256,0.0,True,18,0.3190909898748452,0.1803238261471064,0.19412927454358406,10000,20000,Windows-AMD64-py3.14.3,self-contained local validation harness; charged-time accounting is disclosed by timing_mode,2.0,2.0,7.0,2.0,0.975,fixed
minigrid-empty-5x5-fullyobs_DLGPR-full_seed0,a6544fd,2026-06-01T21:52:02,0,DLGPR-full,minigrid,MiniGrid/MiniGrid-Empty-5x5-v0/FullyObsWrapper,3.1.0,minigrid-empty-5x5-fullyobs,1,40.0,40.0,0.0,1.0,16.0,strict_rollout_equivalent_max,0.75,39.0,39.0,654.6947999740951,654.6947999740951,677.8228000039235,653.2883999752812,True,True,614.6947999740951,rollout_normalized,rollout-equivalent unit,1.0,GA,2.0,39,2,15,1,1,17,17,0.9549999999999998,0.9549999999999998,1.0,0.5,32,1,2,39.0,39.0,39.0,False,False,0.0,0.0,0.9529425141994408,True,0.04365233525217738,0.0,True,18,0.2895425272293214,0.16329455122927589,0.174710358427085,10000,20000,Windows-AMD64-py3.14.3,self-contained local validation harness; charged-time accounting is disclosed by timing_mode,2.0,2.0,7.0,2.0,0.975,fixed
minigrid-empty-5x5-fullyobs_DLGPR-full_seed0,a6544fd,2026-06-01T21:52:02,0,DLGPR-full,minigrid,MiniGrid/MiniGrid-Empty-5x5-v0/FullyObsWrapper,3.1.0,minigrid-empty-5x5-fullyobs,2,40.0,40.0,0.0,1.0,16.0,strict_rollout_equivalent_max,0.75,39.0,39.0,669.4948999793269,669.4948999793269,693.3551999973133,668.0401999619789,True,True,629.4948999793269,rollout_normalized,rollout-equivalent unit,1.0,GA,2.0,39,2,15,1,1,17,17,0.9549999999999998,0.9549999999999998,1.0,0.5,32,1,2,39.0,39.0,39.0,False,False,0.0,0.0,0.8979782080646745,True,0.04010544022180662,0.0,True,18,0.2690911486912481,0.14908301686315759,0.15866888500025056,10000,20000,Windows-AMD64-py3.14.3,self-contained local validation harness; charged-time accounting is disclosed by timing_mode,2.0,2.0,7.0,2.0,0.975,fixed
minigrid-empty-5x5-fullyobs_DLGPR-full_seed0,a6544fd,2026-06-01T21:52:02,0,DLGPR-full,minigrid,MiniGrid/MiniGrid-Empty-5x5-v0/FullyObsWrapper,3.1.0,minigrid-empty-5x5-fullyobs,3,40.0,40.0,0.0,1.0,16.0,strict_rollout_equivalent_max,0.75,39.0,39.0,632.1075999876484,632.1075999876484,656.6000999882817,630.5557999294251,True,True,592.1075999876484,rollout_normalized,rollout-equivalent unit,1.0,GA,2.0,39,2,15,1,1,17,17,0.9549999999999998,0.9549999999999998,1.0,0.5,32,1,2,39.0,39.0,39.0,False,False,0.0,0.0,0.6039266037544241,True,0.041057505959479434,0.0,True,18,0.19989258259750464,0.13803434091083155,0.1478222747449256,10000,20000,Windows-AMD64-py3.14.3,self-contained local validation harness; charged-time accounting is disclosed by timing_mode,2.0,2.0,7.0,2.0,0.975,fixed
minigrid-empty-5x5-fullyobs_DLGPR-full_seed0,a6544fd,2026-06-01T21:52:02,0,DLGPR-full,minigrid,MiniGrid/MiniGrid-Empty-5x5-v0/FullyObsWrapper,3.1.0,minigrid-empty-5x5-fullyobs,4,40.0,40.0,0.0,1.0,16.0,strict_rollout_equivalent_max,0.75,40.0,40.0,746.3214000454172,746.3214000454172,773.543499992229,745.3454000060447,True,True,706.3214000454172,rollout_normalized,rollout-equivalent unit,1.0,PSO,2.0,40,2,1,5,4,10,10,0.9549999999999998,0.9549999999999998,1.0,0.5,32,1,2,39.8,39.96,40.0,False,False,0.0,0.0,0.0,False,0.052055688817948864,0.0,True,14,0.05168597806817952,0.09915269874315473,0.11384918407164833,10000,20000,Windows-AMD64-py3.14.3,self-contained local validation harness; charged-time accounting is disclosed by timing_mode,2.0,2.0,7.0,2.0,1.0,fixed
minigrid-empty-5x5-fullyobs_DLGPR-full_seed0,a6544fd,2026-06-01T21:52:02,0,DLGPR-full,minigrid,MiniGrid/MiniGrid-Empty-5x5-v0/FullyObsWrapper,3.1.0,minigrid-empty-5x5-fullyobs,5,40.0,40.0,0.0,1.0,16.0,strict_rollout_equivalent_max,0.75,39.0,39.0,667.2321999794804,667.2321999794804,689.9794000200927,666.7087000678293,True,True,627.2321999794804,rollout_normalized,rollout-equivalent unit,1.0,RL,7.0,39,7,1,1,5,7,7,0.9549999999999998,0.9549999999999998,1.0,0.5,32,1,2,39.75,39.95,40.0,False,False,0.0,0.0,0.0,False,0.0,0.0,True,12,0.04818701294869438,0.09545242230637681,0.09452478816778305,10000,20000,Windows-AMD64-py3.14.3,self-contained local validation harness; charged-time accounting is disclosed by timing_mode,2.0,2.0,7.0,7.0,0.975,fixed
minigrid-empty-5x5-fullyobs_DLGPR-full_seed0,a6544fd,2026-06-01T21:52:02,0,DLGPR-full,minigrid,MiniGrid/MiniGrid-Empty-5x5-v0/FullyObsWrapper,3.1.0,minigrid-empty-5x5-fullyobs,6,40.0,40.0,0.0,1.0,16.0,strict_rollout_equivalent_max,0.75,40.0,40.0,690.8716000034474,690.8716000034474,715.778500016313,690.1254000840709,True,True,650.8716000034474,rollout_normalized,rollout-equivalent unit,1.0,PSO,2.0,40,2,1,5,4,10,10,0.9549999999999998,0.9549999999999998,1.0,0.5,32,1,2,40.0,40.0,40.0,False,False,0.0,0.0,0.0,False,0.054728229101695954,0.0,True,14,0.043359728812912016,0.08011625705343231,0.08342413762990941,10000,20000,Windows-AMD64-py3.14.3,self-contained local validation harness; charged-time accounting is disclosed by timing_mode,2.0,2.0,7.0,2.0,1.0,fixed
minigrid-empty-5x5-fullyobs_DLGPR-full_seed0,a6544fd,2026-06-01T21:52:02,0,DLGPR-full,minigrid,MiniGrid/MiniGrid-Empty-5x5-v0/FullyObsWrapper,3.1.0,minigrid-empty-5x5-fullyobs,7,40.0,40.0,0.0,1.0,16.0,strict_rollout_equivalent_max,0.75,39.0,39.0,673.3933000359684,673.3933000359684,697.7136000059545,672.8591999853961,True,True,633.3933000359684,rollout_normalized,rollout-equivalent unit,1.0,RL,7.0,39,7,1,1,5,7,7,0.9549999999999998,0.9549999999999998,1.0,0.5,32,1,2,40.0,40.0,40.0,False,False,0.0,0.0,0.0,False,0.0,0.0,True,12,0.04721266222613858,0.07832113464117077,0.07737094403944023,10000,20000,Windows-AMD64-py3.14.3,self-contained local validation harness; charged-time accounting is disclosed by timing_mode,2.0,2.0,7.0,7.0,0.975,fixed
minigrid-empty-5x5-fullyobs_DLGPR-full_seed0,a6544fd,2026-06-01T21:52:02,0,DLGPR-full,minigrid,MiniGrid/MiniGrid-Empty-5x5-v0/FullyObsWrapper,3.1.0,minigrid-empty-5x5-fullyobs,8,40.0,40.0,0.0,1.0,16.0,strict_rollout_equivalent_max,0.75,40.0,40.0,718.0768999969587,718.0768999969587,741.5467000100762,717.3377999570221,True,True,678.0768999969587,rollout_normalized,rollout-equivalent unit,1.0,RL,7.0,40,7,1,5,4,10,10,0.9549999999999998,0.9549999999999998,1.0,0.5,32,1,2,40.0,40.0,40.0,False,False,0.0,0.0,0.0,False,0.11585714285714284,0.0,True,14,0.043382083694944354,0.06953293069442566,0.07648233991086448,10000,20000,Windows-AMD64-py3.14.3,self-contained local validation harness; charged-time accounting is disclosed by timing_mode,2.0,2.0,7.0,7.0,1.0,fixed
minigrid-empty-5x5-fullyobs_DLGPR-full_seed0,a6544fd,2026-06-01T21:52:02,0,DLGPR-full,minigrid,MiniGrid/MiniGrid-Empty-5x5-v0/FullyObsWrapper,3.1.0,minigrid-empty-5x5-fullyobs,9,40.0,40.0,0.0,1.0,16.0,strict_rollout_equivalent_max,0.75,40.0,40.0,724.3314000079408,724.3314000079408,747.603900032118,723.5073000192642,True,True,684.3314000079408,rollout_normalized,rollout-equivalent unit,1.0,PSO,2.0,40,2,1,5,4,10,10,0.9549999999999998,0.9549999999999998,1.0,0.5,32,1,2,40.0,40.0,40.0,False,False,0.0,0.0,0.0,False,0.04167725791560861,0.0,True,14,0.04321630336796114,0.06332577381664604,0.06636879410030146,10000,20000,Windows-AMD64-py3.14.3,self-contained local validation harness; charged-time accounting is disclosed by timing_mode,2.0,2.0,7.0,2.0,1.0,fixed
minigrid-empty-5x5-fullyobs_DLGPR-full_seed0,a6544fd,2026-06-01T21:52:02,0,DLGPR-full,minigrid,MiniGrid/MiniGrid-Empty-5x5-v0/FullyObsWrapper,3.1.0,minigrid-empty-5x5-fullyobs,10,40.0,40.0,0.0,1.0,16.0,strict_rollout_equivalent_max,0.75,40.0,40.0,702.9784000478685,702.9784000478685,727.6904000318609,702.1012000623159,True,True,662.9784000478685,rollout_normalized,rollout-equivalent unit,1.0,PSO,2.0,40,2,1,5,4,10,10,0.9549999999999998,0.9549999999999998,1.0,0.5,32,1,2,40.0,40.0,40.0,False,False,0.0,0.0,0.0,False,0.04718156194131895,0.0,True,14,0.043229956117110675,0.05863895233358898,0.06627199341735582,10000,20000,Windows-AMD64-py3.14.3,self-contained local validation harness; charged-time accounting is disclosed by timing_mode,2.0,2.0,7.0,2.0,1.0,fixed
minigrid-empty-5x5-fullyobs_DLGPR-full_seed0,a6544fd,2026-06-01T21:52:02,0,DLGPR-full,minigrid,MiniGrid/MiniGrid-Empty-5x5-v0/FullyObsWrapper,3.1.0,minigrid-empty-5x5-fullyobs,11,40.0,40.0,0.0,1.0,16.0,strict_rollout_equivalent_max,0.75,40.0,40.0,676.421600044705,676.421600044705,700.6713000009768,675.6311000790447,True,True,636.421600044705,rollout_normalized,rollout-equivalent unit,1.0,PSO,2.0,40,2,1,5,4,10,10,0.9549999999999998,0.9549999999999998,1.0,0.5,32,1,2,40.0,40.0,40.0,False,False,0.0,0.0,0.0,False,0.039221119417494954,0.0,True,14,0.0432316009517226,0.05493583583547114,0.06214400244503209,10000,20000,Windows-AMD64-py3.14.3,self-contained local validation harness; charged-time accounting is disclosed by timing_mode,2.0,2.0,7.0,2.0,1.0,fixed
minigrid-empty-5x5-fullyobs_DLGPR-full_seed1,a6544fd,2026-06-01T21:52:11,1,DLGPR-full,minigrid,MiniGrid/MiniGrid-Empty-5x5-v0/FullyObsWrapper,3.1.0,minigrid-empty-5x5-fullyobs,0,40.0,40.0,0.0,1.0,16.0,strict_rollout_equivalent_max,0.75,39.0,39.0,710.7094999519177,710.7094999519177,787.7151999855414,709.2590001411736,True,True,670.7094999519177,rollout_normalized,rollout-equivalent unit,1.0,GA,2.0,39,2,15,1,1,17,17,0.0,0.0,0.0,0.5,-1,1,2,39.0,39.0,39.0,False,False,0.0,0.0,1.114184163303725,True,0.04935710651933145,0.0,True,18,0.3380349606819486,0.1803238261471064,0.19420066383222004,11000,21000,Windows-AMD64-py3.14.3,self-contained local validation harness; charged-time accounting is disclosed by timing_mode,2.0,2.0,7.0,2.0,0.975,fixed
minigrid-empty-5x5-fullyobs_DLGPR-full_seed1,a6544fd,2026-06-01T21:52:11,1,DLGPR-full,minigrid,MiniGrid/MiniGrid-Empty-5x5-v0/FullyObsWrapper,3.1.0,minigrid-empty-5x5-fullyobs,1,40.0,40.0,0.0,1.0,16.0,strict_rollout_equivalent_max,0.75,39.0,39.0,690.8131999662146,690.8131999662146,768.892899970524,689.5068999729119,True,True,650.8131999662146,rollout_normalized,rollout-equivalent unit,1.0,GA,2.0,39,2,15,1,1,17,17,0.0,0.0,0.0,0.5,-1,1,2,39.0,39.0,39.0,False,False,0.0,0.0,1.114184163303725,True,0.043793239215948576,0.0,True,18,0.3271411836760745,0.16329455122927589,0.17554660615847129,11000,21000,Windows-AMD64-py3.14.3,self-contained local validation harness; charged-time accounting is disclosed by timing_mode,2.0,2.0,7.0,2.0,0.975,fixed
minigrid-empty-5x5-fullyobs_DLGPR-full_seed1,a6544fd,2026-06-01T21:52:11,1,DLGPR-full,minigrid,MiniGrid/MiniGrid-Empty-5x5-v0/FullyObsWrapper,3.1.0,minigrid-empty-5x5-fullyobs,2,40.0,40.0,0.0,1.0,16.0,strict_rollout_equivalent_max,0.75,39.0,39.0,709.9565000389703,709.9565000389703,792.7116000209935,708.4701001294889,True,True,669.9565000389703,rollout_normalized,rollout-equivalent unit,1.0,GA,2.0,39,2,15,1,1,17,17,0.0,0.0,0.0,0.5,-1,1,2,39.0,39.0,39.0,False,False,0.0,0.0,1.114184163303725,True,0.05551280832745786,0.0,True,18,0.3203202965563927,0.14908301686315759,0.16161160204635505,11000,21000,Windows-AMD64-py3.14.3,self-contained local validation harness; charged-time accounting is disclosed by timing_mode,2.0,2.0,7.0,2.0,0.975,fixed
minigrid-empty-5x5-fullyobs_DLGPR-full_seed1,a6544fd,2026-06-01T21:52:11,1,DLGPR-full,minigrid,MiniGrid/MiniGrid-Empty-5x5-v0/FullyObsWrapper,3.1.0,minigrid-empty-5x5-fullyobs,3,40.0,40.0,0.0,1.0,16.0,strict_rollout_equivalent_max,0.75,39.0,39.0,717.5327999866568,717.5327999866568,794.4543999619782,716.1091002053581,True,True,677.5327999866568,rollout_normalized,rollout-equivalent unit,1.0,GA,2.0,39,2,15,1,1,17,17,0.0,0.0,0.0,0.5,-1,1,2,39.0,39.0,39.0,False,False,0.0,0.0,1.114184163303725,True,0.059494296017962085,0.0,True,18,0.3158773466250586,0.13803434091083155,0.15063038183220528,11000,21000,Windows-AMD64-py3.14.3,self-contained local validation harness; charged-time accounting is disclosed by timing_mode,2.0,2.0,7.0,2.0,0.975,fixed
minigrid-empty-5x5-fullyobs_DLGPR-full_seed1,a6544fd,2026-06-01T21:52:11,1,DLGPR-full,minigrid,MiniGrid/MiniGrid-Empty-5x5-v0/FullyObsWrapper,3.1.0,minigrid-empty-5x5-fullyobs,4,40.0,40.0,0.0,1.0,16.0,strict_rollout_equivalent_max,0.75,39.0,39.0,730.0215999712236,730.0215999712236,813.827499980107,728.4594002412632,True,True,690.0215999712236,rollout_normalized,rollout-equivalent unit,1.0,GA,2.0,39,2,15,1,1,17,17,0.0,0.0,0.0,0.5,-1,1,2,39.0,39.0,39.0,False,False,0.0,0.0,1.114184163303725,True,0.0445585798399617,0.0,True,18,0.3126724322751489,0.12924319077208923,0.14201322767323193,11000,21000,Windows-AMD64-py3.14.3,self-contained local validation harness; charged-time accounting is disclosed by timing_mode,2.0,2.0,7.0,2.0,0.975,fixed
minigrid-empty-5x5-fullyobs_DLGPR-full_seed1,a6544fd,2026-06-01T21:52:11,1,DLGPR-full,minigrid,MiniGrid/MiniGrid-Empty-5x5-v0/FullyObsWrapper,3.1.0,minigrid-empty-5x5-fullyobs,5,40.0,40.0,0.0,1.0,16.0,strict_rollout_equivalent_max,0.75,39.0,39.0,717.3726999899372,717.3726999899372,795.1918999897316,715.882999880705,True,True,677.3726999899372,rollout_normalized,rollout-equivalent unit,1.0,GA,2.0,39,2,15,1,1,17,17,0.0,0.0,0.0,0.5,-1,1,2,39.0,39.0,39.0,False,False,0.0,0.0,1.114184163303725,True,0.0404608477596905,0.0,True,18,0.31021010616913336,0.12205467289887922,0.13472809071692615,11000,21000,Windows-AMD64-py3.14.3,self-contained local validation harness; charged-time accounting is disclosed by timing_mode,2.0,2.0,7.0,2.0,0.975,fixed
minigrid-empty-5x5-fullyobs_DLGPR-full_seed1,a6544fd,2026-06-01T21:52:11,1,DLGPR-full,minigrid,MiniGrid/MiniGrid-Empty-5x5-v0/FullyObsWrapper,3.1.0,minigrid-empty-5x5-fullyobs,6,40.0,40.0,0.0,1.0,16.0,strict_rollout_equivalent_max,0.75,39.0,39.0,718.6243999749422,718.6243999749422,795.9388999734074,717.1537001268007,True,True,678.6243999749422,rollout_normalized,rollout-equivalent unit,1.0,GA,2.0,39,2,15,1,1,17,17,0.0,0.0,0.0,0.5,-1,1,2,39.0,39.0,39.0,False,False,0.0,0.0,1.114184163303725,True,0.05250408700606868,0.0,True,18,0.3082363245535444,0.1160380132826071,0.1298368777346512,11000,21000,Windows-AMD64-py3.14.3,self-contained local validation harness; charged-time accounting is disclosed by timing_mode,2.0,2.0,7.0,2.0,0.975,fixed
minigrid-empty-5x5-fullyobs_DLGPR-full_seed1,a6544fd,2026-06-01T21:52:11,1,DLGPR-full,minigrid,MiniGrid/MiniGrid-Empty-5x5-v0/FullyObsWrapper,3.1.0,minigrid-empty-5x5-fullyobs,7,40.0,40.0,0.0,1.0,16.0,strict_rollout_equivalent_max,0.75,39.0,39.0,689.7167999995872,689.7167999995872,766.4921000250615,688.2698001572862,True,True,649.7167999995872,rollout_normalized,rollout-equivalent unit,1.0,GA,2.0,39,2,15,1,1,17,17,0.0,0.0,0.0,0.5,-1,1,2,39.0,39.0,39.0,False,False,0.0,0.0,1.114184163303725,True,0.040280045153300637,0.0,True,18,0.3066050897786758,0.11090515008136598,0.12312179736344477,11000,21000,Windows-AMD64-py3.14.3,self-contained local validation harness; charged-time accounting is disclosed by timing_mode,2.0,2.0,7.0,2.0,0.975,fixed
minigrid-empty-5x5-fullyobs_DLGPR-full_seed1,a6544fd,2026-06-01T21:52:11,1,DLGPR-full,minigrid,MiniGrid/MiniGrid-Empty-5x5-v0/FullyObsWrapper,3.1.0,minigrid-empty-5x5-fullyobs,8,40.0,40.0,0.0,1.0,16.0,strict_rollout_equivalent_max,0.75,39.0,39.0,725.0065999687649,725.0065999687649,809.6730000106618,723.5601000138558,True,True,685.0065999687649,rollout_normalized,rollout-equivalent unit,1.0,GA,2.0,39,2,15,1,1,17,17,0.0,0.0,0.0,0.5,-1,1,2,39.0,39.0,39.0,False,False,0.0,0.0,1.114184163303725,True,0.061969384979905,0.0,True,18,0.3052255021744994,0.10645723721490553,0.11997672452113115,11000,21000,Windows-AMD64-py3.14.3,self-contained local validation harness; charged-time accounting is disclosed by timing_mode,2.0,2.0,7.0,2.0,0.975,fixed
minigrid-empty-5x5-fullyobs_DLGPR-full_seed1,a6544fd,2026-06-01T21:52:11,1,DLGPR-full,minigrid,MiniGrid/MiniGrid-Empty-5x5-v0/FullyObsWrapper,3.1.0,minigrid-empty-5x5-fullyobs,9,40.0,40.0,0.0,1.0,16.0,strict_rollout_equivalent_max,0.75,39.0,39.0,711.686099995859,711.686099995859,789.3657000386156,710.3208000771701,True,True,671.686099995859,rollout_normalized,rollout-equivalent unit,1.0,GA,2.0,39,2,15,1,1,17,17,0.0,0.0,0.0,0.5,-1,1,2,39.0,39.0,39.0,False,False,0.0,0.0,1.114184163303725,True,0.05830748282594134,0.0,True,18,0.3040374994541644,0.10255261621648835,0.11637067014749895,11000,21000,Windows-AMD64-py3.14.3,self-contained local validation harness; charged-time accounting is disclosed by timing_mode,2.0,2.0,7.0,2.0,0.975,fixed
minigrid-empty-5x5-fullyobs_DLGPR-full_seed1,a6544fd,2026-06-01T21:52:11,1,DLGPR-full,minigrid,MiniGrid/MiniGrid-Empty-5x5-v0/FullyObsWrapper,3.1.0,minigrid-empty-5x5-fullyobs,10,40.0,40.0,0.0,1.0,16.0,strict_rollout_equivalent_max,0.75,39.0,39.0,681.6963000455871,681.6963000455871,757.6556999702007,680.4308000137098,True,True,641.6963000455871,rollout_normalized,rollout-equivalent unit,1.0,GA,2.0,39,2,15,1,1,17,17,0.0,0.0,0.0,0.5,-1,1,2,39.0,39.0,39.0,False,False,0.0,0.0,1.114184163303725,True,0.03650744476197909,0.0,True,18,0.30299952755182324,0.09908747993720576,0.11035003466078845,11000,21000,Windows-AMD64-py3.14.3,self-contained local validation harness; charged-time accounting is disclosed by timing_mode,2.0,2.0,7.0,2.0,0.975,fixed
minigrid-empty-5x5-fullyobs_DLGPR-full_seed1,a6544fd,2026-06-01T21:52:11,1,DLGPR-full,minigrid,MiniGrid/MiniGrid-Empty-5x5-v0/FullyObsWrapper,3.1.0,minigrid-empty-5x5-fullyobs,11,40.0,40.0,0.0,1.0,16.0,strict_rollout_equivalent_max,0.75,39.0,39.0,668.7835999764502,668.7835999764502,699.641699960921,667.5476999371313,True,True,628.7835999764502,rollout_normalized,rollout-equivalent unit,1.0,GA,2.0,39,2,15,1,1,17,17,0.9369999999999999,0.9369999999999999,1.0,0.5,384,1,2,39.0,39.0,39.0,False,False,0.0,0.0,1.083294598619506,True,0.04987520522130118,0.0,True,18,0.3635000684884754,0.09598386263831186,0.10832568497625039,11000,21000,Windows-AMD64-py3.14.3,self-contained local validation harness; charged-time accounting is disclosed by timing_mode,2.0,2.0,7.0,2.0,0.975,fixed
minigrid-empty-5x5-fullyobs_DLGPR-full_seed2,a6544fd,2026-06-01T21:52:21,2,DLGPR-full,minigrid,MiniGrid/MiniGrid-Empty-5x5-v0/FullyObsWrapper,3.1.0,minigrid-empty-5x5-fullyobs,0,40.0,40.0,0.0,1.0,16.0,strict_rollout_equivalent_max,0.75,39.0,39.0,713.0907000391744,713.0907000391744,810.1515999878757,711.6460999823175,True,True,673.0907000391744,rollout_normalized,rollout-equivalent unit,1.0,GA,2.0,39,2,15,1,1,17,17,0.0,0.0,0.0,0.5,-1,1,2,39.0,39.0,39.0,False,False,0.0,0.0,1.0348231409227577,True,0.05262719150297124,0.0,True,18,0.3184985050140885,0.1803238261471064,0.19487463502748595,12000,22000,Windows-AMD64-py3.14.3,self-contained local validation harness; charged-time accounting is disclosed by timing_mode,2.0,2.0,7.0,2.0,0.975,fixed
minigrid-empty-5x5-fullyobs_DLGPR-full_seed2,a6544fd,2026-06-01T21:52:21,2,DLGPR-full,minigrid,MiniGrid/MiniGrid-Empty-5x5-v0/FullyObsWrapper,3.1.0,minigrid-empty-5x5-fullyobs,1,40.0,40.0,0.0,1.0,16.0,strict_rollout_equivalent_max,0.75,39.0,39.0,677.2671999642625,677.2671999642625,775.2627999871038,675.9014000999741,True,True,637.2671999642625,rollout_normalized,rollout-equivalent unit,1.0,GA,2.0,39,2,15,1,1,17,17,0.0,0.0,0.0,0.5,-1,1,2,39.0,39.0,39.0,False,False,0.0,0.0,1.0348231409227577,True,0.04200314845891917,0.0,True,18,0.3074578735099427,0.16329455122927589,0.17591248431512305,12000,22000,Windows-AMD64-py3.14.3,self-contained local validation harness; charged-time accounting is disclosed by timing_mode,2.0,2.0,7.0,2.0,0.975,fixed
minigrid-empty-5x5-fullyobs_DLGPR-full_seed2,a6544fd,2026-06-01T21:52:21,2,DLGPR-full,minigrid,MiniGrid/MiniGrid-Empty-5x5-v0/FullyObsWrapper,3.1.0,minigrid-empty-5x5-fullyobs,2,40.0,40.0,0.0,1.0,16.0,strict_rollout_equivalent_max,0.75,39.0,39.0,717.5406999886036,717.5406999886036,815.66570000723,716.1147999577224,True,True,677.5406999886036,rollout_normalized,rollout-equivalent unit,1.0,GA,2.0,39,2,15,1,1,17,17,0.0,0.0,0.0,0.5,-1,1,2,39.0,39.0,39.0,False,False,0.0,0.0,1.0348231409227577,True,0.042785684192769624,0.0,True,18,0.3006358824928073,0.14908301686315759,0.1615864159337064,12000,22000,Windows-AMD64-py3.14.3,self-contained local validation harness; charged-time accounting is disclosed by timing_mode,2.0,2.0,7.0,2.0,0.975,fixed
minigrid-empty-5x5-fullyobs_DLGPR-full_seed2,a6544fd,2026-06-01T21:52:21,2,DLGPR-full,minigrid,MiniGrid/MiniGrid-Empty-5x5-v0/FullyObsWrapper,3.1.0,minigrid-empty-5x5-fullyobs,3,40.0,40.0,0.0,1.0,16.0,strict_rollout_equivalent_max,0.75,39.0,39.0,696.1193999741226,696.1193999741226,792.9343999712728,694.7007000562735,True,True,656.1193999741226,rollout_normalized,rollout-equivalent unit,1.0,GA,2.0,39,2,15,1,1,17,17,0.0,0.0,0.0,0.5,-1,1,2,39.0,39.0,39.0,False,False,0.0,0.0,1.0348231409227577,True,0.043095441958773684,0.0,True,18,0.29619292426353483,0.13803434091083155,0.14998664211772741,12000,22000,Windows-AMD64-py3.14.3,self-contained local validation harness; charged-time accounting is disclosed by timing_mode,2.0,2.0,7.0,2.0,0.975,fixed
minigrid-empty-5x5-fullyobs_DLGPR-full_seed2,a6544fd,2026-06-01T21:52:21,2,DLGPR-full,minigrid,MiniGrid/MiniGrid-Empty-5x5-v0/FullyObsWrapper,3.1.0,minigrid-empty-5x5-fullyobs,4,40.0,40.0,0.0,1.0,16.0,strict_rollout_equivalent_max,0.75,39.0,39.0,726.6315000015311,726.6315000015311,824.4481000001542,725.2421000157483,True,True,686.6315000015311,rollout_normalized,rollout-equivalent unit,1.0,GA,2.0,39,2,15,1,1,17,17,0.0,0.0,0.0,0.5,-1,1,2,39.0,39.0,39.0,False,False,0.0,0.0,1.0348231409227577,True,0.05312153432961386,0.0,True,18,0.2929880098512499,0.12924319077208923,0.14166119737666227,12000,22000,Windows-AMD64-py3.14.3,self-contained local validation harness; charged-time accounting is disclosed by timing_mode,2.0,2.0,7.0,2.0,0.975,fixed
minigrid-empty-5x5-fullyobs_DLGPR-full_seed2,a6544fd,2026-06-01T21:52:21,2,DLGPR-full,minigrid,MiniGrid/MiniGrid-Empty-5x5-v0/FullyObsWrapper,3.1.0,minigrid-empty-5x5-fullyobs,5,40.0,40.0,0.0,1.0,16.0,strict_rollout_equivalent_max,0.75,39.0,39.0,713.722400018014,713.722400018014,813.6631000088528,712.3370001208968,True,True,673.722400018014,rollout_normalized,rollout-equivalent unit,1.0,GA,2.0,39,2,15,1,1,17,17,0.0,0.0,0.0,0.5,-1,1,2,39.0,39.0,39.0,False,False,0.0,0.0,1.0348231409227577,True,0.05519325658275087,0.0,True,18,0.2905256837447655,0.12205467289887922,0.13477358375587645,12000,22000,Windows-AMD64-py3.14.3,self-contained local validation harness; charged-time accounting is disclosed by timing_mode,2.0,2.0,7.0,2.0,0.975,fixed
minigrid-empty-5x5-fullyobs_DLGPR-full_seed2,a6544fd,2026-06-01T21:52:21,2,DLGPR-full,minigrid,MiniGrid/MiniGrid-Empty-5x5-v0/FullyObsWrapper,3.1.0,minigrid-empty-5x5-fullyobs,6,40.0,40.0,0.0,1.0,16.0,strict_rollout_equivalent_max,0.75,39.0,39.0,688.8706000172533,688.8706000172533,785.5437000398524,687.5260997912847,True,True,648.8706000172533,rollout_normalized,rollout-equivalent unit,1.0,GA,2.0,39,2,15,1,1,17,17,0.0,0.0,0.0,0.5,-1,1,2,39.0,39.0,39.0,False,False,0.0,0.0,1.0348231409227577,True,0.04853023295520509,0.0,True,18,0.288551902129173,0.1160380132826071,0.12881274090321432,12000,22000,Windows-AMD64-py3.14.3,self-contained local validation harness; charged-time accounting is disclosed by timing_mode,2.0,2.0,7.0,2.0,0.975,fixed
minigrid-empty-5x5-fullyobs_DLGPR-full_seed2,a6544fd,2026-06-01T21:52:21,2,DLGPR-full,minigrid,MiniGrid/MiniGrid-Empty-5x5-v0/FullyObsWrapper,3.1.0,minigrid-empty-5x5-fullyobs,7,40.0,40.0,0.0,1.0,16.0,strict_rollout_equivalent_max,0.75,39.0,39.0,692.2045000246726,692.2045000246726,790.4076999984682,690.8270000712946,True,True,652.2045000246726,rollout_normalized,rollout-equivalent unit,1.0,GA,2.0,39,2,15,1,1,17,17,0.0,0.0,0.0,0.5,-1,1,2,39.0,39.0,39.0,False,False,0.0,0.0,1.0348231409227577,True,0.04953547894180077,0.0,True,18,0.2869206673543044,0.11090515008136598,0.12326205734409473,12000,22000,Windows-AMD64-py3.14.3,self-contained local validation harness; charged-time accounting is disclosed by timing_mode,2.0,2.0,7.0,2.0,0.975,fixed
minigrid-empty-5x5-fullyobs_DLGPR-full_seed2,a6544fd,2026-06-01T21:52:21,2,DLGPR-full,minigrid,MiniGrid/MiniGrid-Empty-5x5-v0/FullyObsWrapper,3.1.0,minigrid-empty-5x5-fullyobs,8,40.0,40.0,0.0,1.0,16.0,strict_rollout_equivalent_max,0.75,39.0,39.0,717.8844999871217,717.8844999871217,819.4286999641918,716.4824998471886,True,True,677.8844999871217,rollout_normalized,rollout-equivalent unit,1.0,GA,2.0,39,2,15,1,1,17,17,0.0,0.0,0.0,0.5,-1,1,2,39.0,39.0,39.0,False,False,0.0,0.0,1.0348231409227577,True,0.04078692173896625,0.0,True,18,0.285541079750128,0.10645723721490553,0.11802995895022761,12000,22000,Windows-AMD64-py3.14.3,self-contained local validation harness; charged-time accounting is disclosed by timing_mode,2.0,2.0,7.0,2.0,0.975,fixed
minigrid-empty-5x5-fullyobs_DLGPR-full_seed2,a6544fd,2026-06-01T21:52:21,2,DLGPR-full,minigrid,MiniGrid/MiniGrid-Empty-5x5-v0/FullyObsWrapper,3.1.0,minigrid-empty-5x5-fullyobs,9,40.0,40.0,0.0,1.0,16.0,strict_rollout_equivalent_max,0.75,39.0,39.0,701.9109999528155,701.9109999528155,799.3418000405654,700.5891999579035,True,True,661.9109999528155,rollout_normalized,rollout-equivalent unit,1.0,GA,2.0,39,2,15,1,1,17,17,0.0,0.0,0.0,0.5,-1,1,2,39.0,39.0,39.0,False,False,0.0,0.0,1.0348231409227577,True,0.043419187380952406,0.0,True,18,0.284353077029793,0.10255261621648835,0.11462179356145863,12000,22000,Windows-AMD64-py3.14.3,self-contained local validation harness; charged-time accounting is disclosed by timing_mode,2.0,2.0,7.0,2.0,0.975,fixed
minigrid-empty-5x5-fullyobs_DLGPR-full_seed2,a6544fd,2026-06-01T21:52:21,2,DLGPR-full,minigrid,MiniGrid/MiniGrid-Empty-5x5-v0/FullyObsWrapper,3.1.0,minigrid-empty-5x5-fullyobs,10,40.0,40.0,0.0,1.0,16.0,strict_rollout_equivalent_max,0.75,39.0,39.0,700.6690999842249,700.6690999842249,800.9790999931283,699.3760998593643,True,True,660.6690999842249,rollout_normalized,rollout-equivalent unit,1.0,GA,2.0,39,2,15,1,1,17,17,0.0,0.0,0.0,0.5,-1,1,2,39.0,39.0,39.0,False,False,0.0,0.0,1.0348231409227577,True,0.0421299967080333,0.0,True,18,0.28331510512745184,0.09908747993720576,0.11110878200436983,12000,22000,Windows-AMD64-py3.14.3,self-contained local validation harness; charged-time accounting is disclosed by timing_mode,2.0,2.0,7.0,2.0,0.975,fixed
minigrid-empty-5x5-fullyobs_DLGPR-full_seed2,a6544fd,2026-06-01T21:52:21,2,DLGPR-full,minigrid,MiniGrid/MiniGrid-Empty-5x5-v0/FullyObsWrapper,3.1.0,minigrid-empty-5x5-fullyobs,11,40.0,40.0,0.0,1.0,16.0,strict_rollout_equivalent_max,0.75,39.0,39.0,690.8255000016652,690.8255000016652,786.7673000437208,689.5699999295175,True,True,650.8255000016652,rollout_normalized,rollout-equivalent unit,1.0,GA,2.0,39,2,15,1,1,17,17,0.0,0.0,0.0,0.5,-1,1,2,39.0,39.0,39.0,False,False,0.0,0.0,1.0348231409227577,True,0.05383882960358655,0.0,True,18,0.28239734095987007,0.09598386263831186,0.10771421744830476,12000,22000,Windows-AMD64-py3.14.3,self-contained local validation harness; charged-time accounting is disclosed by timing_mode,2.0,2.0,7.0,2.0,0.975,fixed
minigrid-empty-5x5-fullyobs_DLGPR-full_seed3,a6544fd,2026-06-01T21:52:31,3,DLGPR-full,minigrid,MiniGrid/MiniGrid-Empty-5x5-v0/FullyObsWrapper,3.1.0,minigrid-empty-5x5-fullyobs,0,40.0,40.0,0.0,1.0,16.0,strict_rollout_equivalent_max,0.75,39.0,39.0,704.199800034985,704.199800034985,786.5503000211902,702.8214999008924,True,True,664.199800034985,rollout_normalized,rollout-equivalent unit,1.0,GA,2.0,39,2,15,1,1,17,17,0.0,0.0,0.0,0.5,-1,1,2,39.0,39.0,39.0,False,False,0.0,0.0,1.0528962878013794,True,0.05432629540808009,0.0,True,18,0.3229476063761899,0.1803238261471064,0.1931884540264821,13000,23000,Windows-AMD64-py3.14.3,self-contained local validation harness; charged-time accounting is disclosed by timing_mode,2.0,2.0,7.0,2.0,0.975,fixed
minigrid-empty-5x5-fullyobs_DLGPR-full_seed3,a6544fd,2026-06-01T21:52:31,3,DLGPR-full,minigrid,MiniGrid/MiniGrid-Empty-5x5-v0/FullyObsWrapper,3.1.0,minigrid-empty-5x5-fullyobs,1,40.0,40.0,0.0,1.0,16.0,strict_rollout_equivalent_max,0.75,39.0,39.0,690.8670000266284,690.8670000266284,775.4515999695286,689.4832001416944,True,True,650.8670000266284,rollout_normalized,rollout-equivalent unit,1.0,GA,2.0,39,2,15,1,1,17,17,0.0,0.0,0.0,0.5,-1,1,2,39.0,39.0,39.0,False,False,0.0,0.0,1.0528962878013794,True,0.04827256545396441,0.0,True,18,0.31194041853037185,0.16329455122927589,0.17516394071098285,13000,23000,Windows-AMD64-py3.14.3,self-contained local validation harness; charged-time accounting is disclosed by timing_mode,2.0,2.0,7.0,2.0,0.975,fixed
minigrid-empty-5x5-fullyobs_DLGPR-full_seed3,a6544fd,2026-06-01T21:52:31,3,DLGPR-full,minigrid,MiniGrid/MiniGrid-Empty-5x5-v0/FullyObsWrapper,3.1.0,minigrid-empty-5x5-fullyobs,2,40.0,40.0,0.0,1.0,16.0,strict_rollout_equivalent_max,0.75,39.0,39.0,710.5483000050299,710.5483000050299,791.0513000097126,709.1318999300711,True,True,670.5483000050299,rollout_normalized,rollout-equivalent unit,1.0,GA,2.0,39,2,15,1,1,17,17,0.0,0.0,0.0,0.5,-1,1,2,39.0,39.0,39.0,False,False,0.0,0.0,1.0528962878013794,True,0.043356938641542886,0.0,True,18,0.3051186789074376,0.14908301686315759,0.16104946042162036,13000,23000,Windows-AMD64-py3.14.3,self-contained local validation harness; charged-time accounting is disclosed by timing_mode,2.0,2.0,7.0,2.0,0.975,fixed
minigrid-empty-5x5-fullyobs_DLGPR-full_seed3,a6544fd,2026-06-01T21:52:31,3,DLGPR-full,minigrid,MiniGrid/MiniGrid-Empty-5x5-v0/FullyObsWrapper,3.1.0,minigrid-empty-5x5-fullyobs,3,40.0,40.0,0.0,1.0,16.0,strict_rollout_equivalent_max,0.75,39.0,39.0,680.2072999998927,680.2072999998927,761.1024999641813,678.8284999202006,True,True,640.2072999998927,rollout_normalized,rollout-equivalent unit,1.0,GA,2.0,39,2,15,1,1,17,17,0.0,0.0,0.0,0.5,-1,1,2,39.0,39.0,39.0,False,False,0.0,0.0,1.0528962878013794,True,0.04665297197597406,0.0,True,18,0.3006757225678819,0.13803434091083155,0.15036458538065894,13000,23000,Windows-AMD64-py3.14.3,self-contained local validation harness; charged-time accounting is disclosed by timing_mode,2.0,2.0,7.0,2.0,0.975,fixed
minigrid-empty-5x5-fullyobs_DLGPR-full_seed3,a6544fd,2026-06-01T21:52:31,3,DLGPR-full,minigrid,MiniGrid/MiniGrid-Empty-5x5-v0/FullyObsWrapper,3.1.0,minigrid-empty-5x5-fullyobs,4,40.0,40.0,0.0,1.0,16.0,strict_rollout_equivalent_max,0.75,39.0,39.0,742.0006000320427,742.0006000320427,823.3900000341237,740.5591999995522,True,True,702.0006000320427,rollout_normalized,rollout-equivalent unit,1.0,GA,2.0,39,2,15,1,1,17,17,0.0,0.0,0.0,0.5,-1,1,2,39.0,39.0,39.0,False,False,0.0,0.0,1.0528962878013794,True,0.03774605964110189,0.0,True,18,0.29747080816980187,0.12924319077208923,0.1405712806141656,13000,23000,Windows-AMD64-py3.14.3,self-contained local validation harness; charged-time accounting is disclosed by timing_mode,2.0,2.0,7.0,2.0,0.975,fixed
minigrid-empty-5x5-fullyobs_DLGPR-full_seed3,a6544fd,2026-06-01T21:52:31,3,DLGPR-full,minigrid,MiniGrid/MiniGrid-Empty-5x5-v0/FullyObsWrapper,3.1.0,minigrid-empty-5x5-fullyobs,5,40.0,40.0,0.0,1.0,16.0,strict_rollout_equivalent_max,0.75,39.0,39.0,689.7978000342846,689.7978000342846,769.8702000197954,688.4395999950357,True,True,649.7978000342846,rollout_normalized,rollout-equivalent unit,1.0,GA,2.0,39,2,15,1,1,17,17,0.0,0.0,0.0,0.5,-1,1,2,39.0,39.0,39.0,False,False,0.0,0.0,1.0528962878013794,True,0.04691130152099254,0.0,True,18,0.2950084820634243,0.12205467289887922,0.13365593107937468,13000,23000,Windows-AMD64-py3.14.3,self-contained local validation harness; charged-time accounting is disclosed by timing_mode,2.0,2.0,7.0,2.0,0.975,fixed
minigrid-empty-5x5-fullyobs_DLGPR-full_seed3,a6544fd,2026-06-01T21:52:31,3,DLGPR-full,minigrid,MiniGrid/MiniGrid-Empty-5x5-v0/FullyObsWrapper,3.1.0,minigrid-empty-5x5-fullyobs,6,40.0,40.0,0.0,1.0,16.0,strict_rollout_equivalent_max,0.75,39.0,39.0,702.8898999560624,702.8898999560624,789.6749999490567,701.4135999488644,True,True,662.8898999560624,rollout_normalized,rollout-equivalent unit,1.0,GA,2.0,39,2,15,1,1,17,17,0.0,0.0,0.0,0.5,-1,1,2,39.0,39.0,39.0,False,False,0.0,0.0,1.0528962878013794,True,0.04119280958769134,0.0,True,18,0.29303470044783253,0.1160380132826071,0.12669201310137962,13000,23000,Windows-AMD64-py3.14.3,self-contained local validation harness; charged-time accounting is disclosed by timing_mode,2.0,2.0,7.0,2.0,0.975,fixed
minigrid-empty-5x5-fullyobs_DLGPR-full_seed3,a6544fd,2026-06-01T21:52:31,3,DLGPR-full,minigrid,MiniGrid/MiniGrid-Empty-5x5-v0/FullyObsWrapper,3.1.0,minigrid-empty-5x5-fullyobs,7,40.0,40.0,0.0,1.0,16.0,strict_rollout_equivalent_max,0.75,39.0,39.0,692.8546999697573,692.8546999697573,775.3119000117294,691.439300077036,True,True,652.8546999697573,rollout_normalized,rollout-equivalent unit,1.0,GA,2.0,39,2,15,1,1,17,17,0.0,0.0,0.0,0.5,-1,1,2,39.0,39.0,39.0,False,False,0.0,0.0,1.0528962878013794,True,0.054845785071423236,0.0,True,18,0.29140346567296393,0.11090515008136598,0.12297676935671846,13000,23000,Windows-AMD64-py3.14.3,self-contained local validation harness; charged-time accounting is disclosed by timing_mode,2.0,2.0,7.0,2.0,0.975,fixed
minigrid-empty-5x5-fullyobs_DLGPR-full_seed3,a6544fd,2026-06-01T21:52:31,3,DLGPR-full,minigrid,MiniGrid/MiniGrid-Empty-5x5-v0/FullyObsWrapper,3.1.0,minigrid-empty-5x5-fullyobs,8,40.0,40.0,0.0,1.0,16.0,strict_rollout_equivalent_max,0.75,39.0,39.0,711.9084000005387,711.9084000005387,800.4261999740265,710.4112999513745,True,True,671.9084000005387,rollout_normalized,rollout-equivalent unit,1.0,GA,2.0,39,2,15,1,1,17,17,0.0,0.0,0.0,0.5,-1,1,2,39.0,39.0,39.0,False,False,0.0,0.0,1.0528962878013794,True,0.05352697780551541,0.0,True,18,0.2900238780687876,0.10645723721490553,0.11813478350495228,13000,23000,Windows-AMD64-py3.14.3,self-contained local validation harness; charged-time accounting is disclosed by timing_mode,2.0,2.0,7.0,2.0,0.975,fixed
minigrid-empty-5x5-fullyobs_DLGPR-full_seed3,a6544fd,2026-06-01T21:52:31,3,DLGPR-full,minigrid,MiniGrid/MiniGrid-Empty-5x5-v0/FullyObsWrapper,3.1.0,minigrid-empty-5x5-fullyobs,9,40.0,40.0,0.0,1.0,16.0,strict_rollout_equivalent_max,0.75,39.0,39.0,713.0028000101447,713.0028000101447,795.6989000085741,711.6888001910411,True,True,673.0028000101447,rollout_normalized,rollout-equivalent unit,1.0,GA,2.0,39,2,15,1,1,17,17,0.0,0.0,0.0,0.5,-1,1,2,39.0,39.0,39.0,False,False,0.0,0.0,1.0528962878013794,True,0.05259754555764129,0.0,True,18,0.2888358753484526,0.10255261621648835,0.11524030302505014,13000,23000,Windows-AMD64-py3.14.3,self-contained local validation harness; charged-time accounting is disclosed by timing_mode,2.0,2.0,7.0,2.0,0.975,fixed
minigrid-empty-5x5-fullyobs_DLGPR-full_seed3,a6544fd,2026-06-01T21:52:31,3,DLGPR-full,minigrid,MiniGrid/MiniGrid-Empty-5x5-v0/FullyObsWrapper,3.1.0,minigrid-empty-5x5-fullyobs,10,40.0,40.0,0.0,1.0,16.0,strict_rollout_equivalent_max,0.75,39.0,39.0,700.1442000037059,700.1442000037059,781.0286000021733,698.7308000680059,True,True,660.1442000037059,rollout_normalized,rollout-equivalent unit,1.0,GA,2.0,39,2,15,1,1,17,17,0.0,0.0,0.0,0.5,-1,1,2,39.0,39.0,39.0,False,False,0.0,0.0,1.0528962878013794,True,0.04098812758837944,0.0,True,18,0.28779790344611145,0.09908747993720576,0.11024746070204712,13000,23000,Windows-AMD64-py3.14.3,self-contained local validation harness; charged-time accounting is disclosed by timing_mode,2.0,2.0,7.0,2.0,0.975,fixed
minigrid-empty-5x5-fullyobs_DLGPR-full_seed3,a6544fd,2026-06-01T21:52:31,3,DLGPR-full,minigrid,MiniGrid/MiniGrid-Empty-5x5-v0/FullyObsWrapper,3.1.0,minigrid-empty-5x5-fullyobs,11,40.0,40.0,0.0,1.0,16.0,strict_rollout_equivalent_max,0.75,39.0,39.0,693.7085999525152,693.7085999525152,776.1223000125028,692.276299931109,True,True,653.7085999525152,rollout_normalized,rollout-equivalent unit,1.0,GA,2.0,39,2,15,1,1,17,17,0.0,0.0,0.0,0.5,-1,1,2,39.0,39.0,39.0,False,False,0.0,0.0,1.0528962878013794,True,0.057516534307379345,0.0,True,18,0.2868801392785297,0.09598386263831186,0.10829219912640771,13000,23000,Windows-AMD64-py3.14.3,self-contained local validation harness; charged-time accounting is disclosed by timing_mode,2.0,2.0,7.0,2.0,0.975,fixed
minigrid-empty-5x5-fullyobs_DLGPR-full_seed4,a6544fd,2026-06-01T21:52:41,4,DLGPR-full,minigrid,MiniGrid/MiniGrid-Empty-5x5-v0/FullyObsWrapper,3.1.0,minigrid-empty-5x5-fullyobs,0,40.0,40.0,0.0,1.0,16.0,strict_rollout_equivalent_max,0.75,39.0,39.0,703.5280999843962,703.5280999843962,786.0374000156298,702.112499915529,True,True,663.5280999843962,rollout_normalized,rollout-equivalent unit,1.0,GA,2.0,39,2,15,1,1,17,17,0.0,0.0,0.0,0.5,-1,1,2,39.0,39.0,39.0,False,False,0.0,0.0,1.0209495466093759,True,0.06073433698137931,0.0,True,18,0.31508321559208297,0.1803238261471064,0.19404726930490476,14000,24000,Windows-AMD64-py3.14.3,self-contained local validation harness; charged-time accounting is disclosed by timing_mode,2.0,2.0,7.0,2.0,0.975,fixed
minigrid-empty-5x5-fullyobs_DLGPR-full_seed4,a6544fd,2026-06-01T21:52:41,4,DLGPR-full,minigrid,MiniGrid/MiniGrid-Empty-5x5-v0/FullyObsWrapper,3.1.0,minigrid-empty-5x5-fullyobs,1,40.0,40.0,0.0,1.0,16.0,strict_rollout_equivalent_max,0.75,39.0,39.0,672.0110999885947,672.0110999885947,755.4455000208691,670.668599952478,True,True,632.0110999885947,rollout_normalized,rollout-equivalent unit,1.0,GA,2.0,39,2,15,1,1,17,17,0.0,0.0,0.0,0.5,-1,1,2,39.0,39.0,39.0,False,False,0.0,0.0,1.0209495466093759,True,0.04566394406626073,0.0,True,18,0.30401691153898314,0.16329455122927589,0.1751021983472195,14000,24000,Windows-AMD64-py3.14.3,self-contained local validation harness; charged-time accounting is disclosed by timing_mode,2.0,2.0,7.0,2.0,0.975,fixed
minigrid-empty-5x5-fullyobs_DLGPR-full_seed4,a6544fd,2026-06-01T21:52:41,4,DLGPR-full,minigrid,MiniGrid/MiniGrid-Empty-5x5-v0/FullyObsWrapper,3.1.0,minigrid-empty-5x5-fullyobs,2,40.0,40.0,0.0,1.0,16.0,strict_rollout_equivalent_max,0.75,39.0,39.0,680.0823999801651,680.0823999801651,766.210499976296,678.7384001654573,True,True,640.0823999801651,rollout_normalized,rollout-equivalent unit,1.0,GA,2.0,39,2,15,1,1,17,17,0.0,0.0,0.0,0.5,-1,1,2,39.0,39.0,39.0,False,False,0.0,0.0,1.0209495466093759,True,0.0415836636299437,0.0,True,18,0.29719472754266263,0.14908301686315759,0.16077603642563032,14000,24000,Windows-AMD64-py3.14.3,self-contained local validation harness; charged-time accounting is disclosed by timing_mode,2.0,2.0,7.0,2.0,0.975,fixed
minigrid-empty-5x5-fullyobs_DLGPR-full_seed4,a6544fd,2026-06-01T21:52:41,4,DLGPR-full,minigrid,MiniGrid/MiniGrid-Empty-5x5-v0/FullyObsWrapper,3.1.0,minigrid-empty-5x5-fullyobs,3,40.0,40.0,0.0,1.0,16.0,strict_rollout_equivalent_max,0.75,39.0,39.0,704.9123999895528,704.9123999895528,787.658300017938,703.4323998959735,True,True,664.9123999895528,rollout_normalized,rollout-equivalent unit,1.0,GA,2.0,39,2,15,1,1,17,17,0.0,0.0,0.0,0.5,-1,1,2,39.0,39.0,39.0,False,False,0.0,0.0,1.0209495466093759,True,0.04041701660612784,0.0,True,18,0.2927517678627758,0.13803434091083155,0.1500276526817493,14000,24000,Windows-AMD64-py3.14.3,self-contained local validation harness; charged-time accounting is disclosed by timing_mode,2.0,2.0,7.0,2.0,0.975,fixed
minigrid-empty-5x5-fullyobs_DLGPR-full_seed4,a6544fd,2026-06-01T21:52:41,4,DLGPR-full,minigrid,MiniGrid/MiniGrid-Empty-5x5-v0/FullyObsWrapper,3.1.0,minigrid-empty-5x5-fullyobs,4,40.0,40.0,0.0,1.0,16.0,strict_rollout_equivalent_max,0.75,39.0,39.0,724.0132000297308,724.0132000297308,811.3695000065491,722.6859999937005,True,True,684.0132000297308,rollout_normalized,rollout-equivalent unit,1.0,GA,2.0,39,2,15,1,1,17,17,0.0,0.0,0.0,0.5,-1,1,2,39.0,39.0,39.0,False,False,0.0,0.0,1.0209495466093759,True,0.04592467799501687,0.0,True,18,0.28954685343958675,0.12924319077208923,0.14067546493837274,14000,24000,Windows-AMD64-py3.14.3,self-contained local validation harness; charged-time accounting is disclosed by timing_mode,2.0,2.0,7.0,2.0,0.975,fixed
minigrid-empty-5x5-fullyobs_DLGPR-full_seed4,a6544fd,2026-06-01T21:52:41,4,DLGPR-full,minigrid,MiniGrid/MiniGrid-Empty-5x5-v0/FullyObsWrapper,3.1.0,minigrid-empty-5x5-fullyobs,5,40.0,40.0,0.0,1.0,16.0,strict_rollout_equivalent_max,0.75,39.0,39.0,733.4315999760292,733.4315999760292,814.9241000064649,732.0435998844914,True,True,693.4315999760292,rollout_normalized,rollout-equivalent unit,1.0,GA,2.0,39,2,15,1,1,17,17,0.0,0.0,0.0,0.5,-1,1,2,39.0,39.0,39.0,False,False,0.0,0.0,1.0209495466093759,True,0.04453929814251678,0.0,True,18,0.28708452733302037,0.12205467289887922,0.13432802796563342,14000,24000,Windows-AMD64-py3.14.3,self-contained local validation harness; charged-time accounting is disclosed by timing_mode,2.0,2.0,7.0,2.0,0.975,fixed
minigrid-empty-5x5-fullyobs_DLGPR-full_seed4,a6544fd,2026-06-01T21:52:41,4,DLGPR-full,minigrid,MiniGrid/MiniGrid-Empty-5x5-v0/FullyObsWrapper,3.1.0,minigrid-empty-5x5-fullyobs,6,40.0,40.0,0.0,1.0,16.0,strict_rollout_equivalent_max,0.75,39.0,39.0,697.8118999977596,697.8118999977596,781.4335000002757,696.3837001239881,True,True,657.8118999977596,rollout_normalized,rollout-equivalent unit,1.0,GA,2.0,39,2,15,1,1,17,17,0.0,0.0,0.0,0.5,-1,1,2,39.0,39.0,39.0,False,False,0.0,0.0,1.0209495466093759,True,0.06386812062625968,0.0,True,18,0.2851107457174273,0.1160380132826071,0.12946895639801975,14000,24000,Windows-AMD64-py3.14.3,self-contained local validation harness; charged-time accounting is disclosed by timing_mode,2.0,2.0,7.0,2.0,0.975,fixed
minigrid-empty-5x5-fullyobs_DLGPR-full_seed4,a6544fd,2026-06-01T21:52:41,4,DLGPR-full,minigrid,MiniGrid/MiniGrid-Empty-5x5-v0/FullyObsWrapper,3.1.0,minigrid-empty-5x5-fullyobs,7,40.0,40.0,0.0,1.0,16.0,strict_rollout_equivalent_max,0.75,39.0,39.0,691.0910000442527,691.0910000442527,773.8449000171386,689.8036000784487,True,True,651.0910000442527,rollout_normalized,rollout-equivalent unit,1.0,GA,2.0,39,2,15,1,1,17,17,0.0,0.0,0.0,0.5,-1,1,2,39.0,39.0,39.0,False,False,0.0,0.0,1.0209495466093759,True,0.05625168022695237,0.0,True,18,0.2834795109425587,0.11090515008136598,0.12505528689085763,14000,24000,Windows-AMD64-py3.14.3,self-contained local validation harness; charged-time accounting is disclosed by timing_mode,2.0,2.0,7.0,2.0,0.975,fixed
minigrid-empty-5x5-fullyobs_DLGPR-full_seed4,a6544fd,2026-06-01T21:52:41,4,DLGPR-full,minigrid,MiniGrid/MiniGrid-Empty-5x5-v0/FullyObsWrapper,3.1.0,minigrid-empty-5x5-fullyobs,8,40.0,40.0,0.0,1.0,16.0,strict_rollout_equivalent_max,0.75,39.0,39.0,731.6588000394404,731.6588000394404,818.7300999998115,730.184999993071,True,True,691.6588000394404,rollout_normalized,rollout-equivalent unit,1.0,GA,2.0,39,2,15,1,1,17,17,0.0,0.0,0.0,0.5,-1,1,2,39.0,39.0,39.0,False,False,0.0,0.0,1.0209495466093759,True,0.04734700835559624,0.0,True,18,0.2820999233383823,0.10645723721490553,0.11885987864263457,14000,24000,Windows-AMD64-py3.14.3,self-contained local validation harness; charged-time accounting is disclosed by timing_mode,2.0,2.0,7.0,2.0,0.975,fixed
minigrid-empty-5x5-fullyobs_DLGPR-full_seed4,a6544fd,2026-06-01T21:52:41,4,DLGPR-full,minigrid,MiniGrid/MiniGrid-Empty-5x5-v0/FullyObsWrapper,3.1.0,minigrid-empty-5x5-fullyobs,9,40.0,40.0,0.0,1.0,16.0,strict_rollout_equivalent_max,0.75,39.0,39.0,713.7616000254638,713.7616000254638,794.2371999961324,712.3867001500912,True,True,673.7616000254638,rollout_normalized,rollout-equivalent unit,1.0,GA,2.0,39,2,15,1,1,17,17,0.0,0.0,0.0,0.5,-1,1,2,39.0,39.0,39.0,False,False,0.0,0.0,1.0209495466093759,True,0.05482472192317988,0.0,True,18,0.2809119206180473,0.10255261621648835,0.11556265370443644,14000,24000,Windows-AMD64-py3.14.3,self-contained local validation harness; charged-time accounting is disclosed by timing_mode,2.0,2.0,7.0,2.0,0.975,fixed
minigrid-empty-5x5-fullyobs_DLGPR-full_seed4,a6544fd,2026-06-01T21:52:41,4,DLGPR-full,minigrid,MiniGrid/MiniGrid-Empty-5x5-v0/FullyObsWrapper,3.1.0,minigrid-empty-5x5-fullyobs,10,40.0,40.0,0.0,1.0,16.0,strict_rollout_equivalent_max,0.75,39.0,39.0,718.6233000247739,718.6233000247739,801.2963000219315,717.2407998587005,True,True,678.6233000247739,rollout_normalized,rollout-equivalent unit,1.0,GA,2.0,39,2,15,1,1,17,17,0.0,0.0,0.0,0.5,-1,1,2,39.0,39.0,39.0,False,False,0.0,0.0,1.0209495466093759,True,0.04016822343672688,0.0,True,18,0.27987394871570614,0.09908747993720576,0.11156887731148257,14000,24000,Windows-AMD64-py3.14.3,self-contained local validation harness; charged-time accounting is disclosed by timing_mode,2.0,2.0,7.0,2.0,0.975,fixed
minigrid-empty-5x5-fullyobs_DLGPR-full_seed4,a6544fd,2026-06-01T21:52:41,4,DLGPR-full,minigrid,MiniGrid/MiniGrid-Empty-5x5-v0/FullyObsWrapper,3.1.0,minigrid-empty-5x5-fullyobs,11,40.0,40.0,0.0,1.0,16.0,strict_rollout_equivalent_max,0.75,39.0,39.0,715.2560000540689,715.2560000540689,796.4644000167027,713.9638001099229,True,True,675.2560000540689,rollout_normalized,rollout-equivalent unit,1.0,GA,2.0,39,2,15,1,1,17,17,0.0,0.0,0.0,0.5,-1,1,2,39.0,39.0,39.0,False,False,0.0,0.0,1.0209495466093759,True,0.061125658584478375,0.0,True,18,0.2789561845481244,0.09598386263831186,0.1088867356044276,14000,24000,Windows-AMD64-py3.14.3,self-contained local validation harness; charged-time accounting is disclosed by timing_mode,2.0,2.0,7.0,2.0,0.975,fixed
minigrid-empty-5x5-fullyobs_DLGPR-full_seed5,a6544fd,2026-06-01T21:52:51,5,DLGPR-full,minigrid,MiniGrid/MiniGrid-Empty-5x5-v0/FullyObsWrapper,3.1.0,minigrid-empty-5x5-fullyobs,0,40.0,40.0,0.0,1.0,16.0,strict_rollout_equivalent_max,0.75,39.0,39.0,720.2769000432454,720.2769000432454,812.1516000246629,718.7831999617629,True,True,680.2769000432454,rollout_normalized,rollout-equivalent unit,1.0,GA,2.0,39,2,15,1,1,17,17,0.0,0.0,0.0,0.5,-1,1,2,39.0,39.0,39.0,False,False,0.0,0.0,1.0294899926521737,True,0.04510455119117962,0.0,True,18,0.317185633636774,0.1803238261471064,0.19271420730705774,15000,25000,Windows-AMD64-py3.14.3,self-contained local validation harness; charged-time accounting is disclosed by timing_mode,2.0,2.0,7.0,2.0,0.975,fixed
minigrid-empty-5x5-fullyobs_DLGPR-full_seed5,a6544fd,2026-06-01T21:52:51,5,DLGPR-full,minigrid,MiniGrid/MiniGrid-Empty-5x5-v0/FullyObsWrapper,3.1.0,minigrid-empty-5x5-fullyobs,1,40.0,40.0,0.0,1.0,16.0,strict_rollout_equivalent_max,0.75,39.0,39.0,707.8442000201903,707.8442000201903,793.048599967733,706.4757000771351,True,True,667.8442000201903,rollout_normalized,rollout-equivalent unit,1.0,GA,2.0,39,2,15,1,1,17,17,0.0,0.0,0.0,0.5,-1,1,2,39.0,39.0,39.0,False,False,0.0,0.0,1.0294899926521737,True,0.059086224096712714,0.0,True,18,0.3061351333483057,0.16329455122927589,0.17658812171083932,15000,25000,Windows-AMD64-py3.14.3,self-contained local validation harness; charged-time accounting is disclosed by timing_mode,2.0,2.0,7.0,2.0,0.975,fixed
minigrid-empty-5x5-fullyobs_DLGPR-full_seed5,a6544fd,2026-06-01T21:52:51,5,DLGPR-full,minigrid,MiniGrid/MiniGrid-Empty-5x5-v0/FullyObsWrapper,3.1.0,minigrid-empty-5x5-fullyobs,2,40.0,40.0,0.0,1.0,16.0,strict_rollout_equivalent_max,0.75,39.0,39.0,695.3215000103228,695.3215000103228,779.1870000073686,694.0503000514582,True,True,655.3215000103228,rollout_normalized,rollout-equivalent unit,1.0,GA,2.0,39,2,15,1,1,17,17,0.0,0.0,0.0,0.5,-1,1,2,39.0,39.0,39.0,False,False,0.0,0.0,1.0294899926521737,True,0.053286675244416326,0.0,True,18,0.2993130681480434,0.14908301686315759,0.16132746244008073,15000,25000,Windows-AMD64-py3.14.3,self-contained local validation harness; charged-time accounting is disclosed by timing_mode,2.0,2.0,7.0,2.0,0.975,fixed
minigrid-empty-5x5-fullyobs_DLGPR-full_seed5,a6544fd,2026-06-01T21:52:51,5,DLGPR-full,minigrid,MiniGrid/MiniGrid-Empty-5x5-v0/FullyObsWrapper,3.1.0,minigrid-empty-5x5-fullyobs,3,40.0,40.0,0.0,1.0,16.0,strict_rollout_equivalent_max,0.75,39.0,39.0,694.8626999510452,694.8626999510452,778.2026999630034,693.5992000508122,True,True,654.8626999510452,rollout_normalized,rollout-equivalent unit,1.0,GA,2.0,39,2,15,1,1,17,17,0.0,0.0,0.0,0.5,-1,1,2,39.0,39.0,39.0,False,False,0.0,0.0,1.0294899926521737,True,0.04776850863830129,0.0,True,18,0.29487010936114033,0.13803434091083155,0.15040600783731226,15000,25000,Windows-AMD64-py3.14.3,self-contained local validation harness; charged-time accounting is disclosed by timing_mode,2.0,2.0,7.0,2.0,0.975,fixed
minigrid-empty-5x5-fullyobs_DLGPR-full_seed5,a6544fd,2026-06-01T21:52:51,5,DLGPR-full,minigrid,MiniGrid/MiniGrid-Empty-5x5-v0/FullyObsWrapper,3.1.0,minigrid-empty-5x5-fullyobs,4,40.0,40.0,0.0,1.0,16.0,strict_rollout_equivalent_max,0.75,39.0,39.0,690.6870999955572,690.6870999955572,780.8274999842979,689.3795999349095,True,True,650.6870999955572,rollout_normalized,rollout-equivalent unit,1.0,GA,2.0,39,2,15,1,1,17,17,0.0,0.0,0.0,0.5,-1,1,2,39.0,39.0,39.0,False,False,0.0,0.0,1.0294899926521737,True,0.04408528007434653,0.0,True,18,0.2916651949446638,0.12924319077208923,0.14110557559454898,15000,25000,Windows-AMD64-py3.14.3,self-contained local validation harness; charged-time accounting is disclosed by timing_mode,2.0,2.0,7.0,2.0,0.975,fixed
minigrid-empty-5x5-fullyobs_DLGPR-full_seed5,a6544fd,2026-06-01T21:52:51,5,DLGPR-full,minigrid,MiniGrid/MiniGrid-Empty-5x5-v0/FullyObsWrapper,3.1.0,minigrid-empty-5x5-fullyobs,5,40.0,40.0,0.0,1.0,16.0,strict_rollout_equivalent_max,0.75,39.0,39.0,667.4725999473594,667.4725999473594,691.1953000235371,666.2005999824032,True,True,627.4725999473594,rollout_normalized,rollout-equivalent unit,1.0,GA,2.0,39,2,15,1,1,17,17,0.9549999999999998,0.9549999999999998,1.0,0.5,192,1,2,39.0,39.0,39.0,False,False,0.0,0.0,0.9818554103049671,True,0.055300914105945065,0.0,True,18,0.29013935940203067,0.12205467289887922,0.1350329562334821,15000,25000,Windows-AMD64-py3.14.3,self-contained local validation harness; charged-time accounting is disclosed by timing_mode,2.0,2.0,7.0,2.0,0.975,fixed
minigrid-empty-5x5-fullyobs_DLGPR-full_seed5,a6544fd,2026-06-01T21:52:51,5,DLGPR-full,minigrid,MiniGrid/MiniGrid-Empty-5x5-v0/FullyObsWrapper,3.1.0,minigrid-empty-5x5-fullyobs,6,40.0,40.0,0.0,1.0,16.0,strict_rollout_equivalent_max,0.75,39.0,39.0,702.5959000457078,702.5959000457078,725.9271999937482,701.3296999502927,True,True,662.5959000457078,rollout_normalized,rollout-equivalent unit,1.0,GA,2.0,39,2,15,1,1,17,17,0.9549999999999998,0.9549999999999998,1.0,0.5,192,1,2,39.0,39.0,39.0,False,False,0.0,0.0,0.9818554103049671,True,0.045144567725744045,0.0,True,18,0.27557970149800315,0.1160380132826071,0.12816208689093805,15000,25000,Windows-AMD64-py3.14.3,self-contained local validation harness; charged-time accounting is disclosed by timing_mode,2.0,2.0,7.0,2.0,0.975,fixed
minigrid-empty-5x5-fullyobs_DLGPR-full_seed5,a6544fd,2026-06-01T21:52:51,5,DLGPR-full,minigrid,MiniGrid/MiniGrid-Empty-5x5-v0/FullyObsWrapper,3.1.0,minigrid-empty-5x5-fullyobs,7,40.0,40.0,0.0,1.0,16.0,strict_rollout_equivalent_max,0.75,39.0,39.0,690.7962000113912,690.7962000113912,714.532199956011,689.3144000787288,True,True,650.7962000113912,rollout_normalized,rollout-equivalent unit,1.0,GA,2.0,39,2,15,1,1,17,17,0.9549999999999998,0.9549999999999998,1.0,0.5,192,1,2,39.0,39.0,39.0,False,False,0.0,0.0,0.9818554103049671,True,0.03850942605356167,0.0,True,18,0.2737849215167189,0.11090515008136598,0.12148120758586928,15000,25000,Windows-AMD64-py3.14.3,self-contained local validation harness; charged-time accounting is disclosed by timing_mode,2.0,2.0,7.0,2.0,0.975,fixed
minigrid-empty-5x5-fullyobs_DLGPR-full_seed5,a6544fd,2026-06-01T21:52:51,5,DLGPR-full,minigrid,MiniGrid/MiniGrid-Empty-5x5-v0/FullyObsWrapper,3.1.0,minigrid-empty-5x5-fullyobs,8,40.0,40.0,0.0,1.0,16.0,strict_rollout_equivalent_max,0.75,39.0,39.0,692.9607999627478,692.9607999627478,716.6000000433996,691.5827000630088,True,True,652.9607999627478,rollout_normalized,rollout-equivalent unit,1.0,GA,2.0,39,2,15,1,1,17,17,0.9549999999999998,0.9549999999999998,1.0,0.5,192,1,2,39.0,39.0,39.0,False,False,0.0,0.0,0.9818554103049671,True,0.03993814355698189,0.0,True,18,0.27240318330373714,0.10645723721490553,0.11679237357250181,15000,25000,Windows-AMD64-py3.14.3,self-contained local validation harness; charged-time accounting is disclosed by timing_mode,2.0,2.0,7.0,2.0,0.975,fixed
minigrid-empty-5x5-fullyobs_DLGPR-full_seed5,a6544fd,2026-06-01T21:52:51,5,DLGPR-full,minigrid,MiniGrid/MiniGrid-Empty-5x5-v0/FullyObsWrapper,3.1.0,minigrid-empty-5x5-fullyobs,9,40.0,40.0,0.0,1.0,16.0,strict_rollout_equivalent_max,0.75,39.0,39.0,701.0993000003509,701.0993000003509,724.5828000013717,699.7626000083983,True,True,661.0993000003509,rollout_normalized,rollout-equivalent unit,1.0,GA,2.0,39,2,15,1,1,17,17,0.9549999999999998,0.9549999999999998,1.0,0.5,192,1,2,39.0,39.0,39.0,False,False,0.0,0.0,0.9736227511011678,True,0.04541188337619251,0.0,True,18,0.2700252755807768,0.10255261621648835,0.11370279113069293,15000,25000,Windows-AMD64-py3.14.3,self-contained local validation harness; charged-time accounting is disclosed by timing_mode,2.0,2.0,7.0,2.0,0.975,fixed
minigrid-empty-5x5-fullyobs_DLGPR-full_seed5,a6544fd,2026-06-01T21:52:51,5,DLGPR-full,minigrid,MiniGrid/MiniGrid-Empty-5x5-v0/FullyObsWrapper,3.1.0,minigrid-empty-5x5-fullyobs,10,40.0,40.0,0.0,1.0,16.0,strict_rollout_equivalent_max,0.75,39.0,39.0,652.4780000327155,652.4780000327155,677.4827999761328,651.0839998954907,True,True,612.4780000327155,rollout_normalized,rollout-equivalent unit,1.0,GA,2.0,39,2,15,1,1,17,17,0.9549999999999998,0.9549999999999998,1.0,0.5,192,1,2,39.0,39.0,39.0,False,False,0.0,0.0,0.9315766030453757,True,0.04470822846322764,0.0,True,18,0.25903316982293073,0.09908747993720576,0.11149605517466157,15000,25000,Windows-AMD64-py3.14.3,self-contained local validation harness; charged-time accounting is disclosed by timing_mode,2.0,2.0,7.0,2.0,0.975,fixed
minigrid-empty-5x5-fullyobs_DLGPR-full_seed5,a6544fd,2026-06-01T21:52:51,5,DLGPR-full,minigrid,MiniGrid/MiniGrid-Empty-5x5-v0/FullyObsWrapper,3.1.0,minigrid-empty-5x5-fullyobs,11,40.0,40.0,0.0,1.0,16.0,strict_rollout_equivalent_max,0.75,39.0,39.0,704.9712000298314,704.9712000298314,728.823299985379,703.5087002441287,True,True,664.9712000298314,rollout_normalized,rollout-equivalent unit,1.0,GA,2.0,39,2,15,1,1,17,17,0.9549999999999998,0.9549999999999998,1.0,0.5,192,1,2,39.0,39.0,39.0,False,False,0.0,0.0,0.9315766030453757,True,0.03834121231014931,0.0,True,18,0.256798415940814,0.09598386263831186,0.10565465047337358,15000,25000,Windows-AMD64-py3.14.3,self-contained local validation harness; charged-time accounting is disclosed by timing_mode,2.0,2.0,7.0,2.0,0.975,fixed
minigrid-empty-5x5-fullyobs_DLGPR-full_seed6,a6544fd,2026-06-01T21:53:01,6,DLGPR-full,minigrid,MiniGrid/MiniGrid-Empty-5x5-v0/FullyObsWrapper,3.1.0,minigrid-empty-5x5-fullyobs,0,40.0,40.0,0.0,1.0,16.0,strict_rollout_equivalent_max,0.75,39.0,39.0,678.5267000086606,678.5267000086606,755.3671000059694,677.2425000090152,True,True,638.5267000086606,rollout_normalized,rollout-equivalent unit,1.0,GA,2.0,39,2,15,1,1,17,17,0.0,0.0,0.0,0.5,-1,1,2,39.0,39.0,39.0,False,False,0.0,0.0,1.0548317900656055,True,0.04655987549502871,0.0,True,18,0.3234240726948642,0.1803238261471064,0.19320477180600087,16000,26000,Windows-AMD64-py3.14.3,self-contained local validation harness; charged-time accounting is disclosed by timing_mode,2.0,2.0,7.0,2.0,0.975,fixed
minigrid-empty-5x5-fullyobs_DLGPR-full_seed6,a6544fd,2026-06-01T21:53:01,6,DLGPR-full,minigrid,MiniGrid/MiniGrid-Empty-5x5-v0/FullyObsWrapper,3.1.0,minigrid-empty-5x5-fullyobs,1,40.0,40.0,0.0,1.0,16.0,strict_rollout_equivalent_max,0.75,39.0,39.0,706.579799996689,706.579799996689,781.8971000378951,705.1635999814607,True,True,666.579799996689,rollout_normalized,rollout-equivalent unit,1.0,GA,2.0,39,2,15,1,1,17,17,0.0,0.0,0.0,0.5,-1,1,2,39.0,39.0,39.0,False,False,0.0,0.0,1.0548317900656055,True,0.04077659458176586,0.0,True,18,0.3124204664210244,0.16329455122927589,0.17587170305964855,16000,26000,Windows-AMD64-py3.14.3,self-contained local validation harness; charged-time accounting is disclosed by timing_mode,2.0,2.0,7.0,2.0,0.975,fixed
minigrid-empty-5x5-fullyobs_DLGPR-full_seed6,a6544fd,2026-06-01T21:53:01,6,DLGPR-full,minigrid,MiniGrid/MiniGrid-Empty-5x5-v0/FullyObsWrapper,3.1.0,minigrid-empty-5x5-fullyobs,2,40.0,40.0,0.0,1.0,16.0,strict_rollout_equivalent_max,0.75,39.0,39.0,687.8611999563873,687.8611999563873,764.2205999582075,686.5127000492066,True,True,647.8611999563873,rollout_normalized,rollout-equivalent unit,1.0,GA,2.0,39,2,15,1,1,17,17,0.0,0.0,0.0,0.5,-1,1,2,39.0,39.0,39.0,False,False,0.0,0.0,1.0548317900656055,True,0.03872044389394236,0.0,True,18,0.30559875372057616,0.14908301686315759,0.16014173682946034,16000,26000,Windows-AMD64-py3.14.3,self-contained local validation harness; charged-time accounting is disclosed by timing_mode,2.0,2.0,7.0,2.0,0.975,fixed
minigrid-empty-5x5-fullyobs_DLGPR-full_seed6,a6544fd,2026-06-01T21:53:01,6,DLGPR-full,minigrid,MiniGrid/MiniGrid-Empty-5x5-v0/FullyObsWrapper,3.1.0,minigrid-empty-5x5-fullyobs,3,40.0,40.0,0.0,1.0,16.0,strict_rollout_equivalent_max,0.75,39.0,39.0,687.5522000482306,687.5522000482306,764.632000005804,686.2300001084805,True,True,647.5522000482306,rollout_normalized,rollout-equivalent unit,1.0,GA,2.0,39,2,15,1,1,17,17,0.0,0.0,0.0,0.5,-1,1,2,39.0,39.0,39.0,False,False,0.0,0.0,1.0548317900656055,True,0.05229228136829933,0.0,True,18,0.3011557975833953,0.13803434091083155,0.15126389422931696,16000,26000,Windows-AMD64-py3.14.3,self-contained local validation harness; charged-time accounting is disclosed by timing_mode,2.0,2.0,7.0,2.0,0.975,fixed
minigrid-empty-5x5-fullyobs_DLGPR-full_seed6,a6544fd,2026-06-01T21:53:01,6,DLGPR-full,minigrid,MiniGrid/MiniGrid-Empty-5x5-v0/FullyObsWrapper,3.1.0,minigrid-empty-5x5-fullyobs,4,40.0,40.0,0.0,1.0,16.0,strict_rollout_equivalent_max,0.75,39.0,39.0,687.1066999738105,687.1066999738105,763.7392999604344,685.7326999306679,True,True,647.1066999738105,rollout_normalized,rollout-equivalent unit,1.0,GA,2.0,39,2,15,1,1,17,17,0.0,0.0,0.0,0.5,-1,1,2,39.0,39.0,39.0,False,False,0.0,0.0,1.0548317900656055,True,0.04451022405219285,0.0,True,18,0.2979508831868366,0.12924319077208923,0.1421134056393636,16000,26000,Windows-AMD64-py3.14.3,self-contained local validation harness; charged-time accounting is disclosed by timing_mode,2.0,2.0,7.0,2.0,0.975,fixed
minigrid-empty-5x5-fullyobs_DLGPR-full_seed6,a6544fd,2026-06-01T21:53:01,6,DLGPR-full,minigrid,MiniGrid/MiniGrid-Empty-5x5-v0/FullyObsWrapper,3.1.0,minigrid-empty-5x5-fullyobs,5,40.0,40.0,0.0,1.0,16.0,strict_rollout_equivalent_max,0.75,39.0,39.0,690.7593999640085,690.7593999640085,771.7386000440456,689.3755999044515,True,True,650.7593999640085,rollout_normalized,rollout-equivalent unit,1.0,GA,2.0,39,2,15,1,1,17,17,0.0,0.0,0.0,0.5,-1,1,2,39.0,39.0,39.0,False,False,0.0,0.0,1.0548317900656055,True,0.037992357861074244,0.0,True,18,0.2954885570804704,0.12205467289887922,0.13313668837737805,16000,26000,Windows-AMD64-py3.14.3,self-contained local validation harness; charged-time accounting is disclosed by timing_mode,2.0,2.0,7.0,2.0,0.975,fixed
minigrid-empty-5x5-fullyobs_DLGPR-full_seed6,a6544fd,2026-06-01T21:53:01,6,DLGPR-full,minigrid,MiniGrid/MiniGrid-Empty-5x5-v0/FullyObsWrapper,3.1.0,minigrid-empty-5x5-fullyobs,6,40.0,40.0,0.0,1.0,16.0,strict_rollout_equivalent_max,0.75,39.0,39.0,688.7616000021808,688.7616000021808,766.3070000126027,687.1802001260221,True,True,648.7616000021808,rollout_normalized,rollout-equivalent unit,1.0,GA,2.0,39,2,15,1,1,17,17,0.0,0.0,0.0,0.5,-1,1,2,39.0,39.0,39.0,False,False,0.0,0.0,1.0548317900656055,True,0.04128057137532981,0.0,True,18,0.2935147754648788,0.1160380132826071,0.1270955360729073,16000,26000,Windows-AMD64-py3.14.3,self-contained local validation harness; charged-time accounting is disclosed by timing_mode,2.0,2.0,7.0,2.0,0.975,fixed
minigrid-empty-5x5-fullyobs_DLGPR-full_seed6,a6544fd,2026-06-01T21:53:01,6,DLGPR-full,minigrid,MiniGrid/MiniGrid-Empty-5x5-v0/FullyObsWrapper,3.1.0,minigrid-empty-5x5-fullyobs,7,40.0,40.0,0.0,1.0,16.0,strict_rollout_equivalent_max,0.75,39.0,39.0,689.8231999948621,689.8231999948621,766.9332000077702,688.3980000857264,True,True,649.8231999948621,rollout_normalized,rollout-equivalent unit,1.0,GA,2.0,39,2,15,1,1,17,17,0.0,0.0,0.0,0.5,-1,1,2,39.0,39.0,39.0,False,False,0.0,0.0,1.0548317900656055,True,0.05260430963997864,0.0,True,18,0.2918835406900102,0.11090515008136598,0.12269514132725445,16000,26000,Windows-AMD64-py3.14.3,self-contained local validation harness; charged-time accounting is disclosed by timing_mode,2.0,2.0,7.0,2.0,0.975,fixed
minigrid-empty-5x5-fullyobs_DLGPR-full_seed6,a6544fd,2026-06-01T21:53:01,6,DLGPR-full,minigrid,MiniGrid/MiniGrid-Empty-5x5-v0/FullyObsWrapper,3.1.0,minigrid-empty-5x5-fullyobs,8,40.0,40.0,0.0,1.0,16.0,strict_rollout_equivalent_max,0.75,39.0,39.0,679.183500004001,679.183500004001,754.7912000445649,677.8695998946205,True,True,639.183500004001,rollout_normalized,rollout-equivalent unit,1.0,GA,2.0,39,2,15,1,1,17,17,0.0,0.0,0.0,0.5,-1,1,2,39.0,39.0,39.0,False,False,0.0,0.0,1.0548317900656055,True,0.04693630433200946,0.0,True,18,0.2905039530858338,0.10645723721490553,0.11883287906872514,16000,26000,Windows-AMD64-py3.14.3,self-contained local validation harness; charged-time accounting is disclosed by timing_mode,2.0,2.0,7.0,2.0,0.975,fixed
minigrid-empty-5x5-fullyobs_DLGPR-full_seed6,a6544fd,2026-06-01T21:53:01,6,DLGPR-full,minigrid,MiniGrid/MiniGrid-Empty-5x5-v0/FullyObsWrapper,3.1.0,minigrid-empty-5x5-fullyobs,9,40.0,40.0,0.0,1.0,16.0,strict_rollout_equivalent_max,0.75,39.0,39.0,683.6690999916755,683.6690999916755,763.7815999914892,682.1142999688163,True,True,643.6690999916755,rollout_normalized,rollout-equivalent unit,1.0,GA,2.0,39,2,15,1,1,17,17,0.0,0.0,0.0,0.5,-1,1,2,39.0,39.0,39.0,False,False,0.0,0.0,1.0548317900656055,True,0.04038048973060204,0.0,True,18,0.28931595036549884,0.10255261621648835,0.1140629145840423,16000,26000,Windows-AMD64-py3.14.3,self-contained local validation harness; charged-time accounting is disclosed by timing_mode,2.0,2.0,7.0,2.0,0.975,fixed
minigrid-empty-5x5-fullyobs_DLGPR-full_seed6,a6544fd,2026-06-01T21:53:01,6,DLGPR-full,minigrid,MiniGrid/MiniGrid-Empty-5x5-v0/FullyObsWrapper,3.1.0,minigrid-empty-5x5-fullyobs,10,40.0,40.0,0.0,1.0,16.0,strict_rollout_equivalent_max,0.75,39.0,39.0,718.998999975156,718.998999975156,807.9377000103705,717.5789000466466,True,True,678.998999975156,rollout_normalized,rollout-equivalent unit,1.0,GA,2.0,39,2,15,1,1,17,17,0.0,0.0,0.0,0.5,-1,1,2,39.0,39.0,39.0,False,False,0.0,0.0,1.0548317900656055,True,0.04742043463051094,0.0,True,18,0.28827797846315767,0.09908747993720576,0.1107443649680108,16000,26000,Windows-AMD64-py3.14.3,self-contained local validation harness; charged-time accounting is disclosed by timing_mode,2.0,2.0,7.0,2.0,0.975,fixed
minigrid-empty-5x5-fullyobs_DLGPR-full_seed6,a6544fd,2026-06-01T21:53:01,6,DLGPR-full,minigrid,MiniGrid/MiniGrid-Empty-5x5-v0/FullyObsWrapper,3.1.0,minigrid-empty-5x5-fullyobs,11,40.0,40.0,0.0,1.0,16.0,strict_rollout_equivalent_max,0.75,39.0,39.0,694.5843999856152,694.5843999856152,772.0933000091463,693.2616000412963,True,True,654.5843999856152,rollout_normalized,rollout-equivalent unit,1.0,GA,2.0,39,2,15,1,1,17,17,0.0,0.0,0.0,0.5,-1,1,2,39.0,39.0,39.0,False,False,0.0,0.0,1.0548317900656055,True,0.04407996277424897,0.0,True,18,0.2873602142955759,0.09598386263831186,0.10793056831444121,16000,26000,Windows-AMD64-py3.14.3,self-contained local validation harness; charged-time accounting is disclosed by timing_mode,2.0,2.0,7.0,2.0,0.975,fixed
minigrid-empty-5x5-fullyobs_DLGPR-full_seed7,a6544fd,2026-06-01T21:53:11,7,DLGPR-full,minigrid,MiniGrid/MiniGrid-Empty-5x5-v0/FullyObsWrapper,3.1.0,minigrid-empty-5x5-fullyobs,0,40.0,40.0,0.0,1.0,16.0,strict_rollout_equivalent_max,0.75,39.0,39.0,697.8878999943845,697.8878999943845,779.2390999966301,696.5858999174088,True,True,657.8878999943845,rollout_normalized,rollout-equivalent unit,1.0,GA,2.0,39,2,15,1,1,17,17,0.0,0.0,0.0,0.5,-1,1,2,39.0,39.0,39.0,False,False,0.0,0.0,0.999169189219458,True,0.04718956258108719,0.0,True,18,0.3097215030811776,0.1803238261471064,0.19268630664682157,17000,27000,Windows-AMD64-py3.14.3,self-contained local validation harness; charged-time accounting is disclosed by timing_mode,2.0,2.0,7.0,2.0,0.975,fixed
minigrid-empty-5x5-fullyobs_DLGPR-full_seed7,a6544fd,2026-06-01T21:53:11,7,DLGPR-full,minigrid,MiniGrid/MiniGrid-Empty-5x5-v0/FullyObsWrapper,3.1.0,minigrid-empty-5x5-fullyobs,1,40.0,40.0,0.0,1.0,16.0,strict_rollout_equivalent_max,0.75,39.0,39.0,705.0358999986202,705.0358999986202,791.8990000034682,703.7337001529522,True,True,665.0358999986202,rollout_normalized,rollout-equivalent unit,1.0,GA,2.0,39,2,15,1,1,17,17,0.0,0.0,0.0,0.5,-1,1,2,39.0,39.0,39.0,False,False,0.0,0.0,0.999169189219458,True,0.04982005640462384,0.0,True,18,0.2986148953202787,0.16329455122927589,0.1762183565198867,17000,27000,Windows-AMD64-py3.14.3,self-contained local validation harness; charged-time accounting is disclosed by timing_mode,2.0,2.0,7.0,2.0,0.975,fixed
minigrid-empty-5x5-fullyobs_DLGPR-full_seed7,a6544fd,2026-06-01T21:53:11,7,DLGPR-full,minigrid,MiniGrid/MiniGrid-Empty-5x5-v0/FullyObsWrapper,3.1.0,minigrid-empty-5x5-fullyobs,2,40.0,40.0,0.0,1.0,16.0,strict_rollout_equivalent_max,0.75,39.0,39.0,705.8178999577649,705.8178999577649,787.4430999509059,704.4795999536291,True,True,665.8178999577649,rollout_normalized,rollout-equivalent unit,1.0,GA,2.0,39,2,15,1,1,17,17,0.0,0.0,0.0,0.5,-1,1,2,39.0,39.0,39.0,False,False,0.0,0.0,0.999169189219458,True,0.052709291629831734,0.0,True,18,0.2917924083631301,0.14908301686315759,0.1614614927419159,17000,27000,Windows-AMD64-py3.14.3,self-contained local validation harness; charged-time accounting is disclosed by timing_mode,2.0,2.0,7.0,2.0,0.975,fixed
minigrid-empty-5x5-fullyobs_DLGPR-full_seed7,a6544fd,2026-06-01T21:53:11,7,DLGPR-full,minigrid,MiniGrid/MiniGrid-Empty-5x5-v0/FullyObsWrapper,3.1.0,minigrid-empty-5x5-fullyobs,3,40.0,40.0,0.0,1.0,16.0,strict_rollout_equivalent_max,0.75,39.0,39.0,732.748200010974,732.748200010974,815.1958000380546,731.3842001603916,True,True,692.748200010974,rollout_normalized,rollout-equivalent unit,1.0,GA,2.0,39,2,15,1,1,17,17,0.0,0.0,0.0,0.5,-1,1,2,39.0,39.0,39.0,False,False,0.0,0.0,0.999169189219458,True,0.05947365203533339,0.0,True,18,0.2873494464059028,0.13803434091083155,0.1515365386279013,17000,27000,Windows-AMD64-py3.14.3,self-contained local validation harness; charged-time accounting is disclosed by timing_mode,2.0,2.0,7.0,2.0,0.975,fixed
minigrid-empty-5x5-fullyobs_DLGPR-full_seed7,a6544fd,2026-06-01T21:53:11,7,DLGPR-full,minigrid,MiniGrid/MiniGrid-Empty-5x5-v0/FullyObsWrapper,3.1.0,minigrid-empty-5x5-fullyobs,4,40.0,40.0,0.0,1.0,16.0,strict_rollout_equivalent_max,0.75,39.0,39.0,695.0675999978557,695.0675999978557,777.2983000031672,693.7271000351757,True,True,655.0675999978557,rollout_normalized,rollout-equivalent unit,1.0,GA,2.0,39,2,15,1,1,17,17,0.0,0.0,0.0,0.5,-1,1,2,39.0,39.0,39.0,False,False,0.0,0.0,0.999169189219458,True,0.04389607323268074,0.0,True,18,0.28414453196559514,0.12924319077208923,0.14151323476631397,17000,27000,Windows-AMD64-py3.14.3,self-contained local validation harness; charged-time accounting is disclosed by timing_mode,2.0,2.0,7.0,2.0,0.975,fixed
minigrid-empty-5x5-fullyobs_DLGPR-full_seed7,a6544fd,2026-06-01T21:53:11,7,DLGPR-full,minigrid,MiniGrid/MiniGrid-Empty-5x5-v0/FullyObsWrapper,3.1.0,minigrid-empty-5x5-fullyobs,5,40.0,40.0,0.0,1.0,16.0,strict_rollout_equivalent_max,0.75,39.0,39.0,700.1055000000633,700.1055000000633,784.8653999972157,698.8464000751264,True,True,660.1055000000633,rollout_normalized,rollout-equivalent unit,1.0,GA,2.0,39,2,15,1,1,17,17,0.0,0.0,0.0,0.5,-1,1,2,39.0,39.0,39.0,False,False,0.0,0.0,0.999169189219458,True,0.06154849238140759,0.0,True,18,0.2816822058589001,0.12205467289887922,0.13519348746854476,17000,27000,Windows-AMD64-py3.14.3,self-contained local validation harness; charged-time accounting is disclosed by timing_mode,2.0,2.0,7.0,2.0,0.975,fixed
minigrid-empty-5x5-fullyobs_DLGPR-full_seed7,a6544fd,2026-06-01T21:53:11,7,DLGPR-full,minigrid,MiniGrid/MiniGrid-Empty-5x5-v0/FullyObsWrapper,3.1.0,minigrid-empty-5x5-fullyobs,6,40.0,40.0,0.0,1.0,16.0,strict_rollout_equivalent_max,0.75,39.0,39.0,697.0205000252463,697.0205000252463,779.1668000281788,695.7102000596933,True,True,657.0205000252463,rollout_normalized,rollout-equivalent unit,1.0,GA,2.0,39,2,15,1,1,17,17,0.0,0.0,0.0,0.5,-1,1,2,39.0,39.0,39.0,False,False,0.0,0.0,0.999169189219458,True,0.04117830913430798,0.0,True,18,0.27970842424330594,0.1160380132826071,0.12739447152383324,17000,27000,Windows-AMD64-py3.14.3,self-contained local validation harness; charged-time accounting is disclosed by timing_mode,2.0,2.0,7.0,2.0,0.975,fixed
minigrid-empty-5x5-fullyobs_DLGPR-full_seed7,a6544fd,2026-06-01T21:53:11,7,DLGPR-full,minigrid,MiniGrid/MiniGrid-Empty-5x5-v0/FullyObsWrapper,3.1.0,minigrid-empty-5x5-fullyobs,7,40.0,40.0,0.0,1.0,16.0,strict_rollout_equivalent_max,0.75,39.0,39.0,711.5736000123434,711.5736000123434,792.7994999918155,710.1906000170857,True,True,671.5736000123434,rollout_normalized,rollout-equivalent unit,1.0,GA,2.0,39,2,15,1,1,17,17,0.0,0.0,0.0,0.5,-1,1,2,39.0,39.0,39.0,False,False,0.0,0.0,0.999169189219458,True,0.04345413289731814,0.0,True,18,0.27807718946843735,0.11090515008136598,0.1225473635154614,17000,27000,Windows-AMD64-py3.14.3,self-contained local validation harness; charged-time accounting is disclosed by timing_mode,2.0,2.0,7.0,2.0,0.975,fixed
minigrid-empty-5x5-fullyobs_DLGPR-full_seed7,a6544fd,2026-06-01T21:53:11,7,DLGPR-full,minigrid,MiniGrid/MiniGrid-Empty-5x5-v0/FullyObsWrapper,3.1.0,minigrid-empty-5x5-fullyobs,8,40.0,40.0,0.0,1.0,16.0,strict_rollout_equivalent_max,0.75,39.0,39.0,697.6138000027277,697.6138000027277,780.1304000313394,696.2946001440287,True,True,657.6138000027277,rollout_normalized,rollout-equivalent unit,1.0,GA,2.0,39,2,15,1,1,17,17,0.0,0.0,0.0,0.5,-1,1,2,39.0,39.0,39.0,False,False,0.0,0.0,0.999169189219458,True,0.05307505935235035,0.0,True,18,0.27669760186426096,0.10645723721490553,0.11853862164618445,17000,27000,Windows-AMD64-py3.14.3,self-contained local validation harness; charged-time accounting is disclosed by timing_mode,2.0,2.0,7.0,2.0,0.975,fixed
minigrid-empty-5x5-fullyobs_DLGPR-full_seed7,a6544fd,2026-06-01T21:53:11,7,DLGPR-full,minigrid,MiniGrid/MiniGrid-Empty-5x5-v0/FullyObsWrapper,3.1.0,minigrid-empty-5x5-fullyobs,9,40.0,40.0,0.0,1.0,16.0,strict_rollout_equivalent_max,0.75,39.0,39.0,699.2005000356585,699.2005000356585,779.19849997852,697.9074999107979,True,True,659.2005000356585,rollout_normalized,rollout-equivalent unit,1.0,GA,2.0,39,2,15,1,1,17,17,0.0,0.0,0.0,0.5,-1,1,2,39.0,39.0,39.0,False,False,0.0,0.0,0.999169189219458,True,0.06690700236871994,0.0,True,18,0.275509599143926,0.10255261621648835,0.11566136931560565,17000,27000,Windows-AMD64-py3.14.3,self-contained local validation harness; charged-time accounting is disclosed by timing_mode,2.0,2.0,7.0,2.0,0.975,fixed
minigrid-empty-5x5-fullyobs_DLGPR-full_seed7,a6544fd,2026-06-01T21:53:11,7,DLGPR-full,minigrid,MiniGrid/MiniGrid-Empty-5x5-v0/FullyObsWrapper,3.1.0,minigrid-empty-5x5-fullyobs,10,40.0,40.0,0.0,1.0,16.0,strict_rollout_equivalent_max,0.75,39.0,39.0,702.6534000178799,702.6534000178799,783.4795999806374,701.3633999740705,True,True,662.6534000178799,rollout_normalized,rollout-equivalent unit,1.0,GA,2.0,39,2,15,1,1,17,17,0.0,0.0,0.0,0.5,-1,1,2,39.0,39.0,39.0,False,False,0.0,0.0,0.999169189219458,True,0.04411368275641214,0.0,True,18,0.2744716272415848,0.09908747993720576,0.11234522008780104,17000,27000,Windows-AMD64-py3.14.3,self-contained local validation harness; charged-time accounting is disclosed by timing_mode,2.0,2.0,7.0,2.0,0.975,fixed
minigrid-empty-5x5-fullyobs_DLGPR-full_seed7,a6544fd,2026-06-01T21:53:11,7,DLGPR-full,minigrid,MiniGrid/MiniGrid-Empty-5x5-v0/FullyObsWrapper,3.1.0,minigrid-empty-5x5-fullyobs,11,40.0,40.0,0.0,1.0,16.0,strict_rollout_equivalent_max,0.75,39.0,39.0,693.6989000532776,693.6989000532776,776.965300028678,692.3135999822989,True,True,653.6989000532776,rollout_normalized,rollout-equivalent unit,1.0,GA,2.0,39,2,15,1,1,17,17,0.0,0.0,0.0,0.5,-1,1,2,39.0,39.0,39.0,False,False,0.0,0.0,0.999169189219458,True,0.059369282312061955,0.0,True,18,0.27355386307400303,0.09598386263831186,0.10824417019363913,17000,27000,Windows-AMD64-py3.14.3,self-contained local validation harness; charged-time accounting is disclosed by timing_mode,2.0,2.0,7.0,2.0,0.975,fixed
minigrid-empty-5x5-fullyobs_DLGPR-full_seed8,a6544fd,2026-06-01T21:53:21,8,DLGPR-full,minigrid,MiniGrid/MiniGrid-Empty-5x5-v0/FullyObsWrapper,3.1.0,minigrid-empty-5x5-fullyobs,0,40.0,40.0,0.0,1.0,16.0,strict_rollout_equivalent_max,0.75,39.0,39.0,700.0783000257798,700.0783000257798,776.2035999912769,698.7834000610746,True,True,660.0783000257798,rollout_normalized,rollout-equivalent unit,1.0,GA,2.0,39,2,15,1,1,17,17,0.0,0.0,0.0,0.5,-1,1,2,39.0,39.0,39.0,False,False,0.0,0.0,1.0258790242339384,True,0.07597131249524258,0.0,True,18,0.31629671458930697,0.1803238261471064,0.195073102045486,18000,28000,Windows-AMD64-py3.14.3,self-contained local validation harness; charged-time accounting is disclosed by timing_mode,2.0,2.0,7.0,2.0,0.975,fixed
minigrid-empty-5x5-fullyobs_DLGPR-full_seed8,a6544fd,2026-06-01T21:53:21,8,DLGPR-full,minigrid,MiniGrid/MiniGrid-Empty-5x5-v0/FullyObsWrapper,3.1.0,minigrid-empty-5x5-fullyobs,1,40.0,40.0,0.0,1.0,16.0,strict_rollout_equivalent_max,0.75,39.0,39.0,698.950300051365,698.950300051365,777.9951999546029,697.6272001047619,True,True,658.950300051365,rollout_normalized,rollout-equivalent unit,1.0,GA,2.0,39,2,15,1,1,17,17,0.0,0.0,0.0,0.5,-1,1,2,39.0,39.0,39.0,False,False,0.0,0.0,1.0258790242339384,True,0.0379656825417396,0.0,True,18,0.3052395323436332,0.16329455122927589,0.17524392997166752,18000,28000,Windows-AMD64-py3.14.3,self-contained local validation harness; charged-time accounting is disclosed by timing_mode,2.0,2.0,7.0,2.0,0.975,fixed
minigrid-empty-5x5-fullyobs_DLGPR-full_seed8,a6544fd,2026-06-01T21:53:21,8,DLGPR-full,minigrid,MiniGrid/MiniGrid-Empty-5x5-v0/FullyObsWrapper,3.1.0,minigrid-empty-5x5-fullyobs,2,40.0,40.0,0.0,1.0,16.0,strict_rollout_equivalent_max,0.75,39.0,39.0,717.011199973058,717.011199973058,792.2982999589294,715.6076000537723,True,True,677.011199973058,rollout_normalized,rollout-equivalent unit,1.0,GA,2.0,39,2,15,1,1,17,17,0.0,0.0,0.0,0.5,-1,1,2,39.0,39.0,39.0,False,False,0.0,0.0,1.0258790242339384,True,0.04470993899167719,0.0,True,18,0.298417416915454,0.14908301686315759,0.16071250420277278,18000,28000,Windows-AMD64-py3.14.3,self-contained local validation harness; charged-time accounting is disclosed by timing_mode,2.0,2.0,7.0,2.0,0.975,fixed
minigrid-empty-5x5-fullyobs_DLGPR-full_seed8,a6544fd,2026-06-01T21:53:21,8,DLGPR-full,minigrid,MiniGrid/MiniGrid-Empty-5x5-v0/FullyObsWrapper,3.1.0,minigrid-empty-5x5-fullyobs,3,40.0,40.0,0.0,1.0,16.0,strict_rollout_equivalent_max,0.75,39.0,39.0,699.2862999904901,699.2862999904901,776.5505000133999,698.0163998669013,True,True,659.2862999904901,rollout_normalized,rollout-equivalent unit,1.0,GA,2.0,39,2,15,1,1,17,17,0.0,0.0,0.0,0.5,-1,1,2,39.0,39.0,39.0,False,False,0.0,0.0,1.0258790242339384,True,0.045807731294074776,0.0,True,18,0.29397445775099024,0.13803434091083155,0.15009440190038179,18000,28000,Windows-AMD64-py3.14.3,self-contained local validation harness; charged-time accounting is disclosed by timing_mode,2.0,2.0,7.0,2.0,0.975,fixed
minigrid-empty-5x5-fullyobs_DLGPR-full_seed8,a6544fd,2026-06-01T21:53:21,8,DLGPR-full,minigrid,MiniGrid/MiniGrid-Empty-5x5-v0/FullyObsWrapper,3.1.0,minigrid-empty-5x5-fullyobs,4,40.0,40.0,0.0,1.0,16.0,strict_rollout_equivalent_max,0.75,39.0,39.0,722.3221000167541,722.3221000167541,798.810699954629,720.9702999680303,True,True,682.3221000167541,rollout_normalized,rollout-equivalent unit,1.0,GA,2.0,39,2,15,1,1,17,17,0.0,0.0,0.0,0.5,-1,1,2,39.0,39.0,39.0,False,False,0.0,0.0,1.0258790242339384,True,0.05020774046699761,0.0,True,18,0.2907695433316756,0.12924319077208923,0.14161156500675887,18000,28000,Windows-AMD64-py3.14.3,self-contained local validation harness; charged-time accounting is disclosed by timing_mode,2.0,2.0,7.0,2.0,0.975,fixed
minigrid-empty-5x5-fullyobs_DLGPR-full_seed8,a6544fd,2026-06-01T21:53:21,8,DLGPR-full,minigrid,MiniGrid/MiniGrid-Empty-5x5-v0/FullyObsWrapper,3.1.0,minigrid-empty-5x5-fullyobs,5,40.0,40.0,0.0,1.0,16.0,strict_rollout_equivalent_max,0.75,39.0,39.0,721.2657000054605,721.2657000054605,801.2712000054307,719.8443001252599,True,True,681.2657000054605,rollout_normalized,rollout-equivalent unit,1.0,GA,2.0,39,2,15,1,1,17,17,0.0,0.0,0.0,0.5,-1,1,2,39.0,39.0,39.0,False,False,0.0,0.0,1.0258790242339384,True,0.06483369220151824,0.0,True,18,0.28830721722513836,0.12205467289887922,0.13525442155565742,18000,28000,Windows-AMD64-py3.14.3,self-contained local validation harness; charged-time accounting is disclosed by timing_mode,2.0,2.0,7.0,2.0,0.975,fixed
minigrid-empty-5x5-fullyobs_DLGPR-full_seed8,a6544fd,2026-06-01T21:53:21,8,DLGPR-full,minigrid,MiniGrid/MiniGrid-Empty-5x5-v0/FullyObsWrapper,3.1.0,minigrid-empty-5x5-fullyobs,6,40.0,40.0,0.0,1.0,16.0,strict_rollout_equivalent_max,0.75,39.0,39.0,722.5003999774344,722.5003999774344,800.0559999491088,721.2232000310905,True,True,682.5003999774344,rollout_normalized,rollout-equivalent unit,1.0,GA,2.0,39,2,15,1,1,17,17,0.0,0.0,0.0,0.5,-1,1,2,39.0,39.0,39.0,False,False,0.0,0.0,1.0258790242339384,True,0.053459677259068306,0.0,True,18,0.28633343560954544,0.1160380132826071,0.1281207238337775,18000,28000,Windows-AMD64-py3.14.3,self-contained local validation harness; charged-time accounting is disclosed by timing_mode,2.0,2.0,7.0,2.0,0.975,fixed
minigrid-empty-5x5-fullyobs_DLGPR-full_seed8,a6544fd,2026-06-01T21:53:21,8,DLGPR-full,minigrid,MiniGrid/MiniGrid-Empty-5x5-v0/FullyObsWrapper,3.1.0,minigrid-empty-5x5-fullyobs,7,40.0,40.0,0.0,1.0,16.0,strict_rollout_equivalent_max,0.75,39.0,39.0,755.2971999975853,755.2971999975853,836.2317999708466,754.009599913843,True,True,715.2971999975853,rollout_normalized,rollout-equivalent unit,1.0,GA,2.0,39,2,15,1,1,17,17,0.0,0.0,0.0,0.5,-1,1,2,39.0,39.0,39.0,False,False,0.0,0.0,1.0258790242339384,True,0.05335762280161549,0.0,True,18,0.2847022008346768,0.11090515008136598,0.12349335527961598,18000,28000,Windows-AMD64-py3.14.3,self-contained local validation harness; charged-time accounting is disclosed by timing_mode,2.0,2.0,7.0,2.0,0.975,fixed
minigrid-empty-5x5-fullyobs_DLGPR-full_seed8,a6544fd,2026-06-01T21:53:21,8,DLGPR-full,minigrid,MiniGrid/MiniGrid-Empty-5x5-v0/FullyObsWrapper,3.1.0,minigrid-empty-5x5-fullyobs,8,40.0,40.0,0.0,1.0,16.0,strict_rollout_equivalent_max,0.75,39.0,39.0,714.3494000192732,714.3494000192732,740.501599968411,712.85979996901,True,True,674.3494000192732,rollout_normalized,rollout-equivalent unit,1.0,GA,2.0,39,2,15,1,1,17,17,0.9549999999999998,0.9549999999999998,1.0,0.5,288,1,2,39.0,39.0,39.0,False,False,0.0,0.0,0.9894159876299184,True,0.051170949352530526,0.0,True,18,0.3452010024713257,0.10645723721490553,0.11871779506409597,18000,28000,Windows-AMD64-py3.14.3,self-contained local validation harness; charged-time accounting is disclosed by timing_mode,2.0,2.0,7.0,2.0,0.975,fixed
minigrid-empty-5x5-fullyobs_DLGPR-full_seed8,a6544fd,2026-06-01T21:53:21,8,DLGPR-full,minigrid,MiniGrid/MiniGrid-Empty-5x5-v0/FullyObsWrapper,3.1.0,minigrid-empty-5x5-fullyobs,9,40.0,40.0,0.0,1.0,16.0,strict_rollout_equivalent_max,0.75,39.0,39.0,709.7854999592528,709.7854999592528,733.3378999610431,708.5471999598667,True,True,669.7854999592528,rollout_normalized,rollout-equivalent unit,1.0,GA,2.0,39,2,15,1,1,17,17,0.9549999999999998,0.9549999999999998,1.0,0.5,288,1,2,39.0,39.0,39.0,False,False,0.0,0.0,0.9894159876299184,True,0.03875874968207982,0.0,True,18,0.27401615544349917,0.10255261621648835,0.11370029321626558,18000,28000,Windows-AMD64-py3.14.3,self-contained local validation harness; charged-time accounting is disclosed by timing_mode,2.0,2.0,7.0,2.0,0.975,fixed
minigrid-empty-5x5-fullyobs_DLGPR-full_seed8,a6544fd,2026-06-01T21:53:21,8,DLGPR-full,minigrid,MiniGrid/MiniGrid-Empty-5x5-v0/FullyObsWrapper,3.1.0,minigrid-empty-5x5-fullyobs,10,40.0,40.0,0.0,1.0,16.0,strict_rollout_equivalent_max,0.75,39.0,39.0,687.6265999744646,687.6265999744646,712.6467000343837,686.1885999678634,True,True,647.6265999744646,rollout_normalized,rollout-equivalent unit,1.0,GA,2.0,39,2,15,1,1,17,17,0.9549999999999998,0.9549999999999998,1.0,0.5,288,1,2,39.0,39.0,39.0,False,False,0.0,0.0,0.8919603585293095,True,0.05674076194578048,0.0,True,18,0.2506722567521427,0.09908747993720576,0.1117888209301294,18000,28000,Windows-AMD64-py3.14.3,self-contained local validation harness; charged-time accounting is disclosed by timing_mode,2.0,2.0,7.0,2.0,0.975,fixed
minigrid-empty-5x5-fullyobs_DLGPR-full_seed8,a6544fd,2026-06-01T21:53:21,8,DLGPR-full,minigrid,MiniGrid/MiniGrid-Empty-5x5-v0/FullyObsWrapper,3.1.0,minigrid-empty-5x5-fullyobs,11,40.0,40.0,0.0,1.0,16.0,strict_rollout_equivalent_max,0.75,39.0,39.0,694.2247999832034,694.2247999832034,718.6367000103928,692.7523000049405,True,True,654.2247999832034,rollout_normalized,rollout-equivalent unit,1.0,GA,2.0,39,2,15,1,1,17,17,0.9549999999999998,0.9549999999999998,1.0,0.5,288,1,2,39.0,39.0,39.0,False,False,0.0,0.0,0.8919603585293095,True,0.05157550541317257,0.0,True,18,0.2469832303274424,0.09598386263831186,0.10766544034887365,18000,28000,Windows-AMD64-py3.14.3,self-contained local validation harness; charged-time accounting is disclosed by timing_mode,2.0,2.0,7.0,2.0,0.975,fixed
minigrid-empty-5x5-fullyobs_DLGPR-full_seed9,a6544fd,2026-06-01T21:53:30,9,DLGPR-full,minigrid,MiniGrid/MiniGrid-Empty-5x5-v0/FullyObsWrapper,3.1.0,minigrid-empty-5x5-fullyobs,0,40.0,40.0,0.0,1.0,16.0,strict_rollout_equivalent_max,0.75,39.0,39.0,702.4958000401966,702.4958000401966,781.8241000059061,701.0421999148093,True,True,662.4958000401966,rollout_normalized,rollout-equivalent unit,1.0,GA,2.0,39,2,15,1,1,17,17,0.0,0.0,0.0,0.5,-1,1,2,39.0,39.0,39.0,False,False,0.0,0.0,1.0885950813006595,True,0.06828950300959247,0.0,True,18,0.3317356471003481,0.1803238261471064,0.19432213330205042,19000,29000,Windows-AMD64-py3.14.3,self-contained local validation harness; charged-time accounting is disclosed by timing_mode,2.0,2.0,7.0,2.0,0.975,fixed
minigrid-empty-5x5-fullyobs_DLGPR-full_seed9,a6544fd,2026-06-01T21:53:30,9,DLGPR-full,minigrid,MiniGrid/MiniGrid-Empty-5x5-v0/FullyObsWrapper,3.1.0,minigrid-empty-5x5-fullyobs,1,40.0,40.0,0.0,1.0,16.0,strict_rollout_equivalent_max,0.75,39.0,39.0,697.1453999867663,697.1453999867663,772.7865999913774,695.6886998959817,True,True,657.1453999867663,rollout_normalized,rollout-equivalent unit,1.0,GA,2.0,39,2,15,1,1,17,17,0.0,0.0,0.0,0.5,-1,1,2,39.0,39.0,39.0,False,False,0.0,0.0,1.0885950813006595,True,0.04599417673054984,0.0,True,18,0.32079451848928986,0.16329455122927589,0.1752016038148908,19000,29000,Windows-AMD64-py3.14.3,self-contained local validation harness; charged-time accounting is disclosed by timing_mode,2.0,2.0,7.0,2.0,0.975,fixed
minigrid-empty-5x5-fullyobs_DLGPR-full_seed9,a6544fd,2026-06-01T21:53:30,9,DLGPR-full,minigrid,MiniGrid/MiniGrid-Empty-5x5-v0/FullyObsWrapper,3.1.0,minigrid-empty-5x5-fullyobs,2,40.0,40.0,0.0,1.0,16.0,strict_rollout_equivalent_max,0.75,39.0,39.0,716.526200005319,716.526200005319,792.912500037346,715.2562000555918,True,True,676.526200005319,rollout_normalized,rollout-equivalent unit,1.0,GA,2.0,39,2,15,1,1,17,17,0.0,0.0,0.0,0.5,-1,1,2,39.0,39.0,39.0,False,False,0.0,0.0,1.0885950813006595,True,0.05398066233189014,0.0,True,18,0.3139732754301101,0.14908301686315759,0.16221930970809512,19000,29000,Windows-AMD64-py3.14.3,self-contained local validation harness; charged-time accounting is disclosed by timing_mode,2.0,2.0,7.0,2.0,0.975,fixed
minigrid-empty-5x5-fullyobs_DLGPR-full_seed9,a6544fd,2026-06-01T21:53:30,9,DLGPR-full,minigrid,MiniGrid/MiniGrid-Empty-5x5-v0/FullyObsWrapper,3.1.0,minigrid-empty-5x5-fullyobs,3,40.0,40.0,0.0,1.0,16.0,strict_rollout_equivalent_max,0.75,39.0,39.0,720.0483999913558,720.0483999913558,799.8780999914743,718.6166999745183,True,True,680.0483999913558,rollout_normalized,rollout-equivalent unit,1.0,GA,2.0,39,2,15,1,1,17,17,0.0,0.0,0.0,0.5,-1,1,2,39.0,39.0,39.0,False,False,0.0,0.0,1.0885950813006595,True,0.04981192734153939,0.0,True,18,0.30953032282319776,0.13803434091083155,0.15017747779366686,19000,29000,Windows-AMD64-py3.14.3,self-contained local validation harness; charged-time accounting is disclosed by timing_mode,2.0,2.0,7.0,2.0,0.975,fixed
minigrid-empty-5x5-fullyobs_DLGPR-full_seed9,a6544fd,2026-06-01T21:53:30,9,DLGPR-full,minigrid,MiniGrid/MiniGrid-Empty-5x5-v0/FullyObsWrapper,3.1.0,minigrid-empty-5x5-fullyobs,4,40.0,40.0,0.0,1.0,16.0,strict_rollout_equivalent_max,0.75,39.0,39.0,718.2575999759138,718.2575999759138,794.3084000144154,716.815399879124,True,True,678.2575999759138,rollout_normalized,rollout-equivalent unit,1.0,GA,2.0,39,2,15,1,1,17,17,0.0,0.0,0.0,0.5,-1,1,2,39.0,39.0,39.0,False,False,0.0,0.0,1.0885950813006595,True,0.05389209049737187,0.0,True,18,0.30632540845317585,0.12924319077208923,0.14104006565043883,19000,29000,Windows-AMD64-py3.14.3,self-contained local validation harness; charged-time accounting is disclosed by timing_mode,2.0,2.0,7.0,2.0,0.975,fixed
minigrid-empty-5x5-fullyobs_DLGPR-full_seed9,a6544fd,2026-06-01T21:53:30,9,DLGPR-full,minigrid,MiniGrid/MiniGrid-Empty-5x5-v0/FullyObsWrapper,3.1.0,minigrid-empty-5x5-fullyobs,5,40.0,40.0,0.0,1.0,16.0,strict_rollout_equivalent_max,0.75,39.0,39.0,714.2615999910049,714.2615999910049,793.0537000065669,712.9254000028595,True,True,674.2615999910049,rollout_normalized,rollout-equivalent unit,1.0,GA,2.0,39,2,15,1,1,17,17,0.0,0.0,0.0,0.5,-1,1,2,39.0,39.0,39.0,False,False,0.0,0.0,1.0885950813006595,True,0.05378487769859364,0.0,True,18,0.30386308234700915,0.12205467289887922,0.13439985888485292,19000,29000,Windows-AMD64-py3.14.3,self-contained local validation harness; charged-time accounting is disclosed by timing_mode,2.0,2.0,7.0,2.0,0.975,fixed
minigrid-empty-5x5-fullyobs_DLGPR-full_seed9,a6544fd,2026-06-01T21:53:30,9,DLGPR-full,minigrid,MiniGrid/MiniGrid-Empty-5x5-v0/FullyObsWrapper,3.1.0,minigrid-empty-5x5-fullyobs,6,40.0,40.0,0.0,1.0,16.0,strict_rollout_equivalent_max,0.75,39.0,39.0,715.1195000042208,715.1195000042208,738.540299993474,713.6092998553067,True,True,675.1195000042208,rollout_normalized,rollout-equivalent unit,1.0,GA,2.0,39,2,15,1,1,17,17,0.9549999999999998,0.9549999999999998,1.0,0.5,224,1,2,39.0,39.0,39.0,False,False,0.0,0.0,1.0328618447473312,True,0.05455984597334162,0.0,True,18,0.3853247279833988,0.1160380132826071,0.12868073726207963,19000,29000,Windows-AMD64-py3.14.3,self-contained local validation harness; charged-time accounting is disclosed by timing_mode,2.0,2.0,7.0,2.0,0.975,fixed
minigrid-empty-5x5-fullyobs_DLGPR-full_seed9,a6544fd,2026-06-01T21:53:30,9,DLGPR-full,minigrid,MiniGrid/MiniGrid-Empty-5x5-v0/FullyObsWrapper,3.1.0,minigrid-empty-5x5-fullyobs,7,40.0,40.0,0.0,1.0,16.0,strict_rollout_equivalent_max,0.75,39.0,39.0,675.1547000021674,675.1547000021674,698.3921999926679,673.770300054457,True,True,635.1547000021674,rollout_normalized,rollout-equivalent unit,1.0,GA,2.0,39,2,15,1,1,17,17,0.9549999999999998,0.9549999999999998,1.0,0.5,224,1,2,39.0,39.0,39.0,False,False,0.0,0.0,0.962949084972385,True,0.03885381927674658,0.0,True,18,0.273321285566254,0.11090515008136598,0.12263577234041838,19000,29000,Windows-AMD64-py3.14.3,self-contained local validation harness; charged-time accounting is disclosed by timing_mode,2.0,2.0,7.0,2.0,0.975,fixed
minigrid-empty-5x5-fullyobs_DLGPR-full_seed9,a6544fd,2026-06-01T21:53:30,9,DLGPR-full,minigrid,MiniGrid/MiniGrid-Empty-5x5-v0/FullyObsWrapper,3.1.0,minigrid-empty-5x5-fullyobs,8,40.0,40.0,0.0,1.0,16.0,strict_rollout_equivalent_max,0.75,39.0,39.0,731.3323999987915,731.3323999987915,756.3094000215642,729.9825000227429,True,True,691.3323999987915,rollout_normalized,rollout-equivalent unit,1.0,GA,2.0,39,2,15,1,1,17,17,0.9549999999999998,0.9549999999999998,1.0,0.5,224,1,2,39.0,39.0,39.0,False,False,0.0,0.0,0.962949084972385,True,0.04200504858637877,0.0,True,18,0.2677524742394896,0.10645723721490553,0.11795784211153966,19000,29000,Windows-AMD64-py3.14.3,self-contained local validation harness; charged-time accounting is disclosed by timing_mode,2.0,2.0,7.0,2.0,0.975,fixed
minigrid-empty-5x5-fullyobs_DLGPR-full_seed9,a6544fd,2026-06-01T21:53:30,9,DLGPR-full,minigrid,MiniGrid/MiniGrid-Empty-5x5-v0/FullyObsWrapper,3.1.0,minigrid-empty-5x5-fullyobs,9,40.0,40.0,0.0,1.0,16.0,strict_rollout_equivalent_max,0.75,39.0,39.0,712.9930999944918,712.9930999944918,737.2192000038922,711.5149000310339,True,True,672.9930999944918,rollout_normalized,rollout-equivalent unit,1.0,GA,2.0,39,2,15,1,1,17,17,0.9549999999999998,0.9549999999999998,1.0,0.5,224,1,2,39.0,39.0,39.0,False,False,0.0,0.0,0.962949084972385,True,0.038422350376570935,0.0,True,18,0.2665260797787335,0.10255261621648835,0.11336058308056932,19000,29000,Windows-AMD64-py3.14.3,self-contained local validation harness; charged-time accounting is disclosed by timing_mode,2.0,2.0,7.0,2.0,0.975,fixed
minigrid-empty-5x5-fullyobs_DLGPR-full_seed9,a6544fd,2026-06-01T21:53:30,9,DLGPR-full,minigrid,MiniGrid/MiniGrid-Empty-5x5-v0/FullyObsWrapper,3.1.0,minigrid-empty-5x5-fullyobs,10,40.0,40.0,0.0,1.0,16.0,strict_rollout_equivalent_max,0.75,39.0,39.0,655.0918000284582,655.0918000284582,679.7529000323266,653.7348998826928,True,True,615.0918000284582,rollout_normalized,rollout-equivalent unit,1.0,GA,2.0,39,2,15,1,1,17,17,0.9549999999999998,0.9549999999999998,1.0,0.5,224,1,2,39.0,39.0,39.0,False,False,0.0,0.0,0.9164272832606009,True,0.02862862822797207,0.0,True,18,0.2540645073920331,0.09908747993720576,0.10890422675604172,19000,29000,Windows-AMD64-py3.14.3,self-contained local validation harness; charged-time accounting is disclosed by timing_mode,2.0,2.0,7.0,2.0,0.975,fixed
minigrid-empty-5x5-fullyobs_DLGPR-full_seed9,a6544fd,2026-06-01T21:53:30,9,DLGPR-full,minigrid,MiniGrid/MiniGrid-Empty-5x5-v0/FullyObsWrapper,3.1.0,minigrid-empty-5x5-fullyobs,11,40.0,40.0,0.0,1.0,16.0,strict_rollout_equivalent_max,0.75,39.0,39.0,725.7256000302732,725.7256000302732,750.2074000076391,724.3308000033721,True,True,685.7256000302732,rollout_normalized,rollout-equivalent unit,1.0,GA,2.0,39,2,15,1,1,17,17,0.9549999999999998,0.9549999999999998,1.0,0.5,224,1,2,39.0,39.0,39.0,False,False,0.0,0.0,0.8658592138338838,True,0.03345635215065812,0.0,True,18,0.24746308273489911,0.09598386263831186,0.10611344572184157,19000,29000,Windows-AMD64-py3.14.3,self-contained local validation harness; charged-time accounting is disclosed by timing_mode,2.0,2.0,7.0,2.0,0.975,fixed
minigrid-empty-5x5-fullyobs_GA-only_seed0,a6544fd,2026-06-01T21:53:40,0,GA-only,minigrid,MiniGrid/MiniGrid-Empty-5x5-v0/FullyObsWrapper,3.1.0,minigrid-empty-5x5-fullyobs,0,40.0,40.0,0.0,1.0,16.0,strict_rollout_equivalent_max,0.75,40.0,40.0,756.2174000195228,756.2174000195228,782.5396999833174,754.7870998969302,True,True,716.2174000195228,rollout_normalized,rollout-equivalent unit,1.0,GA,2.0,40,2,20,0,0,20,20,0.9549999999999998,0.9549999999999998,1.0,0.5,32,1,2,40.0,40.0,40.0,False,False,0.0,0.0,1.0372299338996565,True,0.0,0.0,False,0,0.0,0.0,0.0,10000,20000,Windows-AMD64-py3.14.3,self-contained local validation harness; charged-time accounting is disclosed by timing_mode,2.0,0.0,0.0,2.0,1.0,fixed
minigrid-empty-5x5-fullyobs_GA-only_seed0,a6544fd,2026-06-01T21:53:40,0,GA-only,minigrid,MiniGrid/MiniGrid-Empty-5x5-v0/FullyObsWrapper,3.1.0,minigrid-empty-5x5-fullyobs,1,40.0,40.0,0.0,1.0,16.0,strict_rollout_equivalent_max,0.75,40.0,40.0,749.9639000161551,749.9639000161551,774.9406999791972,748.6916001653299,True,True,709.9639000161551,rollout_normalized,rollout-equivalent unit,1.0,GA,2.0,40,2,20,0,0,20,20,0.9549999999999998,0.9549999999999998,1.0,0.5,32,1,2,40.0,40.0,40.0,False,False,0.0,0.0,1.0372299338996565,True,0.0,0.0,False,0,0.0,0.0,0.0,10000,20000,Windows-AMD64-py3.14.3,self-contained local validation harness; charged-time accounting is disclosed by timing_mode,2.0,0.0,0.0,2.0,1.0,fixed
minigrid-empty-5x5-fullyobs_GA-only_seed0,a6544fd,2026-06-01T21:53:40,0,GA-only,minigrid,MiniGrid/MiniGrid-Empty-5x5-v0/FullyObsWrapper,3.1.0,minigrid-empty-5x5-fullyobs,2,40.0,40.0,0.0,1.0,16.0,strict_rollout_equivalent_max,0.75,40.0,40.0,752.9932999750599,752.9932999750599,778.0714999535121,751.8994001438841,True,True,712.9932999750599,rollout_normalized,rollout-equivalent unit,1.0,GA,2.0,40,2,20,0,0,20,20,0.9549999999999998,0.9549999999999998,1.0,0.5,32,1,2,40.0,40.0,40.0,False,False,0.0,0.0,1.0372299338996565,True,0.0,0.0,False,0,0.0,0.0,0.0,10000,20000,Windows-AMD64-py3.14.3,self-contained local validation harness; charged-time accounting is disclosed by timing_mode,2.0,0.0,0.0,2.0,1.0,fixed
minigrid-empty-5x5-fullyobs_GA-only_seed0,a6544fd,2026-06-01T21:53:40,0,GA-only,minigrid,MiniGrid/MiniGrid-Empty-5x5-v0/FullyObsWrapper,3.1.0,minigrid-empty-5x5-fullyobs,3,40.0,40.0,0.0,1.0,16.0,strict_rollout_equivalent_max,0.75,40.0,40.0,737.0899000088684,737.0899000088684,760.9414999606088,735.9158999752253,True,True,697.0899000088684,rollout_normalized,rollout-equivalent unit,1.0,GA,2.0,40,2,20,0,0,20,20,0.9549999999999998,0.9549999999999998,1.0,0.5,32,1,2,40.0,40.0,40.0,False,False,0.0,0.0,1.0372299338996565,True,0.0,0.0,False,0,0.0,0.0,0.0,10000,20000,Windows-AMD64-py3.14.3,self-contained local validation harness; charged-time accounting is disclosed by timing_mode,2.0,0.0,0.0,2.0,1.0,fixed
minigrid-empty-5x5-fullyobs_GA-only_seed0,a6544fd,2026-06-01T21:53:40,0,GA-only,minigrid,MiniGrid/MiniGrid-Empty-5x5-v0/FullyObsWrapper,3.1.0,minigrid-empty-5x5-fullyobs,4,40.0,40.0,0.0,1.0,16.0,strict_rollout_equivalent_max,0.75,40.0,40.0,729.2570999707095,729.2570999707095,752.7826000005007,728.2675000024028,True,True,689.2570999707095,rollout_normalized,rollout-equivalent unit,1.0,GA,2.0,40,2,20,0,0,20,20,0.9549999999999998,0.9549999999999998,1.0,0.5,32,1,2,40.0,40.0,40.0,False,False,0.0,0.0,1.0372299338996565,True,0.0,0.0,False,0,0.0,0.0,0.0,10000,20000,Windows-AMD64-py3.14.3,self-contained local validation harness; charged-time accounting is disclosed by timing_mode,2.0,0.0,0.0,2.0,1.0,fixed
minigrid-empty-5x5-fullyobs_GA-only_seed0,a6544fd,2026-06-01T21:53:40,0,GA-only,minigrid,MiniGrid/MiniGrid-Empty-5x5-v0/FullyObsWrapper,3.1.0,minigrid-empty-5x5-fullyobs,5,40.0,40.0,0.0,1.0,16.0,strict_rollout_equivalent_max,0.75,40.0,40.0,649.6235999511555,649.6235999511555,673.3736000023782,648.5823998809792,True,True,609.6235999511555,rollout_normalized,rollout-equivalent unit,1.0,GA,2.0,40,2,20,0,0,20,20,0.9549999999999998,0.9549999999999998,1.0,0.5,32,1,2,40.0,40.0,40.0,False,False,0.0,0.0,0.9628473001434252,True,0.0,0.0,False,0,0.0,0.0,0.0,10000,20000,Windows-AMD64-py3.14.3,self-contained local validation harness; charged-time accounting is disclosed by timing_mode,2.0,0.0,0.0,2.0,1.0,fixed
minigrid-empty-5x5-fullyobs_GA-only_seed0,a6544fd,2026-06-01T21:53:40,0,GA-only,minigrid,MiniGrid/MiniGrid-Empty-5x5-v0/FullyObsWrapper,3.1.0,minigrid-empty-5x5-fullyobs,6,40.0,40.0,0.0,1.0,16.0,strict_rollout_equivalent_max,0.75,40.0,40.0,606.1317999847233,606.1317999847233,630.4339000489563,605.0563000026159,True,True,566.1317999847233,rollout_normalized,rollout-equivalent unit,1.0,GA,2.0,40,2,20,0,0,20,20,0.9549999999999998,0.9549999999999998,1.0,0.5,32,1,2,40.0,40.0,40.0,False,False,0.0,0.0,0.5076535309737646,True,0.0,0.0,False,0,0.0,0.0,0.0,10000,20000,Windows-AMD64-py3.14.3,self-contained local validation harness; charged-time accounting is disclosed by timing_mode,2.0,0.0,0.0,2.0,1.0,fixed
minigrid-empty-5x5-fullyobs_GA-only_seed0,a6544fd,2026-06-01T21:53:40,0,GA-only,minigrid,MiniGrid/MiniGrid-Empty-5x5-v0/FullyObsWrapper,3.1.0,minigrid-empty-5x5-fullyobs,7,40.0,40.0,0.0,1.0,16.0,strict_rollout_equivalent_max,0.75,40.0,40.0,742.3828999744728,742.3828999744728,769.1456999746151,741.2980000372045,True,True,702.3828999744728,rollout_normalized,rollout-equivalent unit,1.0,GA,2.0,40,2,20,0,0,20,20,0.9549999999999998,0.9549999999999998,1.0,0.5,32,1,2,40.0,40.0,40.0,False,False,0.0,0.0,0.5076535309737646,True,0.0,0.0,False,0,0.0,0.0,0.0,10000,20000,Windows-AMD64-py3.14.3,self-contained local validation harness; charged-time accounting is disclosed by timing_mode,2.0,0.0,0.0,2.0,1.0,fixed
minigrid-empty-5x5-fullyobs_GA-only_seed0,a6544fd,2026-06-01T21:53:40,0,GA-only,minigrid,MiniGrid/MiniGrid-Empty-5x5-v0/FullyObsWrapper,3.1.0,minigrid-empty-5x5-fullyobs,8,40.0,40.0,0.0,1.0,16.0,strict_rollout_equivalent_max,0.75,40.0,40.0,630.6465999805368,630.6465999805368,654.4358999817632,629.6165001112968,True,True,590.6465999805368,rollout_normalized,rollout-equivalent unit,1.0,GA,2.0,40,2,20,0,0,20,20,0.9549999999999998,0.9549999999999998,1.0,0.5,32,1,2,40.0,40.0,40.0,False,False,0.0,0.0,0.5076535309737646,True,0.0,0.0,False,0,0.0,0.0,0.0,10000,20000,Windows-AMD64-py3.14.3,self-contained local validation harness; charged-time accounting is disclosed by timing_mode,2.0,0.0,0.0,2.0,1.0,fixed
minigrid-empty-5x5-fullyobs_GA-only_seed0,a6544fd,2026-06-01T21:53:40,0,GA-only,minigrid,MiniGrid/MiniGrid-Empty-5x5-v0/FullyObsWrapper,3.1.0,minigrid-empty-5x5-fullyobs,9,40.0,40.0,0.0,1.0,16.0,strict_rollout_equivalent_max,0.75,40.0,40.0,729.732799984049,729.732799984049,754.4523000251502,728.6204998963512,True,True,689.732799984049,rollout_normalized,rollout-equivalent unit,1.0,GA,2.0,40,2,20,0,0,20,20,0.9549999999999998,0.9549999999999998,1.0,0.5,32,1,2,40.0,40.0,40.0,False,False,0.0,0.0,0.5076535309737646,True,0.0,0.0,False,0,0.0,0.0,0.0,10000,20000,Windows-AMD64-py3.14.3,self-contained local validation harness; charged-time accounting is disclosed by timing_mode,2.0,0.0,0.0,2.0,1.0,fixed
minigrid-empty-5x5-fullyobs_GA-only_seed0,a6544fd,2026-06-01T21:53:40,0,GA-only,minigrid,MiniGrid/MiniGrid-Empty-5x5-v0/FullyObsWrapper,3.1.0,minigrid-empty-5x5-fullyobs,10,40.0,40.0,0.0,1.0,16.0,strict_rollout_equivalent_max,0.75,40.0,40.0,674.2569000343792,674.2569000343792,698.3443999779411,673.1894000549801,True,True,634.2569000343792,rollout_normalized,rollout-equivalent unit,1.0,GA,2.0,40,2,20,0,0,20,20,0.9549999999999998,0.9549999999999998,1.0,0.5,32,1,2,40.0,40.0,40.0,False,False,0.0,0.0,0.5076535309737646,True,0.0,0.0,False,0,0.0,0.0,0.0,10000,20000,Windows-AMD64-py3.14.3,self-contained local validation harness; charged-time accounting is disclosed by timing_mode,2.0,0.0,0.0,2.0,1.0,fixed
minigrid-empty-5x5-fullyobs_GA-only_seed0,a6544fd,2026-06-01T21:53:40,0,GA-only,minigrid,MiniGrid/MiniGrid-Empty-5x5-v0/FullyObsWrapper,3.1.0,minigrid-empty-5x5-fullyobs,11,40.0,40.0,0.0,1.0,16.0,strict_rollout_equivalent_max,0.75,40.0,40.0,675.9051000117324,675.9051000117324,699.6941000106744,674.8134000226855,True,True,635.9051000117324,rollout_normalized,rollout-equivalent unit,1.0,GA,2.0,40,2,20,0,0,20,20,0.9549999999999998,0.9549999999999998,1.0,0.5,32,1,2,40.0,40.0,40.0,False,False,0.0,0.0,0.5076535309737646,True,0.0,0.0,False,0,0.0,0.0,0.0,10000,20000,Windows-AMD64-py3.14.3,self-contained local validation harness; charged-time accounting is disclosed by timing_mode,2.0,0.0,0.0,2.0,1.0,fixed
minigrid-empty-5x5-fullyobs_GA-only_seed1,a6544fd,2026-06-01T21:53:49,1,GA-only,minigrid,MiniGrid/MiniGrid-Empty-5x5-v0/FullyObsWrapper,3.1.0,minigrid-empty-5x5-fullyobs,0,40.0,40.0,0.0,1.0,16.0,strict_rollout_equivalent_max,0.75,40.0,40.0,749.3293000152335,749.3293000152335,828.0525999725796,748.2237000949681,True,True,709.3293000152335,rollout_normalized,rollout-equivalent unit,1.0,GA,2.0,40,2,20,0,0,20,20,0.0,0.0,0.0,0.5,-1,1,2,40.0,40.0,40.0,False,False,0.0,0.0,1.114184163303725,True,0.0,0.0,False,0,0.0,0.0,0.0,11000,21000,Windows-AMD64-py3.14.3,self-contained local validation harness; charged-time accounting is disclosed by timing_mode,2.0,0.0,0.0,2.0,1.0,fixed
minigrid-empty-5x5-fullyobs_GA-only_seed1,a6544fd,2026-06-01T21:53:49,1,GA-only,minigrid,MiniGrid/MiniGrid-Empty-5x5-v0/FullyObsWrapper,3.1.0,minigrid-empty-5x5-fullyobs,1,40.0,40.0,0.0,1.0,16.0,strict_rollout_equivalent_max,0.75,40.0,40.0,716.743300028611,716.743300028611,792.886900017038,715.708400006406,True,True,676.743300028611,rollout_normalized,rollout-equivalent unit,1.0,GA,2.0,40,2,20,0,0,20,20,0.0,0.0,0.0,0.5,-1,1,2,40.0,40.0,40.0,False,False,0.0,0.0,1.114184163303725,True,0.0,0.0,False,0,0.0,0.0,0.0,11000,21000,Windows-AMD64-py3.14.3,self-contained local validation harness; charged-time accounting is disclosed by timing_mode,2.0,0.0,0.0,2.0,1.0,fixed
minigrid-empty-5x5-fullyobs_GA-only_seed1,a6544fd,2026-06-01T21:53:49,1,GA-only,minigrid,MiniGrid/MiniGrid-Empty-5x5-v0/FullyObsWrapper,3.1.0,minigrid-empty-5x5-fullyobs,2,40.0,40.0,0.0,1.0,16.0,strict_rollout_equivalent_max,0.75,40.0,40.0,696.129199990537,696.129199990537,772.4956000456586,695.1291002333164,True,True,656.129199990537,rollout_normalized,rollout-equivalent unit,1.0,GA,2.0,40,2,20,0,0,20,20,0.0,0.0,0.0,0.5,-1,1,2,40.0,40.0,40.0,False,False,0.0,0.0,1.114184163303725,True,0.0,0.0,False,0,0.0,0.0,0.0,11000,21000,Windows-AMD64-py3.14.3,self-contained local validation harness; charged-time accounting is disclosed by timing_mode,2.0,0.0,0.0,2.0,1.0,fixed
minigrid-empty-5x5-fullyobs_GA-only_seed1,a6544fd,2026-06-01T21:53:49,1,GA-only,minigrid,MiniGrid/MiniGrid-Empty-5x5-v0/FullyObsWrapper,3.1.0,minigrid-empty-5x5-fullyobs,3,40.0,40.0,0.0,1.0,16.0,strict_rollout_equivalent_max,0.75,40.0,40.0,729.7723999945447,729.7723999945447,806.5364999929443,728.6566999391653,True,True,689.7723999945447,rollout_normalized,rollout-equivalent unit,1.0,GA,2.0,40,2,20,0,0,20,20,0.0,0.0,0.0,0.5,-1,1,2,40.0,40.0,40.0,False,False,0.0,0.0,1.114184163303725,True,0.0,0.0,False,0,0.0,0.0,0.0,11000,21000,Windows-AMD64-py3.14.3,self-contained local validation harness; charged-time accounting is disclosed by timing_mode,2.0,0.0,0.0,2.0,1.0,fixed
minigrid-empty-5x5-fullyobs_GA-only_seed1,a6544fd,2026-06-01T21:53:49,1,GA-only,minigrid,MiniGrid/MiniGrid-Empty-5x5-v0/FullyObsWrapper,3.1.0,minigrid-empty-5x5-fullyobs,4,40.0,40.0,0.0,1.0,16.0,strict_rollout_equivalent_max,0.75,40.0,40.0,739.0622000093572,739.0622000093572,816.781000001356,737.8556000185199,True,True,699.0622000093572,rollout_normalized,rollout-equivalent unit,1.0,GA,2.0,40,2,20,0,0,20,20,0.0,0.0,0.0,0.5,-1,1,2,40.0,40.0,40.0,False,False,0.0,0.0,1.114184163303725,True,0.0,0.0,False,0,0.0,0.0,0.0,11000,21000,Windows-AMD64-py3.14.3,self-contained local validation harness; charged-time accounting is disclosed by timing_mode,2.0,0.0,0.0,2.0,1.0,fixed
minigrid-empty-5x5-fullyobs_GA-only_seed1,a6544fd,2026-06-01T21:53:49,1,GA-only,minigrid,MiniGrid/MiniGrid-Empty-5x5-v0/FullyObsWrapper,3.1.0,minigrid-empty-5x5-fullyobs,5,40.0,40.0,0.0,1.0,16.0,strict_rollout_equivalent_max,0.75,40.0,40.0,722.2611999604851,722.2611999604851,801.1141999741085,721.0622999700718,True,True,682.2611999604851,rollout_normalized,rollout-equivalent unit,1.0,GA,2.0,40,2,20,0,0,20,20,0.0,0.0,0.0,0.5,-1,1,2,40.0,40.0,40.0,False,False,0.0,0.0,1.114184163303725,True,0.0,0.0,False,0,0.0,0.0,0.0,11000,21000,Windows-AMD64-py3.14.3,self-contained local validation harness; charged-time accounting is disclosed by timing_mode,2.0,0.0,0.0,2.0,1.0,fixed
minigrid-empty-5x5-fullyobs_GA-only_seed1,a6544fd,2026-06-01T21:53:49,1,GA-only,minigrid,MiniGrid/MiniGrid-Empty-5x5-v0/FullyObsWrapper,3.1.0,minigrid-empty-5x5-fullyobs,6,40.0,40.0,0.0,1.0,16.0,strict_rollout_equivalent_max,0.75,40.0,40.0,690.1272000395693,690.1272000395693,713.4918999508955,689.0935000847094,True,True,650.1272000395693,rollout_normalized,rollout-equivalent unit,1.0,GA,2.0,40,2,20,0,0,20,20,0.9549999999999998,0.9549999999999998,1.0,0.5,224,1,2,40.0,40.0,40.0,False,False,0.0,0.0,1.0793467521261975,True,0.0,0.0,False,0,0.0,0.0,0.0,11000,21000,Windows-AMD64-py3.14.3,self-contained local validation harness; charged-time accounting is disclosed by timing_mode,2.0,0.0,0.0,2.0,1.0,fixed
minigrid-empty-5x5-fullyobs_GA-only_seed1,a6544fd,2026-06-01T21:53:49,1,GA-only,minigrid,MiniGrid/MiniGrid-Empty-5x5-v0/FullyObsWrapper,3.1.0,minigrid-empty-5x5-fullyobs,7,40.0,40.0,0.0,1.0,16.0,strict_rollout_equivalent_max,0.75,40.0,40.0,721.7689999961294,721.7689999961294,745.3797000343911,720.6177000771277,True,True,681.7689999961294,rollout_normalized,rollout-equivalent unit,1.0,GA,2.0,40,2,20,0,0,20,20,0.9549999999999998,0.9549999999999998,1.0,0.5,224,1,2,40.0,40.0,40.0,False,False,0.0,0.0,1.0793467521261975,True,0.0,0.0,False,0,0.0,0.0,0.0,11000,21000,Windows-AMD64-py3.14.3,self-contained local validation harness; charged-time accounting is disclosed by timing_mode,2.0,0.0,0.0,2.0,1.0,fixed
minigrid-empty-5x5-fullyobs_GA-only_seed1,a6544fd,2026-06-01T21:53:49,1,GA-only,minigrid,MiniGrid/MiniGrid-Empty-5x5-v0/FullyObsWrapper,3.1.0,minigrid-empty-5x5-fullyobs,8,40.0,40.0,0.0,1.0,16.0,strict_rollout_equivalent_max,0.75,40.0,40.0,735.7015000307001,735.7015000307001,759.1677000164054,734.6687999088317,True,True,695.7015000307001,rollout_normalized,rollout-equivalent unit,1.0,GA,2.0,40,2,20,0,0,20,20,0.9549999999999998,0.9549999999999998,1.0,0.5,224,1,2,40.0,40.0,40.0,False,False,0.0,0.0,1.0793467521261975,True,0.0,0.0,False,0,0.0,0.0,0.0,11000,21000,Windows-AMD64-py3.14.3,self-contained local validation harness; charged-time accounting is disclosed by timing_mode,2.0,0.0,0.0,2.0,1.0,fixed
minigrid-empty-5x5-fullyobs_GA-only_seed1,a6544fd,2026-06-01T21:53:49,1,GA-only,minigrid,MiniGrid/MiniGrid-Empty-5x5-v0/FullyObsWrapper,3.1.0,minigrid-empty-5x5-fullyobs,9,40.0,40.0,0.0,1.0,16.0,strict_rollout_equivalent_max,0.75,40.0,40.0,724.210399959702,724.210399959702,749.8423000215553,723.1738999835216,True,True,684.210399959702,rollout_normalized,rollout-equivalent unit,1.0,GA,2.0,40,2,20,0,0,20,20,0.9549999999999998,0.9549999999999998,1.0,0.5,224,1,2,40.0,40.0,40.0,False,False,0.0,0.0,1.0793467521261975,True,0.0,0.0,False,0,0.0,0.0,0.0,11000,21000,Windows-AMD64-py3.14.3,self-contained local validation harness; charged-time accounting is disclosed by timing_mode,2.0,0.0,0.0,2.0,1.0,fixed
minigrid-empty-5x5-fullyobs_GA-only_seed1,a6544fd,2026-06-01T21:53:49,1,GA-only,minigrid,MiniGrid/MiniGrid-Empty-5x5-v0/FullyObsWrapper,3.1.0,minigrid-empty-5x5-fullyobs,10,40.0,40.0,0.0,1.0,16.0,strict_rollout_equivalent_max,0.75,40.0,40.0,741.6127999895252,741.6127999895252,766.0705000162125,740.5123999342322,True,True,701.6127999895252,rollout_normalized,rollout-equivalent unit,1.0,GA,2.0,40,2,20,0,0,20,20,0.9549999999999998,0.9549999999999998,1.0,0.5,224,1,2,40.0,40.0,40.0,False,False,0.0,0.0,1.0793467521261975,True,0.0,0.0,False,0,0.0,0.0,0.0,11000,21000,Windows-AMD64-py3.14.3,self-contained local validation harness; charged-time accounting is disclosed by timing_mode,2.0,0.0,0.0,2.0,1.0,fixed
minigrid-empty-5x5-fullyobs_GA-only_seed1,a6544fd,2026-06-01T21:53:49,1,GA-only,minigrid,MiniGrid/MiniGrid-Empty-5x5-v0/FullyObsWrapper,3.1.0,minigrid-empty-5x5-fullyobs,11,40.0,40.0,0.0,1.0,16.0,strict_rollout_equivalent_max,0.75,40.0,40.0,747.1435999614187,747.1435999614187,770.9134999895468,745.9739999030717,True,True,707.1435999614187,rollout_normalized,rollout-equivalent unit,1.0,GA,2.0,40,2,20,0,0,20,20,0.9549999999999998,0.9549999999999998,1.0,0.5,224,1,2,40.0,40.0,40.0,False,False,0.0,0.0,1.0793467521261975,True,0.0,0.0,False,0,0.0,0.0,0.0,11000,21000,Windows-AMD64-py3.14.3,self-contained local validation harness; charged-time accounting is disclosed by timing_mode,2.0,0.0,0.0,2.0,1.0,fixed
minigrid-empty-5x5-fullyobs_GA-only_seed2,a6544fd,2026-06-01T21:53:59,2,GA-only,minigrid,MiniGrid/MiniGrid-Empty-5x5-v0/FullyObsWrapper,3.1.0,minigrid-empty-5x5-fullyobs,0,40.0,40.0,0.0,1.0,16.0,strict_rollout_equivalent_max,0.75,40.0,40.0,750.793999992311,750.793999992311,848.9623999921605,749.6086999308318,True,True,710.793999992311,rollout_normalized,rollout-equivalent unit,1.0,GA,2.0,40,2,20,0,0,20,20,0.0,0.0,0.0,0.5,-1,1,2,40.0,40.0,40.0,False,False,0.0,0.0,1.0348231409227577,True,0.0,0.0,False,0,0.0,0.0,0.0,12000,22000,Windows-AMD64-py3.14.3,self-contained local validation harness; charged-time accounting is disclosed by timing_mode,2.0,0.0,0.0,2.0,1.0,fixed
minigrid-empty-5x5-fullyobs_GA-only_seed2,a6544fd,2026-06-01T21:53:59,2,GA-only,minigrid,MiniGrid/MiniGrid-Empty-5x5-v0/FullyObsWrapper,3.1.0,minigrid-empty-5x5-fullyobs,1,40.0,40.0,0.0,1.0,16.0,strict_rollout_equivalent_max,0.75,40.0,40.0,772.8805000078864,772.8805000078864,871.4177000219934,771.7410000041127,True,True,732.8805000078864,rollout_normalized,rollout-equivalent unit,1.0,GA,2.0,40,2,20,0,0,20,20,0.0,0.0,0.0,0.5,-1,1,2,40.0,40.0,40.0,False,False,0.0,0.0,1.0348231409227577,True,0.0,0.0,False,0,0.0,0.0,0.0,12000,22000,Windows-AMD64-py3.14.3,self-contained local validation harness; charged-time accounting is disclosed by timing_mode,2.0,0.0,0.0,2.0,1.0,fixed
minigrid-empty-5x5-fullyobs_GA-only_seed2,a6544fd,2026-06-01T21:53:59,2,GA-only,minigrid,MiniGrid/MiniGrid-Empty-5x5-v0/FullyObsWrapper,3.1.0,minigrid-empty-5x5-fullyobs,2,40.0,40.0,0.0,1.0,16.0,strict_rollout_equivalent_max,0.75,40.0,40.0,712.4932000297122,712.4932000297122,736.3621000549756,711.4928002702072,True,True,672.4932000297122,rollout_normalized,rollout-equivalent unit,1.0,GA,2.0,40,2,20,0,0,20,20,0.9549999999999998,0.9549999999999998,1.0,0.5,96,1,2,40.0,40.0,40.0,False,False,0.0,0.0,0.973701455251424,True,0.0,0.0,False,0,0.0,0.0,0.0,12000,22000,Windows-AMD64-py3.14.3,self-contained local validation harness; charged-time accounting is disclosed by timing_mode,2.0,0.0,0.0,2.0,1.0,fixed
minigrid-empty-5x5-fullyobs_GA-only_seed2,a6544fd,2026-06-01T21:53:59,2,GA-only,minigrid,MiniGrid/MiniGrid-Empty-5x5-v0/FullyObsWrapper,3.1.0,minigrid-empty-5x5-fullyobs,3,40.0,40.0,0.0,1.0,16.0,strict_rollout_equivalent_max,0.75,40.0,40.0,727.0065000047907,727.0065000047907,750.6706000422128,726.0278999456204,True,True,687.0065000047907,rollout_normalized,rollout-equivalent unit,1.0,GA,2.0,40,2,20,0,0,20,20,0.9549999999999998,0.9549999999999998,1.0,0.5,96,1,2,40.0,40.0,40.0,False,False,0.0,0.0,0.973701455251424,True,0.0,0.0,False,0,0.0,0.0,0.0,12000,22000,Windows-AMD64-py3.14.3,self-contained local validation harness; charged-time accounting is disclosed by timing_mode,2.0,0.0,0.0,2.0,1.0,fixed
minigrid-empty-5x5-fullyobs_GA-only_seed2,a6544fd,2026-06-01T21:53:59,2,GA-only,minigrid,MiniGrid/MiniGrid-Empty-5x5-v0/FullyObsWrapper,3.1.0,minigrid-empty-5x5-fullyobs,4,40.0,40.0,0.0,1.0,16.0,strict_rollout_equivalent_max,0.75,40.0,40.0,730.5265000322834,730.5265000322834,753.5092999460176,729.4628000236116,True,True,690.5265000322834,rollout_normalized,rollout-equivalent unit,1.0,GA,2.0,40,2,20,0,0,20,20,0.9549999999999998,0.9549999999999998,1.0,0.5,96,1,2,40.0,40.0,40.0,False,False,0.0,0.0,0.973701455251424,True,0.0,0.0,False,0,0.0,0.0,0.0,12000,22000,Windows-AMD64-py3.14.3,self-contained local validation harness; charged-time accounting is disclosed by timing_mode,2.0,0.0,0.0,2.0,1.0,fixed
minigrid-empty-5x5-fullyobs_GA-only_seed2,a6544fd,2026-06-01T21:53:59,2,GA-only,minigrid,MiniGrid/MiniGrid-Empty-5x5-v0/FullyObsWrapper,3.1.0,minigrid-empty-5x5-fullyobs,5,40.0,40.0,0.0,1.0,16.0,strict_rollout_equivalent_max,0.75,40.0,40.0,719.3811000324786,719.3811000324786,742.7538000047207,718.2251001358964,True,True,679.3811000324786,rollout_normalized,rollout-equivalent unit,1.0,GA,2.0,40,2,20,0,0,20,20,0.9549999999999998,0.9549999999999998,1.0,0.5,96,1,2,40.0,40.0,40.0,False,False,0.0,0.0,0.970318893305544,True,0.0,0.0,False,0,0.0,0.0,0.0,12000,22000,Windows-AMD64-py3.14.3,self-contained local validation harness; charged-time accounting is disclosed by timing_mode,2.0,0.0,0.0,2.0,1.0,fixed
minigrid-empty-5x5-fullyobs_GA-only_seed2,a6544fd,2026-06-01T21:53:59,2,GA-only,minigrid,MiniGrid/MiniGrid-Empty-5x5-v0/FullyObsWrapper,3.1.0,minigrid-empty-5x5-fullyobs,6,40.0,40.0,0.0,1.0,16.0,strict_rollout_equivalent_max,0.75,40.0,40.0,722.691599978134,722.691599978134,746.187899960205,721.6565000126138,True,True,682.691599978134,rollout_normalized,rollout-equivalent unit,1.0,GA,2.0,40,2,20,0,0,20,20,0.9549999999999998,0.9549999999999998,1.0,0.5,96,1,2,40.0,40.0,40.0,False,False,0.0,0.0,0.970318893305544,True,0.0,0.0,False,0,0.0,0.0,0.0,12000,22000,Windows-AMD64-py3.14.3,self-contained local validation harness; charged-time accounting is disclosed by timing_mode,2.0,0.0,0.0,2.0,1.0,fixed
minigrid-empty-5x5-fullyobs_GA-only_seed2,a6544fd,2026-06-01T21:53:59,2,GA-only,minigrid,MiniGrid/MiniGrid-Empty-5x5-v0/FullyObsWrapper,3.1.0,minigrid-empty-5x5-fullyobs,7,40.0,40.0,0.0,1.0,16.0,strict_rollout_equivalent_max,0.75,40.0,40.0,725.5476000136696,725.5476000136696,749.6535000391304,724.4937002542429,True,True,685.5476000136696,rollout_normalized,rollout-equivalent unit,1.0,GA,2.0,40,2,20,0,0,20,20,0.9549999999999998,0.9549999999999998,1.0,0.5,96,1,2,40.0,40.0,40.0,False,False,0.0,0.0,0.970318893305544,True,0.0,0.0,False,0,0.0,0.0,0.0,12000,22000,Windows-AMD64-py3.14.3,self-contained local validation harness; charged-time accounting is disclosed by timing_mode,2.0,0.0,0.0,2.0,1.0,fixed
minigrid-empty-5x5-fullyobs_GA-only_seed2,a6544fd,2026-06-01T21:53:59,2,GA-only,minigrid,MiniGrid/MiniGrid-Empty-5x5-v0/FullyObsWrapper,3.1.0,minigrid-empty-5x5-fullyobs,8,40.0,40.0,0.0,1.0,16.0,strict_rollout_equivalent_max,0.75,40.0,40.0,747.2015999956056,747.2015999956056,772.9387000435963,746.1397000588477,True,True,707.2015999956056,rollout_normalized,rollout-equivalent unit,1.0,GA,2.0,40,2,20,0,0,20,20,0.9549999999999998,0.9549999999999998,1.0,0.5,96,1,2,40.0,40.0,40.0,False,False,0.0,0.0,0.970318893305544,True,0.0,0.0,False,0,0.0,0.0,0.0,12000,22000,Windows-AMD64-py3.14.3,self-contained local validation harness; charged-time accounting is disclosed by timing_mode,2.0,0.0,0.0,2.0,1.0,fixed
minigrid-empty-5x5-fullyobs_GA-only_seed2,a6544fd,2026-06-01T21:53:59,2,GA-only,minigrid,MiniGrid/MiniGrid-Empty-5x5-v0/FullyObsWrapper,3.1.0,minigrid-empty-5x5-fullyobs,9,40.0,40.0,0.0,1.0,16.0,strict_rollout_equivalent_max,0.75,40.0,40.0,736.6451999987476,736.6451999987476,760.2985000121407,735.5603000032715,True,True,696.6451999987476,rollout_normalized,rollout-equivalent unit,1.0,GA,2.0,40,2,20,0,0,20,20,0.9549999999999998,0.9549999999999998,1.0,0.5,96,1,2,40.0,40.0,40.0,False,False,0.0,0.0,0.970318893305544,True,0.0,0.0,False,0,0.0,0.0,0.0,12000,22000,Windows-AMD64-py3.14.3,self-contained local validation harness; charged-time accounting is disclosed by timing_mode,2.0,0.0,0.0,2.0,1.0,fixed
minigrid-empty-5x5-fullyobs_GA-only_seed2,a6544fd,2026-06-01T21:53:59,2,GA-only,minigrid,MiniGrid/MiniGrid-Empty-5x5-v0/FullyObsWrapper,3.1.0,minigrid-empty-5x5-fullyobs,10,40.0,40.0,0.0,1.0,16.0,strict_rollout_equivalent_max,0.75,40.0,40.0,734.98720000498,734.98720000498,758.2782999961637,733.8485001819208,True,True,694.98720000498,rollout_normalized,rollout-equivalent unit,1.0,GA,2.0,40,2,20,0,0,20,20,0.9549999999999998,0.9549999999999998,1.0,0.5,96,1,2,40.0,40.0,40.0,False,False,0.0,0.0,0.970318893305544,True,0.0,0.0,False,0,0.0,0.0,0.0,12000,22000,Windows-AMD64-py3.14.3,self-contained local validation harness; charged-time accounting is disclosed by timing_mode,2.0,0.0,0.0,2.0,1.0,fixed
minigrid-empty-5x5-fullyobs_GA-only_seed2,a6544fd,2026-06-01T21:53:59,2,GA-only,minigrid,MiniGrid/MiniGrid-Empty-5x5-v0/FullyObsWrapper,3.1.0,minigrid-empty-5x5-fullyobs,11,40.0,40.0,0.0,1.0,16.0,strict_rollout_equivalent_max,0.75,40.0,40.0,705.1933000329882,705.1933000329882,728.6382999736816,704.0924997418188,True,True,665.1933000329882,rollout_normalized,rollout-equivalent unit,1.0,GA,2.0,40,2,20,0,0,20,20,0.9549999999999998,0.9549999999999998,1.0,0.5,96,1,2,40.0,40.0,40.0,False,False,0.0,0.0,0.970318893305544,True,0.0,0.0,False,0,0.0,0.0,0.0,12000,22000,Windows-AMD64-py3.14.3,self-contained local validation harness; charged-time accounting is disclosed by timing_mode,2.0,0.0,0.0,2.0,1.0,fixed
minigrid-empty-5x5-fullyobs_GA-only_seed3,a6544fd,2026-06-01T21:54:08,3,GA-only,minigrid,MiniGrid/MiniGrid-Empty-5x5-v0/FullyObsWrapper,3.1.0,minigrid-empty-5x5-fullyobs,0,40.0,40.0,0.0,1.0,16.0,strict_rollout_equivalent_max,0.75,40.0,40.0,727.7256000088528,727.7256000088528,814.1184999840334,726.6381998779252,True,True,687.7256000088528,rollout_normalized,rollout-equivalent unit,1.0,GA,2.0,40,2,20,0,0,20,20,0.0,0.0,0.0,0.5,-1,1,2,40.0,40.0,40.0,False,False,0.0,0.0,1.0528962878013794,True,0.0,0.0,False,0,0.0,0.0,0.0,13000,23000,Windows-AMD64-py3.14.3,self-contained local validation harness; charged-time accounting is disclosed by timing_mode,2.0,0.0,0.0,2.0,1.0,fixed
minigrid-empty-5x5-fullyobs_GA-only_seed3,a6544fd,2026-06-01T21:54:08,3,GA-only,minigrid,MiniGrid/MiniGrid-Empty-5x5-v0/FullyObsWrapper,3.1.0,minigrid-empty-5x5-fullyobs,1,40.0,40.0,0.0,1.0,16.0,strict_rollout_equivalent_max,0.75,40.0,40.0,716.231600032188,716.231600032188,799.1851999540813,715.217299759388,True,True,676.231600032188,rollout_normalized,rollout-equivalent unit,1.0,GA,2.0,40,2,20,0,0,20,20,0.0,0.0,0.0,0.5,-1,1,2,40.0,40.0,40.0,False,False,0.0,0.0,1.0528962878013794,True,0.0,0.0,False,0,0.0,0.0,0.0,13000,23000,Windows-AMD64-py3.14.3,self-contained local validation harness; charged-time accounting is disclosed by timing_mode,2.0,0.0,0.0,2.0,1.0,fixed
minigrid-empty-5x5-fullyobs_GA-only_seed3,a6544fd,2026-06-01T21:54:08,3,GA-only,minigrid,MiniGrid/MiniGrid-Empty-5x5-v0/FullyObsWrapper,3.1.0,minigrid-empty-5x5-fullyobs,2,40.0,40.0,0.0,1.0,16.0,strict_rollout_equivalent_max,0.75,40.0,40.0,720.5760999931954,720.5760999931954,806.6856000223197,719.5120002725162,True,True,680.5760999931954,rollout_normalized,rollout-equivalent unit,1.0,GA,2.0,40,2,20,0,0,20,20,0.0,0.0,0.0,0.5,-1,1,2,40.0,40.0,40.0,False,False,0.0,0.0,1.0528962878013794,True,0.0,0.0,False,0,0.0,0.0,0.0,13000,23000,Windows-AMD64-py3.14.3,self-contained local validation harness; charged-time accounting is disclosed by timing_mode,2.0,0.0,0.0,2.0,1.0,fixed
minigrid-empty-5x5-fullyobs_GA-only_seed3,a6544fd,2026-06-01T21:54:08,3,GA-only,minigrid,MiniGrid/MiniGrid-Empty-5x5-v0/FullyObsWrapper,3.1.0,minigrid-empty-5x5-fullyobs,3,40.0,40.0,0.0,1.0,16.0,strict_rollout_equivalent_max,0.75,40.0,40.0,752.0933999912813,752.0933999912813,832.8166999854147,751.0298002162017,True,True,712.0933999912813,rollout_normalized,rollout-equivalent unit,1.0,GA,2.0,40,2,20,0,0,20,20,0.0,0.0,0.0,0.5,-1,1,2,40.0,40.0,40.0,False,False,0.0,0.0,1.0528962878013794,True,0.0,0.0,False,0,0.0,0.0,0.0,13000,23000,Windows-AMD64-py3.14.3,self-contained local validation harness; charged-time accounting is disclosed by timing_mode,2.0,0.0,0.0,2.0,1.0,fixed
minigrid-empty-5x5-fullyobs_GA-only_seed3,a6544fd,2026-06-01T21:54:08,3,GA-only,minigrid,MiniGrid/MiniGrid-Empty-5x5-v0/FullyObsWrapper,3.1.0,minigrid-empty-5x5-fullyobs,4,40.0,40.0,0.0,1.0,16.0,strict_rollout_equivalent_max,0.75,40.0,40.0,779.2169000022113,779.2169000022113,866.4547000080347,777.986699831672,True,True,739.2169000022113,rollout_normalized,rollout-equivalent unit,1.0,GA,2.0,40,2,20,0,0,20,20,0.0,0.0,0.0,0.5,-1,1,2,40.0,40.0,40.0,False,False,0.0,0.0,1.0528962878013794,True,0.0,0.0,False,0,0.0,0.0,0.0,13000,23000,Windows-AMD64-py3.14.3,self-contained local validation harness; charged-time accounting is disclosed by timing_mode,2.0,0.0,0.0,2.0,1.0,fixed
minigrid-empty-5x5-fullyobs_GA-only_seed3,a6544fd,2026-06-01T21:54:08,3,GA-only,minigrid,MiniGrid/MiniGrid-Empty-5x5-v0/FullyObsWrapper,3.1.0,minigrid-empty-5x5-fullyobs,5,40.0,40.0,0.0,1.0,16.0,strict_rollout_equivalent_max,0.75,40.0,40.0,733.328000002075,733.328000002075,816.8161000357941,732.1672001271509,True,True,693.328000002075,rollout_normalized,rollout-equivalent unit,1.0,GA,2.0,40,2,20,0,0,20,20,0.0,0.0,0.0,0.5,-1,1,2,40.0,40.0,40.0,False,False,0.0,0.0,1.0528962878013794,True,0.0,0.0,False,0,0.0,0.0,0.0,13000,23000,Windows-AMD64-py3.14.3,self-contained local validation harness; charged-time accounting is disclosed by timing_mode,2.0,0.0,0.0,2.0,1.0,fixed
minigrid-empty-5x5-fullyobs_GA-only_seed3,a6544fd,2026-06-01T21:54:08,3,GA-only,minigrid,MiniGrid/MiniGrid-Empty-5x5-v0/FullyObsWrapper,3.1.0,minigrid-empty-5x5-fullyobs,6,40.0,40.0,0.0,1.0,16.0,strict_rollout_equivalent_max,0.75,40.0,40.0,742.0731000020169,742.0731000020169,823.54850001866,740.9804998897016,True,True,702.0731000020169,rollout_normalized,rollout-equivalent unit,1.0,GA,2.0,40,2,20,0,0,20,20,0.0,0.0,0.0,0.5,-1,1,2,40.0,40.0,40.0,False,False,0.0,0.0,1.0528962878013794,True,0.0,0.0,False,0,0.0,0.0,0.0,13000,23000,Windows-AMD64-py3.14.3,self-contained local validation harness; charged-time accounting is disclosed by timing_mode,2.0,0.0,0.0,2.0,1.0,fixed
minigrid-empty-5x5-fullyobs_GA-only_seed3,a6544fd,2026-06-01T21:54:08,3,GA-only,minigrid,MiniGrid/MiniGrid-Empty-5x5-v0/FullyObsWrapper,3.1.0,minigrid-empty-5x5-fullyobs,7,40.0,40.0,0.0,1.0,16.0,strict_rollout_equivalent_max,0.75,40.0,40.0,763.3139999816194,763.3139999816194,872.972600045614,762.2062001610175,True,True,723.3139999816194,rollout_normalized,rollout-equivalent unit,1.0,GA,2.0,40,2,20,0,0,20,20,0.0,0.0,0.0,0.5,-1,1,2,40.0,40.0,40.0,False,False,0.0,0.0,1.0528962878013794,True,0.0,0.0,False,0,0.0,0.0,0.0,13000,23000,Windows-AMD64-py3.14.3,self-contained local validation harness; charged-time accounting is disclosed by timing_mode,2.0,0.0,0.0,2.0,1.0,fixed
minigrid-empty-5x5-fullyobs_GA-only_seed3,a6544fd,2026-06-01T21:54:08,3,GA-only,minigrid,MiniGrid/MiniGrid-Empty-5x5-v0/FullyObsWrapper,3.1.0,minigrid-empty-5x5-fullyobs,8,40.0,40.0,0.0,1.0,16.0,strict_rollout_equivalent_max,0.75,40.0,40.0,774.1736999596469,774.1736999596469,870.6901000114158,772.9646999505349,True,True,734.1736999596469,rollout_normalized,rollout-equivalent unit,1.0,GA,2.0,40,2,20,0,0,20,20,0.0,0.0,0.0,0.5,-1,1,2,40.0,40.0,40.0,False,False,0.0,0.0,1.0528962878013794,True,0.0,0.0,False,0,0.0,0.0,0.0,13000,23000,Windows-AMD64-py3.14.3,self-contained local validation harness; charged-time accounting is disclosed by timing_mode,2.0,0.0,0.0,2.0,1.0,fixed
minigrid-empty-5x5-fullyobs_GA-only_seed3,a6544fd,2026-06-01T21:54:08,3,GA-only,minigrid,MiniGrid/MiniGrid-Empty-5x5-v0/FullyObsWrapper,3.1.0,minigrid-empty-5x5-fullyobs,9,40.0,40.0,0.0,1.0,16.0,strict_rollout_equivalent_max,0.75,40.0,40.0,844.9524000170641,844.9524000170641,944.2983000189997,843.722099903971,True,True,804.9524000170641,rollout_normalized,rollout-equivalent unit,1.0,GA,2.0,40,2,20,0,0,20,20,0.0,0.0,0.0,0.5,-1,1,2,40.0,40.0,40.0,False,False,0.0,0.0,1.0528962878013794,True,0.0,0.0,False,0,0.0,0.0,0.0,13000,23000,Windows-AMD64-py3.14.3,self-contained local validation harness; charged-time accounting is disclosed by timing_mode,2.0,0.0,0.0,2.0,1.0,fixed
minigrid-empty-5x5-fullyobs_GA-only_seed3,a6544fd,2026-06-01T21:54:08,3,GA-only,minigrid,MiniGrid/MiniGrid-Empty-5x5-v0/FullyObsWrapper,3.1.0,minigrid-empty-5x5-fullyobs,10,40.0,40.0,0.0,1.0,16.0,strict_rollout_equivalent_max,0.75,40.0,40.0,825.7744000293314,825.7744000293314,923.5245999880135,824.4449001504108,True,True,785.7744000293314,rollout_normalized,rollout-equivalent unit,1.0,GA,2.0,40,2,20,0,0,20,20,0.0,0.0,0.0,0.5,-1,1,2,40.0,40.0,40.0,False,False,0.0,0.0,1.0528962878013794,True,0.0,0.0,False,0,0.0,0.0,0.0,13000,23000,Windows-AMD64-py3.14.3,self-contained local validation harness; charged-time accounting is disclosed by timing_mode,2.0,0.0,0.0,2.0,1.0,fixed
minigrid-empty-5x5-fullyobs_GA-only_seed3,a6544fd,2026-06-01T21:54:08,3,GA-only,minigrid,MiniGrid/MiniGrid-Empty-5x5-v0/FullyObsWrapper,3.1.0,minigrid-empty-5x5-fullyobs,11,40.0,40.0,0.0,1.0,16.0,strict_rollout_equivalent_max,0.75,40.0,40.0,827.3827999946661,827.3827999946661,911.2886000075378,826.0433999821544,True,True,787.3827999946661,rollout_normalized,rollout-equivalent unit,1.0,GA,2.0,40,2,20,0,0,20,20,0.0,0.0,0.0,0.5,-1,1,2,40.0,40.0,40.0,False,False,0.0,0.0,1.0528962878013794,True,0.0,0.0,False,0,0.0,0.0,0.0,13000,23000,Windows-AMD64-py3.14.3,self-contained local validation harness; charged-time accounting is disclosed by timing_mode,2.0,0.0,0.0,2.0,1.0,fixed
minigrid-empty-5x5-fullyobs_GA-only_seed4,a6544fd,2026-06-01T21:54:19,4,GA-only,minigrid,MiniGrid/MiniGrid-Empty-5x5-v0/FullyObsWrapper,3.1.0,minigrid-empty-5x5-fullyobs,0,40.0,40.0,0.0,1.0,16.0,strict_rollout_equivalent_max,0.75,40.0,40.0,792.9888999788091,792.9888999788091,884.8844000021927,791.8029000866227,True,True,752.9888999788091,rollout_normalized,rollout-equivalent unit,1.0,GA,2.0,40,2,20,0,0,20,20,0.0,0.0,0.0,0.5,-1,1,2,40.0,40.0,40.0,False,False,0.0,0.0,1.0209495466093759,True,0.0,0.0,False,0,0.0,0.0,0.0,14000,24000,Windows-AMD64-py3.14.3,self-contained local validation harness; charged-time accounting is disclosed by timing_mode,2.0,0.0,0.0,2.0,1.0,fixed
minigrid-empty-5x5-fullyobs_GA-only_seed4,a6544fd,2026-06-01T21:54:19,4,GA-only,minigrid,MiniGrid/MiniGrid-Empty-5x5-v0/FullyObsWrapper,3.1.0,minigrid-empty-5x5-fullyobs,1,40.0,40.0,0.0,1.0,16.0,strict_rollout_equivalent_max,0.75,40.0,40.0,756.9526000297628,756.9526000297628,855.4340999689884,755.711600126233,True,True,716.9526000297628,rollout_normalized,rollout-equivalent unit,1.0,GA,2.0,40,2,20,0,0,20,20,0.0,0.0,0.0,0.5,-1,1,2,40.0,40.0,40.0,False,False,0.0,0.0,1.0209495466093759,True,0.0,0.0,False,0,0.0,0.0,0.0,14000,24000,Windows-AMD64-py3.14.3,self-contained local validation harness; charged-time accounting is disclosed by timing_mode,2.0,0.0,0.0,2.0,1.0,fixed
minigrid-empty-5x5-fullyobs_GA-only_seed4,a6544fd,2026-06-01T21:54:19,4,GA-only,minigrid,MiniGrid/MiniGrid-Empty-5x5-v0/FullyObsWrapper,3.1.0,minigrid-empty-5x5-fullyobs,2,40.0,40.0,0.0,1.0,16.0,strict_rollout_equivalent_max,0.75,40.0,40.0,870.4892999958247,870.4892999958247,973.6465999740176,869.3438999471255,True,True,830.4892999958247,rollout_normalized,rollout-equivalent unit,1.0,GA,2.0,40,2,20,0,0,20,20,0.0,0.0,0.0,0.5,-1,1,2,40.0,40.0,40.0,False,False,0.0,0.0,1.0209495466093759,True,0.0,0.0,False,0,0.0,0.0,0.0,14000,24000,Windows-AMD64-py3.14.3,self-contained local validation harness; charged-time accounting is disclosed by timing_mode,2.0,0.0,0.0,2.0,1.0,fixed
minigrid-empty-5x5-fullyobs_GA-only_seed4,a6544fd,2026-06-01T21:54:19,4,GA-only,minigrid,MiniGrid/MiniGrid-Empty-5x5-v0/FullyObsWrapper,3.1.0,minigrid-empty-5x5-fullyobs,3,40.0,40.0,0.0,1.0,16.0,strict_rollout_equivalent_max,0.75,40.0,40.0,943.8040000386536,943.8040000386536,1036.0345999943092,942.5399999599904,True,True,903.8040000386536,rollout_normalized,rollout-equivalent unit,1.0,GA,2.0,40,2,20,0,0,20,20,0.0,0.0,0.0,0.5,-1,1,2,40.0,40.0,40.0,False,False,0.0,0.0,1.0209495466093759,True,0.0,0.0,False,0,0.0,0.0,0.0,14000,24000,Windows-AMD64-py3.14.3,self-contained local validation harness; charged-time accounting is disclosed by timing_mode,2.0,0.0,0.0,2.0,1.0,fixed
minigrid-empty-5x5-fullyobs_GA-only_seed4,a6544fd,2026-06-01T21:54:19,4,GA-only,minigrid,MiniGrid/MiniGrid-Empty-5x5-v0/FullyObsWrapper,3.1.0,minigrid-empty-5x5-fullyobs,4,40.0,40.0,0.0,1.0,16.0,strict_rollout_equivalent_max,0.75,40.0,40.0,785.7211999944411,785.7211999944411,873.1852999771945,784.5783000811934,True,True,745.7211999944411,rollout_normalized,rollout-equivalent unit,1.0,GA,2.0,40,2,20,0,0,20,20,0.0,0.0,0.0,0.5,-1,1,2,40.0,40.0,40.0,False,False,0.0,0.0,1.0209495466093759,True,0.0,0.0,False,0,0.0,0.0,0.0,14000,24000,Windows-AMD64-py3.14.3,self-contained local validation harness; charged-time accounting is disclosed by timing_mode,2.0,0.0,0.0,2.0,1.0,fixed
minigrid-empty-5x5-fullyobs_GA-only_seed4,a6544fd,2026-06-01T21:54:19,4,GA-only,minigrid,MiniGrid/MiniGrid-Empty-5x5-v0/FullyObsWrapper,3.1.0,minigrid-empty-5x5-fullyobs,5,40.0,40.0,0.0,1.0,16.0,strict_rollout_equivalent_max,0.75,40.0,40.0,844.3978000432253,844.3978000432253,947.0659999642521,842.8217999753542,True,True,804.3978000432253,rollout_normalized,rollout-equivalent unit,1.0,GA,2.0,40,2,20,0,0,20,20,0.0,0.0,0.0,0.5,-1,1,2,40.0,40.0,40.0,False,False,0.0,0.0,1.0209495466093759,True,0.0,0.0,False,0,0.0,0.0,0.0,14000,24000,Windows-AMD64-py3.14.3,self-contained local validation harness; charged-time accounting is disclosed by timing_mode,2.0,0.0,0.0,2.0,1.0,fixed
minigrid-empty-5x5-fullyobs_GA-only_seed4,a6544fd,2026-06-01T21:54:19,4,GA-only,minigrid,MiniGrid/MiniGrid-Empty-5x5-v0/FullyObsWrapper,3.1.0,minigrid-empty-5x5-fullyobs,6,40.0,40.0,0.0,1.0,16.0,strict_rollout_equivalent_max,0.75,40.0,40.0,751.359699992463,751.359699992463,833.85300001828,750.2832000027411,True,True,711.359699992463,rollout_normalized,rollout-equivalent unit,1.0,GA,2.0,40,2,20,0,0,20,20,0.0,0.0,0.0,0.5,-1,1,2,40.0,40.0,40.0,False,False,0.0,0.0,1.0209495466093759,True,0.0,0.0,False,0,0.0,0.0,0.0,14000,24000,Windows-AMD64-py3.14.3,self-contained local validation harness; charged-time accounting is disclosed by timing_mode,2.0,0.0,0.0,2.0,1.0,fixed
minigrid-empty-5x5-fullyobs_GA-only_seed4,a6544fd,2026-06-01T21:54:19,4,GA-only,minigrid,MiniGrid/MiniGrid-Empty-5x5-v0/FullyObsWrapper,3.1.0,minigrid-empty-5x5-fullyobs,7,40.0,40.0,0.0,1.0,16.0,strict_rollout_equivalent_max,0.75,40.0,40.0,750.2017000224441,750.2017000224441,834.4635000103153,749.0983999450691,True,True,710.2017000224441,rollout_normalized,rollout-equivalent unit,1.0,GA,2.0,40,2,20,0,0,20,20,0.0,0.0,0.0,0.5,-1,1,2,40.0,40.0,40.0,False,False,0.0,0.0,1.0209495466093759,True,0.0,0.0,False,0,0.0,0.0,0.0,14000,24000,Windows-AMD64-py3.14.3,self-contained local validation harness; charged-time accounting is disclosed by timing_mode,2.0,0.0,0.0,2.0,1.0,fixed
minigrid-empty-5x5-fullyobs_GA-only_seed4,a6544fd,2026-06-01T21:54:19,4,GA-only,minigrid,MiniGrid/MiniGrid-Empty-5x5-v0/FullyObsWrapper,3.1.0,minigrid-empty-5x5-fullyobs,8,40.0,40.0,0.0,1.0,16.0,strict_rollout_equivalent_max,0.75,40.0,40.0,737.7295000478625,737.7295000478625,822.066500026267,736.7152001243085,True,True,697.7295000478625,rollout_normalized,rollout-equivalent unit,1.0,GA,2.0,40,2,20,0,0,20,20,0.0,0.0,0.0,0.5,-1,1,2,40.0,40.0,40.0,False,False,0.0,0.0,1.0209495466093759,True,0.0,0.0,False,0,0.0,0.0,0.0,14000,24000,Windows-AMD64-py3.14.3,self-contained local validation harness; charged-time accounting is disclosed by timing_mode,2.0,0.0,0.0,2.0,1.0,fixed
minigrid-empty-5x5-fullyobs_GA-only_seed4,a6544fd,2026-06-01T21:54:19,4,GA-only,minigrid,MiniGrid/MiniGrid-Empty-5x5-v0/FullyObsWrapper,3.1.0,minigrid-empty-5x5-fullyobs,9,40.0,40.0,0.0,1.0,16.0,strict_rollout_equivalent_max,0.75,40.0,40.0,740.4987000045367,740.4987000045367,825.4488999955356,739.3340000417084,True,True,700.4987000045367,rollout_normalized,rollout-equivalent unit,1.0,GA,2.0,40,2,20,0,0,20,20,0.0,0.0,0.0,0.5,-1,1,2,40.0,40.0,40.0,False,False,0.0,0.0,1.0209495466093759,True,0.0,0.0,False,0,0.0,0.0,0.0,14000,24000,Windows-AMD64-py3.14.3,self-contained local validation harness; charged-time accounting is disclosed by timing_mode,2.0,0.0,0.0,2.0,1.0,fixed
minigrid-empty-5x5-fullyobs_GA-only_seed4,a6544fd,2026-06-01T21:54:19,4,GA-only,minigrid,MiniGrid/MiniGrid-Empty-5x5-v0/FullyObsWrapper,3.1.0,minigrid-empty-5x5-fullyobs,10,40.0,40.0,0.0,1.0,16.0,strict_rollout_equivalent_max,0.75,40.0,40.0,755.7689000386745,755.7689000386745,840.0308999698609,754.5947001781315,True,True,715.7689000386745,rollout_normalized,rollout-equivalent unit,1.0,GA,2.0,40,2,20,0,0,20,20,0.0,0.0,0.0,0.5,-1,1,2,40.0,40.0,40.0,False,False,0.0,0.0,1.0209495466093759,True,0.0,0.0,False,0,0.0,0.0,0.0,14000,24000,Windows-AMD64-py3.14.3,self-contained local validation harness; charged-time accounting is disclosed by timing_mode,2.0,0.0,0.0,2.0,1.0,fixed
minigrid-empty-5x5-fullyobs_GA-only_seed4,a6544fd,2026-06-01T21:54:19,4,GA-only,minigrid,MiniGrid/MiniGrid-Empty-5x5-v0/FullyObsWrapper,3.1.0,minigrid-empty-5x5-fullyobs,11,40.0,40.0,0.0,1.0,16.0,strict_rollout_equivalent_max,0.75,40.0,40.0,751.8694000318646,751.8694000318646,839.4396000076085,750.7077999180183,True,True,711.8694000318646,rollout_normalized,rollout-equivalent unit,1.0,GA,2.0,40,2,20,0,0,20,20,0.0,0.0,0.0,0.5,-1,1,2,40.0,40.0,40.0,False,False,0.0,0.0,1.0209495466093759,True,0.0,0.0,False,0,0.0,0.0,0.0,14000,24000,Windows-AMD64-py3.14.3,self-contained local validation harness; charged-time accounting is disclosed by timing_mode,2.0,0.0,0.0,2.0,1.0,fixed
minigrid-empty-5x5-fullyobs_GA-only_seed5,a6544fd,2026-06-01T21:54:30,5,GA-only,minigrid,MiniGrid/MiniGrid-Empty-5x5-v0/FullyObsWrapper,3.1.0,minigrid-empty-5x5-fullyobs,0,40.0,40.0,0.0,1.0,16.0,strict_rollout_equivalent_max,0.75,40.0,40.0,783.0566000193357,783.0566000193357,871.997400012333,781.8800000241026,True,True,743.0566000193357,rollout_normalized,rollout-equivalent unit,1.0,GA,2.0,40,2,20,0,0,20,20,0.0,0.0,0.0,0.5,-1,1,2,40.0,40.0,40.0,False,False,0.0,0.0,1.0294899926521737,True,0.0,0.0,False,0,0.0,0.0,0.0,15000,25000,Windows-AMD64-py3.14.3,self-contained local validation harness; charged-time accounting is disclosed by timing_mode,2.0,0.0,0.0,2.0,1.0,fixed
minigrid-empty-5x5-fullyobs_GA-only_seed5,a6544fd,2026-06-01T21:54:30,5,GA-only,minigrid,MiniGrid/MiniGrid-Empty-5x5-v0/FullyObsWrapper,3.1.0,minigrid-empty-5x5-fullyobs,1,40.0,40.0,0.0,1.0,16.0,strict_rollout_equivalent_max,0.75,40.0,40.0,841.056400036905,841.056400036905,868.0204999982379,839.6264002658427,True,True,801.056400036905,rollout_normalized,rollout-equivalent unit,1.0,GA,2.0,40,2,20,0,0,20,20,0.9549999999999998,0.9549999999999998,1.0,0.5,64,1,2,40.0,40.0,40.0,False,False,0.0,0.0,0.9770113390530955,True,0.0,0.0,False,0,0.0,0.0,0.0,15000,25000,Windows-AMD64-py3.14.3,self-contained local validation harness; charged-time accounting is disclosed by timing_mode,2.0,0.0,0.0,2.0,1.0,fixed
minigrid-empty-5x5-fullyobs_GA-only_seed5,a6544fd,2026-06-01T21:54:30,5,GA-only,minigrid,MiniGrid/MiniGrid-Empty-5x5-v0/FullyObsWrapper,3.1.0,minigrid-empty-5x5-fullyobs,2,40.0,40.0,0.0,1.0,16.0,strict_rollout_equivalent_max,0.75,40.0,40.0,793.9073000452481,793.9073000452481,825.6300000357442,792.6216000923887,True,True,753.9073000452481,rollout_normalized,rollout-equivalent unit,1.0,GA,2.0,40,2,20,0,0,20,20,0.9549999999999998,0.9549999999999998,1.0,0.5,64,1,2,40.0,40.0,40.0,False,False,0.0,0.0,0.978287876305069,True,0.0,0.0,False,0,0.0,0.0,0.0,15000,25000,Windows-AMD64-py3.14.3,self-contained local validation harness; charged-time accounting is disclosed by timing_mode,2.0,0.0,0.0,2.0,1.0,fixed
minigrid-empty-5x5-fullyobs_GA-only_seed5,a6544fd,2026-06-01T21:54:30,5,GA-only,minigrid,MiniGrid/MiniGrid-Empty-5x5-v0/FullyObsWrapper,3.1.0,minigrid-empty-5x5-fullyobs,3,40.0,40.0,0.0,1.0,16.0,strict_rollout_equivalent_max,0.75,40.0,40.0,766.7142000282183,766.7142000282183,791.9256999739446,765.5171999940649,True,True,726.7142000282183,rollout_normalized,rollout-equivalent unit,1.0,GA,2.0,40,2,20,0,0,20,20,0.9549999999999998,0.9549999999999998,1.0,0.5,64,1,2,40.0,40.0,40.0,False,False,0.0,0.0,0.8305913536689804,True,0.0,0.0,False,0,0.0,0.0,0.0,15000,25000,Windows-AMD64-py3.14.3,self-contained local validation harness; charged-time accounting is disclosed by timing_mode,2.0,0.0,0.0,2.0,1.0,fixed
minigrid-empty-5x5-fullyobs_GA-only_seed5,a6544fd,2026-06-01T21:54:30,5,GA-only,minigrid,MiniGrid/MiniGrid-Empty-5x5-v0/FullyObsWrapper,3.1.0,minigrid-empty-5x5-fullyobs,4,40.0,40.0,0.0,1.0,16.0,strict_rollout_equivalent_max,0.75,40.0,40.0,744.5587000111118,744.5587000111118,768.5745999915525,743.4997997479513,True,True,704.5587000111118,rollout_normalized,rollout-equivalent unit,1.0,GA,2.0,40,2,20,0,0,20,20,0.9549999999999998,0.9549999999999998,1.0,0.5,64,1,2,40.0,40.0,40.0,False,False,0.0,0.0,0.751058224959942,True,0.0,0.0,False,0,0.0,0.0,0.0,15000,25000,Windows-AMD64-py3.14.3,self-contained local validation harness; charged-time accounting is disclosed by timing_mode,2.0,0.0,0.0,2.0,1.0,fixed
minigrid-empty-5x5-fullyobs_GA-only_seed5,a6544fd,2026-06-01T21:54:30,5,GA-only,minigrid,MiniGrid/MiniGrid-Empty-5x5-v0/FullyObsWrapper,3.1.0,minigrid-empty-5x5-fullyobs,5,40.0,40.0,0.0,1.0,16.0,strict_rollout_equivalent_max,0.75,40.0,40.0,715.4643000103533,715.4643000103533,739.5494999946095,714.4088000059128,True,True,675.4643000103533,rollout_normalized,rollout-equivalent unit,1.0,GA,2.0,40,2,20,0,0,20,20,0.9549999999999998,0.9549999999999998,1.0,0.5,64,1,2,40.0,40.0,40.0,False,False,0.0,0.0,0.6976687252711673,True,0.0,0.0,False,0,0.0,0.0,0.0,15000,25000,Windows-AMD64-py3.14.3,self-contained local validation harness; charged-time accounting is disclosed by timing_mode,2.0,0.0,0.0,2.0,1.0,fixed
minigrid-empty-5x5-fullyobs_GA-only_seed5,a6544fd,2026-06-01T21:54:30,5,GA-only,minigrid,MiniGrid/MiniGrid-Empty-5x5-v0/FullyObsWrapper,3.1.0,minigrid-empty-5x5-fullyobs,6,40.0,40.0,0.0,1.0,16.0,strict_rollout_equivalent_max,0.75,40.0,40.0,745.9976999671198,745.9976999671198,773.480899981223,744.9179000686854,True,True,705.9976999671198,rollout_normalized,rollout-equivalent unit,1.0,GA,2.0,40,2,20,0,0,20,20,0.9549999999999998,0.9549999999999998,1.0,0.5,64,1,2,40.0,40.0,40.0,False,False,0.0,0.0,0.6976687252711673,True,0.0,0.0,False,0,0.0,0.0,0.0,15000,25000,Windows-AMD64-py3.14.3,self-contained local validation harness; charged-time accounting is disclosed by timing_mode,2.0,0.0,0.0,2.0,1.0,fixed
minigrid-empty-5x5-fullyobs_GA-only_seed5,a6544fd,2026-06-01T21:54:30,5,GA-only,minigrid,MiniGrid/MiniGrid-Empty-5x5-v0/FullyObsWrapper,3.1.0,minigrid-empty-5x5-fullyobs,7,40.0,40.0,0.0,1.0,16.0,strict_rollout_equivalent_max,0.75,40.0,40.0,730.286999954842,730.286999954842,756.422400008887,729.2521998751909,True,True,690.286999954842,rollout_normalized,rollout-equivalent unit,1.0,GA,2.0,40,2,20,0,0,20,20,0.9549999999999998,0.9549999999999998,1.0,0.5,64,1,2,40.0,40.0,40.0,False,False,0.0,0.0,0.6413753391295154,True,0.0,0.0,False,0,0.0,0.0,0.0,15000,25000,Windows-AMD64-py3.14.3,self-contained local validation harness; charged-time accounting is disclosed by timing_mode,2.0,0.0,0.0,2.0,1.0,fixed
minigrid-empty-5x5-fullyobs_GA-only_seed5,a6544fd,2026-06-01T21:54:30,5,GA-only,minigrid,MiniGrid/MiniGrid-Empty-5x5-v0/FullyObsWrapper,3.1.0,minigrid-empty-5x5-fullyobs,8,40.0,40.0,0.0,1.0,16.0,strict_rollout_equivalent_max,0.75,40.0,40.0,674.4308000197634,674.4308000197634,698.3106999541633,673.2645997544751,True,True,634.4308000197634,rollout_normalized,rollout-equivalent unit,1.0,GA,2.0,40,2,20,0,0,20,20,0.9549999999999998,0.9549999999999998,1.0,0.5,64,1,2,40.0,40.0,40.0,False,False,0.0,0.0,0.5193273605193598,True,0.0,0.0,False,0,0.0,0.0,0.0,15000,25000,Windows-AMD64-py3.14.3,self-contained local validation harness; charged-time accounting is disclosed by timing_mode,2.0,0.0,0.0,2.0,1.0,fixed
minigrid-empty-5x5-fullyobs_GA-only_seed5,a6544fd,2026-06-01T21:54:30,5,GA-only,minigrid,MiniGrid/MiniGrid-Empty-5x5-v0/FullyObsWrapper,3.1.0,minigrid-empty-5x5-fullyobs,9,40.0,40.0,0.0,1.0,16.0,strict_rollout_equivalent_max,0.75,40.0,40.0,714.034000004176,714.034000004176,738.5125000146218,712.8999999840744,True,True,674.034000004176,rollout_normalized,rollout-equivalent unit,1.0,GA,2.0,40,2,20,0,0,20,20,0.9549999999999998,0.9549999999999998,1.0,0.5,64,1,2,40.0,40.0,40.0,False,False,0.0,0.0,0.5193273605193598,True,0.0,0.0,False,0,0.0,0.0,0.0,15000,25000,Windows-AMD64-py3.14.3,self-contained local validation harness; charged-time accounting is disclosed by timing_mode,2.0,0.0,0.0,2.0,1.0,fixed
minigrid-empty-5x5-fullyobs_GA-only_seed5,a6544fd,2026-06-01T21:54:30,5,GA-only,minigrid,MiniGrid/MiniGrid-Empty-5x5-v0/FullyObsWrapper,3.1.0,minigrid-empty-5x5-fullyobs,10,40.0,40.0,0.0,1.0,16.0,strict_rollout_equivalent_max,0.75,40.0,40.0,696.0296999895945,696.0296999895945,719.8818000033498,694.8926997720264,True,True,656.0296999895945,rollout_normalized,rollout-equivalent unit,1.0,GA,2.0,40,2,20,0,0,20,20,0.9549999999999998,0.9549999999999998,1.0,0.5,64,1,2,40.0,40.0,40.0,False,False,0.0,0.0,0.5193273605193598,True,0.0,0.0,False,0,0.0,0.0,0.0,15000,25000,Windows-AMD64-py3.14.3,self-contained local validation harness; charged-time accounting is disclosed by timing_mode,2.0,0.0,0.0,2.0,1.0,fixed
minigrid-empty-5x5-fullyobs_GA-only_seed5,a6544fd,2026-06-01T21:54:30,5,GA-only,minigrid,MiniGrid/MiniGrid-Empty-5x5-v0/FullyObsWrapper,3.1.0,minigrid-empty-5x5-fullyobs,11,40.0,40.0,0.0,1.0,16.0,strict_rollout_equivalent_max,0.75,40.0,40.0,739.5477000391111,739.5477000391111,764.588600024581,738.3381001418456,True,True,699.5477000391111,rollout_normalized,rollout-equivalent unit,1.0,GA,2.0,40,2,20,0,0,20,20,0.9549999999999998,0.9549999999999998,1.0,0.5,64,1,2,40.0,40.0,40.0,False,False,0.0,0.0,0.5193273605193598,True,0.0,0.0,False,0,0.0,0.0,0.0,15000,25000,Windows-AMD64-py3.14.3,self-contained local validation harness; charged-time accounting is disclosed by timing_mode,2.0,0.0,0.0,2.0,1.0,fixed
minigrid-empty-5x5-fullyobs_GA-only_seed6,a6544fd,2026-06-01T21:54:40,6,GA-only,minigrid,MiniGrid/MiniGrid-Empty-5x5-v0/FullyObsWrapper,3.1.0,minigrid-empty-5x5-fullyobs,0,40.0,40.0,0.0,1.0,16.0,strict_rollout_equivalent_max,0.75,40.0,40.0,727.9246000107378,727.9246000107378,805.5488000391051,726.8938000779599,True,True,687.9246000107378,rollout_normalized,rollout-equivalent unit,1.0,GA,2.0,40,2,20,0,0,20,20,0.0,0.0,0.0,0.5,-1,1,2,40.0,40.0,40.0,False,False,0.0,0.0,1.0548317900656055,True,0.0,0.0,False,0,0.0,0.0,0.0,16000,26000,Windows-AMD64-py3.14.3,self-contained local validation harness; charged-time accounting is disclosed by timing_mode,2.0,0.0,0.0,2.0,1.0,fixed
minigrid-empty-5x5-fullyobs_GA-only_seed6,a6544fd,2026-06-01T21:54:40,6,GA-only,minigrid,MiniGrid/MiniGrid-Empty-5x5-v0/FullyObsWrapper,3.1.0,minigrid-empty-5x5-fullyobs,1,40.0,40.0,0.0,1.0,16.0,strict_rollout_equivalent_max,0.75,40.0,40.0,766.3644999847747,766.3644999847747,842.1891999896616,765.2151000220329,True,True,726.3644999847747,rollout_normalized,rollout-equivalent unit,1.0,GA,2.0,40,2,20,0,0,20,20,0.0,0.0,0.0,0.5,-1,1,2,40.0,40.0,40.0,False,False,0.0,0.0,1.0548317900656055,True,0.0,0.0,False,0,0.0,0.0,0.0,16000,26000,Windows-AMD64-py3.14.3,self-contained local validation harness; charged-time accounting is disclosed by timing_mode,2.0,0.0,0.0,2.0,1.0,fixed
minigrid-empty-5x5-fullyobs_GA-only_seed6,a6544fd,2026-06-01T21:54:40,6,GA-only,minigrid,MiniGrid/MiniGrid-Empty-5x5-v0/FullyObsWrapper,3.1.0,minigrid-empty-5x5-fullyobs,2,40.0,40.0,0.0,1.0,16.0,strict_rollout_equivalent_max,0.75,40.0,40.0,726.9274999853224,726.9274999853224,803.6788000026718,725.7995000109076,True,True,686.9274999853224,rollout_normalized,rollout-equivalent unit,1.0,GA,2.0,40,2,20,0,0,20,20,0.0,0.0,0.0,0.5,-1,1,2,40.0,40.0,40.0,False,False,0.0,0.0,1.0548317900656055,True,0.0,0.0,False,0,0.0,0.0,0.0,16000,26000,Windows-AMD64-py3.14.3,self-contained local validation harness; charged-time accounting is disclosed by timing_mode,2.0,0.0,0.0,2.0,1.0,fixed
minigrid-empty-5x5-fullyobs_GA-only_seed6,a6544fd,2026-06-01T21:54:40,6,GA-only,minigrid,MiniGrid/MiniGrid-Empty-5x5-v0/FullyObsWrapper,3.1.0,minigrid-empty-5x5-fullyobs,3,40.0,40.0,0.0,1.0,16.0,strict_rollout_equivalent_max,0.75,40.0,40.0,732.7996999956667,732.7996999956667,813.2311999797821,731.7249002517201,True,True,692.7996999956667,rollout_normalized,rollout-equivalent unit,1.0,GA,2.0,40,2,20,0,0,20,20,0.0,0.0,0.0,0.5,-1,1,2,40.0,40.0,40.0,False,False,0.0,0.0,1.0548317900656055,True,0.0,0.0,False,0,0.0,0.0,0.0,16000,26000,Windows-AMD64-py3.14.3,self-contained local validation harness; charged-time accounting is disclosed by timing_mode,2.0,0.0,0.0,2.0,1.0,fixed
minigrid-empty-5x5-fullyobs_GA-only_seed6,a6544fd,2026-06-01T21:54:40,6,GA-only,minigrid,MiniGrid/MiniGrid-Empty-5x5-v0/FullyObsWrapper,3.1.0,minigrid-empty-5x5-fullyobs,4,40.0,40.0,0.0,1.0,16.0,strict_rollout_equivalent_max,0.75,40.0,40.0,741.6976999957114,741.6976999957114,819.9461000040174,740.5276002245955,True,True,701.6976999957114,rollout_normalized,rollout-equivalent unit,1.0,GA,2.0,40,2,20,0,0,20,20,0.0,0.0,0.0,0.5,-1,1,2,40.0,40.0,40.0,False,False,0.0,0.0,1.0548317900656055,True,0.0,0.0,False,0,0.0,0.0,0.0,16000,26000,Windows-AMD64-py3.14.3,self-contained local validation harness; charged-time accounting is disclosed by timing_mode,2.0,0.0,0.0,2.0,1.0,fixed
minigrid-empty-5x5-fullyobs_GA-only_seed6,a6544fd,2026-06-01T21:54:40,6,GA-only,minigrid,MiniGrid/MiniGrid-Empty-5x5-v0/FullyObsWrapper,3.1.0,minigrid-empty-5x5-fullyobs,5,40.0,40.0,0.0,1.0,16.0,strict_rollout_equivalent_max,0.75,40.0,40.0,751.6114000463858,751.6114000463858,831.2993999570608,750.465500052087,True,True,711.6114000463858,rollout_normalized,rollout-equivalent unit,1.0,GA,2.0,40,2,20,0,0,20,20,0.0,0.0,0.0,0.5,-1,1,2,40.0,40.0,40.0,False,False,0.0,0.0,1.0548317900656055,True,0.0,0.0,False,0,0.0,0.0,0.0,16000,26000,Windows-AMD64-py3.14.3,self-contained local validation harness; charged-time accounting is disclosed by timing_mode,2.0,0.0,0.0,2.0,1.0,fixed
minigrid-empty-5x5-fullyobs_GA-only_seed6,a6544fd,2026-06-01T21:54:40,6,GA-only,minigrid,MiniGrid/MiniGrid-Empty-5x5-v0/FullyObsWrapper,3.1.0,minigrid-empty-5x5-fullyobs,6,40.0,40.0,0.0,1.0,16.0,strict_rollout_equivalent_max,0.75,40.0,40.0,733.0345999798737,733.0345999798737,810.8904000255279,731.9815999944694,True,True,693.0345999798737,rollout_normalized,rollout-equivalent unit,1.0,GA,2.0,40,2,20,0,0,20,20,0.0,0.0,0.0,0.5,-1,1,2,40.0,40.0,40.0,False,False,0.0,0.0,1.0548317900656055,True,0.0,0.0,False,0,0.0,0.0,0.0,16000,26000,Windows-AMD64-py3.14.3,self-contained local validation harness; charged-time accounting is disclosed by timing_mode,2.0,0.0,0.0,2.0,1.0,fixed
minigrid-empty-5x5-fullyobs_GA-only_seed6,a6544fd,2026-06-01T21:54:40,6,GA-only,minigrid,MiniGrid/MiniGrid-Empty-5x5-v0/FullyObsWrapper,3.1.0,minigrid-empty-5x5-fullyobs,7,40.0,40.0,0.0,1.0,16.0,strict_rollout_equivalent_max,0.75,40.0,40.0,715.5026000109501,715.5026000109501,793.6593000194989,714.3488000729121,True,True,675.5026000109501,rollout_normalized,rollout-equivalent unit,1.0,GA,2.0,40,2,20,0,0,20,20,0.0,0.0,0.0,0.5,-1,1,2,40.0,40.0,40.0,False,False,0.0,0.0,1.0548317900656055,True,0.0,0.0,False,0,0.0,0.0,0.0,16000,26000,Windows-AMD64-py3.14.3,self-contained local validation harness; charged-time accounting is disclosed by timing_mode,2.0,0.0,0.0,2.0,1.0,fixed
minigrid-empty-5x5-fullyobs_GA-only_seed6,a6544fd,2026-06-01T21:54:40,6,GA-only,minigrid,MiniGrid/MiniGrid-Empty-5x5-v0/FullyObsWrapper,3.1.0,minigrid-empty-5x5-fullyobs,8,40.0,40.0,0.0,1.0,16.0,strict_rollout_equivalent_max,0.75,40.0,40.0,752.9189999913797,752.9189999913797,829.1556999902241,751.7615000833757,True,True,712.9189999913797,rollout_normalized,rollout-equivalent unit,1.0,GA,2.0,40,2,20,0,0,20,20,0.0,0.0,0.0,0.5,-1,1,2,40.0,40.0,40.0,False,False,0.0,0.0,1.0548317900656055,True,0.0,0.0,False,0,0.0,0.0,0.0,16000,26000,Windows-AMD64-py3.14.3,self-contained local validation harness; charged-time accounting is disclosed by timing_mode,2.0,0.0,0.0,2.0,1.0,fixed
minigrid-empty-5x5-fullyobs_GA-only_seed6,a6544fd,2026-06-01T21:54:40,6,GA-only,minigrid,MiniGrid/MiniGrid-Empty-5x5-v0/FullyObsWrapper,3.1.0,minigrid-empty-5x5-fullyobs,9,40.0,40.0,0.0,1.0,16.0,strict_rollout_equivalent_max,0.75,40.0,40.0,729.0767999948002,729.0767999948002,805.7062999578193,727.9010001802817,True,True,689.0767999948002,rollout_normalized,rollout-equivalent unit,1.0,GA,2.0,40,2,20,0,0,20,20,0.0,0.0,0.0,0.5,-1,1,2,40.0,40.0,40.0,False,False,0.0,0.0,1.0548317900656055,True,0.0,0.0,False,0,0.0,0.0,0.0,16000,26000,Windows-AMD64-py3.14.3,self-contained local validation harness; charged-time accounting is disclosed by timing_mode,2.0,0.0,0.0,2.0,1.0,fixed
minigrid-empty-5x5-fullyobs_GA-only_seed6,a6544fd,2026-06-01T21:54:40,6,GA-only,minigrid,MiniGrid/MiniGrid-Empty-5x5-v0/FullyObsWrapper,3.1.0,minigrid-empty-5x5-fullyobs,10,40.0,40.0,0.0,1.0,16.0,strict_rollout_equivalent_max,0.75,40.0,40.0,722.503199998755,722.503199998755,803.0960999894887,721.4635998825543,True,True,682.503199998755,rollout_normalized,rollout-equivalent unit,1.0,GA,2.0,40,2,20,0,0,20,20,0.0,0.0,0.0,0.5,-1,1,2,40.0,40.0,40.0,False,False,0.0,0.0,1.0548317900656055,True,0.0,0.0,False,0,0.0,0.0,0.0,16000,26000,Windows-AMD64-py3.14.3,self-contained local validation harness; charged-time accounting is disclosed by timing_mode,2.0,0.0,0.0,2.0,1.0,fixed
minigrid-empty-5x5-fullyobs_GA-only_seed6,a6544fd,2026-06-01T21:54:40,6,GA-only,minigrid,MiniGrid/MiniGrid-Empty-5x5-v0/FullyObsWrapper,3.1.0,minigrid-empty-5x5-fullyobs,11,40.0,40.0,0.0,1.0,16.0,strict_rollout_equivalent_max,0.75,40.0,40.0,746.6643999796361,746.6643999796361,826.9032000098377,745.5154000781476,True,True,706.6643999796361,rollout_normalized,rollout-equivalent unit,1.0,GA,2.0,40,2,20,0,0,20,20,0.0,0.0,0.0,0.5,-1,1,2,40.0,40.0,40.0,False,False,0.0,0.0,1.0548317900656055,True,0.0,0.0,False,0,0.0,0.0,0.0,16000,26000,Windows-AMD64-py3.14.3,self-contained local validation harness; charged-time accounting is disclosed by timing_mode,2.0,0.0,0.0,2.0,1.0,fixed
minigrid-empty-5x5-fullyobs_GA-only_seed7,a6544fd,2026-06-01T21:54:50,7,GA-only,minigrid,MiniGrid/MiniGrid-Empty-5x5-v0/FullyObsWrapper,3.1.0,minigrid-empty-5x5-fullyobs,0,40.0,40.0,0.0,1.0,16.0,strict_rollout_equivalent_max,0.75,40.0,40.0,754.7019000048749,754.7019000048749,840.8414000296034,753.6008000606671,True,True,714.7019000048749,rollout_normalized,rollout-equivalent unit,1.0,GA,2.0,40,2,20,0,0,20,20,0.0,0.0,0.0,0.5,-1,1,2,40.0,40.0,40.0,False,False,0.0,0.0,0.999169189219458,True,0.0,0.0,False,0,0.0,0.0,0.0,17000,27000,Windows-AMD64-py3.14.3,self-contained local validation harness; charged-time accounting is disclosed by timing_mode,2.0,0.0,0.0,2.0,1.0,fixed
minigrid-empty-5x5-fullyobs_GA-only_seed7,a6544fd,2026-06-01T21:54:50,7,GA-only,minigrid,MiniGrid/MiniGrid-Empty-5x5-v0/FullyObsWrapper,3.1.0,minigrid-empty-5x5-fullyobs,1,40.0,40.0,0.0,1.0,16.0,strict_rollout_equivalent_max,0.75,40.0,40.0,789.3189000315033,789.3189000315033,872.4706000066362,788.3307000738569,True,True,749.3189000315033,rollout_normalized,rollout-equivalent unit,1.0,GA,2.0,40,2,20,0,0,20,20,0.0,0.0,0.0,0.5,-1,1,2,40.0,40.0,40.0,False,False,0.0,0.0,0.999169189219458,True,0.0,0.0,False,0,0.0,0.0,0.0,17000,27000,Windows-AMD64-py3.14.3,self-contained local validation harness; charged-time accounting is disclosed by timing_mode,2.0,0.0,0.0,2.0,1.0,fixed
minigrid-empty-5x5-fullyobs_GA-only_seed7,a6544fd,2026-06-01T21:54:50,7,GA-only,minigrid,MiniGrid/MiniGrid-Empty-5x5-v0/FullyObsWrapper,3.1.0,minigrid-empty-5x5-fullyobs,2,40.0,40.0,0.0,1.0,16.0,strict_rollout_equivalent_max,0.75,40.0,40.0,750.0473000109196,750.0473000109196,838.2049000356346,748.9369999384508,True,True,710.0473000109196,rollout_normalized,rollout-equivalent unit,1.0,GA,2.0,40,2,20,0,0,20,20,0.0,0.0,0.0,0.5,-1,1,2,40.0,40.0,40.0,False,False,0.0,0.0,0.999169189219458,True,0.0,0.0,False,0,0.0,0.0,0.0,17000,27000,Windows-AMD64-py3.14.3,self-contained local validation harness; charged-time accounting is disclosed by timing_mode,2.0,0.0,0.0,2.0,1.0,fixed
minigrid-empty-5x5-fullyobs_GA-only_seed7,a6544fd,2026-06-01T21:54:50,7,GA-only,minigrid,MiniGrid/MiniGrid-Empty-5x5-v0/FullyObsWrapper,3.1.0,minigrid-empty-5x5-fullyobs,3,40.0,40.0,0.0,1.0,16.0,strict_rollout_equivalent_max,0.75,40.0,40.0,770.7118999678642,770.7118999678642,860.5280999909155,769.5530999917537,True,True,730.7118999678642,rollout_normalized,rollout-equivalent unit,1.0,GA,2.0,40,2,20,0,0,20,20,0.0,0.0,0.0,0.5,-1,1,2,40.0,40.0,40.0,False,False,0.0,0.0,0.999169189219458,True,0.0,0.0,False,0,0.0,0.0,0.0,17000,27000,Windows-AMD64-py3.14.3,self-contained local validation harness; charged-time accounting is disclosed by timing_mode,2.0,0.0,0.0,2.0,1.0,fixed
minigrid-empty-5x5-fullyobs_GA-only_seed7,a6544fd,2026-06-01T21:54:50,7,GA-only,minigrid,MiniGrid/MiniGrid-Empty-5x5-v0/FullyObsWrapper,3.1.0,minigrid-empty-5x5-fullyobs,4,40.0,40.0,0.0,1.0,16.0,strict_rollout_equivalent_max,0.75,40.0,40.0,783.1159000052139,783.1159000052139,867.5279000308365,782.0043999818154,True,True,743.1159000052139,rollout_normalized,rollout-equivalent unit,1.0,GA,2.0,40,2,20,0,0,20,20,0.0,0.0,0.0,0.5,-1,1,2,40.0,40.0,40.0,False,False,0.0,0.0,0.999169189219458,True,0.0,0.0,False,0,0.0,0.0,0.0,17000,27000,Windows-AMD64-py3.14.3,self-contained local validation harness; charged-time accounting is disclosed by timing_mode,2.0,0.0,0.0,2.0,1.0,fixed
minigrid-empty-5x5-fullyobs_GA-only_seed7,a6544fd,2026-06-01T21:54:50,7,GA-only,minigrid,MiniGrid/MiniGrid-Empty-5x5-v0/FullyObsWrapper,3.1.0,minigrid-empty-5x5-fullyobs,5,40.0,40.0,0.0,1.0,16.0,strict_rollout_equivalent_max,0.75,40.0,40.0,763.8408000348136,763.8408000348136,850.0228000339121,762.8264001104981,True,True,723.8408000348136,rollout_normalized,rollout-equivalent unit,1.0,GA,2.0,40,2,20,0,0,20,20,0.0,0.0,0.0,0.5,-1,1,2,40.0,40.0,40.0,False,False,0.0,0.0,0.999169189219458,True,0.0,0.0,False,0,0.0,0.0,0.0,17000,27000,Windows-AMD64-py3.14.3,self-contained local validation harness; charged-time accounting is disclosed by timing_mode,2.0,0.0,0.0,2.0,1.0,fixed
minigrid-empty-5x5-fullyobs_GA-only_seed7,a6544fd,2026-06-01T21:54:50,7,GA-only,minigrid,MiniGrid/MiniGrid-Empty-5x5-v0/FullyObsWrapper,3.1.0,minigrid-empty-5x5-fullyobs,6,40.0,40.0,0.0,1.0,16.0,strict_rollout_equivalent_max,0.75,40.0,40.0,753.6709000123665,753.6709000123665,836.1754000070505,752.4873000220396,True,True,713.6709000123665,rollout_normalized,rollout-equivalent unit,1.0,GA,2.0,40,2,20,0,0,20,20,0.0,0.0,0.0,0.5,-1,1,2,40.0,40.0,40.0,False,False,0.0,0.0,0.999169189219458,True,0.0,0.0,False,0,0.0,0.0,0.0,17000,27000,Windows-AMD64-py3.14.3,self-contained local validation harness; charged-time accounting is disclosed by timing_mode,2.0,0.0,0.0,2.0,1.0,fixed
minigrid-empty-5x5-fullyobs_GA-only_seed7,a6544fd,2026-06-01T21:54:50,7,GA-only,minigrid,MiniGrid/MiniGrid-Empty-5x5-v0/FullyObsWrapper,3.1.0,minigrid-empty-5x5-fullyobs,7,40.0,40.0,0.0,1.0,16.0,strict_rollout_equivalent_max,0.75,40.0,40.0,767.5691999611445,767.5691999611445,855.3452999913134,766.3725999882445,True,True,727.5691999611445,rollout_normalized,rollout-equivalent unit,1.0,GA,2.0,40,2,20,0,0,20,20,0.0,0.0,0.0,0.5,-1,1,2,40.0,40.0,40.0,False,False,0.0,0.0,0.999169189219458,True,0.0,0.0,False,0,0.0,0.0,0.0,17000,27000,Windows-AMD64-py3.14.3,self-contained local validation harness; charged-time accounting is disclosed by timing_mode,2.0,0.0,0.0,2.0,1.0,fixed
minigrid-empty-5x5-fullyobs_GA-only_seed7,a6544fd,2026-06-01T21:54:50,7,GA-only,minigrid,MiniGrid/MiniGrid-Empty-5x5-v0/FullyObsWrapper,3.1.0,minigrid-empty-5x5-fullyobs,8,40.0,40.0,0.0,1.0,16.0,strict_rollout_equivalent_max,0.75,40.0,40.0,752.5001000030898,752.5001000030898,835.6568000162952,751.3904999359511,True,True,712.5001000030898,rollout_normalized,rollout-equivalent unit,1.0,GA,2.0,40,2,20,0,0,20,20,0.0,0.0,0.0,0.5,-1,1,2,40.0,40.0,40.0,False,False,0.0,0.0,0.999169189219458,True,0.0,0.0,False,0,0.0,0.0,0.0,17000,27000,Windows-AMD64-py3.14.3,self-contained local validation harness; charged-time accounting is disclosed by timing_mode,2.0,0.0,0.0,2.0,1.0,fixed
minigrid-empty-5x5-fullyobs_GA-only_seed7,a6544fd,2026-06-01T21:54:50,7,GA-only,minigrid,MiniGrid/MiniGrid-Empty-5x5-v0/FullyObsWrapper,3.1.0,minigrid-empty-5x5-fullyobs,9,40.0,40.0,0.0,1.0,16.0,strict_rollout_equivalent_max,0.75,40.0,40.0,744.7095999959856,744.7095999959856,829.2479000519961,743.626500305254,True,True,704.7095999959856,rollout_normalized,rollout-equivalent unit,1.0,GA,2.0,40,2,20,0,0,20,20,0.0,0.0,0.0,0.5,-1,1,2,40.0,40.0,40.0,False,False,0.0,0.0,0.999169189219458,True,0.0,0.0,False,0,0.0,0.0,0.0,17000,27000,Windows-AMD64-py3.14.3,self-contained local validation harness; charged-time accounting is disclosed by timing_mode,2.0,0.0,0.0,2.0,1.0,fixed
minigrid-empty-5x5-fullyobs_GA-only_seed7,a6544fd,2026-06-01T21:54:50,7,GA-only,minigrid,MiniGrid/MiniGrid-Empty-5x5-v0/FullyObsWrapper,3.1.0,minigrid-empty-5x5-fullyobs,10,40.0,40.0,0.0,1.0,16.0,strict_rollout_equivalent_max,0.75,40.0,40.0,743.9824999892153,743.9824999892153,826.7528000287712,742.9155000136234,True,True,703.9824999892153,rollout_normalized,rollout-equivalent unit,1.0,GA,2.0,40,2,20,0,0,20,20,0.0,0.0,0.0,0.5,-1,1,2,40.0,40.0,40.0,False,False,0.0,0.0,0.999169189219458,True,0.0,0.0,False,0,0.0,0.0,0.0,17000,27000,Windows-AMD64-py3.14.3,self-contained local validation harness; charged-time accounting is disclosed by timing_mode,2.0,0.0,0.0,2.0,1.0,fixed
minigrid-empty-5x5-fullyobs_GA-only_seed7,a6544fd,2026-06-01T21:54:50,7,GA-only,minigrid,MiniGrid/MiniGrid-Empty-5x5-v0/FullyObsWrapper,3.1.0,minigrid-empty-5x5-fullyobs,11,40.0,40.0,0.0,1.0,16.0,strict_rollout_equivalent_max,0.75,40.0,40.0,765.9557000151835,765.9557000151835,856.3364999718033,764.8114999756217,True,True,725.9557000151835,rollout_normalized,rollout-equivalent unit,1.0,GA,2.0,40,2,20,0,0,20,20,0.0,0.0,0.0,0.5,-1,1,2,40.0,40.0,40.0,False,False,0.0,0.0,0.999169189219458,True,0.0,0.0,False,0,0.0,0.0,0.0,17000,27000,Windows-AMD64-py3.14.3,self-contained local validation harness; charged-time accounting is disclosed by timing_mode,2.0,0.0,0.0,2.0,1.0,fixed
minigrid-empty-5x5-fullyobs_GA-only_seed8,a6544fd,2026-06-01T21:55:01,8,GA-only,minigrid,MiniGrid/MiniGrid-Empty-5x5-v0/FullyObsWrapper,3.1.0,minigrid-empty-5x5-fullyobs,0,40.0,40.0,0.0,1.0,16.0,strict_rollout_equivalent_max,0.75,40.0,40.0,779.9973000073805,779.9973000073805,857.6234999927692,778.9110001758672,True,True,739.9973000073805,rollout_normalized,rollout-equivalent unit,1.0,GA,2.0,40,2,20,0,0,20,20,0.0,0.0,0.0,0.5,-1,1,2,40.0,40.0,40.0,False,False,0.0,0.0,1.0258790242339384,True,0.0,0.0,False,0,0.0,0.0,0.0,18000,28000,Windows-AMD64-py3.14.3,self-contained local validation harness; charged-time accounting is disclosed by timing_mode,2.0,0.0,0.0,2.0,1.0,fixed
minigrid-empty-5x5-fullyobs_GA-only_seed8,a6544fd,2026-06-01T21:55:01,8,GA-only,minigrid,MiniGrid/MiniGrid-Empty-5x5-v0/FullyObsWrapper,3.1.0,minigrid-empty-5x5-fullyobs,1,40.0,40.0,0.0,1.0,16.0,strict_rollout_equivalent_max,0.75,40.0,40.0,765.941700024996,765.941700024996,844.1157000488602,764.8082999512553,True,True,725.941700024996,rollout_normalized,rollout-equivalent unit,1.0,GA,2.0,40,2,20,0,0,20,20,0.0,0.0,0.0,0.5,-1,1,2,40.0,40.0,40.0,False,False,0.0,0.0,1.0258790242339384,True,0.0,0.0,False,0,0.0,0.0,0.0,18000,28000,Windows-AMD64-py3.14.3,self-contained local validation harness; charged-time accounting is disclosed by timing_mode,2.0,0.0,0.0,2.0,1.0,fixed
minigrid-empty-5x5-fullyobs_GA-only_seed8,a6544fd,2026-06-01T21:55:01,8,GA-only,minigrid,MiniGrid/MiniGrid-Empty-5x5-v0/FullyObsWrapper,3.1.0,minigrid-empty-5x5-fullyobs,2,40.0,40.0,0.0,1.0,16.0,strict_rollout_equivalent_max,0.75,40.0,40.0,753.285999991931,753.285999991931,829.9587999936193,752.2215000353754,True,True,713.285999991931,rollout_normalized,rollout-equivalent unit,1.0,GA,2.0,40,2,20,0,0,20,20,0.0,0.0,0.0,0.5,-1,1,2,40.0,40.0,40.0,False,False,0.0,0.0,1.0258790242339384,True,0.0,0.0,False,0,0.0,0.0,0.0,18000,28000,Windows-AMD64-py3.14.3,self-contained local validation harness; charged-time accounting is disclosed by timing_mode,2.0,0.0,0.0,2.0,1.0,fixed
minigrid-empty-5x5-fullyobs_GA-only_seed8,a6544fd,2026-06-01T21:55:01,8,GA-only,minigrid,MiniGrid/MiniGrid-Empty-5x5-v0/FullyObsWrapper,3.1.0,minigrid-empty-5x5-fullyobs,3,40.0,40.0,0.0,1.0,16.0,strict_rollout_equivalent_max,0.75,40.0,40.0,764.2033000010997,764.2033000010997,841.8050999753177,763.0302000325173,True,True,724.2033000010997,rollout_normalized,rollout-equivalent unit,1.0,GA,2.0,40,2,20,0,0,20,20,0.0,0.0,0.0,0.5,-1,1,2,40.0,40.0,40.0,False,False,0.0,0.0,1.0258790242339384,True,0.0,0.0,False,0,0.0,0.0,0.0,18000,28000,Windows-AMD64-py3.14.3,self-contained local validation harness; charged-time accounting is disclosed by timing_mode,2.0,0.0,0.0,2.0,1.0,fixed
minigrid-empty-5x5-fullyobs_GA-only_seed8,a6544fd,2026-06-01T21:55:01,8,GA-only,minigrid,MiniGrid/MiniGrid-Empty-5x5-v0/FullyObsWrapper,3.1.0,minigrid-empty-5x5-fullyobs,4,40.0,40.0,0.0,1.0,16.0,strict_rollout_equivalent_max,0.75,40.0,40.0,731.0288000153378,731.0288000153378,756.9569000042975,729.934900009539,True,True,691.0288000153378,rollout_normalized,rollout-equivalent unit,1.0,GA,2.0,40,2,20,0,0,20,20,0.9549999999999998,0.9549999999999998,1.0,0.5,160,1,2,40.0,40.0,40.0,False,False,0.0,0.0,0.9993048092702304,True,0.0,0.0,False,0,0.0,0.0,0.0,18000,28000,Windows-AMD64-py3.14.3,self-contained local validation harness; charged-time accounting is disclosed by timing_mode,2.0,0.0,0.0,2.0,1.0,fixed
minigrid-empty-5x5-fullyobs_GA-only_seed8,a6544fd,2026-06-01T21:55:01,8,GA-only,minigrid,MiniGrid/MiniGrid-Empty-5x5-v0/FullyObsWrapper,3.1.0,minigrid-empty-5x5-fullyobs,5,40.0,40.0,0.0,1.0,16.0,strict_rollout_equivalent_max,0.75,40.0,40.0,743.9746999880299,743.9746999880299,769.3616999895312,742.7589997532777,True,True,703.9746999880299,rollout_normalized,rollout-equivalent unit,1.0,GA,2.0,40,2,20,0,0,20,20,0.9549999999999998,0.9549999999999998,1.0,0.5,160,1,2,40.0,40.0,40.0,False,False,0.0,0.0,0.9609128282561051,True,0.0,0.0,False,0,0.0,0.0,0.0,18000,28000,Windows-AMD64-py3.14.3,self-contained local validation harness; charged-time accounting is disclosed by timing_mode,2.0,0.0,0.0,2.0,1.0,fixed
minigrid-empty-5x5-fullyobs_GA-only_seed8,a6544fd,2026-06-01T21:55:01,8,GA-only,minigrid,MiniGrid/MiniGrid-Empty-5x5-v0/FullyObsWrapper,3.1.0,minigrid-empty-5x5-fullyobs,6,40.0,40.0,0.0,1.0,16.0,strict_rollout_equivalent_max,0.75,40.0,40.0,743.373800010886,743.373800010886,768.1806999607943,742.2464000992477,True,True,703.373800010886,rollout_normalized,rollout-equivalent unit,1.0,GA,2.0,40,2,20,0,0,20,20,0.9549999999999998,0.9549999999999998,1.0,0.5,160,1,2,40.0,40.0,40.0,False,False,0.0,0.0,0.9177995035374295,True,0.0,0.0,False,0,0.0,0.0,0.0,18000,28000,Windows-AMD64-py3.14.3,self-contained local validation harness; charged-time accounting is disclosed by timing_mode,2.0,0.0,0.0,2.0,1.0,fixed
minigrid-empty-5x5-fullyobs_GA-only_seed8,a6544fd,2026-06-01T21:55:01,8,GA-only,minigrid,MiniGrid/MiniGrid-Empty-5x5-v0/FullyObsWrapper,3.1.0,minigrid-empty-5x5-fullyobs,7,40.0,40.0,0.0,1.0,16.0,strict_rollout_equivalent_max,0.75,40.0,40.0,692.5933999591507,692.5933999591507,718.3260000310838,691.3970999303274,True,True,652.5933999591507,rollout_normalized,rollout-equivalent unit,1.0,GA,2.0,40,2,20,0,0,20,20,0.9549999999999998,0.9549999999999998,1.0,0.5,160,1,2,40.0,40.0,40.0,False,False,0.0,0.0,0.7536733857824275,True,0.0,0.0,False,0,0.0,0.0,0.0,18000,28000,Windows-AMD64-py3.14.3,self-contained local validation harness; charged-time accounting is disclosed by timing_mode,2.0,0.0,0.0,2.0,1.0,fixed
minigrid-empty-5x5-fullyobs_GA-only_seed8,a6544fd,2026-06-01T21:55:01,8,GA-only,minigrid,MiniGrid/MiniGrid-Empty-5x5-v0/FullyObsWrapper,3.1.0,minigrid-empty-5x5-fullyobs,8,40.0,40.0,0.0,1.0,16.0,strict_rollout_equivalent_max,0.75,40.0,40.0,607.2673999588005,607.2673999588005,631.8106999970041,606.2177998828702,True,True,567.2673999588005,rollout_normalized,rollout-equivalent unit,1.0,GA,2.0,40,2,20,0,0,20,20,0.9549999999999998,0.9549999999999998,1.0,0.5,160,1,2,40.0,40.0,40.0,False,False,0.0,0.0,0.5184464042810439,True,0.0,0.0,False,0,0.0,0.0,0.0,18000,28000,Windows-AMD64-py3.14.3,self-contained local validation harness; charged-time accounting is disclosed by timing_mode,2.0,0.0,0.0,2.0,1.0,fixed
minigrid-empty-5x5-fullyobs_GA-only_seed8,a6544fd,2026-06-01T21:55:01,8,GA-only,minigrid,MiniGrid/MiniGrid-Empty-5x5-v0/FullyObsWrapper,3.1.0,minigrid-empty-5x5-fullyobs,9,40.0,40.0,0.0,1.0,16.0,strict_rollout_equivalent_max,0.75,40.0,40.0,674.4543999666348,674.4543999666348,698.6785000190139,673.3587000635453,True,True,634.4543999666348,rollout_normalized,rollout-equivalent unit,1.0,GA,2.0,40,2,20,0,0,20,20,0.9549999999999998,0.9549999999999998,1.0,0.5,160,1,2,40.0,40.0,40.0,False,False,0.0,0.0,0.5184464042810439,True,0.0,0.0,False,0,0.0,0.0,0.0,18000,28000,Windows-AMD64-py3.14.3,self-contained local validation harness; charged-time accounting is disclosed by timing_mode,2.0,0.0,0.0,2.0,1.0,fixed
minigrid-empty-5x5-fullyobs_GA-only_seed8,a6544fd,2026-06-01T21:55:01,8,GA-only,minigrid,MiniGrid/MiniGrid-Empty-5x5-v0/FullyObsWrapper,3.1.0,minigrid-empty-5x5-fullyobs,10,40.0,40.0,0.0,1.0,16.0,strict_rollout_equivalent_max,0.75,40.0,40.0,733.0608000047505,733.0608000047505,757.2974999784492,731.9761999533512,True,True,693.0608000047505,rollout_normalized,rollout-equivalent unit,1.0,GA,2.0,40,2,20,0,0,20,20,0.9549999999999998,0.9549999999999998,1.0,0.5,160,1,2,40.0,40.0,40.0,False,False,0.0,0.0,0.5184464042810439,True,0.0,0.0,False,0,0.0,0.0,0.0,18000,28000,Windows-AMD64-py3.14.3,self-contained local validation harness; charged-time accounting is disclosed by timing_mode,2.0,0.0,0.0,2.0,1.0,fixed
minigrid-empty-5x5-fullyobs_GA-only_seed8,a6544fd,2026-06-01T21:55:01,8,GA-only,minigrid,MiniGrid/MiniGrid-Empty-5x5-v0/FullyObsWrapper,3.1.0,minigrid-empty-5x5-fullyobs,11,40.0,40.0,0.0,1.0,16.0,strict_rollout_equivalent_max,0.75,40.0,40.0,671.6196999768727,671.6196999768727,696.5047999983653,670.3445999883115,True,True,631.6196999768727,rollout_normalized,rollout-equivalent unit,1.0,GA,2.0,40,2,20,0,0,20,20,0.9549999999999998,0.9549999999999998,1.0,0.5,160,1,2,40.0,40.0,40.0,False,False,0.0,0.0,0.5184464042810439,True,0.0,0.0,False,0,0.0,0.0,0.0,18000,28000,Windows-AMD64-py3.14.3,self-contained local validation harness; charged-time accounting is disclosed by timing_mode,2.0,0.0,0.0,2.0,1.0,fixed
minigrid-empty-5x5-fullyobs_GA-only_seed9,a6544fd,2026-06-01T21:55:10,9,GA-only,minigrid,MiniGrid/MiniGrid-Empty-5x5-v0/FullyObsWrapper,3.1.0,minigrid-empty-5x5-fullyobs,0,40.0,40.0,0.0,1.0,16.0,strict_rollout_equivalent_max,0.75,40.0,40.0,746.6112000402063,746.6112000402063,825.5589000182226,745.494700036943,True,True,706.6112000402063,rollout_normalized,rollout-equivalent unit,1.0,GA,2.0,40,2,20,0,0,20,20,0.0,0.0,0.0,0.5,-1,1,2,40.0,40.0,40.0,False,False,0.0,0.0,1.0885950813006595,True,0.0,0.0,False,0,0.0,0.0,0.0,19000,29000,Windows-AMD64-py3.14.3,self-contained local validation harness; charged-time accounting is disclosed by timing_mode,2.0,0.0,0.0,2.0,1.0,fixed
minigrid-empty-5x5-fullyobs_GA-only_seed9,a6544fd,2026-06-01T21:55:10,9,GA-only,minigrid,MiniGrid/MiniGrid-Empty-5x5-v0/FullyObsWrapper,3.1.0,minigrid-empty-5x5-fullyobs,1,40.0,40.0,0.0,1.0,16.0,strict_rollout_equivalent_max,0.75,40.0,40.0,762.2468000045046,762.2468000045046,841.7035000165924,761.1830999376252,True,True,722.2468000045046,rollout_normalized,rollout-equivalent unit,1.0,GA,2.0,40,2,20,0,0,20,20,0.0,0.0,0.0,0.5,-1,1,2,40.0,40.0,40.0,False,False,0.0,0.0,1.0885950813006595,True,0.0,0.0,False,0,0.0,0.0,0.0,19000,29000,Windows-AMD64-py3.14.3,self-contained local validation harness; charged-time accounting is disclosed by timing_mode,2.0,0.0,0.0,2.0,1.0,fixed
minigrid-empty-5x5-fullyobs_GA-only_seed9,a6544fd,2026-06-01T21:55:10,9,GA-only,minigrid,MiniGrid/MiniGrid-Empty-5x5-v0/FullyObsWrapper,3.1.0,minigrid-empty-5x5-fullyobs,2,40.0,40.0,0.0,1.0,16.0,strict_rollout_equivalent_max,0.75,40.0,40.0,747.6673000492156,747.6673000492156,830.4090999881737,746.5755000011995,True,True,707.6673000492156,rollout_normalized,rollout-equivalent unit,1.0,GA,2.0,40,2,20,0,0,20,20,0.0,0.0,0.0,0.5,-1,1,2,40.0,40.0,40.0,False,False,0.0,0.0,1.0885950813006595,True,0.0,0.0,False,0,0.0,0.0,0.0,19000,29000,Windows-AMD64-py3.14.3,self-contained local validation harness; charged-time accounting is disclosed by timing_mode,2.0,0.0,0.0,2.0,1.0,fixed
minigrid-empty-5x5-fullyobs_GA-only_seed9,a6544fd,2026-06-01T21:55:10,9,GA-only,minigrid,MiniGrid/MiniGrid-Empty-5x5-v0/FullyObsWrapper,3.1.0,minigrid-empty-5x5-fullyobs,3,40.0,40.0,0.0,1.0,16.0,strict_rollout_equivalent_max,0.75,40.0,40.0,759.6225999877788,759.6225999877788,842.4490999896079,758.4696999401785,True,True,719.6225999877788,rollout_normalized,rollout-equivalent unit,1.0,GA,2.0,40,2,20,0,0,20,20,0.0,0.0,0.0,0.5,-1,1,2,40.0,40.0,40.0,False,False,0.0,0.0,1.0885950813006595,True,0.0,0.0,False,0,0.0,0.0,0.0,19000,29000,Windows-AMD64-py3.14.3,self-contained local validation harness; charged-time accounting is disclosed by timing_mode,2.0,0.0,0.0,2.0,1.0,fixed
minigrid-empty-5x5-fullyobs_GA-only_seed9,a6544fd,2026-06-01T21:55:10,9,GA-only,minigrid,MiniGrid/MiniGrid-Empty-5x5-v0/FullyObsWrapper,3.1.0,minigrid-empty-5x5-fullyobs,4,40.0,40.0,0.0,1.0,16.0,strict_rollout_equivalent_max,0.75,40.0,40.0,736.0878000035882,736.0878000035882,814.1190999886021,734.9845999269746,True,True,696.0878000035882,rollout_normalized,rollout-equivalent unit,1.0,GA,2.0,40,2,20,0,0,20,20,0.0,0.0,0.0,0.5,-1,1,2,40.0,40.0,40.0,False,False,0.0,0.0,1.0885950813006595,True,0.0,0.0,False,0,0.0,0.0,0.0,19000,29000,Windows-AMD64-py3.14.3,self-contained local validation harness; charged-time accounting is disclosed by timing_mode,2.0,0.0,0.0,2.0,1.0,fixed
minigrid-empty-5x5-fullyobs_GA-only_seed9,a6544fd,2026-06-01T21:55:10,9,GA-only,minigrid,MiniGrid/MiniGrid-Empty-5x5-v0/FullyObsWrapper,3.1.0,minigrid-empty-5x5-fullyobs,5,40.0,40.0,0.0,1.0,16.0,strict_rollout_equivalent_max,0.75,40.0,40.0,740.3914000024088,740.3914000024088,818.6368999886326,739.2189000383951,True,True,700.3914000024088,rollout_normalized,rollout-equivalent unit,1.0,GA,2.0,40,2,20,0,0,20,20,0.0,0.0,0.0,0.5,-1,1,2,40.0,40.0,40.0,False,False,0.0,0.0,1.0885950813006595,True,0.0,0.0,False,0,0.0,0.0,0.0,19000,29000,Windows-AMD64-py3.14.3,self-contained local validation harness; charged-time accounting is disclosed by timing_mode,2.0,0.0,0.0,2.0,1.0,fixed
minigrid-empty-5x5-fullyobs_GA-only_seed9,a6544fd,2026-06-01T21:55:10,9,GA-only,minigrid,MiniGrid/MiniGrid-Empty-5x5-v0/FullyObsWrapper,3.1.0,minigrid-empty-5x5-fullyobs,6,40.0,40.0,0.0,1.0,16.0,strict_rollout_equivalent_max,0.75,40.0,40.0,738.7200999655761,738.7200999655761,816.7473999783397,737.6559998956509,True,True,698.7200999655761,rollout_normalized,rollout-equivalent unit,1.0,GA,2.0,40,2,20,0,0,20,20,0.0,0.0,0.0,0.5,-1,1,2,40.0,40.0,40.0,False,False,0.0,0.0,1.0885950813006595,True,0.0,0.0,False,0,0.0,0.0,0.0,19000,29000,Windows-AMD64-py3.14.3,self-contained local validation harness; charged-time accounting is disclosed by timing_mode,2.0,0.0,0.0,2.0,1.0,fixed
minigrid-empty-5x5-fullyobs_GA-only_seed9,a6544fd,2026-06-01T21:55:10,9,GA-only,minigrid,MiniGrid/MiniGrid-Empty-5x5-v0/FullyObsWrapper,3.1.0,minigrid-empty-5x5-fullyobs,7,40.0,40.0,0.0,1.0,16.0,strict_rollout_equivalent_max,0.75,40.0,40.0,761.83759997366,761.83759997366,843.2702000136487,760.6950999470428,True,True,721.83759997366,rollout_normalized,rollout-equivalent unit,1.0,GA,2.0,40,2,20,0,0,20,20,0.0,0.0,0.0,0.5,-1,1,2,40.0,40.0,40.0,False,False,0.0,0.0,1.0885950813006595,True,0.0,0.0,False,0,0.0,0.0,0.0,19000,29000,Windows-AMD64-py3.14.3,self-contained local validation harness; charged-time accounting is disclosed by timing_mode,2.0,0.0,0.0,2.0,1.0,fixed
minigrid-empty-5x5-fullyobs_GA-only_seed9,a6544fd,2026-06-01T21:55:10,9,GA-only,minigrid,MiniGrid/MiniGrid-Empty-5x5-v0/FullyObsWrapper,3.1.0,minigrid-empty-5x5-fullyobs,8,40.0,40.0,0.0,1.0,16.0,strict_rollout_equivalent_max,0.75,40.0,40.0,736.6268000332639,736.6268000332639,818.1497000041418,735.6020999723114,True,True,696.6268000332639,rollout_normalized,rollout-equivalent unit,1.0,GA,2.0,40,2,20,0,0,20,20,0.0,0.0,0.0,0.5,-1,1,2,40.0,40.0,40.0,False,False,0.0,0.0,1.0885950813006595,True,0.0,0.0,False,0,0.0,0.0,0.0,19000,29000,Windows-AMD64-py3.14.3,self-contained local validation harness; charged-time accounting is disclosed by timing_mode,2.0,0.0,0.0,2.0,1.0,fixed
minigrid-empty-5x5-fullyobs_GA-only_seed9,a6544fd,2026-06-01T21:55:10,9,GA-only,minigrid,MiniGrid/MiniGrid-Empty-5x5-v0/FullyObsWrapper,3.1.0,minigrid-empty-5x5-fullyobs,9,40.0,40.0,0.0,1.0,16.0,strict_rollout_equivalent_max,0.75,40.0,40.0,764.6552000078373,764.6552000078373,842.2859000274912,763.4929999476299,True,True,724.6552000078373,rollout_normalized,rollout-equivalent unit,1.0,GA,2.0,40,2,20,0,0,20,20,0.0,0.0,0.0,0.5,-1,1,2,40.0,40.0,40.0,False,False,0.0,0.0,1.0885950813006595,True,0.0,0.0,False,0,0.0,0.0,0.0,19000,29000,Windows-AMD64-py3.14.3,self-contained local validation harness; charged-time accounting is disclosed by timing_mode,2.0,0.0,0.0,2.0,1.0,fixed
minigrid-empty-5x5-fullyobs_GA-only_seed9,a6544fd,2026-06-01T21:55:10,9,GA-only,minigrid,MiniGrid/MiniGrid-Empty-5x5-v0/FullyObsWrapper,3.1.0,minigrid-empty-5x5-fullyobs,10,40.0,40.0,0.0,1.0,16.0,strict_rollout_equivalent_max,0.75,40.0,40.0,686.117600009311,686.117600009311,710.011699993629,685.0565001368523,True,True,646.117600009311,rollout_normalized,rollout-equivalent unit,1.0,GA,2.0,40,2,20,0,0,20,20,0.9549999999999998,0.9549999999999998,1.0,0.5,352,1,2,40.0,40.0,40.0,False,False,0.0,0.0,1.009838000814562,True,0.0,0.0,False,0,0.0,0.0,0.0,19000,29000,Windows-AMD64-py3.14.3,self-contained local validation harness; charged-time accounting is disclosed by timing_mode,2.0,0.0,0.0,2.0,1.0,fixed
minigrid-empty-5x5-fullyobs_GA-only_seed9,a6544fd,2026-06-01T21:55:10,9,GA-only,minigrid,MiniGrid/MiniGrid-Empty-5x5-v0/FullyObsWrapper,3.1.0,minigrid-empty-5x5-fullyobs,11,40.0,40.0,0.0,1.0,16.0,strict_rollout_equivalent_max,0.75,40.0,40.0,674.942200013902,674.942200013902,698.8909000065178,673.8462998182513,True,True,634.942200013902,rollout_normalized,rollout-equivalent unit,1.0,GA,2.0,40,2,20,0,0,20,20,0.9549999999999998,0.9549999999999998,1.0,0.5,352,1,2,40.0,40.0,40.0,False,False,0.0,0.0,0.9721892428360204,True,0.0,0.0,False,0,0.0,0.0,0.0,19000,29000,Windows-AMD64-py3.14.3,self-contained local validation harness; charged-time accounting is disclosed by timing_mode,2.0,0.0,0.0,2.0,1.0,fixed
minigrid-empty-5x5-fullyobs_PSO-only_seed0,a6544fd,2026-06-01T21:55:20,0,PSO-only,minigrid,MiniGrid/MiniGrid-Empty-5x5-v0/FullyObsWrapper,3.1.0,minigrid-empty-5x5-fullyobs,0,40.0,40.0,0.0,1.0,16.0,strict_rollout_equivalent_max,0.75,40.0,40.0,598.5527000157163,598.5527000157163,623.4674999723211,597.5529000279494,True,True,558.5527000157163,rollout_normalized,rollout-equivalent unit,1.0,PSO,2.0,40,2,0,20,0,20,20,0.9549999999999998,0.9549999999999998,1.0,0.5,32,1,2,40.0,40.0,40.0,False,False,0.0,0.0,0.0,False,0.0,0.0,False,0,0.0,0.0,0.0,10000,20000,Windows-AMD64-py3.14.3,self-contained local validation harness; charged-time accounting is disclosed by timing_mode,0.0,2.0,0.0,2.0,1.0,fixed
minigrid-empty-5x5-fullyobs_PSO-only_seed0,a6544fd,2026-06-01T21:55:20,0,PSO-only,minigrid,MiniGrid/MiniGrid-Empty-5x5-v0/FullyObsWrapper,3.1.0,minigrid-empty-5x5-fullyobs,1,40.0,40.0,0.0,1.0,16.0,strict_rollout_equivalent_max,0.75,40.0,40.0,635.1486999774352,635.1486999774352,659.4263999722898,634.1789001016878,True,True,595.1486999774352,rollout_normalized,rollout-equivalent unit,1.0,PSO,2.0,40,2,0,20,0,20,20,0.9549999999999998,0.9549999999999998,1.0,0.5,32,1,2,40.0,40.0,40.0,False,False,0.0,0.0,0.0,False,0.0,0.0,False,0,0.0,0.0,0.0,10000,20000,Windows-AMD64-py3.14.3,self-contained local validation harness; charged-time accounting is disclosed by timing_mode,0.0,2.0,0.0,2.0,1.0,fixed
minigrid-empty-5x5-fullyobs_PSO-only_seed0,a6544fd,2026-06-01T21:55:20,0,PSO-only,minigrid,MiniGrid/MiniGrid-Empty-5x5-v0/FullyObsWrapper,3.1.0,minigrid-empty-5x5-fullyobs,2,40.0,40.0,0.0,1.0,16.0,strict_rollout_equivalent_max,0.75,40.0,40.0,642.7707000402734,642.7707000402734,667.4694000394084,641.8147999211214,True,True,602.7707000402734,rollout_normalized,rollout-equivalent unit,1.0,PSO,2.0,40,2,0,20,0,20,20,0.9549999999999998,0.9549999999999998,1.0,0.5,32,1,2,40.0,40.0,40.0,False,False,0.0,0.0,0.0,False,0.0,0.0,False,0,0.0,0.0,0.0,10000,20000,Windows-AMD64-py3.14.3,self-contained local validation harness; charged-time accounting is disclosed by timing_mode,0.0,2.0,0.0,2.0,1.0,fixed
minigrid-empty-5x5-fullyobs_PSO-only_seed0,a6544fd,2026-06-01T21:55:20,0,PSO-only,minigrid,MiniGrid/MiniGrid-Empty-5x5-v0/FullyObsWrapper,3.1.0,minigrid-empty-5x5-fullyobs,3,40.0,40.0,0.0,1.0,16.0,strict_rollout_equivalent_max,0.75,40.0,40.0,606.0486999922432,606.0486999922432,631.3408999703825,605.0786001142114,True,True,566.0486999922432,rollout_normalized,rollout-equivalent unit,1.0,PSO,2.0,40,2,0,20,0,20,20,0.9549999999999998,0.9549999999999998,1.0,0.5,32,1,2,40.0,40.0,40.0,False,False,0.0,0.0,0.0,False,0.0,0.0,False,0,0.0,0.0,0.0,10000,20000,Windows-AMD64-py3.14.3,self-contained local validation harness; charged-time accounting is disclosed by timing_mode,0.0,2.0,0.0,2.0,1.0,fixed
minigrid-empty-5x5-fullyobs_PSO-only_seed0,a6544fd,2026-06-01T21:55:20,0,PSO-only,minigrid,MiniGrid/MiniGrid-Empty-5x5-v0/FullyObsWrapper,3.1.0,minigrid-empty-5x5-fullyobs,4,40.0,40.0,0.0,1.0,16.0,strict_rollout_equivalent_max,0.75,40.0,40.0,597.4684999673627,597.4684999673627,624.3246999802068,596.5498002478853,True,True,557.4684999673627,rollout_normalized,rollout-equivalent unit,1.0,PSO,2.0,40,2,0,20,0,20,20,0.9549999999999998,0.9549999999999998,1.0,0.5,32,1,2,40.0,40.0,40.0,False,False,0.0,0.0,0.0,False,0.0,0.0,False,0,0.0,0.0,0.0,10000,20000,Windows-AMD64-py3.14.3,self-contained local validation harness; charged-time accounting is disclosed by timing_mode,0.0,2.0,0.0,2.0,1.0,fixed
minigrid-empty-5x5-fullyobs_PSO-only_seed0,a6544fd,2026-06-01T21:55:20,0,PSO-only,minigrid,MiniGrid/MiniGrid-Empty-5x5-v0/FullyObsWrapper,3.1.0,minigrid-empty-5x5-fullyobs,5,40.0,40.0,0.0,1.0,16.0,strict_rollout_equivalent_max,0.75,40.0,40.0,632.7452000114135,632.7452000114135,661.35629999917,631.6691000829451,True,True,592.7452000114135,rollout_normalized,rollout-equivalent unit,1.0,PSO,2.0,40,2,0,20,0,20,20,0.9549999999999998,0.9549999999999998,1.0,0.5,32,1,2,40.0,40.0,40.0,False,False,0.0,0.0,0.0,False,0.0,0.0,False,0,0.0,0.0,0.0,10000,20000,Windows-AMD64-py3.14.3,self-contained local validation harness; charged-time accounting is disclosed by timing_mode,0.0,2.0,0.0,2.0,1.0,fixed
minigrid-empty-5x5-fullyobs_PSO-only_seed0,a6544fd,2026-06-01T21:55:20,0,PSO-only,minigrid,MiniGrid/MiniGrid-Empty-5x5-v0/FullyObsWrapper,3.1.0,minigrid-empty-5x5-fullyobs,6,40.0,40.0,0.0,1.0,16.0,strict_rollout_equivalent_max,0.75,40.0,40.0,649.5152999996208,649.5152999996208,675.8377999649383,648.436900053639,True,True,609.5152999996208,rollout_normalized,rollout-equivalent unit,1.0,PSO,2.0,40,2,0,20,0,20,20,0.9549999999999998,0.9549999999999998,1.0,0.5,32,1,2,40.0,40.0,40.0,False,False,0.0,0.0,0.0,False,0.0,0.0,False,0,0.0,0.0,0.0,10000,20000,Windows-AMD64-py3.14.3,self-contained local validation harness; charged-time accounting is disclosed by timing_mode,0.0,2.0,0.0,2.0,1.0,fixed
minigrid-empty-5x5-fullyobs_PSO-only_seed0,a6544fd,2026-06-01T21:55:20,0,PSO-only,minigrid,MiniGrid/MiniGrid-Empty-5x5-v0/FullyObsWrapper,3.1.0,minigrid-empty-5x5-fullyobs,7,40.0,40.0,0.0,1.0,16.0,strict_rollout_equivalent_max,0.75,40.0,40.0,616.2913999869488,616.2913999869488,640.5842999811284,615.2583999210037,True,True,576.2913999869488,rollout_normalized,rollout-equivalent unit,1.0,PSO,2.0,40,2,0,20,0,20,20,0.9549999999999998,0.9549999999999998,1.0,0.5,32,1,2,40.0,40.0,40.0,False,False,0.0,0.0,0.0,False,0.0,0.0,False,0,0.0,0.0,0.0,10000,20000,Windows-AMD64-py3.14.3,self-contained local validation harness; charged-time accounting is disclosed by timing_mode,0.0,2.0,0.0,2.0,1.0,fixed
minigrid-empty-5x5-fullyobs_PSO-only_seed0,a6544fd,2026-06-01T21:55:20,0,PSO-only,minigrid,MiniGrid/MiniGrid-Empty-5x5-v0/FullyObsWrapper,3.1.0,minigrid-empty-5x5-fullyobs,8,40.0,40.0,0.0,1.0,16.0,strict_rollout_equivalent_max,0.75,40.0,40.0,587.0957999723032,587.0957999723032,611.3237999961711,586.1610999563709,True,True,547.0957999723032,rollout_normalized,rollout-equivalent unit,1.0,PSO,2.0,40,2,0,20,0,20,20,0.9549999999999998,0.9549999999999998,1.0,0.5,32,1,2,40.0,40.0,40.0,False,False,0.0,0.0,0.0,False,0.0,0.0,False,0,0.0,0.0,0.0,10000,20000,Windows-AMD64-py3.14.3,self-contained local validation harness; charged-time accounting is disclosed by timing_mode,0.0,2.0,0.0,2.0,1.0,fixed
minigrid-empty-5x5-fullyobs_PSO-only_seed0,a6544fd,2026-06-01T21:55:20,0,PSO-only,minigrid,MiniGrid/MiniGrid-Empty-5x5-v0/FullyObsWrapper,3.1.0,minigrid-empty-5x5-fullyobs,9,40.0,40.0,0.0,1.0,16.0,strict_rollout_equivalent_max,0.75,40.0,40.0,595.9171000286005,595.9171000286005,622.7355999872088,594.9872000492178,True,True,555.9171000286005,rollout_normalized,rollout-equivalent unit,1.0,PSO,2.0,40,2,0,20,0,20,20,0.9549999999999998,0.9549999999999998,1.0,0.5,32,1,2,40.0,40.0,40.0,False,False,0.0,0.0,0.0,False,0.0,0.0,False,0,0.0,0.0,0.0,10000,20000,Windows-AMD64-py3.14.3,self-contained local validation harness; charged-time accounting is disclosed by timing_mode,0.0,2.0,0.0,2.0,1.0,fixed
minigrid-empty-5x5-fullyobs_PSO-only_seed0,a6544fd,2026-06-01T21:55:20,0,PSO-only,minigrid,MiniGrid/MiniGrid-Empty-5x5-v0/FullyObsWrapper,3.1.0,minigrid-empty-5x5-fullyobs,10,40.0,40.0,0.0,1.0,16.0,strict_rollout_equivalent_max,0.75,40.0,40.0,623.176000022795,623.176000022795,650.4454000387341,622.1885001286864,True,True,583.176000022795,rollout_normalized,rollout-equivalent unit,1.0,PSO,2.0,40,2,0,20,0,20,20,0.9549999999999998,0.9549999999999998,1.0,0.5,32,1,2,40.0,40.0,40.0,False,False,0.0,0.0,0.0,False,0.0,0.0,False,0,0.0,0.0,0.0,10000,20000,Windows-AMD64-py3.14.3,self-contained local validation harness; charged-time accounting is disclosed by timing_mode,0.0,2.0,0.0,2.0,1.0,fixed
minigrid-empty-5x5-fullyobs_PSO-only_seed0,a6544fd,2026-06-01T21:55:20,0,PSO-only,minigrid,MiniGrid/MiniGrid-Empty-5x5-v0/FullyObsWrapper,3.1.0,minigrid-empty-5x5-fullyobs,11,40.0,40.0,0.0,1.0,16.0,strict_rollout_equivalent_max,0.75,40.0,40.0,660.674899991136,660.674899991136,685.5486999847926,659.6902998862788,True,True,620.674899991136,rollout_normalized,rollout-equivalent unit,1.0,PSO,2.0,40,2,0,20,0,20,20,0.9549999999999998,0.9549999999999998,1.0,0.5,32,1,2,40.0,40.0,40.0,False,False,0.0,0.0,0.0,False,0.0,0.0,False,0,0.0,0.0,0.0,10000,20000,Windows-AMD64-py3.14.3,self-contained local validation harness; charged-time accounting is disclosed by timing_mode,0.0,2.0,0.0,2.0,1.0,fixed
minigrid-empty-5x5-fullyobs_PSO-only_seed1,a6544fd,2026-06-01T21:55:29,1,PSO-only,minigrid,MiniGrid/MiniGrid-Empty-5x5-v0/FullyObsWrapper,3.1.0,minigrid-empty-5x5-fullyobs,0,40.0,40.0,0.0,1.0,16.0,strict_rollout_equivalent_max,0.75,40.0,40.0,665.7491000369191,665.7491000369191,746.6306000133045,664.8381998529658,True,True,625.7491000369191,rollout_normalized,rollout-equivalent unit,1.0,PSO,2.0,40,2,0,20,0,20,20,0.0,0.0,0.0,0.5,-1,1,2,40.0,40.0,40.0,False,False,0.0,0.0,0.0,False,0.0,0.0,False,0,0.0,0.0,0.0,11000,21000,Windows-AMD64-py3.14.3,self-contained local validation harness; charged-time accounting is disclosed by timing_mode,0.0,2.0,0.0,2.0,1.0,fixed
minigrid-empty-5x5-fullyobs_PSO-only_seed1,a6544fd,2026-06-01T21:55:29,1,PSO-only,minigrid,MiniGrid/MiniGrid-Empty-5x5-v0/FullyObsWrapper,3.1.0,minigrid-empty-5x5-fullyobs,1,40.0,40.0,0.0,1.0,16.0,strict_rollout_equivalent_max,0.75,40.0,40.0,657.9389999969862,657.9389999969862,741.7919000145048,656.9609001162462,True,True,617.9389999969862,rollout_normalized,rollout-equivalent unit,1.0,PSO,2.0,40,2,0,20,0,20,20,0.0,0.0,0.0,0.5,-1,1,2,40.0,40.0,40.0,False,False,0.0,0.0,0.0,False,0.0,0.0,False,0,0.0,0.0,0.0,11000,21000,Windows-AMD64-py3.14.3,self-contained local validation harness; charged-time accounting is disclosed by timing_mode,0.0,2.0,0.0,2.0,1.0,fixed
minigrid-empty-5x5-fullyobs_PSO-only_seed1,a6544fd,2026-06-01T21:55:29,1,PSO-only,minigrid,MiniGrid/MiniGrid-Empty-5x5-v0/FullyObsWrapper,3.1.0,minigrid-empty-5x5-fullyobs,2,40.0,40.0,0.0,1.0,16.0,strict_rollout_equivalent_max,0.75,40.0,40.0,699.8099000193179,699.8099000193179,789.2696000053547,698.8259999779984,True,True,659.8099000193179,rollout_normalized,rollout-equivalent unit,1.0,PSO,2.0,40,2,0,20,0,20,20,0.0,0.0,0.0,0.5,-1,1,2,40.0,40.0,40.0,False,False,0.0,0.0,0.0,False,0.0,0.0,False,0,0.0,0.0,0.0,11000,21000,Windows-AMD64-py3.14.3,self-contained local validation harness; charged-time accounting is disclosed by timing_mode,0.0,2.0,0.0,2.0,1.0,fixed
minigrid-empty-5x5-fullyobs_PSO-only_seed1,a6544fd,2026-06-01T21:55:29,1,PSO-only,minigrid,MiniGrid/MiniGrid-Empty-5x5-v0/FullyObsWrapper,3.1.0,minigrid-empty-5x5-fullyobs,3,40.0,40.0,0.0,1.0,16.0,strict_rollout_equivalent_max,0.75,40.0,40.0,647.6129000075161,647.6129000075161,725.6673999945633,646.5611000312492,True,True,607.6129000075161,rollout_normalized,rollout-equivalent unit,1.0,PSO,2.0,40,2,0,20,0,20,20,0.0,0.0,0.0,0.5,-1,1,2,40.0,40.0,40.0,False,False,0.0,0.0,0.0,False,0.0,0.0,False,0,0.0,0.0,0.0,11000,21000,Windows-AMD64-py3.14.3,self-contained local validation harness; charged-time accounting is disclosed by timing_mode,0.0,2.0,0.0,2.0,1.0,fixed
minigrid-empty-5x5-fullyobs_PSO-only_seed1,a6544fd,2026-06-01T21:55:29,1,PSO-only,minigrid,MiniGrid/MiniGrid-Empty-5x5-v0/FullyObsWrapper,3.1.0,minigrid-empty-5x5-fullyobs,4,40.0,40.0,0.0,1.0,16.0,strict_rollout_equivalent_max,0.75,40.0,40.0,661.0075999633409,661.0075999633409,737.8289000480436,660.042000003159,True,True,621.0075999633409,rollout_normalized,rollout-equivalent unit,1.0,PSO,2.0,40,2,0,20,0,20,20,0.0,0.0,0.0,0.5,-1,1,2,40.0,40.0,40.0,False,False,0.0,0.0,0.0,False,0.0,0.0,False,0,0.0,0.0,0.0,11000,21000,Windows-AMD64-py3.14.3,self-contained local validation harness; charged-time accounting is disclosed by timing_mode,0.0,2.0,0.0,2.0,1.0,fixed
minigrid-empty-5x5-fullyobs_PSO-only_seed1,a6544fd,2026-06-01T21:55:29,1,PSO-only,minigrid,MiniGrid/MiniGrid-Empty-5x5-v0/FullyObsWrapper,3.1.0,minigrid-empty-5x5-fullyobs,5,40.0,40.0,0.0,1.0,16.0,strict_rollout_equivalent_max,0.75,40.0,40.0,642.1907999902032,642.1907999902032,719.6294000023045,641.2371000624262,True,True,602.1907999902032,rollout_normalized,rollout-equivalent unit,1.0,PSO,2.0,40,2,0,20,0,20,20,0.0,0.0,0.0,0.5,-1,1,2,40.0,40.0,40.0,False,False,0.0,0.0,0.0,False,0.0,0.0,False,0,0.0,0.0,0.0,11000,21000,Windows-AMD64-py3.14.3,self-contained local validation harness; charged-time accounting is disclosed by timing_mode,0.0,2.0,0.0,2.0,1.0,fixed
minigrid-empty-5x5-fullyobs_PSO-only_seed1,a6544fd,2026-06-01T21:55:29,1,PSO-only,minigrid,MiniGrid/MiniGrid-Empty-5x5-v0/FullyObsWrapper,3.1.0,minigrid-empty-5x5-fullyobs,6,40.0,40.0,0.0,1.0,16.0,strict_rollout_equivalent_max,0.75,40.0,40.0,647.9868000023998,647.9868000023998,729.2234000051394,646.9742001499981,True,True,607.9868000023998,rollout_normalized,rollout-equivalent unit,1.0,PSO,2.0,40,2,0,20,0,20,20,0.0,0.0,0.0,0.5,-1,1,2,40.0,40.0,40.0,False,False,0.0,0.0,0.0,False,0.0,0.0,False,0,0.0,0.0,0.0,11000,21000,Windows-AMD64-py3.14.3,self-contained local validation harness; charged-time accounting is disclosed by timing_mode,0.0,2.0,0.0,2.0,1.0,fixed
minigrid-empty-5x5-fullyobs_PSO-only_seed1,a6544fd,2026-06-01T21:55:29,1,PSO-only,minigrid,MiniGrid/MiniGrid-Empty-5x5-v0/FullyObsWrapper,3.1.0,minigrid-empty-5x5-fullyobs,7,40.0,40.0,0.0,1.0,16.0,strict_rollout_equivalent_max,0.75,40.0,40.0,671.5660000336356,671.5660000336356,749.5695000397973,670.6364000565372,True,True,631.5660000336356,rollout_normalized,rollout-equivalent unit,1.0,PSO,2.0,40,2,0,20,0,20,20,0.0,0.0,0.0,0.5,-1,1,2,40.0,40.0,40.0,False,False,0.0,0.0,0.0,False,0.0,0.0,False,0,0.0,0.0,0.0,11000,21000,Windows-AMD64-py3.14.3,self-contained local validation harness; charged-time accounting is disclosed by timing_mode,0.0,2.0,0.0,2.0,1.0,fixed
minigrid-empty-5x5-fullyobs_PSO-only_seed1,a6544fd,2026-06-01T21:55:29,1,PSO-only,minigrid,MiniGrid/MiniGrid-Empty-5x5-v0/FullyObsWrapper,3.1.0,minigrid-empty-5x5-fullyobs,8,40.0,40.0,0.0,1.0,16.0,strict_rollout_equivalent_max,0.75,40.0,40.0,640.8690999960527,640.8690999960527,717.2933999681845,639.9065999430604,True,True,600.8690999960527,rollout_normalized,rollout-equivalent unit,1.0,PSO,2.0,40,2,0,20,0,20,20,0.0,0.0,0.0,0.5,-1,1,2,40.0,40.0,40.0,False,False,0.0,0.0,0.0,False,0.0,0.0,False,0,0.0,0.0,0.0,11000,21000,Windows-AMD64-py3.14.3,self-contained local validation harness; charged-time accounting is disclosed by timing_mode,0.0,2.0,0.0,2.0,1.0,fixed
minigrid-empty-5x5-fullyobs_PSO-only_seed1,a6544fd,2026-06-01T21:55:29,1,PSO-only,minigrid,MiniGrid/MiniGrid-Empty-5x5-v0/FullyObsWrapper,3.1.0,minigrid-empty-5x5-fullyobs,9,40.0,40.0,0.0,1.0,16.0,strict_rollout_equivalent_max,0.75,40.0,40.0,648.463100020308,648.463100020308,726.2636999948882,647.5357001181692,True,True,608.463100020308,rollout_normalized,rollout-equivalent unit,1.0,PSO,2.0,40,2,0,20,0,20,20,0.0,0.0,0.0,0.5,-1,1,2,40.0,40.0,40.0,False,False,0.0,0.0,0.0,False,0.0,0.0,False,0,0.0,0.0,0.0,11000,21000,Windows-AMD64-py3.14.3,self-contained local validation harness; charged-time accounting is disclosed by timing_mode,0.0,2.0,0.0,2.0,1.0,fixed
minigrid-empty-5x5-fullyobs_PSO-only_seed1,a6544fd,2026-06-01T21:55:29,1,PSO-only,minigrid,MiniGrid/MiniGrid-Empty-5x5-v0/FullyObsWrapper,3.1.0,minigrid-empty-5x5-fullyobs,10,40.0,40.0,0.0,1.0,16.0,strict_rollout_equivalent_max,0.75,40.0,40.0,640.3683999669738,640.3683999669738,720.0898000155576,639.3007999868132,True,True,600.3683999669738,rollout_normalized,rollout-equivalent unit,1.0,PSO,2.0,40,2,0,20,0,20,20,0.0,0.0,0.0,0.5,-1,1,2,40.0,40.0,40.0,False,False,0.0,0.0,0.0,False,0.0,0.0,False,0,0.0,0.0,0.0,11000,21000,Windows-AMD64-py3.14.3,self-contained local validation harness; charged-time accounting is disclosed by timing_mode,0.0,2.0,0.0,2.0,1.0,fixed
minigrid-empty-5x5-fullyobs_PSO-only_seed1,a6544fd,2026-06-01T21:55:29,1,PSO-only,minigrid,MiniGrid/MiniGrid-Empty-5x5-v0/FullyObsWrapper,3.1.0,minigrid-empty-5x5-fullyobs,11,40.0,40.0,0.0,1.0,16.0,strict_rollout_equivalent_max,0.75,40.0,40.0,671.734599978663,671.734599978663,755.5466000339948,670.6129001104273,True,True,631.734599978663,rollout_normalized,rollout-equivalent unit,1.0,PSO,2.0,40,2,0,20,0,20,20,0.0,0.0,0.0,0.5,-1,1,2,40.0,40.0,40.0,False,False,0.0,0.0,0.0,False,0.0,0.0,False,0,0.0,0.0,0.0,11000,21000,Windows-AMD64-py3.14.3,self-contained local validation harness; charged-time accounting is disclosed by timing_mode,0.0,2.0,0.0,2.0,1.0,fixed
minigrid-empty-5x5-fullyobs_PSO-only_seed2,a6544fd,2026-06-01T21:55:38,2,PSO-only,minigrid,MiniGrid/MiniGrid-Empty-5x5-v0/FullyObsWrapper,3.1.0,minigrid-empty-5x5-fullyobs,0,40.0,40.0,0.0,1.0,16.0,strict_rollout_equivalent_max,0.75,40.0,40.0,721.60009999061,721.60009999061,820.4995999694802,720.6240000668913,True,True,681.60009999061,rollout_normalized,rollout-equivalent unit,1.0,PSO,2.0,40,2,0,20,0,20,20,0.0,0.0,0.0,0.5,-1,1,2,40.0,40.0,40.0,False,False,0.0,0.0,0.0,False,0.0,0.0,False,0,0.0,0.0,0.0,12000,22000,Windows-AMD64-py3.14.3,self-contained local validation harness; charged-time accounting is disclosed by timing_mode,0.0,2.0,0.0,2.0,1.0,fixed
minigrid-empty-5x5-fullyobs_PSO-only_seed2,a6544fd,2026-06-01T21:55:38,2,PSO-only,minigrid,MiniGrid/MiniGrid-Empty-5x5-v0/FullyObsWrapper,3.1.0,minigrid-empty-5x5-fullyobs,1,40.0,40.0,0.0,1.0,16.0,strict_rollout_equivalent_max,0.75,40.0,40.0,707.9291999689303,707.9291999689303,807.4267000192776,706.9086999399588,True,True,667.9291999689303,rollout_normalized,rollout-equivalent unit,1.0,PSO,2.0,40,2,0,20,0,20,20,0.0,0.0,0.0,0.5,-1,1,2,40.0,40.0,40.0,False,False,0.0,0.0,0.0,False,0.0,0.0,False,0,0.0,0.0,0.0,12000,22000,Windows-AMD64-py3.14.3,self-contained local validation harness; charged-time accounting is disclosed by timing_mode,0.0,2.0,0.0,2.0,1.0,fixed
minigrid-empty-5x5-fullyobs_PSO-only_seed2,a6544fd,2026-06-01T21:55:38,2,PSO-only,minigrid,MiniGrid/MiniGrid-Empty-5x5-v0/FullyObsWrapper,3.1.0,minigrid-empty-5x5-fullyobs,2,40.0,40.0,0.0,1.0,16.0,strict_rollout_equivalent_max,0.75,40.0,40.0,706.1192999826744,706.1192999826744,805.4181999759749,705.0918000750244,True,True,666.1192999826744,rollout_normalized,rollout-equivalent unit,1.0,PSO,2.0,40,2,0,20,0,20,20,0.0,0.0,0.0,0.5,-1,1,2,40.0,40.0,40.0,False,False,0.0,0.0,0.0,False,0.0,0.0,False,0,0.0,0.0,0.0,12000,22000,Windows-AMD64-py3.14.3,self-contained local validation harness; charged-time accounting is disclosed by timing_mode,0.0,2.0,0.0,2.0,1.0,fixed
minigrid-empty-5x5-fullyobs_PSO-only_seed2,a6544fd,2026-06-01T21:55:38,2,PSO-only,minigrid,MiniGrid/MiniGrid-Empty-5x5-v0/FullyObsWrapper,3.1.0,minigrid-empty-5x5-fullyobs,3,40.0,40.0,0.0,1.0,16.0,strict_rollout_equivalent_max,0.75,40.0,40.0,727.1501999930479,727.1501999930479,829.378700000234,726.1576000018977,True,True,687.1501999930479,rollout_normalized,rollout-equivalent unit,1.0,PSO,2.0,40,2,0,20,0,20,20,0.0,0.0,0.0,0.5,-1,1,2,40.0,40.0,40.0,False,False,0.0,0.0,0.0,False,0.0,0.0,False,0,0.0,0.0,0.0,12000,22000,Windows-AMD64-py3.14.3,self-contained local validation harness; charged-time accounting is disclosed by timing_mode,0.0,2.0,0.0,2.0,1.0,fixed
minigrid-empty-5x5-fullyobs_PSO-only_seed2,a6544fd,2026-06-01T21:55:38,2,PSO-only,minigrid,MiniGrid/MiniGrid-Empty-5x5-v0/FullyObsWrapper,3.1.0,minigrid-empty-5x5-fullyobs,4,40.0,40.0,0.0,1.0,16.0,strict_rollout_equivalent_max,0.75,40.0,40.0,724.6254000347108,724.6254000347108,828.2548999995925,723.6656000604853,True,True,684.6254000347108,rollout_normalized,rollout-equivalent unit,1.0,PSO,2.0,40,2,0,20,0,20,20,0.0,0.0,0.0,0.5,-1,1,2,40.0,40.0,40.0,False,False,0.0,0.0,0.0,False,0.0,0.0,False,0,0.0,0.0,0.0,12000,22000,Windows-AMD64-py3.14.3,self-contained local validation harness; charged-time accounting is disclosed by timing_mode,0.0,2.0,0.0,2.0,1.0,fixed
minigrid-empty-5x5-fullyobs_PSO-only_seed2,a6544fd,2026-06-01T21:55:38,2,PSO-only,minigrid,MiniGrid/MiniGrid-Empty-5x5-v0/FullyObsWrapper,3.1.0,minigrid-empty-5x5-fullyobs,5,40.0,40.0,0.0,1.0,16.0,strict_rollout_equivalent_max,0.75,40.0,40.0,755.100800015498,755.100800015498,865.773800003808,754.1409999248572,True,True,715.100800015498,rollout_normalized,rollout-equivalent unit,1.0,PSO,2.0,40,2,0,20,0,20,20,0.0,0.0,0.0,0.5,-1,1,2,40.0,40.0,40.0,False,False,0.0,0.0,0.0,False,0.0,0.0,False,0,0.0,0.0,0.0,12000,22000,Windows-AMD64-py3.14.3,self-contained local validation harness; charged-time accounting is disclosed by timing_mode,0.0,2.0,0.0,2.0,1.0,fixed
minigrid-empty-5x5-fullyobs_PSO-only_seed2,a6544fd,2026-06-01T21:55:38,2,PSO-only,minigrid,MiniGrid/MiniGrid-Empty-5x5-v0/FullyObsWrapper,3.1.0,minigrid-empty-5x5-fullyobs,6,40.0,40.0,0.0,1.0,16.0,strict_rollout_equivalent_max,0.75,40.0,40.0,728.312499995809,728.312499995809,827.3683000006713,727.3237000918016,True,True,688.312499995809,rollout_normalized,rollout-equivalent unit,1.0,PSO,2.0,40,2,0,20,0,20,20,0.0,0.0,0.0,0.5,-1,1,2,40.0,40.0,40.0,False,False,0.0,0.0,0.0,False,0.0,0.0,False,0,0.0,0.0,0.0,12000,22000,Windows-AMD64-py3.14.3,self-contained local validation harness; charged-time accounting is disclosed by timing_mode,0.0,2.0,0.0,2.0,1.0,fixed
minigrid-empty-5x5-fullyobs_PSO-only_seed2,a6544fd,2026-06-01T21:55:38,2,PSO-only,minigrid,MiniGrid/MiniGrid-Empty-5x5-v0/FullyObsWrapper,3.1.0,minigrid-empty-5x5-fullyobs,7,40.0,40.0,0.0,1.0,16.0,strict_rollout_equivalent_max,0.75,40.0,40.0,721.7573000234552,721.7573000234552,822.9842000291683,720.8727000979707,True,True,681.7573000234552,rollout_normalized,rollout-equivalent unit,1.0,PSO,2.0,40,2,0,20,0,20,20,0.0,0.0,0.0,0.5,-1,1,2,40.0,40.0,40.0,False,False,0.0,0.0,0.0,False,0.0,0.0,False,0,0.0,0.0,0.0,12000,22000,Windows-AMD64-py3.14.3,self-contained local validation harness; charged-time accounting is disclosed by timing_mode,0.0,2.0,0.0,2.0,1.0,fixed
minigrid-empty-5x5-fullyobs_PSO-only_seed2,a6544fd,2026-06-01T21:55:38,2,PSO-only,minigrid,MiniGrid/MiniGrid-Empty-5x5-v0/FullyObsWrapper,3.1.0,minigrid-empty-5x5-fullyobs,8,40.0,40.0,0.0,1.0,16.0,strict_rollout_equivalent_max,0.75,40.0,40.0,727.2397999768145,727.2397999768145,828.4246999537572,726.3088999898173,True,True,687.2397999768145,rollout_normalized,rollout-equivalent unit,1.0,PSO,2.0,40,2,0,20,0,20,20,0.0,0.0,0.0,0.5,-1,1,2,40.0,40.0,40.0,False,False,0.0,0.0,0.0,False,0.0,0.0,False,0,0.0,0.0,0.0,12000,22000,Windows-AMD64-py3.14.3,self-contained local validation harness; charged-time accounting is disclosed by timing_mode,0.0,2.0,0.0,2.0,1.0,fixed
minigrid-empty-5x5-fullyobs_PSO-only_seed2,a6544fd,2026-06-01T21:55:38,2,PSO-only,minigrid,MiniGrid/MiniGrid-Empty-5x5-v0/FullyObsWrapper,3.1.0,minigrid-empty-5x5-fullyobs,9,40.0,40.0,0.0,1.0,16.0,strict_rollout_equivalent_max,0.75,40.0,40.0,741.0035000066273,741.0035000066273,839.6213999949396,739.9654000764713,True,True,701.0035000066273,rollout_normalized,rollout-equivalent unit,1.0,PSO,2.0,40,2,0,20,0,20,20,0.0,0.0,0.0,0.5,-1,1,2,40.0,40.0,40.0,False,False,0.0,0.0,0.0,False,0.0,0.0,False,0,0.0,0.0,0.0,12000,22000,Windows-AMD64-py3.14.3,self-contained local validation harness; charged-time accounting is disclosed by timing_mode,0.0,2.0,0.0,2.0,1.0,fixed
minigrid-empty-5x5-fullyobs_PSO-only_seed2,a6544fd,2026-06-01T21:55:38,2,PSO-only,minigrid,MiniGrid/MiniGrid-Empty-5x5-v0/FullyObsWrapper,3.1.0,minigrid-empty-5x5-fullyobs,10,40.0,40.0,0.0,1.0,16.0,strict_rollout_equivalent_max,0.75,40.0,40.0,717.0782999601215,717.0782999601215,815.7675000256859,716.1918000201695,True,True,677.0782999601215,rollout_normalized,rollout-equivalent unit,1.0,PSO,2.0,40,2,0,20,0,20,20,0.0,0.0,0.0,0.5,-1,1,2,40.0,40.0,40.0,False,False,0.0,0.0,0.0,False,0.0,0.0,False,0,0.0,0.0,0.0,12000,22000,Windows-AMD64-py3.14.3,self-contained local validation harness; charged-time accounting is disclosed by timing_mode,0.0,2.0,0.0,2.0,1.0,fixed
minigrid-empty-5x5-fullyobs_PSO-only_seed2,a6544fd,2026-06-01T21:55:38,2,PSO-only,minigrid,MiniGrid/MiniGrid-Empty-5x5-v0/FullyObsWrapper,3.1.0,minigrid-empty-5x5-fullyobs,11,40.0,40.0,0.0,1.0,16.0,strict_rollout_equivalent_max,0.75,40.0,40.0,706.7960000131279,706.7960000131279,805.8999999775551,705.7618998805992,True,True,666.7960000131279,rollout_normalized,rollout-equivalent unit,1.0,PSO,2.0,40,2,0,20,0,20,20,0.0,0.0,0.0,0.5,-1,1,2,40.0,40.0,40.0,False,False,0.0,0.0,0.0,False,0.0,0.0,False,0,0.0,0.0,0.0,12000,22000,Windows-AMD64-py3.14.3,self-contained local validation harness; charged-time accounting is disclosed by timing_mode,0.0,2.0,0.0,2.0,1.0,fixed
minigrid-empty-5x5-fullyobs_PSO-only_seed3,a6544fd,2026-06-01T21:55:48,3,PSO-only,minigrid,MiniGrid/MiniGrid-Empty-5x5-v0/FullyObsWrapper,3.1.0,minigrid-empty-5x5-fullyobs,0,40.0,40.0,0.0,1.0,16.0,strict_rollout_equivalent_max,0.75,40.0,40.0,657.8667999710888,657.8667999710888,743.8085999456234,656.9149001734331,True,True,617.8667999710888,rollout_normalized,rollout-equivalent unit,1.0,PSO,2.0,40,2,0,20,0,20,20,0.0,0.0,0.0,0.5,-1,1,2,40.0,40.0,40.0,False,False,0.0,0.0,0.0,False,0.0,0.0,False,0,0.0,0.0,0.0,13000,23000,Windows-AMD64-py3.14.3,self-contained local validation harness; charged-time accounting is disclosed by timing_mode,0.0,2.0,0.0,2.0,1.0,fixed
minigrid-empty-5x5-fullyobs_PSO-only_seed3,a6544fd,2026-06-01T21:55:48,3,PSO-only,minigrid,MiniGrid/MiniGrid-Empty-5x5-v0/FullyObsWrapper,3.1.0,minigrid-empty-5x5-fullyobs,1,40.0,40.0,0.0,1.0,16.0,strict_rollout_equivalent_max,0.75,40.0,40.0,671.3324000011198,671.3324000011198,753.0624999781139,670.2868998399936,True,True,631.3324000011198,rollout_normalized,rollout-equivalent unit,1.0,PSO,2.0,40,2,0,20,0,20,20,0.0,0.0,0.0,0.5,-1,1,2,40.0,40.0,40.0,False,False,0.0,0.0,0.0,False,0.0,0.0,False,0,0.0,0.0,0.0,13000,23000,Windows-AMD64-py3.14.3,self-contained local validation harness; charged-time accounting is disclosed by timing_mode,0.0,2.0,0.0,2.0,1.0,fixed
minigrid-empty-5x5-fullyobs_PSO-only_seed3,a6544fd,2026-06-01T21:55:48,3,PSO-only,minigrid,MiniGrid/MiniGrid-Empty-5x5-v0/FullyObsWrapper,3.1.0,minigrid-empty-5x5-fullyobs,2,40.0,40.0,0.0,1.0,16.0,strict_rollout_equivalent_max,0.75,40.0,40.0,673.6128000193276,673.6128000193276,759.18079999974,672.7229997632094,True,True,633.6128000193276,rollout_normalized,rollout-equivalent unit,1.0,PSO,2.0,40,2,0,20,0,20,20,0.0,0.0,0.0,0.5,-1,1,2,40.0,40.0,40.0,False,False,0.0,0.0,0.0,False,0.0,0.0,False,0,0.0,0.0,0.0,13000,23000,Windows-AMD64-py3.14.3,self-contained local validation harness; charged-time accounting is disclosed by timing_mode,0.0,2.0,0.0,2.0,1.0,fixed
minigrid-empty-5x5-fullyobs_PSO-only_seed3,a6544fd,2026-06-01T21:55:48,3,PSO-only,minigrid,MiniGrid/MiniGrid-Empty-5x5-v0/FullyObsWrapper,3.1.0,minigrid-empty-5x5-fullyobs,3,40.0,40.0,0.0,1.0,16.0,strict_rollout_equivalent_max,0.75,40.0,40.0,687.620299984701,687.620299984701,770.1690000249073,686.4872000878677,True,True,647.620299984701,rollout_normalized,rollout-equivalent unit,1.0,PSO,2.0,40,2,0,20,0,20,20,0.0,0.0,0.0,0.5,-1,1,2,40.0,40.0,40.0,False,False,0.0,0.0,0.0,False,0.0,0.0,False,0,0.0,0.0,0.0,13000,23000,Windows-AMD64-py3.14.3,self-contained local validation harness; charged-time accounting is disclosed by timing_mode,0.0,2.0,0.0,2.0,1.0,fixed
minigrid-empty-5x5-fullyobs_PSO-only_seed3,a6544fd,2026-06-01T21:55:48,3,PSO-only,minigrid,MiniGrid/MiniGrid-Empty-5x5-v0/FullyObsWrapper,3.1.0,minigrid-empty-5x5-fullyobs,4,40.0,40.0,0.0,1.0,16.0,strict_rollout_equivalent_max,0.75,40.0,40.0,634.8430999787524,634.8430999787524,661.3387000397779,633.8914000079967,True,True,594.8430999787524,rollout_normalized,rollout-equivalent unit,1.0,PSO,2.0,40,2,0,20,0,20,20,0.946,0.946,1.0,0.5,160,1,2,40.0,40.0,40.0,False,False,0.0,0.0,0.0,False,0.0,0.0,False,0,0.0,0.0,0.0,13000,23000,Windows-AMD64-py3.14.3,self-contained local validation harness; charged-time accounting is disclosed by timing_mode,0.0,2.0,0.0,2.0,1.0,fixed
minigrid-empty-5x5-fullyobs_PSO-only_seed3,a6544fd,2026-06-01T21:55:48,3,PSO-only,minigrid,MiniGrid/MiniGrid-Empty-5x5-v0/FullyObsWrapper,3.1.0,minigrid-empty-5x5-fullyobs,5,40.0,40.0,0.0,1.0,16.0,strict_rollout_equivalent_max,0.75,40.0,40.0,653.2736999797635,653.2736999797635,679.282900004182,652.2929999628104,True,True,613.2736999797635,rollout_normalized,rollout-equivalent unit,1.0,PSO,2.0,40,2,0,20,0,20,20,0.946,0.946,1.0,0.5,160,1,2,40.0,40.0,40.0,False,False,0.0,0.0,0.0,False,0.0,0.0,False,0,0.0,0.0,0.0,13000,23000,Windows-AMD64-py3.14.3,self-contained local validation harness; charged-time accounting is disclosed by timing_mode,0.0,2.0,0.0,2.0,1.0,fixed
minigrid-empty-5x5-fullyobs_PSO-only_seed3,a6544fd,2026-06-01T21:55:48,3,PSO-only,minigrid,MiniGrid/MiniGrid-Empty-5x5-v0/FullyObsWrapper,3.1.0,minigrid-empty-5x5-fullyobs,6,40.0,40.0,0.0,1.0,16.0,strict_rollout_equivalent_max,0.75,40.0,40.0,663.8111000065692,663.8111000065692,689.8440000368282,662.8348001977429,True,True,623.8111000065692,rollout_normalized,rollout-equivalent unit,1.0,PSO,2.0,40,2,0,20,0,20,20,0.946,0.946,1.0,0.5,160,1,2,40.0,40.0,40.0,False,False,0.0,0.0,0.0,False,0.0,0.0,False,0,0.0,0.0,0.0,13000,23000,Windows-AMD64-py3.14.3,self-contained local validation harness; charged-time accounting is disclosed by timing_mode,0.0,2.0,0.0,2.0,1.0,fixed
minigrid-empty-5x5-fullyobs_PSO-only_seed3,a6544fd,2026-06-01T21:55:48,3,PSO-only,minigrid,MiniGrid/MiniGrid-Empty-5x5-v0/FullyObsWrapper,3.1.0,minigrid-empty-5x5-fullyobs,7,40.0,40.0,0.0,1.0,16.0,strict_rollout_equivalent_max,0.75,40.0,40.0,692.6090999622829,692.6090999622829,719.4954000297002,691.7138000717387,True,True,652.6090999622829,rollout_normalized,rollout-equivalent unit,1.0,PSO,2.0,40,2,0,20,0,20,20,0.946,0.946,1.0,0.5,160,1,2,40.0,40.0,40.0,False,False,0.0,0.0,0.0,False,0.0,0.0,False,0,0.0,0.0,0.0,13000,23000,Windows-AMD64-py3.14.3,self-contained local validation harness; charged-time accounting is disclosed by timing_mode,0.0,2.0,0.0,2.0,1.0,fixed
minigrid-empty-5x5-fullyobs_PSO-only_seed3,a6544fd,2026-06-01T21:55:48,3,PSO-only,minigrid,MiniGrid/MiniGrid-Empty-5x5-v0/FullyObsWrapper,3.1.0,minigrid-empty-5x5-fullyobs,8,40.0,40.0,0.0,1.0,16.0,strict_rollout_equivalent_max,0.75,40.0,40.0,685.664499993436,685.664499993436,711.1786000314169,684.6694998093881,True,True,645.664499993436,rollout_normalized,rollout-equivalent unit,1.0,PSO,2.0,40,2,0,20,0,20,20,0.946,0.946,1.0,0.5,160,1,2,40.0,40.0,40.0,False,False,0.0,0.0,0.0,False,0.0,0.0,False,0,0.0,0.0,0.0,13000,23000,Windows-AMD64-py3.14.3,self-contained local validation harness; charged-time accounting is disclosed by timing_mode,0.0,2.0,0.0,2.0,1.0,fixed
minigrid-empty-5x5-fullyobs_PSO-only_seed3,a6544fd,2026-06-01T21:55:48,3,PSO-only,minigrid,MiniGrid/MiniGrid-Empty-5x5-v0/FullyObsWrapper,3.1.0,minigrid-empty-5x5-fullyobs,9,40.0,40.0,0.0,1.0,16.0,strict_rollout_equivalent_max,0.75,40.0,40.0,697.999800031539,697.999800031539,724.1919999942183,697.0567999524064,True,True,657.999800031539,rollout_normalized,rollout-equivalent unit,1.0,PSO,2.0,40,2,0,20,0,20,20,0.946,0.946,1.0,0.5,160,1,2,40.0,40.0,40.0,False,False,0.0,0.0,0.0,False,0.0,0.0,False,0,0.0,0.0,0.0,13000,23000,Windows-AMD64-py3.14.3,self-contained local validation harness; charged-time accounting is disclosed by timing_mode,0.0,2.0,0.0,2.0,1.0,fixed
minigrid-empty-5x5-fullyobs_PSO-only_seed3,a6544fd,2026-06-01T21:55:48,3,PSO-only,minigrid,MiniGrid/MiniGrid-Empty-5x5-v0/FullyObsWrapper,3.1.0,minigrid-empty-5x5-fullyobs,10,40.0,40.0,0.0,1.0,16.0,strict_rollout_equivalent_max,0.75,40.0,40.0,669.9504000134766,669.9504000134766,695.2577999909408,668.8832000945695,True,True,629.9504000134766,rollout_normalized,rollout-equivalent unit,1.0,PSO,2.0,40,2,0,20,0,20,20,0.946,0.946,1.0,0.5,160,1,2,40.0,40.0,40.0,False,False,0.0,0.0,0.0,False,0.0,0.0,False,0,0.0,0.0,0.0,13000,23000,Windows-AMD64-py3.14.3,self-contained local validation harness; charged-time accounting is disclosed by timing_mode,0.0,2.0,0.0,2.0,1.0,fixed
minigrid-empty-5x5-fullyobs_PSO-only_seed3,a6544fd,2026-06-01T21:55:48,3,PSO-only,minigrid,MiniGrid/MiniGrid-Empty-5x5-v0/FullyObsWrapper,3.1.0,minigrid-empty-5x5-fullyobs,11,40.0,40.0,0.0,1.0,16.0,strict_rollout_equivalent_max,0.75,40.0,40.0,611.352700041607,611.352700041607,636.4724999875762,610.4474999010563,True,True,571.352700041607,rollout_normalized,rollout-equivalent unit,1.0,PSO,2.0,40,2,0,20,0,20,20,0.946,0.946,1.0,0.5,160,1,2,40.0,40.0,40.0,False,False,0.0,0.0,0.0,False,0.0,0.0,False,0,0.0,0.0,0.0,13000,23000,Windows-AMD64-py3.14.3,self-contained local validation harness; charged-time accounting is disclosed by timing_mode,0.0,2.0,0.0,2.0,1.0,fixed
minigrid-empty-5x5-fullyobs_PSO-only_seed4,a6544fd,2026-06-01T21:55:57,4,PSO-only,minigrid,MiniGrid/MiniGrid-Empty-5x5-v0/FullyObsWrapper,3.1.0,minigrid-empty-5x5-fullyobs,0,40.0,40.0,0.0,1.0,16.0,strict_rollout_equivalent_max,0.75,40.0,40.0,700.4027999937534,700.4027999937534,782.6091999886557,699.4284999673255,True,True,660.4027999937534,rollout_normalized,rollout-equivalent unit,1.0,PSO,2.0,40,2,0,20,0,20,20,0.0,0.0,0.0,0.5,-1,1,2,40.0,40.0,40.0,False,False,0.0,0.0,0.0,False,0.0,0.0,False,0,0.0,0.0,0.0,14000,24000,Windows-AMD64-py3.14.3,self-contained local validation harness; charged-time accounting is disclosed by timing_mode,0.0,2.0,0.0,2.0,1.0,fixed
minigrid-empty-5x5-fullyobs_PSO-only_seed4,a6544fd,2026-06-01T21:55:57,4,PSO-only,minigrid,MiniGrid/MiniGrid-Empty-5x5-v0/FullyObsWrapper,3.1.0,minigrid-empty-5x5-fullyobs,1,40.0,40.0,0.0,1.0,16.0,strict_rollout_equivalent_max,0.75,40.0,40.0,670.7242999691516,670.7242999691516,753.4871999523602,669.7169000399299,True,True,630.7242999691516,rollout_normalized,rollout-equivalent unit,1.0,PSO,2.0,40,2,0,20,0,20,20,0.0,0.0,0.0,0.5,-1,1,2,40.0,40.0,40.0,False,False,0.0,0.0,0.0,False,0.0,0.0,False,0,0.0,0.0,0.0,14000,24000,Windows-AMD64-py3.14.3,self-contained local validation harness; charged-time accounting is disclosed by timing_mode,0.0,2.0,0.0,2.0,1.0,fixed
minigrid-empty-5x5-fullyobs_PSO-only_seed4,a6544fd,2026-06-01T21:55:57,4,PSO-only,minigrid,MiniGrid/MiniGrid-Empty-5x5-v0/FullyObsWrapper,3.1.0,minigrid-empty-5x5-fullyobs,2,40.0,40.0,0.0,1.0,16.0,strict_rollout_equivalent_max,0.75,40.0,40.0,669.9097999953665,669.9097999953665,755.8561999467202,668.9340000739321,True,True,629.9097999953665,rollout_normalized,rollout-equivalent unit,1.0,PSO,2.0,40,2,0,20,0,20,20,0.0,0.0,0.0,0.5,-1,1,2,40.0,40.0,40.0,False,False,0.0,0.0,0.0,False,0.0,0.0,False,0,0.0,0.0,0.0,14000,24000,Windows-AMD64-py3.14.3,self-contained local validation harness; charged-time accounting is disclosed by timing_mode,0.0,2.0,0.0,2.0,1.0,fixed
minigrid-empty-5x5-fullyobs_PSO-only_seed4,a6544fd,2026-06-01T21:55:57,4,PSO-only,minigrid,MiniGrid/MiniGrid-Empty-5x5-v0/FullyObsWrapper,3.1.0,minigrid-empty-5x5-fullyobs,3,40.0,40.0,0.0,1.0,16.0,strict_rollout_equivalent_max,0.75,40.0,40.0,704.6065999893472,704.6065999893472,786.9086000137031,703.6729997489601,True,True,664.6065999893472,rollout_normalized,rollout-equivalent unit,1.0,PSO,2.0,40,2,0,20,0,20,20,0.0,0.0,0.0,0.5,-1,1,2,40.0,40.0,40.0,False,False,0.0,0.0,0.0,False,0.0,0.0,False,0,0.0,0.0,0.0,14000,24000,Windows-AMD64-py3.14.3,self-contained local validation harness; charged-time accounting is disclosed by timing_mode,0.0,2.0,0.0,2.0,1.0,fixed
minigrid-empty-5x5-fullyobs_PSO-only_seed4,a6544fd,2026-06-01T21:55:57,4,PSO-only,minigrid,MiniGrid/MiniGrid-Empty-5x5-v0/FullyObsWrapper,3.1.0,minigrid-empty-5x5-fullyobs,4,40.0,40.0,0.0,1.0,16.0,strict_rollout_equivalent_max,0.75,40.0,40.0,737.9591999924742,737.9591999924742,838.2346999715082,737.0060000102967,True,True,697.9591999924742,rollout_normalized,rollout-equivalent unit,1.0,PSO,2.0,40,2,0,20,0,20,20,0.0,0.0,0.0,0.5,-1,1,2,40.0,40.0,40.0,False,False,0.0,0.0,0.0,False,0.0,0.0,False,0,0.0,0.0,0.0,14000,24000,Windows-AMD64-py3.14.3,self-contained local validation harness; charged-time accounting is disclosed by timing_mode,0.0,2.0,0.0,2.0,1.0,fixed
minigrid-empty-5x5-fullyobs_PSO-only_seed4,a6544fd,2026-06-01T21:55:57,4,PSO-only,minigrid,MiniGrid/MiniGrid-Empty-5x5-v0/FullyObsWrapper,3.1.0,minigrid-empty-5x5-fullyobs,5,40.0,40.0,0.0,1.0,16.0,strict_rollout_equivalent_max,0.75,40.0,40.0,789.3521999940276,789.3521999940276,881.4731999882497,788.2412999751978,True,True,749.3521999940276,rollout_normalized,rollout-equivalent unit,1.0,PSO,2.0,40,2,0,20,0,20,20,0.0,0.0,0.0,0.5,-1,1,2,40.0,40.0,40.0,False,False,0.0,0.0,0.0,False,0.0,0.0,False,0,0.0,0.0,0.0,14000,24000,Windows-AMD64-py3.14.3,self-contained local validation harness; charged-time accounting is disclosed by timing_mode,0.0,2.0,0.0,2.0,1.0,fixed
minigrid-empty-5x5-fullyobs_PSO-only_seed4,a6544fd,2026-06-01T21:55:57,4,PSO-only,minigrid,MiniGrid/MiniGrid-Empty-5x5-v0/FullyObsWrapper,3.1.0,minigrid-empty-5x5-fullyobs,6,40.0,40.0,0.0,1.0,16.0,strict_rollout_equivalent_max,0.75,40.0,40.0,761.4954999880865,761.4954999880865,846.5822000289336,760.3486000443809,True,True,721.4954999880865,rollout_normalized,rollout-equivalent unit,1.0,PSO,2.0,40,2,0,20,0,20,20,0.0,0.0,0.0,0.5,-1,1,2,40.0,40.0,40.0,False,False,0.0,0.0,0.0,False,0.0,0.0,False,0,0.0,0.0,0.0,14000,24000,Windows-AMD64-py3.14.3,self-contained local validation harness; charged-time accounting is disclosed by timing_mode,0.0,2.0,0.0,2.0,1.0,fixed
minigrid-empty-5x5-fullyobs_PSO-only_seed4,a6544fd,2026-06-01T21:55:57,4,PSO-only,minigrid,MiniGrid/MiniGrid-Empty-5x5-v0/FullyObsWrapper,3.1.0,minigrid-empty-5x5-fullyobs,7,40.0,40.0,0.0,1.0,16.0,strict_rollout_equivalent_max,0.75,40.0,40.0,683.6961000226438,683.6961000226438,767.5349999917671,682.6235998887569,True,True,643.6961000226438,rollout_normalized,rollout-equivalent unit,1.0,PSO,2.0,40,2,0,20,0,20,20,0.0,0.0,0.0,0.5,-1,1,2,40.0,40.0,40.0,False,False,0.0,0.0,0.0,False,0.0,0.0,False,0,0.0,0.0,0.0,14000,24000,Windows-AMD64-py3.14.3,self-contained local validation harness; charged-time accounting is disclosed by timing_mode,0.0,2.0,0.0,2.0,1.0,fixed
minigrid-empty-5x5-fullyobs_PSO-only_seed4,a6544fd,2026-06-01T21:55:57,4,PSO-only,minigrid,MiniGrid/MiniGrid-Empty-5x5-v0/FullyObsWrapper,3.1.0,minigrid-empty-5x5-fullyobs,8,40.0,40.0,0.0,1.0,16.0,strict_rollout_equivalent_max,0.75,40.0,40.0,688.185999984853,688.185999984853,775.064299989026,687.1704998775385,True,True,648.185999984853,rollout_normalized,rollout-equivalent unit,1.0,PSO,2.0,40,2,0,20,0,20,20,0.0,0.0,0.0,0.5,-1,1,2,40.0,40.0,40.0,False,False,0.0,0.0,0.0,False,0.0,0.0,False,0,0.0,0.0,0.0,14000,24000,Windows-AMD64-py3.14.3,self-contained local validation harness; charged-time accounting is disclosed by timing_mode,0.0,2.0,0.0,2.0,1.0,fixed
minigrid-empty-5x5-fullyobs_PSO-only_seed4,a6544fd,2026-06-01T21:55:57,4,PSO-only,minigrid,MiniGrid/MiniGrid-Empty-5x5-v0/FullyObsWrapper,3.1.0,minigrid-empty-5x5-fullyobs,9,40.0,40.0,0.0,1.0,16.0,strict_rollout_equivalent_max,0.75,40.0,40.0,691.6877999901772,691.6877999901772,774.9559999792837,690.6343999435194,True,True,651.6877999901772,rollout_normalized,rollout-equivalent unit,1.0,PSO,2.0,40,2,0,20,0,20,20,0.0,0.0,0.0,0.5,-1,1,2,40.0,40.0,40.0,False,False,0.0,0.0,0.0,False,0.0,0.0,False,0,0.0,0.0,0.0,14000,24000,Windows-AMD64-py3.14.3,self-contained local validation harness; charged-time accounting is disclosed by timing_mode,0.0,2.0,0.0,2.0,1.0,fixed
minigrid-empty-5x5-fullyobs_PSO-only_seed4,a6544fd,2026-06-01T21:55:57,4,PSO-only,minigrid,MiniGrid/MiniGrid-Empty-5x5-v0/FullyObsWrapper,3.1.0,minigrid-empty-5x5-fullyobs,10,40.0,40.0,0.0,1.0,16.0,strict_rollout_equivalent_max,0.75,40.0,40.0,664.5692000165582,664.5692000165582,748.1636999873444,663.651900307741,True,True,624.5692000165582,rollout_normalized,rollout-equivalent unit,1.0,PSO,2.0,40,2,0,20,0,20,20,0.0,0.0,0.0,0.5,-1,1,2,40.0,40.0,40.0,False,False,0.0,0.0,0.0,False,0.0,0.0,False,0,0.0,0.0,0.0,14000,24000,Windows-AMD64-py3.14.3,self-contained local validation harness; charged-time accounting is disclosed by timing_mode,0.0,2.0,0.0,2.0,1.0,fixed
minigrid-empty-5x5-fullyobs_PSO-only_seed4,a6544fd,2026-06-01T21:55:57,4,PSO-only,minigrid,MiniGrid/MiniGrid-Empty-5x5-v0/FullyObsWrapper,3.1.0,minigrid-empty-5x5-fullyobs,11,40.0,40.0,0.0,1.0,16.0,strict_rollout_equivalent_max,0.75,40.0,40.0,666.317600000184,666.317600000184,748.5291000339203,665.3612002264708,True,True,626.317600000184,rollout_normalized,rollout-equivalent unit,1.0,PSO,2.0,40,2,0,20,0,20,20,0.0,0.0,0.0,0.5,-1,1,2,40.0,40.0,40.0,False,False,0.0,0.0,0.0,False,0.0,0.0,False,0,0.0,0.0,0.0,14000,24000,Windows-AMD64-py3.14.3,self-contained local validation harness; charged-time accounting is disclosed by timing_mode,0.0,2.0,0.0,2.0,1.0,fixed
minigrid-empty-5x5-fullyobs_PSO-only_seed5,a6544fd,2026-06-01T21:56:07,5,PSO-only,minigrid,MiniGrid/MiniGrid-Empty-5x5-v0/FullyObsWrapper,3.1.0,minigrid-empty-5x5-fullyobs,0,40.0,40.0,0.0,1.0,16.0,strict_rollout_equivalent_max,0.75,40.0,40.0,673.9430999732576,673.9430999732576,762.3063999926671,673.0422999244183,True,True,633.9430999732576,rollout_normalized,rollout-equivalent unit,1.0,PSO,2.0,40,2,0,20,0,20,20,0.0,0.0,0.0,0.5,-1,1,2,40.0,40.0,40.0,False,False,0.0,0.0,0.0,False,0.0,0.0,False,0,0.0,0.0,0.0,15000,25000,Windows-AMD64-py3.14.3,self-contained local validation harness; charged-time accounting is disclosed by timing_mode,0.0,2.0,0.0,2.0,1.0,fixed
minigrid-empty-5x5-fullyobs_PSO-only_seed5,a6544fd,2026-06-01T21:56:07,5,PSO-only,minigrid,MiniGrid/MiniGrid-Empty-5x5-v0/FullyObsWrapper,3.1.0,minigrid-empty-5x5-fullyobs,1,40.0,40.0,0.0,1.0,16.0,strict_rollout_equivalent_max,0.75,40.0,40.0,673.986200010404,673.986200010404,759.7587999771349,673.0055999360047,True,True,633.986200010404,rollout_normalized,rollout-equivalent unit,1.0,PSO,2.0,40,2,0,20,0,20,20,0.0,0.0,0.0,0.5,-1,1,2,40.0,40.0,40.0,False,False,0.0,0.0,0.0,False,0.0,0.0,False,0,0.0,0.0,0.0,15000,25000,Windows-AMD64-py3.14.3,self-contained local validation harness; charged-time accounting is disclosed by timing_mode,0.0,2.0,0.0,2.0,1.0,fixed
minigrid-empty-5x5-fullyobs_PSO-only_seed5,a6544fd,2026-06-01T21:56:07,5,PSO-only,minigrid,MiniGrid/MiniGrid-Empty-5x5-v0/FullyObsWrapper,3.1.0,minigrid-empty-5x5-fullyobs,2,40.0,40.0,0.0,1.0,16.0,strict_rollout_equivalent_max,0.75,40.0,40.0,679.392599966377,679.392599966377,765.2178999851458,678.3384998561814,True,True,639.392599966377,rollout_normalized,rollout-equivalent unit,1.0,PSO,2.0,40,2,0,20,0,20,20,0.0,0.0,0.0,0.5,-1,1,2,40.0,40.0,40.0,False,False,0.0,0.0,0.0,False,0.0,0.0,False,0,0.0,0.0,0.0,15000,25000,Windows-AMD64-py3.14.3,self-contained local validation harness; charged-time accounting is disclosed by timing_mode,0.0,2.0,0.0,2.0,1.0,fixed
minigrid-empty-5x5-fullyobs_PSO-only_seed5,a6544fd,2026-06-01T21:56:07,5,PSO-only,minigrid,MiniGrid/MiniGrid-Empty-5x5-v0/FullyObsWrapper,3.1.0,minigrid-empty-5x5-fullyobs,3,40.0,40.0,0.0,1.0,16.0,strict_rollout_equivalent_max,0.75,40.0,40.0,667.665200016927,667.665200016927,752.4973999825306,666.6977001586929,True,True,627.665200016927,rollout_normalized,rollout-equivalent unit,1.0,PSO,2.0,40,2,0,20,0,20,20,0.0,0.0,0.0,0.5,-1,1,2,40.0,40.0,40.0,False,False,0.0,0.0,0.0,False,0.0,0.0,False,0,0.0,0.0,0.0,15000,25000,Windows-AMD64-py3.14.3,self-contained local validation harness; charged-time accounting is disclosed by timing_mode,0.0,2.0,0.0,2.0,1.0,fixed
minigrid-empty-5x5-fullyobs_PSO-only_seed5,a6544fd,2026-06-01T21:56:07,5,PSO-only,minigrid,MiniGrid/MiniGrid-Empty-5x5-v0/FullyObsWrapper,3.1.0,minigrid-empty-5x5-fullyobs,4,40.0,40.0,0.0,1.0,16.0,strict_rollout_equivalent_max,0.75,40.0,40.0,676.6295999987051,676.6295999987051,763.062100042589,675.6196001078933,True,True,636.6295999987051,rollout_normalized,rollout-equivalent unit,1.0,PSO,2.0,40,2,0,20,0,20,20,0.0,0.0,0.0,0.5,-1,1,2,40.0,40.0,40.0,False,False,0.0,0.0,0.0,False,0.0,0.0,False,0,0.0,0.0,0.0,15000,25000,Windows-AMD64-py3.14.3,self-contained local validation harness; charged-time accounting is disclosed by timing_mode,0.0,2.0,0.0,2.0,1.0,fixed
minigrid-empty-5x5-fullyobs_PSO-only_seed5,a6544fd,2026-06-01T21:56:07,5,PSO-only,minigrid,MiniGrid/MiniGrid-Empty-5x5-v0/FullyObsWrapper,3.1.0,minigrid-empty-5x5-fullyobs,5,40.0,40.0,0.0,1.0,16.0,strict_rollout_equivalent_max,0.75,40.0,40.0,686.1231999937445,686.1231999937445,771.4725999976508,685.1313000079244,True,True,646.1231999937445,rollout_normalized,rollout-equivalent unit,1.0,PSO,2.0,40,2,0,20,0,20,20,0.0,0.0,0.0,0.5,-1,1,2,40.0,40.0,40.0,False,False,0.0,0.0,0.0,False,0.0,0.0,False,0,0.0,0.0,0.0,15000,25000,Windows-AMD64-py3.14.3,self-contained local validation harness; charged-time accounting is disclosed by timing_mode,0.0,2.0,0.0,2.0,1.0,fixed
minigrid-empty-5x5-fullyobs_PSO-only_seed5,a6544fd,2026-06-01T21:56:07,5,PSO-only,minigrid,MiniGrid/MiniGrid-Empty-5x5-v0/FullyObsWrapper,3.1.0,minigrid-empty-5x5-fullyobs,6,40.0,40.0,0.0,1.0,16.0,strict_rollout_equivalent_max,0.75,40.0,40.0,670.5520999967121,670.5520999967121,755.0531000015326,669.6323999785818,True,True,630.5520999967121,rollout_normalized,rollout-equivalent unit,1.0,PSO,2.0,40,2,0,20,0,20,20,0.0,0.0,0.0,0.5,-1,1,2,40.0,40.0,40.0,False,False,0.0,0.0,0.0,False,0.0,0.0,False,0,0.0,0.0,0.0,15000,25000,Windows-AMD64-py3.14.3,self-contained local validation harness; charged-time accounting is disclosed by timing_mode,0.0,2.0,0.0,2.0,1.0,fixed
minigrid-empty-5x5-fullyobs_PSO-only_seed5,a6544fd,2026-06-01T21:56:07,5,PSO-only,minigrid,MiniGrid/MiniGrid-Empty-5x5-v0/FullyObsWrapper,3.1.0,minigrid-empty-5x5-fullyobs,7,40.0,40.0,0.0,1.0,16.0,strict_rollout_equivalent_max,0.75,40.0,40.0,661.1535000265576,661.1535000265576,747.8883999865502,660.1934001082554,True,True,621.1535000265576,rollout_normalized,rollout-equivalent unit,1.0,PSO,2.0,40,2,0,20,0,20,20,0.0,0.0,0.0,0.5,-1,1,2,40.0,40.0,40.0,False,False,0.0,0.0,0.0,False,0.0,0.0,False,0,0.0,0.0,0.0,15000,25000,Windows-AMD64-py3.14.3,self-contained local validation harness; charged-time accounting is disclosed by timing_mode,0.0,2.0,0.0,2.0,1.0,fixed
minigrid-empty-5x5-fullyobs_PSO-only_seed5,a6544fd,2026-06-01T21:56:07,5,PSO-only,minigrid,MiniGrid/MiniGrid-Empty-5x5-v0/FullyObsWrapper,3.1.0,minigrid-empty-5x5-fullyobs,8,40.0,40.0,0.0,1.0,16.0,strict_rollout_equivalent_max,0.75,40.0,40.0,667.358000006061,667.358000006061,755.4382999660447,666.3260999484919,True,True,627.358000006061,rollout_normalized,rollout-equivalent unit,1.0,PSO,2.0,40,2,0,20,0,20,20,0.0,0.0,0.0,0.5,-1,1,2,40.0,40.0,40.0,False,False,0.0,0.0,0.0,False,0.0,0.0,False,0,0.0,0.0,0.0,15000,25000,Windows-AMD64-py3.14.3,self-contained local validation harness; charged-time accounting is disclosed by timing_mode,0.0,2.0,0.0,2.0,1.0,fixed
minigrid-empty-5x5-fullyobs_PSO-only_seed5,a6544fd,2026-06-01T21:56:07,5,PSO-only,minigrid,MiniGrid/MiniGrid-Empty-5x5-v0/FullyObsWrapper,3.1.0,minigrid-empty-5x5-fullyobs,9,40.0,40.0,0.0,1.0,16.0,strict_rollout_equivalent_max,0.75,40.0,40.0,664.7086999728344,664.7086999728344,753.7253999616951,663.7183998245746,True,True,624.7086999728344,rollout_normalized,rollout-equivalent unit,1.0,PSO,2.0,40,2,0,20,0,20,20,0.0,0.0,0.0,0.5,-1,1,2,40.0,40.0,40.0,False,False,0.0,0.0,0.0,False,0.0,0.0,False,0,0.0,0.0,0.0,15000,25000,Windows-AMD64-py3.14.3,self-contained local validation harness; charged-time accounting is disclosed by timing_mode,0.0,2.0,0.0,2.0,1.0,fixed
minigrid-empty-5x5-fullyobs_PSO-only_seed5,a6544fd,2026-06-01T21:56:07,5,PSO-only,minigrid,MiniGrid/MiniGrid-Empty-5x5-v0/FullyObsWrapper,3.1.0,minigrid-empty-5x5-fullyobs,10,40.0,40.0,0.0,1.0,16.0,strict_rollout_equivalent_max,0.75,40.0,40.0,685.7177000492811,685.7177000492811,773.6954999854788,684.7040000138804,True,True,645.7177000492811,rollout_normalized,rollout-equivalent unit,1.0,PSO,2.0,40,2,0,20,0,20,20,0.0,0.0,0.0,0.5,-1,1,2,40.0,40.0,40.0,False,False,0.0,0.0,0.0,False,0.0,0.0,False,0,0.0,0.0,0.0,15000,25000,Windows-AMD64-py3.14.3,self-contained local validation harness; charged-time accounting is disclosed by timing_mode,0.0,2.0,0.0,2.0,1.0,fixed
minigrid-empty-5x5-fullyobs_PSO-only_seed5,a6544fd,2026-06-01T21:56:07,5,PSO-only,minigrid,MiniGrid/MiniGrid-Empty-5x5-v0/FullyObsWrapper,3.1.0,minigrid-empty-5x5-fullyobs,11,40.0,40.0,0.0,1.0,16.0,strict_rollout_equivalent_max,0.75,40.0,40.0,677.294900000561,677.294900000561,762.5950000365265,676.3587999157608,True,True,637.294900000561,rollout_normalized,rollout-equivalent unit,1.0,PSO,2.0,40,2,0,20,0,20,20,0.0,0.0,0.0,0.5,-1,1,2,40.0,40.0,40.0,False,False,0.0,0.0,0.0,False,0.0,0.0,False,0,0.0,0.0,0.0,15000,25000,Windows-AMD64-py3.14.3,self-contained local validation harness; charged-time accounting is disclosed by timing_mode,0.0,2.0,0.0,2.0,1.0,fixed
minigrid-empty-5x5-fullyobs_PSO-only_seed6,a6544fd,2026-06-01T21:56:17,6,PSO-only,minigrid,MiniGrid/MiniGrid-Empty-5x5-v0/FullyObsWrapper,3.1.0,minigrid-empty-5x5-fullyobs,0,40.0,40.0,0.0,1.0,16.0,strict_rollout_equivalent_max,0.75,40.0,40.0,651.5881000086665,651.5881000086665,729.7083999728784,650.575999985449,True,True,611.5881000086665,rollout_normalized,rollout-equivalent unit,1.0,PSO,2.0,40,2,0,20,0,20,20,0.0,0.0,0.0,0.5,-1,1,2,40.0,40.0,40.0,False,False,0.0,0.0,0.0,False,0.0,0.0,False,0,0.0,0.0,0.0,16000,26000,Windows-AMD64-py3.14.3,self-contained local validation harness; charged-time accounting is disclosed by timing_mode,0.0,2.0,0.0,2.0,1.0,fixed
minigrid-empty-5x5-fullyobs_PSO-only_seed6,a6544fd,2026-06-01T21:56:17,6,PSO-only,minigrid,MiniGrid/MiniGrid-Empty-5x5-v0/FullyObsWrapper,3.1.0,minigrid-empty-5x5-fullyobs,1,40.0,40.0,0.0,1.0,16.0,strict_rollout_equivalent_max,0.75,40.0,40.0,659.2622000025585,659.2622000025585,741.8064000084996,658.3460999536328,True,True,619.2622000025585,rollout_normalized,rollout-equivalent unit,1.0,PSO,2.0,40,2,0,20,0,20,20,0.0,0.0,0.0,0.5,-1,1,2,40.0,40.0,40.0,False,False,0.0,0.0,0.0,False,0.0,0.0,False,0,0.0,0.0,0.0,16000,26000,Windows-AMD64-py3.14.3,self-contained local validation harness; charged-time accounting is disclosed by timing_mode,0.0,2.0,0.0,2.0,1.0,fixed
minigrid-empty-5x5-fullyobs_PSO-only_seed6,a6544fd,2026-06-01T21:56:17,6,PSO-only,minigrid,MiniGrid/MiniGrid-Empty-5x5-v0/FullyObsWrapper,3.1.0,minigrid-empty-5x5-fullyobs,2,40.0,40.0,0.0,1.0,16.0,strict_rollout_equivalent_max,0.75,40.0,40.0,649.9473000294529,649.9473000294529,727.4754000245593,648.9922001492232,True,True,609.9473000294529,rollout_normalized,rollout-equivalent unit,1.0,PSO,2.0,40,2,0,20,0,20,20,0.0,0.0,0.0,0.5,-1,1,2,40.0,40.0,40.0,False,False,0.0,0.0,0.0,False,0.0,0.0,False,0,0.0,0.0,0.0,16000,26000,Windows-AMD64-py3.14.3,self-contained local validation harness; charged-time accounting is disclosed by timing_mode,0.0,2.0,0.0,2.0,1.0,fixed
minigrid-empty-5x5-fullyobs_PSO-only_seed6,a6544fd,2026-06-01T21:56:17,6,PSO-only,minigrid,MiniGrid/MiniGrid-Empty-5x5-v0/FullyObsWrapper,3.1.0,minigrid-empty-5x5-fullyobs,3,40.0,40.0,0.0,1.0,16.0,strict_rollout_equivalent_max,0.75,40.0,40.0,646.7496000113897,646.7496000113897,723.627100000158,645.8012001239695,True,True,606.7496000113897,rollout_normalized,rollout-equivalent unit,1.0,PSO,2.0,40,2,0,20,0,20,20,0.0,0.0,0.0,0.5,-1,1,2,40.0,40.0,40.0,False,False,0.0,0.0,0.0,False,0.0,0.0,False,0,0.0,0.0,0.0,16000,26000,Windows-AMD64-py3.14.3,self-contained local validation harness; charged-time accounting is disclosed by timing_mode,0.0,2.0,0.0,2.0,1.0,fixed
minigrid-empty-5x5-fullyobs_PSO-only_seed6,a6544fd,2026-06-01T21:56:17,6,PSO-only,minigrid,MiniGrid/MiniGrid-Empty-5x5-v0/FullyObsWrapper,3.1.0,minigrid-empty-5x5-fullyobs,4,40.0,40.0,0.0,1.0,16.0,strict_rollout_equivalent_max,0.75,40.0,40.0,641.3142000092193,641.3142000092193,720.5558999557979,640.3776000370272,True,True,601.3142000092193,rollout_normalized,rollout-equivalent unit,1.0,PSO,2.0,40,2,0,20,0,20,20,0.0,0.0,0.0,0.5,-1,1,2,40.0,40.0,40.0,False,False,0.0,0.0,0.0,False,0.0,0.0,False,0,0.0,0.0,0.0,16000,26000,Windows-AMD64-py3.14.3,self-contained local validation harness; charged-time accounting is disclosed by timing_mode,0.0,2.0,0.0,2.0,1.0,fixed
minigrid-empty-5x5-fullyobs_PSO-only_seed6,a6544fd,2026-06-01T21:56:17,6,PSO-only,minigrid,MiniGrid/MiniGrid-Empty-5x5-v0/FullyObsWrapper,3.1.0,minigrid-empty-5x5-fullyobs,5,40.0,40.0,0.0,1.0,16.0,strict_rollout_equivalent_max,0.75,40.0,40.0,651.2423999956809,651.2423999956809,734.6368000144139,650.3317999304272,True,True,611.2423999956809,rollout_normalized,rollout-equivalent unit,1.0,PSO,2.0,40,2,0,20,0,20,20,0.0,0.0,0.0,0.5,-1,1,2,40.0,40.0,40.0,False,False,0.0,0.0,0.0,False,0.0,0.0,False,0,0.0,0.0,0.0,16000,26000,Windows-AMD64-py3.14.3,self-contained local validation harness; charged-time accounting is disclosed by timing_mode,0.0,2.0,0.0,2.0,1.0,fixed
minigrid-empty-5x5-fullyobs_PSO-only_seed6,a6544fd,2026-06-01T21:56:17,6,PSO-only,minigrid,MiniGrid/MiniGrid-Empty-5x5-v0/FullyObsWrapper,3.1.0,minigrid-empty-5x5-fullyobs,6,40.0,40.0,0.0,1.0,16.0,strict_rollout_equivalent_max,0.75,40.0,40.0,697.8085999726318,697.8085999726318,775.0828000134788,696.8315000412986,True,True,657.8085999726318,rollout_normalized,rollout-equivalent unit,1.0,PSO,2.0,40,2,0,20,0,20,20,0.0,0.0,0.0,0.5,-1,1,2,40.0,40.0,40.0,False,False,0.0,0.0,0.0,False,0.0,0.0,False,0,0.0,0.0,0.0,16000,26000,Windows-AMD64-py3.14.3,self-contained local validation harness; charged-time accounting is disclosed by timing_mode,0.0,2.0,0.0,2.0,1.0,fixed
minigrid-empty-5x5-fullyobs_PSO-only_seed6,a6544fd,2026-06-01T21:56:17,6,PSO-only,minigrid,MiniGrid/MiniGrid-Empty-5x5-v0/FullyObsWrapper,3.1.0,minigrid-empty-5x5-fullyobs,7,40.0,40.0,0.0,1.0,16.0,strict_rollout_equivalent_max,0.75,40.0,40.0,650.8090000133961,650.8090000133961,734.0618000016548,649.8538999003358,True,True,610.8090000133961,rollout_normalized,rollout-equivalent unit,1.0,PSO,2.0,40,2,0,20,0,20,20,0.0,0.0,0.0,0.5,-1,1,2,40.0,40.0,40.0,False,False,0.0,0.0,0.0,False,0.0,0.0,False,0,0.0,0.0,0.0,16000,26000,Windows-AMD64-py3.14.3,self-contained local validation harness; charged-time accounting is disclosed by timing_mode,0.0,2.0,0.0,2.0,1.0,fixed
minigrid-empty-5x5-fullyobs_PSO-only_seed6,a6544fd,2026-06-01T21:56:17,6,PSO-only,minigrid,MiniGrid/MiniGrid-Empty-5x5-v0/FullyObsWrapper,3.1.0,minigrid-empty-5x5-fullyobs,8,40.0,40.0,0.0,1.0,16.0,strict_rollout_equivalent_max,0.75,40.0,40.0,667.6102000055835,667.6102000055835,748.2469000387937,666.6427999734879,True,True,627.6102000055835,rollout_normalized,rollout-equivalent unit,1.0,PSO,2.0,40,2,0,20,0,20,20,0.0,0.0,0.0,0.5,-1,1,2,40.0,40.0,40.0,False,False,0.0,0.0,0.0,False,0.0,0.0,False,0,0.0,0.0,0.0,16000,26000,Windows-AMD64-py3.14.3,self-contained local validation harness; charged-time accounting is disclosed by timing_mode,0.0,2.0,0.0,2.0,1.0,fixed
minigrid-empty-5x5-fullyobs_PSO-only_seed6,a6544fd,2026-06-01T21:56:17,6,PSO-only,minigrid,MiniGrid/MiniGrid-Empty-5x5-v0/FullyObsWrapper,3.1.0,minigrid-empty-5x5-fullyobs,9,40.0,40.0,0.0,1.0,16.0,strict_rollout_equivalent_max,0.75,40.0,40.0,648.5652000410482,648.5652000410482,727.9793000197969,647.577500087209,True,True,608.5652000410482,rollout_normalized,rollout-equivalent unit,1.0,PSO,2.0,40,2,0,20,0,20,20,0.0,0.0,0.0,0.5,-1,1,2,40.0,40.0,40.0,False,False,0.0,0.0,0.0,False,0.0,0.0,False,0,0.0,0.0,0.0,16000,26000,Windows-AMD64-py3.14.3,self-contained local validation harness; charged-time accounting is disclosed by timing_mode,0.0,2.0,0.0,2.0,1.0,fixed
minigrid-empty-5x5-fullyobs_PSO-only_seed6,a6544fd,2026-06-01T21:56:17,6,PSO-only,minigrid,MiniGrid/MiniGrid-Empty-5x5-v0/FullyObsWrapper,3.1.0,minigrid-empty-5x5-fullyobs,10,40.0,40.0,0.0,1.0,16.0,strict_rollout_equivalent_max,0.75,40.0,40.0,636.2193000386469,636.2193000386469,718.9208000199869,635.0974999368191,True,True,596.2193000386469,rollout_normalized,rollout-equivalent unit,1.0,PSO,2.0,40,2,0,20,0,20,20,0.0,0.0,0.0,0.5,-1,1,2,40.0,40.0,40.0,False,False,0.0,0.0,0.0,False,0.0,0.0,False,0,0.0,0.0,0.0,16000,26000,Windows-AMD64-py3.14.3,self-contained local validation harness; charged-time accounting is disclosed by timing_mode,0.0,2.0,0.0,2.0,1.0,fixed
minigrid-empty-5x5-fullyobs_PSO-only_seed6,a6544fd,2026-06-01T21:56:17,6,PSO-only,minigrid,MiniGrid/MiniGrid-Empty-5x5-v0/FullyObsWrapper,3.1.0,minigrid-empty-5x5-fullyobs,11,40.0,40.0,0.0,1.0,16.0,strict_rollout_equivalent_max,0.75,40.0,40.0,678.6701999953948,678.6701999953948,756.1170000117272,677.6942000142299,True,True,638.6701999953948,rollout_normalized,rollout-equivalent unit,1.0,PSO,2.0,40,2,0,20,0,20,20,0.0,0.0,0.0,0.5,-1,1,2,40.0,40.0,40.0,False,False,0.0,0.0,0.0,False,0.0,0.0,False,0,0.0,0.0,0.0,16000,26000,Windows-AMD64-py3.14.3,self-contained local validation harness; charged-time accounting is disclosed by timing_mode,0.0,2.0,0.0,2.0,1.0,fixed
minigrid-empty-5x5-fullyobs_PSO-only_seed7,a6544fd,2026-06-01T21:56:26,7,PSO-only,minigrid,MiniGrid/MiniGrid-Empty-5x5-v0/FullyObsWrapper,3.1.0,minigrid-empty-5x5-fullyobs,0,40.0,40.0,0.0,1.0,16.0,strict_rollout_equivalent_max,0.75,40.0,40.0,678.3321999828331,678.3321999828331,761.9429999613203,677.3603001493029,True,True,638.3321999828331,rollout_normalized,rollout-equivalent unit,1.0,PSO,2.0,40,2,0,20,0,20,20,0.0,0.0,0.0,0.5,-1,1,2,40.0,40.0,40.0,False,False,0.0,0.0,0.0,False,0.0,0.0,False,0,0.0,0.0,0.0,17000,27000,Windows-AMD64-py3.14.3,self-contained local validation harness; charged-time accounting is disclosed by timing_mode,0.0,2.0,0.0,2.0,1.0,fixed
minigrid-empty-5x5-fullyobs_PSO-only_seed7,a6544fd,2026-06-01T21:56:26,7,PSO-only,minigrid,MiniGrid/MiniGrid-Empty-5x5-v0/FullyObsWrapper,3.1.0,minigrid-empty-5x5-fullyobs,1,40.0,40.0,0.0,1.0,16.0,strict_rollout_equivalent_max,0.75,40.0,40.0,690.4448000132106,690.4448000132106,774.9640999827534,689.5006000995636,True,True,650.4448000132106,rollout_normalized,rollout-equivalent unit,1.0,PSO,2.0,40,2,0,20,0,20,20,0.0,0.0,0.0,0.5,-1,1,2,40.0,40.0,40.0,False,False,0.0,0.0,0.0,False,0.0,0.0,False,0,0.0,0.0,0.0,17000,27000,Windows-AMD64-py3.14.3,self-contained local validation harness; charged-time accounting is disclosed by timing_mode,0.0,2.0,0.0,2.0,1.0,fixed
minigrid-empty-5x5-fullyobs_PSO-only_seed7,a6544fd,2026-06-01T21:56:26,7,PSO-only,minigrid,MiniGrid/MiniGrid-Empty-5x5-v0/FullyObsWrapper,3.1.0,minigrid-empty-5x5-fullyobs,2,40.0,40.0,0.0,1.0,16.0,strict_rollout_equivalent_max,0.75,40.0,40.0,670.1574999606237,670.1574999606237,758.5796999628656,669.2897999892011,True,True,630.1574999606237,rollout_normalized,rollout-equivalent unit,1.0,PSO,2.0,40,2,0,20,0,20,20,0.0,0.0,0.0,0.5,-1,1,2,40.0,40.0,40.0,False,False,0.0,0.0,0.0,False,0.0,0.0,False,0,0.0,0.0,0.0,17000,27000,Windows-AMD64-py3.14.3,self-contained local validation harness; charged-time accounting is disclosed by timing_mode,0.0,2.0,0.0,2.0,1.0,fixed
minigrid-empty-5x5-fullyobs_PSO-only_seed7,a6544fd,2026-06-01T21:56:26,7,PSO-only,minigrid,MiniGrid/MiniGrid-Empty-5x5-v0/FullyObsWrapper,3.1.0,minigrid-empty-5x5-fullyobs,3,40.0,40.0,0.0,1.0,16.0,strict_rollout_equivalent_max,0.75,40.0,40.0,690.6730000046082,690.6730000046082,775.8693000068888,689.7028002422303,True,True,650.6730000046082,rollout_normalized,rollout-equivalent unit,1.0,PSO,2.0,40,2,0,20,0,20,20,0.0,0.0,0.0,0.5,-1,1,2,40.0,40.0,40.0,False,False,0.0,0.0,0.0,False,0.0,0.0,False,0,0.0,0.0,0.0,17000,27000,Windows-AMD64-py3.14.3,self-contained local validation harness; charged-time accounting is disclosed by timing_mode,0.0,2.0,0.0,2.0,1.0,fixed
minigrid-empty-5x5-fullyobs_PSO-only_seed7,a6544fd,2026-06-01T21:56:26,7,PSO-only,minigrid,MiniGrid/MiniGrid-Empty-5x5-v0/FullyObsWrapper,3.1.0,minigrid-empty-5x5-fullyobs,4,40.0,40.0,0.0,1.0,16.0,strict_rollout_equivalent_max,0.75,40.0,40.0,682.1836999733932,682.1836999733932,766.0102999652736,681.1960998456925,True,True,642.1836999733932,rollout_normalized,rollout-equivalent unit,1.0,PSO,2.0,40,2,0,20,0,20,20,0.0,0.0,0.0,0.5,-1,1,2,40.0,40.0,40.0,False,False,0.0,0.0,0.0,False,0.0,0.0,False,0,0.0,0.0,0.0,17000,27000,Windows-AMD64-py3.14.3,self-contained local validation harness; charged-time accounting is disclosed by timing_mode,0.0,2.0,0.0,2.0,1.0,fixed
minigrid-empty-5x5-fullyobs_PSO-only_seed7,a6544fd,2026-06-01T21:56:26,7,PSO-only,minigrid,MiniGrid/MiniGrid-Empty-5x5-v0/FullyObsWrapper,3.1.0,minigrid-empty-5x5-fullyobs,5,40.0,40.0,0.0,1.0,16.0,strict_rollout_equivalent_max,0.75,40.0,40.0,678.113299945835,678.113299945835,761.4562999806367,677.022100018803,True,True,638.113299945835,rollout_normalized,rollout-equivalent unit,1.0,PSO,2.0,40,2,0,20,0,20,20,0.0,0.0,0.0,0.5,-1,1,2,40.0,40.0,40.0,False,False,0.0,0.0,0.0,False,0.0,0.0,False,0,0.0,0.0,0.0,17000,27000,Windows-AMD64-py3.14.3,self-contained local validation harness; charged-time accounting is disclosed by timing_mode,0.0,2.0,0.0,2.0,1.0,fixed
minigrid-empty-5x5-fullyobs_PSO-only_seed7,a6544fd,2026-06-01T21:56:26,7,PSO-only,minigrid,MiniGrid/MiniGrid-Empty-5x5-v0/FullyObsWrapper,3.1.0,minigrid-empty-5x5-fullyobs,6,40.0,40.0,0.0,1.0,16.0,strict_rollout_equivalent_max,0.75,40.0,40.0,695.1991000096314,695.1991000096314,777.5836000218987,694.2481000442058,True,True,655.1991000096314,rollout_normalized,rollout-equivalent unit,1.0,PSO,2.0,40,2,0,20,0,20,20,0.0,0.0,0.0,0.5,-1,1,2,40.0,40.0,40.0,False,False,0.0,0.0,0.0,False,0.0,0.0,False,0,0.0,0.0,0.0,17000,27000,Windows-AMD64-py3.14.3,self-contained local validation harness; charged-time accounting is disclosed by timing_mode,0.0,2.0,0.0,2.0,1.0,fixed
minigrid-empty-5x5-fullyobs_PSO-only_seed7,a6544fd,2026-06-01T21:56:26,7,PSO-only,minigrid,MiniGrid/MiniGrid-Empty-5x5-v0/FullyObsWrapper,3.1.0,minigrid-empty-5x5-fullyobs,7,40.0,40.0,0.0,1.0,16.0,strict_rollout_equivalent_max,0.75,40.0,40.0,737.6014000037685,737.6014000037685,821.3755000033416,736.6099999053404,True,True,697.6014000037685,rollout_normalized,rollout-equivalent unit,1.0,PSO,2.0,40,2,0,20,0,20,20,0.0,0.0,0.0,0.5,-1,1,2,40.0,40.0,40.0,False,False,0.0,0.0,0.0,False,0.0,0.0,False,0,0.0,0.0,0.0,17000,27000,Windows-AMD64-py3.14.3,self-contained local validation harness; charged-time accounting is disclosed by timing_mode,0.0,2.0,0.0,2.0,1.0,fixed
minigrid-empty-5x5-fullyobs_PSO-only_seed7,a6544fd,2026-06-01T21:56:26,7,PSO-only,minigrid,MiniGrid/MiniGrid-Empty-5x5-v0/FullyObsWrapper,3.1.0,minigrid-empty-5x5-fullyobs,8,40.0,40.0,0.0,1.0,16.0,strict_rollout_equivalent_max,0.75,40.0,40.0,674.9036000110209,674.9036000110209,758.8942000293173,673.9116001408547,True,True,634.9036000110209,rollout_normalized,rollout-equivalent unit,1.0,PSO,2.0,40,2,0,20,0,20,20,0.0,0.0,0.0,0.5,-1,1,2,40.0,40.0,40.0,False,False,0.0,0.0,0.0,False,0.0,0.0,False,0,0.0,0.0,0.0,17000,27000,Windows-AMD64-py3.14.3,self-contained local validation harness; charged-time accounting is disclosed by timing_mode,0.0,2.0,0.0,2.0,1.0,fixed
minigrid-empty-5x5-fullyobs_PSO-only_seed7,a6544fd,2026-06-01T21:56:26,7,PSO-only,minigrid,MiniGrid/MiniGrid-Empty-5x5-v0/FullyObsWrapper,3.1.0,minigrid-empty-5x5-fullyobs,9,40.0,40.0,0.0,1.0,16.0,strict_rollout_equivalent_max,0.75,40.0,40.0,708.7635999778286,708.7635999778286,813.549599959515,707.7599001349881,True,True,668.7635999778286,rollout_normalized,rollout-equivalent unit,1.0,PSO,2.0,40,2,0,20,0,20,20,0.0,0.0,0.0,0.5,-1,1,2,40.0,40.0,40.0,False,False,0.0,0.0,0.0,False,0.0,0.0,False,0,0.0,0.0,0.0,17000,27000,Windows-AMD64-py3.14.3,self-contained local validation harness; charged-time accounting is disclosed by timing_mode,0.0,2.0,0.0,2.0,1.0,fixed
minigrid-empty-5x5-fullyobs_PSO-only_seed7,a6544fd,2026-06-01T21:56:26,7,PSO-only,minigrid,MiniGrid/MiniGrid-Empty-5x5-v0/FullyObsWrapper,3.1.0,minigrid-empty-5x5-fullyobs,10,40.0,40.0,0.0,1.0,16.0,strict_rollout_equivalent_max,0.75,40.0,40.0,735.9963999479078,735.9963999479078,825.4330999916419,735.0235001067631,True,True,695.9963999479078,rollout_normalized,rollout-equivalent unit,1.0,PSO,2.0,40,2,0,20,0,20,20,0.0,0.0,0.0,0.5,-1,1,2,40.0,40.0,40.0,False,False,0.0,0.0,0.0,False,0.0,0.0,False,0,0.0,0.0,0.0,17000,27000,Windows-AMD64-py3.14.3,self-contained local validation harness; charged-time accounting is disclosed by timing_mode,0.0,2.0,0.0,2.0,1.0,fixed
minigrid-empty-5x5-fullyobs_PSO-only_seed7,a6544fd,2026-06-01T21:56:26,7,PSO-only,minigrid,MiniGrid/MiniGrid-Empty-5x5-v0/FullyObsWrapper,3.1.0,minigrid-empty-5x5-fullyobs,11,40.0,40.0,0.0,1.0,16.0,strict_rollout_equivalent_max,0.75,40.0,40.0,772.9929000488482,772.9929000488482,863.0111999809742,772.018400079105,True,True,732.9929000488482,rollout_normalized,rollout-equivalent unit,1.0,PSO,2.0,40,2,0,20,0,20,20,0.0,0.0,0.0,0.5,-1,1,2,40.0,40.0,40.0,False,False,0.0,0.0,0.0,False,0.0,0.0,False,0,0.0,0.0,0.0,17000,27000,Windows-AMD64-py3.14.3,self-contained local validation harness; charged-time accounting is disclosed by timing_mode,0.0,2.0,0.0,2.0,1.0,fixed
minigrid-empty-5x5-fullyobs_PSO-only_seed8,a6544fd,2026-06-01T21:56:36,8,PSO-only,minigrid,MiniGrid/MiniGrid-Empty-5x5-v0/FullyObsWrapper,3.1.0,minigrid-empty-5x5-fullyobs,0,40.0,40.0,0.0,1.0,16.0,strict_rollout_equivalent_max,0.75,40.0,40.0,733.3584000007249,733.3584000007249,811.4611000055447,732.4081999831833,True,True,693.3584000007249,rollout_normalized,rollout-equivalent unit,1.0,PSO,2.0,40,2,0,20,0,20,20,0.0,0.0,0.0,0.5,-1,1,2,40.0,40.0,40.0,False,False,0.0,0.0,0.0,False,0.0,0.0,False,0,0.0,0.0,0.0,18000,28000,Windows-AMD64-py3.14.3,self-contained local validation harness; charged-time accounting is disclosed by timing_mode,0.0,2.0,0.0,2.0,1.0,fixed
minigrid-empty-5x5-fullyobs_PSO-only_seed8,a6544fd,2026-06-01T21:56:36,8,PSO-only,minigrid,MiniGrid/MiniGrid-Empty-5x5-v0/FullyObsWrapper,3.1.0,minigrid-empty-5x5-fullyobs,1,40.0,40.0,0.0,1.0,16.0,strict_rollout_equivalent_max,0.75,40.0,40.0,707.9422000097111,707.9422000097111,786.888100032229,706.9732999661937,True,True,667.9422000097111,rollout_normalized,rollout-equivalent unit,1.0,PSO,2.0,40,2,0,20,0,20,20,0.0,0.0,0.0,0.5,-1,1,2,40.0,40.0,40.0,False,False,0.0,0.0,0.0,False,0.0,0.0,False,0,0.0,0.0,0.0,18000,28000,Windows-AMD64-py3.14.3,self-contained local validation harness; charged-time accounting is disclosed by timing_mode,0.0,2.0,0.0,2.0,1.0,fixed
minigrid-empty-5x5-fullyobs_PSO-only_seed8,a6544fd,2026-06-01T21:56:36,8,PSO-only,minigrid,MiniGrid/MiniGrid-Empty-5x5-v0/FullyObsWrapper,3.1.0,minigrid-empty-5x5-fullyobs,2,40.0,40.0,0.0,1.0,16.0,strict_rollout_equivalent_max,0.75,40.0,40.0,652.3620000225492,652.3620000225492,731.1745999613777,651.380900060758,True,True,612.3620000225492,rollout_normalized,rollout-equivalent unit,1.0,PSO,2.0,40,2,0,20,0,20,20,0.0,0.0,0.0,0.5,-1,1,2,40.0,40.0,40.0,False,False,0.0,0.0,0.0,False,0.0,0.0,False,0,0.0,0.0,0.0,18000,28000,Windows-AMD64-py3.14.3,self-contained local validation harness; charged-time accounting is disclosed by timing_mode,0.0,2.0,0.0,2.0,1.0,fixed
minigrid-empty-5x5-fullyobs_PSO-only_seed8,a6544fd,2026-06-01T21:56:36,8,PSO-only,minigrid,MiniGrid/MiniGrid-Empty-5x5-v0/FullyObsWrapper,3.1.0,minigrid-empty-5x5-fullyobs,3,40.0,40.0,0.0,1.0,16.0,strict_rollout_equivalent_max,0.75,40.0,40.0,684.3588000047021,684.3588000047021,763.0469999858178,683.3551999297924,True,True,644.3588000047021,rollout_normalized,rollout-equivalent unit,1.0,PSO,2.0,40,2,0,20,0,20,20,0.0,0.0,0.0,0.5,-1,1,2,40.0,40.0,40.0,False,False,0.0,0.0,0.0,False,0.0,0.0,False,0,0.0,0.0,0.0,18000,28000,Windows-AMD64-py3.14.3,self-contained local validation harness; charged-time accounting is disclosed by timing_mode,0.0,2.0,0.0,2.0,1.0,fixed
minigrid-empty-5x5-fullyobs_PSO-only_seed8,a6544fd,2026-06-01T21:56:36,8,PSO-only,minigrid,MiniGrid/MiniGrid-Empty-5x5-v0/FullyObsWrapper,3.1.0,minigrid-empty-5x5-fullyobs,4,40.0,40.0,0.0,1.0,16.0,strict_rollout_equivalent_max,0.75,40.0,40.0,667.3190000001341,667.3190000001341,744.5338999968953,666.3782998803072,True,True,627.3190000001341,rollout_normalized,rollout-equivalent unit,1.0,PSO,2.0,40,2,0,20,0,20,20,0.0,0.0,0.0,0.5,-1,1,2,40.0,40.0,40.0,False,False,0.0,0.0,0.0,False,0.0,0.0,False,0,0.0,0.0,0.0,18000,28000,Windows-AMD64-py3.14.3,self-contained local validation harness; charged-time accounting is disclosed by timing_mode,0.0,2.0,0.0,2.0,1.0,fixed
minigrid-empty-5x5-fullyobs_PSO-only_seed8,a6544fd,2026-06-01T21:56:36,8,PSO-only,minigrid,MiniGrid/MiniGrid-Empty-5x5-v0/FullyObsWrapper,3.1.0,minigrid-empty-5x5-fullyobs,5,40.0,40.0,0.0,1.0,16.0,strict_rollout_equivalent_max,0.75,40.0,40.0,673.8223999855109,673.8223999855109,750.4677000106312,672.9416000307538,True,True,633.8223999855109,rollout_normalized,rollout-equivalent unit,1.0,PSO,2.0,40,2,0,20,0,20,20,0.0,0.0,0.0,0.5,-1,1,2,40.0,40.0,40.0,False,False,0.0,0.0,0.0,False,0.0,0.0,False,0,0.0,0.0,0.0,18000,28000,Windows-AMD64-py3.14.3,self-contained local validation harness; charged-time accounting is disclosed by timing_mode,0.0,2.0,0.0,2.0,1.0,fixed
minigrid-empty-5x5-fullyobs_PSO-only_seed8,a6544fd,2026-06-01T21:56:36,8,PSO-only,minigrid,MiniGrid/MiniGrid-Empty-5x5-v0/FullyObsWrapper,3.1.0,minigrid-empty-5x5-fullyobs,6,40.0,40.0,0.0,1.0,16.0,strict_rollout_equivalent_max,0.75,40.0,40.0,670.0799000100233,670.0799000100233,748.6144999857061,669.0531999920495,True,True,630.0799000100233,rollout_normalized,rollout-equivalent unit,1.0,PSO,2.0,40,2,0,20,0,20,20,0.0,0.0,0.0,0.5,-1,1,2,40.0,40.0,40.0,False,False,0.0,0.0,0.0,False,0.0,0.0,False,0,0.0,0.0,0.0,18000,28000,Windows-AMD64-py3.14.3,self-contained local validation harness; charged-time accounting is disclosed by timing_mode,0.0,2.0,0.0,2.0,1.0,fixed
minigrid-empty-5x5-fullyobs_PSO-only_seed8,a6544fd,2026-06-01T21:56:36,8,PSO-only,minigrid,MiniGrid/MiniGrid-Empty-5x5-v0/FullyObsWrapper,3.1.0,minigrid-empty-5x5-fullyobs,7,40.0,40.0,0.0,1.0,16.0,strict_rollout_equivalent_max,0.75,40.0,40.0,683.8895999826491,683.8895999826491,766.7562999995425,682.8006001305766,True,True,643.8895999826491,rollout_normalized,rollout-equivalent unit,1.0,PSO,2.0,40,2,0,20,0,20,20,0.0,0.0,0.0,0.5,-1,1,2,40.0,40.0,40.0,False,False,0.0,0.0,0.0,False,0.0,0.0,False,0,0.0,0.0,0.0,18000,28000,Windows-AMD64-py3.14.3,self-contained local validation harness; charged-time accounting is disclosed by timing_mode,0.0,2.0,0.0,2.0,1.0,fixed
minigrid-empty-5x5-fullyobs_PSO-only_seed8,a6544fd,2026-06-01T21:56:36,8,PSO-only,minigrid,MiniGrid/MiniGrid-Empty-5x5-v0/FullyObsWrapper,3.1.0,minigrid-empty-5x5-fullyobs,8,40.0,40.0,0.0,1.0,16.0,strict_rollout_equivalent_max,0.75,40.0,40.0,697.8332999860868,697.8332999860868,777.8888999600895,696.8061000807211,True,True,657.8332999860868,rollout_normalized,rollout-equivalent unit,1.0,PSO,2.0,40,2,0,20,0,20,20,0.0,0.0,0.0,0.5,-1,1,2,40.0,40.0,40.0,False,False,0.0,0.0,0.0,False,0.0,0.0,False,0,0.0,0.0,0.0,18000,28000,Windows-AMD64-py3.14.3,self-contained local validation harness; charged-time accounting is disclosed by timing_mode,0.0,2.0,0.0,2.0,1.0,fixed
minigrid-empty-5x5-fullyobs_PSO-only_seed8,a6544fd,2026-06-01T21:56:36,8,PSO-only,minigrid,MiniGrid/MiniGrid-Empty-5x5-v0/FullyObsWrapper,3.1.0,minigrid-empty-5x5-fullyobs,9,40.0,40.0,0.0,1.0,16.0,strict_rollout_equivalent_max,0.75,40.0,40.0,691.2472000112757,691.2472000112757,772.8620000416413,690.118300030008,True,True,651.2472000112757,rollout_normalized,rollout-equivalent unit,1.0,PSO,2.0,40,2,0,20,0,20,20,0.0,0.0,0.0,0.5,-1,1,2,40.0,40.0,40.0,False,False,0.0,0.0,0.0,False,0.0,0.0,False,0,0.0,0.0,0.0,18000,28000,Windows-AMD64-py3.14.3,self-contained local validation harness; charged-time accounting is disclosed by timing_mode,0.0,2.0,0.0,2.0,1.0,fixed
minigrid-empty-5x5-fullyobs_PSO-only_seed8,a6544fd,2026-06-01T21:56:36,8,PSO-only,minigrid,MiniGrid/MiniGrid-Empty-5x5-v0/FullyObsWrapper,3.1.0,minigrid-empty-5x5-fullyobs,10,40.0,40.0,0.0,1.0,16.0,strict_rollout_equivalent_max,0.75,40.0,40.0,668.4048000024632,668.4048000024632,753.3008999889717,667.3731000046246,True,True,628.4048000024632,rollout_normalized,rollout-equivalent unit,1.0,PSO,2.0,40,2,0,20,0,20,20,0.0,0.0,0.0,0.5,-1,1,2,40.0,40.0,40.0,False,False,0.0,0.0,0.0,False,0.0,0.0,False,0,0.0,0.0,0.0,18000,28000,Windows-AMD64-py3.14.3,self-contained local validation harness; charged-time accounting is disclosed by timing_mode,0.0,2.0,0.0,2.0,1.0,fixed
minigrid-empty-5x5-fullyobs_PSO-only_seed8,a6544fd,2026-06-01T21:56:36,8,PSO-only,minigrid,MiniGrid/MiniGrid-Empty-5x5-v0/FullyObsWrapper,3.1.0,minigrid-empty-5x5-fullyobs,11,40.0,40.0,0.0,1.0,16.0,strict_rollout_equivalent_max,0.75,40.0,40.0,703.3357999753207,703.3357999753207,783.4977000020444,702.4095000233501,True,True,663.3357999753207,rollout_normalized,rollout-equivalent unit,1.0,PSO,2.0,40,2,0,20,0,20,20,0.0,0.0,0.0,0.5,-1,1,2,40.0,40.0,40.0,False,False,0.0,0.0,0.0,False,0.0,0.0,False,0,0.0,0.0,0.0,18000,28000,Windows-AMD64-py3.14.3,self-contained local validation harness; charged-time accounting is disclosed by timing_mode,0.0,2.0,0.0,2.0,1.0,fixed
minigrid-empty-5x5-fullyobs_PSO-only_seed9,a6544fd,2026-06-01T21:56:45,9,PSO-only,minigrid,MiniGrid/MiniGrid-Empty-5x5-v0/FullyObsWrapper,3.1.0,minigrid-empty-5x5-fullyobs,0,40.0,40.0,0.0,1.0,16.0,strict_rollout_equivalent_max,0.75,40.0,40.0,699.0263999905437,699.0263999905437,777.5750999571756,698.029899969697,True,True,659.0263999905437,rollout_normalized,rollout-equivalent unit,1.0,PSO,2.0,40,2,0,20,0,20,20,0.0,0.0,0.0,0.5,-1,1,2,40.0,40.0,40.0,False,False,0.0,0.0,0.0,False,0.0,0.0,False,0,0.0,0.0,0.0,19000,29000,Windows-AMD64-py3.14.3,self-contained local validation harness; charged-time accounting is disclosed by timing_mode,0.0,2.0,0.0,2.0,1.0,fixed
minigrid-empty-5x5-fullyobs_PSO-only_seed9,a6544fd,2026-06-01T21:56:45,9,PSO-only,minigrid,MiniGrid/MiniGrid-Empty-5x5-v0/FullyObsWrapper,3.1.0,minigrid-empty-5x5-fullyobs,1,40.0,40.0,0.0,1.0,16.0,strict_rollout_equivalent_max,0.75,40.0,40.0,667.1459000208415,667.1459000208415,745.4844999592751,666.2357999593951,True,True,627.1459000208415,rollout_normalized,rollout-equivalent unit,1.0,PSO,2.0,40,2,0,20,0,20,20,0.0,0.0,0.0,0.5,-1,1,2,40.0,40.0,40.0,False,False,0.0,0.0,0.0,False,0.0,0.0,False,0,0.0,0.0,0.0,19000,29000,Windows-AMD64-py3.14.3,self-contained local validation harness; charged-time accounting is disclosed by timing_mode,0.0,2.0,0.0,2.0,1.0,fixed
minigrid-empty-5x5-fullyobs_PSO-only_seed9,a6544fd,2026-06-01T21:56:45,9,PSO-only,minigrid,MiniGrid/MiniGrid-Empty-5x5-v0/FullyObsWrapper,3.1.0,minigrid-empty-5x5-fullyobs,2,40.0,40.0,0.0,1.0,16.0,strict_rollout_equivalent_max,0.75,40.0,40.0,665.0605000322685,665.0605000322685,745.1267999713309,664.1077999956906,True,True,625.0605000322685,rollout_normalized,rollout-equivalent unit,1.0,PSO,2.0,40,2,0,20,0,20,20,0.0,0.0,0.0,0.5,-1,1,2,40.0,40.0,40.0,False,False,0.0,0.0,0.0,False,0.0,0.0,False,0,0.0,0.0,0.0,19000,29000,Windows-AMD64-py3.14.3,self-contained local validation harness; charged-time accounting is disclosed by timing_mode,0.0,2.0,0.0,2.0,1.0,fixed
minigrid-empty-5x5-fullyobs_PSO-only_seed9,a6544fd,2026-06-01T21:56:45,9,PSO-only,minigrid,MiniGrid/MiniGrid-Empty-5x5-v0/FullyObsWrapper,3.1.0,minigrid-empty-5x5-fullyobs,3,40.0,40.0,0.0,1.0,16.0,strict_rollout_equivalent_max,0.75,40.0,40.0,640.5879000085406,640.5879000085406,718.5735999955796,639.6436999784783,True,True,600.5879000085406,rollout_normalized,rollout-equivalent unit,1.0,PSO,2.0,40,2,0,20,0,20,20,0.0,0.0,0.0,0.5,-1,1,2,40.0,40.0,40.0,False,False,0.0,0.0,0.0,False,0.0,0.0,False,0,0.0,0.0,0.0,19000,29000,Windows-AMD64-py3.14.3,self-contained local validation harness; charged-time accounting is disclosed by timing_mode,0.0,2.0,0.0,2.0,1.0,fixed
minigrid-empty-5x5-fullyobs_PSO-only_seed9,a6544fd,2026-06-01T21:56:45,9,PSO-only,minigrid,MiniGrid/MiniGrid-Empty-5x5-v0/FullyObsWrapper,3.1.0,minigrid-empty-5x5-fullyobs,4,40.0,40.0,0.0,1.0,16.0,strict_rollout_equivalent_max,0.75,40.0,40.0,683.5364999715239,683.5364999715239,761.9734999607317,682.5526999891736,True,True,643.5364999715239,rollout_normalized,rollout-equivalent unit,1.0,PSO,2.0,40,2,0,20,0,20,20,0.0,0.0,0.0,0.5,-1,1,2,40.0,40.0,40.0,False,False,0.0,0.0,0.0,False,0.0,0.0,False,0,0.0,0.0,0.0,19000,29000,Windows-AMD64-py3.14.3,self-contained local validation harness; charged-time accounting is disclosed by timing_mode,0.0,2.0,0.0,2.0,1.0,fixed
minigrid-empty-5x5-fullyobs_PSO-only_seed9,a6544fd,2026-06-01T21:56:45,9,PSO-only,minigrid,MiniGrid/MiniGrid-Empty-5x5-v0/FullyObsWrapper,3.1.0,minigrid-empty-5x5-fullyobs,5,40.0,40.0,0.0,1.0,16.0,strict_rollout_equivalent_max,0.75,40.0,40.0,640.4135000193492,640.4135000193492,664.7729999967851,639.4915001583286,True,True,600.4135000193492,rollout_normalized,rollout-equivalent unit,1.0,PSO,2.0,40,2,0,20,0,20,20,0.9549999999999998,0.9549999999999998,1.0,0.5,192,1,2,40.0,40.0,40.0,False,False,0.0,0.0,0.0,False,0.0,0.0,False,0,0.0,0.0,0.0,19000,29000,Windows-AMD64-py3.14.3,self-contained local validation harness; charged-time accounting is disclosed by timing_mode,0.0,2.0,0.0,2.0,1.0,fixed
minigrid-empty-5x5-fullyobs_PSO-only_seed9,a6544fd,2026-06-01T21:56:45,9,PSO-only,minigrid,MiniGrid/MiniGrid-Empty-5x5-v0/FullyObsWrapper,3.1.0,minigrid-empty-5x5-fullyobs,6,40.0,40.0,0.0,1.0,16.0,strict_rollout_equivalent_max,0.75,40.0,40.0,673.6848999862559,673.6848999862559,697.8269999963231,672.7545998292044,True,True,633.6848999862559,rollout_normalized,rollout-equivalent unit,1.0,PSO,2.0,40,2,0,20,0,20,20,0.9549999999999998,0.9549999999999998,1.0,0.5,192,1,2,40.0,40.0,40.0,False,False,0.0,0.0,0.0,False,0.0,0.0,False,0,0.0,0.0,0.0,19000,29000,Windows-AMD64-py3.14.3,self-contained local validation harness; charged-time accounting is disclosed by timing_mode,0.0,2.0,0.0,2.0,1.0,fixed
minigrid-empty-5x5-fullyobs_PSO-only_seed9,a6544fd,2026-06-01T21:56:45,9,PSO-only,minigrid,MiniGrid/MiniGrid-Empty-5x5-v0/FullyObsWrapper,3.1.0,minigrid-empty-5x5-fullyobs,7,40.0,40.0,0.0,1.0,16.0,strict_rollout_equivalent_max,0.75,40.0,40.0,605.6508999899961,605.6508999899961,629.8236000002362,604.5655999332666,True,True,565.6508999899961,rollout_normalized,rollout-equivalent unit,1.0,PSO,2.0,40,2,0,20,0,20,20,0.9549999999999998,0.9549999999999998,1.0,0.5,192,1,2,40.0,40.0,40.0,False,False,0.0,0.0,0.0,False,0.0,0.0,False,0,0.0,0.0,0.0,19000,29000,Windows-AMD64-py3.14.3,self-contained local validation harness; charged-time accounting is disclosed by timing_mode,0.0,2.0,0.0,2.0,1.0,fixed
minigrid-empty-5x5-fullyobs_PSO-only_seed9,a6544fd,2026-06-01T21:56:45,9,PSO-only,minigrid,MiniGrid/MiniGrid-Empty-5x5-v0/FullyObsWrapper,3.1.0,minigrid-empty-5x5-fullyobs,8,40.0,40.0,0.0,1.0,16.0,strict_rollout_equivalent_max,0.75,40.0,40.0,607.3578999494202,607.3578999494202,631.430699955672,606.3912000972778,True,True,567.3578999494202,rollout_normalized,rollout-equivalent unit,1.0,PSO,2.0,40,2,0,20,0,20,20,0.9549999999999998,0.9549999999999998,1.0,0.5,192,1,2,40.0,40.0,40.0,False,False,0.0,0.0,0.0,False,0.0,0.0,False,0,0.0,0.0,0.0,19000,29000,Windows-AMD64-py3.14.3,self-contained local validation harness; charged-time accounting is disclosed by timing_mode,0.0,2.0,0.0,2.0,1.0,fixed
minigrid-empty-5x5-fullyobs_PSO-only_seed9,a6544fd,2026-06-01T21:56:45,9,PSO-only,minigrid,MiniGrid/MiniGrid-Empty-5x5-v0/FullyObsWrapper,3.1.0,minigrid-empty-5x5-fullyobs,9,40.0,40.0,0.0,1.0,16.0,strict_rollout_equivalent_max,0.75,40.0,40.0,652.2474000230432,652.2474000230432,676.8270000466146,651.1688999598846,True,True,612.2474000230432,rollout_normalized,rollout-equivalent unit,1.0,PSO,2.0,40,2,0,20,0,20,20,0.9549999999999998,0.9549999999999998,1.0,0.5,192,1,2,40.0,40.0,40.0,False,False,0.0,0.0,0.0,False,0.0,0.0,False,0,0.0,0.0,0.0,19000,29000,Windows-AMD64-py3.14.3,self-contained local validation harness; charged-time accounting is disclosed by timing_mode,0.0,2.0,0.0,2.0,1.0,fixed
minigrid-empty-5x5-fullyobs_PSO-only_seed9,a6544fd,2026-06-01T21:56:45,9,PSO-only,minigrid,MiniGrid/MiniGrid-Empty-5x5-v0/FullyObsWrapper,3.1.0,minigrid-empty-5x5-fullyobs,10,40.0,40.0,0.0,1.0,16.0,strict_rollout_equivalent_max,0.75,40.0,40.0,640.749100013636,640.749100013636,665.9889000002295,639.8201999254525,True,True,600.749100013636,rollout_normalized,rollout-equivalent unit,1.0,PSO,2.0,40,2,0,20,0,20,20,0.9549999999999998,0.9549999999999998,1.0,0.5,192,1,2,40.0,40.0,40.0,False,False,0.0,0.0,0.0,False,0.0,0.0,False,0,0.0,0.0,0.0,19000,29000,Windows-AMD64-py3.14.3,self-contained local validation harness; charged-time accounting is disclosed by timing_mode,0.0,2.0,0.0,2.0,1.0,fixed
minigrid-empty-5x5-fullyobs_PSO-only_seed9,a6544fd,2026-06-01T21:56:45,9,PSO-only,minigrid,MiniGrid/MiniGrid-Empty-5x5-v0/FullyObsWrapper,3.1.0,minigrid-empty-5x5-fullyobs,11,40.0,40.0,0.0,1.0,16.0,strict_rollout_equivalent_max,0.75,40.0,40.0,620.1050999807194,620.1050999807194,643.7237000209279,619.2018000874668,True,True,580.1050999807194,rollout_normalized,rollout-equivalent unit,1.0,PSO,2.0,40,2,0,20,0,20,20,0.9549999999999998,0.9549999999999998,1.0,0.5,192,1,2,40.0,40.0,40.0,False,False,0.0,0.0,0.0,False,0.0,0.0,False,0,0.0,0.0,0.0,19000,29000,Windows-AMD64-py3.14.3,self-contained local validation harness; charged-time accounting is disclosed by timing_mode,0.0,2.0,0.0,2.0,1.0,fixed
minigrid-empty-5x5-fullyobs_RL-only_seed0,a6544fd,2026-06-01T21:56:54,0,RL-only,minigrid,MiniGrid/MiniGrid-Empty-5x5-v0/FullyObsWrapper,3.1.0,minigrid-empty-5x5-fullyobs,0,40.0,40.0,0.0,1.0,16.0,strict_rollout_equivalent_max,0.75,39.0,39.0,704.8200000426732,704.8200000426732,786.455699999351,704.1608000872657,True,True,664.8200000426732,rollout_normalized,rollout-equivalent unit,1.0,RL,3.0,39,3,0,0,13,13,13,0.0,0.0,0.0,0.5,-1,1,2,39.0,39.0,39.0,False,False,0.0,0.0,0.0,False,0.0,0.0,False,0,0.0,0.0,0.0,10000,20000,Windows-AMD64-py3.14.3,self-contained local validation harness; charged-time accounting is disclosed by timing_mode,0.0,0.0,3.0,3.0,0.975,fixed
minigrid-empty-5x5-fullyobs_RL-only_seed0,a6544fd,2026-06-01T21:56:54,0,RL-only,minigrid,MiniGrid/MiniGrid-Empty-5x5-v0/FullyObsWrapper,3.1.0,minigrid-empty-5x5-fullyobs,1,40.0,40.0,0.0,1.0,16.0,strict_rollout_equivalent_max,0.75,39.0,39.0,697.9124000063166,697.9124000063166,782.1335999760777,697.282699868083,True,True,657.9124000063166,rollout_normalized,rollout-equivalent unit,1.0,RL,3.0,39,3,0,0,13,13,13,0.0,0.0,0.0,0.5,-1,1,2,39.0,39.0,39.0,False,False,0.0,0.0,0.0,False,0.0,0.0,False,0,0.0,0.0,0.0,10000,20000,Windows-AMD64-py3.14.3,self-contained local validation harness; charged-time accounting is disclosed by timing_mode,0.0,0.0,3.0,3.0,0.975,fixed
minigrid-empty-5x5-fullyobs_RL-only_seed0,a6544fd,2026-06-01T21:56:54,0,RL-only,minigrid,MiniGrid/MiniGrid-Empty-5x5-v0/FullyObsWrapper,3.1.0,minigrid-empty-5x5-fullyobs,2,40.0,40.0,0.0,1.0,16.0,strict_rollout_equivalent_max,0.75,39.0,39.0,698.5897999838926,698.5897999838926,781.7175000091083,698.0108999996446,True,True,658.5897999838926,rollout_normalized,rollout-equivalent unit,1.0,RL,3.0,39,3,0,0,13,13,13,0.0,0.0,0.0,0.5,-1,1,2,39.0,39.0,39.0,False,False,0.0,0.0,0.0,False,0.0,0.0,False,0,0.0,0.0,0.0,10000,20000,Windows-AMD64-py3.14.3,self-contained local validation harness; charged-time accounting is disclosed by timing_mode,0.0,0.0,3.0,3.0,0.975,fixed
minigrid-empty-5x5-fullyobs_RL-only_seed0,a6544fd,2026-06-01T21:56:54,0,RL-only,minigrid,MiniGrid/MiniGrid-Empty-5x5-v0/FullyObsWrapper,3.1.0,minigrid-empty-5x5-fullyobs,3,40.0,40.0,0.0,1.0,16.0,strict_rollout_equivalent_max,0.75,39.0,39.0,703.876500017941,703.876500017941,786.349700007122,703.2056001480669,True,True,663.876500017941,rollout_normalized,rollout-equivalent unit,1.0,RL,3.0,39,3,0,0,13,13,13,0.0,0.0,0.0,0.5,-1,1,2,39.0,39.0,39.0,False,False,0.0,0.0,0.0,False,0.0,0.0,False,0,0.0,0.0,0.0,10000,20000,Windows-AMD64-py3.14.3,self-contained local validation harness; charged-time accounting is disclosed by timing_mode,0.0,0.0,3.0,3.0,0.975,fixed
minigrid-empty-5x5-fullyobs_RL-only_seed0,a6544fd,2026-06-01T21:56:54,0,RL-only,minigrid,MiniGrid/MiniGrid-Empty-5x5-v0/FullyObsWrapper,3.1.0,minigrid-empty-5x5-fullyobs,4,40.0,40.0,0.0,1.0,16.0,strict_rollout_equivalent_max,0.75,39.0,39.0,704.266800021287,704.266800021287,789.3673999933526,703.6280000465922,True,True,664.266800021287,rollout_normalized,rollout-equivalent unit,1.0,RL,3.0,39,3,0,0,13,13,13,0.0,0.0,0.0,0.5,-1,1,2,39.0,39.0,39.0,False,False,0.0,0.0,0.0,False,0.0,0.0,False,0,0.0,0.0,0.0,10000,20000,Windows-AMD64-py3.14.3,self-contained local validation harness; charged-time accounting is disclosed by timing_mode,0.0,0.0,3.0,3.0,0.975,fixed
minigrid-empty-5x5-fullyobs_RL-only_seed0,a6544fd,2026-06-01T21:56:54,0,RL-only,minigrid,MiniGrid/MiniGrid-Empty-5x5-v0/FullyObsWrapper,3.1.0,minigrid-empty-5x5-fullyobs,5,40.0,40.0,0.0,1.0,16.0,strict_rollout_equivalent_max,0.75,39.0,39.0,697.5543000153266,697.5543000153266,779.6509000472724,696.8612999771722,True,True,657.5543000153266,rollout_normalized,rollout-equivalent unit,1.0,RL,3.0,39,3,0,0,13,13,13,0.0,0.0,0.0,0.5,-1,1,2,39.0,39.0,39.0,False,False,0.0,0.0,0.0,False,0.0,0.0,False,0,0.0,0.0,0.0,10000,20000,Windows-AMD64-py3.14.3,self-contained local validation harness; charged-time accounting is disclosed by timing_mode,0.0,0.0,3.0,3.0,0.975,fixed
minigrid-empty-5x5-fullyobs_RL-only_seed0,a6544fd,2026-06-01T21:56:54,0,RL-only,minigrid,MiniGrid/MiniGrid-Empty-5x5-v0/FullyObsWrapper,3.1.0,minigrid-empty-5x5-fullyobs,6,40.0,40.0,0.0,1.0,16.0,strict_rollout_equivalent_max,0.75,39.0,39.0,716.6755999787711,716.6755999787711,798.9933000062592,716.0014998516999,True,True,676.6755999787711,rollout_normalized,rollout-equivalent unit,1.0,RL,3.0,39,3,0,0,13,13,13,0.0,0.0,0.0,0.5,-1,1,2,39.0,39.0,39.0,False,False,0.0,0.0,0.0,False,0.0,0.0,False,0,0.0,0.0,0.0,10000,20000,Windows-AMD64-py3.14.3,self-contained local validation harness; charged-time accounting is disclosed by timing_mode,0.0,0.0,3.0,3.0,0.975,fixed
minigrid-empty-5x5-fullyobs_RL-only_seed0,a6544fd,2026-06-01T21:56:54,0,RL-only,minigrid,MiniGrid/MiniGrid-Empty-5x5-v0/FullyObsWrapper,3.1.0,minigrid-empty-5x5-fullyobs,7,40.0,40.0,0.0,1.0,16.0,strict_rollout_equivalent_max,0.75,39.0,39.0,698.2852999935858,698.2852999935858,781.2967000063509,697.6575999287888,True,True,658.2852999935858,rollout_normalized,rollout-equivalent unit,1.0,RL,3.0,39,3,0,0,13,13,13,0.0,0.0,0.0,0.5,-1,1,2,39.0,39.0,39.0,False,False,0.0,0.0,0.0,False,0.0,0.0,False,0,0.0,0.0,0.0,10000,20000,Windows-AMD64-py3.14.3,self-contained local validation harness; charged-time accounting is disclosed by timing_mode,0.0,0.0,3.0,3.0,0.975,fixed
minigrid-empty-5x5-fullyobs_RL-only_seed0,a6544fd,2026-06-01T21:56:54,0,RL-only,minigrid,MiniGrid/MiniGrid-Empty-5x5-v0/FullyObsWrapper,3.1.0,minigrid-empty-5x5-fullyobs,8,40.0,40.0,0.0,1.0,16.0,strict_rollout_equivalent_max,0.75,39.0,39.0,701.6387000330724,701.6387000330724,799.4393999688327,700.9691001148894,True,True,661.6387000330724,rollout_normalized,rollout-equivalent unit,1.0,RL,3.0,39,3,0,0,13,13,13,0.0,0.0,0.0,0.5,-1,1,2,39.0,39.0,39.0,False,False,0.0,0.0,0.0,False,0.0,0.0,False,0,0.0,0.0,0.0,10000,20000,Windows-AMD64-py3.14.3,self-contained local validation harness; charged-time accounting is disclosed by timing_mode,0.0,0.0,3.0,3.0,0.975,fixed
minigrid-empty-5x5-fullyobs_RL-only_seed0,a6544fd,2026-06-01T21:56:54,0,RL-only,minigrid,MiniGrid/MiniGrid-Empty-5x5-v0/FullyObsWrapper,3.1.0,minigrid-empty-5x5-fullyobs,9,40.0,40.0,0.0,1.0,16.0,strict_rollout_equivalent_max,0.75,39.0,39.0,707.4260999797843,707.4260999797843,790.6085000140592,706.773100013379,True,True,667.4260999797843,rollout_normalized,rollout-equivalent unit,1.0,RL,3.0,39,3,0,0,13,13,13,0.0,0.0,0.0,0.5,-1,1,2,39.0,39.0,39.0,False,False,0.0,0.0,0.0,False,0.0,0.0,False,0,0.0,0.0,0.0,10000,20000,Windows-AMD64-py3.14.3,self-contained local validation harness; charged-time accounting is disclosed by timing_mode,0.0,0.0,3.0,3.0,0.975,fixed
minigrid-empty-5x5-fullyobs_RL-only_seed0,a6544fd,2026-06-01T21:56:54,0,RL-only,minigrid,MiniGrid/MiniGrid-Empty-5x5-v0/FullyObsWrapper,3.1.0,minigrid-empty-5x5-fullyobs,10,40.0,40.0,0.0,1.0,16.0,strict_rollout_equivalent_max,0.75,39.0,39.0,728.7637999979779,728.7637999979779,812.0658000116237,728.1174000818282,True,True,688.7637999979779,rollout_normalized,rollout-equivalent unit,1.0,RL,3.0,39,3,0,0,13,13,13,0.0,0.0,0.0,0.5,-1,1,2,39.0,39.0,39.0,False,False,0.0,0.0,0.0,False,0.0,0.0,False,0,0.0,0.0,0.0,10000,20000,Windows-AMD64-py3.14.3,self-contained local validation harness; charged-time accounting is disclosed by timing_mode,0.0,0.0,3.0,3.0,0.975,fixed
minigrid-empty-5x5-fullyobs_RL-only_seed0,a6544fd,2026-06-01T21:56:54,0,RL-only,minigrid,MiniGrid/MiniGrid-Empty-5x5-v0/FullyObsWrapper,3.1.0,minigrid-empty-5x5-fullyobs,11,40.0,40.0,0.0,1.0,16.0,strict_rollout_equivalent_max,0.75,39.0,39.0,712.5530000193976,712.5530000193976,796.1402999935672,711.9364999816753,True,True,672.5530000193976,rollout_normalized,rollout-equivalent unit,1.0,RL,3.0,39,3,0,0,13,13,13,0.0,0.0,0.0,0.5,-1,1,2,39.0,39.0,39.0,False,False,0.0,0.0,0.0,False,0.0,0.0,False,0,0.0,0.0,0.0,10000,20000,Windows-AMD64-py3.14.3,self-contained local validation harness; charged-time accounting is disclosed by timing_mode,0.0,0.0,3.0,3.0,0.975,fixed
minigrid-empty-5x5-fullyobs_RL-only_seed1,a6544fd,2026-06-01T21:57:04,1,RL-only,minigrid,MiniGrid/MiniGrid-Empty-5x5-v0/FullyObsWrapper,3.1.0,minigrid-empty-5x5-fullyobs,0,40.0,40.0,0.0,1.0,16.0,strict_rollout_equivalent_max,0.75,39.0,39.0,611.5355000365525,611.5355000365525,689.1178000369109,610.9351000050083,True,True,571.5355000365525,rollout_normalized,rollout-equivalent unit,1.0,RL,3.0,39,3,0,0,13,13,13,0.0,0.0,0.0,0.5,-1,1,2,39.0,39.0,39.0,False,False,0.0,0.0,0.0,False,0.0,0.0,False,0,0.0,0.0,0.0,11000,21000,Windows-AMD64-py3.14.3,self-contained local validation harness; charged-time accounting is disclosed by timing_mode,0.0,0.0,3.0,3.0,0.975,fixed
minigrid-empty-5x5-fullyobs_RL-only_seed1,a6544fd,2026-06-01T21:57:04,1,RL-only,minigrid,MiniGrid/MiniGrid-Empty-5x5-v0/FullyObsWrapper,3.1.0,minigrid-empty-5x5-fullyobs,1,40.0,40.0,0.0,1.0,16.0,strict_rollout_equivalent_max,0.75,39.0,39.0,621.2353000300936,621.2353000300936,700.7295999792404,620.632599981036,True,True,581.2353000300936,rollout_normalized,rollout-equivalent unit,1.0,RL,3.0,39,3,0,0,13,13,13,0.0,0.0,0.0,0.5,-1,1,2,39.0,39.0,39.0,False,False,0.0,0.0,0.0,False,0.0,0.0,False,0,0.0,0.0,0.0,11000,21000,Windows-AMD64-py3.14.3,self-contained local validation harness; charged-time accounting is disclosed by timing_mode,0.0,0.0,3.0,3.0,0.975,fixed
minigrid-empty-5x5-fullyobs_RL-only_seed1,a6544fd,2026-06-01T21:57:04,1,RL-only,minigrid,MiniGrid/MiniGrid-Empty-5x5-v0/FullyObsWrapper,3.1.0,minigrid-empty-5x5-fullyobs,2,40.0,40.0,0.0,1.0,16.0,strict_rollout_equivalent_max,0.75,39.0,39.0,615.9985999693163,615.9985999693163,700.7978000328876,615.3290000511333,True,True,575.9985999693163,rollout_normalized,rollout-equivalent unit,1.0,RL,3.0,39,3,0,0,13,13,13,0.0,0.0,0.0,0.5,-1,1,2,39.0,39.0,39.0,False,False,0.0,0.0,0.0,False,0.0,0.0,False,0,0.0,0.0,0.0,11000,21000,Windows-AMD64-py3.14.3,self-contained local validation harness; charged-time accounting is disclosed by timing_mode,0.0,0.0,3.0,3.0,0.975,fixed
minigrid-empty-5x5-fullyobs_RL-only_seed1,a6544fd,2026-06-01T21:57:04,1,RL-only,minigrid,MiniGrid/MiniGrid-Empty-5x5-v0/FullyObsWrapper,3.1.0,minigrid-empty-5x5-fullyobs,3,40.0,40.0,0.0,1.0,16.0,strict_rollout_equivalent_max,0.75,39.0,39.0,609.162499953527,609.162499953527,688.2213000208139,608.4706998663023,True,True,569.162499953527,rollout_normalized,rollout-equivalent unit,1.0,RL,3.0,39,3,0,0,13,13,13,0.0,0.0,0.0,0.5,-1,1,2,39.0,39.0,39.0,False,False,0.0,0.0,0.0,False,0.0,0.0,False,0,0.0,0.0,0.0,11000,21000,Windows-AMD64-py3.14.3,self-contained local validation harness; charged-time accounting is disclosed by timing_mode,0.0,0.0,3.0,3.0,0.975,fixed
minigrid-empty-5x5-fullyobs_RL-only_seed1,a6544fd,2026-06-01T21:57:04,1,RL-only,minigrid,MiniGrid/MiniGrid-Empty-5x5-v0/FullyObsWrapper,3.1.0,minigrid-empty-5x5-fullyobs,4,40.0,40.0,0.0,1.0,16.0,strict_rollout_equivalent_max,0.75,39.0,39.0,607.7185000176542,607.7185000176542,686.6512999986298,607.0270000491291,True,True,567.7185000176542,rollout_normalized,rollout-equivalent unit,1.0,RL,3.0,39,3,0,0,13,13,13,0.0,0.0,0.0,0.5,-1,1,2,39.0,39.0,39.0,False,False,0.0,0.0,0.0,False,0.26133333333333336,0.0,False,0,0.0,0.0,0.0,11000,21000,Windows-AMD64-py3.14.3,self-contained local validation harness; charged-time accounting is disclosed by timing_mode,0.0,0.0,3.0,3.0,0.975,fixed
minigrid-empty-5x5-fullyobs_RL-only_seed1,a6544fd,2026-06-01T21:57:04,1,RL-only,minigrid,MiniGrid/MiniGrid-Empty-5x5-v0/FullyObsWrapper,3.1.0,minigrid-empty-5x5-fullyobs,5,40.0,40.0,0.0,1.0,16.0,strict_rollout_equivalent_max,0.75,39.0,39.0,619.9562000110745,619.9562000110745,698.5534999985248,619.1493000369519,True,True,579.9562000110745,rollout_normalized,rollout-equivalent unit,1.0,RL,3.0,39,3,0,0,13,13,13,0.0,0.0,0.0,0.5,-1,1,2,39.0,39.0,39.0,False,False,0.0,0.0,0.0,False,0.0,0.0,False,0,0.0,0.0,0.0,11000,21000,Windows-AMD64-py3.14.3,self-contained local validation harness; charged-time accounting is disclosed by timing_mode,0.0,0.0,3.0,3.0,0.975,fixed
minigrid-empty-5x5-fullyobs_RL-only_seed1,a6544fd,2026-06-01T21:57:04,1,RL-only,minigrid,MiniGrid/MiniGrid-Empty-5x5-v0/FullyObsWrapper,3.1.0,minigrid-empty-5x5-fullyobs,6,40.0,40.0,0.0,1.0,16.0,strict_rollout_equivalent_max,0.75,39.0,39.0,602.994300017599,602.994300017599,684.7579999594018,602.3843001457863,True,True,562.994300017599,rollout_normalized,rollout-equivalent unit,1.0,RL,3.0,39,3,0,0,13,13,13,0.0,0.0,0.0,0.5,-1,1,2,39.0,39.0,39.0,False,False,0.0,0.0,0.0,False,0.039,0.0,False,0,0.0,0.0,0.0,11000,21000,Windows-AMD64-py3.14.3,self-contained local validation harness; charged-time accounting is disclosed by timing_mode,0.0,0.0,3.0,3.0,0.975,fixed
minigrid-empty-5x5-fullyobs_RL-only_seed1,a6544fd,2026-06-01T21:57:04,1,RL-only,minigrid,MiniGrid/MiniGrid-Empty-5x5-v0/FullyObsWrapper,3.1.0,minigrid-empty-5x5-fullyobs,7,40.0,40.0,0.0,1.0,16.0,strict_rollout_equivalent_max,0.75,39.0,39.0,623.15130000934,623.15130000934,701.5362000092864,622.4562999559566,True,True,583.15130000934,rollout_normalized,rollout-equivalent unit,1.0,RL,3.0,39,3,0,0,13,13,13,0.0,0.0,0.0,0.5,-1,1,2,39.0,39.0,39.0,False,False,0.0,0.0,0.0,False,0.0,0.0,False,0,0.0,0.0,0.0,11000,21000,Windows-AMD64-py3.14.3,self-contained local validation harness; charged-time accounting is disclosed by timing_mode,0.0,0.0,3.0,3.0,0.975,fixed
minigrid-empty-5x5-fullyobs_RL-only_seed1,a6544fd,2026-06-01T21:57:04,1,RL-only,minigrid,MiniGrid/MiniGrid-Empty-5x5-v0/FullyObsWrapper,3.1.0,minigrid-empty-5x5-fullyobs,8,40.0,40.0,0.0,1.0,16.0,strict_rollout_equivalent_max,0.75,39.0,39.0,559.1632000287063,559.1632000287063,636.0702999518253,558.4929000469856,True,True,519.1632000287063,rollout_normalized,rollout-equivalent unit,1.0,RL,3.0,39,3,0,0,13,13,13,0.0,0.0,0.0,0.5,-1,1,2,39.0,39.0,39.0,False,False,0.0,0.0,0.0,False,0.0,0.0,False,0,0.0,0.0,0.0,11000,21000,Windows-AMD64-py3.14.3,self-contained local validation harness; charged-time accounting is disclosed by timing_mode,0.0,0.0,3.0,3.0,0.975,fixed
minigrid-empty-5x5-fullyobs_RL-only_seed1,a6544fd,2026-06-01T21:57:04,1,RL-only,minigrid,MiniGrid/MiniGrid-Empty-5x5-v0/FullyObsWrapper,3.1.0,minigrid-empty-5x5-fullyobs,9,40.0,40.0,0.0,1.0,16.0,strict_rollout_equivalent_max,0.75,39.0,39.0,581.7876000073738,581.7876000073738,664.2723000259139,581.1306000687182,True,True,541.7876000073738,rollout_normalized,rollout-equivalent unit,1.0,RL,3.0,39,3,0,0,13,13,13,0.0,0.0,0.0,0.5,-1,1,2,39.0,39.0,39.0,False,False,0.0,0.0,0.0,False,0.0,0.0,False,0,0.0,0.0,0.0,11000,21000,Windows-AMD64-py3.14.3,self-contained local validation harness; charged-time accounting is disclosed by timing_mode,0.0,0.0,3.0,3.0,0.975,fixed
minigrid-empty-5x5-fullyobs_RL-only_seed1,a6544fd,2026-06-01T21:57:04,1,RL-only,minigrid,MiniGrid/MiniGrid-Empty-5x5-v0/FullyObsWrapper,3.1.0,minigrid-empty-5x5-fullyobs,10,40.0,40.0,0.0,1.0,16.0,strict_rollout_equivalent_max,0.75,39.0,39.0,611.7255000281148,611.7255000281148,690.9777999971993,611.1145001486875,True,True,571.7255000281148,rollout_normalized,rollout-equivalent unit,1.0,RL,3.0,39,3,0,0,13,13,13,0.0,0.0,0.0,0.5,-1,1,2,39.0,39.0,39.0,False,False,0.0,0.0,0.0,False,0.0,0.0,False,0,0.0,0.0,0.0,11000,21000,Windows-AMD64-py3.14.3,self-contained local validation harness; charged-time accounting is disclosed by timing_mode,0.0,0.0,3.0,3.0,0.975,fixed
minigrid-empty-5x5-fullyobs_RL-only_seed1,a6544fd,2026-06-01T21:57:04,1,RL-only,minigrid,MiniGrid/MiniGrid-Empty-5x5-v0/FullyObsWrapper,3.1.0,minigrid-empty-5x5-fullyobs,11,40.0,40.0,0.0,1.0,16.0,strict_rollout_equivalent_max,0.75,39.0,39.0,606.8635000265203,606.8635000265203,684.4797999947332,606.1901999637485,True,True,566.8635000265203,rollout_normalized,rollout-equivalent unit,1.0,RL,3.0,39,3,0,0,13,13,13,0.0,0.0,0.0,0.5,-1,1,2,39.0,39.0,39.0,False,False,0.0,0.0,0.0,False,0.0,0.0,False,0,0.0,0.0,0.0,11000,21000,Windows-AMD64-py3.14.3,self-contained local validation harness; charged-time accounting is disclosed by timing_mode,0.0,0.0,3.0,3.0,0.975,fixed
minigrid-empty-5x5-fullyobs_RL-only_seed2,a6544fd,2026-06-01T21:57:12,2,RL-only,minigrid,MiniGrid/MiniGrid-Empty-5x5-v0/FullyObsWrapper,3.1.0,minigrid-empty-5x5-fullyobs,0,40.0,40.0,0.0,1.0,16.0,strict_rollout_equivalent_max,0.75,39.0,39.0,791.8102000257932,791.8102000257932,892.6476000342518,791.1283998982981,True,True,751.8102000257932,rollout_normalized,rollout-equivalent unit,1.0,RL,3.0,39,3,0,0,13,13,13,0.0,0.0,0.0,0.5,-1,1,2,39.0,39.0,39.0,False,False,0.0,0.0,0.0,False,0.0,0.0,False,0,0.0,0.0,0.0,12000,22000,Windows-AMD64-py3.14.3,self-contained local validation harness; charged-time accounting is disclosed by timing_mode,0.0,0.0,3.0,3.0,0.975,fixed
minigrid-empty-5x5-fullyobs_RL-only_seed2,a6544fd,2026-06-01T21:57:12,2,RL-only,minigrid,MiniGrid/MiniGrid-Empty-5x5-v0/FullyObsWrapper,3.1.0,minigrid-empty-5x5-fullyobs,1,40.0,40.0,0.0,1.0,16.0,strict_rollout_equivalent_max,0.75,39.0,39.0,770.3347000060603,770.3347000060603,871.5738999890164,769.7204001015052,True,True,730.3347000060603,rollout_normalized,rollout-equivalent unit,1.0,RL,3.0,39,3,0,0,13,13,13,0.0,0.0,0.0,0.5,-1,1,2,39.0,39.0,39.0,False,False,0.0,0.0,0.0,False,0.0,0.0,False,0,0.0,0.0,0.0,12000,22000,Windows-AMD64-py3.14.3,self-contained local validation harness; charged-time accounting is disclosed by timing_mode,0.0,0.0,3.0,3.0,0.975,fixed
minigrid-empty-5x5-fullyobs_RL-only_seed2,a6544fd,2026-06-01T21:57:12,2,RL-only,minigrid,MiniGrid/MiniGrid-Empty-5x5-v0/FullyObsWrapper,3.1.0,minigrid-empty-5x5-fullyobs,2,40.0,40.0,0.0,1.0,16.0,strict_rollout_equivalent_max,0.75,39.0,39.0,626.5522000030614,626.5522000030614,724.3867999641225,625.912900082767,True,True,586.5522000030614,rollout_normalized,rollout-equivalent unit,1.0,RL,3.0,39,3,0,0,13,13,13,0.0,0.0,0.0,0.5,-1,1,2,39.0,39.0,39.0,False,False,0.0,0.0,0.0,False,0.2853333333333333,0.0,False,0,0.0,0.0,0.0,12000,22000,Windows-AMD64-py3.14.3,self-contained local validation harness; charged-time accounting is disclosed by timing_mode,0.0,0.0,3.0,3.0,0.975,fixed
minigrid-empty-5x5-fullyobs_RL-only_seed2,a6544fd,2026-06-01T21:57:12,2,RL-only,minigrid,MiniGrid/MiniGrid-Empty-5x5-v0/FullyObsWrapper,3.1.0,minigrid-empty-5x5-fullyobs,3,40.0,40.0,0.0,1.0,16.0,strict_rollout_equivalent_max,0.75,39.0,39.0,646.9887000275776,646.9887000275776,746.7679999535903,646.3242000318132,True,True,606.9887000275776,rollout_normalized,rollout-equivalent unit,1.0,RL,3.0,39,3,0,0,13,13,13,0.0,0.0,0.0,0.5,-1,1,2,39.0,39.0,39.0,False,False,0.0,0.0,0.0,False,0.0,0.0,False,0,0.0,0.0,0.0,12000,22000,Windows-AMD64-py3.14.3,self-contained local validation harness; charged-time accounting is disclosed by timing_mode,0.0,0.0,3.0,3.0,0.975,fixed
minigrid-empty-5x5-fullyobs_RL-only_seed2,a6544fd,2026-06-01T21:57:12,2,RL-only,minigrid,MiniGrid/MiniGrid-Empty-5x5-v0/FullyObsWrapper,3.1.0,minigrid-empty-5x5-fullyobs,4,40.0,40.0,0.0,1.0,16.0,strict_rollout_equivalent_max,0.75,39.0,39.0,681.3637999584898,681.3637999584898,780.9233000152744,680.6801001075655,True,True,641.3637999584898,rollout_normalized,rollout-equivalent unit,1.0,RL,3.0,39,3,0,0,13,13,13,0.0,0.0,0.0,0.5,-1,1,2,39.0,39.0,39.0,False,False,0.0,0.0,0.0,False,0.0,0.0,False,0,0.0,0.0,0.0,12000,22000,Windows-AMD64-py3.14.3,self-contained local validation harness; charged-time accounting is disclosed by timing_mode,0.0,0.0,3.0,3.0,0.975,fixed
minigrid-empty-5x5-fullyobs_RL-only_seed2,a6544fd,2026-06-01T21:57:12,2,RL-only,minigrid,MiniGrid/MiniGrid-Empty-5x5-v0/FullyObsWrapper,3.1.0,minigrid-empty-5x5-fullyobs,5,40.0,40.0,0.0,1.0,16.0,strict_rollout_equivalent_max,0.75,39.0,39.0,630.7063999702223,630.7063999702223,731.0398999834433,630.0240000709891,True,True,590.7063999702223,rollout_normalized,rollout-equivalent unit,1.0,RL,3.0,39,3,0,0,13,13,13,0.0,0.0,0.0,0.5,-1,1,2,39.0,39.0,39.0,False,False,0.0,0.0,0.0,False,0.02100000000000002,0.0,False,0,0.0,0.0,0.0,12000,22000,Windows-AMD64-py3.14.3,self-contained local validation harness; charged-time accounting is disclosed by timing_mode,0.0,0.0,3.0,3.0,0.975,fixed
minigrid-empty-5x5-fullyobs_RL-only_seed2,a6544fd,2026-06-01T21:57:12,2,RL-only,minigrid,MiniGrid/MiniGrid-Empty-5x5-v0/FullyObsWrapper,3.1.0,minigrid-empty-5x5-fullyobs,6,40.0,40.0,0.0,1.0,16.0,strict_rollout_equivalent_max,0.75,39.0,39.0,681.1912999837659,681.1912999837659,781.1975000076927,680.533199920319,True,True,641.1912999837659,rollout_normalized,rollout-equivalent unit,1.0,RL,3.0,39,3,0,0,13,13,13,0.0,0.0,0.0,0.5,-1,1,2,39.0,39.0,39.0,False,False,0.0,0.0,0.0,False,0.0,0.0,False,0,0.0,0.0,0.0,12000,22000,Windows-AMD64-py3.14.3,self-contained local validation harness; charged-time accounting is disclosed by timing_mode,0.0,0.0,3.0,3.0,0.975,fixed
minigrid-empty-5x5-fullyobs_RL-only_seed2,a6544fd,2026-06-01T21:57:12,2,RL-only,minigrid,MiniGrid/MiniGrid-Empty-5x5-v0/FullyObsWrapper,3.1.0,minigrid-empty-5x5-fullyobs,7,40.0,40.0,0.0,1.0,16.0,strict_rollout_equivalent_max,0.75,39.0,39.0,634.8805000307038,634.8805000307038,735.1823000353761,634.2292999615893,True,True,594.8805000307038,rollout_normalized,rollout-equivalent unit,1.0,RL,3.0,39,3,0,0,13,13,13,0.0,0.0,0.0,0.5,-1,1,2,39.0,39.0,39.0,False,False,0.0,0.0,0.0,False,0.2823333333333333,0.0,False,0,0.0,0.0,0.0,12000,22000,Windows-AMD64-py3.14.3,self-contained local validation harness; charged-time accounting is disclosed by timing_mode,0.0,0.0,3.0,3.0,0.975,fixed
minigrid-empty-5x5-fullyobs_RL-only_seed2,a6544fd,2026-06-01T21:57:12,2,RL-only,minigrid,MiniGrid/MiniGrid-Empty-5x5-v0/FullyObsWrapper,3.1.0,minigrid-empty-5x5-fullyobs,8,40.0,40.0,0.0,1.0,16.0,strict_rollout_equivalent_max,0.75,39.0,39.0,652.9178000055254,652.9178000055254,756.431799964048,652.2814999916591,True,True,612.9178000055254,rollout_normalized,rollout-equivalent unit,1.0,RL,3.0,39,3,0,0,13,13,13,0.0,0.0,0.0,0.5,-1,1,2,39.0,39.0,39.0,False,False,0.0,0.0,0.0,False,0.0,0.0,False,0,0.0,0.0,0.0,12000,22000,Windows-AMD64-py3.14.3,self-contained local validation harness; charged-time accounting is disclosed by timing_mode,0.0,0.0,3.0,3.0,0.975,fixed
minigrid-empty-5x5-fullyobs_RL-only_seed2,a6544fd,2026-06-01T21:57:12,2,RL-only,minigrid,MiniGrid/MiniGrid-Empty-5x5-v0/FullyObsWrapper,3.1.0,minigrid-empty-5x5-fullyobs,9,40.0,40.0,0.0,1.0,16.0,strict_rollout_equivalent_max,0.75,39.0,39.0,655.5432000313886,655.5432000313886,757.1373999817297,654.9176998669282,True,True,615.5432000313886,rollout_normalized,rollout-equivalent unit,1.0,RL,3.0,39,3,0,0,13,13,13,0.0,0.0,0.0,0.5,-1,1,2,39.0,39.0,39.0,False,False,0.0,0.0,0.0,False,0.24933333333333335,0.0,False,0,0.0,0.0,0.0,12000,22000,Windows-AMD64-py3.14.3,self-contained local validation harness; charged-time accounting is disclosed by timing_mode,0.0,0.0,3.0,3.0,0.975,fixed
minigrid-empty-5x5-fullyobs_RL-only_seed2,a6544fd,2026-06-01T21:57:12,2,RL-only,minigrid,MiniGrid/MiniGrid-Empty-5x5-v0/FullyObsWrapper,3.1.0,minigrid-empty-5x5-fullyobs,10,40.0,40.0,0.0,1.0,16.0,strict_rollout_equivalent_max,0.75,39.0,39.0,656.3901999616064,656.3901999616064,755.6691999780014,655.7179999654181,True,True,616.3901999616064,rollout_normalized,rollout-equivalent unit,1.0,RL,3.0,39,3,0,0,13,13,13,0.0,0.0,0.0,0.5,-1,1,2,39.0,39.0,39.0,False,False,0.0,0.0,0.0,False,0.0,0.0,False,0,0.0,0.0,0.0,12000,22000,Windows-AMD64-py3.14.3,self-contained local validation harness; charged-time accounting is disclosed by timing_mode,0.0,0.0,3.0,3.0,0.975,fixed
minigrid-empty-5x5-fullyobs_RL-only_seed2,a6544fd,2026-06-01T21:57:12,2,RL-only,minigrid,MiniGrid/MiniGrid-Empty-5x5-v0/FullyObsWrapper,3.1.0,minigrid-empty-5x5-fullyobs,11,40.0,40.0,0.0,1.0,16.0,strict_rollout_equivalent_max,0.75,39.0,39.0,612.1088999789208,612.1088999789208,715.7372999936342,611.4501999691129,True,True,572.1088999789208,rollout_normalized,rollout-equivalent unit,1.0,RL,3.0,39,3,0,0,13,13,13,0.0,0.0,0.0,0.5,-1,1,2,39.0,39.0,39.0,False,False,0.0,0.0,0.0,False,0.0,0.0,False,0,0.0,0.0,0.0,12000,22000,Windows-AMD64-py3.14.3,self-contained local validation harness; charged-time accounting is disclosed by timing_mode,0.0,0.0,3.0,3.0,0.975,fixed
minigrid-empty-5x5-fullyobs_RL-only_seed3,a6544fd,2026-06-01T21:57:22,3,RL-only,minigrid,MiniGrid/MiniGrid-Empty-5x5-v0/FullyObsWrapper,3.1.0,minigrid-empty-5x5-fullyobs,0,40.0,40.0,0.0,1.0,16.0,strict_rollout_equivalent_max,0.75,39.0,39.0,740.0887999683619,740.0887999683619,831.7020999966189,739.0838000574149,True,True,700.0887999683619,rollout_normalized,rollout-equivalent unit,1.0,RL,3.0,39,3,0,0,13,13,13,0.0,0.0,0.0,0.5,-1,1,2,39.0,39.0,39.0,False,False,0.0,0.0,0.0,False,0.0,0.0,False,0,0.0,0.0,0.0,13000,23000,Windows-AMD64-py3.14.3,self-contained local validation harness; charged-time accounting is disclosed by timing_mode,0.0,0.0,3.0,3.0,0.975,fixed
minigrid-empty-5x5-fullyobs_RL-only_seed3,a6544fd,2026-06-01T21:57:22,3,RL-only,minigrid,MiniGrid/MiniGrid-Empty-5x5-v0/FullyObsWrapper,3.1.0,minigrid-empty-5x5-fullyobs,1,40.0,40.0,0.0,1.0,16.0,strict_rollout_equivalent_max,0.75,39.0,39.0,718.747999984771,718.747999984771,804.7324999934062,718.1360000395216,True,True,678.747999984771,rollout_normalized,rollout-equivalent unit,1.0,RL,3.0,39,3,0,0,13,13,13,0.0,0.0,0.0,0.5,-1,1,2,39.0,39.0,39.0,False,False,0.0,0.0,0.0,False,0.0,0.0,False,0,0.0,0.0,0.0,13000,23000,Windows-AMD64-py3.14.3,self-contained local validation harness; charged-time accounting is disclosed by timing_mode,0.0,0.0,3.0,3.0,0.975,fixed
minigrid-empty-5x5-fullyobs_RL-only_seed3,a6544fd,2026-06-01T21:57:22,3,RL-only,minigrid,MiniGrid/MiniGrid-Empty-5x5-v0/FullyObsWrapper,3.1.0,minigrid-empty-5x5-fullyobs,2,40.0,40.0,0.0,1.0,16.0,strict_rollout_equivalent_max,0.75,39.0,39.0,727.4702000431716,727.4702000431716,809.8469999968074,726.830700179562,True,True,687.4702000431716,rollout_normalized,rollout-equivalent unit,1.0,RL,3.0,39,3,0,0,13,13,13,0.0,0.0,0.0,0.5,-1,1,2,39.0,39.0,39.0,False,False,0.0,0.0,0.0,False,0.0,0.0,False,0,0.0,0.0,0.0,13000,23000,Windows-AMD64-py3.14.3,self-contained local validation harness; charged-time accounting is disclosed by timing_mode,0.0,0.0,3.0,3.0,0.975,fixed
minigrid-empty-5x5-fullyobs_RL-only_seed3,a6544fd,2026-06-01T21:57:22,3,RL-only,minigrid,MiniGrid/MiniGrid-Empty-5x5-v0/FullyObsWrapper,3.1.0,minigrid-empty-5x5-fullyobs,3,40.0,40.0,0.0,1.0,16.0,strict_rollout_equivalent_max,0.75,39.0,39.0,705.4020999930799,705.4020999930799,792.3360000131652,704.8070998862386,True,True,665.4020999930799,rollout_normalized,rollout-equivalent unit,1.0,RL,3.0,39,3,0,0,13,13,13,0.0,0.0,0.0,0.5,-1,1,2,39.0,39.0,39.0,False,False,0.0,0.0,0.0,False,0.0,0.0,False,0,0.0,0.0,0.0,13000,23000,Windows-AMD64-py3.14.3,self-contained local validation harness; charged-time accounting is disclosed by timing_mode,0.0,0.0,3.0,3.0,0.975,fixed
minigrid-empty-5x5-fullyobs_RL-only_seed3,a6544fd,2026-06-01T21:57:22,3,RL-only,minigrid,MiniGrid/MiniGrid-Empty-5x5-v0/FullyObsWrapper,3.1.0,minigrid-empty-5x5-fullyobs,4,40.0,40.0,0.0,1.0,16.0,strict_rollout_equivalent_max,0.75,39.0,39.0,706.8710000021383,706.8710000021383,788.5369999567047,706.2470000819303,True,True,666.8710000021383,rollout_normalized,rollout-equivalent unit,1.0,RL,3.0,39,3,0,0,13,13,13,0.0,0.0,0.0,0.5,-1,1,2,39.0,39.0,39.0,False,False,0.0,0.0,0.0,False,0.0,0.0,False,0,0.0,0.0,0.0,13000,23000,Windows-AMD64-py3.14.3,self-contained local validation harness; charged-time accounting is disclosed by timing_mode,0.0,0.0,3.0,3.0,0.975,fixed
minigrid-empty-5x5-fullyobs_RL-only_seed3,a6544fd,2026-06-01T21:57:22,3,RL-only,minigrid,MiniGrid/MiniGrid-Empty-5x5-v0/FullyObsWrapper,3.1.0,minigrid-empty-5x5-fullyobs,5,40.0,40.0,0.0,1.0,16.0,strict_rollout_equivalent_max,0.75,39.0,39.0,720.7194999791682,720.7194999791682,803.1897000037134,720.1053000171669,True,True,680.7194999791682,rollout_normalized,rollout-equivalent unit,1.0,RL,3.0,39,3,0,0,13,13,13,0.0,0.0,0.0,0.5,-1,1,2,39.0,39.0,39.0,False,False,0.0,0.0,0.0,False,0.0,0.0,False,0,0.0,0.0,0.0,13000,23000,Windows-AMD64-py3.14.3,self-contained local validation harness; charged-time accounting is disclosed by timing_mode,0.0,0.0,3.0,3.0,0.975,fixed
minigrid-empty-5x5-fullyobs_RL-only_seed3,a6544fd,2026-06-01T21:57:22,3,RL-only,minigrid,MiniGrid/MiniGrid-Empty-5x5-v0/FullyObsWrapper,3.1.0,minigrid-empty-5x5-fullyobs,6,40.0,40.0,0.0,1.0,16.0,strict_rollout_equivalent_max,0.75,39.0,39.0,689.4203000119887,689.4203000119887,773.4181999694556,688.7946001370437,True,True,649.4203000119887,rollout_normalized,rollout-equivalent unit,1.0,RL,3.0,39,3,0,0,13,13,13,0.0,0.0,0.0,0.5,-1,1,2,39.0,39.0,39.0,False,False,0.0,0.0,0.0,False,0.0,0.0,False,0,0.0,0.0,0.0,13000,23000,Windows-AMD64-py3.14.3,self-contained local validation harness; charged-time accounting is disclosed by timing_mode,0.0,0.0,3.0,3.0,0.975,fixed
minigrid-empty-5x5-fullyobs_RL-only_seed3,a6544fd,2026-06-01T21:57:22,3,RL-only,minigrid,MiniGrid/MiniGrid-Empty-5x5-v0/FullyObsWrapper,3.1.0,minigrid-empty-5x5-fullyobs,7,40.0,40.0,0.0,1.0,16.0,strict_rollout_equivalent_max,0.75,39.0,39.0,699.7841999982484,699.7841999982484,783.6431000032462,699.1688000853173,True,True,659.7841999982484,rollout_normalized,rollout-equivalent unit,1.0,RL,3.0,39,3,0,0,13,13,13,0.0,0.0,0.0,0.5,-1,1,2,39.0,39.0,39.0,False,False,0.0,0.0,0.0,False,0.0,0.0,False,0,0.0,0.0,0.0,13000,23000,Windows-AMD64-py3.14.3,self-contained local validation harness; charged-time accounting is disclosed by timing_mode,0.0,0.0,3.0,3.0,0.975,fixed
minigrid-empty-5x5-fullyobs_RL-only_seed3,a6544fd,2026-06-01T21:57:22,3,RL-only,minigrid,MiniGrid/MiniGrid-Empty-5x5-v0/FullyObsWrapper,3.1.0,minigrid-empty-5x5-fullyobs,8,40.0,40.0,0.0,1.0,16.0,strict_rollout_equivalent_max,0.75,39.0,39.0,704.7694000066258,704.7694000066258,787.848700012546,704.1154999751598,True,True,664.7694000066258,rollout_normalized,rollout-equivalent unit,1.0,RL,3.0,39,3,0,0,13,13,13,0.0,0.0,0.0,0.5,-1,1,2,39.0,39.0,39.0,False,False,0.0,0.0,0.0,False,0.0,0.0,False,0,0.0,0.0,0.0,13000,23000,Windows-AMD64-py3.14.3,self-contained local validation harness; charged-time accounting is disclosed by timing_mode,0.0,0.0,3.0,3.0,0.975,fixed
minigrid-empty-5x5-fullyobs_RL-only_seed3,a6544fd,2026-06-01T21:57:22,3,RL-only,minigrid,MiniGrid/MiniGrid-Empty-5x5-v0/FullyObsWrapper,3.1.0,minigrid-empty-5x5-fullyobs,9,40.0,40.0,0.0,1.0,16.0,strict_rollout_equivalent_max,0.75,39.0,39.0,715.5238999985158,715.5238999985158,797.2308999742381,714.7686000680551,True,True,675.5238999985158,rollout_normalized,rollout-equivalent unit,1.0,RL,3.0,39,3,0,0,13,13,13,0.0,0.0,0.0,0.5,-1,1,2,39.0,39.0,39.0,False,False,0.0,0.0,0.0,False,0.0,0.0,False,0,0.0,0.0,0.0,13000,23000,Windows-AMD64-py3.14.3,self-contained local validation harness; charged-time accounting is disclosed by timing_mode,0.0,0.0,3.0,3.0,0.975,fixed
minigrid-empty-5x5-fullyobs_RL-only_seed3,a6544fd,2026-06-01T21:57:22,3,RL-only,minigrid,MiniGrid/MiniGrid-Empty-5x5-v0/FullyObsWrapper,3.1.0,minigrid-empty-5x5-fullyobs,10,40.0,40.0,0.0,1.0,16.0,strict_rollout_equivalent_max,0.75,39.0,39.0,686.6238000220619,686.6238000220619,767.9304999765009,686.0094999428838,True,True,646.6238000220619,rollout_normalized,rollout-equivalent unit,1.0,RL,3.0,39,3,0,0,13,13,13,0.0,0.0,0.0,0.5,-1,1,2,39.0,39.0,39.0,False,False,0.0,0.0,0.0,False,0.0,0.0,False,0,0.0,0.0,0.0,13000,23000,Windows-AMD64-py3.14.3,self-contained local validation harness; charged-time accounting is disclosed by timing_mode,0.0,0.0,3.0,3.0,0.975,fixed
minigrid-empty-5x5-fullyobs_RL-only_seed3,a6544fd,2026-06-01T21:57:22,3,RL-only,minigrid,MiniGrid/MiniGrid-Empty-5x5-v0/FullyObsWrapper,3.1.0,minigrid-empty-5x5-fullyobs,11,40.0,40.0,0.0,1.0,16.0,strict_rollout_equivalent_max,0.75,39.0,39.0,691.5675000054762,691.5675000054762,773.5617000143975,690.9184998949058,True,True,651.5675000054762,rollout_normalized,rollout-equivalent unit,1.0,RL,3.0,39,3,0,0,13,13,13,0.0,0.0,0.0,0.5,-1,1,2,39.0,39.0,39.0,False,False,0.0,0.0,0.0,False,0.0,0.0,False,0,0.0,0.0,0.0,13000,23000,Windows-AMD64-py3.14.3,self-contained local validation harness; charged-time accounting is disclosed by timing_mode,0.0,0.0,3.0,3.0,0.975,fixed
minigrid-empty-5x5-fullyobs_RL-only_seed4,a6544fd,2026-06-01T21:57:31,4,RL-only,minigrid,MiniGrid/MiniGrid-Empty-5x5-v0/FullyObsWrapper,3.1.0,minigrid-empty-5x5-fullyobs,0,40.0,40.0,0.0,1.0,16.0,strict_rollout_equivalent_max,0.75,39.0,39.0,671.5495000244118,671.5495000244118,752.8518000035547,670.9258998162113,True,True,631.5495000244118,rollout_normalized,rollout-equivalent unit,1.0,RL,3.0,39,3,0,0,13,13,13,0.0,0.0,0.0,0.5,-1,1,2,39.0,39.0,39.0,False,False,0.0,0.0,0.0,False,0.0,0.0,False,0,0.0,0.0,0.0,14000,24000,Windows-AMD64-py3.14.3,self-contained local validation harness; charged-time accounting is disclosed by timing_mode,0.0,0.0,3.0,3.0,0.975,fixed
minigrid-empty-5x5-fullyobs_RL-only_seed4,a6544fd,2026-06-01T21:57:31,4,RL-only,minigrid,MiniGrid/MiniGrid-Empty-5x5-v0/FullyObsWrapper,3.1.0,minigrid-empty-5x5-fullyobs,1,40.0,40.0,0.0,1.0,16.0,strict_rollout_equivalent_max,0.75,39.0,39.0,716.8658999726176,716.8658999726176,800.1264999620616,716.2488998146728,True,True,676.8658999726176,rollout_normalized,rollout-equivalent unit,1.0,RL,3.0,39,3,0,0,13,13,13,0.0,0.0,0.0,0.5,-1,1,2,39.0,39.0,39.0,False,False,0.0,0.0,0.0,False,0.0,0.0,False,0,0.0,0.0,0.0,14000,24000,Windows-AMD64-py3.14.3,self-contained local validation harness; charged-time accounting is disclosed by timing_mode,0.0,0.0,3.0,3.0,0.975,fixed
minigrid-empty-5x5-fullyobs_RL-only_seed4,a6544fd,2026-06-01T21:57:31,4,RL-only,minigrid,MiniGrid/MiniGrid-Empty-5x5-v0/FullyObsWrapper,3.1.0,minigrid-empty-5x5-fullyobs,2,40.0,40.0,0.0,1.0,16.0,strict_rollout_equivalent_max,0.75,39.0,39.0,698.0611999752,698.0611999752,780.8029999723658,697.357399854809,True,True,658.0611999752,rollout_normalized,rollout-equivalent unit,1.0,RL,3.0,39,3,0,0,13,13,13,0.0,0.0,0.0,0.5,-1,1,2,39.0,39.0,39.0,False,False,0.0,0.0,0.0,False,0.0,0.0,False,0,0.0,0.0,0.0,14000,24000,Windows-AMD64-py3.14.3,self-contained local validation harness; charged-time accounting is disclosed by timing_mode,0.0,0.0,3.0,3.0,0.975,fixed
minigrid-empty-5x5-fullyobs_RL-only_seed4,a6544fd,2026-06-01T21:57:31,4,RL-only,minigrid,MiniGrid/MiniGrid-Empty-5x5-v0/FullyObsWrapper,3.1.0,minigrid-empty-5x5-fullyobs,3,40.0,40.0,0.0,1.0,16.0,strict_rollout_equivalent_max,0.75,39.0,39.0,671.5060999849811,671.5060999849811,754.3514999561012,670.8004000247456,True,True,631.5060999849811,rollout_normalized,rollout-equivalent unit,1.0,RL,3.0,39,3,0,0,13,13,13,0.0,0.0,0.0,0.5,-1,1,2,39.0,39.0,39.0,False,False,0.0,0.0,0.0,False,0.0,0.0,False,0,0.0,0.0,0.0,14000,24000,Windows-AMD64-py3.14.3,self-contained local validation harness; charged-time accounting is disclosed by timing_mode,0.0,0.0,3.0,3.0,0.975,fixed
minigrid-empty-5x5-fullyobs_RL-only_seed4,a6544fd,2026-06-01T21:57:31,4,RL-only,minigrid,MiniGrid/MiniGrid-Empty-5x5-v0/FullyObsWrapper,3.1.0,minigrid-empty-5x5-fullyobs,4,40.0,40.0,0.0,1.0,16.0,strict_rollout_equivalent_max,0.75,39.0,39.0,666.2466999841854,666.2466999841854,749.3826000136323,665.5233999481425,True,True,626.2466999841854,rollout_normalized,rollout-equivalent unit,1.0,RL,3.0,39,3,0,0,13,13,13,0.0,0.0,0.0,0.5,-1,1,2,39.0,39.0,39.0,False,False,0.0,0.0,0.0,False,0.0,0.0,False,0,0.0,0.0,0.0,14000,24000,Windows-AMD64-py3.14.3,self-contained local validation harness; charged-time accounting is disclosed by timing_mode,0.0,0.0,3.0,3.0,0.975,fixed
minigrid-empty-5x5-fullyobs_RL-only_seed4,a6544fd,2026-06-01T21:57:31,4,RL-only,minigrid,MiniGrid/MiniGrid-Empty-5x5-v0/FullyObsWrapper,3.1.0,minigrid-empty-5x5-fullyobs,5,40.0,40.0,0.0,1.0,16.0,strict_rollout_equivalent_max,0.75,39.0,39.0,667.2802999964915,667.2802999964915,754.0755000081845,666.6534000542015,True,True,627.2802999964915,rollout_normalized,rollout-equivalent unit,1.0,RL,3.0,39,3,0,0,13,13,13,0.0,0.0,0.0,0.5,-1,1,2,39.0,39.0,39.0,False,False,0.0,0.0,0.0,False,0.24633333333333332,0.0,False,0,0.0,0.0,0.0,14000,24000,Windows-AMD64-py3.14.3,self-contained local validation harness; charged-time accounting is disclosed by timing_mode,0.0,0.0,3.0,3.0,0.975,fixed
minigrid-empty-5x5-fullyobs_RL-only_seed4,a6544fd,2026-06-01T21:57:31,4,RL-only,minigrid,MiniGrid/MiniGrid-Empty-5x5-v0/FullyObsWrapper,3.1.0,minigrid-empty-5x5-fullyobs,6,40.0,40.0,0.0,1.0,16.0,strict_rollout_equivalent_max,0.75,39.0,39.0,719.900099968072,719.900099968072,802.9888999881223,719.2491999594495,True,True,679.900099968072,rollout_normalized,rollout-equivalent unit,1.0,RL,3.0,39,3,0,0,13,13,13,0.0,0.0,0.0,0.5,-1,1,2,39.0,39.0,39.0,False,False,0.0,0.0,0.0,False,0.0,0.0,False,0,0.0,0.0,0.0,14000,24000,Windows-AMD64-py3.14.3,self-contained local validation harness; charged-time accounting is disclosed by timing_mode,0.0,0.0,3.0,3.0,0.975,fixed
minigrid-empty-5x5-fullyobs_RL-only_seed4,a6544fd,2026-06-01T21:57:31,4,RL-only,minigrid,MiniGrid/MiniGrid-Empty-5x5-v0/FullyObsWrapper,3.1.0,minigrid-empty-5x5-fullyobs,7,40.0,40.0,0.0,1.0,16.0,strict_rollout_equivalent_max,0.75,39.0,39.0,723.0178999598138,723.0178999598138,809.4830000190996,722.2631999757141,True,True,683.0178999598138,rollout_normalized,rollout-equivalent unit,1.0,RL,3.0,39,3,0,0,13,13,13,0.0,0.0,0.0,0.5,-1,1,2,39.0,39.0,39.0,False,False,0.0,0.0,0.0,False,0.0,0.0,False,0,0.0,0.0,0.0,14000,24000,Windows-AMD64-py3.14.3,self-contained local validation harness; charged-time accounting is disclosed by timing_mode,0.0,0.0,3.0,3.0,0.975,fixed
minigrid-empty-5x5-fullyobs_RL-only_seed4,a6544fd,2026-06-01T21:57:31,4,RL-only,minigrid,MiniGrid/MiniGrid-Empty-5x5-v0/FullyObsWrapper,3.1.0,minigrid-empty-5x5-fullyobs,8,40.0,40.0,0.0,1.0,16.0,strict_rollout_equivalent_max,0.75,39.0,39.0,723.2112999772653,723.2112999772653,807.1975000202656,722.5746000185609,True,True,683.2112999772653,rollout_normalized,rollout-equivalent unit,1.0,RL,3.0,39,3,0,0,13,13,13,0.0,0.0,0.0,0.5,-1,1,2,39.0,39.0,39.0,False,False,0.0,0.0,0.0,False,0.2823333333333333,0.0,False,0,0.0,0.0,0.0,14000,24000,Windows-AMD64-py3.14.3,self-contained local validation harness; charged-time accounting is disclosed by timing_mode,0.0,0.0,3.0,3.0,0.975,fixed
minigrid-empty-5x5-fullyobs_RL-only_seed4,a6544fd,2026-06-01T21:57:31,4,RL-only,minigrid,MiniGrid/MiniGrid-Empty-5x5-v0/FullyObsWrapper,3.1.0,minigrid-empty-5x5-fullyobs,9,40.0,40.0,0.0,1.0,16.0,strict_rollout_equivalent_max,0.75,39.0,39.0,710.5796000105329,710.5796000105329,796.1349999532104,709.8924999008887,True,True,670.5796000105329,rollout_normalized,rollout-equivalent unit,1.0,RL,3.0,39,3,0,0,13,13,13,0.0,0.0,0.0,0.5,-1,1,2,39.0,39.0,39.0,False,False,0.0,0.0,0.0,False,0.24033333333333332,0.0,False,0,0.0,0.0,0.0,14000,24000,Windows-AMD64-py3.14.3,self-contained local validation harness; charged-time accounting is disclosed by timing_mode,0.0,0.0,3.0,3.0,0.975,fixed
minigrid-empty-5x5-fullyobs_RL-only_seed4,a6544fd,2026-06-01T21:57:31,4,RL-only,minigrid,MiniGrid/MiniGrid-Empty-5x5-v0/FullyObsWrapper,3.1.0,minigrid-empty-5x5-fullyobs,10,40.0,40.0,0.0,1.0,16.0,strict_rollout_equivalent_max,0.75,39.0,39.0,704.745199996978,704.745199996978,787.9742000368424,704.1359000140801,True,True,664.745199996978,rollout_normalized,rollout-equivalent unit,1.0,RL,3.0,39,3,0,0,13,13,13,0.0,0.0,0.0,0.5,-1,1,2,39.0,39.0,39.0,False,False,0.0,0.0,0.0,False,0.0,0.0,False,0,0.0,0.0,0.0,14000,24000,Windows-AMD64-py3.14.3,self-contained local validation harness; charged-time accounting is disclosed by timing_mode,0.0,0.0,3.0,3.0,0.975,fixed
minigrid-empty-5x5-fullyobs_RL-only_seed4,a6544fd,2026-06-01T21:57:31,4,RL-only,minigrid,MiniGrid/MiniGrid-Empty-5x5-v0/FullyObsWrapper,3.1.0,minigrid-empty-5x5-fullyobs,11,40.0,40.0,0.0,1.0,16.0,strict_rollout_equivalent_max,0.75,39.0,39.0,722.0283999922685,722.0283999922685,804.383099952247,721.3728000060655,True,True,682.0283999922685,rollout_normalized,rollout-equivalent unit,1.0,RL,3.0,39,3,0,0,13,13,13,0.0,0.0,0.0,0.5,-1,1,2,39.0,39.0,39.0,False,False,0.0,0.0,0.0,False,0.0,0.0,False,0,0.0,0.0,0.0,14000,24000,Windows-AMD64-py3.14.3,self-contained local validation harness; charged-time accounting is disclosed by timing_mode,0.0,0.0,3.0,3.0,0.975,fixed
minigrid-empty-5x5-fullyobs_RL-only_seed5,a6544fd,2026-06-01T21:57:41,5,RL-only,minigrid,MiniGrid/MiniGrid-Empty-5x5-v0/FullyObsWrapper,3.1.0,minigrid-empty-5x5-fullyobs,0,40.0,40.0,0.0,1.0,16.0,strict_rollout_equivalent_max,0.75,39.0,39.0,689.4401999888942,689.4401999888942,777.0233000046574,688.7105999048799,True,True,649.4401999888942,rollout_normalized,rollout-equivalent unit,1.0,RL,3.0,39,3,0,0,13,13,13,0.0,0.0,0.0,0.5,-1,1,2,39.0,39.0,39.0,False,False,0.0,0.0,0.0,False,0.0,0.0,False,0,0.0,0.0,0.0,15000,25000,Windows-AMD64-py3.14.3,self-contained local validation harness; charged-time accounting is disclosed by timing_mode,0.0,0.0,3.0,3.0,0.975,fixed
minigrid-empty-5x5-fullyobs_RL-only_seed5,a6544fd,2026-06-01T21:57:41,5,RL-only,minigrid,MiniGrid/MiniGrid-Empty-5x5-v0/FullyObsWrapper,3.1.0,minigrid-empty-5x5-fullyobs,1,40.0,40.0,0.0,1.0,16.0,strict_rollout_equivalent_max,0.75,39.0,39.0,658.8011999847367,658.8011999847367,748.6986000440083,658.1336001399904,True,True,618.8011999847367,rollout_normalized,rollout-equivalent unit,1.0,RL,3.0,39,3,0,0,13,13,13,0.0,0.0,0.0,0.5,-1,1,2,39.0,39.0,39.0,False,False,0.0,0.0,0.0,False,0.0,0.0,False,0,0.0,0.0,0.0,15000,25000,Windows-AMD64-py3.14.3,self-contained local validation harness; charged-time accounting is disclosed by timing_mode,0.0,0.0,3.0,3.0,0.975,fixed
minigrid-empty-5x5-fullyobs_RL-only_seed5,a6544fd,2026-06-01T21:57:41,5,RL-only,minigrid,MiniGrid/MiniGrid-Empty-5x5-v0/FullyObsWrapper,3.1.0,minigrid-empty-5x5-fullyobs,2,40.0,40.0,0.0,1.0,16.0,strict_rollout_equivalent_max,0.75,39.0,39.0,675.5437000538222,675.5437000538222,764.1093999845907,674.8401999939233,True,True,635.5437000538222,rollout_normalized,rollout-equivalent unit,1.0,RL,3.0,39,3,0,0,13,13,13,0.0,0.0,0.0,0.5,-1,1,2,39.0,39.0,39.0,False,False,0.0,0.0,0.0,False,0.2793333333333333,0.0,False,0,0.0,0.0,0.0,15000,25000,Windows-AMD64-py3.14.3,self-contained local validation harness; charged-time accounting is disclosed by timing_mode,0.0,0.0,3.0,3.0,0.975,fixed
minigrid-empty-5x5-fullyobs_RL-only_seed5,a6544fd,2026-06-01T21:57:41,5,RL-only,minigrid,MiniGrid/MiniGrid-Empty-5x5-v0/FullyObsWrapper,3.1.0,minigrid-empty-5x5-fullyobs,3,40.0,40.0,0.0,1.0,16.0,strict_rollout_equivalent_max,0.75,39.0,39.0,587.7429000101984,587.7429000101984,674.1991000017151,587.1396000729874,True,True,547.7429000101984,rollout_normalized,rollout-equivalent unit,1.0,RL,3.0,39,3,0,0,13,13,13,0.0,0.0,0.0,0.5,-1,1,2,39.0,39.0,39.0,False,False,0.0,0.0,0.0,False,0.0,0.0,False,0,0.0,0.0,0.0,15000,25000,Windows-AMD64-py3.14.3,self-contained local validation harness; charged-time accounting is disclosed by timing_mode,0.0,0.0,3.0,3.0,0.975,fixed
minigrid-empty-5x5-fullyobs_RL-only_seed5,a6544fd,2026-06-01T21:57:41,5,RL-only,minigrid,MiniGrid/MiniGrid-Empty-5x5-v0/FullyObsWrapper,3.1.0,minigrid-empty-5x5-fullyobs,4,40.0,40.0,0.0,1.0,16.0,strict_rollout_equivalent_max,0.75,39.0,39.0,632.4969999841414,632.4969999841414,719.0488000051118,631.7821001866832,True,True,592.4969999841414,rollout_normalized,rollout-equivalent unit,1.0,RL,3.0,39,3,0,0,13,13,13,0.0,0.0,0.0,0.5,-1,1,2,39.0,39.0,39.0,False,False,0.0,0.0,0.0,False,0.0,0.0,False,0,0.0,0.0,0.0,15000,25000,Windows-AMD64-py3.14.3,self-contained local validation harness; charged-time accounting is disclosed by timing_mode,0.0,0.0,3.0,3.0,0.975,fixed
minigrid-empty-5x5-fullyobs_RL-only_seed5,a6544fd,2026-06-01T21:57:41,5,RL-only,minigrid,MiniGrid/MiniGrid-Empty-5x5-v0/FullyObsWrapper,3.1.0,minigrid-empty-5x5-fullyobs,5,40.0,40.0,0.0,1.0,16.0,strict_rollout_equivalent_max,0.75,39.0,39.0,622.01809999533,622.01809999533,709.0385000337847,621.4070998830721,True,True,582.01809999533,rollout_normalized,rollout-equivalent unit,1.0,RL,3.0,39,3,0,0,13,13,13,0.0,0.0,0.0,0.5,-1,1,2,39.0,39.0,39.0,False,False,0.0,0.0,0.0,False,0.0,0.0,False,0,0.0,0.0,0.0,15000,25000,Windows-AMD64-py3.14.3,self-contained local validation harness; charged-time accounting is disclosed by timing_mode,0.0,0.0,3.0,3.0,0.975,fixed
minigrid-empty-5x5-fullyobs_RL-only_seed5,a6544fd,2026-06-01T21:57:41,5,RL-only,minigrid,MiniGrid/MiniGrid-Empty-5x5-v0/FullyObsWrapper,3.1.0,minigrid-empty-5x5-fullyobs,6,40.0,40.0,0.0,1.0,16.0,strict_rollout_equivalent_max,0.75,39.0,39.0,626.9596999627538,626.9596999627538,718.7941999873146,626.2616998865269,True,True,586.9596999627538,rollout_normalized,rollout-equivalent unit,1.0,RL,3.0,39,3,0,0,13,13,13,0.0,0.0,0.0,0.5,-1,1,2,39.0,39.0,39.0,False,False,0.0,0.0,0.0,False,0.3123333333333333,0.0,False,0,0.0,0.0,0.0,15000,25000,Windows-AMD64-py3.14.3,self-contained local validation harness; charged-time accounting is disclosed by timing_mode,0.0,0.0,3.0,3.0,0.975,fixed
minigrid-empty-5x5-fullyobs_RL-only_seed5,a6544fd,2026-06-01T21:57:41,5,RL-only,minigrid,MiniGrid/MiniGrid-Empty-5x5-v0/FullyObsWrapper,3.1.0,minigrid-empty-5x5-fullyobs,7,40.0,40.0,0.0,1.0,16.0,strict_rollout_equivalent_max,0.75,39.0,39.0,636.0021000145935,636.0021000145935,727.7445999789052,635.3127000038512,True,True,596.0021000145935,rollout_normalized,rollout-equivalent unit,1.0,RL,3.0,39,3,0,0,13,13,13,0.0,0.0,0.0,0.5,-1,1,2,39.0,39.0,39.0,False,False,0.0,0.0,0.0,False,0.04800000000000001,0.0,False,0,0.0,0.0,0.0,15000,25000,Windows-AMD64-py3.14.3,self-contained local validation harness; charged-time accounting is disclosed by timing_mode,0.0,0.0,3.0,3.0,0.975,fixed
minigrid-empty-5x5-fullyobs_RL-only_seed5,a6544fd,2026-06-01T21:57:41,5,RL-only,minigrid,MiniGrid/MiniGrid-Empty-5x5-v0/FullyObsWrapper,3.1.0,minigrid-empty-5x5-fullyobs,8,40.0,40.0,0.0,1.0,16.0,strict_rollout_equivalent_max,0.75,39.0,39.0,630.0471000140533,630.0471000140533,714.002900000196,629.4066000846215,True,True,590.0471000140533,rollout_normalized,rollout-equivalent unit,1.0,RL,3.0,39,3,0,0,13,13,13,0.0,0.0,0.0,0.5,-1,1,2,39.0,39.0,39.0,False,False,0.0,0.0,0.0,False,0.0,0.0,False,0,0.0,0.0,0.0,15000,25000,Windows-AMD64-py3.14.3,self-contained local validation harness; charged-time accounting is disclosed by timing_mode,0.0,0.0,3.0,3.0,0.975,fixed
minigrid-empty-5x5-fullyobs_RL-only_seed5,a6544fd,2026-06-01T21:57:41,5,RL-only,minigrid,MiniGrid/MiniGrid-Empty-5x5-v0/FullyObsWrapper,3.1.0,minigrid-empty-5x5-fullyobs,9,40.0,40.0,0.0,1.0,16.0,strict_rollout_equivalent_max,0.75,39.0,39.0,598.5157000250183,598.5157000250183,684.9866999546066,597.9161999421194,True,True,558.5157000250183,rollout_normalized,rollout-equivalent unit,1.0,RL,3.0,39,3,0,0,13,13,13,0.0,0.0,0.0,0.5,-1,1,2,39.0,39.0,39.0,False,False,0.0,0.0,0.0,False,0.30033333333333334,0.0,False,0,0.0,0.0,0.0,15000,25000,Windows-AMD64-py3.14.3,self-contained local validation harness; charged-time accounting is disclosed by timing_mode,0.0,0.0,3.0,3.0,0.975,fixed
minigrid-empty-5x5-fullyobs_RL-only_seed5,a6544fd,2026-06-01T21:57:41,5,RL-only,minigrid,MiniGrid/MiniGrid-Empty-5x5-v0/FullyObsWrapper,3.1.0,minigrid-empty-5x5-fullyobs,10,40.0,40.0,0.0,1.0,16.0,strict_rollout_equivalent_max,0.75,39.0,39.0,637.2345999698155,637.2345999698155,727.6162000489421,636.5604999591596,True,True,597.2345999698155,rollout_normalized,rollout-equivalent unit,1.0,RL,3.0,39,3,0,0,13,13,13,0.0,0.0,0.0,0.5,-1,1,2,39.0,39.0,39.0,False,False,0.0,0.0,0.0,False,0.29133333333333333,0.0,False,0,0.0,0.0,0.0,15000,25000,Windows-AMD64-py3.14.3,self-contained local validation harness; charged-time accounting is disclosed by timing_mode,0.0,0.0,3.0,3.0,0.975,fixed
minigrid-empty-5x5-fullyobs_RL-only_seed5,a6544fd,2026-06-01T21:57:41,5,RL-only,minigrid,MiniGrid/MiniGrid-Empty-5x5-v0/FullyObsWrapper,3.1.0,minigrid-empty-5x5-fullyobs,11,40.0,40.0,0.0,1.0,16.0,strict_rollout_equivalent_max,0.75,39.0,39.0,656.728399975691,656.728399975691,742.4873999552801,656.0155998449773,True,True,616.728399975691,rollout_normalized,rollout-equivalent unit,1.0,RL,3.0,39,3,0,0,13,13,13,0.0,0.0,0.0,0.5,-1,1,2,39.0,39.0,39.0,False,False,0.0,0.0,0.0,False,0.0,0.0,False,0,0.0,0.0,0.0,15000,25000,Windows-AMD64-py3.14.3,self-contained local validation harness; charged-time accounting is disclosed by timing_mode,0.0,0.0,3.0,3.0,0.975,fixed
minigrid-empty-5x5-fullyobs_RL-only_seed6,a6544fd,2026-06-01T21:57:50,6,RL-only,minigrid,MiniGrid/MiniGrid-Empty-5x5-v0/FullyObsWrapper,3.1.0,minigrid-empty-5x5-fullyobs,0,40.0,40.0,0.0,1.0,16.0,strict_rollout_equivalent_max,0.75,39.0,39.0,647.0165000064299,647.0165000064299,725.9770999662578,646.3772000861354,True,True,607.0165000064299,rollout_normalized,rollout-equivalent unit,1.0,RL,3.0,39,3,0,0,13,13,13,0.0,0.0,0.0,0.5,-1,1,2,39.0,39.0,39.0,False,False,0.0,0.0,0.0,False,0.03599999999999999,0.0,False,0,0.0,0.0,0.0,16000,26000,Windows-AMD64-py3.14.3,self-contained local validation harness; charged-time accounting is disclosed by timing_mode,0.0,0.0,3.0,3.0,0.975,fixed
minigrid-empty-5x5-fullyobs_RL-only_seed6,a6544fd,2026-06-01T21:57:50,6,RL-only,minigrid,MiniGrid/MiniGrid-Empty-5x5-v0/FullyObsWrapper,3.1.0,minigrid-empty-5x5-fullyobs,1,40.0,40.0,0.0,1.0,16.0,strict_rollout_equivalent_max,0.75,39.0,39.0,655.7945999666117,655.7945999666117,734.5257999841124,655.184600094799,True,True,615.7945999666117,rollout_normalized,rollout-equivalent unit,1.0,RL,3.0,39,3,0,0,13,13,13,0.0,0.0,0.0,0.5,-1,1,2,39.0,39.0,39.0,False,False,0.0,0.0,0.0,False,0.0,0.0,False,0,0.0,0.0,0.0,16000,26000,Windows-AMD64-py3.14.3,self-contained local validation harness; charged-time accounting is disclosed by timing_mode,0.0,0.0,3.0,3.0,0.975,fixed
minigrid-empty-5x5-fullyobs_RL-only_seed6,a6544fd,2026-06-01T21:57:50,6,RL-only,minigrid,MiniGrid/MiniGrid-Empty-5x5-v0/FullyObsWrapper,3.1.0,minigrid-empty-5x5-fullyobs,2,40.0,40.0,0.0,1.0,16.0,strict_rollout_equivalent_max,0.75,39.0,39.0,622.8398000239395,622.8398000239395,700.0727999839,622.2290000878274,True,True,582.8398000239395,rollout_normalized,rollout-equivalent unit,1.0,RL,3.0,39,3,0,0,13,13,13,0.0,0.0,0.0,0.5,-1,1,2,39.0,39.0,39.0,False,False,0.0,0.0,0.0,False,0.0,0.0,False,0,0.0,0.0,0.0,16000,26000,Windows-AMD64-py3.14.3,self-contained local validation harness; charged-time accounting is disclosed by timing_mode,0.0,0.0,3.0,3.0,0.975,fixed
minigrid-empty-5x5-fullyobs_RL-only_seed6,a6544fd,2026-06-01T21:57:50,6,RL-only,minigrid,MiniGrid/MiniGrid-Empty-5x5-v0/FullyObsWrapper,3.1.0,minigrid-empty-5x5-fullyobs,3,40.0,40.0,0.0,1.0,16.0,strict_rollout_equivalent_max,0.75,39.0,39.0,658.0447999876924,658.0447999876924,742.0365000143647,657.3703999165446,True,True,618.0447999876924,rollout_normalized,rollout-equivalent unit,1.0,RL,3.0,39,3,0,0,13,13,13,0.0,0.0,0.0,0.5,-1,1,2,39.0,39.0,39.0,False,False,0.0,0.0,0.0,False,0.0,0.0,False,0,0.0,0.0,0.0,16000,26000,Windows-AMD64-py3.14.3,self-contained local validation harness; charged-time accounting is disclosed by timing_mode,0.0,0.0,3.0,3.0,0.975,fixed
minigrid-empty-5x5-fullyobs_RL-only_seed6,a6544fd,2026-06-01T21:57:50,6,RL-only,minigrid,MiniGrid/MiniGrid-Empty-5x5-v0/FullyObsWrapper,3.1.0,minigrid-empty-5x5-fullyobs,4,40.0,40.0,0.0,1.0,16.0,strict_rollout_equivalent_max,0.75,39.0,39.0,678.5894999629818,678.5894999629818,756.1284999828786,677.900199953001,True,True,638.5894999629818,rollout_normalized,rollout-equivalent unit,1.0,RL,3.0,39,3,0,0,13,13,13,0.0,0.0,0.0,0.5,-1,1,2,39.0,39.0,39.0,False,False,0.0,0.0,0.0,False,0.0,0.0,False,0,0.0,0.0,0.0,16000,26000,Windows-AMD64-py3.14.3,self-contained local validation harness; charged-time accounting is disclosed by timing_mode,0.0,0.0,3.0,3.0,0.975,fixed
minigrid-empty-5x5-fullyobs_RL-only_seed6,a6544fd,2026-06-01T21:57:50,6,RL-only,minigrid,MiniGrid/MiniGrid-Empty-5x5-v0/FullyObsWrapper,3.1.0,minigrid-empty-5x5-fullyobs,5,40.0,40.0,0.0,1.0,16.0,strict_rollout_equivalent_max,0.75,39.0,39.0,686.1168000032194,686.1168000032194,766.7912000324577,685.1811000378802,True,True,646.1168000032194,rollout_normalized,rollout-equivalent unit,1.0,RL,3.0,39,3,0,0,13,13,13,0.0,0.0,0.0,0.5,-1,1,2,39.0,39.0,39.0,False,False,0.0,0.0,0.0,False,0.0,0.0,False,0,0.0,0.0,0.0,16000,26000,Windows-AMD64-py3.14.3,self-contained local validation harness; charged-time accounting is disclosed by timing_mode,0.0,0.0,3.0,3.0,0.975,fixed
minigrid-empty-5x5-fullyobs_RL-only_seed6,a6544fd,2026-06-01T21:57:50,6,RL-only,minigrid,MiniGrid/MiniGrid-Empty-5x5-v0/FullyObsWrapper,3.1.0,minigrid-empty-5x5-fullyobs,6,40.0,40.0,0.0,1.0,16.0,strict_rollout_equivalent_max,0.75,39.0,39.0,668.1443999987096,668.1443999987096,747.2400999977253,667.4681000877172,True,True,628.1443999987096,rollout_normalized,rollout-equivalent unit,1.0,RL,3.0,39,3,0,0,13,13,13,0.0,0.0,0.0,0.5,-1,1,2,39.0,39.0,39.0,False,False,0.0,0.0,0.0,False,0.0,0.0,False,0,0.0,0.0,0.0,16000,26000,Windows-AMD64-py3.14.3,self-contained local validation harness; charged-time accounting is disclosed by timing_mode,0.0,0.0,3.0,3.0,0.975,fixed
minigrid-empty-5x5-fullyobs_RL-only_seed6,a6544fd,2026-06-01T21:57:50,6,RL-only,minigrid,MiniGrid/MiniGrid-Empty-5x5-v0/FullyObsWrapper,3.1.0,minigrid-empty-5x5-fullyobs,7,40.0,40.0,0.0,1.0,16.0,strict_rollout_equivalent_max,0.75,39.0,39.0,661.4821000257507,661.4821000257507,739.6376999677159,660.8605998917483,True,True,621.4821000257507,rollout_normalized,rollout-equivalent unit,1.0,RL,3.0,39,3,0,0,13,13,13,0.0,0.0,0.0,0.5,-1,1,2,39.0,39.0,39.0,False,False,0.0,0.0,0.0,False,0.2793333333333334,0.0,False,0,0.0,0.0,0.0,16000,26000,Windows-AMD64-py3.14.3,self-contained local validation harness; charged-time accounting is disclosed by timing_mode,0.0,0.0,3.0,3.0,0.975,fixed
minigrid-empty-5x5-fullyobs_RL-only_seed6,a6544fd,2026-06-01T21:57:50,6,RL-only,minigrid,MiniGrid/MiniGrid-Empty-5x5-v0/FullyObsWrapper,3.1.0,minigrid-empty-5x5-fullyobs,8,40.0,40.0,0.0,1.0,16.0,strict_rollout_equivalent_max,0.75,39.0,39.0,665.1654999586754,665.1654999586754,742.8412999724969,664.444399822969,True,True,625.1654999586754,rollout_normalized,rollout-equivalent unit,1.0,RL,3.0,39,3,0,0,13,13,13,0.0,0.0,0.0,0.5,-1,1,2,39.0,39.0,39.0,False,False,0.0,0.0,0.0,False,0.25833333333333336,0.0,False,0,0.0,0.0,0.0,16000,26000,Windows-AMD64-py3.14.3,self-contained local validation harness; charged-time accounting is disclosed by timing_mode,0.0,0.0,3.0,3.0,0.975,fixed
minigrid-empty-5x5-fullyobs_RL-only_seed6,a6544fd,2026-06-01T21:57:50,6,RL-only,minigrid,MiniGrid/MiniGrid-Empty-5x5-v0/FullyObsWrapper,3.1.0,minigrid-empty-5x5-fullyobs,9,40.0,40.0,0.0,1.0,16.0,strict_rollout_equivalent_max,0.75,39.0,39.0,646.9889000291005,646.9889000291005,725.5895000416785,646.3206999469548,True,True,606.9889000291005,rollout_normalized,rollout-equivalent unit,1.0,RL,3.0,39,3,0,0,13,13,13,0.0,0.0,0.0,0.5,-1,1,2,39.0,39.0,39.0,False,False,0.0,0.0,0.0,False,0.054000000000000006,0.0,False,0,0.0,0.0,0.0,16000,26000,Windows-AMD64-py3.14.3,self-contained local validation harness; charged-time accounting is disclosed by timing_mode,0.0,0.0,3.0,3.0,0.975,fixed
minigrid-empty-5x5-fullyobs_RL-only_seed6,a6544fd,2026-06-01T21:57:50,6,RL-only,minigrid,MiniGrid/MiniGrid-Empty-5x5-v0/FullyObsWrapper,3.1.0,minigrid-empty-5x5-fullyobs,10,40.0,40.0,0.0,1.0,16.0,strict_rollout_equivalent_max,0.75,39.0,39.0,642.6095000351779,642.6095000351779,722.0152999507263,641.9234999339096,True,True,602.6095000351779,rollout_normalized,rollout-equivalent unit,1.0,RL,3.0,39,3,0,0,13,13,13,0.0,0.0,0.0,0.5,-1,1,2,39.0,39.0,39.0,False,False,0.0,0.0,0.0,False,0.0,0.0,False,0,0.0,0.0,0.0,16000,26000,Windows-AMD64-py3.14.3,self-contained local validation harness; charged-time accounting is disclosed by timing_mode,0.0,0.0,3.0,3.0,0.975,fixed
minigrid-empty-5x5-fullyobs_RL-only_seed6,a6544fd,2026-06-01T21:57:50,6,RL-only,minigrid,MiniGrid/MiniGrid-Empty-5x5-v0/FullyObsWrapper,3.1.0,minigrid-empty-5x5-fullyobs,11,40.0,40.0,0.0,1.0,16.0,strict_rollout_equivalent_max,0.75,39.0,39.0,639.813200046774,639.813200046774,719.3419999675825,639.0849000308663,True,True,599.813200046774,rollout_normalized,rollout-equivalent unit,1.0,RL,3.0,39,3,0,0,13,13,13,0.0,0.0,0.0,0.5,-1,1,2,39.0,39.0,39.0,False,False,0.0,0.0,0.0,False,0.027000000000000024,0.0,False,0,0.0,0.0,0.0,16000,26000,Windows-AMD64-py3.14.3,self-contained local validation harness; charged-time accounting is disclosed by timing_mode,0.0,0.0,3.0,3.0,0.975,fixed
minigrid-empty-5x5-fullyobs_RL-only_seed7,a6544fd,2026-06-01T21:57:59,7,RL-only,minigrid,MiniGrid/MiniGrid-Empty-5x5-v0/FullyObsWrapper,3.1.0,minigrid-empty-5x5-fullyobs,0,40.0,40.0,0.0,1.0,16.0,strict_rollout_equivalent_max,0.75,39.0,39.0,697.0880000153556,697.0880000153556,782.6000999775715,696.4628001442179,True,True,657.0880000153556,rollout_normalized,rollout-equivalent unit,1.0,RL,3.0,39,3,0,0,13,13,13,0.0,0.0,0.0,0.5,-1,1,2,39.0,39.0,39.0,False,False,0.0,0.0,0.0,False,0.0,0.0,False,0,0.0,0.0,0.0,17000,27000,Windows-AMD64-py3.14.3,self-contained local validation harness; charged-time accounting is disclosed by timing_mode,0.0,0.0,3.0,3.0,0.975,fixed
minigrid-empty-5x5-fullyobs_RL-only_seed7,a6544fd,2026-06-01T21:57:59,7,RL-only,minigrid,MiniGrid/MiniGrid-Empty-5x5-v0/FullyObsWrapper,3.1.0,minigrid-empty-5x5-fullyobs,1,40.0,40.0,0.0,1.0,16.0,strict_rollout_equivalent_max,0.75,39.0,39.0,665.7991000101902,665.7991000101902,748.4563000034541,665.1648999541067,True,True,625.7991000101902,rollout_normalized,rollout-equivalent unit,1.0,RL,3.0,39,3,0,0,13,13,13,0.0,0.0,0.0,0.5,-1,1,2,39.0,39.0,39.0,False,False,0.0,0.0,0.0,False,0.0,0.0,False,0,0.0,0.0,0.0,17000,27000,Windows-AMD64-py3.14.3,self-contained local validation harness; charged-time accounting is disclosed by timing_mode,0.0,0.0,3.0,3.0,0.975,fixed
minigrid-empty-5x5-fullyobs_RL-only_seed7,a6544fd,2026-06-01T21:57:59,7,RL-only,minigrid,MiniGrid/MiniGrid-Empty-5x5-v0/FullyObsWrapper,3.1.0,minigrid-empty-5x5-fullyobs,2,40.0,40.0,0.0,1.0,16.0,strict_rollout_equivalent_max,0.75,39.0,39.0,678.6428000195883,678.6428000195883,761.4674999495037,677.9825999983586,True,True,638.6428000195883,rollout_normalized,rollout-equivalent unit,1.0,RL,3.0,39,3,0,0,13,13,13,0.0,0.0,0.0,0.5,-1,1,2,39.0,39.0,39.0,False,False,0.0,0.0,0.0,False,0.0,0.0,False,0,0.0,0.0,0.0,17000,27000,Windows-AMD64-py3.14.3,self-contained local validation harness; charged-time accounting is disclosed by timing_mode,0.0,0.0,3.0,3.0,0.975,fixed
minigrid-empty-5x5-fullyobs_RL-only_seed7,a6544fd,2026-06-01T21:57:59,7,RL-only,minigrid,MiniGrid/MiniGrid-Empty-5x5-v0/FullyObsWrapper,3.1.0,minigrid-empty-5x5-fullyobs,3,40.0,40.0,0.0,1.0,16.0,strict_rollout_equivalent_max,0.75,39.0,39.0,667.4700999865308,667.4700999865308,750.6288000149652,666.8599000549875,True,True,627.4700999865308,rollout_normalized,rollout-equivalent unit,1.0,RL,3.0,39,3,0,0,13,13,13,0.0,0.0,0.0,0.5,-1,1,2,39.0,39.0,39.0,False,False,0.0,0.0,0.0,False,0.0,0.0,False,0,0.0,0.0,0.0,17000,27000,Windows-AMD64-py3.14.3,self-contained local validation harness; charged-time accounting is disclosed by timing_mode,0.0,0.0,3.0,3.0,0.975,fixed
minigrid-empty-5x5-fullyobs_RL-only_seed7,a6544fd,2026-06-01T21:57:59,7,RL-only,minigrid,MiniGrid/MiniGrid-Empty-5x5-v0/FullyObsWrapper,3.1.0,minigrid-empty-5x5-fullyobs,4,40.0,40.0,0.0,1.0,16.0,strict_rollout_equivalent_max,0.75,39.0,39.0,657.3363000061363,657.3363000061363,746.5358999907039,656.656600011047,True,True,617.3363000061363,rollout_normalized,rollout-equivalent unit,1.0,RL,3.0,39,3,0,0,13,13,13,0.0,0.0,0.0,0.5,-1,1,2,39.0,39.0,39.0,False,False,0.0,0.0,0.0,False,0.0,0.0,False,0,0.0,0.0,0.0,17000,27000,Windows-AMD64-py3.14.3,self-contained local validation harness; charged-time accounting is disclosed by timing_mode,0.0,0.0,3.0,3.0,0.975,fixed
minigrid-empty-5x5-fullyobs_RL-only_seed7,a6544fd,2026-06-01T21:57:59,7,RL-only,minigrid,MiniGrid/MiniGrid-Empty-5x5-v0/FullyObsWrapper,3.1.0,minigrid-empty-5x5-fullyobs,5,40.0,40.0,0.0,1.0,16.0,strict_rollout_equivalent_max,0.75,39.0,39.0,626.4887999859639,626.4887999859639,709.3006999930367,625.8899000822566,True,True,586.4887999859639,rollout_normalized,rollout-equivalent unit,1.0,RL,3.0,39,3,0,0,13,13,13,0.0,0.0,0.0,0.5,-1,1,2,39.0,39.0,39.0,False,False,0.0,0.0,0.0,False,0.009000000000000006,0.0,False,0,0.0,0.0,0.0,17000,27000,Windows-AMD64-py3.14.3,self-contained local validation harness; charged-time accounting is disclosed by timing_mode,0.0,0.0,3.0,3.0,0.975,fixed
minigrid-empty-5x5-fullyobs_RL-only_seed7,a6544fd,2026-06-01T21:57:59,7,RL-only,minigrid,MiniGrid/MiniGrid-Empty-5x5-v0/FullyObsWrapper,3.1.0,minigrid-empty-5x5-fullyobs,6,40.0,40.0,0.0,1.0,16.0,strict_rollout_equivalent_max,0.75,39.0,39.0,670.2607999905013,670.2607999905013,753.8007000111975,669.6471999166533,True,True,630.2607999905013,rollout_normalized,rollout-equivalent unit,1.0,RL,3.0,39,3,0,0,13,13,13,0.0,0.0,0.0,0.5,-1,1,2,39.0,39.0,39.0,False,False,0.0,0.0,0.0,False,0.0,0.0,False,0,0.0,0.0,0.0,17000,27000,Windows-AMD64-py3.14.3,self-contained local validation harness; charged-time accounting is disclosed by timing_mode,0.0,0.0,3.0,3.0,0.975,fixed
minigrid-empty-5x5-fullyobs_RL-only_seed7,a6544fd,2026-06-01T21:57:59,7,RL-only,minigrid,MiniGrid/MiniGrid-Empty-5x5-v0/FullyObsWrapper,3.1.0,minigrid-empty-5x5-fullyobs,7,40.0,40.0,0.0,1.0,16.0,strict_rollout_equivalent_max,0.75,39.0,39.0,653.2573000295088,653.2573000295088,736.4975999807939,652.5818000664003,True,True,613.2573000295088,rollout_normalized,rollout-equivalent unit,1.0,RL,3.0,39,3,0,0,13,13,13,0.0,0.0,0.0,0.5,-1,1,2,39.0,39.0,39.0,False,False,0.0,0.0,0.0,False,0.0,0.0,False,0,0.0,0.0,0.0,17000,27000,Windows-AMD64-py3.14.3,self-contained local validation harness; charged-time accounting is disclosed by timing_mode,0.0,0.0,3.0,3.0,0.975,fixed
minigrid-empty-5x5-fullyobs_RL-only_seed7,a6544fd,2026-06-01T21:57:59,7,RL-only,minigrid,MiniGrid/MiniGrid-Empty-5x5-v0/FullyObsWrapper,3.1.0,minigrid-empty-5x5-fullyobs,8,40.0,40.0,0.0,1.0,16.0,strict_rollout_equivalent_max,0.75,39.0,39.0,651.6596000292338,651.6596000292338,735.3788000182249,650.9906999417581,True,True,611.6596000292338,rollout_normalized,rollout-equivalent unit,1.0,RL,3.0,39,3,0,0,13,13,13,0.0,0.0,0.0,0.5,-1,1,2,39.0,39.0,39.0,False,False,0.0,0.0,0.0,False,0.0,0.0,False,0,0.0,0.0,0.0,17000,27000,Windows-AMD64-py3.14.3,self-contained local validation harness; charged-time accounting is disclosed by timing_mode,0.0,0.0,3.0,3.0,0.975,fixed
minigrid-empty-5x5-fullyobs_RL-only_seed7,a6544fd,2026-06-01T21:57:59,7,RL-only,minigrid,MiniGrid/MiniGrid-Empty-5x5-v0/FullyObsWrapper,3.1.0,minigrid-empty-5x5-fullyobs,9,40.0,40.0,0.0,1.0,16.0,strict_rollout_equivalent_max,0.75,39.0,39.0,628.3820000244305,628.3820000244305,712.6071999664418,627.6975999353454,True,True,588.3820000244305,rollout_normalized,rollout-equivalent unit,1.0,RL,3.0,39,3,0,0,13,13,13,0.0,0.0,0.0,0.5,-1,1,2,39.0,39.0,39.0,False,False,0.0,0.0,0.0,False,0.0,0.0,False,0,0.0,0.0,0.0,17000,27000,Windows-AMD64-py3.14.3,self-contained local validation harness; charged-time accounting is disclosed by timing_mode,0.0,0.0,3.0,3.0,0.975,fixed
minigrid-empty-5x5-fullyobs_RL-only_seed7,a6544fd,2026-06-01T21:57:59,7,RL-only,minigrid,MiniGrid/MiniGrid-Empty-5x5-v0/FullyObsWrapper,3.1.0,minigrid-empty-5x5-fullyobs,10,40.0,40.0,0.0,1.0,16.0,strict_rollout_equivalent_max,0.75,39.0,39.0,610.5514999944717,610.5514999944717,697.8022999828681,609.9711999413557,True,True,570.5514999944717,rollout_normalized,rollout-equivalent unit,1.0,RL,3.0,39,3,0,0,13,13,13,0.0,0.0,0.0,0.5,-1,1,2,39.0,39.0,39.0,False,False,0.0,0.0,0.0,False,0.30333333333333334,0.0,False,0,0.0,0.0,0.0,17000,27000,Windows-AMD64-py3.14.3,self-contained local validation harness; charged-time accounting is disclosed by timing_mode,0.0,0.0,3.0,3.0,0.975,fixed
minigrid-empty-5x5-fullyobs_RL-only_seed7,a6544fd,2026-06-01T21:57:59,7,RL-only,minigrid,MiniGrid/MiniGrid-Empty-5x5-v0/FullyObsWrapper,3.1.0,minigrid-empty-5x5-fullyobs,11,40.0,40.0,0.0,1.0,16.0,strict_rollout_equivalent_max,0.75,39.0,39.0,645.7405000110157,645.7405000110157,730.3087000036612,644.9924999615178,True,True,605.7405000110157,rollout_normalized,rollout-equivalent unit,1.0,RL,3.0,39,3,0,0,13,13,13,0.0,0.0,0.0,0.5,-1,1,2,39.0,39.0,39.0,False,False,0.0,0.0,0.0,False,0.0030000000000000027,0.0,False,0,0.0,0.0,0.0,17000,27000,Windows-AMD64-py3.14.3,self-contained local validation harness; charged-time accounting is disclosed by timing_mode,0.0,0.0,3.0,3.0,0.975,fixed
minigrid-empty-5x5-fullyobs_RL-only_seed8,a6544fd,2026-06-01T21:58:08,8,RL-only,minigrid,MiniGrid/MiniGrid-Empty-5x5-v0/FullyObsWrapper,3.1.0,minigrid-empty-5x5-fullyobs,0,40.0,40.0,0.0,1.0,16.0,strict_rollout_equivalent_max,0.75,39.0,39.0,655.5553000071086,655.5553000071086,735.1025000098161,654.8208000604063,True,True,615.5553000071086,rollout_normalized,rollout-equivalent unit,1.0,RL,3.0,39,3,0,0,13,13,13,0.0,0.0,0.0,0.5,-1,1,2,39.0,39.0,39.0,False,False,0.0,0.0,0.0,False,0.30333333333333334,0.0,False,0,0.0,0.0,0.0,18000,28000,Windows-AMD64-py3.14.3,self-contained local validation harness; charged-time accounting is disclosed by timing_mode,0.0,0.0,3.0,3.0,0.975,fixed
minigrid-empty-5x5-fullyobs_RL-only_seed8,a6544fd,2026-06-01T21:58:08,8,RL-only,minigrid,MiniGrid/MiniGrid-Empty-5x5-v0/FullyObsWrapper,3.1.0,minigrid-empty-5x5-fullyobs,1,40.0,40.0,0.0,1.0,16.0,strict_rollout_equivalent_max,0.75,39.0,39.0,688.4086999925785,688.4086999925785,770.054499967955,687.7703000791371,True,True,648.4086999925785,rollout_normalized,rollout-equivalent unit,1.0,RL,3.0,39,3,0,0,13,13,13,0.0,0.0,0.0,0.5,-1,1,2,39.0,39.0,39.0,False,False,0.0,0.0,0.0,False,0.26733333333333337,0.0,False,0,0.0,0.0,0.0,18000,28000,Windows-AMD64-py3.14.3,self-contained local validation harness; charged-time accounting is disclosed by timing_mode,0.0,0.0,3.0,3.0,0.975,fixed
minigrid-empty-5x5-fullyobs_RL-only_seed8,a6544fd,2026-06-01T21:58:08,8,RL-only,minigrid,MiniGrid/MiniGrid-Empty-5x5-v0/FullyObsWrapper,3.1.0,minigrid-empty-5x5-fullyobs,2,40.0,40.0,0.0,1.0,16.0,strict_rollout_equivalent_max,0.75,39.0,39.0,664.876299968455,664.876299968455,742.724800016731,664.2751999315806,True,True,624.876299968455,rollout_normalized,rollout-equivalent unit,1.0,RL,3.0,39,3,0,0,13,13,13,0.0,0.0,0.0,0.5,-1,1,2,39.0,39.0,39.0,False,False,0.0,0.0,0.0,False,0.0,0.0,False,0,0.0,0.0,0.0,18000,28000,Windows-AMD64-py3.14.3,self-contained local validation harness; charged-time accounting is disclosed by timing_mode,0.0,0.0,3.0,3.0,0.975,fixed
minigrid-empty-5x5-fullyobs_RL-only_seed8,a6544fd,2026-06-01T21:58:08,8,RL-only,minigrid,MiniGrid/MiniGrid-Empty-5x5-v0/FullyObsWrapper,3.1.0,minigrid-empty-5x5-fullyobs,3,40.0,40.0,0.0,1.0,16.0,strict_rollout_equivalent_max,0.75,39.0,39.0,646.2513000005856,646.2513000005856,724.4310000096448,645.655199943576,True,True,606.2513000005856,rollout_normalized,rollout-equivalent unit,1.0,RL,3.0,39,3,0,0,13,13,13,0.0,0.0,0.0,0.5,-1,1,2,39.0,39.0,39.0,False,False,0.0,0.0,0.0,False,0.0,0.0,False,0,0.0,0.0,0.0,18000,28000,Windows-AMD64-py3.14.3,self-contained local validation harness; charged-time accounting is disclosed by timing_mode,0.0,0.0,3.0,3.0,0.975,fixed
minigrid-empty-5x5-fullyobs_RL-only_seed8,a6544fd,2026-06-01T21:58:08,8,RL-only,minigrid,MiniGrid/MiniGrid-Empty-5x5-v0/FullyObsWrapper,3.1.0,minigrid-empty-5x5-fullyobs,4,40.0,40.0,0.0,1.0,16.0,strict_rollout_equivalent_max,0.75,39.0,39.0,606.2538000405766,606.2538000405766,687.5813999795355,605.6197998696007,True,True,566.2538000405766,rollout_normalized,rollout-equivalent unit,1.0,RL,3.0,39,3,0,0,13,13,13,0.0,0.0,0.0,0.5,-1,1,2,39.0,39.0,39.0,False,False,0.0,0.0,0.0,False,0.0,0.0,False,0,0.0,0.0,0.0,18000,28000,Windows-AMD64-py3.14.3,self-contained local validation harness; charged-time accounting is disclosed by timing_mode,0.0,0.0,3.0,3.0,0.975,fixed
minigrid-empty-5x5-fullyobs_RL-only_seed8,a6544fd,2026-06-01T21:58:08,8,RL-only,minigrid,MiniGrid/MiniGrid-Empty-5x5-v0/FullyObsWrapper,3.1.0,minigrid-empty-5x5-fullyobs,5,40.0,40.0,0.0,1.0,16.0,strict_rollout_equivalent_max,0.75,39.0,39.0,625.8066999725997,625.8066999725997,702.7448000153527,625.1758000580594,True,True,585.8066999725997,rollout_normalized,rollout-equivalent unit,1.0,RL,3.0,39,3,0,0,13,13,13,0.0,0.0,0.0,0.5,-1,1,2,39.0,39.0,39.0,False,False,0.0,0.0,0.0,False,0.015000000000000013,0.0,False,0,0.0,0.0,0.0,18000,28000,Windows-AMD64-py3.14.3,self-contained local validation harness; charged-time accounting is disclosed by timing_mode,0.0,0.0,3.0,3.0,0.975,fixed
minigrid-empty-5x5-fullyobs_RL-only_seed8,a6544fd,2026-06-01T21:58:08,8,RL-only,minigrid,MiniGrid/MiniGrid-Empty-5x5-v0/FullyObsWrapper,3.1.0,minigrid-empty-5x5-fullyobs,6,40.0,40.0,0.0,1.0,16.0,strict_rollout_equivalent_max,0.75,39.0,39.0,681.631900020875,681.631900020875,761.2796000321396,680.9752000262961,True,True,641.631900020875,rollout_normalized,rollout-equivalent unit,1.0,RL,3.0,39,3,0,0,13,13,13,0.0,0.0,0.0,0.5,-1,1,2,39.0,39.0,39.0,False,False,0.0,0.0,0.0,False,0.25233333333333335,0.0,False,0,0.0,0.0,0.0,18000,28000,Windows-AMD64-py3.14.3,self-contained local validation harness; charged-time accounting is disclosed by timing_mode,0.0,0.0,3.0,3.0,0.975,fixed
minigrid-empty-5x5-fullyobs_RL-only_seed8,a6544fd,2026-06-01T21:58:08,8,RL-only,minigrid,MiniGrid/MiniGrid-Empty-5x5-v0/FullyObsWrapper,3.1.0,minigrid-empty-5x5-fullyobs,7,40.0,40.0,0.0,1.0,16.0,strict_rollout_equivalent_max,0.75,39.0,39.0,615.8284000121057,615.8284000121057,697.6328999735415,615.1327001862228,True,True,575.8284000121057,rollout_normalized,rollout-equivalent unit,1.0,RL,3.0,39,3,0,0,13,13,13,0.0,0.0,0.0,0.5,-1,1,2,39.0,39.0,39.0,False,False,0.0,0.0,0.0,False,0.0,0.0,False,0,0.0,0.0,0.0,18000,28000,Windows-AMD64-py3.14.3,self-contained local validation harness; charged-time accounting is disclosed by timing_mode,0.0,0.0,3.0,3.0,0.975,fixed
minigrid-empty-5x5-fullyobs_RL-only_seed8,a6544fd,2026-06-01T21:58:08,8,RL-only,minigrid,MiniGrid/MiniGrid-Empty-5x5-v0/FullyObsWrapper,3.1.0,minigrid-empty-5x5-fullyobs,8,40.0,40.0,0.0,1.0,16.0,strict_rollout_equivalent_max,0.75,39.0,39.0,633.276000036858,633.276000036858,710.6034000171348,632.6679999474436,True,True,593.276000036858,rollout_normalized,rollout-equivalent unit,1.0,RL,3.0,39,3,0,0,13,13,13,0.0,0.0,0.0,0.5,-1,1,2,39.0,39.0,39.0,False,False,0.0,0.0,0.0,False,0.0,0.0,False,0,0.0,0.0,0.0,18000,28000,Windows-AMD64-py3.14.3,self-contained local validation harness; charged-time accounting is disclosed by timing_mode,0.0,0.0,3.0,3.0,0.975,fixed
minigrid-empty-5x5-fullyobs_RL-only_seed8,a6544fd,2026-06-01T21:58:08,8,RL-only,minigrid,MiniGrid/MiniGrid-Empty-5x5-v0/FullyObsWrapper,3.1.0,minigrid-empty-5x5-fullyobs,9,40.0,40.0,0.0,1.0,16.0,strict_rollout_equivalent_max,0.75,39.0,39.0,646.8725999584422,646.8725999584422,725.6565000279807,646.1848000180908,True,True,606.8725999584422,rollout_normalized,rollout-equivalent unit,1.0,RL,3.0,39,3,0,0,13,13,13,0.0,0.0,0.0,0.5,-1,1,2,39.0,39.0,39.0,False,False,0.0,0.0,0.0,False,0.0,0.0,False,0,0.0,0.0,0.0,18000,28000,Windows-AMD64-py3.14.3,self-contained local validation harness; charged-time accounting is disclosed by timing_mode,0.0,0.0,3.0,3.0,0.975,fixed
minigrid-empty-5x5-fullyobs_RL-only_seed8,a6544fd,2026-06-01T21:58:08,8,RL-only,minigrid,MiniGrid/MiniGrid-Empty-5x5-v0/FullyObsWrapper,3.1.0,minigrid-empty-5x5-fullyobs,10,40.0,40.0,0.0,1.0,16.0,strict_rollout_equivalent_max,0.75,39.0,39.0,620.43559999438,620.43559999438,699.0266999928281,619.7996000992134,True,True,580.43559999438,rollout_normalized,rollout-equivalent unit,1.0,RL,3.0,39,3,0,0,13,13,13,0.0,0.0,0.0,0.5,-1,1,2,39.0,39.0,39.0,False,False,0.0,0.0,0.0,False,0.0,0.0,False,0,0.0,0.0,0.0,18000,28000,Windows-AMD64-py3.14.3,self-contained local validation harness; charged-time accounting is disclosed by timing_mode,0.0,0.0,3.0,3.0,0.975,fixed
minigrid-empty-5x5-fullyobs_RL-only_seed8,a6544fd,2026-06-01T21:58:08,8,RL-only,minigrid,MiniGrid/MiniGrid-Empty-5x5-v0/FullyObsWrapper,3.1.0,minigrid-empty-5x5-fullyobs,11,40.0,40.0,0.0,1.0,16.0,strict_rollout_equivalent_max,0.75,39.0,39.0,658.3106000325643,658.3106000325643,739.0098000178114,657.6111001195386,True,True,618.3106000325643,rollout_normalized,rollout-equivalent unit,1.0,RL,3.0,39,3,0,0,13,13,13,0.0,0.0,0.0,0.5,-1,1,2,39.0,39.0,39.0,False,False,0.0,0.0,0.0,False,0.29433333333333334,0.0,False,0,0.0,0.0,0.0,18000,28000,Windows-AMD64-py3.14.3,self-contained local validation harness; charged-time accounting is disclosed by timing_mode,0.0,0.0,3.0,3.0,0.975,fixed
minigrid-empty-5x5-fullyobs_RL-only_seed9,a6544fd,2026-06-01T21:58:17,9,RL-only,minigrid,MiniGrid/MiniGrid-Empty-5x5-v0/FullyObsWrapper,3.1.0,minigrid-empty-5x5-fullyobs,0,40.0,40.0,0.0,1.0,16.0,strict_rollout_equivalent_max,0.75,39.0,39.0,657.7382000396028,657.7382000396028,736.8961999891326,657.1153000113554,True,True,617.7382000396028,rollout_normalized,rollout-equivalent unit,1.0,RL,3.0,39,3,0,0,13,13,13,0.0,0.0,0.0,0.5,-1,1,2,39.0,39.0,39.0,False,False,0.0,0.0,0.0,False,0.0,0.0,False,0,0.0,0.0,0.0,19000,29000,Windows-AMD64-py3.14.3,self-contained local validation harness; charged-time accounting is disclosed by timing_mode,0.0,0.0,3.0,3.0,0.975,fixed
minigrid-empty-5x5-fullyobs_RL-only_seed9,a6544fd,2026-06-01T21:58:17,9,RL-only,minigrid,MiniGrid/MiniGrid-Empty-5x5-v0/FullyObsWrapper,3.1.0,minigrid-empty-5x5-fullyobs,1,40.0,40.0,0.0,1.0,16.0,strict_rollout_equivalent_max,0.75,39.0,39.0,615.3868000255898,615.3868000255898,693.2456999784335,614.71709999023,True,True,575.3868000255898,rollout_normalized,rollout-equivalent unit,1.0,RL,3.0,39,3,0,0,13,13,13,0.0,0.0,0.0,0.5,-1,1,2,39.0,39.0,39.0,False,False,0.0,0.0,0.0,False,0.0,0.0,False,0,0.0,0.0,0.0,19000,29000,Windows-AMD64-py3.14.3,self-contained local validation harness; charged-time accounting is disclosed by timing_mode,0.0,0.0,3.0,3.0,0.975,fixed
minigrid-empty-5x5-fullyobs_RL-only_seed9,a6544fd,2026-06-01T21:58:17,9,RL-only,minigrid,MiniGrid/MiniGrid-Empty-5x5-v0/FullyObsWrapper,3.1.0,minigrid-empty-5x5-fullyobs,2,40.0,40.0,0.0,1.0,16.0,strict_rollout_equivalent_max,0.75,39.0,39.0,598.8057000213303,598.8057000213303,675.399900006596,598.1394000700675,True,True,558.8057000213303,rollout_normalized,rollout-equivalent unit,1.0,RL,3.0,39,3,0,0,13,13,13,0.0,0.0,0.0,0.5,-1,1,2,39.0,39.0,39.0,False,False,0.0,0.0,0.0,False,0.0,0.0,False,0,0.0,0.0,0.0,19000,29000,Windows-AMD64-py3.14.3,self-contained local validation harness; charged-time accounting is disclosed by timing_mode,0.0,0.0,3.0,3.0,0.975,fixed
minigrid-empty-5x5-fullyobs_RL-only_seed9,a6544fd,2026-06-01T21:58:17,9,RL-only,minigrid,MiniGrid/MiniGrid-Empty-5x5-v0/FullyObsWrapper,3.1.0,minigrid-empty-5x5-fullyobs,3,40.0,40.0,0.0,1.0,16.0,strict_rollout_equivalent_max,0.75,39.0,39.0,614.3850999651477,614.3850999651477,693.6666999827139,613.7635000050068,True,True,574.3850999651477,rollout_normalized,rollout-equivalent unit,1.0,RL,3.0,39,3,0,0,13,13,13,0.0,0.0,0.0,0.5,-1,1,2,39.0,39.0,39.0,False,False,0.0,0.0,0.0,False,0.0,0.0,False,0,0.0,0.0,0.0,19000,29000,Windows-AMD64-py3.14.3,self-contained local validation harness; charged-time accounting is disclosed by timing_mode,0.0,0.0,3.0,3.0,0.975,fixed
minigrid-empty-5x5-fullyobs_RL-only_seed9,a6544fd,2026-06-01T21:58:17,9,RL-only,minigrid,MiniGrid/MiniGrid-Empty-5x5-v0/FullyObsWrapper,3.1.0,minigrid-empty-5x5-fullyobs,4,40.0,40.0,0.0,1.0,16.0,strict_rollout_equivalent_max,0.75,39.0,39.0,576.361800020095,576.361800020095,653.6894000018947,575.7530999253504,True,True,536.361800020095,rollout_normalized,rollout-equivalent unit,1.0,RL,3.0,39,3,0,0,13,13,13,0.0,0.0,0.0,0.5,-1,1,2,39.0,39.0,39.0,False,False,0.0,0.0,0.0,False,0.027000000000000024,0.0,False,0,0.0,0.0,0.0,19000,29000,Windows-AMD64-py3.14.3,self-contained local validation harness; charged-time accounting is disclosed by timing_mode,0.0,0.0,3.0,3.0,0.975,fixed
minigrid-empty-5x5-fullyobs_RL-only_seed9,a6544fd,2026-06-01T21:58:17,9,RL-only,minigrid,MiniGrid/MiniGrid-Empty-5x5-v0/FullyObsWrapper,3.1.0,minigrid-empty-5x5-fullyobs,5,40.0,40.0,0.0,1.0,16.0,strict_rollout_equivalent_max,0.75,39.0,39.0,628.6657999735326,628.6657999735326,705.9435999835841,628.0017000390217,True,True,588.6657999735326,rollout_normalized,rollout-equivalent unit,1.0,RL,3.0,39,3,0,0,13,13,13,0.0,0.0,0.0,0.5,-1,1,2,39.0,39.0,39.0,False,False,0.0,0.0,0.0,False,0.05400000000000001,0.0,False,0,0.0,0.0,0.0,19000,29000,Windows-AMD64-py3.14.3,self-contained local validation harness; charged-time accounting is disclosed by timing_mode,0.0,0.0,3.0,3.0,0.975,fixed
minigrid-empty-5x5-fullyobs_RL-only_seed9,a6544fd,2026-06-01T21:58:17,9,RL-only,minigrid,MiniGrid/MiniGrid-Empty-5x5-v0/FullyObsWrapper,3.1.0,minigrid-empty-5x5-fullyobs,6,40.0,40.0,0.0,1.0,16.0,strict_rollout_equivalent_max,0.75,39.0,39.0,576.2959999847226,576.2959999847226,653.1884999712929,575.5850000423379,True,True,536.2959999847226,rollout_normalized,rollout-equivalent unit,1.0,RL,3.0,39,3,0,0,13,13,13,0.0,0.0,0.0,0.5,-1,1,2,39.0,39.0,39.0,False,False,0.0,0.0,0.0,False,0.0,0.0,False,0,0.0,0.0,0.0,19000,29000,Windows-AMD64-py3.14.3,self-contained local validation harness; charged-time accounting is disclosed by timing_mode,0.0,0.0,3.0,3.0,0.975,fixed
minigrid-empty-5x5-fullyobs_RL-only_seed9,a6544fd,2026-06-01T21:58:17,9,RL-only,minigrid,MiniGrid/MiniGrid-Empty-5x5-v0/FullyObsWrapper,3.1.0,minigrid-empty-5x5-fullyobs,7,40.0,40.0,0.0,1.0,16.0,strict_rollout_equivalent_max,0.75,39.0,39.0,633.3237000508234,633.3237000508234,710.7197999721393,632.6624000212178,True,True,593.3237000508234,rollout_normalized,rollout-equivalent unit,1.0,RL,3.0,39,3,0,0,13,13,13,0.0,0.0,0.0,0.5,-1,1,2,39.0,39.0,39.0,False,False,0.0,0.0,0.0,False,0.0,0.0,False,0,0.0,0.0,0.0,19000,29000,Windows-AMD64-py3.14.3,self-contained local validation harness; charged-time accounting is disclosed by timing_mode,0.0,0.0,3.0,3.0,0.975,fixed
minigrid-empty-5x5-fullyobs_RL-only_seed9,a6544fd,2026-06-01T21:58:17,9,RL-only,minigrid,MiniGrid/MiniGrid-Empty-5x5-v0/FullyObsWrapper,3.1.0,minigrid-empty-5x5-fullyobs,8,40.0,40.0,0.0,1.0,16.0,strict_rollout_equivalent_max,0.75,39.0,39.0,585.2591999573633,585.2591999573633,663.3855000254698,584.6322999568656,True,True,545.2591999573633,rollout_normalized,rollout-equivalent unit,1.0,RL,3.0,39,3,0,0,13,13,13,0.0,0.0,0.0,0.5,-1,1,2,39.0,39.0,39.0,False,False,0.0,0.0,0.0,False,0.3093333333333333,0.0,False,0,0.0,0.0,0.0,19000,29000,Windows-AMD64-py3.14.3,self-contained local validation harness; charged-time accounting is disclosed by timing_mode,0.0,0.0,3.0,3.0,0.975,fixed
minigrid-empty-5x5-fullyobs_RL-only_seed9,a6544fd,2026-06-01T21:58:17,9,RL-only,minigrid,MiniGrid/MiniGrid-Empty-5x5-v0/FullyObsWrapper,3.1.0,minigrid-empty-5x5-fullyobs,9,40.0,40.0,0.0,1.0,16.0,strict_rollout_equivalent_max,0.75,39.0,39.0,570.1112999813631,570.1112999813631,648.157200019341,569.5359000819735,True,True,530.1112999813631,rollout_normalized,rollout-equivalent unit,1.0,RL,3.0,39,3,0,0,13,13,13,0.0,0.0,0.0,0.5,-1,1,2,39.0,39.0,39.0,False,False,0.0,0.0,0.0,False,0.2793333333333333,0.0,False,0,0.0,0.0,0.0,19000,29000,Windows-AMD64-py3.14.3,self-contained local validation harness; charged-time accounting is disclosed by timing_mode,0.0,0.0,3.0,3.0,0.975,fixed
minigrid-empty-5x5-fullyobs_RL-only_seed9,a6544fd,2026-06-01T21:58:17,9,RL-only,minigrid,MiniGrid/MiniGrid-Empty-5x5-v0/FullyObsWrapper,3.1.0,minigrid-empty-5x5-fullyobs,10,40.0,40.0,0.0,1.0,16.0,strict_rollout_equivalent_max,0.75,39.0,39.0,570.293299970217,570.293299970217,648.0731999618001,569.6773000527173,True,True,530.293299970217,rollout_normalized,rollout-equivalent unit,1.0,RL,3.0,39,3,0,0,13,13,13,0.0,0.0,0.0,0.5,-1,1,2,39.0,39.0,39.0,False,False,0.0,0.0,0.0,False,0.02100000000000002,0.0,False,0,0.0,0.0,0.0,19000,29000,Windows-AMD64-py3.14.3,self-contained local validation harness; charged-time accounting is disclosed by timing_mode,0.0,0.0,3.0,3.0,0.975,fixed
minigrid-empty-5x5-fullyobs_RL-only_seed9,a6544fd,2026-06-01T21:58:17,9,RL-only,minigrid,MiniGrid/MiniGrid-Empty-5x5-v0/FullyObsWrapper,3.1.0,minigrid-empty-5x5-fullyobs,11,40.0,40.0,0.0,1.0,16.0,strict_rollout_equivalent_max,0.75,39.0,39.0,586.697600025218,586.697600025218,664.8005000315607,586.0252999118529,True,True,546.697600025218,rollout_normalized,rollout-equivalent unit,1.0,RL,3.0,39,3,0,0,13,13,13,0.0,0.0,0.0,0.5,-1,1,2,39.0,39.0,39.0,False,False,0.0,0.0,0.0,False,0.027000000000000024,0.0,False,0,0.0,0.0,0.0,19000,29000,Windows-AMD64-py3.14.3,self-contained local validation harness; charged-time accounting is disclosed by timing_mode,0.0,0.0,3.0,3.0,0.975,fixed
minigrid-empty-5x5-fullyobs_fixed-split_seed0,a6544fd,2026-06-01T21:58:26,0,fixed-split,minigrid,MiniGrid/MiniGrid-Empty-5x5-v0/FullyObsWrapper,3.1.0,minigrid-empty-5x5-fullyobs,0,40.0,40.0,0.0,1.0,16.0,strict_rollout_equivalent_max,0.75,39.0,39.0,686.8230000254698,686.8230000254698,712.5945000443608,686.0634999466129,True,True,646.8230000254698,rollout_normalized,rollout-equivalent unit,1.0,GA,2.0,39,2,5,4,3,12,12,0.9549999999999998,0.9549999999999998,1.0,0.5,32,1,2,39.0,39.0,39.0,False,False,0.0,0.0,1.0372299338996565,True,0.046453033541906885,0.0,True,15,0.0,0.0,0.0,10000,20000,Windows-AMD64-py3.14.3,self-contained local validation harness; charged-time accounting is disclosed by timing_mode,2.0,2.0,7.0,2.0,0.975,fixed
minigrid-empty-5x5-fullyobs_fixed-split_seed0,a6544fd,2026-06-01T21:58:26,0,fixed-split,minigrid,MiniGrid/MiniGrid-Empty-5x5-v0/FullyObsWrapper,3.1.0,minigrid-empty-5x5-fullyobs,1,40.0,40.0,0.0,1.0,16.0,strict_rollout_equivalent_max,0.75,39.0,39.0,655.0147000234574,655.0147000234574,679.4358000042848,654.2979999212548,True,True,615.0147000234574,rollout_normalized,rollout-equivalent unit,1.0,GA,2.0,39,2,5,4,3,12,12,0.9549999999999998,0.9549999999999998,1.0,0.5,32,1,2,39.0,39.0,39.0,False,False,0.0,0.0,1.0068822422935484,True,0.059890164901161835,5.551115123125783e-17,True,15,0.0,0.0,0.0,10000,20000,Windows-AMD64-py3.14.3,self-contained local validation harness; charged-time accounting is disclosed by timing_mode,2.0,2.0,7.0,2.0,0.975,fixed
minigrid-empty-5x5-fullyobs_fixed-split_seed0,a6544fd,2026-06-01T21:58:26,0,fixed-split,minigrid,MiniGrid/MiniGrid-Empty-5x5-v0/FullyObsWrapper,3.1.0,minigrid-empty-5x5-fullyobs,2,40.0,40.0,0.0,1.0,16.0,strict_rollout_equivalent_max,0.75,39.0,39.0,650.8965999819338,650.8965999819338,674.7921999776736,650.1119000604376,True,True,610.8965999819338,rollout_normalized,rollout-equivalent unit,1.0,GA,2.0,39,2,5,4,3,12,12,0.9549999999999998,0.9549999999999998,1.0,0.5,32,1,2,39.0,39.0,39.0,False,False,0.0,0.0,0.9529425141994408,True,0.05319014601027483,0.0,True,15,0.0,0.0,0.0,10000,20000,Windows-AMD64-py3.14.3,self-contained local validation harness; charged-time accounting is disclosed by timing_mode,2.0,2.0,7.0,2.0,0.975,fixed
minigrid-empty-5x5-fullyobs_fixed-split_seed0,a6544fd,2026-06-01T21:58:26,0,fixed-split,minigrid,MiniGrid/MiniGrid-Empty-5x5-v0/FullyObsWrapper,3.1.0,minigrid-empty-5x5-fullyobs,3,40.0,40.0,0.0,1.0,16.0,strict_rollout_equivalent_max,0.75,39.0,39.0,671.3663000264205,671.3663000264205,695.6563999992795,670.6138000590727,True,True,631.3663000264205,rollout_normalized,rollout-equivalent unit,1.0,GA,2.0,39,2,5,4,3,12,12,0.9549999999999998,0.9549999999999998,1.0,0.5,32,1,2,39.0,39.0,39.0,False,False,0.0,0.0,0.9529425141994408,True,0.0386364947442025,0.0,True,15,0.0,0.0,0.0,10000,20000,Windows-AMD64-py3.14.3,self-contained local validation harness; charged-time accounting is disclosed by timing_mode,2.0,2.0,7.0,2.0,0.975,fixed
minigrid-empty-5x5-fullyobs_fixed-split_seed0,a6544fd,2026-06-01T21:58:26,0,fixed-split,minigrid,MiniGrid/MiniGrid-Empty-5x5-v0/FullyObsWrapper,3.1.0,minigrid-empty-5x5-fullyobs,4,40.0,40.0,0.0,1.0,16.0,strict_rollout_equivalent_max,0.75,39.0,39.0,692.3530999920331,692.3530999920331,716.7830999824218,691.6039999923669,True,True,652.3530999920331,rollout_normalized,rollout-equivalent unit,1.0,GA,2.0,39,2,5,4,3,12,12,0.9549999999999998,0.9549999999999998,1.0,0.5,32,1,2,39.0,39.0,39.0,False,False,0.0,0.0,0.9529425141994408,True,0.04053325250958195,0.0,True,15,0.0,0.0,0.0,10000,20000,Windows-AMD64-py3.14.3,self-contained local validation harness; charged-time accounting is disclosed by timing_mode,2.0,2.0,7.0,2.0,0.975,fixed
minigrid-empty-5x5-fullyobs_fixed-split_seed0,a6544fd,2026-06-01T21:58:26,0,fixed-split,minigrid,MiniGrid/MiniGrid-Empty-5x5-v0/FullyObsWrapper,3.1.0,minigrid-empty-5x5-fullyobs,5,40.0,40.0,0.0,1.0,16.0,strict_rollout_equivalent_max,0.75,39.0,39.0,703.5837000003085,703.5837000003085,730.0502000143752,702.8362999553792,True,True,663.5837000003085,rollout_normalized,rollout-equivalent unit,1.0,GA,2.0,39,2,5,4,3,12,12,0.9549999999999998,0.9549999999999998,1.0,0.5,32,1,2,39.0,39.0,39.0,False,False,0.0,0.0,0.9529425141994408,True,0.04744882884796997,0.0,True,15,0.0,0.0,0.0,10000,20000,Windows-AMD64-py3.14.3,self-contained local validation harness; charged-time accounting is disclosed by timing_mode,2.0,2.0,7.0,2.0,0.975,fixed
minigrid-empty-5x5-fullyobs_fixed-split_seed0,a6544fd,2026-06-01T21:58:26,0,fixed-split,minigrid,MiniGrid/MiniGrid-Empty-5x5-v0/FullyObsWrapper,3.1.0,minigrid-empty-5x5-fullyobs,6,40.0,40.0,0.0,1.0,16.0,strict_rollout_equivalent_max,0.75,39.0,39.0,676.7875999794342,676.7875999794342,700.5832000286318,676.1093000532128,True,True,636.7875999794342,rollout_normalized,rollout-equivalent unit,1.0,GA,2.0,39,2,5,4,3,12,12,0.9549999999999998,0.9549999999999998,1.0,0.5,32,1,2,39.0,39.0,39.0,False,False,0.0,0.0,0.9529425141994408,True,0.04653087828914848,0.0,True,15,0.0,0.0,0.0,10000,20000,Windows-AMD64-py3.14.3,self-contained local validation harness; charged-time accounting is disclosed by timing_mode,2.0,2.0,7.0,2.0,0.975,fixed
minigrid-empty-5x5-fullyobs_fixed-split_seed0,a6544fd,2026-06-01T21:58:26,0,fixed-split,minigrid,MiniGrid/MiniGrid-Empty-5x5-v0/FullyObsWrapper,3.1.0,minigrid-empty-5x5-fullyobs,7,40.0,40.0,0.0,1.0,16.0,strict_rollout_equivalent_max,0.75,39.0,39.0,672.3853999865241,672.3853999865241,696.131200005766,671.7379000037909,True,True,632.3853999865241,rollout_normalized,rollout-equivalent unit,1.0,GA,2.0,39,2,5,4,3,12,12,0.9549999999999998,0.9549999999999998,1.0,0.5,32,1,2,39.0,39.0,39.0,False,False,0.0,0.0,0.8978784330720035,True,0.04434558714144354,0.0,True,15,0.0,0.0,0.0,10000,20000,Windows-AMD64-py3.14.3,self-contained local validation harness; charged-time accounting is disclosed by timing_mode,2.0,2.0,7.0,2.0,0.975,fixed
minigrid-empty-5x5-fullyobs_fixed-split_seed0,a6544fd,2026-06-01T21:58:26,0,fixed-split,minigrid,MiniGrid/MiniGrid-Empty-5x5-v0/FullyObsWrapper,3.1.0,minigrid-empty-5x5-fullyobs,8,40.0,40.0,0.0,1.0,16.0,strict_rollout_equivalent_max,0.75,39.0,39.0,667.3328999895602,667.3328999895602,691.5910999523476,666.602999845054,True,True,627.3328999895602,rollout_normalized,rollout-equivalent unit,1.0,GA,2.0,39,2,5,4,3,12,12,0.9549999999999998,0.9549999999999998,1.0,0.5,32,1,2,39.0,39.0,39.0,False,False,0.0,0.0,0.8616040555774528,True,0.04701906243822562,0.0,True,15,0.0,0.0,0.0,10000,20000,Windows-AMD64-py3.14.3,self-contained local validation harness; charged-time accounting is disclosed by timing_mode,2.0,2.0,7.0,2.0,0.975,fixed
minigrid-empty-5x5-fullyobs_fixed-split_seed0,a6544fd,2026-06-01T21:58:26,0,fixed-split,minigrid,MiniGrid/MiniGrid-Empty-5x5-v0/FullyObsWrapper,3.1.0,minigrid-empty-5x5-fullyobs,9,40.0,40.0,0.0,1.0,16.0,strict_rollout_equivalent_max,0.75,39.0,39.0,663.7437999597751,663.7437999597751,687.972699990496,663.0089999525808,True,True,623.7437999597751,rollout_normalized,rollout-equivalent unit,1.0,GA,2.0,39,2,5,4,3,12,12,0.9549999999999998,0.9549999999999998,1.0,0.5,32,1,2,39.0,39.0,39.0,False,False,0.0,0.0,0.8060123790187832,True,0.053601741693313665,0.0,True,15,0.0,0.0,0.0,10000,20000,Windows-AMD64-py3.14.3,self-contained local validation harness; charged-time accounting is disclosed by timing_mode,2.0,2.0,7.0,2.0,0.975,fixed
minigrid-empty-5x5-fullyobs_fixed-split_seed0,a6544fd,2026-06-01T21:58:26,0,fixed-split,minigrid,MiniGrid/MiniGrid-Empty-5x5-v0/FullyObsWrapper,3.1.0,minigrid-empty-5x5-fullyobs,10,40.0,40.0,0.0,1.0,16.0,strict_rollout_equivalent_max,0.75,39.0,39.0,732.9071999993175,732.9071999993175,756.7597000161186,732.2001998545602,True,True,692.9071999993175,rollout_normalized,rollout-equivalent unit,1.0,GA,2.0,39,2,5,4,3,12,12,0.9549999999999998,0.9549999999999998,1.0,0.5,32,1,2,39.0,39.0,39.0,False,False,0.0,0.0,0.8060123790187832,True,0.05768431112337446,0.0,True,15,0.0,0.0,0.0,10000,20000,Windows-AMD64-py3.14.3,self-contained local validation harness; charged-time accounting is disclosed by timing_mode,2.0,2.0,7.0,2.0,0.975,fixed
minigrid-empty-5x5-fullyobs_fixed-split_seed0,a6544fd,2026-06-01T21:58:26,0,fixed-split,minigrid,MiniGrid/MiniGrid-Empty-5x5-v0/FullyObsWrapper,3.1.0,minigrid-empty-5x5-fullyobs,11,40.0,40.0,0.0,1.0,16.0,strict_rollout_equivalent_max,0.75,39.0,39.0,676.2470999965444,676.2470999965444,701.458299998194,675.5370000610128,True,True,636.2470999965444,rollout_normalized,rollout-equivalent unit,1.0,GA,2.0,39,2,5,4,3,12,12,0.9549999999999998,0.9549999999999998,1.0,0.5,32,1,2,39.0,39.0,39.0,False,False,0.0,0.0,0.7150383696228575,True,0.05279675289938335,0.0,True,15,0.0,0.0,0.0,10000,20000,Windows-AMD64-py3.14.3,self-contained local validation harness; charged-time accounting is disclosed by timing_mode,2.0,2.0,7.0,2.0,0.975,fixed
minigrid-empty-5x5-fullyobs_fixed-split_seed1,a6544fd,2026-06-01T21:58:35,1,fixed-split,minigrid,MiniGrid/MiniGrid-Empty-5x5-v0/FullyObsWrapper,3.1.0,minigrid-empty-5x5-fullyobs,0,40.0,40.0,0.0,1.0,16.0,strict_rollout_equivalent_max,0.75,39.0,39.0,684.5662000123411,684.5662000123411,762.4913000036031,683.8604000513442,True,True,644.5662000123411,rollout_normalized,rollout-equivalent unit,1.0,GA,2.0,39,2,5,4,3,12,12,0.0,0.0,0.0,0.5,-1,1,2,39.0,39.0,39.0,False,False,0.0,0.0,1.114184163303725,True,0.05612943149075656,0.0,True,15,0.0,0.0,0.0,11000,21000,Windows-AMD64-py3.14.3,self-contained local validation harness; charged-time accounting is disclosed by timing_mode,2.0,2.0,7.0,2.0,0.975,fixed
minigrid-empty-5x5-fullyobs_fixed-split_seed1,a6544fd,2026-06-01T21:58:35,1,fixed-split,minigrid,MiniGrid/MiniGrid-Empty-5x5-v0/FullyObsWrapper,3.1.0,minigrid-empty-5x5-fullyobs,1,40.0,40.0,0.0,1.0,16.0,strict_rollout_equivalent_max,0.75,39.0,39.0,647.848199994769,647.848199994769,725.0053000170738,647.2097999067046,True,True,607.848199994769,rollout_normalized,rollout-equivalent unit,1.0,GA,2.0,39,2,5,4,3,12,12,0.0,0.0,0.0,0.5,-1,1,2,39.0,39.0,39.0,False,False,0.0,0.0,1.114184163303725,True,0.044154428407677804,0.0,True,15,0.0,0.0,0.0,11000,21000,Windows-AMD64-py3.14.3,self-contained local validation harness; charged-time accounting is disclosed by timing_mode,2.0,2.0,7.0,2.0,0.975,fixed
minigrid-empty-5x5-fullyobs_fixed-split_seed1,a6544fd,2026-06-01T21:58:35,1,fixed-split,minigrid,MiniGrid/MiniGrid-Empty-5x5-v0/FullyObsWrapper,3.1.0,minigrid-empty-5x5-fullyobs,2,40.0,40.0,0.0,1.0,16.0,strict_rollout_equivalent_max,0.75,39.0,39.0,681.4196999766864,681.4196999766864,759.2616999754682,680.7042000000365,True,True,641.4196999766864,rollout_normalized,rollout-equivalent unit,1.0,GA,2.0,39,2,5,4,3,12,12,0.0,0.0,0.0,0.5,-1,1,2,39.0,39.0,39.0,False,False,0.0,0.0,1.114184163303725,True,0.04954507050756108,0.0,True,15,0.0,0.0,0.0,11000,21000,Windows-AMD64-py3.14.3,self-contained local validation harness; charged-time accounting is disclosed by timing_mode,2.0,2.0,7.0,2.0,0.975,fixed
minigrid-empty-5x5-fullyobs_fixed-split_seed1,a6544fd,2026-06-01T21:58:35,1,fixed-split,minigrid,MiniGrid/MiniGrid-Empty-5x5-v0/FullyObsWrapper,3.1.0,minigrid-empty-5x5-fullyobs,3,40.0,40.0,0.0,1.0,16.0,strict_rollout_equivalent_max,0.75,39.0,39.0,653.0025000101887,653.0025000101887,732.2702999808826,652.2491000359878,True,True,613.0025000101887,rollout_normalized,rollout-equivalent unit,1.0,GA,2.0,39,2,5,4,3,12,12,0.0,0.0,0.0,0.5,-1,1,2,39.0,39.0,39.0,False,False,0.0,0.0,1.114184163303725,True,0.051978472293090265,0.0,True,15,0.0,0.0,0.0,11000,21000,Windows-AMD64-py3.14.3,self-contained local validation harness; charged-time accounting is disclosed by timing_mode,2.0,2.0,7.0,2.0,0.975,fixed
minigrid-empty-5x5-fullyobs_fixed-split_seed1,a6544fd,2026-06-01T21:58:35,1,fixed-split,minigrid,MiniGrid/MiniGrid-Empty-5x5-v0/FullyObsWrapper,3.1.0,minigrid-empty-5x5-fullyobs,4,40.0,40.0,0.0,1.0,16.0,strict_rollout_equivalent_max,0.75,39.0,39.0,653.7584000034258,653.7584000034258,731.4521000371315,653.0755999847315,True,True,613.7584000034258,rollout_normalized,rollout-equivalent unit,1.0,GA,2.0,39,2,5,4,3,12,12,0.0,0.0,0.0,0.5,-1,1,2,39.0,39.0,39.0,False,False,0.0,0.0,1.114184163303725,True,0.03983674024081829,0.0,True,15,0.0,0.0,0.0,11000,21000,Windows-AMD64-py3.14.3,self-contained local validation harness; charged-time accounting is disclosed by timing_mode,2.0,2.0,7.0,2.0,0.975,fixed
minigrid-empty-5x5-fullyobs_fixed-split_seed1,a6544fd,2026-06-01T21:58:35,1,fixed-split,minigrid,MiniGrid/MiniGrid-Empty-5x5-v0/FullyObsWrapper,3.1.0,minigrid-empty-5x5-fullyobs,5,40.0,40.0,0.0,1.0,16.0,strict_rollout_equivalent_max,0.75,39.0,39.0,660.1287000230514,660.1287000230514,738.0076000117697,659.3934999546036,True,True,620.1287000230514,rollout_normalized,rollout-equivalent unit,1.0,GA,2.0,39,2,5,4,3,12,12,0.0,0.0,0.0,0.5,-1,1,2,39.0,39.0,39.0,False,False,0.0,0.0,1.114184163303725,True,0.04950950278276589,0.0,True,15,0.0,0.0,0.0,11000,21000,Windows-AMD64-py3.14.3,self-contained local validation harness; charged-time accounting is disclosed by timing_mode,2.0,2.0,7.0,2.0,0.975,fixed
minigrid-empty-5x5-fullyobs_fixed-split_seed1,a6544fd,2026-06-01T21:58:35,1,fixed-split,minigrid,MiniGrid/MiniGrid-Empty-5x5-v0/FullyObsWrapper,3.1.0,minigrid-empty-5x5-fullyobs,6,40.0,40.0,0.0,1.0,16.0,strict_rollout_equivalent_max,0.75,39.0,39.0,652.2681000060402,652.2681000060402,732.8242000075988,651.5741999028251,True,True,612.2681000060402,rollout_normalized,rollout-equivalent unit,1.0,GA,2.0,39,2,5,4,3,12,12,0.0,0.0,0.0,0.5,-1,1,2,39.0,39.0,39.0,False,False,0.0,0.0,1.114184163303725,True,0.06175950991053436,0.0,True,15,0.0,0.0,0.0,11000,21000,Windows-AMD64-py3.14.3,self-contained local validation harness; charged-time accounting is disclosed by timing_mode,2.0,2.0,7.0,2.0,0.975,fixed
minigrid-empty-5x5-fullyobs_fixed-split_seed1,a6544fd,2026-06-01T21:58:35,1,fixed-split,minigrid,MiniGrid/MiniGrid-Empty-5x5-v0/FullyObsWrapper,3.1.0,minigrid-empty-5x5-fullyobs,7,40.0,40.0,0.0,1.0,16.0,strict_rollout_equivalent_max,0.75,39.0,39.0,640.3422000003047,640.3422000003047,717.404399998486,639.5955000189133,True,True,600.3422000003047,rollout_normalized,rollout-equivalent unit,1.0,GA,2.0,39,2,5,4,3,12,12,0.0,0.0,0.0,0.5,-1,1,2,39.0,39.0,39.0,False,False,0.0,0.0,1.114184163303725,True,0.06111397629821824,0.0,True,15,0.0,0.0,0.0,11000,21000,Windows-AMD64-py3.14.3,self-contained local validation harness; charged-time accounting is disclosed by timing_mode,2.0,2.0,7.0,2.0,0.975,fixed
minigrid-empty-5x5-fullyobs_fixed-split_seed1,a6544fd,2026-06-01T21:58:35,1,fixed-split,minigrid,MiniGrid/MiniGrid-Empty-5x5-v0/FullyObsWrapper,3.1.0,minigrid-empty-5x5-fullyobs,8,40.0,40.0,0.0,1.0,16.0,strict_rollout_equivalent_max,0.75,39.0,39.0,667.2076999675483,667.2076999675483,748.0849999701604,666.4883000194095,True,True,627.2076999675483,rollout_normalized,rollout-equivalent unit,1.0,GA,2.0,39,2,5,4,3,12,12,0.0,0.0,0.0,0.5,-1,1,2,39.0,39.0,39.0,False,False,0.0,0.0,1.114184163303725,True,0.06171575885992664,0.0,True,15,0.0,0.0,0.0,11000,21000,Windows-AMD64-py3.14.3,self-contained local validation harness; charged-time accounting is disclosed by timing_mode,2.0,2.0,7.0,2.0,0.975,fixed
minigrid-empty-5x5-fullyobs_fixed-split_seed1,a6544fd,2026-06-01T21:58:35,1,fixed-split,minigrid,MiniGrid/MiniGrid-Empty-5x5-v0/FullyObsWrapper,3.1.0,minigrid-empty-5x5-fullyobs,9,40.0,40.0,0.0,1.0,16.0,strict_rollout_equivalent_max,0.75,39.0,39.0,657.2079000179656,657.2079000179656,734.054800006561,656.488900014665,True,True,617.2079000179656,rollout_normalized,rollout-equivalent unit,1.0,GA,2.0,39,2,5,4,3,12,12,0.0,0.0,0.0,0.5,-1,1,2,39.0,39.0,39.0,False,False,0.0,0.0,1.114184163303725,True,0.07794784722520087,0.0,True,15,0.0,0.0,0.0,11000,21000,Windows-AMD64-py3.14.3,self-contained local validation harness; charged-time accounting is disclosed by timing_mode,2.0,2.0,7.0,2.0,0.975,fixed
minigrid-empty-5x5-fullyobs_fixed-split_seed1,a6544fd,2026-06-01T21:58:35,1,fixed-split,minigrid,MiniGrid/MiniGrid-Empty-5x5-v0/FullyObsWrapper,3.1.0,minigrid-empty-5x5-fullyobs,10,40.0,40.0,0.0,1.0,16.0,strict_rollout_equivalent_max,0.75,39.0,39.0,634.6812000265345,634.6812000265345,713.0540999933146,633.9486999786459,True,True,594.6812000265345,rollout_normalized,rollout-equivalent unit,1.0,GA,2.0,39,2,5,4,3,12,12,0.0,0.0,0.0,0.5,-1,1,2,39.0,39.0,39.0,False,False,0.0,0.0,1.114184163303725,True,0.05849514465981831,0.0,True,15,0.0,0.0,0.0,11000,21000,Windows-AMD64-py3.14.3,self-contained local validation harness; charged-time accounting is disclosed by timing_mode,2.0,2.0,7.0,2.0,0.975,fixed
minigrid-empty-5x5-fullyobs_fixed-split_seed1,a6544fd,2026-06-01T21:58:35,1,fixed-split,minigrid,MiniGrid/MiniGrid-Empty-5x5-v0/FullyObsWrapper,3.1.0,minigrid-empty-5x5-fullyobs,11,40.0,40.0,0.0,1.0,16.0,strict_rollout_equivalent_max,0.75,39.0,39.0,664.2312999465503,664.2312999465503,743.9658000366762,663.4492000448518,True,True,624.2312999465503,rollout_normalized,rollout-equivalent unit,1.0,GA,2.0,39,2,5,4,3,12,12,0.0,0.0,0.0,0.5,-1,1,2,39.0,39.0,39.0,False,False,0.0,0.0,1.114184163303725,True,0.0520139765347869,0.0,True,15,0.0,0.0,0.0,11000,21000,Windows-AMD64-py3.14.3,self-contained local validation harness; charged-time accounting is disclosed by timing_mode,2.0,2.0,7.0,2.0,0.975,fixed
minigrid-empty-5x5-fullyobs_fixed-split_seed2,a6544fd,2026-06-01T21:58:44,2,fixed-split,minigrid,MiniGrid/MiniGrid-Empty-5x5-v0/FullyObsWrapper,3.1.0,minigrid-empty-5x5-fullyobs,0,40.0,40.0,0.0,1.0,16.0,strict_rollout_equivalent_max,0.75,39.0,39.0,676.1335000046529,676.1335000046529,778.171099955216,675.3968999837525,True,True,636.1335000046529,rollout_normalized,rollout-equivalent unit,1.0,GA,2.0,39,2,5,4,3,12,12,0.0,0.0,0.0,0.5,-1,1,2,39.0,39.0,39.0,False,False,0.0,0.0,1.0348231409227577,True,0.05680284881548969,0.0,True,15,0.0,0.0,0.0,12000,22000,Windows-AMD64-py3.14.3,self-contained local validation harness; charged-time accounting is disclosed by timing_mode,2.0,2.0,7.0,2.0,0.975,fixed
minigrid-empty-5x5-fullyobs_fixed-split_seed2,a6544fd,2026-06-01T21:58:44,2,fixed-split,minigrid,MiniGrid/MiniGrid-Empty-5x5-v0/FullyObsWrapper,3.1.0,minigrid-empty-5x5-fullyobs,1,40.0,40.0,0.0,1.0,16.0,strict_rollout_equivalent_max,0.75,39.0,39.0,690.8894999651238,690.8894999651238,791.76870000083,690.1137999375351,True,True,650.8894999651238,rollout_normalized,rollout-equivalent unit,1.0,GA,2.0,39,2,5,4,3,12,12,0.0,0.0,0.0,0.5,-1,1,2,39.0,39.0,39.0,False,False,0.0,0.0,1.0348231409227577,True,0.04976785965125696,0.0,True,15,0.0,0.0,0.0,12000,22000,Windows-AMD64-py3.14.3,self-contained local validation harness; charged-time accounting is disclosed by timing_mode,2.0,2.0,7.0,2.0,0.975,fixed
minigrid-empty-5x5-fullyobs_fixed-split_seed2,a6544fd,2026-06-01T21:58:44,2,fixed-split,minigrid,MiniGrid/MiniGrid-Empty-5x5-v0/FullyObsWrapper,3.1.0,minigrid-empty-5x5-fullyobs,2,40.0,40.0,0.0,1.0,16.0,strict_rollout_equivalent_max,0.75,39.0,39.0,685.4551999713294,685.4551999713294,786.3565000006929,684.8119999049231,True,True,645.4551999713294,rollout_normalized,rollout-equivalent unit,1.0,GA,2.0,39,2,5,4,3,12,12,0.0,0.0,0.0,0.5,-1,1,2,39.0,39.0,39.0,False,False,0.0,0.0,1.0348231409227577,True,0.05368779155519921,0.0,True,15,0.0,0.0,0.0,12000,22000,Windows-AMD64-py3.14.3,self-contained local validation harness; charged-time accounting is disclosed by timing_mode,2.0,2.0,7.0,2.0,0.975,fixed
minigrid-empty-5x5-fullyobs_fixed-split_seed2,a6544fd,2026-06-01T21:58:44,2,fixed-split,minigrid,MiniGrid/MiniGrid-Empty-5x5-v0/FullyObsWrapper,3.1.0,minigrid-empty-5x5-fullyobs,3,40.0,40.0,0.0,1.0,16.0,strict_rollout_equivalent_max,0.75,39.0,39.0,685.792299977038,685.792299977038,784.5927000162192,685.0733999744989,True,True,645.792299977038,rollout_normalized,rollout-equivalent unit,1.0,GA,2.0,39,2,5,4,3,12,12,0.0,0.0,0.0,0.5,-1,1,2,39.0,39.0,39.0,False,False,0.0,0.0,1.0348231409227577,True,0.04670731197681355,0.0,True,15,0.0,0.0,0.0,12000,22000,Windows-AMD64-py3.14.3,self-contained local validation harness; charged-time accounting is disclosed by timing_mode,2.0,2.0,7.0,2.0,0.975,fixed
minigrid-empty-5x5-fullyobs_fixed-split_seed2,a6544fd,2026-06-01T21:58:44,2,fixed-split,minigrid,MiniGrid/MiniGrid-Empty-5x5-v0/FullyObsWrapper,3.1.0,minigrid-empty-5x5-fullyobs,4,40.0,40.0,0.0,1.0,16.0,strict_rollout_equivalent_max,0.75,39.0,39.0,660.787699976936,660.787699976936,760.3811000008136,660.1446000277065,True,True,620.787699976936,rollout_normalized,rollout-equivalent unit,1.0,GA,2.0,39,2,5,4,3,12,12,0.0,0.0,0.0,0.5,-1,1,2,39.0,39.0,39.0,False,False,0.0,0.0,1.0348231409227577,True,0.054177003591647115,0.0,True,15,0.0,0.0,0.0,12000,22000,Windows-AMD64-py3.14.3,self-contained local validation harness; charged-time accounting is disclosed by timing_mode,2.0,2.0,7.0,2.0,0.975,fixed
minigrid-empty-5x5-fullyobs_fixed-split_seed2,a6544fd,2026-06-01T21:58:44,2,fixed-split,minigrid,MiniGrid/MiniGrid-Empty-5x5-v0/FullyObsWrapper,3.1.0,minigrid-empty-5x5-fullyobs,5,40.0,40.0,0.0,1.0,16.0,strict_rollout_equivalent_max,0.75,39.0,39.0,709.3039000174031,709.3039000174031,809.7399999969639,708.6057999404147,True,True,669.3039000174031,rollout_normalized,rollout-equivalent unit,1.0,GA,2.0,39,2,5,4,3,12,12,0.0,0.0,0.0,0.5,-1,1,2,39.0,39.0,39.0,False,False,0.0,0.0,1.0348231409227577,True,0.0428344707676338,0.0,True,15,0.0,0.0,0.0,12000,22000,Windows-AMD64-py3.14.3,self-contained local validation harness; charged-time accounting is disclosed by timing_mode,2.0,2.0,7.0,2.0,0.975,fixed
minigrid-empty-5x5-fullyobs_fixed-split_seed2,a6544fd,2026-06-01T21:58:44,2,fixed-split,minigrid,MiniGrid/MiniGrid-Empty-5x5-v0/FullyObsWrapper,3.1.0,minigrid-empty-5x5-fullyobs,6,40.0,40.0,0.0,1.0,16.0,strict_rollout_equivalent_max,0.75,39.0,39.0,659.2083999421448,659.2083999421448,758.0020999885164,658.4496999275871,True,True,619.2083999421448,rollout_normalized,rollout-equivalent unit,1.0,GA,2.0,39,2,5,4,3,12,12,0.0,0.0,0.0,0.5,-1,1,2,39.0,39.0,39.0,False,False,0.0,0.0,1.0348231409227577,True,0.04454783573135246,0.0,True,15,0.0,0.0,0.0,12000,22000,Windows-AMD64-py3.14.3,self-contained local validation harness; charged-time accounting is disclosed by timing_mode,2.0,2.0,7.0,2.0,0.975,fixed
minigrid-empty-5x5-fullyobs_fixed-split_seed2,a6544fd,2026-06-01T21:58:44,2,fixed-split,minigrid,MiniGrid/MiniGrid-Empty-5x5-v0/FullyObsWrapper,3.1.0,minigrid-empty-5x5-fullyobs,7,40.0,40.0,0.0,1.0,16.0,strict_rollout_equivalent_max,0.75,39.0,39.0,701.4944000402465,701.4944000402465,803.3378000254743,700.6881998968311,True,True,661.4944000402465,rollout_normalized,rollout-equivalent unit,1.0,GA,2.0,39,2,5,4,3,12,12,0.0,0.0,0.0,0.5,-1,1,2,39.0,39.0,39.0,False,False,0.0,0.0,1.0348231409227577,True,0.040313026243739114,0.0,True,15,0.0,0.0,0.0,12000,22000,Windows-AMD64-py3.14.3,self-contained local validation harness; charged-time accounting is disclosed by timing_mode,2.0,2.0,7.0,2.0,0.975,fixed
minigrid-empty-5x5-fullyobs_fixed-split_seed2,a6544fd,2026-06-01T21:58:44,2,fixed-split,minigrid,MiniGrid/MiniGrid-Empty-5x5-v0/FullyObsWrapper,3.1.0,minigrid-empty-5x5-fullyobs,8,40.0,40.0,0.0,1.0,16.0,strict_rollout_equivalent_max,0.75,39.0,39.0,670.4916000016965,670.4916000016965,769.8483999702148,669.8464999790303,True,True,630.4916000016965,rollout_normalized,rollout-equivalent unit,1.0,GA,2.0,39,2,5,4,3,12,12,0.0,0.0,0.0,0.5,-1,1,2,39.0,39.0,39.0,False,False,0.0,0.0,1.0348231409227577,True,0.04864687930326661,0.0,True,15,0.0,0.0,0.0,12000,22000,Windows-AMD64-py3.14.3,self-contained local validation harness; charged-time accounting is disclosed by timing_mode,2.0,2.0,7.0,2.0,0.975,fixed
minigrid-empty-5x5-fullyobs_fixed-split_seed2,a6544fd,2026-06-01T21:58:44,2,fixed-split,minigrid,MiniGrid/MiniGrid-Empty-5x5-v0/FullyObsWrapper,3.1.0,minigrid-empty-5x5-fullyobs,9,40.0,40.0,0.0,1.0,16.0,strict_rollout_equivalent_max,0.75,39.0,39.0,644.711000029929,644.711000029929,744.601100042928,643.8470999710262,True,True,604.711000029929,rollout_normalized,rollout-equivalent unit,1.0,GA,2.0,39,2,5,4,3,12,12,0.0,0.0,0.0,0.5,-1,1,2,39.0,39.0,39.0,False,False,0.0,0.0,1.0348231409227577,True,0.049134539748727724,0.0,True,15,0.0,0.0,0.0,12000,22000,Windows-AMD64-py3.14.3,self-contained local validation harness; charged-time accounting is disclosed by timing_mode,2.0,2.0,7.0,2.0,0.975,fixed
minigrid-empty-5x5-fullyobs_fixed-split_seed2,a6544fd,2026-06-01T21:58:44,2,fixed-split,minigrid,MiniGrid/MiniGrid-Empty-5x5-v0/FullyObsWrapper,3.1.0,minigrid-empty-5x5-fullyobs,10,40.0,40.0,0.0,1.0,16.0,strict_rollout_equivalent_max,0.75,39.0,39.0,671.1205000174232,671.1205000174232,773.534300038591,670.4587999847718,True,True,631.1205000174232,rollout_normalized,rollout-equivalent unit,1.0,GA,2.0,39,2,5,4,3,12,12,0.0,0.0,0.0,0.5,-1,1,2,39.0,39.0,39.0,False,False,0.0,0.0,1.0348231409227577,True,0.048478623690508815,0.0,True,15,0.0,0.0,0.0,12000,22000,Windows-AMD64-py3.14.3,self-contained local validation harness; charged-time accounting is disclosed by timing_mode,2.0,2.0,7.0,2.0,0.975,fixed
minigrid-empty-5x5-fullyobs_fixed-split_seed2,a6544fd,2026-06-01T21:58:44,2,fixed-split,minigrid,MiniGrid/MiniGrid-Empty-5x5-v0/FullyObsWrapper,3.1.0,minigrid-empty-5x5-fullyobs,11,40.0,40.0,0.0,1.0,16.0,strict_rollout_equivalent_max,0.75,39.0,39.0,688.0822000093758,688.0822000093758,790.7285999972373,687.3378998716362,True,True,648.0822000093758,rollout_normalized,rollout-equivalent unit,1.0,GA,2.0,39,2,5,4,3,12,12,0.0,0.0,0.0,0.5,-1,1,2,39.0,39.0,39.0,False,False,0.0,0.0,1.0348231409227577,True,0.0472345685253277,0.0,True,15,0.0,0.0,0.0,12000,22000,Windows-AMD64-py3.14.3,self-contained local validation harness; charged-time accounting is disclosed by timing_mode,2.0,2.0,7.0,2.0,0.975,fixed
minigrid-empty-5x5-fullyobs_fixed-split_seed3,a6544fd,2026-06-01T21:58:54,3,fixed-split,minigrid,MiniGrid/MiniGrid-Empty-5x5-v0/FullyObsWrapper,3.1.0,minigrid-empty-5x5-fullyobs,0,40.0,40.0,0.0,1.0,16.0,strict_rollout_equivalent_max,0.75,39.0,39.0,648.8653999986127,648.8653999986127,732.1242999751121,648.1554000056349,True,True,608.8653999986127,rollout_normalized,rollout-equivalent unit,1.0,GA,2.0,39,2,5,4,3,12,12,0.0,0.0,0.0,0.5,-1,1,2,39.0,39.0,39.0,False,False,0.0,0.0,1.0528962878013794,True,0.05121340392643824,0.0,True,15,0.0,0.0,0.0,13000,23000,Windows-AMD64-py3.14.3,self-contained local validation harness; charged-time accounting is disclosed by timing_mode,2.0,2.0,7.0,2.0,0.975,fixed
minigrid-empty-5x5-fullyobs_fixed-split_seed3,a6544fd,2026-06-01T21:58:54,3,fixed-split,minigrid,MiniGrid/MiniGrid-Empty-5x5-v0/FullyObsWrapper,3.1.0,minigrid-empty-5x5-fullyobs,1,40.0,40.0,0.0,1.0,16.0,strict_rollout_equivalent_max,0.75,39.0,39.0,642.3916000057943,642.3916000057943,725.6723999744281,641.7407001135871,True,True,602.3916000057943,rollout_normalized,rollout-equivalent unit,1.0,GA,2.0,39,2,5,4,3,12,12,0.0,0.0,0.0,0.5,-1,1,2,39.0,39.0,39.0,False,False,0.0,0.0,1.0528962878013794,True,0.04535724313354228,0.0,True,15,0.0,0.0,0.0,13000,23000,Windows-AMD64-py3.14.3,self-contained local validation harness; charged-time accounting is disclosed by timing_mode,2.0,2.0,7.0,2.0,0.975,fixed
minigrid-empty-5x5-fullyobs_fixed-split_seed3,a6544fd,2026-06-01T21:58:54,3,fixed-split,minigrid,MiniGrid/MiniGrid-Empty-5x5-v0/FullyObsWrapper,3.1.0,minigrid-empty-5x5-fullyobs,2,40.0,40.0,0.0,1.0,16.0,strict_rollout_equivalent_max,0.75,39.0,39.0,660.912899998948,660.912899998948,742.0448000193574,660.2143999189138,True,True,620.912899998948,rollout_normalized,rollout-equivalent unit,1.0,GA,2.0,39,2,5,4,3,12,12,0.0,0.0,0.0,0.5,-1,1,2,39.0,39.0,39.0,False,False,0.0,0.0,1.0528962878013794,True,0.044195577356738174,0.0,True,15,0.0,0.0,0.0,13000,23000,Windows-AMD64-py3.14.3,self-contained local validation harness; charged-time accounting is disclosed by timing_mode,2.0,2.0,7.0,2.0,0.975,fixed
minigrid-empty-5x5-fullyobs_fixed-split_seed3,a6544fd,2026-06-01T21:58:54,3,fixed-split,minigrid,MiniGrid/MiniGrid-Empty-5x5-v0/FullyObsWrapper,3.1.0,minigrid-empty-5x5-fullyobs,3,40.0,40.0,0.0,1.0,16.0,strict_rollout_equivalent_max,0.75,39.0,39.0,686.5822999970987,686.5822999970987,771.0604000021704,685.8849000418559,True,True,646.5822999970987,rollout_normalized,rollout-equivalent unit,1.0,GA,2.0,39,2,5,4,3,12,12,0.0,0.0,0.0,0.5,-1,1,2,39.0,39.0,39.0,False,False,0.0,0.0,1.0528962878013794,True,0.04412954117926615,0.0,True,15,0.0,0.0,0.0,13000,23000,Windows-AMD64-py3.14.3,self-contained local validation harness; charged-time accounting is disclosed by timing_mode,2.0,2.0,7.0,2.0,0.975,fixed
minigrid-empty-5x5-fullyobs_fixed-split_seed3,a6544fd,2026-06-01T21:58:54,3,fixed-split,minigrid,MiniGrid/MiniGrid-Empty-5x5-v0/FullyObsWrapper,3.1.0,minigrid-empty-5x5-fullyobs,4,40.0,40.0,0.0,1.0,16.0,strict_rollout_equivalent_max,0.75,39.0,39.0,663.5765999672003,663.5765999672003,749.4381999713369,662.8181000705808,True,True,623.5765999672003,rollout_normalized,rollout-equivalent unit,1.0,GA,2.0,39,2,5,4,3,12,12,0.0,0.0,0.0,0.5,-1,1,2,39.0,39.0,39.0,False,False,0.0,0.0,1.0528962878013794,True,0.04678907669902954,0.0,True,15,0.0,0.0,0.0,13000,23000,Windows-AMD64-py3.14.3,self-contained local validation harness; charged-time accounting is disclosed by timing_mode,2.0,2.0,7.0,2.0,0.975,fixed
minigrid-empty-5x5-fullyobs_fixed-split_seed3,a6544fd,2026-06-01T21:58:54,3,fixed-split,minigrid,MiniGrid/MiniGrid-Empty-5x5-v0/FullyObsWrapper,3.1.0,minigrid-empty-5x5-fullyobs,5,40.0,40.0,0.0,1.0,16.0,strict_rollout_equivalent_max,0.75,39.0,39.0,647.3847999586724,647.3847999586724,729.2524999938905,646.7058999696746,True,True,607.3847999586724,rollout_normalized,rollout-equivalent unit,1.0,GA,2.0,39,2,5,4,3,12,12,0.0,0.0,0.0,0.5,-1,1,2,39.0,39.0,39.0,False,False,0.0,0.0,1.0528962878013794,True,0.06420085758818339,0.0,True,15,0.0,0.0,0.0,13000,23000,Windows-AMD64-py3.14.3,self-contained local validation harness; charged-time accounting is disclosed by timing_mode,2.0,2.0,7.0,2.0,0.975,fixed
minigrid-empty-5x5-fullyobs_fixed-split_seed3,a6544fd,2026-06-01T21:58:54,3,fixed-split,minigrid,MiniGrid/MiniGrid-Empty-5x5-v0/FullyObsWrapper,3.1.0,minigrid-empty-5x5-fullyobs,6,40.0,40.0,0.0,1.0,16.0,strict_rollout_equivalent_max,0.75,39.0,39.0,648.5405000275932,648.5405000275932,731.133499997668,647.8516000206582,True,True,608.5405000275932,rollout_normalized,rollout-equivalent unit,1.0,GA,2.0,39,2,5,4,3,12,12,0.0,0.0,0.0,0.5,-1,1,2,39.0,39.0,39.0,False,False,0.0,0.0,1.0528962878013794,True,0.040647134713103994,0.0,True,15,0.0,0.0,0.0,13000,23000,Windows-AMD64-py3.14.3,self-contained local validation harness; charged-time accounting is disclosed by timing_mode,2.0,2.0,7.0,2.0,0.975,fixed
minigrid-empty-5x5-fullyobs_fixed-split_seed3,a6544fd,2026-06-01T21:58:54,3,fixed-split,minigrid,MiniGrid/MiniGrid-Empty-5x5-v0/FullyObsWrapper,3.1.0,minigrid-empty-5x5-fullyobs,7,40.0,40.0,0.0,1.0,16.0,strict_rollout_equivalent_max,0.75,39.0,39.0,666.5096000069752,666.5096000069752,748.1757000205107,665.8140000654384,True,True,626.5096000069752,rollout_normalized,rollout-equivalent unit,1.0,GA,2.0,39,2,5,4,3,12,12,0.0,0.0,0.0,0.5,-1,1,2,39.0,39.0,39.0,False,False,0.0,0.0,1.0528962878013794,True,0.05553557212869964,0.0,True,15,0.0,0.0,0.0,13000,23000,Windows-AMD64-py3.14.3,self-contained local validation harness; charged-time accounting is disclosed by timing_mode,2.0,2.0,7.0,2.0,0.975,fixed
minigrid-empty-5x5-fullyobs_fixed-split_seed3,a6544fd,2026-06-01T21:58:54,3,fixed-split,minigrid,MiniGrid/MiniGrid-Empty-5x5-v0/FullyObsWrapper,3.1.0,minigrid-empty-5x5-fullyobs,8,40.0,40.0,0.0,1.0,16.0,strict_rollout_equivalent_max,0.75,39.0,39.0,682.5949000194669,682.5949000194669,769.635799981188,681.9026001612656,True,True,642.5949000194669,rollout_normalized,rollout-equivalent unit,1.0,GA,2.0,39,2,5,4,3,12,12,0.0,0.0,0.0,0.5,-1,1,2,39.0,39.0,39.0,False,False,0.0,0.0,1.0528962878013794,True,0.06254534159364966,0.0,True,15,0.0,0.0,0.0,13000,23000,Windows-AMD64-py3.14.3,self-contained local validation harness; charged-time accounting is disclosed by timing_mode,2.0,2.0,7.0,2.0,0.975,fixed
minigrid-empty-5x5-fullyobs_fixed-split_seed3,a6544fd,2026-06-01T21:58:54,3,fixed-split,minigrid,MiniGrid/MiniGrid-Empty-5x5-v0/FullyObsWrapper,3.1.0,minigrid-empty-5x5-fullyobs,9,40.0,40.0,0.0,1.0,16.0,strict_rollout_equivalent_max,0.75,39.0,39.0,695.262199966237,695.262199966237,779.1621999931522,694.5421998389065,True,True,655.262199966237,rollout_normalized,rollout-equivalent unit,1.0,GA,2.0,39,2,5,4,3,12,12,0.0,0.0,0.0,0.5,-1,1,2,39.0,39.0,39.0,False,False,0.0,0.0,1.0528962878013794,True,0.05379715241471561,0.0,True,15,0.0,0.0,0.0,13000,23000,Windows-AMD64-py3.14.3,self-contained local validation harness; charged-time accounting is disclosed by timing_mode,2.0,2.0,7.0,2.0,0.975,fixed
minigrid-empty-5x5-fullyobs_fixed-split_seed3,a6544fd,2026-06-01T21:58:54,3,fixed-split,minigrid,MiniGrid/MiniGrid-Empty-5x5-v0/FullyObsWrapper,3.1.0,minigrid-empty-5x5-fullyobs,10,40.0,40.0,0.0,1.0,16.0,strict_rollout_equivalent_max,0.75,39.0,39.0,677.0049000042491,677.0049000042491,758.5328000131994,676.2518999166787,True,True,637.0049000042491,rollout_normalized,rollout-equivalent unit,1.0,GA,2.0,39,2,5,4,3,12,12,0.0,0.0,0.0,0.5,-1,1,2,39.0,39.0,39.0,False,False,0.0,0.0,1.0528962878013794,True,0.04775716911728556,0.0,True,15,0.0,0.0,0.0,13000,23000,Windows-AMD64-py3.14.3,self-contained local validation harness; charged-time accounting is disclosed by timing_mode,2.0,2.0,7.0,2.0,0.975,fixed
minigrid-empty-5x5-fullyobs_fixed-split_seed3,a6544fd,2026-06-01T21:58:54,3,fixed-split,minigrid,MiniGrid/MiniGrid-Empty-5x5-v0/FullyObsWrapper,3.1.0,minigrid-empty-5x5-fullyobs,11,40.0,40.0,0.0,1.0,16.0,strict_rollout_equivalent_max,0.75,39.0,39.0,669.8279000120237,669.8279000120237,751.1058000382036,669.1480999579653,True,True,629.8279000120237,rollout_normalized,rollout-equivalent unit,1.0,GA,2.0,39,2,5,4,3,12,12,0.0,0.0,0.0,0.5,-1,1,2,39.0,39.0,39.0,False,False,0.0,0.0,1.0528962878013794,True,0.05052596064266157,0.0,True,15,0.0,0.0,0.0,13000,23000,Windows-AMD64-py3.14.3,self-contained local validation harness; charged-time accounting is disclosed by timing_mode,2.0,2.0,7.0,2.0,0.975,fixed
minigrid-empty-5x5-fullyobs_fixed-split_seed4,a6544fd,2026-06-01T21:59:04,4,fixed-split,minigrid,MiniGrid/MiniGrid-Empty-5x5-v0/FullyObsWrapper,3.1.0,minigrid-empty-5x5-fullyobs,0,40.0,40.0,0.0,1.0,16.0,strict_rollout_equivalent_max,0.75,39.0,39.0,656.7426999681629,656.7426999681629,740.650599997025,656.0453998390585,True,True,616.7426999681629,rollout_normalized,rollout-equivalent unit,1.0,GA,2.0,39,2,5,4,3,12,12,0.0,0.0,0.0,0.5,-1,1,2,39.0,39.0,39.0,False,False,0.0,0.0,1.0209495466093759,True,0.057009552763600535,0.0,True,15,0.0,0.0,0.0,14000,24000,Windows-AMD64-py3.14.3,self-contained local validation harness; charged-time accounting is disclosed by timing_mode,2.0,2.0,7.0,2.0,0.975,fixed
minigrid-empty-5x5-fullyobs_fixed-split_seed4,a6544fd,2026-06-01T21:59:04,4,fixed-split,minigrid,MiniGrid/MiniGrid-Empty-5x5-v0/FullyObsWrapper,3.1.0,minigrid-empty-5x5-fullyobs,1,40.0,40.0,0.0,1.0,16.0,strict_rollout_equivalent_max,0.75,39.0,39.0,693.3640000061132,693.3640000061132,776.0052000521682,692.5935000181198,True,True,653.3640000061132,rollout_normalized,rollout-equivalent unit,1.0,GA,2.0,39,2,5,4,3,12,12,0.0,0.0,0.0,0.5,-1,1,2,39.0,39.0,39.0,False,False,0.0,0.0,1.0209495466093759,True,0.06697935817591594,0.0,True,15,0.0,0.0,0.0,14000,24000,Windows-AMD64-py3.14.3,self-contained local validation harness; charged-time accounting is disclosed by timing_mode,2.0,2.0,7.0,2.0,0.975,fixed
minigrid-empty-5x5-fullyobs_fixed-split_seed4,a6544fd,2026-06-01T21:59:04,4,fixed-split,minigrid,MiniGrid/MiniGrid-Empty-5x5-v0/FullyObsWrapper,3.1.0,minigrid-empty-5x5-fullyobs,2,40.0,40.0,0.0,1.0,16.0,strict_rollout_equivalent_max,0.75,39.0,39.0,679.905500030145,679.905500030145,763.2903000339866,679.144200112205,True,True,639.905500030145,rollout_normalized,rollout-equivalent unit,1.0,GA,2.0,39,2,5,4,3,12,12,0.0,0.0,0.0,0.5,-1,1,2,39.0,39.0,39.0,False,False,0.0,0.0,1.0209495466093759,True,0.05124143611950527,0.0,True,15,0.0,0.0,0.0,14000,24000,Windows-AMD64-py3.14.3,self-contained local validation harness; charged-time accounting is disclosed by timing_mode,2.0,2.0,7.0,2.0,0.975,fixed
minigrid-empty-5x5-fullyobs_fixed-split_seed4,a6544fd,2026-06-01T21:59:04,4,fixed-split,minigrid,MiniGrid/MiniGrid-Empty-5x5-v0/FullyObsWrapper,3.1.0,minigrid-empty-5x5-fullyobs,3,40.0,40.0,0.0,1.0,16.0,strict_rollout_equivalent_max,0.75,39.0,39.0,722.1816999954171,722.1816999954171,807.5601999880746,721.3705001049675,True,True,682.1816999954171,rollout_normalized,rollout-equivalent unit,1.0,GA,2.0,39,2,5,4,3,12,12,0.0,0.0,0.0,0.5,-1,1,2,39.0,39.0,39.0,False,False,0.0,0.0,1.0209495466093759,True,0.05602243896858328,0.0,True,15,0.0,0.0,0.0,14000,24000,Windows-AMD64-py3.14.3,self-contained local validation harness; charged-time accounting is disclosed by timing_mode,2.0,2.0,7.0,2.0,0.975,fixed
minigrid-empty-5x5-fullyobs_fixed-split_seed4,a6544fd,2026-06-01T21:59:04,4,fixed-split,minigrid,MiniGrid/MiniGrid-Empty-5x5-v0/FullyObsWrapper,3.1.0,minigrid-empty-5x5-fullyobs,4,40.0,40.0,0.0,1.0,16.0,strict_rollout_equivalent_max,0.75,39.0,39.0,731.1089000431821,731.1089000431821,815.0012999540195,730.4170999559574,True,True,691.1089000431821,rollout_normalized,rollout-equivalent unit,1.0,GA,2.0,39,2,5,4,3,12,12,0.0,0.0,0.0,0.5,-1,1,2,39.0,39.0,39.0,False,False,0.0,0.0,1.0209495466093759,True,0.04184194708885247,0.0,True,15,0.0,0.0,0.0,14000,24000,Windows-AMD64-py3.14.3,self-contained local validation harness; charged-time accounting is disclosed by timing_mode,2.0,2.0,7.0,2.0,0.975,fixed
minigrid-empty-5x5-fullyobs_fixed-split_seed4,a6544fd,2026-06-01T21:59:04,4,fixed-split,minigrid,MiniGrid/MiniGrid-Empty-5x5-v0/FullyObsWrapper,3.1.0,minigrid-empty-5x5-fullyobs,5,40.0,40.0,0.0,1.0,16.0,strict_rollout_equivalent_max,0.75,39.0,39.0,685.0041000288911,685.0041000288911,766.3217000081204,684.1292001190595,True,True,645.0041000288911,rollout_normalized,rollout-equivalent unit,1.0,GA,2.0,39,2,5,4,3,12,12,0.0,0.0,0.0,0.5,-1,1,2,39.0,39.0,39.0,False,False,0.0,0.0,1.0209495466093759,True,0.05254720142920255,0.0,True,15,0.0,0.0,0.0,14000,24000,Windows-AMD64-py3.14.3,self-contained local validation harness; charged-time accounting is disclosed by timing_mode,2.0,2.0,7.0,2.0,0.975,fixed
minigrid-empty-5x5-fullyobs_fixed-split_seed4,a6544fd,2026-06-01T21:59:04,4,fixed-split,minigrid,MiniGrid/MiniGrid-Empty-5x5-v0/FullyObsWrapper,3.1.0,minigrid-empty-5x5-fullyobs,6,40.0,40.0,0.0,1.0,16.0,strict_rollout_equivalent_max,0.75,39.0,39.0,680.0094000063837,680.0094000063837,761.6986999637447,679.1607000050135,True,True,640.0094000063837,rollout_normalized,rollout-equivalent unit,1.0,GA,2.0,39,2,5,4,3,12,12,0.0,0.0,0.0,0.5,-1,1,2,39.0,39.0,39.0,False,False,0.0,0.0,1.0209495466093759,True,0.05385091416085385,0.0,True,15,0.0,0.0,0.0,14000,24000,Windows-AMD64-py3.14.3,self-contained local validation harness; charged-time accounting is disclosed by timing_mode,2.0,2.0,7.0,2.0,0.975,fixed
minigrid-empty-5x5-fullyobs_fixed-split_seed4,a6544fd,2026-06-01T21:59:04,4,fixed-split,minigrid,MiniGrid/MiniGrid-Empty-5x5-v0/FullyObsWrapper,3.1.0,minigrid-empty-5x5-fullyobs,7,40.0,40.0,0.0,1.0,16.0,strict_rollout_equivalent_max,0.75,39.0,39.0,717.0839000027627,717.0839000027627,803.2821000088006,716.3127999519929,True,True,677.0839000027627,rollout_normalized,rollout-equivalent unit,1.0,GA,2.0,39,2,5,4,3,12,12,0.0,0.0,0.0,0.5,-1,1,2,39.0,39.0,39.0,False,False,0.0,0.0,1.0209495466093759,True,0.03884457388867346,0.0,True,15,0.0,0.0,0.0,14000,24000,Windows-AMD64-py3.14.3,self-contained local validation harness; charged-time accounting is disclosed by timing_mode,2.0,2.0,7.0,2.0,0.975,fixed
minigrid-empty-5x5-fullyobs_fixed-split_seed4,a6544fd,2026-06-01T21:59:04,4,fixed-split,minigrid,MiniGrid/MiniGrid-Empty-5x5-v0/FullyObsWrapper,3.1.0,minigrid-empty-5x5-fullyobs,8,40.0,40.0,0.0,1.0,16.0,strict_rollout_equivalent_max,0.75,39.0,39.0,702.1720000193454,702.1720000193454,785.5605999939144,701.4422001084313,True,True,662.1720000193454,rollout_normalized,rollout-equivalent unit,1.0,GA,2.0,39,2,5,4,3,12,12,0.0,0.0,0.0,0.5,-1,1,2,39.0,39.0,39.0,False,False,0.0,0.0,1.0209495466093759,True,0.05540117615039076,0.0,True,15,0.0,0.0,0.0,14000,24000,Windows-AMD64-py3.14.3,self-contained local validation harness; charged-time accounting is disclosed by timing_mode,2.0,2.0,7.0,2.0,0.975,fixed
minigrid-empty-5x5-fullyobs_fixed-split_seed4,a6544fd,2026-06-01T21:59:04,4,fixed-split,minigrid,MiniGrid/MiniGrid-Empty-5x5-v0/FullyObsWrapper,3.1.0,minigrid-empty-5x5-fullyobs,9,40.0,40.0,0.0,1.0,16.0,strict_rollout_equivalent_max,0.75,39.0,39.0,677.3729000124149,677.3729000124149,759.4108000048436,676.6415000311099,True,True,637.3729000124149,rollout_normalized,rollout-equivalent unit,1.0,GA,2.0,39,2,5,4,3,12,12,0.0,0.0,0.0,0.5,-1,1,2,39.0,39.0,39.0,False,False,0.0,0.0,1.0209495466093759,True,0.05246085712743964,0.0,True,15,0.0,0.0,0.0,14000,24000,Windows-AMD64-py3.14.3,self-contained local validation harness; charged-time accounting is disclosed by timing_mode,2.0,2.0,7.0,2.0,0.975,fixed
minigrid-empty-5x5-fullyobs_fixed-split_seed4,a6544fd,2026-06-01T21:59:04,4,fixed-split,minigrid,MiniGrid/MiniGrid-Empty-5x5-v0/FullyObsWrapper,3.1.0,minigrid-empty-5x5-fullyobs,10,40.0,40.0,0.0,1.0,16.0,strict_rollout_equivalent_max,0.75,39.0,39.0,668.4137000120245,668.4137000120245,691.9671000214294,667.7057999768294,True,True,628.4137000120245,rollout_normalized,rollout-equivalent unit,1.0,GA,2.0,39,2,5,4,3,12,12,0.9549999999999998,0.9549999999999998,1.0,0.5,352,1,2,39.0,39.0,39.0,False,False,0.0,0.0,1.0209495466093759,True,0.06181499268840195,0.0,True,15,0.0,0.0,0.0,14000,24000,Windows-AMD64-py3.14.3,self-contained local validation harness; charged-time accounting is disclosed by timing_mode,2.0,2.0,7.0,2.0,0.975,fixed
minigrid-empty-5x5-fullyobs_fixed-split_seed4,a6544fd,2026-06-01T21:59:04,4,fixed-split,minigrid,MiniGrid/MiniGrid-Empty-5x5-v0/FullyObsWrapper,3.1.0,minigrid-empty-5x5-fullyobs,11,40.0,40.0,0.0,1.0,16.0,strict_rollout_equivalent_max,0.75,39.0,39.0,683.0103000393137,683.0103000393137,707.5148000149056,682.2928001056425,True,True,643.0103000393137,rollout_normalized,rollout-equivalent unit,1.0,GA,2.0,39,2,5,4,3,12,12,0.9549999999999998,0.9549999999999998,1.0,0.5,352,1,2,39.0,39.0,39.0,False,False,0.0,0.0,1.0209495466093759,True,0.03967899580377953,0.0,True,15,0.0,0.0,0.0,14000,24000,Windows-AMD64-py3.14.3,self-contained local validation harness; charged-time accounting is disclosed by timing_mode,2.0,2.0,7.0,2.0,0.975,fixed
minigrid-empty-5x5-fullyobs_fixed-split_seed5,a6544fd,2026-06-01T21:59:13,5,fixed-split,minigrid,MiniGrid/MiniGrid-Empty-5x5-v0/FullyObsWrapper,3.1.0,minigrid-empty-5x5-fullyobs,0,40.0,40.0,0.0,1.0,16.0,strict_rollout_equivalent_max,0.75,39.0,39.0,707.4861000292003,707.4861000292003,804.8994999844581,706.76159998402,True,True,667.4861000292003,rollout_normalized,rollout-equivalent unit,1.0,GA,2.0,39,2,5,4,3,12,12,0.0,0.0,0.0,0.5,-1,1,2,39.0,39.0,39.0,False,False,0.0,0.0,1.0294899926521737,True,0.04280135782375294,0.0,True,15,0.0,0.0,0.0,15000,25000,Windows-AMD64-py3.14.3,self-contained local validation harness; charged-time accounting is disclosed by timing_mode,2.0,2.0,7.0,2.0,0.975,fixed
minigrid-empty-5x5-fullyobs_fixed-split_seed5,a6544fd,2026-06-01T21:59:13,5,fixed-split,minigrid,MiniGrid/MiniGrid-Empty-5x5-v0/FullyObsWrapper,3.1.0,minigrid-empty-5x5-fullyobs,1,40.0,40.0,0.0,1.0,16.0,strict_rollout_equivalent_max,0.75,39.0,39.0,682.0331999915652,682.0331999915652,770.8536999998614,681.2138999812305,True,True,642.0331999915652,rollout_normalized,rollout-equivalent unit,1.0,GA,2.0,39,2,5,4,3,12,12,0.0,0.0,0.0,0.5,-1,1,2,39.0,39.0,39.0,False,False,0.0,0.0,1.0294899926521737,True,0.06073589890670861,0.0,True,15,0.0,0.0,0.0,15000,25000,Windows-AMD64-py3.14.3,self-contained local validation harness; charged-time accounting is disclosed by timing_mode,2.0,2.0,7.0,2.0,0.975,fixed
minigrid-empty-5x5-fullyobs_fixed-split_seed5,a6544fd,2026-06-01T21:59:13,5,fixed-split,minigrid,MiniGrid/MiniGrid-Empty-5x5-v0/FullyObsWrapper,3.1.0,minigrid-empty-5x5-fullyobs,2,40.0,40.0,0.0,1.0,16.0,strict_rollout_equivalent_max,0.75,39.0,39.0,702.8872999944724,702.8872999944724,792.1739000012167,702.1774999448098,True,True,662.8872999944724,rollout_normalized,rollout-equivalent unit,1.0,GA,2.0,39,2,5,4,3,12,12,0.0,0.0,0.0,0.5,-1,1,2,39.0,39.0,39.0,False,False,0.0,0.0,1.0294899926521737,True,0.06638372332821207,0.0,True,15,0.0,0.0,0.0,15000,25000,Windows-AMD64-py3.14.3,self-contained local validation harness; charged-time accounting is disclosed by timing_mode,2.0,2.0,7.0,2.0,0.975,fixed
minigrid-empty-5x5-fullyobs_fixed-split_seed5,a6544fd,2026-06-01T21:59:13,5,fixed-split,minigrid,MiniGrid/MiniGrid-Empty-5x5-v0/FullyObsWrapper,3.1.0,minigrid-empty-5x5-fullyobs,3,40.0,40.0,0.0,1.0,16.0,strict_rollout_equivalent_max,0.75,39.0,39.0,681.427400035318,681.427400035318,769.7620000108145,680.6908999569714,True,True,641.427400035318,rollout_normalized,rollout-equivalent unit,1.0,GA,2.0,39,2,5,4,3,12,12,0.0,0.0,0.0,0.5,-1,1,2,39.0,39.0,39.0,False,False,0.0,0.0,1.0294899926521737,True,0.05557147394825335,0.0,True,15,0.0,0.0,0.0,15000,25000,Windows-AMD64-py3.14.3,self-contained local validation harness; charged-time accounting is disclosed by timing_mode,2.0,2.0,7.0,2.0,0.975,fixed
minigrid-empty-5x5-fullyobs_fixed-split_seed5,a6544fd,2026-06-01T21:59:13,5,fixed-split,minigrid,MiniGrid/MiniGrid-Empty-5x5-v0/FullyObsWrapper,3.1.0,minigrid-empty-5x5-fullyobs,4,40.0,40.0,0.0,1.0,16.0,strict_rollout_equivalent_max,0.75,39.0,39.0,678.1994000193663,678.1994000193663,771.1974999983795,677.4337999522686,True,True,638.1994000193663,rollout_normalized,rollout-equivalent unit,1.0,GA,2.0,39,2,5,4,3,12,12,0.0,0.0,0.0,0.5,-1,1,2,39.0,39.0,39.0,False,False,0.0,0.0,1.0294899926521737,True,0.04291322280747423,0.0,True,15,0.0,0.0,0.0,15000,25000,Windows-AMD64-py3.14.3,self-contained local validation harness; charged-time accounting is disclosed by timing_mode,2.0,2.0,7.0,2.0,0.975,fixed
minigrid-empty-5x5-fullyobs_fixed-split_seed5,a6544fd,2026-06-01T21:59:13,5,fixed-split,minigrid,MiniGrid/MiniGrid-Empty-5x5-v0/FullyObsWrapper,3.1.0,minigrid-empty-5x5-fullyobs,5,40.0,40.0,0.0,1.0,16.0,strict_rollout_equivalent_max,0.75,39.0,39.0,689.3748000147752,689.3748000147752,778.8093999843113,688.5520000942051,True,True,649.3748000147752,rollout_normalized,rollout-equivalent unit,1.0,GA,2.0,39,2,5,4,3,12,12,0.0,0.0,0.0,0.5,-1,1,2,39.0,39.0,39.0,False,False,0.0,0.0,1.0294899926521737,True,0.05179999970095328,0.0,True,15,0.0,0.0,0.0,15000,25000,Windows-AMD64-py3.14.3,self-contained local validation harness; charged-time accounting is disclosed by timing_mode,2.0,2.0,7.0,2.0,0.975,fixed
minigrid-empty-5x5-fullyobs_fixed-split_seed5,a6544fd,2026-06-01T21:59:13,5,fixed-split,minigrid,MiniGrid/MiniGrid-Empty-5x5-v0/FullyObsWrapper,3.1.0,minigrid-empty-5x5-fullyobs,6,40.0,40.0,0.0,1.0,16.0,strict_rollout_equivalent_max,0.75,39.0,39.0,644.1012999857776,644.1012999857776,733.1399999675341,643.3541000005789,True,True,604.1012999857776,rollout_normalized,rollout-equivalent unit,1.0,GA,2.0,39,2,5,4,3,12,12,0.0,0.0,0.0,0.5,-1,1,2,39.0,39.0,39.0,False,False,0.0,0.0,1.0294899926521737,True,0.04728371314211666,0.0,True,15,0.0,0.0,0.0,15000,25000,Windows-AMD64-py3.14.3,self-contained local validation harness; charged-time accounting is disclosed by timing_mode,2.0,2.0,7.0,2.0,0.975,fixed
minigrid-empty-5x5-fullyobs_fixed-split_seed5,a6544fd,2026-06-01T21:59:13,5,fixed-split,minigrid,MiniGrid/MiniGrid-Empty-5x5-v0/FullyObsWrapper,3.1.0,minigrid-empty-5x5-fullyobs,7,40.0,40.0,0.0,1.0,16.0,strict_rollout_equivalent_max,0.75,39.0,39.0,660.4042000253685,660.4042000253685,746.4753999956883,659.7383000189438,True,True,620.4042000253685,rollout_normalized,rollout-equivalent unit,1.0,GA,2.0,39,2,5,4,3,12,12,0.0,0.0,0.0,0.5,-1,1,2,39.0,39.0,39.0,False,False,0.0,0.0,1.0294899926521737,True,0.06116106963957124,0.0,True,15,0.0,0.0,0.0,15000,25000,Windows-AMD64-py3.14.3,self-contained local validation harness; charged-time accounting is disclosed by timing_mode,2.0,2.0,7.0,2.0,0.975,fixed
minigrid-empty-5x5-fullyobs_fixed-split_seed5,a6544fd,2026-06-01T21:59:13,5,fixed-split,minigrid,MiniGrid/MiniGrid-Empty-5x5-v0/FullyObsWrapper,3.1.0,minigrid-empty-5x5-fullyobs,8,40.0,40.0,0.0,1.0,16.0,strict_rollout_equivalent_max,0.75,39.0,39.0,671.438199991826,671.438199991826,759.6470999997109,670.7417000434361,True,True,631.438199991826,rollout_normalized,rollout-equivalent unit,1.0,GA,2.0,39,2,5,4,3,12,12,0.0,0.0,0.0,0.5,-1,1,2,39.0,39.0,39.0,False,False,0.0,0.0,1.0294899926521737,True,0.061644234388748,0.0,True,15,0.0,0.0,0.0,15000,25000,Windows-AMD64-py3.14.3,self-contained local validation harness; charged-time accounting is disclosed by timing_mode,2.0,2.0,7.0,2.0,0.975,fixed
minigrid-empty-5x5-fullyobs_fixed-split_seed5,a6544fd,2026-06-01T21:59:13,5,fixed-split,minigrid,MiniGrid/MiniGrid-Empty-5x5-v0/FullyObsWrapper,3.1.0,minigrid-empty-5x5-fullyobs,9,40.0,40.0,0.0,1.0,16.0,strict_rollout_equivalent_max,0.75,39.0,39.0,663.6056999559514,663.6056999559514,689.4478999893181,662.7748999744654,True,True,623.6056999559514,rollout_normalized,rollout-equivalent unit,1.0,GA,2.0,39,2,5,4,3,12,12,0.9549999999999998,0.9549999999999998,1.0,0.5,320,1,2,39.0,39.0,39.0,False,False,0.0,0.0,0.9498686905759898,True,0.047472952303024174,0.0,True,15,0.0,0.0,0.0,15000,25000,Windows-AMD64-py3.14.3,self-contained local validation harness; charged-time accounting is disclosed by timing_mode,2.0,2.0,7.0,2.0,0.975,fixed
minigrid-empty-5x5-fullyobs_fixed-split_seed5,a6544fd,2026-06-01T21:59:13,5,fixed-split,minigrid,MiniGrid/MiniGrid-Empty-5x5-v0/FullyObsWrapper,3.1.0,minigrid-empty-5x5-fullyobs,10,40.0,40.0,0.0,1.0,16.0,strict_rollout_equivalent_max,0.75,39.0,39.0,655.4171000025235,655.4171000025235,681.1829999787733,654.6911999466829,True,True,615.4171000025235,rollout_normalized,rollout-equivalent unit,1.0,GA,2.0,39,2,5,4,3,12,12,0.9549999999999998,0.9549999999999998,1.0,0.5,320,1,2,39.0,39.0,39.0,False,False,0.0,0.0,0.9282779376861388,True,0.04510907023240507,0.0,True,15,0.0,0.0,0.0,15000,25000,Windows-AMD64-py3.14.3,self-contained local validation harness; charged-time accounting is disclosed by timing_mode,2.0,2.0,7.0,2.0,0.975,fixed
minigrid-empty-5x5-fullyobs_fixed-split_seed5,a6544fd,2026-06-01T21:59:13,5,fixed-split,minigrid,MiniGrid/MiniGrid-Empty-5x5-v0/FullyObsWrapper,3.1.0,minigrid-empty-5x5-fullyobs,11,40.0,40.0,0.0,1.0,16.0,strict_rollout_equivalent_max,0.75,39.0,39.0,692.1183000085875,692.1183000085875,718.061999999918,691.3455998874269,True,True,652.1183000085875,rollout_normalized,rollout-equivalent unit,1.0,GA,2.0,39,2,5,4,3,12,12,0.9549999999999998,0.9549999999999998,1.0,0.5,320,1,2,39.0,39.0,39.0,False,False,0.0,0.0,0.9282779376861388,True,0.045160335071355195,0.0,True,15,0.0,0.0,0.0,15000,25000,Windows-AMD64-py3.14.3,self-contained local validation harness; charged-time accounting is disclosed by timing_mode,2.0,2.0,7.0,2.0,0.975,fixed
minigrid-empty-5x5-fullyobs_fixed-split_seed6,a6544fd,2026-06-01T21:59:23,6,fixed-split,minigrid,MiniGrid/MiniGrid-Empty-5x5-v0/FullyObsWrapper,3.1.0,minigrid-empty-5x5-fullyobs,0,40.0,40.0,0.0,1.0,16.0,strict_rollout_equivalent_max,0.75,39.0,39.0,714.5410999655724,714.5410999655724,801.8156999605708,713.7961000553332,True,True,674.5410999655724,rollout_normalized,rollout-equivalent unit,1.0,GA,2.0,39,2,5,4,3,12,12,0.0,0.0,0.0,0.5,-1,1,2,39.0,39.0,39.0,False,False,0.0,0.0,1.0548317900656055,True,0.04798924803476235,0.0,True,15,0.0,0.0,0.0,16000,26000,Windows-AMD64-py3.14.3,self-contained local validation harness; charged-time accounting is disclosed by timing_mode,2.0,2.0,7.0,2.0,0.975,fixed
minigrid-empty-5x5-fullyobs_fixed-split_seed6,a6544fd,2026-06-01T21:59:23,6,fixed-split,minigrid,MiniGrid/MiniGrid-Empty-5x5-v0/FullyObsWrapper,3.1.0,minigrid-empty-5x5-fullyobs,1,40.0,40.0,0.0,1.0,16.0,strict_rollout_equivalent_max,0.75,39.0,39.0,682.0444000186399,682.0444000186399,760.5790999950841,681.364200077951,True,True,642.0444000186399,rollout_normalized,rollout-equivalent unit,1.0,GA,2.0,39,2,5,4,3,12,12,0.0,0.0,0.0,0.5,-1,1,2,39.0,39.0,39.0,False,False,0.0,0.0,1.0548317900656055,True,0.06151022478557455,0.0,True,15,0.0,0.0,0.0,16000,26000,Windows-AMD64-py3.14.3,self-contained local validation harness; charged-time accounting is disclosed by timing_mode,2.0,2.0,7.0,2.0,0.975,fixed
minigrid-empty-5x5-fullyobs_fixed-split_seed6,a6544fd,2026-06-01T21:59:23,6,fixed-split,minigrid,MiniGrid/MiniGrid-Empty-5x5-v0/FullyObsWrapper,3.1.0,minigrid-empty-5x5-fullyobs,2,40.0,40.0,0.0,1.0,16.0,strict_rollout_equivalent_max,0.75,39.0,39.0,716.3566999952309,716.3566999952309,796.9225000124425,715.6575000262819,True,True,676.3566999952309,rollout_normalized,rollout-equivalent unit,1.0,GA,2.0,39,2,5,4,3,12,12,0.0,0.0,0.0,0.5,-1,1,2,39.0,39.0,39.0,False,False,0.0,0.0,1.0548317900656055,True,0.05314415213606227,0.0,True,15,0.0,0.0,0.0,16000,26000,Windows-AMD64-py3.14.3,self-contained local validation harness; charged-time accounting is disclosed by timing_mode,2.0,2.0,7.0,2.0,0.975,fixed
minigrid-empty-5x5-fullyobs_fixed-split_seed6,a6544fd,2026-06-01T21:59:23,6,fixed-split,minigrid,MiniGrid/MiniGrid-Empty-5x5-v0/FullyObsWrapper,3.1.0,minigrid-empty-5x5-fullyobs,3,40.0,40.0,0.0,1.0,16.0,strict_rollout_equivalent_max,0.75,39.0,39.0,684.2002000194043,684.2002000194043,764.5987999858335,683.4587000194006,True,True,644.2002000194043,rollout_normalized,rollout-equivalent unit,1.0,GA,2.0,39,2,5,4,3,12,12,0.0,0.0,0.0,0.5,-1,1,2,39.0,39.0,39.0,False,False,0.0,0.0,1.0548317900656055,True,0.0367618619993475,0.0,True,15,0.0,0.0,0.0,16000,26000,Windows-AMD64-py3.14.3,self-contained local validation harness; charged-time accounting is disclosed by timing_mode,2.0,2.0,7.0,2.0,0.975,fixed
minigrid-empty-5x5-fullyobs_fixed-split_seed6,a6544fd,2026-06-01T21:59:23,6,fixed-split,minigrid,MiniGrid/MiniGrid-Empty-5x5-v0/FullyObsWrapper,3.1.0,minigrid-empty-5x5-fullyobs,4,40.0,40.0,0.0,1.0,16.0,strict_rollout_equivalent_max,0.75,39.0,39.0,642.4523000023328,642.4523000023328,719.6173999691382,641.6783999302424,True,True,602.4523000023328,rollout_normalized,rollout-equivalent unit,1.0,GA,2.0,39,2,5,4,3,12,12,0.0,0.0,0.0,0.5,-1,1,2,39.0,39.0,39.0,False,False,0.0,0.0,1.0548317900656055,True,0.056481574079656253,0.0,True,15,0.0,0.0,0.0,16000,26000,Windows-AMD64-py3.14.3,self-contained local validation harness; charged-time accounting is disclosed by timing_mode,2.0,2.0,7.0,2.0,0.975,fixed
minigrid-empty-5x5-fullyobs_fixed-split_seed6,a6544fd,2026-06-01T21:59:23,6,fixed-split,minigrid,MiniGrid/MiniGrid-Empty-5x5-v0/FullyObsWrapper,3.1.0,minigrid-empty-5x5-fullyobs,5,40.0,40.0,0.0,1.0,16.0,strict_rollout_equivalent_max,0.75,39.0,39.0,678.9279000367969,678.9279000367969,756.5212000044994,678.1942001543939,True,True,638.9279000367969,rollout_normalized,rollout-equivalent unit,1.0,GA,2.0,39,2,5,4,3,12,12,0.0,0.0,0.0,0.5,-1,1,2,39.0,39.0,39.0,False,False,0.0,0.0,1.0548317900656055,True,0.05007940512036013,0.0,True,15,0.0,0.0,0.0,16000,26000,Windows-AMD64-py3.14.3,self-contained local validation harness; charged-time accounting is disclosed by timing_mode,2.0,2.0,7.0,2.0,0.975,fixed
minigrid-empty-5x5-fullyobs_fixed-split_seed6,a6544fd,2026-06-01T21:59:23,6,fixed-split,minigrid,MiniGrid/MiniGrid-Empty-5x5-v0/FullyObsWrapper,3.1.0,minigrid-empty-5x5-fullyobs,6,40.0,40.0,0.0,1.0,16.0,strict_rollout_equivalent_max,0.75,39.0,39.0,659.4846000079997,659.4846000079997,736.7786999675445,658.777300035581,True,True,619.4846000079997,rollout_normalized,rollout-equivalent unit,1.0,GA,2.0,39,2,5,4,3,12,12,0.0,0.0,0.0,0.5,-1,1,2,39.0,39.0,39.0,False,False,0.0,0.0,1.0548317900656055,True,0.054077753316658095,0.0,True,15,0.0,0.0,0.0,16000,26000,Windows-AMD64-py3.14.3,self-contained local validation harness; charged-time accounting is disclosed by timing_mode,2.0,2.0,7.0,2.0,0.975,fixed
minigrid-empty-5x5-fullyobs_fixed-split_seed6,a6544fd,2026-06-01T21:59:23,6,fixed-split,minigrid,MiniGrid/MiniGrid-Empty-5x5-v0/FullyObsWrapper,3.1.0,minigrid-empty-5x5-fullyobs,7,40.0,40.0,0.0,1.0,16.0,strict_rollout_equivalent_max,0.75,39.0,39.0,677.7158000040799,677.7158000040799,756.6911000176333,676.8900998868048,True,True,637.7158000040799,rollout_normalized,rollout-equivalent unit,1.0,GA,2.0,39,2,5,4,3,12,12,0.0,0.0,0.0,0.5,-1,1,2,39.0,39.0,39.0,False,False,0.0,0.0,1.0548317900656055,True,0.05857832397466356,0.0,True,15,0.0,0.0,0.0,16000,26000,Windows-AMD64-py3.14.3,self-contained local validation harness; charged-time accounting is disclosed by timing_mode,2.0,2.0,7.0,2.0,0.975,fixed
minigrid-empty-5x5-fullyobs_fixed-split_seed6,a6544fd,2026-06-01T21:59:23,6,fixed-split,minigrid,MiniGrid/MiniGrid-Empty-5x5-v0/FullyObsWrapper,3.1.0,minigrid-empty-5x5-fullyobs,8,40.0,40.0,0.0,1.0,16.0,strict_rollout_equivalent_max,0.75,39.0,39.0,693.740299961064,693.740299961064,771.4445000165142,693.079500051681,True,True,653.740299961064,rollout_normalized,rollout-equivalent unit,1.0,GA,2.0,39,2,5,4,3,12,12,0.0,0.0,0.0,0.5,-1,1,2,39.0,39.0,39.0,False,False,0.0,0.0,1.0548317900656055,True,0.06210128073291688,0.0,True,15,0.0,0.0,0.0,16000,26000,Windows-AMD64-py3.14.3,self-contained local validation harness; charged-time accounting is disclosed by timing_mode,2.0,2.0,7.0,2.0,0.975,fixed
minigrid-empty-5x5-fullyobs_fixed-split_seed6,a6544fd,2026-06-01T21:59:23,6,fixed-split,minigrid,MiniGrid/MiniGrid-Empty-5x5-v0/FullyObsWrapper,3.1.0,minigrid-empty-5x5-fullyobs,9,40.0,40.0,0.0,1.0,16.0,strict_rollout_equivalent_max,0.75,39.0,39.0,668.0322999600321,668.0322999600321,750.2254000282846,667.3593000741675,True,True,628.0322999600321,rollout_normalized,rollout-equivalent unit,1.0,GA,2.0,39,2,5,4,3,12,12,0.0,0.0,0.0,0.5,-1,1,2,39.0,39.0,39.0,False,False,0.0,0.0,1.0548317900656055,True,0.04849381397336972,0.0,True,15,0.0,0.0,0.0,16000,26000,Windows-AMD64-py3.14.3,self-contained local validation harness; charged-time accounting is disclosed by timing_mode,2.0,2.0,7.0,2.0,0.975,fixed
minigrid-empty-5x5-fullyobs_fixed-split_seed6,a6544fd,2026-06-01T21:59:23,6,fixed-split,minigrid,MiniGrid/MiniGrid-Empty-5x5-v0/FullyObsWrapper,3.1.0,minigrid-empty-5x5-fullyobs,10,40.0,40.0,0.0,1.0,16.0,strict_rollout_equivalent_max,0.75,39.0,39.0,686.5357999922708,686.5357999922708,764.4422999583185,685.849700064864,True,True,646.5357999922708,rollout_normalized,rollout-equivalent unit,1.0,GA,2.0,39,2,5,4,3,12,12,0.0,0.0,0.0,0.5,-1,1,2,39.0,39.0,39.0,False,False,0.0,0.0,1.0548317900656055,True,0.05780209178472883,0.0,True,15,0.0,0.0,0.0,16000,26000,Windows-AMD64-py3.14.3,self-contained local validation harness; charged-time accounting is disclosed by timing_mode,2.0,2.0,7.0,2.0,0.975,fixed
minigrid-empty-5x5-fullyobs_fixed-split_seed6,a6544fd,2026-06-01T21:59:23,6,fixed-split,minigrid,MiniGrid/MiniGrid-Empty-5x5-v0/FullyObsWrapper,3.1.0,minigrid-empty-5x5-fullyobs,11,40.0,40.0,0.0,1.0,16.0,strict_rollout_equivalent_max,0.75,39.0,39.0,679.728300019633,679.728300019633,757.697900000494,678.9347000885755,True,True,639.728300019633,rollout_normalized,rollout-equivalent unit,1.0,GA,2.0,39,2,5,4,3,12,12,0.0,0.0,0.0,0.5,-1,1,2,39.0,39.0,39.0,False,False,0.0,0.0,1.0548317900656055,True,0.05771882526735261,0.0,True,15,0.0,0.0,0.0,16000,26000,Windows-AMD64-py3.14.3,self-contained local validation harness; charged-time accounting is disclosed by timing_mode,2.0,2.0,7.0,2.0,0.975,fixed
minigrid-empty-5x5-fullyobs_fixed-split_seed7,a6544fd,2026-06-01T21:59:33,7,fixed-split,minigrid,MiniGrid/MiniGrid-Empty-5x5-v0/FullyObsWrapper,3.1.0,minigrid-empty-5x5-fullyobs,0,40.0,40.0,0.0,1.0,16.0,strict_rollout_equivalent_max,0.75,39.0,39.0,692.0003999839537,692.0003999839537,774.4115999666974,691.290500049945,True,True,652.0003999839537,rollout_normalized,rollout-equivalent unit,1.0,GA,2.0,39,2,5,4,3,12,12,0.0,0.0,0.0,0.5,-1,1,2,39.0,39.0,39.0,False,False,0.0,0.0,0.999169189219458,True,0.05816408462241385,0.0,True,15,0.0,0.0,0.0,17000,27000,Windows-AMD64-py3.14.3,self-contained local validation harness; charged-time accounting is disclosed by timing_mode,2.0,2.0,7.0,2.0,0.975,fixed
minigrid-empty-5x5-fullyobs_fixed-split_seed7,a6544fd,2026-06-01T21:59:33,7,fixed-split,minigrid,MiniGrid/MiniGrid-Empty-5x5-v0/FullyObsWrapper,3.1.0,minigrid-empty-5x5-fullyobs,1,40.0,40.0,0.0,1.0,16.0,strict_rollout_equivalent_max,0.75,39.0,39.0,702.1013000048697,702.1013000048697,784.6969999955036,701.3574999873526,True,True,662.1013000048697,rollout_normalized,rollout-equivalent unit,1.0,GA,2.0,39,2,5,4,3,12,12,0.0,0.0,0.0,0.5,-1,1,2,39.0,39.0,39.0,False,False,0.0,0.0,0.999169189219458,True,0.05381060879518751,0.0,True,15,0.0,0.0,0.0,17000,27000,Windows-AMD64-py3.14.3,self-contained local validation harness; charged-time accounting is disclosed by timing_mode,2.0,2.0,7.0,2.0,0.975,fixed
minigrid-empty-5x5-fullyobs_fixed-split_seed7,a6544fd,2026-06-01T21:59:33,7,fixed-split,minigrid,MiniGrid/MiniGrid-Empty-5x5-v0/FullyObsWrapper,3.1.0,minigrid-empty-5x5-fullyobs,2,40.0,40.0,0.0,1.0,16.0,strict_rollout_equivalent_max,0.75,39.0,39.0,658.3994000102393,658.3994000102393,740.6525000114925,657.727400015574,True,True,618.3994000102393,rollout_normalized,rollout-equivalent unit,1.0,GA,2.0,39,2,5,4,3,12,12,0.0,0.0,0.0,0.5,-1,1,2,39.0,39.0,39.0,False,False,0.0,0.0,0.999169189219458,True,0.06460958837580111,0.0,True,15,0.0,0.0,0.0,17000,27000,Windows-AMD64-py3.14.3,self-contained local validation harness; charged-time accounting is disclosed by timing_mode,2.0,2.0,7.0,2.0,0.975,fixed
minigrid-empty-5x5-fullyobs_fixed-split_seed7,a6544fd,2026-06-01T21:59:33,7,fixed-split,minigrid,MiniGrid/MiniGrid-Empty-5x5-v0/FullyObsWrapper,3.1.0,minigrid-empty-5x5-fullyobs,3,40.0,40.0,0.0,1.0,16.0,strict_rollout_equivalent_max,0.75,39.0,39.0,739.258699992206,739.258699992206,827.9637999949045,738.4873999399133,True,True,699.258699992206,rollout_normalized,rollout-equivalent unit,1.0,GA,2.0,39,2,5,4,3,12,12,0.0,0.0,0.0,0.5,-1,1,2,39.0,39.0,39.0,False,False,0.0,0.0,0.999169189219458,True,0.039712972740038606,0.0,True,15,0.0,0.0,0.0,17000,27000,Windows-AMD64-py3.14.3,self-contained local validation harness; charged-time accounting is disclosed by timing_mode,2.0,2.0,7.0,2.0,0.975,fixed
minigrid-empty-5x5-fullyobs_fixed-split_seed7,a6544fd,2026-06-01T21:59:33,7,fixed-split,minigrid,MiniGrid/MiniGrid-Empty-5x5-v0/FullyObsWrapper,3.1.0,minigrid-empty-5x5-fullyobs,4,40.0,40.0,0.0,1.0,16.0,strict_rollout_equivalent_max,0.75,39.0,39.0,767.1094000106677,767.1094000106677,851.0542000294663,766.3659999961965,True,True,727.1094000106677,rollout_normalized,rollout-equivalent unit,1.0,GA,2.0,39,2,5,4,3,12,12,0.0,0.0,0.0,0.5,-1,1,2,39.0,39.0,39.0,False,False,0.0,0.0,0.999169189219458,True,0.06011841093463799,0.0,True,15,0.0,0.0,0.0,17000,27000,Windows-AMD64-py3.14.3,self-contained local validation harness; charged-time accounting is disclosed by timing_mode,2.0,2.0,7.0,2.0,0.975,fixed
minigrid-empty-5x5-fullyobs_fixed-split_seed7,a6544fd,2026-06-01T21:59:33,7,fixed-split,minigrid,MiniGrid/MiniGrid-Empty-5x5-v0/FullyObsWrapper,3.1.0,minigrid-empty-5x5-fullyobs,5,40.0,40.0,0.0,1.0,16.0,strict_rollout_equivalent_max,0.75,39.0,39.0,744.3465999676846,744.3465999676846,831.753899983596,743.606899981387,True,True,704.3465999676846,rollout_normalized,rollout-equivalent unit,1.0,GA,2.0,39,2,5,4,3,12,12,0.0,0.0,0.0,0.5,-1,1,2,39.0,39.0,39.0,False,False,0.0,0.0,0.999169189219458,True,0.056613395306228886,0.0,True,15,0.0,0.0,0.0,17000,27000,Windows-AMD64-py3.14.3,self-contained local validation harness; charged-time accounting is disclosed by timing_mode,2.0,2.0,7.0,2.0,0.975,fixed
minigrid-empty-5x5-fullyobs_fixed-split_seed7,a6544fd,2026-06-01T21:59:33,7,fixed-split,minigrid,MiniGrid/MiniGrid-Empty-5x5-v0/FullyObsWrapper,3.1.0,minigrid-empty-5x5-fullyobs,6,40.0,40.0,0.0,1.0,16.0,strict_rollout_equivalent_max,0.75,39.0,39.0,694.8320000083186,694.8320000083186,779.6346999821253,694.1528999595903,True,True,654.8320000083186,rollout_normalized,rollout-equivalent unit,1.0,GA,2.0,39,2,5,4,3,12,12,0.0,0.0,0.0,0.5,-1,1,2,39.0,39.0,39.0,False,False,0.0,0.0,0.999169189219458,True,0.04777231084792488,0.0,True,15,0.0,0.0,0.0,17000,27000,Windows-AMD64-py3.14.3,self-contained local validation harness; charged-time accounting is disclosed by timing_mode,2.0,2.0,7.0,2.0,0.975,fixed
minigrid-empty-5x5-fullyobs_fixed-split_seed7,a6544fd,2026-06-01T21:59:33,7,fixed-split,minigrid,MiniGrid/MiniGrid-Empty-5x5-v0/FullyObsWrapper,3.1.0,minigrid-empty-5x5-fullyobs,7,40.0,40.0,0.0,1.0,16.0,strict_rollout_equivalent_max,0.75,39.0,39.0,690.9714000066742,690.9714000066742,774.0660000126809,690.2441999409348,True,True,650.9714000066742,rollout_normalized,rollout-equivalent unit,1.0,GA,2.0,39,2,5,4,3,12,12,0.0,0.0,0.0,0.5,-1,1,2,39.0,39.0,39.0,False,False,0.0,0.0,0.999169189219458,True,0.04606141820079679,0.0,True,15,0.0,0.0,0.0,17000,27000,Windows-AMD64-py3.14.3,self-contained local validation harness; charged-time accounting is disclosed by timing_mode,2.0,2.0,7.0,2.0,0.975,fixed
minigrid-empty-5x5-fullyobs_fixed-split_seed7,a6544fd,2026-06-01T21:59:33,7,fixed-split,minigrid,MiniGrid/MiniGrid-Empty-5x5-v0/FullyObsWrapper,3.1.0,minigrid-empty-5x5-fullyobs,8,40.0,40.0,0.0,1.0,16.0,strict_rollout_equivalent_max,0.75,39.0,39.0,691.3049000431783,691.3049000431783,773.278400010895,690.6270999461412,True,True,651.3049000431783,rollout_normalized,rollout-equivalent unit,1.0,GA,2.0,39,2,5,4,3,12,12,0.0,0.0,0.0,0.5,-1,1,2,39.0,39.0,39.0,False,False,0.0,0.0,0.999169189219458,True,0.06726469495950371,0.0,True,15,0.0,0.0,0.0,17000,27000,Windows-AMD64-py3.14.3,self-contained local validation harness; charged-time accounting is disclosed by timing_mode,2.0,2.0,7.0,2.0,0.975,fixed
minigrid-empty-5x5-fullyobs_fixed-split_seed7,a6544fd,2026-06-01T21:59:33,7,fixed-split,minigrid,MiniGrid/MiniGrid-Empty-5x5-v0/FullyObsWrapper,3.1.0,minigrid-empty-5x5-fullyobs,9,40.0,40.0,0.0,1.0,16.0,strict_rollout_equivalent_max,0.75,39.0,39.0,685.6813000049442,685.6813000049442,775.1790000475012,684.9828999256715,True,True,645.6813000049442,rollout_normalized,rollout-equivalent unit,1.0,GA,2.0,39,2,5,4,3,12,12,0.0,0.0,0.0,0.5,-1,1,2,39.0,39.0,39.0,False,False,0.0,0.0,0.999169189219458,True,0.047337614341839813,0.0,True,15,0.0,0.0,0.0,17000,27000,Windows-AMD64-py3.14.3,self-contained local validation harness; charged-time accounting is disclosed by timing_mode,2.0,2.0,7.0,2.0,0.975,fixed
minigrid-empty-5x5-fullyobs_fixed-split_seed7,a6544fd,2026-06-01T21:59:33,7,fixed-split,minigrid,MiniGrid/MiniGrid-Empty-5x5-v0/FullyObsWrapper,3.1.0,minigrid-empty-5x5-fullyobs,10,40.0,40.0,0.0,1.0,16.0,strict_rollout_equivalent_max,0.75,39.0,39.0,762.0702999993227,762.0702999993227,844.7517000022344,761.3852000213228,True,True,722.0702999993227,rollout_normalized,rollout-equivalent unit,1.0,GA,2.0,39,2,5,4,3,12,12,0.0,0.0,0.0,0.5,-1,1,2,39.0,39.0,39.0,False,False,0.0,0.0,0.999169189219458,True,0.06284728803627249,0.0,True,15,0.0,0.0,0.0,17000,27000,Windows-AMD64-py3.14.3,self-contained local validation harness; charged-time accounting is disclosed by timing_mode,2.0,2.0,7.0,2.0,0.975,fixed
minigrid-empty-5x5-fullyobs_fixed-split_seed7,a6544fd,2026-06-01T21:59:33,7,fixed-split,minigrid,MiniGrid/MiniGrid-Empty-5x5-v0/FullyObsWrapper,3.1.0,minigrid-empty-5x5-fullyobs,11,40.0,40.0,0.0,1.0,16.0,strict_rollout_equivalent_max,0.75,39.0,39.0,709.5246000098996,709.5246000098996,794.1305999993347,708.8274998823181,True,True,669.5246000098996,rollout_normalized,rollout-equivalent unit,1.0,GA,2.0,39,2,5,4,3,12,12,0.0,0.0,0.0,0.5,-1,1,2,39.0,39.0,39.0,False,False,0.0,0.0,0.999169189219458,True,0.05906365775791533,0.0,True,15,0.0,0.0,0.0,17000,27000,Windows-AMD64-py3.14.3,self-contained local validation harness; charged-time accounting is disclosed by timing_mode,2.0,2.0,7.0,2.0,0.975,fixed
minigrid-empty-5x5-fullyobs_fixed-split_seed8,a6544fd,2026-06-01T21:59:43,8,fixed-split,minigrid,MiniGrid/MiniGrid-Empty-5x5-v0/FullyObsWrapper,3.1.0,minigrid-empty-5x5-fullyobs,0,40.0,40.0,0.0,1.0,16.0,strict_rollout_equivalent_max,0.75,39.0,39.0,653.8378999684937,653.8378999684937,677.8350999811664,653.0816999729723,True,True,613.8378999684937,rollout_normalized,rollout-equivalent unit,1.0,GA,2.0,39,2,5,4,3,12,12,0.9549999999999998,0.9549999999999998,1.0,0.5,32,1,2,39.0,39.0,39.0,False,False,0.0,0.0,1.0012912371640001,True,0.06280636530290473,0.4775,True,15,0.0,0.0,0.0,18000,28000,Windows-AMD64-py3.14.3,self-contained local validation harness; charged-time accounting is disclosed by timing_mode,2.0,2.0,7.0,2.0,0.975,fixed
minigrid-empty-5x5-fullyobs_fixed-split_seed8,a6544fd,2026-06-01T21:59:43,8,fixed-split,minigrid,MiniGrid/MiniGrid-Empty-5x5-v0/FullyObsWrapper,3.1.0,minigrid-empty-5x5-fullyobs,1,40.0,40.0,0.0,1.0,16.0,strict_rollout_equivalent_max,0.75,39.0,39.0,714.4816999789327,714.4816999789327,741.9166000327095,713.6995000182651,True,True,674.4816999789327,rollout_normalized,rollout-equivalent unit,1.0,GA,2.0,39,2,5,4,3,12,12,0.9549999999999998,0.9549999999999998,1.0,0.5,32,1,2,39.0,39.0,39.0,False,False,0.0,0.0,1.0012912371640001,True,0.05917506195006261,0.0,True,15,0.0,0.0,0.0,18000,28000,Windows-AMD64-py3.14.3,self-contained local validation harness; charged-time accounting is disclosed by timing_mode,2.0,2.0,7.0,2.0,0.975,fixed
minigrid-empty-5x5-fullyobs_fixed-split_seed8,a6544fd,2026-06-01T21:59:43,8,fixed-split,minigrid,MiniGrid/MiniGrid-Empty-5x5-v0/FullyObsWrapper,3.1.0,minigrid-empty-5x5-fullyobs,2,40.0,40.0,0.0,1.0,16.0,strict_rollout_equivalent_max,0.75,39.0,39.0,688.9876999775879,688.9876999775879,714.0664999606088,688.2475000456907,True,True,648.9876999775879,rollout_normalized,rollout-equivalent unit,1.0,GA,2.0,39,2,5,4,3,12,12,0.9549999999999998,0.9549999999999998,1.0,0.5,32,1,2,39.0,39.0,39.0,False,False,0.0,0.0,1.0012912371640001,True,0.0392456433815368,0.0,True,15,0.0,0.0,0.0,18000,28000,Windows-AMD64-py3.14.3,self-contained local validation harness; charged-time accounting is disclosed by timing_mode,2.0,2.0,7.0,2.0,0.975,fixed
minigrid-empty-5x5-fullyobs_fixed-split_seed8,a6544fd,2026-06-01T21:59:43,8,fixed-split,minigrid,MiniGrid/MiniGrid-Empty-5x5-v0/FullyObsWrapper,3.1.0,minigrid-empty-5x5-fullyobs,3,40.0,40.0,0.0,1.0,16.0,strict_rollout_equivalent_max,0.75,39.0,39.0,690.9880000166595,690.9880000166595,716.4338000002317,690.2824999997392,True,True,650.9880000166595,rollout_normalized,rollout-equivalent unit,1.0,GA,2.0,39,2,5,4,3,12,12,0.9549999999999998,0.9549999999999998,1.0,0.5,32,1,2,39.0,39.0,39.0,False,False,0.0,0.0,1.0012912371640001,True,0.04382365678407152,0.0,True,15,0.0,0.0,0.0,18000,28000,Windows-AMD64-py3.14.3,self-contained local validation harness; charged-time accounting is disclosed by timing_mode,2.0,2.0,7.0,2.0,0.975,fixed
minigrid-empty-5x5-fullyobs_fixed-split_seed8,a6544fd,2026-06-01T21:59:43,8,fixed-split,minigrid,MiniGrid/MiniGrid-Empty-5x5-v0/FullyObsWrapper,3.1.0,minigrid-empty-5x5-fullyobs,4,40.0,40.0,0.0,1.0,16.0,strict_rollout_equivalent_max,0.75,39.0,39.0,710.8001000015065,710.8001000015065,737.6504999701865,710.0701998570003,True,True,670.8001000015065,rollout_normalized,rollout-equivalent unit,1.0,GA,2.0,39,2,5,4,3,12,12,0.9549999999999998,0.9549999999999998,1.0,0.5,32,1,2,39.0,39.0,39.0,False,False,0.0,0.0,1.0012912371640001,True,0.059832276663953195,0.0,True,15,0.0,0.0,0.0,18000,28000,Windows-AMD64-py3.14.3,self-contained local validation harness; charged-time accounting is disclosed by timing_mode,2.0,2.0,7.0,2.0,0.975,fixed
minigrid-empty-5x5-fullyobs_fixed-split_seed8,a6544fd,2026-06-01T21:59:43,8,fixed-split,minigrid,MiniGrid/MiniGrid-Empty-5x5-v0/FullyObsWrapper,3.1.0,minigrid-empty-5x5-fullyobs,5,40.0,40.0,0.0,1.0,16.0,strict_rollout_equivalent_max,0.75,39.0,39.0,707.1034999680705,707.1034999680705,732.2240999783389,706.3614999060519,True,True,667.1034999680705,rollout_normalized,rollout-equivalent unit,1.0,GA,2.0,39,2,5,4,3,12,12,0.9549999999999998,0.9549999999999998,1.0,0.5,32,1,2,39.0,39.0,39.0,False,False,0.0,0.0,1.0012912371640001,True,0.06897936304435048,0.0,True,15,0.0,0.0,0.0,18000,28000,Windows-AMD64-py3.14.3,self-contained local validation harness; charged-time accounting is disclosed by timing_mode,2.0,2.0,7.0,2.0,0.975,fixed
minigrid-empty-5x5-fullyobs_fixed-split_seed8,a6544fd,2026-06-01T21:59:43,8,fixed-split,minigrid,MiniGrid/MiniGrid-Empty-5x5-v0/FullyObsWrapper,3.1.0,minigrid-empty-5x5-fullyobs,6,40.0,40.0,0.0,1.0,16.0,strict_rollout_equivalent_max,0.75,39.0,39.0,711.9108999613672,711.9108999613672,735.18309998326,711.2469000858255,True,True,671.9108999613672,rollout_normalized,rollout-equivalent unit,1.0,GA,2.0,39,2,5,4,3,12,12,0.9549999999999998,0.9549999999999998,1.0,0.5,32,1,2,39.0,39.0,39.0,False,False,0.0,0.0,1.0012912371640001,True,0.056228026151123656,0.0,True,15,0.0,0.0,0.0,18000,28000,Windows-AMD64-py3.14.3,self-contained local validation harness; charged-time accounting is disclosed by timing_mode,2.0,2.0,7.0,2.0,0.975,fixed
minigrid-empty-5x5-fullyobs_fixed-split_seed8,a6544fd,2026-06-01T21:59:43,8,fixed-split,minigrid,MiniGrid/MiniGrid-Empty-5x5-v0/FullyObsWrapper,3.1.0,minigrid-empty-5x5-fullyobs,7,40.0,40.0,0.0,1.0,16.0,strict_rollout_equivalent_max,0.75,39.0,39.0,679.9730999628082,679.9730999628082,704.372100008186,679.2682999512181,True,True,639.9730999628082,rollout_normalized,rollout-equivalent unit,1.0,GA,2.0,39,2,5,4,3,12,12,0.9549999999999998,0.9549999999999998,1.0,0.5,32,1,2,39.0,39.0,39.0,False,False,0.0,0.0,1.0012912371640001,True,0.04648790548286108,0.0,True,15,0.0,0.0,0.0,18000,28000,Windows-AMD64-py3.14.3,self-contained local validation harness; charged-time accounting is disclosed by timing_mode,2.0,2.0,7.0,2.0,0.975,fixed
minigrid-empty-5x5-fullyobs_fixed-split_seed8,a6544fd,2026-06-01T21:59:43,8,fixed-split,minigrid,MiniGrid/MiniGrid-Empty-5x5-v0/FullyObsWrapper,3.1.0,minigrid-empty-5x5-fullyobs,8,40.0,40.0,0.0,1.0,16.0,strict_rollout_equivalent_max,0.75,39.0,39.0,673.8118000212125,673.8118000212125,698.2702999957837,673.1178999762051,True,True,633.8118000212125,rollout_normalized,rollout-equivalent unit,1.0,GA,2.0,39,2,5,4,3,12,12,0.9549999999999998,0.9549999999999998,1.0,0.5,32,1,2,39.0,39.0,39.0,False,False,0.0,0.0,1.0012912371640001,True,0.050675238217481766,0.0,True,15,0.0,0.0,0.0,18000,28000,Windows-AMD64-py3.14.3,self-contained local validation harness; charged-time accounting is disclosed by timing_mode,2.0,2.0,7.0,2.0,0.975,fixed
minigrid-empty-5x5-fullyobs_fixed-split_seed8,a6544fd,2026-06-01T21:59:43,8,fixed-split,minigrid,MiniGrid/MiniGrid-Empty-5x5-v0/FullyObsWrapper,3.1.0,minigrid-empty-5x5-fullyobs,9,40.0,40.0,0.0,1.0,16.0,strict_rollout_equivalent_max,0.75,39.0,39.0,685.1305000018328,685.1305000018328,710.0899000070058,684.3700002063997,True,True,645.1305000018328,rollout_normalized,rollout-equivalent unit,1.0,GA,2.0,39,2,5,4,3,12,12,0.9549999999999998,0.9549999999999998,1.0,0.5,32,1,2,39.0,39.0,39.0,False,False,0.0,0.0,1.0012912371640001,True,0.06477797289136245,0.0,True,15,0.0,0.0,0.0,18000,28000,Windows-AMD64-py3.14.3,self-contained local validation harness; charged-time accounting is disclosed by timing_mode,2.0,2.0,7.0,2.0,0.975,fixed
minigrid-empty-5x5-fullyobs_fixed-split_seed8,a6544fd,2026-06-01T21:59:43,8,fixed-split,minigrid,MiniGrid/MiniGrid-Empty-5x5-v0/FullyObsWrapper,3.1.0,minigrid-empty-5x5-fullyobs,10,40.0,40.0,0.0,1.0,16.0,strict_rollout_equivalent_max,0.75,39.0,39.0,686.534299980849,686.534299980849,714.2367000342347,685.8266000635922,True,True,646.534299980849,rollout_normalized,rollout-equivalent unit,1.0,GA,2.0,39,2,5,4,3,12,12,0.9549999999999998,0.9549999999999998,1.0,0.5,32,1,2,39.0,39.0,39.0,False,False,0.0,0.0,1.0012912371640001,True,0.04793598936502664,0.0,True,15,0.0,0.0,0.0,18000,28000,Windows-AMD64-py3.14.3,self-contained local validation harness; charged-time accounting is disclosed by timing_mode,2.0,2.0,7.0,2.0,0.975,fixed
minigrid-empty-5x5-fullyobs_fixed-split_seed8,a6544fd,2026-06-01T21:59:43,8,fixed-split,minigrid,MiniGrid/MiniGrid-Empty-5x5-v0/FullyObsWrapper,3.1.0,minigrid-empty-5x5-fullyobs,11,40.0,40.0,0.0,1.0,16.0,strict_rollout_equivalent_max,0.75,39.0,39.0,715.7332000206225,715.7332000206225,739.8016999941319,714.9532999028452,True,True,675.7332000206225,rollout_normalized,rollout-equivalent unit,1.0,GA,2.0,39,2,5,4,3,12,12,0.9549999999999998,0.9549999999999998,1.0,0.5,32,1,2,39.0,39.0,39.0,False,False,0.0,0.0,1.0012912371640001,True,0.046737453890987934,0.0,True,15,0.0,0.0,0.0,18000,28000,Windows-AMD64-py3.14.3,self-contained local validation harness; charged-time accounting is disclosed by timing_mode,2.0,2.0,7.0,2.0,0.975,fixed
minigrid-empty-5x5-fullyobs_fixed-split_seed9,a6544fd,2026-06-01T21:59:52,9,fixed-split,minigrid,MiniGrid/MiniGrid-Empty-5x5-v0/FullyObsWrapper,3.1.0,minigrid-empty-5x5-fullyobs,0,40.0,40.0,0.0,1.0,16.0,strict_rollout_equivalent_max,0.75,39.0,39.0,728.018699970562,728.018699970562,808.7836999911815,727.3584999493323,True,True,688.018699970562,rollout_normalized,rollout-equivalent unit,1.0,GA,2.0,39,2,5,4,3,12,12,0.0,0.0,0.0,0.5,-1,1,2,39.0,39.0,39.0,False,False,0.0,0.0,1.0885950813006595,True,0.05419409389641183,0.0,True,15,0.0,0.0,0.0,19000,29000,Windows-AMD64-py3.14.3,self-contained local validation harness; charged-time accounting is disclosed by timing_mode,2.0,2.0,7.0,2.0,0.975,fixed
minigrid-empty-5x5-fullyobs_fixed-split_seed9,a6544fd,2026-06-01T21:59:52,9,fixed-split,minigrid,MiniGrid/MiniGrid-Empty-5x5-v0/FullyObsWrapper,3.1.0,minigrid-empty-5x5-fullyobs,1,40.0,40.0,0.0,1.0,16.0,strict_rollout_equivalent_max,0.75,39.0,39.0,698.0091999867,698.0091999867,776.538799982518,697.2898000967689,True,True,658.0091999867,rollout_normalized,rollout-equivalent unit,1.0,GA,2.0,39,2,5,4,3,12,12,0.0,0.0,0.0,0.5,-1,1,2,39.0,39.0,39.0,False,False,0.0,0.0,1.0885950813006595,True,0.05172165632754333,0.0,True,15,0.0,0.0,0.0,19000,29000,Windows-AMD64-py3.14.3,self-contained local validation harness; charged-time accounting is disclosed by timing_mode,2.0,2.0,7.0,2.0,0.975,fixed
minigrid-empty-5x5-fullyobs_fixed-split_seed9,a6544fd,2026-06-01T21:59:52,9,fixed-split,minigrid,MiniGrid/MiniGrid-Empty-5x5-v0/FullyObsWrapper,3.1.0,minigrid-empty-5x5-fullyobs,2,40.0,40.0,0.0,1.0,16.0,strict_rollout_equivalent_max,0.75,39.0,39.0,722.4924999754876,722.4924999754876,817.7017000271007,721.695699961856,True,True,682.4924999754876,rollout_normalized,rollout-equivalent unit,1.0,GA,2.0,39,2,5,4,3,12,12,0.0,0.0,0.0,0.5,-1,1,2,39.0,39.0,39.0,False,False,0.0,0.0,1.0885950813006595,True,0.05248628868142168,0.0,True,15,0.0,0.0,0.0,19000,29000,Windows-AMD64-py3.14.3,self-contained local validation harness; charged-time accounting is disclosed by timing_mode,2.0,2.0,7.0,2.0,0.975,fixed
minigrid-empty-5x5-fullyobs_fixed-split_seed9,a6544fd,2026-06-01T21:59:52,9,fixed-split,minigrid,MiniGrid/MiniGrid-Empty-5x5-v0/FullyObsWrapper,3.1.0,minigrid-empty-5x5-fullyobs,3,40.0,40.0,0.0,1.0,16.0,strict_rollout_equivalent_max,0.75,39.0,39.0,730.5648000328802,730.5648000328802,810.5462999665178,729.8415001132526,True,True,690.5648000328802,rollout_normalized,rollout-equivalent unit,1.0,GA,2.0,39,2,5,4,3,12,12,0.0,0.0,0.0,0.5,-1,1,2,39.0,39.0,39.0,False,False,0.0,0.0,1.0885950813006595,True,0.061303990193218194,0.0,True,15,0.0,0.0,0.0,19000,29000,Windows-AMD64-py3.14.3,self-contained local validation harness; charged-time accounting is disclosed by timing_mode,2.0,2.0,7.0,2.0,0.975,fixed
minigrid-empty-5x5-fullyobs_fixed-split_seed9,a6544fd,2026-06-01T21:59:52,9,fixed-split,minigrid,MiniGrid/MiniGrid-Empty-5x5-v0/FullyObsWrapper,3.1.0,minigrid-empty-5x5-fullyobs,4,40.0,40.0,0.0,1.0,16.0,strict_rollout_equivalent_max,0.75,39.0,39.0,707.1023999596946,707.1023999596946,788.0909999948926,706.3312999671325,True,True,667.1023999596946,rollout_normalized,rollout-equivalent unit,1.0,GA,2.0,39,2,5,4,3,12,12,0.0,0.0,0.0,0.5,-1,1,2,39.0,39.0,39.0,False,False,0.0,0.0,1.0885950813006595,True,0.050711720431455554,0.0,True,15,0.0,0.0,0.0,19000,29000,Windows-AMD64-py3.14.3,self-contained local validation harness; charged-time accounting is disclosed by timing_mode,2.0,2.0,7.0,2.0,0.975,fixed
minigrid-empty-5x5-fullyobs_fixed-split_seed9,a6544fd,2026-06-01T21:59:52,9,fixed-split,minigrid,MiniGrid/MiniGrid-Empty-5x5-v0/FullyObsWrapper,3.1.0,minigrid-empty-5x5-fullyobs,5,40.0,40.0,0.0,1.0,16.0,strict_rollout_equivalent_max,0.75,39.0,39.0,691.7100000428036,691.7100000428036,773.3948000241071,690.8285999670625,True,True,651.7100000428036,rollout_normalized,rollout-equivalent unit,1.0,GA,2.0,39,2,5,4,3,12,12,0.0,0.0,0.0,0.5,-1,1,2,39.0,39.0,39.0,False,False,0.0,0.0,1.0885950813006595,True,0.058888191166258874,0.0,True,15,0.0,0.0,0.0,19000,29000,Windows-AMD64-py3.14.3,self-contained local validation harness; charged-time accounting is disclosed by timing_mode,2.0,2.0,7.0,2.0,0.975,fixed
minigrid-empty-5x5-fullyobs_fixed-split_seed9,a6544fd,2026-06-01T21:59:52,9,fixed-split,minigrid,MiniGrid/MiniGrid-Empty-5x5-v0/FullyObsWrapper,3.1.0,minigrid-empty-5x5-fullyobs,6,40.0,40.0,0.0,1.0,16.0,strict_rollout_equivalent_max,0.75,39.0,39.0,699.5787999476306,699.5787999476306,783.7442000163719,698.829900007695,True,True,659.5787999476306,rollout_normalized,rollout-equivalent unit,1.0,GA,2.0,39,2,5,4,3,12,12,0.0,0.0,0.0,0.5,-1,1,2,39.0,39.0,39.0,False,False,0.0,0.0,1.0885950813006595,True,0.050197354104932534,0.0,True,15,0.0,0.0,0.0,19000,29000,Windows-AMD64-py3.14.3,self-contained local validation harness; charged-time accounting is disclosed by timing_mode,2.0,2.0,7.0,2.0,0.975,fixed
minigrid-empty-5x5-fullyobs_fixed-split_seed9,a6544fd,2026-06-01T21:59:52,9,fixed-split,minigrid,MiniGrid/MiniGrid-Empty-5x5-v0/FullyObsWrapper,3.1.0,minigrid-empty-5x5-fullyobs,7,40.0,40.0,0.0,1.0,16.0,strict_rollout_equivalent_max,0.75,39.0,39.0,730.7465000194497,730.7465000194497,759.7248000092804,729.8868998768739,True,True,690.7465000194497,rollout_normalized,rollout-equivalent unit,1.0,GA,2.0,39,2,5,4,3,12,12,0.9549999999999998,0.9549999999999998,1.0,0.5,256,1,2,39.0,39.0,39.0,False,False,0.0,0.0,1.0300302568360031,True,0.0458212736817909,0.4775,True,15,0.0,0.0,0.0,19000,29000,Windows-AMD64-py3.14.3,self-contained local validation harness; charged-time accounting is disclosed by timing_mode,2.0,2.0,7.0,2.0,0.975,fixed
minigrid-empty-5x5-fullyobs_fixed-split_seed9,a6544fd,2026-06-01T21:59:52,9,fixed-split,minigrid,MiniGrid/MiniGrid-Empty-5x5-v0/FullyObsWrapper,3.1.0,minigrid-empty-5x5-fullyobs,8,40.0,40.0,0.0,1.0,16.0,strict_rollout_equivalent_max,0.75,39.0,39.0,696.7598000192083,696.7598000192083,721.4063999708742,696.0340000223368,True,True,656.7598000192083,rollout_normalized,rollout-equivalent unit,1.0,GA,2.0,39,2,5,4,3,12,12,0.9549999999999998,0.9549999999999998,1.0,0.5,256,1,2,39.0,39.0,39.0,False,False,0.0,0.0,1.0300302568360031,True,0.06843273824386853,0.0,True,15,0.0,0.0,0.0,19000,29000,Windows-AMD64-py3.14.3,self-contained local validation harness; charged-time accounting is disclosed by timing_mode,2.0,2.0,7.0,2.0,0.975,fixed
minigrid-empty-5x5-fullyobs_fixed-split_seed9,a6544fd,2026-06-01T21:59:52,9,fixed-split,minigrid,MiniGrid/MiniGrid-Empty-5x5-v0/FullyObsWrapper,3.1.0,minigrid-empty-5x5-fullyobs,9,40.0,40.0,0.0,1.0,16.0,strict_rollout_equivalent_max,0.75,39.0,39.0,723.0917999986559,723.0917999986559,749.7546999948099,722.2915000165813,True,True,683.0917999986559,rollout_normalized,rollout-equivalent unit,1.0,GA,2.0,39,2,5,4,3,12,12,0.9549999999999998,0.9549999999999998,1.0,0.5,256,1,2,39.0,39.0,39.0,False,False,0.0,0.0,1.0300302568360031,True,0.0424367418261955,0.0,True,15,0.0,0.0,0.0,19000,29000,Windows-AMD64-py3.14.3,self-contained local validation harness; charged-time accounting is disclosed by timing_mode,2.0,2.0,7.0,2.0,0.975,fixed
minigrid-empty-5x5-fullyobs_fixed-split_seed9,a6544fd,2026-06-01T21:59:52,9,fixed-split,minigrid,MiniGrid/MiniGrid-Empty-5x5-v0/FullyObsWrapper,3.1.0,minigrid-empty-5x5-fullyobs,10,40.0,40.0,0.0,1.0,16.0,strict_rollout_equivalent_max,0.75,39.0,39.0,725.4494999651797,725.4494999651797,749.219199991785,724.7696999693289,True,True,685.4494999651797,rollout_normalized,rollout-equivalent unit,1.0,GA,2.0,39,2,5,4,3,12,12,0.9549999999999998,0.9549999999999998,1.0,0.5,256,1,2,39.0,39.0,39.0,False,False,0.0,0.0,1.0300302568360031,True,0.05027666104384698,0.0,True,15,0.0,0.0,0.0,19000,29000,Windows-AMD64-py3.14.3,self-contained local validation harness; charged-time accounting is disclosed by timing_mode,2.0,2.0,7.0,2.0,0.975,fixed
minigrid-empty-5x5-fullyobs_fixed-split_seed9,a6544fd,2026-06-01T21:59:52,9,fixed-split,minigrid,MiniGrid/MiniGrid-Empty-5x5-v0/FullyObsWrapper,3.1.0,minigrid-empty-5x5-fullyobs,11,40.0,40.0,0.0,1.0,16.0,strict_rollout_equivalent_max,0.75,39.0,39.0,740.9307999769226,740.9307999769226,770.3072000294924,740.0704000610858,True,True,700.9307999769226,rollout_normalized,rollout-equivalent unit,1.0,GA,2.0,39,2,5,4,3,12,12,0.9549999999999998,0.9549999999999998,1.0,0.5,256,1,2,39.0,39.0,39.0,False,False,0.0,0.0,1.0300302568360031,True,0.06059897446739848,0.0,True,15,0.0,0.0,0.0,19000,29000,Windows-AMD64-py3.14.3,self-contained local validation harness; charged-time accounting is disclosed by timing_mode,2.0,2.0,7.0,2.0,0.975,fixed
minigrid-empty-5x5-fullyobs_greedy-improvement_seed0,a6544fd,2026-06-01T22:00:02,0,greedy-improvement,minigrid,MiniGrid/MiniGrid-Empty-5x5-v0/FullyObsWrapper,3.1.0,minigrid-empty-5x5-fullyobs,0,40.0,40.0,0.0,1.0,16.0,strict_rollout_equivalent_max,0.75,40.0,40.0,765.0233000167646,765.0233000167646,788.4837000165135,763.5148999397643,True,True,725.0233000167646,rollout_normalized,rollout-equivalent unit,1.0,GA,2.0,40,2,20,0,0,20,20,0.9549999999999998,0.9549999999999998,1.0,0.5,32,1,2,40.0,40.0,40.0,False,False,0.0,0.0,1.0372299338996565,True,0.0459138080579764,0.0,True,20,0.0,0.0,0.0,10000,20000,Windows-AMD64-py3.14.3,self-contained local validation harness; charged-time accounting is disclosed by timing_mode,2.0,2.0,7.0,2.0,1.0,fixed
minigrid-empty-5x5-fullyobs_greedy-improvement_seed0,a6544fd,2026-06-01T22:00:02,0,greedy-improvement,minigrid,MiniGrid/MiniGrid-Empty-5x5-v0/FullyObsWrapper,3.1.0,minigrid-empty-5x5-fullyobs,1,40.0,40.0,0.0,1.0,16.0,strict_rollout_equivalent_max,0.75,40.0,40.0,719.1935000009835,719.1935000009835,747.1200000145473,717.5789998145774,True,True,679.1935000009835,rollout_normalized,rollout-equivalent unit,1.0,GA,2.0,40,2,20,0,0,20,20,0.9549999999999998,0.9549999999999998,1.0,0.5,32,1,2,40.0,40.0,40.0,False,False,0.0,0.0,0.9529425141994408,True,0.04677601417367461,0.0,True,20,0.0,0.0,0.0,10000,20000,Windows-AMD64-py3.14.3,self-contained local validation harness; charged-time accounting is disclosed by timing_mode,2.0,2.0,7.0,2.0,1.0,fixed
minigrid-empty-5x5-fullyobs_greedy-improvement_seed0,a6544fd,2026-06-01T22:00:02,0,greedy-improvement,minigrid,MiniGrid/MiniGrid-Empty-5x5-v0/FullyObsWrapper,3.1.0,minigrid-empty-5x5-fullyobs,2,40.0,40.0,0.0,1.0,16.0,strict_rollout_equivalent_max,0.75,40.0,40.0,780.3511000238359,780.3511000238359,808.8011000072584,778.7787999259308,True,True,740.3511000238359,rollout_normalized,rollout-equivalent unit,1.0,GA,2.0,40,2,20,0,0,20,20,0.9549999999999998,0.9549999999999998,1.0,0.5,32,1,2,40.0,40.0,40.0,False,False,0.0,0.0,0.9529425141994408,True,0.03743352816770684,0.0,True,20,0.0,0.0,0.0,10000,20000,Windows-AMD64-py3.14.3,self-contained local validation harness; charged-time accounting is disclosed by timing_mode,2.0,2.0,7.0,2.0,1.0,fixed
minigrid-empty-5x5-fullyobs_greedy-improvement_seed0,a6544fd,2026-06-01T22:00:02,0,greedy-improvement,minigrid,MiniGrid/MiniGrid-Empty-5x5-v0/FullyObsWrapper,3.1.0,minigrid-empty-5x5-fullyobs,3,40.0,40.0,0.0,1.0,16.0,strict_rollout_equivalent_max,0.75,40.0,40.0,802.222799975425,802.222799975425,827.8581000049599,800.7516999496147,True,True,762.222799975425,rollout_normalized,rollout-equivalent unit,1.0,GA,2.0,40,2,20,0,0,20,20,0.9549999999999998,0.9549999999999998,1.0,0.5,32,1,2,40.0,40.0,40.0,False,False,0.0,0.0,0.9529425141994408,True,0.03550076647684863,0.0,True,20,0.0,0.0,0.0,10000,20000,Windows-AMD64-py3.14.3,self-contained local validation harness; charged-time accounting is disclosed by timing_mode,2.0,2.0,7.0,2.0,1.0,fixed
minigrid-empty-5x5-fullyobs_greedy-improvement_seed0,a6544fd,2026-06-01T22:00:02,0,greedy-improvement,minigrid,MiniGrid/MiniGrid-Empty-5x5-v0/FullyObsWrapper,3.1.0,minigrid-empty-5x5-fullyobs,4,40.0,40.0,0.0,1.0,16.0,strict_rollout_equivalent_max,0.75,40.0,40.0,691.3675999967381,691.3675999967381,718.5866999789141,689.938900002744,True,True,651.3675999967381,rollout_normalized,rollout-equivalent unit,1.0,GA,2.0,40,2,20,0,0,20,20,0.9549999999999998,0.9549999999999998,1.0,0.5,32,1,2,40.0,40.0,40.0,False,False,0.0,0.0,0.8600209669846085,True,0.03383290694148722,0.0,True,20,0.0,0.0,0.0,10000,20000,Windows-AMD64-py3.14.3,self-contained local validation harness; charged-time accounting is disclosed by timing_mode,2.0,2.0,7.0,2.0,1.0,fixed
minigrid-empty-5x5-fullyobs_greedy-improvement_seed0,a6544fd,2026-06-01T22:00:02,0,greedy-improvement,minigrid,MiniGrid/MiniGrid-Empty-5x5-v0/FullyObsWrapper,3.1.0,minigrid-empty-5x5-fullyobs,5,40.0,40.0,0.0,1.0,16.0,strict_rollout_equivalent_max,0.75,40.0,40.0,705.734700022731,705.734700022731,732.9602999961935,704.3457998661324,True,True,665.734700022731,rollout_normalized,rollout-equivalent unit,1.0,GA,2.0,40,2,20,0,0,20,20,0.9549999999999998,0.9549999999999998,1.0,0.5,32,1,2,40.0,40.0,40.0,False,False,0.0,0.0,0.6635702919827554,True,0.034799295776870465,0.0,True,20,0.0,0.0,0.0,10000,20000,Windows-AMD64-py3.14.3,self-contained local validation harness; charged-time accounting is disclosed by timing_mode,2.0,2.0,7.0,2.0,1.0,fixed
minigrid-empty-5x5-fullyobs_greedy-improvement_seed0,a6544fd,2026-06-01T22:00:02,0,greedy-improvement,minigrid,MiniGrid/MiniGrid-Empty-5x5-v0/FullyObsWrapper,3.1.0,minigrid-empty-5x5-fullyobs,6,40.0,40.0,0.0,1.0,16.0,strict_rollout_equivalent_max,0.75,40.0,40.0,660.4545000009239,660.4545000009239,685.3927999618463,658.9652003021911,True,True,620.4545000009239,rollout_normalized,rollout-equivalent unit,1.0,GA,2.0,40,2,20,0,0,20,20,0.9549999999999998,0.9549999999999998,1.0,0.5,32,1,2,40.0,40.0,40.0,False,False,0.0,0.0,0.4943027422011306,True,0.03422041525653463,0.0,True,20,0.0,0.0,0.0,10000,20000,Windows-AMD64-py3.14.3,self-contained local validation harness; charged-time accounting is disclosed by timing_mode,2.0,2.0,7.0,2.0,1.0,fixed
minigrid-empty-5x5-fullyobs_greedy-improvement_seed0,a6544fd,2026-06-01T22:00:02,0,greedy-improvement,minigrid,MiniGrid/MiniGrid-Empty-5x5-v0/FullyObsWrapper,3.1.0,minigrid-empty-5x5-fullyobs,7,40.0,40.0,0.0,1.0,16.0,strict_rollout_equivalent_max,0.75,40.0,40.0,656.9577000336722,656.9577000336722,682.9909000080079,655.481299967505,True,True,616.9577000336722,rollout_normalized,rollout-equivalent unit,1.0,GA,2.0,40,2,20,0,0,20,20,0.9549999999999998,0.9549999999999998,1.0,0.5,32,1,2,40.0,40.0,40.0,False,False,0.0,0.0,0.4943027422011306,True,0.03321311500963042,0.0,True,20,0.0,0.0,0.0,10000,20000,Windows-AMD64-py3.14.3,self-contained local validation harness; charged-time accounting is disclosed by timing_mode,2.0,2.0,7.0,2.0,1.0,fixed
minigrid-empty-5x5-fullyobs_greedy-improvement_seed0,a6544fd,2026-06-01T22:00:02,0,greedy-improvement,minigrid,MiniGrid/MiniGrid-Empty-5x5-v0/FullyObsWrapper,3.1.0,minigrid-empty-5x5-fullyobs,8,40.0,40.0,0.0,1.0,16.0,strict_rollout_equivalent_max,0.75,40.0,40.0,690.4205000028014,690.4205000028014,714.6391000133008,688.9012998435646,True,True,650.4205000028014,rollout_normalized,rollout-equivalent unit,1.0,GA,2.0,40,2,20,0,0,20,20,0.9549999999999998,0.9549999999999998,1.0,0.5,32,1,2,40.0,40.0,40.0,False,False,0.0,0.0,0.4943027422011306,True,0.031071198024773206,0.0,True,20,0.0,0.0,0.0,10000,20000,Windows-AMD64-py3.14.3,self-contained local validation harness; charged-time accounting is disclosed by timing_mode,2.0,2.0,7.0,2.0,1.0,fixed
minigrid-empty-5x5-fullyobs_greedy-improvement_seed0,a6544fd,2026-06-01T22:00:02,0,greedy-improvement,minigrid,MiniGrid/MiniGrid-Empty-5x5-v0/FullyObsWrapper,3.1.0,minigrid-empty-5x5-fullyobs,9,40.0,40.0,0.0,1.0,16.0,strict_rollout_equivalent_max,0.75,40.0,40.0,646.7726000119001,646.7726000119001,671.3300999836065,645.3388999798335,True,True,606.7726000119001,rollout_normalized,rollout-equivalent unit,1.0,GA,2.0,40,2,20,0,0,20,20,0.9549999999999998,0.9549999999999998,1.0,0.5,32,1,2,40.0,40.0,40.0,False,False,0.0,0.0,0.4943027422011306,True,0.03209557606350999,0.0,True,20,0.0,0.0,0.0,10000,20000,Windows-AMD64-py3.14.3,self-contained local validation harness; charged-time accounting is disclosed by timing_mode,2.0,2.0,7.0,2.0,1.0,fixed
minigrid-empty-5x5-fullyobs_greedy-improvement_seed0,a6544fd,2026-06-01T22:00:02,0,greedy-improvement,minigrid,MiniGrid/MiniGrid-Empty-5x5-v0/FullyObsWrapper,3.1.0,minigrid-empty-5x5-fullyobs,10,40.0,40.0,0.0,1.0,16.0,strict_rollout_equivalent_max,0.75,40.0,40.0,724.0970000275411,724.0970000275411,752.1340000093915,722.6076000370085,True,True,684.0970000275411,rollout_normalized,rollout-equivalent unit,1.0,GA,2.0,40,2,20,0,0,20,20,0.9549999999999998,0.9549999999999998,1.0,0.5,32,1,2,40.0,40.0,40.0,False,False,0.0,0.0,0.4943027422011306,True,0.03481123195268698,0.0,True,20,0.0,0.0,0.0,10000,20000,Windows-AMD64-py3.14.3,self-contained local validation harness; charged-time accounting is disclosed by timing_mode,2.0,2.0,7.0,2.0,1.0,fixed
minigrid-empty-5x5-fullyobs_greedy-improvement_seed0,a6544fd,2026-06-01T22:00:02,0,greedy-improvement,minigrid,MiniGrid/MiniGrid-Empty-5x5-v0/FullyObsWrapper,3.1.0,minigrid-empty-5x5-fullyobs,11,40.0,40.0,0.0,1.0,16.0,strict_rollout_equivalent_max,0.75,40.0,40.0,645.3775999834761,645.3775999834761,672.1898000105284,643.9082999713719,True,True,605.3775999834761,rollout_normalized,rollout-equivalent unit,1.0,GA,2.0,40,2,20,0,0,20,20,0.9549999999999998,0.9549999999999998,1.0,0.5,32,1,2,40.0,40.0,40.0,False,False,0.0,0.0,0.4943027422011306,True,0.029280267451094688,0.0,True,20,0.0,0.0,0.0,10000,20000,Windows-AMD64-py3.14.3,self-contained local validation harness; charged-time accounting is disclosed by timing_mode,2.0,2.0,7.0,2.0,1.0,fixed
minigrid-empty-5x5-fullyobs_greedy-improvement_seed1,a6544fd,2026-06-01T22:00:11,1,greedy-improvement,minigrid,MiniGrid/MiniGrid-Empty-5x5-v0/FullyObsWrapper,3.1.0,minigrid-empty-5x5-fullyobs,0,40.0,40.0,0.0,1.0,16.0,strict_rollout_equivalent_max,0.75,40.0,40.0,754.8647000221536,754.8647000221536,832.5651999912225,753.4375000395812,True,True,714.8647000221536,rollout_normalized,rollout-equivalent unit,1.0,GA,2.0,40,2,20,0,0,20,20,0.0,0.0,0.0,0.5,-1,1,2,40.0,40.0,40.0,False,False,0.0,0.0,1.114184163303725,True,0.06648833789500674,0.0,True,20,0.0,0.0,0.0,11000,21000,Windows-AMD64-py3.14.3,self-contained local validation harness; charged-time accounting is disclosed by timing_mode,2.0,2.0,7.0,2.0,1.0,fixed
minigrid-empty-5x5-fullyobs_greedy-improvement_seed1,a6544fd,2026-06-01T22:00:11,1,greedy-improvement,minigrid,MiniGrid/MiniGrid-Empty-5x5-v0/FullyObsWrapper,3.1.0,minigrid-empty-5x5-fullyobs,1,40.0,40.0,0.0,1.0,16.0,strict_rollout_equivalent_max,0.75,40.0,40.0,745.6453000195324,745.6453000195324,824.9081000103615,744.0994000062346,True,True,705.6453000195324,rollout_normalized,rollout-equivalent unit,1.0,GA,2.0,40,2,20,0,0,20,20,0.0,0.0,0.0,0.5,-1,1,2,40.0,40.0,40.0,False,False,0.0,0.0,1.114184163303725,True,0.06257121737988625,0.0,True,20,0.0,0.0,0.0,11000,21000,Windows-AMD64-py3.14.3,self-contained local validation harness; charged-time accounting is disclosed by timing_mode,2.0,2.0,7.0,2.0,1.0,fixed
minigrid-empty-5x5-fullyobs_greedy-improvement_seed1,a6544fd,2026-06-01T22:00:11,1,greedy-improvement,minigrid,MiniGrid/MiniGrid-Empty-5x5-v0/FullyObsWrapper,3.1.0,minigrid-empty-5x5-fullyobs,2,40.0,40.0,0.0,1.0,16.0,strict_rollout_equivalent_max,0.75,40.0,40.0,704.4346000184305,704.4346000184305,729.004199965857,702.9617999796756,True,True,664.4346000184305,rollout_normalized,rollout-equivalent unit,1.0,GA,2.0,40,2,20,0,0,20,20,0.9549999999999998,0.9549999999999998,1.0,0.5,96,1,2,40.0,40.0,40.0,False,False,0.0,0.0,1.0669531802188528,True,0.058221377298946386,0.0,True,20,0.0,0.0,0.0,11000,21000,Windows-AMD64-py3.14.3,self-contained local validation harness; charged-time accounting is disclosed by timing_mode,2.0,2.0,7.0,2.0,1.0,fixed
minigrid-empty-5x5-fullyobs_greedy-improvement_seed1,a6544fd,2026-06-01T22:00:11,1,greedy-improvement,minigrid,MiniGrid/MiniGrid-Empty-5x5-v0/FullyObsWrapper,3.1.0,minigrid-empty-5x5-fullyobs,3,40.0,40.0,0.0,1.0,16.0,strict_rollout_equivalent_max,0.75,40.0,40.0,722.0958999823779,722.0958999823779,747.0114000025205,720.6681001698598,True,True,682.0958999823779,rollout_normalized,rollout-equivalent unit,1.0,GA,2.0,40,2,20,0,0,20,20,0.9549999999999998,0.9549999999999998,1.0,0.5,96,1,2,40.0,40.0,40.0,False,False,0.0,0.0,1.0669531802188528,True,0.042079088330942094,0.0,True,20,0.0,0.0,0.0,11000,21000,Windows-AMD64-py3.14.3,self-contained local validation harness; charged-time accounting is disclosed by timing_mode,2.0,2.0,7.0,2.0,1.0,fixed
minigrid-empty-5x5-fullyobs_greedy-improvement_seed1,a6544fd,2026-06-01T22:00:11,1,greedy-improvement,minigrid,MiniGrid/MiniGrid-Empty-5x5-v0/FullyObsWrapper,3.1.0,minigrid-empty-5x5-fullyobs,4,40.0,40.0,0.0,1.0,16.0,strict_rollout_equivalent_max,0.75,40.0,40.0,671.8876999802887,671.8876999802887,696.5477999765426,670.2481001266278,True,True,631.8876999802887,rollout_normalized,rollout-equivalent unit,1.0,GA,2.0,40,2,20,0,0,20,20,0.9549999999999998,0.9549999999999998,1.0,0.5,96,1,2,40.0,40.0,40.0,False,False,0.0,0.0,0.9328835388486997,True,0.038973740902590426,0.0,True,20,0.0,0.0,0.0,11000,21000,Windows-AMD64-py3.14.3,self-contained local validation harness; charged-time accounting is disclosed by timing_mode,2.0,2.0,7.0,2.0,1.0,fixed
minigrid-empty-5x5-fullyobs_greedy-improvement_seed1,a6544fd,2026-06-01T22:00:11,1,greedy-improvement,minigrid,MiniGrid/MiniGrid-Empty-5x5-v0/FullyObsWrapper,3.1.0,minigrid-empty-5x5-fullyobs,5,40.0,40.0,0.0,1.0,16.0,strict_rollout_equivalent_max,0.75,40.0,40.0,730.1923000486568,730.1923000486568,755.0774000119418,728.8608000962995,True,True,690.1923000486568,rollout_normalized,rollout-equivalent unit,1.0,GA,2.0,40,2,20,0,0,20,20,0.9549999999999998,0.9549999999999998,1.0,0.5,96,1,2,40.0,40.0,40.0,False,False,0.0,0.0,0.9328835388486997,True,0.053808149665766976,0.0,True,20,0.0,0.0,0.0,11000,21000,Windows-AMD64-py3.14.3,self-contained local validation harness; charged-time accounting is disclosed by timing_mode,2.0,2.0,7.0,2.0,1.0,fixed
minigrid-empty-5x5-fullyobs_greedy-improvement_seed1,a6544fd,2026-06-01T22:00:11,1,greedy-improvement,minigrid,MiniGrid/MiniGrid-Empty-5x5-v0/FullyObsWrapper,3.1.0,minigrid-empty-5x5-fullyobs,6,40.0,40.0,0.0,1.0,16.0,strict_rollout_equivalent_max,0.75,40.0,40.0,718.6479000374675,718.6479000374675,743.5206999653019,717.073600157164,True,True,678.6479000374675,rollout_normalized,rollout-equivalent unit,1.0,GA,2.0,40,2,20,0,0,20,20,0.9549999999999998,0.9549999999999998,1.0,0.5,96,1,2,40.0,40.0,40.0,False,False,0.0,0.0,0.8784177782783297,True,0.03075183308888985,0.0,True,20,0.0,0.0,0.0,11000,21000,Windows-AMD64-py3.14.3,self-contained local validation harness; charged-time accounting is disclosed by timing_mode,2.0,2.0,7.0,2.0,1.0,fixed
minigrid-empty-5x5-fullyobs_greedy-improvement_seed1,a6544fd,2026-06-01T22:00:11,1,greedy-improvement,minigrid,MiniGrid/MiniGrid-Empty-5x5-v0/FullyObsWrapper,3.1.0,minigrid-empty-5x5-fullyobs,7,40.0,40.0,0.0,1.0,16.0,strict_rollout_equivalent_max,0.75,40.0,40.0,627.7531000087038,627.7531000087038,652.3884999915026,626.0572000173852,True,True,587.7531000087038,rollout_normalized,rollout-equivalent unit,1.0,GA,2.0,40,2,20,0,0,20,20,0.9549999999999998,0.9549999999999998,1.0,0.5,96,1,2,40.0,40.0,40.0,False,False,0.0,0.0,0.5439759907234618,True,0.03756448417293945,0.0,True,20,0.0,0.0,0.0,11000,21000,Windows-AMD64-py3.14.3,self-contained local validation harness; charged-time accounting is disclosed by timing_mode,2.0,2.0,7.0,2.0,1.0,fixed
minigrid-empty-5x5-fullyobs_greedy-improvement_seed1,a6544fd,2026-06-01T22:00:11,1,greedy-improvement,minigrid,MiniGrid/MiniGrid-Empty-5x5-v0/FullyObsWrapper,3.1.0,minigrid-empty-5x5-fullyobs,8,40.0,40.0,0.0,1.0,16.0,strict_rollout_equivalent_max,0.75,40.0,40.0,659.0931999962777,659.0931999962777,682.9435999970883,657.593100098893,True,True,619.0931999962777,rollout_normalized,rollout-equivalent unit,1.0,GA,2.0,40,2,20,0,0,20,20,0.9549999999999998,0.9549999999999998,1.0,0.5,96,1,2,40.0,40.0,40.0,False,False,0.0,0.0,0.5439759907234618,True,0.04197979686183939,0.0,True,20,0.0,0.0,0.0,11000,21000,Windows-AMD64-py3.14.3,self-contained local validation harness; charged-time accounting is disclosed by timing_mode,2.0,2.0,7.0,2.0,1.0,fixed
minigrid-empty-5x5-fullyobs_greedy-improvement_seed1,a6544fd,2026-06-01T22:00:11,1,greedy-improvement,minigrid,MiniGrid/MiniGrid-Empty-5x5-v0/FullyObsWrapper,3.1.0,minigrid-empty-5x5-fullyobs,9,40.0,40.0,0.0,1.0,16.0,strict_rollout_equivalent_max,0.75,40.0,40.0,736.9915000163019,736.9915000163019,761.7186999996193,735.6686999555677,True,True,696.9915000163019,rollout_normalized,rollout-equivalent unit,1.0,GA,2.0,40,2,20,0,0,20,20,0.9549999999999998,0.9549999999999998,1.0,0.5,96,1,2,40.0,40.0,40.0,False,False,0.0,0.0,0.5439759907234618,True,0.028179024240758355,0.0,True,20,0.0,0.0,0.0,11000,21000,Windows-AMD64-py3.14.3,self-contained local validation harness; charged-time accounting is disclosed by timing_mode,2.0,2.0,7.0,2.0,1.0,fixed
minigrid-empty-5x5-fullyobs_greedy-improvement_seed1,a6544fd,2026-06-01T22:00:11,1,greedy-improvement,minigrid,MiniGrid/MiniGrid-Empty-5x5-v0/FullyObsWrapper,3.1.0,minigrid-empty-5x5-fullyobs,10,40.0,40.0,0.0,1.0,16.0,strict_rollout_equivalent_max,0.75,40.0,40.0,734.924599993974,734.924599993974,760.5103999958374,733.4964999463409,True,True,694.924599993974,rollout_normalized,rollout-equivalent unit,1.0,GA,2.0,40,2,20,0,0,20,20,0.9549999999999998,0.9549999999999998,1.0,0.5,96,1,2,40.0,40.0,40.0,False,False,0.0,0.0,0.5439759907234618,True,0.030112593178258314,0.0,True,20,0.0,0.0,0.0,11000,21000,Windows-AMD64-py3.14.3,self-contained local validation harness; charged-time accounting is disclosed by timing_mode,2.0,2.0,7.0,2.0,1.0,fixed
minigrid-empty-5x5-fullyobs_greedy-improvement_seed1,a6544fd,2026-06-01T22:00:11,1,greedy-improvement,minigrid,MiniGrid/MiniGrid-Empty-5x5-v0/FullyObsWrapper,3.1.0,minigrid-empty-5x5-fullyobs,11,40.0,40.0,0.0,1.0,16.0,strict_rollout_equivalent_max,0.75,40.0,40.0,654.6681000036187,654.6681000036187,678.6658999626525,653.3019000780769,True,True,614.6681000036187,rollout_normalized,rollout-equivalent unit,1.0,GA,2.0,40,2,20,0,0,20,20,0.9549999999999998,0.9549999999999998,1.0,0.5,96,1,2,40.0,40.0,40.0,False,False,0.0,0.0,0.5439759907234618,True,0.03294539253895934,0.0,True,20,0.0,0.0,0.0,11000,21000,Windows-AMD64-py3.14.3,self-contained local validation harness; charged-time accounting is disclosed by timing_mode,2.0,2.0,7.0,2.0,1.0,fixed
minigrid-empty-5x5-fullyobs_greedy-improvement_seed2,a6544fd,2026-06-01T22:00:21,2,greedy-improvement,minigrid,MiniGrid/MiniGrid-Empty-5x5-v0/FullyObsWrapper,3.1.0,minigrid-empty-5x5-fullyobs,0,40.0,40.0,0.0,1.0,16.0,strict_rollout_equivalent_max,0.75,40.0,40.0,768.8197000534274,768.8197000534274,881.9961000117473,767.2823999891989,True,True,728.8197000534274,rollout_normalized,rollout-equivalent unit,1.0,GA,2.0,40,2,20,0,0,20,20,0.0,0.0,0.0,0.5,-1,1,2,40.0,40.0,40.0,False,False,0.0,0.0,1.0348231409227577,True,0.050072279530499975,0.0,True,20,0.0,0.0,0.0,12000,22000,Windows-AMD64-py3.14.3,self-contained local validation harness; charged-time accounting is disclosed by timing_mode,2.0,2.0,7.0,2.0,1.0,fixed
minigrid-empty-5x5-fullyobs_greedy-improvement_seed2,a6544fd,2026-06-01T22:00:21,2,greedy-improvement,minigrid,MiniGrid/MiniGrid-Empty-5x5-v0/FullyObsWrapper,3.1.0,minigrid-empty-5x5-fullyobs,1,40.0,40.0,0.0,1.0,16.0,strict_rollout_equivalent_max,0.75,40.0,40.0,792.2270999988541,792.2270999988541,891.5565999923274,790.7304999534972,True,True,752.2270999988541,rollout_normalized,rollout-equivalent unit,1.0,GA,2.0,40,2,20,0,0,20,20,0.0,0.0,0.0,0.5,-1,1,2,40.0,40.0,40.0,False,False,0.0,0.0,1.0348231409227577,True,0.044376965038712246,0.0,True,20,0.0,0.0,0.0,12000,22000,Windows-AMD64-py3.14.3,self-contained local validation harness; charged-time accounting is disclosed by timing_mode,2.0,2.0,7.0,2.0,1.0,fixed
minigrid-empty-5x5-fullyobs_greedy-improvement_seed2,a6544fd,2026-06-01T22:00:21,2,greedy-improvement,minigrid,MiniGrid/MiniGrid-Empty-5x5-v0/FullyObsWrapper,3.1.0,minigrid-empty-5x5-fullyobs,2,40.0,40.0,0.0,1.0,16.0,strict_rollout_equivalent_max,0.75,40.0,40.0,768.1386999902315,768.1386999902315,874.7688000439666,766.5367000736296,True,True,728.1386999902315,rollout_normalized,rollout-equivalent unit,1.0,GA,2.0,40,2,20,0,0,20,20,0.0,0.0,0.0,0.5,-1,1,2,40.0,40.0,40.0,False,False,0.0,0.0,1.0348231409227577,True,0.04730301246383273,0.0,True,20,0.0,0.0,0.0,12000,22000,Windows-AMD64-py3.14.3,self-contained local validation harness; charged-time accounting is disclosed by timing_mode,2.0,2.0,7.0,2.0,1.0,fixed
minigrid-empty-5x5-fullyobs_greedy-improvement_seed2,a6544fd,2026-06-01T22:00:21,2,greedy-improvement,minigrid,MiniGrid/MiniGrid-Empty-5x5-v0/FullyObsWrapper,3.1.0,minigrid-empty-5x5-fullyobs,3,40.0,40.0,0.0,1.0,16.0,strict_rollout_equivalent_max,0.75,40.0,40.0,810.6075000250712,810.6075000250712,922.6878999616019,809.0667001670226,True,True,770.6075000250712,rollout_normalized,rollout-equivalent unit,1.0,GA,2.0,40,2,20,0,0,20,20,0.0,0.0,0.0,0.5,-1,1,2,40.0,40.0,40.0,False,False,0.0,0.0,1.0348231409227577,True,0.049433784143405816,0.0,True,20,0.0,0.0,0.0,12000,22000,Windows-AMD64-py3.14.3,self-contained local validation harness; charged-time accounting is disclosed by timing_mode,2.0,2.0,7.0,2.0,1.0,fixed
minigrid-empty-5x5-fullyobs_greedy-improvement_seed2,a6544fd,2026-06-01T22:00:21,2,greedy-improvement,minigrid,MiniGrid/MiniGrid-Empty-5x5-v0/FullyObsWrapper,3.1.0,minigrid-empty-5x5-fullyobs,4,40.0,40.0,0.0,1.0,16.0,strict_rollout_equivalent_max,0.75,40.0,40.0,775.3392999875359,775.3392999875359,882.4945000233129,773.7780997995287,True,True,735.3392999875359,rollout_normalized,rollout-equivalent unit,1.0,GA,2.0,40,2,20,0,0,20,20,0.0,0.0,0.0,0.5,-1,1,2,40.0,40.0,40.0,False,False,0.0,0.0,1.0348231409227577,True,0.0484455683490399,0.0,True,20,0.0,0.0,0.0,12000,22000,Windows-AMD64-py3.14.3,self-contained local validation harness; charged-time accounting is disclosed by timing_mode,2.0,2.0,7.0,2.0,1.0,fixed
minigrid-empty-5x5-fullyobs_greedy-improvement_seed2,a6544fd,2026-06-01T22:00:21,2,greedy-improvement,minigrid,MiniGrid/MiniGrid-Empty-5x5-v0/FullyObsWrapper,3.1.0,minigrid-empty-5x5-fullyobs,5,40.0,40.0,0.0,1.0,16.0,strict_rollout_equivalent_max,0.75,40.0,40.0,741.6012999601662,741.6012999601662,841.7840999900363,740.0592000922188,True,True,701.6012999601662,rollout_normalized,rollout-equivalent unit,1.0,GA,2.0,40,2,20,0,0,20,20,0.0,0.0,0.0,0.5,-1,1,2,40.0,40.0,40.0,False,False,0.0,0.0,1.0348231409227577,True,0.045293616956470384,0.0,True,20,0.0,0.0,0.0,12000,22000,Windows-AMD64-py3.14.3,self-contained local validation harness; charged-time accounting is disclosed by timing_mode,2.0,2.0,7.0,2.0,1.0,fixed
minigrid-empty-5x5-fullyobs_greedy-improvement_seed2,a6544fd,2026-06-01T22:00:21,2,greedy-improvement,minigrid,MiniGrid/MiniGrid-Empty-5x5-v0/FullyObsWrapper,3.1.0,minigrid-empty-5x5-fullyobs,6,40.0,40.0,0.0,1.0,16.0,strict_rollout_equivalent_max,0.75,40.0,40.0,745.2948000282049,745.2948000282049,844.4858000148088,743.8133001560345,True,True,705.2948000282049,rollout_normalized,rollout-equivalent unit,1.0,GA,2.0,40,2,20,0,0,20,20,0.0,0.0,0.0,0.5,-1,1,2,40.0,40.0,40.0,False,False,0.0,0.0,1.0348231409227577,True,0.038637441170398135,0.0,True,20,0.0,0.0,0.0,12000,22000,Windows-AMD64-py3.14.3,self-contained local validation harness; charged-time accounting is disclosed by timing_mode,2.0,2.0,7.0,2.0,1.0,fixed
minigrid-empty-5x5-fullyobs_greedy-improvement_seed2,a6544fd,2026-06-01T22:00:21,2,greedy-improvement,minigrid,MiniGrid/MiniGrid-Empty-5x5-v0/FullyObsWrapper,3.1.0,minigrid-empty-5x5-fullyobs,7,40.0,40.0,0.0,1.0,16.0,strict_rollout_equivalent_max,0.75,40.0,40.0,744.6522999671288,744.6522999671288,844.6608000085689,743.3343001175672,True,True,704.6522999671288,rollout_normalized,rollout-equivalent unit,1.0,GA,2.0,40,2,20,0,0,20,20,0.0,0.0,0.0,0.5,-1,1,2,40.0,40.0,40.0,False,False,0.0,0.0,1.0348231409227577,True,0.04098511625223389,0.0,True,20,0.0,0.0,0.0,12000,22000,Windows-AMD64-py3.14.3,self-contained local validation harness; charged-time accounting is disclosed by timing_mode,2.0,2.0,7.0,2.0,1.0,fixed
minigrid-empty-5x5-fullyobs_greedy-improvement_seed2,a6544fd,2026-06-01T22:00:21,2,greedy-improvement,minigrid,MiniGrid/MiniGrid-Empty-5x5-v0/FullyObsWrapper,3.1.0,minigrid-empty-5x5-fullyobs,8,40.0,40.0,0.0,1.0,16.0,strict_rollout_equivalent_max,0.75,40.0,40.0,768.4548000106588,768.4548000106588,871.680100040976,767.0651000225917,True,True,728.4548000106588,rollout_normalized,rollout-equivalent unit,1.0,GA,2.0,40,2,20,0,0,20,20,0.0,0.0,0.0,0.5,-1,1,2,40.0,40.0,40.0,False,False,0.0,0.0,1.0348231409227577,True,0.04249063518599128,0.0,True,20,0.0,0.0,0.0,12000,22000,Windows-AMD64-py3.14.3,self-contained local validation harness; charged-time accounting is disclosed by timing_mode,2.0,2.0,7.0,2.0,1.0,fixed
minigrid-empty-5x5-fullyobs_greedy-improvement_seed2,a6544fd,2026-06-01T22:00:21,2,greedy-improvement,minigrid,MiniGrid/MiniGrid-Empty-5x5-v0/FullyObsWrapper,3.1.0,minigrid-empty-5x5-fullyobs,9,40.0,40.0,0.0,1.0,16.0,strict_rollout_equivalent_max,0.75,40.0,40.0,748.671299952548,748.671299952548,848.7212000181898,747.1324997604825,True,True,708.671299952548,rollout_normalized,rollout-equivalent unit,1.0,GA,2.0,40,2,20,0,0,20,20,0.0,0.0,0.0,0.5,-1,1,2,40.0,40.0,40.0,False,False,0.0,0.0,1.0348231409227577,True,0.050722631522717165,0.0,True,20,0.0,0.0,0.0,12000,22000,Windows-AMD64-py3.14.3,self-contained local validation harness; charged-time accounting is disclosed by timing_mode,2.0,2.0,7.0,2.0,1.0,fixed
minigrid-empty-5x5-fullyobs_greedy-improvement_seed2,a6544fd,2026-06-01T22:00:21,2,greedy-improvement,minigrid,MiniGrid/MiniGrid-Empty-5x5-v0/FullyObsWrapper,3.1.0,minigrid-empty-5x5-fullyobs,10,40.0,40.0,0.0,1.0,16.0,strict_rollout_equivalent_max,0.75,40.0,40.0,761.8787999963388,761.8787999963388,868.6405000044033,760.3142997832038,True,True,721.8787999963388,rollout_normalized,rollout-equivalent unit,1.0,GA,2.0,40,2,20,0,0,20,20,0.0,0.0,0.0,0.5,-1,1,2,40.0,40.0,40.0,False,False,0.0,0.0,1.0348231409227577,True,0.04076895872363395,0.0,True,20,0.0,0.0,0.0,12000,22000,Windows-AMD64-py3.14.3,self-contained local validation harness; charged-time accounting is disclosed by timing_mode,2.0,2.0,7.0,2.0,1.0,fixed
minigrid-empty-5x5-fullyobs_greedy-improvement_seed2,a6544fd,2026-06-01T22:00:21,2,greedy-improvement,minigrid,MiniGrid/MiniGrid-Empty-5x5-v0/FullyObsWrapper,3.1.0,minigrid-empty-5x5-fullyobs,11,40.0,40.0,0.0,1.0,16.0,strict_rollout_equivalent_max,0.75,40.0,40.0,768.0267000105232,768.0267000105232,867.8518999950029,766.4871000451967,True,True,728.0267000105232,rollout_normalized,rollout-equivalent unit,1.0,GA,2.0,40,2,20,0,0,20,20,0.0,0.0,0.0,0.5,-1,1,2,40.0,40.0,40.0,False,False,0.0,0.0,1.0348231409227577,True,0.05356407884655101,0.0,True,20,0.0,0.0,0.0,12000,22000,Windows-AMD64-py3.14.3,self-contained local validation harness; charged-time accounting is disclosed by timing_mode,2.0,2.0,7.0,2.0,1.0,fixed
minigrid-empty-5x5-fullyobs_greedy-improvement_seed3,a6544fd,2026-06-01T22:00:32,3,greedy-improvement,minigrid,MiniGrid/MiniGrid-Empty-5x5-v0/FullyObsWrapper,3.1.0,minigrid-empty-5x5-fullyobs,0,40.0,40.0,0.0,1.0,16.0,strict_rollout_equivalent_max,0.75,40.0,40.0,757.7994000166655,757.7994000166655,843.6926000285894,756.2948998529464,True,True,717.7994000166655,rollout_normalized,rollout-equivalent unit,1.0,GA,2.0,40,2,20,0,0,20,20,0.0,0.0,0.0,0.5,-1,1,2,40.0,40.0,40.0,False,False,0.0,0.0,1.0528962878013794,True,0.0488162104212122,0.0,True,20,0.0,0.0,0.0,13000,23000,Windows-AMD64-py3.14.3,self-contained local validation harness; charged-time accounting is disclosed by timing_mode,2.0,2.0,7.0,2.0,1.0,fixed
minigrid-empty-5x5-fullyobs_greedy-improvement_seed3,a6544fd,2026-06-01T22:00:32,3,greedy-improvement,minigrid,MiniGrid/MiniGrid-Empty-5x5-v0/FullyObsWrapper,3.1.0,minigrid-empty-5x5-fullyobs,1,40.0,40.0,0.0,1.0,16.0,strict_rollout_equivalent_max,0.75,40.0,40.0,799.1907999967225,799.1907999967225,884.4714000006206,797.4462999845855,True,True,759.1907999967225,rollout_normalized,rollout-equivalent unit,1.0,GA,2.0,40,2,20,0,0,20,20,0.0,0.0,0.0,0.5,-1,1,2,40.0,40.0,40.0,False,False,0.0,0.0,1.0528962878013794,True,0.044243878655639834,0.0,True,20,0.0,0.0,0.0,13000,23000,Windows-AMD64-py3.14.3,self-contained local validation harness; charged-time accounting is disclosed by timing_mode,2.0,2.0,7.0,2.0,1.0,fixed
minigrid-empty-5x5-fullyobs_greedy-improvement_seed3,a6544fd,2026-06-01T22:00:32,3,greedy-improvement,minigrid,MiniGrid/MiniGrid-Empty-5x5-v0/FullyObsWrapper,3.1.0,minigrid-empty-5x5-fullyobs,2,40.0,40.0,0.0,1.0,16.0,strict_rollout_equivalent_max,0.75,40.0,40.0,756.8518999614753,756.8518999614753,838.816300034523,755.4227000218816,True,True,716.8518999614753,rollout_normalized,rollout-equivalent unit,1.0,GA,2.0,40,2,20,0,0,20,20,0.0,0.0,0.0,0.5,-1,1,2,40.0,40.0,40.0,False,False,0.0,0.0,1.0528962878013794,True,0.03618690998981,0.0,True,20,0.0,0.0,0.0,13000,23000,Windows-AMD64-py3.14.3,self-contained local validation harness; charged-time accounting is disclosed by timing_mode,2.0,2.0,7.0,2.0,1.0,fixed
minigrid-empty-5x5-fullyobs_greedy-improvement_seed3,a6544fd,2026-06-01T22:00:32,3,greedy-improvement,minigrid,MiniGrid/MiniGrid-Empty-5x5-v0/FullyObsWrapper,3.1.0,minigrid-empty-5x5-fullyobs,3,40.0,40.0,0.0,1.0,16.0,strict_rollout_equivalent_max,0.75,40.0,40.0,760.4422000003979,760.4422000003979,848.8223999738693,758.8949999189936,True,True,720.4422000003979,rollout_normalized,rollout-equivalent unit,1.0,GA,2.0,40,2,20,0,0,20,20,0.0,0.0,0.0,0.5,-1,1,2,40.0,40.0,40.0,False,False,0.0,0.0,1.0528962878013794,True,0.04745276061667614,0.0,True,20,0.0,0.0,0.0,13000,23000,Windows-AMD64-py3.14.3,self-contained local validation harness; charged-time accounting is disclosed by timing_mode,2.0,2.0,7.0,2.0,1.0,fixed
minigrid-empty-5x5-fullyobs_greedy-improvement_seed3,a6544fd,2026-06-01T22:00:32,3,greedy-improvement,minigrid,MiniGrid/MiniGrid-Empty-5x5-v0/FullyObsWrapper,3.1.0,minigrid-empty-5x5-fullyobs,4,40.0,40.0,0.0,1.0,16.0,strict_rollout_equivalent_max,0.75,40.0,40.0,770.4476999933831,770.4476999933831,853.8326000561938,769.0705999848433,True,True,730.4476999933831,rollout_normalized,rollout-equivalent unit,1.0,GA,2.0,40,2,20,0,0,20,20,0.0,0.0,0.0,0.5,-1,1,2,40.0,40.0,40.0,False,False,0.0,0.0,1.0528962878013794,True,0.04760691990896948,0.0,True,20,0.0,0.0,0.0,13000,23000,Windows-AMD64-py3.14.3,self-contained local validation harness; charged-time accounting is disclosed by timing_mode,2.0,2.0,7.0,2.0,1.0,fixed
minigrid-empty-5x5-fullyobs_greedy-improvement_seed3,a6544fd,2026-06-01T22:00:32,3,greedy-improvement,minigrid,MiniGrid/MiniGrid-Empty-5x5-v0/FullyObsWrapper,3.1.0,minigrid-empty-5x5-fullyobs,5,40.0,40.0,0.0,1.0,16.0,strict_rollout_equivalent_max,0.75,40.0,40.0,739.5383000257425,739.5383000257425,825.4269000026397,738.0866999737918,True,True,699.5383000257425,rollout_normalized,rollout-equivalent unit,1.0,GA,2.0,40,2,20,0,0,20,20,0.0,0.0,0.0,0.5,-1,1,2,40.0,40.0,40.0,False,False,0.0,0.0,1.0528962878013794,True,0.04937299229230785,0.0,True,20,0.0,0.0,0.0,13000,23000,Windows-AMD64-py3.14.3,self-contained local validation harness; charged-time accounting is disclosed by timing_mode,2.0,2.0,7.0,2.0,1.0,fixed
minigrid-empty-5x5-fullyobs_greedy-improvement_seed3,a6544fd,2026-06-01T22:00:32,3,greedy-improvement,minigrid,MiniGrid/MiniGrid-Empty-5x5-v0/FullyObsWrapper,3.1.0,minigrid-empty-5x5-fullyobs,6,40.0,40.0,0.0,1.0,16.0,strict_rollout_equivalent_max,0.75,40.0,40.0,780.4946999531239,780.4946999531239,868.5150999808684,778.9764000917785,True,True,740.4946999531239,rollout_normalized,rollout-equivalent unit,1.0,GA,2.0,40,2,20,0,0,20,20,0.0,0.0,0.0,0.5,-1,1,2,40.0,40.0,40.0,False,False,0.0,0.0,1.0528962878013794,True,0.05052516476762392,0.0,True,20,0.0,0.0,0.0,13000,23000,Windows-AMD64-py3.14.3,self-contained local validation harness; charged-time accounting is disclosed by timing_mode,2.0,2.0,7.0,2.0,1.0,fixed
minigrid-empty-5x5-fullyobs_greedy-improvement_seed3,a6544fd,2026-06-01T22:00:32,3,greedy-improvement,minigrid,MiniGrid/MiniGrid-Empty-5x5-v0/FullyObsWrapper,3.1.0,minigrid-empty-5x5-fullyobs,7,40.0,40.0,0.0,1.0,16.0,strict_rollout_equivalent_max,0.75,40.0,40.0,770.1355000026524,770.1355000026524,855.9726999956183,768.6310997232795,True,True,730.1355000026524,rollout_normalized,rollout-equivalent unit,1.0,GA,2.0,40,2,20,0,0,20,20,0.0,0.0,0.0,0.5,-1,1,2,40.0,40.0,40.0,False,False,0.0,0.0,1.0528962878013794,True,0.055238146925197684,0.0,True,20,0.0,0.0,0.0,13000,23000,Windows-AMD64-py3.14.3,self-contained local validation harness; charged-time accounting is disclosed by timing_mode,2.0,2.0,7.0,2.0,1.0,fixed
minigrid-empty-5x5-fullyobs_greedy-improvement_seed3,a6544fd,2026-06-01T22:00:32,3,greedy-improvement,minigrid,MiniGrid/MiniGrid-Empty-5x5-v0/FullyObsWrapper,3.1.0,minigrid-empty-5x5-fullyobs,8,40.0,40.0,0.0,1.0,16.0,strict_rollout_equivalent_max,0.75,40.0,40.0,751.7253999831155,751.7253999831155,833.9194000000134,750.1351999817416,True,True,711.7253999831155,rollout_normalized,rollout-equivalent unit,1.0,GA,2.0,40,2,20,0,0,20,20,0.0,0.0,0.0,0.5,-1,1,2,40.0,40.0,40.0,False,False,0.0,0.0,1.0528962878013794,True,0.05061370299807111,0.0,True,20,0.0,0.0,0.0,13000,23000,Windows-AMD64-py3.14.3,self-contained local validation harness; charged-time accounting is disclosed by timing_mode,2.0,2.0,7.0,2.0,1.0,fixed
minigrid-empty-5x5-fullyobs_greedy-improvement_seed3,a6544fd,2026-06-01T22:00:32,3,greedy-improvement,minigrid,MiniGrid/MiniGrid-Empty-5x5-v0/FullyObsWrapper,3.1.0,minigrid-empty-5x5-fullyobs,9,40.0,40.0,0.0,1.0,16.0,strict_rollout_equivalent_max,0.75,40.0,40.0,742.7004999481142,742.7004999481142,828.0345000093803,741.192800051067,True,True,702.7004999481142,rollout_normalized,rollout-equivalent unit,1.0,GA,2.0,40,2,20,0,0,20,20,0.0,0.0,0.0,0.5,-1,1,2,40.0,40.0,40.0,False,False,0.0,0.0,1.0528962878013794,True,0.036486809679123544,0.0,True,20,0.0,0.0,0.0,13000,23000,Windows-AMD64-py3.14.3,self-contained local validation harness; charged-time accounting is disclosed by timing_mode,2.0,2.0,7.0,2.0,1.0,fixed
minigrid-empty-5x5-fullyobs_greedy-improvement_seed3,a6544fd,2026-06-01T22:00:32,3,greedy-improvement,minigrid,MiniGrid/MiniGrid-Empty-5x5-v0/FullyObsWrapper,3.1.0,minigrid-empty-5x5-fullyobs,10,40.0,40.0,0.0,1.0,16.0,strict_rollout_equivalent_max,0.75,40.0,40.0,762.15579995187,762.15579995187,845.7497000345029,760.7161998748779,True,True,722.15579995187,rollout_normalized,rollout-equivalent unit,1.0,GA,2.0,40,2,20,0,0,20,20,0.0,0.0,0.0,0.5,-1,1,2,40.0,40.0,40.0,False,False,0.0,0.0,1.0528962878013794,True,0.043894317087936674,0.0,True,20,0.0,0.0,0.0,13000,23000,Windows-AMD64-py3.14.3,self-contained local validation harness; charged-time accounting is disclosed by timing_mode,2.0,2.0,7.0,2.0,1.0,fixed
minigrid-empty-5x5-fullyobs_greedy-improvement_seed3,a6544fd,2026-06-01T22:00:32,3,greedy-improvement,minigrid,MiniGrid/MiniGrid-Empty-5x5-v0/FullyObsWrapper,3.1.0,minigrid-empty-5x5-fullyobs,11,40.0,40.0,0.0,1.0,16.0,strict_rollout_equivalent_max,0.75,40.0,40.0,735.1405999506824,735.1405999506824,819.1577999969013,733.6932999896817,True,True,695.1405999506824,rollout_normalized,rollout-equivalent unit,1.0,GA,2.0,40,2,20,0,0,20,20,0.0,0.0,0.0,0.5,-1,1,2,40.0,40.0,40.0,False,False,0.0,0.0,1.0528962878013794,True,0.06238615361567734,0.0,True,20,0.0,0.0,0.0,13000,23000,Windows-AMD64-py3.14.3,self-contained local validation harness; charged-time accounting is disclosed by timing_mode,2.0,2.0,7.0,2.0,1.0,fixed
minigrid-empty-5x5-fullyobs_greedy-improvement_seed4,a6544fd,2026-06-01T22:00:43,4,greedy-improvement,minigrid,MiniGrid/MiniGrid-Empty-5x5-v0/FullyObsWrapper,3.1.0,minigrid-empty-5x5-fullyobs,0,40.0,40.0,0.0,1.0,16.0,strict_rollout_equivalent_max,0.75,40.0,40.0,760.7575999572873,760.7575999572873,845.1290999655612,759.3220001435839,True,True,720.7575999572873,rollout_normalized,rollout-equivalent unit,1.0,GA,2.0,40,2,20,0,0,20,20,0.0,0.0,0.0,0.5,-1,1,2,40.0,40.0,40.0,False,False,0.0,0.0,1.0209495466093759,True,0.05625367768945644,0.0,True,20,0.0,0.0,0.0,14000,24000,Windows-AMD64-py3.14.3,self-contained local validation harness; charged-time accounting is disclosed by timing_mode,2.0,2.0,7.0,2.0,1.0,fixed
minigrid-empty-5x5-fullyobs_greedy-improvement_seed4,a6544fd,2026-06-01T22:00:43,4,greedy-improvement,minigrid,MiniGrid/MiniGrid-Empty-5x5-v0/FullyObsWrapper,3.1.0,minigrid-empty-5x5-fullyobs,1,40.0,40.0,0.0,1.0,16.0,strict_rollout_equivalent_max,0.75,40.0,40.0,784.7416000440717,784.7416000440717,873.9481000229716,783.0381999956444,True,True,744.7416000440717,rollout_normalized,rollout-equivalent unit,1.0,GA,2.0,40,2,20,0,0,20,20,0.0,0.0,0.0,0.5,-1,1,2,40.0,40.0,40.0,False,False,0.0,0.0,1.0209495466093759,True,0.05298039061108128,0.0,True,20,0.0,0.0,0.0,14000,24000,Windows-AMD64-py3.14.3,self-contained local validation harness; charged-time accounting is disclosed by timing_mode,2.0,2.0,7.0,2.0,1.0,fixed
minigrid-empty-5x5-fullyobs_greedy-improvement_seed4,a6544fd,2026-06-01T22:00:43,4,greedy-improvement,minigrid,MiniGrid/MiniGrid-Empty-5x5-v0/FullyObsWrapper,3.1.0,minigrid-empty-5x5-fullyobs,2,40.0,40.0,0.0,1.0,16.0,strict_rollout_equivalent_max,0.75,40.0,40.0,766.6353000095114,766.6353000095114,853.7873000022955,765.1771999080665,True,True,726.6353000095114,rollout_normalized,rollout-equivalent unit,1.0,GA,2.0,40,2,20,0,0,20,20,0.0,0.0,0.0,0.5,-1,1,2,40.0,40.0,40.0,False,False,0.0,0.0,1.0209495466093759,True,0.05014896025896043,0.0,True,20,0.0,0.0,0.0,14000,24000,Windows-AMD64-py3.14.3,self-contained local validation harness; charged-time accounting is disclosed by timing_mode,2.0,2.0,7.0,2.0,1.0,fixed
minigrid-empty-5x5-fullyobs_greedy-improvement_seed4,a6544fd,2026-06-01T22:00:43,4,greedy-improvement,minigrid,MiniGrid/MiniGrid-Empty-5x5-v0/FullyObsWrapper,3.1.0,minigrid-empty-5x5-fullyobs,3,40.0,40.0,0.0,1.0,16.0,strict_rollout_equivalent_max,0.75,40.0,40.0,808.0933000310324,808.0933000310324,890.2206000057049,806.5844000084326,True,True,768.0933000310324,rollout_normalized,rollout-equivalent unit,1.0,GA,2.0,40,2,20,0,0,20,20,0.0,0.0,0.0,0.5,-1,1,2,40.0,40.0,40.0,False,False,0.0,0.0,1.0209495466093759,True,0.0616671930609245,0.0,True,20,0.0,0.0,0.0,14000,24000,Windows-AMD64-py3.14.3,self-contained local validation harness; charged-time accounting is disclosed by timing_mode,2.0,2.0,7.0,2.0,1.0,fixed
minigrid-empty-5x5-fullyobs_greedy-improvement_seed4,a6544fd,2026-06-01T22:00:43,4,greedy-improvement,minigrid,MiniGrid/MiniGrid-Empty-5x5-v0/FullyObsWrapper,3.1.0,minigrid-empty-5x5-fullyobs,4,40.0,40.0,0.0,1.0,16.0,strict_rollout_equivalent_max,0.75,40.0,40.0,776.070499967318,776.070499967318,861.5124999778345,774.6467000688426,True,True,736.070499967318,rollout_normalized,rollout-equivalent unit,1.0,GA,2.0,40,2,20,0,0,20,20,0.0,0.0,0.0,0.5,-1,1,2,40.0,40.0,40.0,False,False,0.0,0.0,1.0209495466093759,True,0.057776270625447886,0.0,True,20,0.0,0.0,0.0,14000,24000,Windows-AMD64-py3.14.3,self-contained local validation harness; charged-time accounting is disclosed by timing_mode,2.0,2.0,7.0,2.0,1.0,fixed
minigrid-empty-5x5-fullyobs_greedy-improvement_seed4,a6544fd,2026-06-01T22:00:43,4,greedy-improvement,minigrid,MiniGrid/MiniGrid-Empty-5x5-v0/FullyObsWrapper,3.1.0,minigrid-empty-5x5-fullyobs,5,40.0,40.0,0.0,1.0,16.0,strict_rollout_equivalent_max,0.75,40.0,40.0,759.2160000349395,759.2160000349395,843.1164000066929,757.7269999892451,True,True,719.2160000349395,rollout_normalized,rollout-equivalent unit,1.0,GA,2.0,40,2,20,0,0,20,20,0.0,0.0,0.0,0.5,-1,1,2,40.0,40.0,40.0,False,False,0.0,0.0,1.0209495466093759,True,0.06697665116920781,0.0,True,20,0.0,0.0,0.0,14000,24000,Windows-AMD64-py3.14.3,self-contained local validation harness; charged-time accounting is disclosed by timing_mode,2.0,2.0,7.0,2.0,1.0,fixed
minigrid-empty-5x5-fullyobs_greedy-improvement_seed4,a6544fd,2026-06-01T22:00:43,4,greedy-improvement,minigrid,MiniGrid/MiniGrid-Empty-5x5-v0/FullyObsWrapper,3.1.0,minigrid-empty-5x5-fullyobs,6,40.0,40.0,0.0,1.0,16.0,strict_rollout_equivalent_max,0.75,40.0,40.0,774.2320999968797,774.2320999968797,859.7735000075772,772.7409000508487,True,True,734.2320999968797,rollout_normalized,rollout-equivalent unit,1.0,GA,2.0,40,2,20,0,0,20,20,0.0,0.0,0.0,0.5,-1,1,2,40.0,40.0,40.0,False,False,0.0,0.0,1.0209495466093759,True,0.03625314682929093,0.0,True,20,0.0,0.0,0.0,14000,24000,Windows-AMD64-py3.14.3,self-contained local validation harness; charged-time accounting is disclosed by timing_mode,2.0,2.0,7.0,2.0,1.0,fixed
minigrid-empty-5x5-fullyobs_greedy-improvement_seed4,a6544fd,2026-06-01T22:00:43,4,greedy-improvement,minigrid,MiniGrid/MiniGrid-Empty-5x5-v0/FullyObsWrapper,3.1.0,minigrid-empty-5x5-fullyobs,7,40.0,40.0,0.0,1.0,16.0,strict_rollout_equivalent_max,0.75,40.0,40.0,810.5663000023924,810.5663000023924,838.188799971249,809.1008999035694,True,True,770.5663000023924,rollout_normalized,rollout-equivalent unit,1.0,GA,2.0,40,2,20,0,0,20,20,0.946,0.946,1.0,0.5,256,1,2,40.0,40.0,40.0,False,False,0.0,0.0,1.002624022508255,True,0.05490814906999342,0.0,True,20,0.0,0.0,0.0,14000,24000,Windows-AMD64-py3.14.3,self-contained local validation harness; charged-time accounting is disclosed by timing_mode,2.0,2.0,7.0,2.0,1.0,fixed
minigrid-empty-5x5-fullyobs_greedy-improvement_seed4,a6544fd,2026-06-01T22:00:43,4,greedy-improvement,minigrid,MiniGrid/MiniGrid-Empty-5x5-v0/FullyObsWrapper,3.1.0,minigrid-empty-5x5-fullyobs,8,40.0,40.0,0.0,1.0,16.0,strict_rollout_equivalent_max,0.75,40.0,40.0,766.0949999699369,766.0949999699369,792.406199965626,764.7359999828041,True,True,726.0949999699369,rollout_normalized,rollout-equivalent unit,1.0,GA,2.0,40,2,20,0,0,20,20,0.946,0.946,1.0,0.5,256,1,2,40.0,40.0,40.0,False,False,0.0,0.0,1.002624022508255,True,0.04199032363824484,0.0,True,20,0.0,0.0,0.0,14000,24000,Windows-AMD64-py3.14.3,self-contained local validation harness; charged-time accounting is disclosed by timing_mode,2.0,2.0,7.0,2.0,1.0,fixed
minigrid-empty-5x5-fullyobs_greedy-improvement_seed4,a6544fd,2026-06-01T22:00:43,4,greedy-improvement,minigrid,MiniGrid/MiniGrid-Empty-5x5-v0/FullyObsWrapper,3.1.0,minigrid-empty-5x5-fullyobs,9,40.0,40.0,0.0,1.0,16.0,strict_rollout_equivalent_max,0.75,40.0,40.0,748.0525999562815,748.0525999562815,774.3155999924056,746.6392001369968,True,True,708.0525999562815,rollout_normalized,rollout-equivalent unit,1.0,GA,2.0,40,2,20,0,0,20,20,0.946,0.946,1.0,0.5,256,1,2,40.0,40.0,40.0,False,False,0.0,0.0,1.002624022508255,True,0.04930783125589011,0.0,True,20,0.0,0.0,0.0,14000,24000,Windows-AMD64-py3.14.3,self-contained local validation harness; charged-time accounting is disclosed by timing_mode,2.0,2.0,7.0,2.0,1.0,fixed
minigrid-empty-5x5-fullyobs_greedy-improvement_seed4,a6544fd,2026-06-01T22:00:43,4,greedy-improvement,minigrid,MiniGrid/MiniGrid-Empty-5x5-v0/FullyObsWrapper,3.1.0,minigrid-empty-5x5-fullyobs,10,40.0,40.0,0.0,1.0,16.0,strict_rollout_equivalent_max,0.75,40.0,40.0,740.3144999989308,740.3144999989308,766.5261999936774,738.9174000127241,True,True,700.3144999989308,rollout_normalized,rollout-equivalent unit,1.0,GA,2.0,40,2,20,0,0,20,20,0.946,0.946,1.0,0.5,256,1,2,40.0,40.0,40.0,False,False,0.0,0.0,1.002624022508255,True,0.045497976193763945,0.0,True,20,0.0,0.0,0.0,14000,24000,Windows-AMD64-py3.14.3,self-contained local validation harness; charged-time accounting is disclosed by timing_mode,2.0,2.0,7.0,2.0,1.0,fixed
minigrid-empty-5x5-fullyobs_greedy-improvement_seed4,a6544fd,2026-06-01T22:00:43,4,greedy-improvement,minigrid,MiniGrid/MiniGrid-Empty-5x5-v0/FullyObsWrapper,3.1.0,minigrid-empty-5x5-fullyobs,11,40.0,40.0,0.0,1.0,16.0,strict_rollout_equivalent_max,0.75,40.0,40.0,761.6453999653459,761.6453999653459,788.2942000287585,760.1478997967206,True,True,721.6453999653459,rollout_normalized,rollout-equivalent unit,1.0,GA,2.0,40,2,20,0,0,20,20,0.946,0.946,1.0,0.5,256,1,2,40.0,40.0,40.0,False,False,0.0,0.0,1.002624022508255,True,0.0496753363460527,0.0,True,20,0.0,0.0,0.0,14000,24000,Windows-AMD64-py3.14.3,self-contained local validation harness; charged-time accounting is disclosed by timing_mode,2.0,2.0,7.0,2.0,1.0,fixed
minigrid-empty-5x5-fullyobs_greedy-improvement_seed5,a6544fd,2026-06-01T22:00:53,5,greedy-improvement,minigrid,MiniGrid/MiniGrid-Empty-5x5-v0/FullyObsWrapper,3.1.0,minigrid-empty-5x5-fullyobs,0,40.0,40.0,0.0,1.0,16.0,strict_rollout_equivalent_max,0.75,40.0,40.0,748.9933000179008,748.9933000179008,837.4889999977313,747.5753998733126,True,True,708.9933000179008,rollout_normalized,rollout-equivalent unit,1.0,GA,2.0,40,2,20,0,0,20,20,0.0,0.0,0.0,0.5,-1,1,2,40.0,40.0,40.0,False,False,0.0,0.0,1.0294899926521737,True,0.051850982725267114,0.0,True,20,0.0,0.0,0.0,15000,25000,Windows-AMD64-py3.14.3,self-contained local validation harness; charged-time accounting is disclosed by timing_mode,2.0,2.0,7.0,2.0,1.0,fixed
minigrid-empty-5x5-fullyobs_greedy-improvement_seed5,a6544fd,2026-06-01T22:00:53,5,greedy-improvement,minigrid,MiniGrid/MiniGrid-Empty-5x5-v0/FullyObsWrapper,3.1.0,minigrid-empty-5x5-fullyobs,1,40.0,40.0,0.0,1.0,16.0,strict_rollout_equivalent_max,0.75,40.0,40.0,708.0302000395022,708.0302000395022,735.5368999997154,706.6737000714056,True,True,668.0302000395022,rollout_normalized,rollout-equivalent unit,1.0,GA,2.0,40,2,20,0,0,20,20,0.946,0.946,1.0,0.5,64,1,2,40.0,40.0,40.0,False,False,0.0,0.0,0.9703474633617001,True,0.06016811024417423,0.0,True,20,0.0,0.0,0.0,15000,25000,Windows-AMD64-py3.14.3,self-contained local validation harness; charged-time accounting is disclosed by timing_mode,2.0,2.0,7.0,2.0,1.0,fixed
minigrid-empty-5x5-fullyobs_greedy-improvement_seed5,a6544fd,2026-06-01T22:00:53,5,greedy-improvement,minigrid,MiniGrid/MiniGrid-Empty-5x5-v0/FullyObsWrapper,3.1.0,minigrid-empty-5x5-fullyobs,2,40.0,40.0,0.0,1.0,16.0,strict_rollout_equivalent_max,0.75,40.0,40.0,782.4099999852479,782.4099999852479,807.894200028386,780.5873001343571,True,True,742.4099999852479,rollout_normalized,rollout-equivalent unit,1.0,GA,2.0,40,2,20,0,0,20,20,0.946,0.946,1.0,0.5,64,1,2,40.0,40.0,40.0,False,False,0.0,0.0,0.9703474633617001,True,0.04571086847420114,0.0,True,20,0.0,0.0,0.0,15000,25000,Windows-AMD64-py3.14.3,self-contained local validation harness; charged-time accounting is disclosed by timing_mode,2.0,2.0,7.0,2.0,1.0,fixed
minigrid-empty-5x5-fullyobs_greedy-improvement_seed5,a6544fd,2026-06-01T22:00:53,5,greedy-improvement,minigrid,MiniGrid/MiniGrid-Empty-5x5-v0/FullyObsWrapper,3.1.0,minigrid-empty-5x5-fullyobs,3,40.0,40.0,0.0,1.0,16.0,strict_rollout_equivalent_max,0.75,40.0,40.0,761.1539000063203,761.1539000063203,787.8875000169501,759.6307998755947,True,True,721.1539000063203,rollout_normalized,rollout-equivalent unit,1.0,GA,2.0,40,2,20,0,0,20,20,0.946,0.946,1.0,0.5,64,1,2,40.0,40.0,40.0,False,False,0.0,0.0,0.9703474633617001,True,0.04408690170649776,0.0,True,20,0.0,0.0,0.0,15000,25000,Windows-AMD64-py3.14.3,self-contained local validation harness; charged-time accounting is disclosed by timing_mode,2.0,2.0,7.0,2.0,1.0,fixed
minigrid-empty-5x5-fullyobs_greedy-improvement_seed5,a6544fd,2026-06-01T22:00:53,5,greedy-improvement,minigrid,MiniGrid/MiniGrid-Empty-5x5-v0/FullyObsWrapper,3.1.0,minigrid-empty-5x5-fullyobs,4,40.0,40.0,0.0,1.0,16.0,strict_rollout_equivalent_max,0.75,40.0,40.0,764.9139999994077,764.9139999994077,790.9288000082597,763.2607000996359,True,True,724.9139999994077,rollout_normalized,rollout-equivalent unit,1.0,GA,2.0,40,2,20,0,0,20,20,0.946,0.946,1.0,0.5,64,1,2,40.0,40.0,40.0,False,False,0.0,0.0,0.9823115153374314,True,0.04675272450472412,0.0,True,20,0.0,0.0,0.0,15000,25000,Windows-AMD64-py3.14.3,self-contained local validation harness; charged-time accounting is disclosed by timing_mode,2.0,2.0,7.0,2.0,1.0,fixed
minigrid-empty-5x5-fullyobs_greedy-improvement_seed5,a6544fd,2026-06-01T22:00:53,5,greedy-improvement,minigrid,MiniGrid/MiniGrid-Empty-5x5-v0/FullyObsWrapper,3.1.0,minigrid-empty-5x5-fullyobs,5,40.0,40.0,0.0,1.0,16.0,strict_rollout_equivalent_max,0.75,40.0,40.0,746.1884000222199,746.1884000222199,772.4891000543721,744.7676998563111,True,True,706.1884000222199,rollout_normalized,rollout-equivalent unit,1.0,GA,2.0,40,2,20,0,0,20,20,0.946,0.946,1.0,0.5,64,1,2,40.0,40.0,40.0,False,False,0.0,0.0,0.9823115153374314,True,0.03893175493845058,0.0,True,20,0.0,0.0,0.0,15000,25000,Windows-AMD64-py3.14.3,self-contained local validation harness; charged-time accounting is disclosed by timing_mode,2.0,2.0,7.0,2.0,1.0,fixed
minigrid-empty-5x5-fullyobs_greedy-improvement_seed5,a6544fd,2026-06-01T22:00:53,5,greedy-improvement,minigrid,MiniGrid/MiniGrid-Empty-5x5-v0/FullyObsWrapper,3.1.0,minigrid-empty-5x5-fullyobs,6,40.0,40.0,0.0,1.0,16.0,strict_rollout_equivalent_max,0.75,40.0,40.0,694.5576000143774,694.5576000143774,720.6512000411749,693.0962001206353,True,True,654.5576000143774,rollout_normalized,rollout-equivalent unit,1.0,GA,2.0,40,2,20,0,0,20,20,0.946,0.946,1.0,0.5,64,1,2,40.0,40.0,40.0,False,False,0.0,0.0,0.8314851084574211,True,0.04674800946473345,0.0,True,20,0.0,0.0,0.0,15000,25000,Windows-AMD64-py3.14.3,self-contained local validation harness; charged-time accounting is disclosed by timing_mode,2.0,2.0,7.0,2.0,1.0,fixed
minigrid-empty-5x5-fullyobs_greedy-improvement_seed5,a6544fd,2026-06-01T22:00:53,5,greedy-improvement,minigrid,MiniGrid/MiniGrid-Empty-5x5-v0/FullyObsWrapper,3.1.0,minigrid-empty-5x5-fullyobs,7,40.0,40.0,0.0,1.0,16.0,strict_rollout_equivalent_max,0.75,40.0,40.0,703.1285999692045,703.1285999692045,731.4059999771416,701.7039998318069,True,True,663.1285999692045,rollout_normalized,rollout-equivalent unit,1.0,GA,2.0,40,2,20,0,0,20,20,0.946,0.946,1.0,0.5,64,1,2,40.0,40.0,40.0,False,False,0.0,0.0,0.7236546501736855,True,0.043214531117272914,0.0,True,20,0.0,0.0,0.0,15000,25000,Windows-AMD64-py3.14.3,self-contained local validation harness; charged-time accounting is disclosed by timing_mode,2.0,2.0,7.0,2.0,1.0,fixed
minigrid-empty-5x5-fullyobs_greedy-improvement_seed5,a6544fd,2026-06-01T22:00:53,5,greedy-improvement,minigrid,MiniGrid/MiniGrid-Empty-5x5-v0/FullyObsWrapper,3.1.0,minigrid-empty-5x5-fullyobs,8,40.0,40.0,0.0,1.0,16.0,strict_rollout_equivalent_max,0.75,40.0,40.0,707.9575000097975,707.9575000097975,734.2030000290833,706.460700079333,True,True,667.9575000097975,rollout_normalized,rollout-equivalent unit,1.0,GA,2.0,40,2,20,0,0,20,20,0.946,0.946,1.0,0.5,64,1,2,40.0,40.0,40.0,False,False,0.0,0.0,0.6447772789053584,True,0.028305649853000547,0.0,True,20,0.0,0.0,0.0,15000,25000,Windows-AMD64-py3.14.3,self-contained local validation harness; charged-time accounting is disclosed by timing_mode,2.0,2.0,7.0,2.0,1.0,fixed
minigrid-empty-5x5-fullyobs_greedy-improvement_seed5,a6544fd,2026-06-01T22:00:53,5,greedy-improvement,minigrid,MiniGrid/MiniGrid-Empty-5x5-v0/FullyObsWrapper,3.1.0,minigrid-empty-5x5-fullyobs,9,40.0,40.0,0.0,1.0,16.0,strict_rollout_equivalent_max,0.75,40.0,40.0,675.2357999794185,675.2357999794185,703.4931000089273,673.821400210727,True,True,635.2357999794185,rollout_normalized,rollout-equivalent unit,1.0,GA,2.0,40,2,20,0,0,20,20,0.946,0.946,1.0,0.5,64,1,2,40.0,40.0,40.0,False,False,0.0,0.0,0.48461015250890294,True,0.04904313669477811,0.0,True,20,0.0,0.0,0.0,15000,25000,Windows-AMD64-py3.14.3,self-contained local validation harness; charged-time accounting is disclosed by timing_mode,2.0,2.0,7.0,2.0,1.0,fixed
minigrid-empty-5x5-fullyobs_greedy-improvement_seed5,a6544fd,2026-06-01T22:00:53,5,greedy-improvement,minigrid,MiniGrid/MiniGrid-Empty-5x5-v0/FullyObsWrapper,3.1.0,minigrid-empty-5x5-fullyobs,10,40.0,40.0,0.0,1.0,16.0,strict_rollout_equivalent_max,0.75,40.0,40.0,763.3192999637686,763.3192999637686,791.3923000451177,761.8145002052188,True,True,723.3192999637686,rollout_normalized,rollout-equivalent unit,1.0,GA,2.0,40,2,20,0,0,20,20,0.946,0.946,1.0,0.5,64,1,2,40.0,40.0,40.0,False,False,0.0,0.0,0.48461015250890294,True,0.038449166743671936,0.0,True,20,0.0,0.0,0.0,15000,25000,Windows-AMD64-py3.14.3,self-contained local validation harness; charged-time accounting is disclosed by timing_mode,2.0,2.0,7.0,2.0,1.0,fixed
minigrid-empty-5x5-fullyobs_greedy-improvement_seed5,a6544fd,2026-06-01T22:00:53,5,greedy-improvement,minigrid,MiniGrid/MiniGrid-Empty-5x5-v0/FullyObsWrapper,3.1.0,minigrid-empty-5x5-fullyobs,11,40.0,40.0,0.0,1.0,16.0,strict_rollout_equivalent_max,0.75,40.0,40.0,706.7721000057645,706.7721000057645,733.4208999527618,705.2722999360412,True,True,666.7721000057645,rollout_normalized,rollout-equivalent unit,1.0,GA,2.0,40,2,20,0,0,20,20,0.946,0.946,1.0,0.5,64,1,2,40.0,40.0,40.0,False,False,0.0,0.0,0.48461015250890294,True,0.04391296862132532,0.0,True,20,0.0,0.0,0.0,15000,25000,Windows-AMD64-py3.14.3,self-contained local validation harness; charged-time accounting is disclosed by timing_mode,2.0,2.0,7.0,2.0,1.0,fixed
minigrid-empty-5x5-fullyobs_greedy-improvement_seed6,a6544fd,2026-06-01T22:01:03,6,greedy-improvement,minigrid,MiniGrid/MiniGrid-Empty-5x5-v0/FullyObsWrapper,3.1.0,minigrid-empty-5x5-fullyobs,0,40.0,40.0,0.0,1.0,16.0,strict_rollout_equivalent_max,0.75,40.0,40.0,726.8291999935172,726.8291999935172,805.7642999920063,725.4007000010461,True,True,686.8291999935172,rollout_normalized,rollout-equivalent unit,1.0,GA,2.0,40,2,20,0,0,20,20,0.0,0.0,0.0,0.5,-1,1,2,40.0,40.0,40.0,False,False,0.0,0.0,1.0548317900656055,True,0.050555917388076965,0.0,True,20,0.0,0.0,0.0,16000,26000,Windows-AMD64-py3.14.3,self-contained local validation harness; charged-time accounting is disclosed by timing_mode,2.0,2.0,7.0,2.0,1.0,fixed
minigrid-empty-5x5-fullyobs_greedy-improvement_seed6,a6544fd,2026-06-01T22:01:03,6,greedy-improvement,minigrid,MiniGrid/MiniGrid-Empty-5x5-v0/FullyObsWrapper,3.1.0,minigrid-empty-5x5-fullyobs,1,40.0,40.0,0.0,1.0,16.0,strict_rollout_equivalent_max,0.75,40.0,40.0,724.3390000076033,724.3390000076033,809.9501000251621,722.9409000719897,True,True,684.3390000076033,rollout_normalized,rollout-equivalent unit,1.0,GA,2.0,40,2,20,0,0,20,20,0.0,0.0,0.0,0.5,-1,1,2,40.0,40.0,40.0,False,False,0.0,0.0,1.0548317900656055,True,0.057127495690737946,0.0,True,20,0.0,0.0,0.0,16000,26000,Windows-AMD64-py3.14.3,self-contained local validation harness; charged-time accounting is disclosed by timing_mode,2.0,2.0,7.0,2.0,1.0,fixed
minigrid-empty-5x5-fullyobs_greedy-improvement_seed6,a6544fd,2026-06-01T22:01:03,6,greedy-improvement,minigrid,MiniGrid/MiniGrid-Empty-5x5-v0/FullyObsWrapper,3.1.0,minigrid-empty-5x5-fullyobs,2,40.0,40.0,0.0,1.0,16.0,strict_rollout_equivalent_max,0.75,40.0,40.0,789.2094000126235,789.2094000126235,870.6910000182688,787.7395998802967,True,True,749.2094000126235,rollout_normalized,rollout-equivalent unit,1.0,GA,2.0,40,2,20,0,0,20,20,0.0,0.0,0.0,0.5,-1,1,2,40.0,40.0,40.0,False,False,0.0,0.0,1.0548317900656055,True,0.035139117663649855,0.0,True,20,0.0,0.0,0.0,16000,26000,Windows-AMD64-py3.14.3,self-contained local validation harness; charged-time accounting is disclosed by timing_mode,2.0,2.0,7.0,2.0,1.0,fixed
minigrid-empty-5x5-fullyobs_greedy-improvement_seed6,a6544fd,2026-06-01T22:01:03,6,greedy-improvement,minigrid,MiniGrid/MiniGrid-Empty-5x5-v0/FullyObsWrapper,3.1.0,minigrid-empty-5x5-fullyobs,3,40.0,40.0,0.0,1.0,16.0,strict_rollout_equivalent_max,0.75,40.0,40.0,763.0064000259154,763.0064000259154,843.9002999803051,761.4282000577077,True,True,723.0064000259154,rollout_normalized,rollout-equivalent unit,1.0,GA,2.0,40,2,20,0,0,20,20,0.0,0.0,0.0,0.5,-1,1,2,40.0,40.0,40.0,False,False,0.0,0.0,1.0548317900656055,True,0.05888609774532849,0.0,True,20,0.0,0.0,0.0,16000,26000,Windows-AMD64-py3.14.3,self-contained local validation harness; charged-time accounting is disclosed by timing_mode,2.0,2.0,7.0,2.0,1.0,fixed
minigrid-empty-5x5-fullyobs_greedy-improvement_seed6,a6544fd,2026-06-01T22:01:03,6,greedy-improvement,minigrid,MiniGrid/MiniGrid-Empty-5x5-v0/FullyObsWrapper,3.1.0,minigrid-empty-5x5-fullyobs,4,40.0,40.0,0.0,1.0,16.0,strict_rollout_equivalent_max,0.75,40.0,40.0,768.6792999738827,768.6792999738827,845.6641000229865,767.2242999542505,True,True,728.6792999738827,rollout_normalized,rollout-equivalent unit,1.0,GA,2.0,40,2,20,0,0,20,20,0.0,0.0,0.0,0.5,-1,1,2,40.0,40.0,40.0,False,False,0.0,0.0,1.0548317900656055,True,0.03988904851436392,0.0,True,20,0.0,0.0,0.0,16000,26000,Windows-AMD64-py3.14.3,self-contained local validation harness; charged-time accounting is disclosed by timing_mode,2.0,2.0,7.0,2.0,1.0,fixed
minigrid-empty-5x5-fullyobs_greedy-improvement_seed6,a6544fd,2026-06-01T22:01:03,6,greedy-improvement,minigrid,MiniGrid/MiniGrid-Empty-5x5-v0/FullyObsWrapper,3.1.0,minigrid-empty-5x5-fullyobs,5,40.0,40.0,0.0,1.0,16.0,strict_rollout_equivalent_max,0.75,40.0,40.0,754.5193999540061,754.5193999540061,833.3511999808252,753.0501000583172,True,True,714.5193999540061,rollout_normalized,rollout-equivalent unit,1.0,GA,2.0,40,2,20,0,0,20,20,0.0,0.0,0.0,0.5,-1,1,2,40.0,40.0,40.0,False,False,0.0,0.0,1.0548317900656055,True,0.049785879846497405,0.0,True,20,0.0,0.0,0.0,16000,26000,Windows-AMD64-py3.14.3,self-contained local validation harness; charged-time accounting is disclosed by timing_mode,2.0,2.0,7.0,2.0,1.0,fixed
minigrid-empty-5x5-fullyobs_greedy-improvement_seed6,a6544fd,2026-06-01T22:01:03,6,greedy-improvement,minigrid,MiniGrid/MiniGrid-Empty-5x5-v0/FullyObsWrapper,3.1.0,minigrid-empty-5x5-fullyobs,6,40.0,40.0,0.0,1.0,16.0,strict_rollout_equivalent_max,0.75,40.0,40.0,730.5086000123993,730.5086000123993,807.7227000030689,729.0369000402279,True,True,690.5086000123993,rollout_normalized,rollout-equivalent unit,1.0,GA,2.0,40,2,20,0,0,20,20,0.0,0.0,0.0,0.5,-1,1,2,40.0,40.0,40.0,False,False,0.0,0.0,1.0548317900656055,True,0.0433409401317697,0.0,True,20,0.0,0.0,0.0,16000,26000,Windows-AMD64-py3.14.3,self-contained local validation harness; charged-time accounting is disclosed by timing_mode,2.0,2.0,7.0,2.0,1.0,fixed
minigrid-empty-5x5-fullyobs_greedy-improvement_seed6,a6544fd,2026-06-01T22:01:03,6,greedy-improvement,minigrid,MiniGrid/MiniGrid-Empty-5x5-v0/FullyObsWrapper,3.1.0,minigrid-empty-5x5-fullyobs,7,40.0,40.0,0.0,1.0,16.0,strict_rollout_equivalent_max,0.75,40.0,40.0,764.0850000316277,764.0850000316277,847.6621999870986,762.6033998676576,True,True,724.0850000316277,rollout_normalized,rollout-equivalent unit,1.0,GA,2.0,40,2,20,0,0,20,20,0.0,0.0,0.0,0.5,-1,1,2,40.0,40.0,40.0,False,False,0.0,0.0,1.0548317900656055,True,0.04807678310840324,0.0,True,20,0.0,0.0,0.0,16000,26000,Windows-AMD64-py3.14.3,self-contained local validation harness; charged-time accounting is disclosed by timing_mode,2.0,2.0,7.0,2.0,1.0,fixed
minigrid-empty-5x5-fullyobs_greedy-improvement_seed6,a6544fd,2026-06-01T22:01:03,6,greedy-improvement,minigrid,MiniGrid/MiniGrid-Empty-5x5-v0/FullyObsWrapper,3.1.0,minigrid-empty-5x5-fullyobs,8,40.0,40.0,0.0,1.0,16.0,strict_rollout_equivalent_max,0.75,40.0,40.0,735.1954000187106,735.1954000187106,812.8072000108659,733.7084001046605,True,True,695.1954000187106,rollout_normalized,rollout-equivalent unit,1.0,GA,2.0,40,2,20,0,0,20,20,0.0,0.0,0.0,0.5,-1,1,2,40.0,40.0,40.0,False,False,0.0,0.0,1.0548317900656055,True,0.05801225552968337,0.0,True,20,0.0,0.0,0.0,16000,26000,Windows-AMD64-py3.14.3,self-contained local validation harness; charged-time accounting is disclosed by timing_mode,2.0,2.0,7.0,2.0,1.0,fixed
minigrid-empty-5x5-fullyobs_greedy-improvement_seed6,a6544fd,2026-06-01T22:01:03,6,greedy-improvement,minigrid,MiniGrid/MiniGrid-Empty-5x5-v0/FullyObsWrapper,3.1.0,minigrid-empty-5x5-fullyobs,9,40.0,40.0,0.0,1.0,16.0,strict_rollout_equivalent_max,0.75,40.0,40.0,723.2854000176303,723.2854000176303,800.2177000162192,721.8316998914815,True,True,683.2854000176303,rollout_normalized,rollout-equivalent unit,1.0,GA,2.0,40,2,20,0,0,20,20,0.0,0.0,0.0,0.5,-1,1,2,40.0,40.0,40.0,False,False,0.0,0.0,1.0548317900656055,True,0.050792812849681734,0.0,True,20,0.0,0.0,0.0,16000,26000,Windows-AMD64-py3.14.3,self-contained local validation harness; charged-time accounting is disclosed by timing_mode,2.0,2.0,7.0,2.0,1.0,fixed
minigrid-empty-5x5-fullyobs_greedy-improvement_seed6,a6544fd,2026-06-01T22:01:03,6,greedy-improvement,minigrid,MiniGrid/MiniGrid-Empty-5x5-v0/FullyObsWrapper,3.1.0,minigrid-empty-5x5-fullyobs,10,40.0,40.0,0.0,1.0,16.0,strict_rollout_equivalent_max,0.75,40.0,40.0,729.2329000192694,729.2329000192694,806.6842000116594,727.8012999449857,True,True,689.2329000192694,rollout_normalized,rollout-equivalent unit,1.0,GA,2.0,40,2,20,0,0,20,20,0.0,0.0,0.0,0.5,-1,1,2,40.0,40.0,40.0,False,False,0.0,0.0,1.0548317900656055,True,0.05543923084798452,0.0,True,20,0.0,0.0,0.0,16000,26000,Windows-AMD64-py3.14.3,self-contained local validation harness; charged-time accounting is disclosed by timing_mode,2.0,2.0,7.0,2.0,1.0,fixed
minigrid-empty-5x5-fullyobs_greedy-improvement_seed6,a6544fd,2026-06-01T22:01:03,6,greedy-improvement,minigrid,MiniGrid/MiniGrid-Empty-5x5-v0/FullyObsWrapper,3.1.0,minigrid-empty-5x5-fullyobs,11,40.0,40.0,0.0,1.0,16.0,strict_rollout_equivalent_max,0.75,40.0,40.0,733.7326000561006,733.7326000561006,814.7622999968007,732.3270002380013,True,True,693.7326000561006,rollout_normalized,rollout-equivalent unit,1.0,GA,2.0,40,2,20,0,0,20,20,0.0,0.0,0.0,0.5,-1,1,2,40.0,40.0,40.0,False,False,0.0,0.0,1.0548317900656055,True,0.07045519848930981,0.0,True,20,0.0,0.0,0.0,16000,26000,Windows-AMD64-py3.14.3,self-contained local validation harness; charged-time accounting is disclosed by timing_mode,2.0,2.0,7.0,2.0,1.0,fixed
minigrid-empty-5x5-fullyobs_greedy-improvement_seed7,a6544fd,2026-06-01T22:01:13,7,greedy-improvement,minigrid,MiniGrid/MiniGrid-Empty-5x5-v0/FullyObsWrapper,3.1.0,minigrid-empty-5x5-fullyobs,0,40.0,40.0,0.0,1.0,16.0,strict_rollout_equivalent_max,0.75,40.0,40.0,748.5732000204735,748.5732000204735,830.6815000250936,747.2399999969639,True,True,708.5732000204735,rollout_normalized,rollout-equivalent unit,1.0,GA,2.0,40,2,20,0,0,20,20,0.0,0.0,0.0,0.5,-1,1,2,40.0,40.0,40.0,False,False,0.0,0.0,0.999169189219458,True,0.06438974434379441,0.0,True,20,0.0,0.0,0.0,17000,27000,Windows-AMD64-py3.14.3,self-contained local validation harness; charged-time accounting is disclosed by timing_mode,2.0,2.0,7.0,2.0,1.0,fixed
minigrid-empty-5x5-fullyobs_greedy-improvement_seed7,a6544fd,2026-06-01T22:01:13,7,greedy-improvement,minigrid,MiniGrid/MiniGrid-Empty-5x5-v0/FullyObsWrapper,3.1.0,minigrid-empty-5x5-fullyobs,1,40.0,40.0,0.0,1.0,16.0,strict_rollout_equivalent_max,0.75,40.0,40.0,770.4419000074267,770.4419000074267,853.5921999718994,768.8553000916727,True,True,730.4419000074267,rollout_normalized,rollout-equivalent unit,1.0,GA,2.0,40,2,20,0,0,20,20,0.0,0.0,0.0,0.5,-1,1,2,40.0,40.0,40.0,False,False,0.0,0.0,0.999169189219458,True,0.04316148062920444,0.0,True,20,0.0,0.0,0.0,17000,27000,Windows-AMD64-py3.14.3,self-contained local validation harness; charged-time accounting is disclosed by timing_mode,2.0,2.0,7.0,2.0,1.0,fixed
minigrid-empty-5x5-fullyobs_greedy-improvement_seed7,a6544fd,2026-06-01T22:01:13,7,greedy-improvement,minigrid,MiniGrid/MiniGrid-Empty-5x5-v0/FullyObsWrapper,3.1.0,minigrid-empty-5x5-fullyobs,2,40.0,40.0,0.0,1.0,16.0,strict_rollout_equivalent_max,0.75,40.0,40.0,747.9921999620274,747.9921999620274,833.1206000293605,746.653999958653,True,True,707.9921999620274,rollout_normalized,rollout-equivalent unit,1.0,GA,2.0,40,2,20,0,0,20,20,0.0,0.0,0.0,0.5,-1,1,2,40.0,40.0,40.0,False,False,0.0,0.0,0.999169189219458,True,0.05465127658382496,0.0,True,20,0.0,0.0,0.0,17000,27000,Windows-AMD64-py3.14.3,self-contained local validation harness; charged-time accounting is disclosed by timing_mode,2.0,2.0,7.0,2.0,1.0,fixed
minigrid-empty-5x5-fullyobs_greedy-improvement_seed7,a6544fd,2026-06-01T22:01:13,7,greedy-improvement,minigrid,MiniGrid/MiniGrid-Empty-5x5-v0/FullyObsWrapper,3.1.0,minigrid-empty-5x5-fullyobs,3,40.0,40.0,0.0,1.0,16.0,strict_rollout_equivalent_max,0.75,40.0,40.0,821.3372000027448,821.3372000027448,914.2935000127181,819.8210002155975,True,True,781.3372000027448,rollout_normalized,rollout-equivalent unit,1.0,GA,2.0,40,2,20,0,0,20,20,0.0,0.0,0.0,0.5,-1,1,2,40.0,40.0,40.0,False,False,0.0,0.0,0.999169189219458,True,0.05105190822753358,0.0,True,20,0.0,0.0,0.0,17000,27000,Windows-AMD64-py3.14.3,self-contained local validation harness; charged-time accounting is disclosed by timing_mode,2.0,2.0,7.0,2.0,1.0,fixed
minigrid-empty-5x5-fullyobs_greedy-improvement_seed7,a6544fd,2026-06-01T22:01:13,7,greedy-improvement,minigrid,MiniGrid/MiniGrid-Empty-5x5-v0/FullyObsWrapper,3.1.0,minigrid-empty-5x5-fullyobs,4,40.0,40.0,0.0,1.0,16.0,strict_rollout_equivalent_max,0.75,40.0,40.0,791.0714000463486,791.0714000463486,874.3419000529684,789.6862999768928,True,True,751.0714000463486,rollout_normalized,rollout-equivalent unit,1.0,GA,2.0,40,2,20,0,0,20,20,0.0,0.0,0.0,0.5,-1,1,2,40.0,40.0,40.0,False,False,0.0,0.0,0.999169189219458,True,0.04640311232071803,0.0,True,20,0.0,0.0,0.0,17000,27000,Windows-AMD64-py3.14.3,self-contained local validation harness; charged-time accounting is disclosed by timing_mode,2.0,2.0,7.0,2.0,1.0,fixed
minigrid-empty-5x5-fullyobs_greedy-improvement_seed7,a6544fd,2026-06-01T22:01:13,7,greedy-improvement,minigrid,MiniGrid/MiniGrid-Empty-5x5-v0/FullyObsWrapper,3.1.0,minigrid-empty-5x5-fullyobs,5,40.0,40.0,0.0,1.0,16.0,strict_rollout_equivalent_max,0.75,40.0,40.0,764.4008999923244,764.4008999923244,846.7980999848805,763.0102000548504,True,True,724.4008999923244,rollout_normalized,rollout-equivalent unit,1.0,GA,2.0,40,2,20,0,0,20,20,0.0,0.0,0.0,0.5,-1,1,2,40.0,40.0,40.0,False,False,0.0,0.0,0.999169189219458,True,0.05697796438002878,0.0,True,20,0.0,0.0,0.0,17000,27000,Windows-AMD64-py3.14.3,self-contained local validation harness; charged-time accounting is disclosed by timing_mode,2.0,2.0,7.0,2.0,1.0,fixed
minigrid-empty-5x5-fullyobs_greedy-improvement_seed7,a6544fd,2026-06-01T22:01:13,7,greedy-improvement,minigrid,MiniGrid/MiniGrid-Empty-5x5-v0/FullyObsWrapper,3.1.0,minigrid-empty-5x5-fullyobs,6,40.0,40.0,0.0,1.0,16.0,strict_rollout_equivalent_max,0.75,40.0,40.0,759.3828999670222,759.3828999670222,841.8179000145756,758.0234000342898,True,True,719.3828999670222,rollout_normalized,rollout-equivalent unit,1.0,GA,2.0,40,2,20,0,0,20,20,0.0,0.0,0.0,0.5,-1,1,2,40.0,40.0,40.0,False,False,0.0,0.0,0.999169189219458,True,0.04912877580722719,0.0,True,20,0.0,0.0,0.0,17000,27000,Windows-AMD64-py3.14.3,self-contained local validation harness; charged-time accounting is disclosed by timing_mode,2.0,2.0,7.0,2.0,1.0,fixed
minigrid-empty-5x5-fullyobs_greedy-improvement_seed7,a6544fd,2026-06-01T22:01:13,7,greedy-improvement,minigrid,MiniGrid/MiniGrid-Empty-5x5-v0/FullyObsWrapper,3.1.0,minigrid-empty-5x5-fullyobs,7,40.0,40.0,0.0,1.0,16.0,strict_rollout_equivalent_max,0.75,40.0,40.0,771.8105000094511,771.8105000094511,858.091100002639,770.2307000290602,True,True,731.8105000094511,rollout_normalized,rollout-equivalent unit,1.0,GA,2.0,40,2,20,0,0,20,20,0.0,0.0,0.0,0.5,-1,1,2,40.0,40.0,40.0,False,False,0.0,0.0,0.999169189219458,True,0.0433197759341406,0.0,True,20,0.0,0.0,0.0,17000,27000,Windows-AMD64-py3.14.3,self-contained local validation harness; charged-time accounting is disclosed by timing_mode,2.0,2.0,7.0,2.0,1.0,fixed
minigrid-empty-5x5-fullyobs_greedy-improvement_seed7,a6544fd,2026-06-01T22:01:13,7,greedy-improvement,minigrid,MiniGrid/MiniGrid-Empty-5x5-v0/FullyObsWrapper,3.1.0,minigrid-empty-5x5-fullyobs,8,40.0,40.0,0.0,1.0,16.0,strict_rollout_equivalent_max,0.75,40.0,40.0,757.5177999678999,757.5177999678999,842.8499000146985,756.121099984739,True,True,717.5177999678999,rollout_normalized,rollout-equivalent unit,1.0,GA,2.0,40,2,20,0,0,20,20,0.0,0.0,0.0,0.5,-1,1,2,40.0,40.0,40.0,False,False,0.0,0.0,0.999169189219458,True,0.05473183584313546,0.0,True,20,0.0,0.0,0.0,17000,27000,Windows-AMD64-py3.14.3,self-contained local validation harness; charged-time accounting is disclosed by timing_mode,2.0,2.0,7.0,2.0,1.0,fixed
minigrid-empty-5x5-fullyobs_greedy-improvement_seed7,a6544fd,2026-06-01T22:01:13,7,greedy-improvement,minigrid,MiniGrid/MiniGrid-Empty-5x5-v0/FullyObsWrapper,3.1.0,minigrid-empty-5x5-fullyobs,9,40.0,40.0,0.0,1.0,16.0,strict_rollout_equivalent_max,0.75,40.0,40.0,772.2091999603435,772.2091999603435,869.3436999456026,770.7219999865629,True,True,732.2091999603435,rollout_normalized,rollout-equivalent unit,1.0,GA,2.0,40,2,20,0,0,20,20,0.0,0.0,0.0,0.5,-1,1,2,40.0,40.0,40.0,False,False,0.0,0.0,0.999169189219458,True,0.045737749172116704,0.0,True,20,0.0,0.0,0.0,17000,27000,Windows-AMD64-py3.14.3,self-contained local validation harness; charged-time accounting is disclosed by timing_mode,2.0,2.0,7.0,2.0,1.0,fixed
minigrid-empty-5x5-fullyobs_greedy-improvement_seed7,a6544fd,2026-06-01T22:01:13,7,greedy-improvement,minigrid,MiniGrid/MiniGrid-Empty-5x5-v0/FullyObsWrapper,3.1.0,minigrid-empty-5x5-fullyobs,10,40.0,40.0,0.0,1.0,16.0,strict_rollout_equivalent_max,0.75,40.0,40.0,754.1378000169061,754.1378000169061,838.5319000226445,752.7564000338316,True,True,714.1378000169061,rollout_normalized,rollout-equivalent unit,1.0,GA,2.0,40,2,20,0,0,20,20,0.0,0.0,0.0,0.5,-1,1,2,40.0,40.0,40.0,False,False,0.0,0.0,0.999169189219458,True,0.05453323399593612,0.0,True,20,0.0,0.0,0.0,17000,27000,Windows-AMD64-py3.14.3,self-contained local validation harness; charged-time accounting is disclosed by timing_mode,2.0,2.0,7.0,2.0,1.0,fixed
minigrid-empty-5x5-fullyobs_greedy-improvement_seed7,a6544fd,2026-06-01T22:01:13,7,greedy-improvement,minigrid,MiniGrid/MiniGrid-Empty-5x5-v0/FullyObsWrapper,3.1.0,minigrid-empty-5x5-fullyobs,11,40.0,40.0,0.0,1.0,16.0,strict_rollout_equivalent_max,0.75,40.0,40.0,754.3741000117734,754.3741000117734,836.9879000238143,752.8147001285106,True,True,714.3741000117734,rollout_normalized,rollout-equivalent unit,1.0,GA,2.0,40,2,20,0,0,20,20,0.0,0.0,0.0,0.5,-1,1,2,40.0,40.0,40.0,False,False,0.0,0.0,0.999169189219458,True,0.05474190434941373,0.0,True,20,0.0,0.0,0.0,17000,27000,Windows-AMD64-py3.14.3,self-contained local validation harness; charged-time accounting is disclosed by timing_mode,2.0,2.0,7.0,2.0,1.0,fixed
minigrid-empty-5x5-fullyobs_greedy-improvement_seed8,a6544fd,2026-06-01T22:01:24,8,greedy-improvement,minigrid,MiniGrid/MiniGrid-Empty-5x5-v0/FullyObsWrapper,3.1.0,minigrid-empty-5x5-fullyobs,0,40.0,40.0,0.0,1.0,16.0,strict_rollout_equivalent_max,0.75,40.0,40.0,773.527399986051,773.527399986051,853.4705000347458,771.9689001678489,True,True,733.527399986051,rollout_normalized,rollout-equivalent unit,1.0,GA,2.0,40,2,20,0,0,20,20,0.0,0.0,0.0,0.5,-1,1,2,40.0,40.0,40.0,False,False,0.0,0.0,1.0258790242339384,True,0.04971336912907742,0.0,True,20,0.0,0.0,0.0,18000,28000,Windows-AMD64-py3.14.3,self-contained local validation harness; charged-time accounting is disclosed by timing_mode,2.0,2.0,7.0,2.0,1.0,fixed
minigrid-empty-5x5-fullyobs_greedy-improvement_seed8,a6544fd,2026-06-01T22:01:24,8,greedy-improvement,minigrid,MiniGrid/MiniGrid-Empty-5x5-v0/FullyObsWrapper,3.1.0,minigrid-empty-5x5-fullyobs,1,40.0,40.0,0.0,1.0,16.0,strict_rollout_equivalent_max,0.75,40.0,40.0,768.1040999596007,768.1040999596007,849.1399000049569,766.653300030157,True,True,728.1040999596007,rollout_normalized,rollout-equivalent unit,1.0,GA,2.0,40,2,20,0,0,20,20,0.0,0.0,0.0,0.5,-1,1,2,40.0,40.0,40.0,False,False,0.0,0.0,1.0258790242339384,True,0.047939643649038244,0.0,True,20,0.0,0.0,0.0,18000,28000,Windows-AMD64-py3.14.3,self-contained local validation harness; charged-time accounting is disclosed by timing_mode,2.0,2.0,7.0,2.0,1.0,fixed
minigrid-empty-5x5-fullyobs_greedy-improvement_seed8,a6544fd,2026-06-01T22:01:24,8,greedy-improvement,minigrid,MiniGrid/MiniGrid-Empty-5x5-v0/FullyObsWrapper,3.1.0,minigrid-empty-5x5-fullyobs,2,40.0,40.0,0.0,1.0,16.0,strict_rollout_equivalent_max,0.75,40.0,40.0,758.1506000133231,758.1506000133231,787.677199987229,756.6684000194073,True,True,718.1506000133231,rollout_normalized,rollout-equivalent unit,1.0,GA,2.0,40,2,20,0,0,20,20,0.9549999999999998,0.9549999999999998,1.0,0.5,96,1,2,40.0,40.0,40.0,False,False,0.0,0.0,1.000487689279938,True,0.041556093541345485,0.0,True,20,0.0,0.0,0.0,18000,28000,Windows-AMD64-py3.14.3,self-contained local validation harness; charged-time accounting is disclosed by timing_mode,2.0,2.0,7.0,2.0,1.0,fixed
minigrid-empty-5x5-fullyobs_greedy-improvement_seed8,a6544fd,2026-06-01T22:01:24,8,greedy-improvement,minigrid,MiniGrid/MiniGrid-Empty-5x5-v0/FullyObsWrapper,3.1.0,minigrid-empty-5x5-fullyobs,3,40.0,40.0,0.0,1.0,16.0,strict_rollout_equivalent_max,0.75,40.0,40.0,757.3524999897927,757.3524999897927,787.8899999777786,755.8876001276076,True,True,717.3524999897927,rollout_normalized,rollout-equivalent unit,1.0,GA,2.0,40,2,20,0,0,20,20,0.9549999999999998,0.9549999999999998,1.0,0.5,96,1,2,40.0,40.0,40.0,False,False,0.0,0.0,0.9572917305586783,True,0.04155285360723059,0.0,True,20,0.0,0.0,0.0,18000,28000,Windows-AMD64-py3.14.3,self-contained local validation harness; charged-time accounting is disclosed by timing_mode,2.0,2.0,7.0,2.0,1.0,fixed
minigrid-empty-5x5-fullyobs_greedy-improvement_seed8,a6544fd,2026-06-01T22:01:24,8,greedy-improvement,minigrid,MiniGrid/MiniGrid-Empty-5x5-v0/FullyObsWrapper,3.1.0,minigrid-empty-5x5-fullyobs,4,40.0,40.0,0.0,1.0,16.0,strict_rollout_equivalent_max,0.75,40.0,40.0,817.4904999905266,817.4904999905266,841.9633000157773,816.1627001245506,True,True,777.4904999905266,rollout_normalized,rollout-equivalent unit,1.0,GA,2.0,40,2,20,0,0,20,20,0.9549999999999998,0.9549999999999998,1.0,0.5,96,1,2,40.0,40.0,40.0,False,False,0.0,0.0,0.9572917305586783,True,0.04308834969244435,0.0,True,20,0.0,0.0,0.0,18000,28000,Windows-AMD64-py3.14.3,self-contained local validation harness; charged-time accounting is disclosed by timing_mode,2.0,2.0,7.0,2.0,1.0,fixed
minigrid-empty-5x5-fullyobs_greedy-improvement_seed8,a6544fd,2026-06-01T22:01:24,8,greedy-improvement,minigrid,MiniGrid/MiniGrid-Empty-5x5-v0/FullyObsWrapper,3.1.0,minigrid-empty-5x5-fullyobs,5,40.0,40.0,0.0,1.0,16.0,strict_rollout_equivalent_max,0.75,40.0,40.0,768.3459999971092,768.3459999971092,794.2499000346288,766.7418000637554,True,True,728.3459999971092,rollout_normalized,rollout-equivalent unit,1.0,GA,2.0,40,2,20,0,0,20,20,0.9549999999999998,0.9549999999999998,1.0,0.5,96,1,2,40.0,40.0,40.0,False,False,0.0,0.0,0.9065211965362505,True,0.04709591095051047,0.0,True,20,0.0,0.0,0.0,18000,28000,Windows-AMD64-py3.14.3,self-contained local validation harness; charged-time accounting is disclosed by timing_mode,2.0,2.0,7.0,2.0,1.0,fixed
minigrid-empty-5x5-fullyobs_greedy-improvement_seed8,a6544fd,2026-06-01T22:01:24,8,greedy-improvement,minigrid,MiniGrid/MiniGrid-Empty-5x5-v0/FullyObsWrapper,3.1.0,minigrid-empty-5x5-fullyobs,6,40.0,40.0,0.0,1.0,16.0,strict_rollout_equivalent_max,0.75,40.0,40.0,755.3416000446305,755.3416000446305,784.4917999464087,753.8780000177212,True,True,715.3416000446305,rollout_normalized,rollout-equivalent unit,1.0,GA,2.0,40,2,20,0,0,20,20,0.9549999999999998,0.9549999999999998,1.0,0.5,96,1,2,40.0,40.0,40.0,False,False,0.0,0.0,0.9127854867855061,True,0.03486918730830946,0.0,True,20,0.0,0.0,0.0,18000,28000,Windows-AMD64-py3.14.3,self-contained local validation harness; charged-time accounting is disclosed by timing_mode,2.0,2.0,7.0,2.0,1.0,fixed
minigrid-empty-5x5-fullyobs_greedy-improvement_seed8,a6544fd,2026-06-01T22:01:24,8,greedy-improvement,minigrid,MiniGrid/MiniGrid-Empty-5x5-v0/FullyObsWrapper,3.1.0,minigrid-empty-5x5-fullyobs,7,40.0,40.0,0.0,1.0,16.0,strict_rollout_equivalent_max,0.75,40.0,40.0,794.8028999962844,794.8028999962844,819.7151999920607,793.2723000412807,True,True,754.8028999962844,rollout_normalized,rollout-equivalent unit,1.0,GA,2.0,40,2,20,0,0,20,20,0.9549999999999998,0.9549999999999998,1.0,0.5,96,1,2,40.0,40.0,40.0,False,False,0.0,0.0,0.8889555465810446,True,0.04110622720377022,0.0,True,20,0.0,0.0,0.0,18000,28000,Windows-AMD64-py3.14.3,self-contained local validation harness; charged-time accounting is disclosed by timing_mode,2.0,2.0,7.0,2.0,1.0,fixed
minigrid-empty-5x5-fullyobs_greedy-improvement_seed8,a6544fd,2026-06-01T22:01:24,8,greedy-improvement,minigrid,MiniGrid/MiniGrid-Empty-5x5-v0/FullyObsWrapper,3.1.0,minigrid-empty-5x5-fullyobs,8,40.0,40.0,0.0,1.0,16.0,strict_rollout_equivalent_max,0.75,40.0,40.0,707.2291999938898,707.2291999938898,731.8430999876,705.8939001290128,True,True,667.2291999938898,rollout_normalized,rollout-equivalent unit,1.0,GA,2.0,40,2,20,0,0,20,20,0.9549999999999998,0.9549999999999998,1.0,0.5,96,1,2,40.0,40.0,40.0,False,False,0.0,0.0,0.7139577863125551,True,0.03130863741804091,0.0,True,20,0.0,0.0,0.0,18000,28000,Windows-AMD64-py3.14.3,self-contained local validation harness; charged-time accounting is disclosed by timing_mode,2.0,2.0,7.0,2.0,1.0,fixed
minigrid-empty-5x5-fullyobs_greedy-improvement_seed8,a6544fd,2026-06-01T22:01:24,8,greedy-improvement,minigrid,MiniGrid/MiniGrid-Empty-5x5-v0/FullyObsWrapper,3.1.0,minigrid-empty-5x5-fullyobs,9,40.0,40.0,0.0,1.0,16.0,strict_rollout_equivalent_max,0.75,40.0,40.0,686.2158000003546,686.2158000003546,711.6644000052474,684.6878999494947,True,True,646.2158000003546,rollout_normalized,rollout-equivalent unit,1.0,GA,2.0,40,2,20,0,0,20,20,0.9549999999999998,0.9549999999999998,1.0,0.5,96,1,2,40.0,40.0,40.0,False,False,0.0,0.0,0.5324403096404448,True,0.03718497082583738,0.0,True,20,0.0,0.0,0.0,18000,28000,Windows-AMD64-py3.14.3,self-contained local validation harness; charged-time accounting is disclosed by timing_mode,2.0,2.0,7.0,2.0,1.0,fixed
minigrid-empty-5x5-fullyobs_greedy-improvement_seed8,a6544fd,2026-06-01T22:01:24,8,greedy-improvement,minigrid,MiniGrid/MiniGrid-Empty-5x5-v0/FullyObsWrapper,3.1.0,minigrid-empty-5x5-fullyobs,10,40.0,40.0,0.0,1.0,16.0,strict_rollout_equivalent_max,0.75,40.0,40.0,725.5056999856606,725.5056999856606,752.6508999872021,724.0255000651814,True,True,685.5056999856606,rollout_normalized,rollout-equivalent unit,1.0,GA,2.0,40,2,20,0,0,20,20,0.9549999999999998,0.9549999999999998,1.0,0.5,96,1,2,40.0,40.0,40.0,False,False,0.0,0.0,0.5324403096404448,True,0.039972793688730635,0.0,True,20,0.0,0.0,0.0,18000,28000,Windows-AMD64-py3.14.3,self-contained local validation harness; charged-time accounting is disclosed by timing_mode,2.0,2.0,7.0,2.0,1.0,fixed
minigrid-empty-5x5-fullyobs_greedy-improvement_seed8,a6544fd,2026-06-01T22:01:24,8,greedy-improvement,minigrid,MiniGrid/MiniGrid-Empty-5x5-v0/FullyObsWrapper,3.1.0,minigrid-empty-5x5-fullyobs,11,40.0,40.0,0.0,1.0,16.0,strict_rollout_equivalent_max,0.75,40.0,40.0,741.3452999899164,741.3452999899164,765.6602000351995,739.9039000738412,True,True,701.3452999899164,rollout_normalized,rollout-equivalent unit,1.0,GA,2.0,40,2,20,0,0,20,20,0.9549999999999998,0.9549999999999998,1.0,0.5,96,1,2,40.0,40.0,40.0,False,False,0.0,0.0,0.5324403096404448,True,0.03678679853300515,0.0,True,20,0.0,0.0,0.0,18000,28000,Windows-AMD64-py3.14.3,self-contained local validation harness; charged-time accounting is disclosed by timing_mode,2.0,2.0,7.0,2.0,1.0,fixed
minigrid-empty-5x5-fullyobs_greedy-improvement_seed9,a6544fd,2026-06-01T22:01:34,9,greedy-improvement,minigrid,MiniGrid/MiniGrid-Empty-5x5-v0/FullyObsWrapper,3.1.0,minigrid-empty-5x5-fullyobs,0,40.0,40.0,0.0,1.0,16.0,strict_rollout_equivalent_max,0.75,40.0,40.0,736.6182000259869,736.6182000259869,821.3108000345528,735.2048998582177,True,True,696.6182000259869,rollout_normalized,rollout-equivalent unit,1.0,GA,2.0,40,2,20,0,0,20,20,0.0,0.0,0.0,0.5,-1,1,2,40.0,40.0,40.0,False,False,0.0,0.0,1.0885950813006595,True,0.04250146792818965,0.0,True,20,0.0,0.0,0.0,19000,29000,Windows-AMD64-py3.14.3,self-contained local validation harness; charged-time accounting is disclosed by timing_mode,2.0,2.0,7.0,2.0,1.0,fixed
minigrid-empty-5x5-fullyobs_greedy-improvement_seed9,a6544fd,2026-06-01T22:01:34,9,greedy-improvement,minigrid,MiniGrid/MiniGrid-Empty-5x5-v0/FullyObsWrapper,3.1.0,minigrid-empty-5x5-fullyobs,1,40.0,40.0,0.0,1.0,16.0,strict_rollout_equivalent_max,0.75,40.0,40.0,736.5600999910384,736.5600999910384,813.6158999986947,735.1797000737861,True,True,696.5600999910384,rollout_normalized,rollout-equivalent unit,1.0,GA,2.0,40,2,20,0,0,20,20,0.0,0.0,0.0,0.5,-1,1,2,40.0,40.0,40.0,False,False,0.0,0.0,1.0885950813006595,True,0.051503818540693753,0.0,True,20,0.0,0.0,0.0,19000,29000,Windows-AMD64-py3.14.3,self-contained local validation harness; charged-time accounting is disclosed by timing_mode,2.0,2.0,7.0,2.0,1.0,fixed
minigrid-empty-5x5-fullyobs_greedy-improvement_seed9,a6544fd,2026-06-01T22:01:34,9,greedy-improvement,minigrid,MiniGrid/MiniGrid-Empty-5x5-v0/FullyObsWrapper,3.1.0,minigrid-empty-5x5-fullyobs,2,40.0,40.0,0.0,1.0,16.0,strict_rollout_equivalent_max,0.75,40.0,40.0,764.1657000058331,764.1657000058331,842.7746000234038,762.8248000401072,True,True,724.1657000058331,rollout_normalized,rollout-equivalent unit,1.0,GA,2.0,40,2,20,0,0,20,20,0.0,0.0,0.0,0.5,-1,1,2,40.0,40.0,40.0,False,False,0.0,0.0,1.0885950813006595,True,0.03736256854978204,0.0,True,20,0.0,0.0,0.0,19000,29000,Windows-AMD64-py3.14.3,self-contained local validation harness; charged-time accounting is disclosed by timing_mode,2.0,2.0,7.0,2.0,1.0,fixed
minigrid-empty-5x5-fullyobs_greedy-improvement_seed9,a6544fd,2026-06-01T22:01:34,9,greedy-improvement,minigrid,MiniGrid/MiniGrid-Empty-5x5-v0/FullyObsWrapper,3.1.0,minigrid-empty-5x5-fullyobs,3,40.0,40.0,0.0,1.0,16.0,strict_rollout_equivalent_max,0.75,40.0,40.0,737.8200000384822,737.8200000384822,816.9389000395313,736.4353999728337,True,True,697.8200000384822,rollout_normalized,rollout-equivalent unit,1.0,GA,2.0,40,2,20,0,0,20,20,0.0,0.0,0.0,0.5,-1,1,2,40.0,40.0,40.0,False,False,0.0,0.0,1.0885950813006595,True,0.05237058470327738,0.0,True,20,0.0,0.0,0.0,19000,29000,Windows-AMD64-py3.14.3,self-contained local validation harness; charged-time accounting is disclosed by timing_mode,2.0,2.0,7.0,2.0,1.0,fixed
minigrid-empty-5x5-fullyobs_greedy-improvement_seed9,a6544fd,2026-06-01T22:01:34,9,greedy-improvement,minigrid,MiniGrid/MiniGrid-Empty-5x5-v0/FullyObsWrapper,3.1.0,minigrid-empty-5x5-fullyobs,4,40.0,40.0,0.0,1.0,16.0,strict_rollout_equivalent_max,0.75,40.0,40.0,744.4741000072099,744.4741000072099,822.7943999809213,742.947000078857,True,True,704.4741000072099,rollout_normalized,rollout-equivalent unit,1.0,GA,2.0,40,2,20,0,0,20,20,0.0,0.0,0.0,0.5,-1,1,2,40.0,40.0,40.0,False,False,0.0,0.0,1.0885950813006595,True,0.06736362869352486,0.0,True,20,0.0,0.0,0.0,19000,29000,Windows-AMD64-py3.14.3,self-contained local validation harness; charged-time accounting is disclosed by timing_mode,2.0,2.0,7.0,2.0,1.0,fixed
minigrid-empty-5x5-fullyobs_greedy-improvement_seed9,a6544fd,2026-06-01T22:01:34,9,greedy-improvement,minigrid,MiniGrid/MiniGrid-Empty-5x5-v0/FullyObsWrapper,3.1.0,minigrid-empty-5x5-fullyobs,5,40.0,40.0,0.0,1.0,16.0,strict_rollout_equivalent_max,0.75,40.0,40.0,737.8171000164002,737.8171000164002,815.2092999662273,736.4628000068478,True,True,697.8171000164002,rollout_normalized,rollout-equivalent unit,1.0,GA,2.0,40,2,20,0,0,20,20,0.0,0.0,0.0,0.5,-1,1,2,40.0,40.0,40.0,False,False,0.0,0.0,1.0885950813006595,True,0.05487423201553332,0.0,True,20,0.0,0.0,0.0,19000,29000,Windows-AMD64-py3.14.3,self-contained local validation harness; charged-time accounting is disclosed by timing_mode,2.0,2.0,7.0,2.0,1.0,fixed
minigrid-empty-5x5-fullyobs_greedy-improvement_seed9,a6544fd,2026-06-01T22:01:34,9,greedy-improvement,minigrid,MiniGrid/MiniGrid-Empty-5x5-v0/FullyObsWrapper,3.1.0,minigrid-empty-5x5-fullyobs,6,40.0,40.0,0.0,1.0,16.0,strict_rollout_equivalent_max,0.75,40.0,40.0,763.2477000006475,763.2477000006475,844.8886999976821,761.8427000124939,True,True,723.2477000006475,rollout_normalized,rollout-equivalent unit,1.0,GA,2.0,40,2,20,0,0,20,20,0.0,0.0,0.0,0.5,-1,1,2,40.0,40.0,40.0,False,False,0.0,0.0,1.0885950813006595,True,0.04577836819445569,0.0,True,20,0.0,0.0,0.0,19000,29000,Windows-AMD64-py3.14.3,self-contained local validation harness; charged-time accounting is disclosed by timing_mode,2.0,2.0,7.0,2.0,1.0,fixed
minigrid-empty-5x5-fullyobs_greedy-improvement_seed9,a6544fd,2026-06-01T22:01:34,9,greedy-improvement,minigrid,MiniGrid/MiniGrid-Empty-5x5-v0/FullyObsWrapper,3.1.0,minigrid-empty-5x5-fullyobs,7,40.0,40.0,0.0,1.0,16.0,strict_rollout_equivalent_max,0.75,40.0,40.0,715.1596000185236,715.1596000185236,791.1134000169113,713.7377998442389,True,True,675.1596000185236,rollout_normalized,rollout-equivalent unit,1.0,GA,2.0,40,2,20,0,0,20,20,0.0,0.0,0.0,0.5,-1,1,2,40.0,40.0,40.0,False,False,0.0,0.0,1.0885950813006595,True,0.04815982633174154,0.0,True,20,0.0,0.0,0.0,19000,29000,Windows-AMD64-py3.14.3,self-contained local validation harness; charged-time accounting is disclosed by timing_mode,2.0,2.0,7.0,2.0,1.0,fixed
minigrid-empty-5x5-fullyobs_greedy-improvement_seed9,a6544fd,2026-06-01T22:01:34,9,greedy-improvement,minigrid,MiniGrid/MiniGrid-Empty-5x5-v0/FullyObsWrapper,3.1.0,minigrid-empty-5x5-fullyobs,8,40.0,40.0,0.0,1.0,16.0,strict_rollout_equivalent_max,0.75,40.0,40.0,747.4097000085749,747.4097000085749,824.751699983608,746.132000174839,True,True,707.4097000085749,rollout_normalized,rollout-equivalent unit,1.0,GA,2.0,40,2,20,0,0,20,20,0.0,0.0,0.0,0.5,-1,1,2,40.0,40.0,40.0,False,False,0.0,0.0,1.0885950813006595,True,0.053888763978288345,0.0,True,20,0.0,0.0,0.0,19000,29000,Windows-AMD64-py3.14.3,self-contained local validation harness; charged-time accounting is disclosed by timing_mode,2.0,2.0,7.0,2.0,1.0,fixed
minigrid-empty-5x5-fullyobs_greedy-improvement_seed9,a6544fd,2026-06-01T22:01:34,9,greedy-improvement,minigrid,MiniGrid/MiniGrid-Empty-5x5-v0/FullyObsWrapper,3.1.0,minigrid-empty-5x5-fullyobs,9,40.0,40.0,0.0,1.0,16.0,strict_rollout_equivalent_max,0.75,40.0,40.0,705.8039999683388,705.8039999683388,730.3310999996029,704.3766001006588,True,True,665.8039999683388,rollout_normalized,rollout-equivalent unit,1.0,GA,2.0,40,2,20,0,0,20,20,0.9549999999999998,0.9549999999999998,1.0,0.5,320,1,2,40.0,40.0,40.0,False,False,0.0,0.0,1.009838000814562,True,0.042613993311006126,0.0,True,20,0.0,0.0,0.0,19000,29000,Windows-AMD64-py3.14.3,self-contained local validation harness; charged-time accounting is disclosed by timing_mode,2.0,2.0,7.0,2.0,1.0,fixed
minigrid-empty-5x5-fullyobs_greedy-improvement_seed9,a6544fd,2026-06-01T22:01:34,9,greedy-improvement,minigrid,MiniGrid/MiniGrid-Empty-5x5-v0/FullyObsWrapper,3.1.0,minigrid-empty-5x5-fullyobs,10,40.0,40.0,0.0,1.0,16.0,strict_rollout_equivalent_max,0.75,40.0,40.0,664.3229000037536,664.3229000037536,688.7395000085235,662.958899862133,True,True,624.3229000037536,rollout_normalized,rollout-equivalent unit,1.0,GA,2.0,40,2,20,0,0,20,20,0.9549999999999998,0.9549999999999998,1.0,0.5,320,1,2,40.0,40.0,40.0,False,False,0.0,0.0,0.9721892428360204,True,0.040691760988132986,0.0,True,20,0.0,0.0,0.0,19000,29000,Windows-AMD64-py3.14.3,self-contained local validation harness; charged-time accounting is disclosed by timing_mode,2.0,2.0,7.0,2.0,1.0,fixed
minigrid-empty-5x5-fullyobs_greedy-improvement_seed9,a6544fd,2026-06-01T22:01:34,9,greedy-improvement,minigrid,MiniGrid/MiniGrid-Empty-5x5-v0/FullyObsWrapper,3.1.0,minigrid-empty-5x5-fullyobs,11,40.0,40.0,0.0,1.0,16.0,strict_rollout_equivalent_max,0.75,40.0,40.0,683.5663000238128,683.5663000238128,707.823200034909,682.1833000867628,True,True,643.5663000238128,rollout_normalized,rollout-equivalent unit,1.0,GA,2.0,40,2,20,0,0,20,20,0.9549999999999998,0.9549999999999998,1.0,0.5,320,1,2,40.0,40.0,40.0,False,False,0.0,0.0,0.8503622517038383,True,0.05538169800337234,0.0,True,20,0.0,0.0,0.0,19000,29000,Windows-AMD64-py3.14.3,self-contained local validation harness; charged-time accounting is disclosed by timing_mode,2.0,2.0,7.0,2.0,1.0,fixed
