run_id,seed,method,task_name,interval,atomic_index,module,charged_ms,cpu_ms,value,score,win_rate,improvement_rate,diversity,learning_progress,remaining_before_ms,remaining_after_ms,do_not_start_rule,handshake_events,note
line-duel_DLGPR-full_seed0,0,DLGPR-full,line-duel,0,0,GA,1.6893344512949398,2.4696000618860126,-1.0350000000000001,-1.0350000000000001,0.0,0.0,0.8116122098641232,0.0646168400523651,16.0,14.31066554870506,strict_delta_max,1,cross_layer_handoff_executed
line-duel_DLGPR-full_seed0,0,DLGPR-full,line-duel,0,1,PSO,1.20651110410417,1.5409999759867787,-1.04,-1.04,0.0,0.0,0.0,0.07826905056619649,14.31066554870506,13.10415444460089,strict_delta_max,1,cross_layer_handoff_executed
line-duel_DLGPR-full_seed0,0,DLGPR-full,line-duel,0,2,RL,4.0,1.9171000458300114,-0.04500000000000004,-0.04500000000000004,0.5,0.24750000000000003,0.0,0.0,13.10415444460089,9.10415444460089,strict_delta_max,2,cross_layer_handoff_executed
line-duel_DLGPR-full_seed0,0,DLGPR-full,line-duel,0,3,RL,4.0,2.124299993738532,-0.04500000000000004,-0.04500000000000004,0.5,0.0,0.0,0.0,9.10415444460089,5.104154444600891,strict_delta_max,2,cross_layer_handoff_executed
line-duel_DLGPR-full_seed0,0,DLGPR-full,line-duel,0,4,RL,2.4004356539171647,2.138199983164668,-0.04500000000000004,-0.04500000000000004,0.5,0.0,0.0,0.0,5.104154444600891,2.703718790683726,strict_delta_max,2,cross_layer_handoff_executed
line-duel_DLGPR-full_seed0,0,DLGPR-full,line-duel,1,0,GA,2.426770969005766,1.533700036816299,-1.08,-1.08,0.0,0.0,0.6996419171188175,0.0172776182535953,16.0,13.573229030994234,strict_delta_max,1,cross_layer_handoff_executed
line-duel_DLGPR-full_seed0,0,DLGPR-full,line-duel,1,1,PSO,2.7643228653763314,1.513299997895956,-0.04500000000000004,-0.04500000000000004,0.5,0.0,0.0,0.041519372900969,13.573229030994234,10.808906165617902,strict_delta_max,1,cross_layer_handoff_executed
line-duel_DLGPR-full_seed0,0,DLGPR-full,line-duel,1,2,RL,2.3960335620121502,1.5712999738752842,-0.04500000000000004,-0.04500000000000004,0.5,0.0,0.0,0.02086782121616479,10.808906165617902,8.412872603605752,strict_delta_max,2,cross_layer_handoff_executed
line-duel_DLGPR-full_seed0,0,DLGPR-full,line-duel,1,3,GA,2.1395301601354895,1.3297999976202846,-1.08,-1.08,0.0,0.0,0.6173908820085844,0.027542685241838127,8.412872603605752,6.273342443470263,strict_delta_max,1,cross_layer_handoff_executed
line-duel_DLGPR-full_seed0,0,DLGPR-full,line-duel,1,4,GA,1.3427338852878736,1.6519000055268407,-1.0350000000000001,-1.0350000000000001,0.0,0.0,0.5814528511608397,0.05952655647900997,6.273342443470263,4.930608558182389,strict_delta_max,1,cross_layer_handoff_executed
line-duel_DLGPR-full_seed0,0,DLGPR-full,line-duel,1,5,GA,1.4081678971765568,1.7176000401377678,-1.1,-1.1,0.0,0.0,0.5814528511608397,0.041842638515900844,4.930608558182389,3.522440661005832,strict_delta_max,1,cross_layer_handoff_executed
line-duel_DLGPR-full_seed0,0,DLGPR-full,line-duel,2,0,GA,1.0502449403752219,1.296199974603951,-1.085,-1.085,0.0,0.0,0.5814528511608397,0.05799433008302505,16.0,14.949755059624778,strict_delta_max,1,cross_layer_handoff_executed
line-duel_DLGPR-full_seed0,0,DLGPR-full,line-duel,2,1,PSO,3.2347734378556,1.3194000348448753,-0.04500000000000004,-0.04500000000000004,0.5,0.0,0.0,0.03290210862521714,14.949755059624778,11.714981621769178,strict_delta_max,1,cross_layer_handoff_executed
line-duel_DLGPR-full_seed0,0,DLGPR-full,line-duel,2,2,RL,1.1487477253411575,1.4654999831691384,-0.04500000000000004,-0.04500000000000004,0.5,0.0,0.0,0.0261153944753976,11.714981621769178,10.56623389642802,strict_delta_max,2,cross_layer_handoff_executed
line-duel_DLGPR-full_seed0,0,DLGPR-full,line-duel,2,3,GA,1.8947267502451202,1.177600002847612,-0.04500000000000004,-0.04500000000000004,0.5,0.0,0.476620419835437,0.028056713579594262,10.56623389642802,8.6715071461829,strict_delta_max,1,cross_layer_handoff_executed
line-duel_DLGPR-full_seed0,0,DLGPR-full,line-duel,2,4,GA,2.5641029807609663,1.4403000241145492,-0.04500000000000004,-0.04500000000000004,0.5,0.0,0.4016579782859173,0.015050789791021346,8.6715071461829,6.107404165421935,strict_delta_max,1,cross_layer_handoff_executed
line-duel_DLGPR-full_seed0,0,DLGPR-full,line-duel,2,5,GA,2.0990268401584924,1.6250000335276127,-0.04500000000000004,-0.04500000000000004,0.5,0.0,0.35263987595940205,0.025115703935279267,6.107404165421935,4.008377325263442,strict_delta_max,1,cross_layer_handoff_executed
line-duel_DLGPR-full_seed0,0,DLGPR-full,line-duel,2,6,GA,1.6015645863042052,1.7540999688208103,-1.1,-1.1,0.0,0.0,0.35263987595940205,0.03683518909382154,4.008377325263442,2.4068127389592373,strict_delta_max,1,cross_layer_handoff_executed
line-duel_DLGPR-full_seed0,0,DLGPR-full,line-duel,3,0,GA,2.340772006158631,1.4332999708130956,-0.04500000000000004,-0.04500000000000004,0.5,0.0,0.3085596991606901,0.014787844101118228,16.0,13.65922799384137,strict_delta_max,1,cross_layer_handoff_executed
line-duel_DLGPR-full_seed0,0,DLGPR-full,line-duel,3,1,PSO,3.13177708860011,1.4051999896764755,-0.04500000000000004,-0.04500000000000004,0.5,0.0,0.0,0.016727286495734725,13.65922799384137,10.52745090524126,strict_delta_max,1,cross_layer_handoff_executed
line-duel_DLGPR-full_seed0,0,DLGPR-full,line-duel,3,2,RL,1.4244483184451244,1.7972999485209584,-0.04500000000000004,-0.04500000000000004,0.5,0.0,0.0,0.0,10.52745090524126,9.103002586796135,strict_delta_max,2,cross_layer_handoff_executed
line-duel_DLGPR-full_seed0,0,DLGPR-full,line-duel,3,3,PSO,1.6079319938812806,1.227900036610663,-1.08,-1.08,0.0,0.0,0.0,0.03986710687417634,9.103002586796135,7.495070592914855,strict_delta_max,1,cross_layer_handoff_executed
line-duel_DLGPR-full_seed0,0,DLGPR-full,line-duel,3,4,RL,1.8286036482224908,1.5460000140592456,-0.04500000000000004,-0.04500000000000004,0.5,0.0,0.0,0.0,7.495070592914855,5.666466944692364,strict_delta_max,2,cross_layer_handoff_executed
line-duel_DLGPR-full_seed0,0,DLGPR-full,line-duel,3,5,PSO,2.966800480528224,0.964100006967783,-0.030000000000000027,-0.030000000000000027,0.5,0.0050559517225537655,0.0,0.02450703572025807,5.666466944692364,2.69966646416414,strict_delta_max,1,cross_layer_handoff_executed
line-duel_DLGPR-full_seed0,0,DLGPR-full,line-duel,4,0,GA,2.4509717767767194,1.4618999557569623,-0.04500000000000004,-0.04500000000000004,0.5,0.0,0.21323386703010855,0.02358239348431934,16.0,13.549028223223281,strict_delta_max,1,cross_layer_handoff_executed
line-duel_DLGPR-full_seed0,0,DLGPR-full,line-duel,4,1,PSO,1.8135192268198117,1.3241999549791217,-0.04500000000000004,-0.04500000000000004,0.5,0.0,0.0,0.04270182836752865,13.549028223223281,11.73550899640347,strict_delta_max,1,cross_layer_handoff_executed
line-duel_DLGPR-full_seed0,0,DLGPR-full,line-duel,4,2,RL,2.2410884507020405,1.4033999759703875,-0.04500000000000004,-0.04500000000000004,0.5,0.0,0.0,0.017848470009057288,11.73550899640347,9.494420545701429,strict_delta_max,2,cross_layer_handoff_executed
line-duel_DLGPR-full_seed0,0,DLGPR-full,line-duel,4,3,RL,4.0,1.3850999530404806,-0.04500000000000004,-0.04500000000000004,0.5,0.0,0.0,0.0,9.494420545701429,5.494420545701429,strict_delta_max,2,cross_layer_handoff_executed
line-duel_DLGPR-full_seed0,0,DLGPR-full,line-duel,4,4,PSO,3.273446207158177,0.672499998472631,-0.04500000000000004,-0.04500000000000004,0.5,0.0,0.0,0.01384721680897208,5.494420545701429,2.2209743385432517,strict_delta_max,1,cross_layer_handoff_executed
line-duel_DLGPR-full_seed0,0,DLGPR-full,line-duel,5,0,GA,1.4845392228082632,1.3461000053212047,-1.0750000000000002,-1.0750000000000002,0.0,0.0,0.21323386703010855,0.04178072954478957,16.0,14.515460777191738,strict_delta_max,1,cross_layer_handoff_executed
line-duel_DLGPR-full_seed0,0,DLGPR-full,line-duel,5,1,PSO,1.1512280172138347,1.0203999700024724,-0.04500000000000004,-0.04500000000000004,0.5,0.0,0.0,0.0891110456950775,14.515460777191738,13.364232759977902,strict_delta_max,1,cross_layer_handoff_executed
line-duel_DLGPR-full_seed0,0,DLGPR-full,line-duel,5,2,RL,1.6048667565465975,1.1361000360921025,-0.04500000000000004,-0.04500000000000004,0.5,0.0,0.0,1.2835956577683574,13.364232759977902,11.759366003431305,strict_delta_max,2,cross_layer_handoff_executed
line-duel_DLGPR-full_seed0,0,DLGPR-full,line-duel,5,3,RL,3.6004563198678188,1.131800003349781,-0.04500000000000004,-0.04500000000000004,0.5,0.0,0.0,0.0,11.759366003431305,8.158909683563486,strict_delta_max,2,cross_layer_handoff_executed
line-duel_DLGPR-full_seed0,0,DLGPR-full,line-duel,5,4,RL,4.0,1.319900038652122,-0.04500000000000004,-0.04500000000000004,0.5,0.0,0.0,0.0,8.158909683563486,4.158909683563486,strict_delta_max,2,cross_layer_handoff_executed
line-duel_DLGPR-full_seed0,0,DLGPR-full,line-duel,5,5,RL,2.5709115009834522,1.0635999497026205,-0.04500000000000004,-0.04500000000000004,0.5,0.0,0.0,0.03500703931876781,4.158909683563486,1.587998182580034,strict_delta_max,2,cross_layer_handoff_executed
line-duel_DLGPR-full_seed1,1,DLGPR-full,line-duel,0,0,GA,2.9420915853436957,1.711699995212257,-1.04,-1.04,0.0,0.0,0.9222503083015591,0.04079385976487518,16.0,13.057908414656303,strict_delta_max,1,cross_layer_handoff_executed
line-duel_DLGPR-full_seed1,1,DLGPR-full,line-duel,0,1,PSO,1.0478464117356086,1.3153000036254525,-1.04,-1.04,0.0,0.0,0.0,0.07191417322099722,13.057908414656303,12.010062002920694,strict_delta_max,1,cross_layer_handoff_executed
line-duel_DLGPR-full_seed1,1,DLGPR-full,line-duel,0,2,RL,3.4847291488855876,2.215899992734194,-1.09,-1.09,0.0,0.0,0.0,0.0,12.010062002920694,8.525332854035106,strict_delta_max,2,cross_layer_handoff_executed
line-duel_DLGPR-full_seed1,1,DLGPR-full,line-duel,0,3,GA,3.3528046698476497,1.347400015220046,-1.04,-1.04,0.0,0.0,0.8604127127874946,0.02728321313387214,8.525332854035106,5.172528184187456,strict_delta_max,1,cross_layer_handoff_executed
line-duel_DLGPR-full_seed1,1,DLGPR-full,line-duel,0,4,GA,1.638230672215212,1.4747000532224774,-1.025,-1.025,0.0,0.009156219728029604,0.8233593182171755,0.06188131429757374,5.172528184187456,3.534297511972244,strict_delta_max,1,cross_layer_handoff_executed
line-duel_DLGPR-full_seed1,1,DLGPR-full,line-duel,1,0,GA,1.8560707346468086,1.3315000105649233,-1.04,-1.04,0.0,0.0,0.7942710361878224,0.05097401548252652,16.0,14.143929265353192,strict_delta_max,1,cross_layer_handoff_executed
line-duel_DLGPR-full_seed1,1,DLGPR-full,line-duel,1,1,PSO,1.5989983412568323,1.356000080704689,-1.04,-1.04,0.0,0.0,0.0,0.04597873008282046,14.143929265353192,12.54493092409636,strict_delta_max,1,cross_layer_handoff_executed
line-duel_DLGPR-full_seed1,1,DLGPR-full,line-duel,1,2,RL,2.4842817544531712,2.0221000304445624,-1.09,-1.09,0.0,0.0,0.0,0.0,12.54493092409636,10.060649169643188,strict_delta_max,2,cross_layer_handoff_executed
line-duel_DLGPR-full_seed1,1,DLGPR-full,line-duel,1,3,GA,1.2740862709207565,1.2596000451594591,-1.025,-1.025,0.0,0.0,0.811426320273675,0.0848809217119056,10.060649169643188,8.786562898722432,strict_delta_max,1,cross_layer_handoff_executed
line-duel_DLGPR-full_seed1,1,DLGPR-full,line-duel,1,4,GA,2.295424254752869,1.8254000460729003,-1.1,-1.1,0.0,0.0,0.811426320273675,0.03896196096866607,8.786562898722432,6.491138643969562,strict_delta_max,1,cross_layer_handoff_executed
line-duel_DLGPR-full_seed1,1,DLGPR-full,line-duel,1,5,GA,1.4622091409574793,1.5382999554276466,-1.025,-1.025,0.0,0.0,0.8045153749246977,0.0644780390896021,6.491138643969562,5.028929503012083,strict_delta_max,1,cross_layer_handoff_executed
line-duel_DLGPR-full_seed1,1,DLGPR-full,line-duel,1,6,GA,1.1112712499615598,1.915200031362474,-1.1,-1.1,0.0,0.0,0.8045153749246977,0.06952138950194953,5.028929503012083,3.9176582530505235,strict_delta_max,1,cross_layer_handoff_executed
line-duel_DLGPR-full_seed1,1,DLGPR-full,line-duel,2,0,GA,1.3667819998923796,1.323099946603179,-1.04,-1.04,0.0,0.0,0.8045153749246977,0.07886643858635216,16.0,14.63321800010762,strict_delta_max,1,cross_layer_handoff_executed
line-duel_DLGPR-full_seed1,1,DLGPR-full,line-duel,2,1,PSO,2.1142539369112967,1.44620006904006,-1.04,-1.04,0.0,0.0,0.0,0.02486019520039958,14.63321800010762,12.518964063196323,strict_delta_max,1,cross_layer_handoff_executed
line-duel_DLGPR-full_seed1,1,DLGPR-full,line-duel,2,2,RL,2.033175089520411,1.9186000572517514,-1.1,-1.1,0.0,0.0,0.0,0.009836831123441343,12.518964063196323,10.485788973675913,strict_delta_max,2,cross_layer_handoff_executed
line-duel_DLGPR-full_seed1,1,DLGPR-full,line-duel,2,3,RL,3.8410798650077282,2.274499973282218,-1.1,-1.1,0.0,0.0,0.0,0.5258937775291314,10.485788973675913,6.644709108668184,strict_delta_max,2,cross_layer_handoff_executed
line-duel_DLGPR-full_seed1,1,DLGPR-full,line-duel,2,4,RL,2.903152692923417,2.2490000119432807,-1.1,-1.1,0.0,0.0,0.0,0.0,6.644709108668184,3.7415564157447676,strict_delta_max,2,cross_layer_handoff_executed
line-duel_DLGPR-full_seed1,1,DLGPR-full,line-duel,3,0,GA,1.2702734265431785,1.5880001010373235,-1.085,-1.085,0.0,0.0,0.8045153749246977,0.08466836608520768,16.0,14.729726573456821,strict_delta_max,1,cross_layer_handoff_executed
line-duel_DLGPR-full_seed1,1,DLGPR-full,line-duel,3,1,PSO,1.9826985601795606,1.4319999609142542,-1.04,-1.04,0.0,0.0,0.0,0.036715602197063255,14.729726573456821,12.74702801327726,strict_delta_max,1,cross_layer_handoff_executed
line-duel_DLGPR-full_seed1,1,DLGPR-full,line-duel,3,2,RL,1.3757371872443243,2.272399957291782,-1.1,-1.1,0.0,0.0,0.0,0.0,12.74702801327726,11.371290826032936,strict_delta_max,2,cross_layer_handoff_executed
line-duel_DLGPR-full_seed1,1,DLGPR-full,line-duel,3,3,PSO,1.398281571053552,1.0843999916687608,-1.04,-1.04,0.0,0.0,0.0,0.028281059255010545,11.371290826032936,9.973009254979385,strict_delta_max,1,cross_layer_handoff_executed
line-duel_DLGPR-full_seed1,1,DLGPR-full,line-duel,3,4,RL,4.0,2.22100003156811,-1.1,-1.1,0.0,0.0,0.0,0.02250000000000002,9.973009254979385,5.9730092549793845,strict_delta_max,2,cross_layer_handoff_executed
line-duel_DLGPR-full_seed1,1,DLGPR-full,line-duel,3,5,PSO,1.2647844156663206,1.3707999605685472,-1.085,-1.085,0.0,0.0,0.0,0.05631701912905819,5.9730092549793845,4.708224839313064,strict_delta_max,1,cross_layer_handoff_executed
line-duel_DLGPR-full_seed1,1,DLGPR-full,line-duel,3,6,RL,2.3535683105057355,1.8589000683277845,-1.1,-1.1,0.0,0.0,0.0,0.0,4.708224839313064,2.3546565288073285,strict_delta_max,2,cross_layer_handoff_executed
line-duel_DLGPR-full_seed1,1,DLGPR-full,line-duel,4,0,GA,1.2606298109224618,1.2819000985473394,-1.04,-1.04,0.0,0.0,0.8045153749246977,0.061261744930356035,16.0,14.739370189077539,strict_delta_max,1,cross_layer_handoff_executed
line-duel_DLGPR-full_seed1,1,DLGPR-full,line-duel,4,1,PSO,1.0286259894933334,1.367200049571693,-1.04,-1.04,0.0,0.0,0.0,0.07129967215720666,14.739370189077539,13.710744199584205,strict_delta_max,1,cross_layer_handoff_executed
line-duel_DLGPR-full_seed1,1,DLGPR-full,line-duel,4,2,RL,1.9889566852666398,1.9622999243438244,-1.1,-1.1,0.0,0.0,0.0,0.0,13.710744199584205,11.721787514317565,strict_delta_max,2,cross_layer_handoff_executed
line-duel_DLGPR-full_seed1,1,DLGPR-full,line-duel,4,3,GA,1.242416073663715,1.3055999297648668,-1.04,-1.04,0.0,0.0,0.8045153749246977,0.07361658065036639,11.721787514317565,10.47937144065385,strict_delta_max,1,cross_layer_handoff_executed
line-duel_DLGPR-full_seed1,1,DLGPR-full,line-duel,4,4,GA,3.7620290637750373,1.5127999940887094,-1.04,-1.04,0.0,0.0,0.8045153749246977,0.020115211999863544,10.47937144065385,6.717342376878813,strict_delta_max,1,cross_layer_handoff_executed
line-duel_DLGPR-full_seed1,1,DLGPR-full,line-duel,4,5,GA,1.6848795370125407,1.571300090290606,-1.04,-1.04,0.0,0.0,0.8045153749246977,0.0619231517136667,6.717342376878813,5.032462839866272,strict_delta_max,1,cross_layer_handoff_executed
line-duel_DLGPR-full_seed1,1,DLGPR-full,line-duel,4,6,GA,1.5446306056057437,1.5943000325933099,-1.04,-1.04,0.0,0.0,0.8045153749246977,0.049083908478726235,5.032462839866272,3.4878322342605284,strict_delta_max,1,cross_layer_handoff_executed
line-duel_DLGPR-full_seed1,1,DLGPR-full,line-duel,5,0,GA,3.747897843299649,1.500300015322864,-1.085,-1.085,0.0,0.0,0.8045153749246977,0.01754505934882567,16.0,12.252102156700351,strict_delta_max,1,cross_layer_handoff_executed
line-duel_DLGPR-full_seed1,1,DLGPR-full,line-duel,5,1,PSO,3.379515104187929,1.3113000895828009,-1.04,-1.04,0.0,0.0,0.0,0.014147680968588018,12.252102156700351,8.872587052512422,strict_delta_max,1,cross_layer_handoff_executed
line-duel_DLGPR-full_seed1,1,DLGPR-full,line-duel,5,2,RL,4.0,1.8345999997109175,-1.1,-1.1,0.0,0.0,0.0,0.015000000000000013,8.872587052512422,4.872587052512422,strict_delta_max,2,cross_layer_handoff_executed
line-duel_DLGPR-full_seed1,1,DLGPR-full,line-duel,5,3,GA,2.2221103791898447,1.1755999876186252,-1.04,-1.04,0.0,0.0,0.8045153749246977,0.035959171671345325,4.872587052512422,2.6504766733225775,strict_delta_max,1,cross_layer_handoff_executed
line-duel_DLGPR-full_seed2,2,DLGPR-full,line-duel,0,0,GA,2.282163808635265,1.593099907040596,-0.0050000000000000044,-0.0050000000000000044,0.5,0.43818064076566016,0.8841395898889056,0.059171347775251876,16.0,13.717836191364736,strict_delta_max,1,cross_layer_handoff_executed
line-duel_DLGPR-full_seed2,2,DLGPR-full,line-duel,0,1,PSO,1.6878748875696683,1.45800004247576,-0.039999999999999925,-0.039999999999999925,0.5,0.0,0.0,0.05743481707658332,13.717836191364736,12.029961303795067,strict_delta_max,1,cross_layer_handoff_executed
line-duel_DLGPR-full_seed2,2,DLGPR-full,line-duel,0,2,RL,2.2195134993315166,1.964000053703785,-1.005,-1.005,0.0,0.0,0.0,0.0,12.029961303795067,9.81044780446355,strict_delta_max,2,cross_layer_handoff_executed
line-duel_DLGPR-full_seed2,2,DLGPR-full,line-duel,0,3,GA,2.5458951316609566,1.249199965968728,-1.03,-1.03,0.0,0.0,0.8205222274787475,0.035383290517440956,9.81044780446355,7.264552672802593,strict_delta_max,1,cross_layer_handoff_executed
line-duel_DLGPR-full_seed2,2,DLGPR-full,line-duel,0,4,GA,2.3246963811722035,1.3955000322312117,-1.005,-1.005,0.0,0.0,0.8180698351834279,0.04665933347019414,7.264552672802593,4.93985629163039,strict_delta_max,1,cross_layer_handoff_executed
line-duel_DLGPR-full_seed2,2,DLGPR-full,line-duel,0,5,GA,2.3598755340478395,1.4812999870628119,-1.0350000000000001,-1.0350000000000001,0.0,0.0,0.7613611695881136,0.0391291596246282,4.93985629163039,2.5799807575825504,strict_delta_max,1,cross_layer_handoff_executed
line-duel_DLGPR-full_seed2,2,DLGPR-full,line-duel,1,0,GA,1.2086574891905308,1.0363999754190445,-1.005,-1.005,0.0,0.0,0.7592924244178799,0.12162630563039699,16.0,14.79134251080947,strict_delta_max,1,cross_layer_handoff_executed
line-duel_DLGPR-full_seed2,2,DLGPR-full,line-duel,1,1,PSO,2.06699535658331,1.4070000033825636,-1.065,-1.065,0.0,0.0,0.0,0.0430475284667526,14.79134251080947,12.724347154226159,strict_delta_max,1,cross_layer_handoff_executed
line-duel_DLGPR-full_seed2,2,DLGPR-full,line-duel,1,2,RL,1.7643983574012985,1.49789999704808,-1.005,-1.005,0.0,0.0,0.0,0.01700296300671332,12.724347154226159,10.959948796824861,strict_delta_max,2,cross_layer_handoff_executed
line-duel_DLGPR-full_seed2,2,DLGPR-full,line-duel,1,3,GA,1.9829528616097105,0.865599955432117,-1.005,-1.005,0.0,0.0,0.7854011358791436,0.06869764206525425,10.959948796824861,8.97699593521515,strict_delta_max,1,cross_layer_handoff_executed
line-duel_DLGPR-full_seed2,2,DLGPR-full,line-duel,1,4,GA,1.442434316353863,1.1480000102892518,-1.005,-1.005,0.0,0.0,0.7854011358791436,0.07535552559031487,8.97699593521515,7.534561618861288,strict_delta_max,1,cross_layer_handoff_executed
line-duel_DLGPR-full_seed2,2,DLGPR-full,line-duel,1,5,GA,2.521811328448665,1.385499956086278,-1.03,-1.03,0.0,0.0,0.7854011358791436,0.04064897781052192,7.534561618861288,5.012750290412622,strict_delta_max,1,cross_layer_handoff_executed
line-duel_DLGPR-full_seed2,2,DLGPR-full,line-duel,1,6,GA,2.1442270521107663,1.2619000626727939,-1.005,-1.005,0.0,0.0,0.7854011358791436,0.03190811537367234,5.012750290412622,2.868523238301856,strict_delta_max,1,cross_layer_handoff_executed
line-duel_DLGPR-full_seed2,2,DLGPR-full,line-duel,2,0,GA,1.064796177993072,1.3122999807819724,-1.0699999999999998,-1.0699999999999998,0.0,0.0,0.7854011358791436,0.11901835271689302,16.0,14.935203822006928,strict_delta_max,1,cross_layer_handoff_executed
line-duel_DLGPR-full_seed2,2,DLGPR-full,line-duel,2,1,PSO,1.3771290083943135,1.1168000055477023,-1.005,-1.005,0.0,0.0,0.0,0.044992750620995045,14.935203822006928,13.558074813612615,strict_delta_max,1,cross_layer_handoff_executed
line-duel_DLGPR-full_seed2,2,DLGPR-full,line-duel,2,2,RL,3.5953849976114296,2.0043000113219023,-1.005,-1.005,0.0,0.0,0.0,0.0,13.558074813612615,9.962689816001186,strict_delta_max,2,cross_layer_handoff_executed
line-duel_DLGPR-full_seed2,2,DLGPR-full,line-duel,2,3,RL,2.572338258037487,1.1609999928623438,-1.005,-1.005,0.0,0.0,0.0,0.816377859108682,9.962689816001186,7.390351557963699,strict_delta_max,2,cross_layer_handoff_executed
line-duel_DLGPR-full_seed2,2,DLGPR-full,line-duel,2,4,RL,2.42325644664403,1.2345999712124467,-1.005,-1.005,0.0,0.0,0.0,0.0,7.390351557963699,4.967095111319669,strict_delta_max,2,cross_layer_handoff_executed
line-duel_DLGPR-full_seed2,2,DLGPR-full,line-duel,2,5,RL,2.263903697158875,1.151900039985776,-1.005,-1.005,0.0,0.0,0.0,0.9010984003251257,4.967095111319669,2.7031914141607936,strict_delta_max,2,cross_layer_handoff_executed
line-duel_DLGPR-full_seed2,2,DLGPR-full,line-duel,3,0,GA,1.4633125374020906,0.9682000381872058,-1.005,-1.005,0.0,0.0,0.7854011358791436,0.0630309197287557,16.0,14.536687462597909,strict_delta_max,1,cross_layer_handoff_executed
line-duel_DLGPR-full_seed2,2,DLGPR-full,line-duel,3,1,PSO,1.662211532432472,0.9761999826878309,0.025000000000000022,0.025000000000000022,0.5,0.01804824441092535,0.0,0.04658197073231616,14.536687462597909,12.874475930165437,strict_delta_max,1,cross_layer_handoff_executed
line-duel_DLGPR-full_seed2,2,DLGPR-full,line-duel,3,2,RL,2.3094493802157583,1.0797999566420913,-1.005,-1.005,0.0,0.0,0.0,0.0,12.874475930165437,10.565026549949678,strict_delta_max,2,cross_layer_handoff_executed
line-duel_DLGPR-full_seed2,2,DLGPR-full,line-duel,3,3,PSO,1.9969622450371765,0.9262000676244497,0.025000000000000022,0.025000000000000022,0.5,0.0,0.0,0.03726805989299237,10.565026549949678,8.568064304912502,strict_delta_max,1,cross_layer_handoff_executed
line-duel_DLGPR-full_seed2,2,DLGPR-full,line-duel,3,4,PSO,3.0500125149022383,0.8871000027284026,0.025000000000000022,0.025000000000000022,0.5,0.0,0.0,0.02145510391326231,8.568064304912502,5.518051790010263,strict_delta_max,1,cross_layer_handoff_executed
line-duel_DLGPR-full_seed2,2,DLGPR-full,line-duel,3,5,RL,2.5216477140141955,1.230600057169795,-1.005,-1.005,0.0,0.0,0.0,0.0,5.518051790010263,2.9964040759960677,strict_delta_max,2,cross_layer_handoff_executed
line-duel_DLGPR-full_seed2,2,DLGPR-full,line-duel,4,0,GA,3.925866692891881,0.8473999332636595,-1.005,-1.005,0.0,0.0,0.7854011358791436,0.023975793211130178,16.0,12.07413330710812,strict_delta_max,1,cross_layer_handoff_executed
line-duel_DLGPR-full_seed2,2,DLGPR-full,line-duel,4,1,PSO,2.3990542024603334,1.0819999733939767,-1.025,-1.025,0.0,0.0,0.0,0.028675921999542105,12.07413330710812,9.675079104647786,strict_delta_max,1,cross_layer_handoff_executed
line-duel_DLGPR-full_seed2,2,DLGPR-full,line-duel,4,2,RL,2.7802681759722954,1.0583000257611275,-1.005,-1.005,0.0,0.0,0.0,0.025177427344943142,9.675079104647786,6.89481092867549,strict_delta_max,2,cross_layer_handoff_executed
line-duel_DLGPR-full_seed2,2,DLGPR-full,line-duel,4,3,GA,3.761053913694059,0.5408000433817506,-1.005,-1.005,0.0,0.0,0.7854011358791436,0.029743053090620492,6.89481092867549,3.133757014981431,strict_delta_max,1,cross_layer_handoff_executed
line-duel_DLGPR-full_seed2,2,DLGPR-full,line-duel,5,0,GA,1.6085040429965571,0.6486000493168831,-1.005,-1.005,0.0,0.0,0.7854011358791436,0.05076391083963054,16.0,14.391495957003443,strict_delta_max,1,cross_layer_handoff_executed
line-duel_DLGPR-full_seed2,2,DLGPR-full,line-duel,5,1,PSO,1.4591623414047763,1.0692999931052327,-1.0,-1.0,0.0,0.0,0.0,0.0657184639891749,14.391495957003443,12.932333615598667,strict_delta_max,1,cross_layer_handoff_executed
line-duel_DLGPR-full_seed2,2,DLGPR-full,line-duel,5,2,RL,1.9154549509921983,1.5570999821648002,-1.005,-1.005,0.0,0.0,0.0,1.0493590564261652,12.932333615598667,11.01687866460647,strict_delta_max,2,cross_layer_handoff_executed
line-duel_DLGPR-full_seed2,2,DLGPR-full,line-duel,5,3,RL,1.678304543812618,1.766500063240528,-1.005,-1.005,0.0,0.0,0.0,0.0,11.01687866460647,9.33857412079385,strict_delta_max,2,cross_layer_handoff_executed
line-duel_DLGPR-full_seed2,2,DLGPR-full,line-duel,5,4,RL,2.1489456905040516,1.5365000581368804,-1.005,-1.005,0.0,0.0,0.0,0.0,9.33857412079385,7.189628430289799,strict_delta_max,2,cross_layer_handoff_executed
line-duel_DLGPR-full_seed2,2,DLGPR-full,line-duel,5,5,RL,2.5843259313831135,1.4687000075355172,-1.005,-1.005,0.0,0.0,0.0,0.03869480965447759,7.189628430289799,4.605302498906686,strict_delta_max,2,cross_layer_handoff_executed
line-duel_DLGPR-full_seed2,2,DLGPR-full,line-duel,5,6,RL,1.9380673820394458,1.574499998241663,-1.005,-1.005,0.0,0.0,0.0,0.0,4.605302498906686,2.66723511686724,strict_delta_max,2,cross_layer_handoff_executed
line-duel_fixed-split_seed0,0,fixed-split,line-duel,0,0,GA,1.6893344512949398,1.6966999974101782,-1.0350000000000001,-1.0350000000000001,0.0,0.0,0.8116122098641232,0.0646168400523651,16.0,14.31066554870506,strict_delta_max,1,cross_layer_handoff_executed
line-duel_fixed-split_seed0,0,fixed-split,line-duel,0,1,PSO,1.20651110410417,1.1680999305099249,-1.04,-1.04,0.0,0.0,0.0,0.07826905056619649,14.31066554870506,13.10415444460089,strict_delta_max,1,cross_layer_handoff_executed
line-duel_fixed-split_seed0,0,fixed-split,line-duel,0,2,RL,4.0,1.6365000046789646,-0.04500000000000004,-0.04500000000000004,0.5,0.24750000000000003,0.0,0.0,13.10415444460089,9.10415444460089,strict_delta_max,2,cross_layer_handoff_executed
line-duel_fixed-split_seed0,0,fixed-split,line-duel,0,3,GA,3.523322366777626,1.1434999760240316,-1.0350000000000001,-1.0350000000000001,0.0,0.0,0.7735835699401835,0.032048148152888374,9.10415444460089,5.580832077823265,strict_delta_max,1,cross_layer_handoff_executed
line-duel_fixed-split_seed0,0,fixed-split,line-duel,0,4,PSO,2.703496397418464,1.3522999361157417,-0.04500000000000004,-0.04500000000000004,0.5,0.0,0.0,0.04239642359119411,5.580832077823265,2.8773356804048014,strict_delta_max,1,cross_layer_handoff_executed
line-duel_fixed-split_seed0,0,fixed-split,line-duel,1,0,RL,2.243997127921444,2.1095999982208014,-0.04500000000000004,-0.04500000000000004,0.5,0.0,0.0,0.0,16.0,13.756002872078556,strict_delta_max,2,cross_layer_handoff_executed
line-duel_fixed-split_seed0,0,fixed-split,line-duel,1,1,GA,3.924209213763715,1.2552000116556883,-1.08,-1.08,0.0,0.0,0.7403203080779661,0.01411084932269532,13.756002872078556,9.83179365831484,strict_delta_max,1,cross_layer_handoff_executed
line-duel_fixed-split_seed0,0,fixed-split,line-duel,1,2,PSO,2.361335149931503,1.2935999548062682,-0.04500000000000004,-0.04500000000000004,0.5,0.0,0.0,0.0440728624036507,9.83179365831484,7.470458508383337,strict_delta_max,1,cross_layer_handoff_executed
line-duel_fixed-split_seed0,0,fixed-split,line-duel,1,3,RL,1.411636959521183,1.3638000236824155,-0.04500000000000004,-0.04500000000000004,0.5,0.0,0.0,1.4663826885788886,7.470458508383337,6.058821548862154,strict_delta_max,2,cross_layer_handoff_executed
line-duel_fixed-split_seed0,0,fixed-split,line-duel,1,4,GA,2.654586248440353,1.2947000795975327,-1.0350000000000001,-1.0350000000000001,0.0,0.0,0.6490609342461647,0.034627087082184475,6.058821548862154,3.404235300421801,strict_delta_max,1,cross_layer_handoff_executed
line-duel_fixed-split_seed0,0,fixed-split,line-duel,2,0,PSO,1.20081091851997,1.0807000799104571,-0.04500000000000004,-0.04500000000000004,0.5,0.0,0.0,0.0725800156241015,16.0,14.79918908148003,strict_delta_max,1,cross_layer_handoff_executed
line-duel_fixed-split_seed0,0,fixed-split,line-duel,2,1,RL,4.0,1.3574000913649797,-0.04500000000000004,-0.04500000000000004,0.5,0.0,0.0,0.0,14.79918908148003,10.79918908148003,strict_delta_max,2,cross_layer_handoff_executed
line-duel_fixed-split_seed0,0,fixed-split,line-duel,2,2,GA,2.097532685563981,0.9387999307364225,-1.04,-1.04,0.0,0.0,0.5671891136379335,0.03020290659132687,10.79918908148003,8.70165639591605,strict_delta_max,1,cross_layer_handoff_executed
line-duel_fixed-split_seed0,0,fixed-split,line-duel,2,3,PSO,2.53756010606733,1.323699951171875,-0.04500000000000004,-0.04500000000000004,0.5,0.0,0.0,0.02995867107179076,8.70165639591605,6.16409628984872,strict_delta_max,1,cross_layer_handoff_executed
line-duel_fixed-split_seed0,0,fixed-split,line-duel,2,4,RL,2.8205132788370633,1.5228999545797706,-0.04500000000000004,-0.04500000000000004,0.5,0.0,0.0,0.0,6.16409628984872,3.3435830110116567,strict_delta_max,2,cross_layer_handoff_executed
line-duel_fixed-split_seed0,0,fixed-split,line-duel,3,0,GA,2.0990268401584924,1.2255000183358788,-0.04500000000000004,-0.04500000000000004,0.5,0.0,0.44437913161737186,0.025131603009612074,16.0,13.900973159841508,strict_delta_max,1,cross_layer_handoff_executed
line-duel_fixed-split_seed0,0,fixed-split,line-duel,3,1,PSO,1.0399865744093875,1.2617999454960227,-0.04500000000000004,-0.04500000000000004,0.5,0.0,0.0,0.08309780309268605,13.900973159841508,12.86098658543212,strict_delta_max,1,cross_layer_handoff_executed
line-duel_fixed-split_seed0,0,fixed-split,line-duel,3,2,RL,2.379883104191103,1.655799918808043,-0.04500000000000004,-0.04500000000000004,0.5,0.0,0.0,0.0,12.86098658543212,10.481103481241016,strict_delta_max,2,cross_layer_handoff_executed
line-duel_fixed-split_seed0,0,fixed-split,line-duel,3,3,GA,2.548029451099217,1.0843999916687608,-1.0350000000000001,-1.0350000000000001,0.0,0.0,0.4028031910196516,0.018714036830088574,10.481103481241016,7.933074030141799,strict_delta_max,1,cross_layer_handoff_executed
line-duel_fixed-split_seed0,0,fixed-split,line-duel,3,4,PSO,2.8847966278489108,1.3880999758839607,-0.04500000000000004,-0.04500000000000004,0.5,0.0,0.0,0.01915967463226501,7.933074030141799,5.048277402292888,strict_delta_max,1,cross_layer_handoff_executed
line-duel_fixed-split_seed0,0,fixed-split,line-duel,3,5,RL,2.4922441904741928,1.531599904410541,-0.04500000000000004,-0.04500000000000004,0.5,0.0,0.0,0.0,5.048277402292888,2.556033211818695,strict_delta_max,2,cross_layer_handoff_executed
line-duel_fixed-split_seed0,0,fixed-split,line-duel,4,0,GA,1.786591104312534,1.146299997344613,-0.04500000000000004,-0.04500000000000004,0.5,0.0,0.2932153999852377,0.02894146878802346,16.0,14.213408895687467,strict_delta_max,1,cross_layer_handoff_executed
line-duel_fixed-split_seed0,0,fixed-split,line-duel,4,1,PSO,1.0,1.3869000831618905,-0.04500000000000004,-0.04500000000000004,0.5,0.0,0.0,0.050697307113666934,14.213408895687467,13.213408895687467,strict_delta_max,1,cross_layer_handoff_executed
line-duel_fixed-split_seed0,0,fixed-split,line-duel,4,2,RL,2.1289674854272405,1.6322999726980925,-0.04500000000000004,-0.04500000000000004,0.5,0.0,0.0,0.018788450398514588,13.213408895687467,11.084441410260226,strict_delta_max,2,cross_layer_handoff_executed
line-duel_fixed-split_seed0,0,fixed-split,line-duel,4,3,GA,1.1363288563976364,1.27880007494241,-0.04500000000000004,-0.04500000000000004,0.5,0.0,0.16492998018967,0.047726301665997437,11.084441410260226,9.94811255386259,strict_delta_max,1,cross_layer_handoff_executed
line-duel_fixed-split_seed0,0,fixed-split,line-duel,4,4,PSO,2.37566668731714,1.3037000317126513,-0.04500000000000004,-0.04500000000000004,0.5,0.0,0.0,0.04213595726220504,9.94811255386259,7.57244586654545,strict_delta_max,1,cross_layer_handoff_executed
line-duel_fixed-split_seed0,0,fixed-split,line-duel,4,5,RL,1.7364855485135349,2.2814000258222222,-0.04500000000000004,-0.04500000000000004,0.5,0.0,0.0,1.1459928369133152,7.57244586654545,5.835960318031915,strict_delta_max,2,cross_layer_handoff_executed
line-duel_fixed-split_seed0,0,fixed-split,line-duel,4,6,GA,1.2891509851708727,1.12770008854568,-0.04500000000000004,-0.04500000000000004,0.5,0.0,0.16492998018967,0.042351749416161114,5.835960318031915,4.5468093328610415,strict_delta_max,1,cross_layer_handoff_executed
line-duel_fixed-split_seed0,0,fixed-split,line-duel,4,7,PSO,2.9397033454976556,1.409500022418797,-0.04500000000000004,-0.04500000000000004,0.5,0.0,0.0,0.03158555187092455,4.5468093328610415,1.607105987363386,strict_delta_max,1,cross_layer_handoff_executed
line-duel_fixed-split_seed0,0,fixed-split,line-duel,5,0,RL,2.5002734324824254,2.0676000276580453,-0.04500000000000004,-0.04500000000000004,0.5,0.0,0.0,0.0,16.0,13.499726567517575,strict_delta_max,2,cross_layer_handoff_executed
line-duel_fixed-split_seed0,0,fixed-split,line-duel,5,1,GA,1.37837716363411,0.9259999496862292,-1.04,-1.04,0.0,0.0,0.16492998018967,0.04223734662455496,13.499726567517575,12.121349403883466,strict_delta_max,1,cross_layer_handoff_executed
line-duel_fixed-split_seed0,0,fixed-split,line-duel,5,2,PSO,1.6051348264760161,1.3844999484717846,-0.04500000000000004,-0.04500000000000004,0.5,0.0,0.0,0.05992598055783183,12.121349403883466,10.51621457740745,strict_delta_max,1,cross_layer_handoff_executed
line-duel_fixed-split_seed0,0,fixed-split,line-duel,5,3,RL,3.414043272029419,1.5063000610098243,-0.04500000000000004,-0.04500000000000004,0.5,0.0,0.0,0.0,10.51621457740745,7.102171305378031,strict_delta_max,2,cross_layer_handoff_executed
line-duel_fixed-split_seed0,0,fixed-split,line-duel,5,4,GA,1.5058339404330447,1.0954999597743154,-0.04500000000000004,-0.04500000000000004,0.5,0.0,0.16492998018967,0.036859923516276524,7.102171305378031,5.596337364944986,strict_delta_max,1,cross_layer_handoff_executed
line-duel_fixed-split_seed0,0,fixed-split,line-duel,5,5,PSO,1.7269256370131338,1.3139999937266111,-0.04500000000000004,-0.04500000000000004,0.5,0.0,0.0,0.045035460323613996,5.596337364944986,3.8694117279318525,strict_delta_max,1,cross_layer_handoff_executed
line-duel_fixed-split_seed1,1,fixed-split,line-duel,0,0,GA,2.9420915853436957,1.9639999372884631,-1.04,-1.04,0.0,0.0,0.9222503083015591,0.04079385976487518,16.0,13.057908414656303,strict_delta_max,1,cross_layer_handoff_executed
line-duel_fixed-split_seed1,1,fixed-split,line-duel,0,1,PSO,1.0478464117356086,1.815600087866187,-1.04,-1.04,0.0,0.0,0.0,0.07191417322099722,13.057908414656303,12.010062002920694,strict_delta_max,1,cross_layer_handoff_executed
line-duel_fixed-split_seed1,1,fixed-split,line-duel,0,2,RL,3.4847291488855876,3.308200044557452,-1.09,-1.09,0.0,0.0,0.0,0.0,12.010062002920694,8.525332854035106,strict_delta_max,2,cross_layer_handoff_executed
line-duel_fixed-split_seed1,1,fixed-split,line-duel,0,3,GA,3.3528046698476497,1.3417000882327557,-1.04,-1.04,0.0,0.0,0.8604127127874946,0.02728321313387214,8.525332854035106,5.172528184187456,strict_delta_max,1,cross_layer_handoff_executed
line-duel_fixed-split_seed1,1,fixed-split,line-duel,0,4,PSO,1.9404049006445716,1.8553000409156084,-1.04,-1.04,0.0,0.0,0.0,0.03887761957055909,5.172528184187456,3.232123283542885,strict_delta_max,1,cross_layer_handoff_executed
line-duel_fixed-split_seed1,1,fixed-split,line-duel,1,0,RL,2.356833638214052,2.049400005489588,-1.1,-1.1,0.0,0.0,0.0,0.0,16.0,13.643166361785948,strict_delta_max,2,cross_layer_handoff_executed
line-duel_fixed-split_seed1,1,fixed-split,line-duel,1,1,GA,1.2301288423582677,1.303300028666854,-1.04,-1.04,0.0,0.0,0.7466681582587485,0.06933331817003638,13.643166361785948,12.41303751942768,strict_delta_max,1,cross_layer_handoff_executed
line-duel_fixed-split_seed1,1,fixed-split,line-duel,1,2,PSO,3.5970221928725903,1.3732999796047807,-1.04,-1.04,0.0,0.0,0.0,0.014690883826041203,12.41303751942768,8.81601532655509,strict_delta_max,1,cross_layer_handoff_executed
line-duel_fixed-split_seed1,1,fixed-split,line-duel,1,3,RL,2.5002169488126262,2.1044000750407577,-1.085,-1.085,0.0,0.0,0.0,0.003999652912019932,8.81601532655509,6.315798377742464,strict_delta_max,2,cross_layer_handoff_executed
line-duel_fixed-split_seed1,1,fixed-split,line-duel,1,4,GA,3.2810987394175073,1.1770999990403652,-1.04,-1.04,0.0,0.0,0.7772472685794287,0.029940224248226906,6.315798377742464,3.0346996383249567,strict_delta_max,1,cross_layer_handoff_executed
line-duel_fixed-split_seed1,1,fixed-split,line-duel,2,0,PSO,1.5431638380787298,1.2146999360993505,-1.04,-1.04,0.0,0.0,0.0,0.044503530208175546,16.0,14.45683616192127,strict_delta_max,1,cross_layer_handoff_executed
line-duel_fixed-split_seed1,1,fixed-split,line-duel,2,1,RL,1.4985815526474717,1.9249999895691872,-1.09,-1.09,0.0,0.0,0.0,1.3746332299104427,14.45683616192127,12.958254609273798,strict_delta_max,2,cross_layer_handoff_executed
line-duel_fixed-split_seed1,1,fixed-split,line-duel,2,2,GA,2.3690587219765002,1.4665999915450811,-1.1,-1.1,0.0,0.0,0.7772472685794287,0.0337426059274851,12.958254609273798,10.589195887297297,strict_delta_max,1,cross_layer_handoff_executed
line-duel_fixed-split_seed1,1,fixed-split,line-duel,2,3,PSO,1.1794597403482425,1.433399971574545,-1.04,-1.04,0.0,0.0,0.0,0.035562423372186514,10.589195887297297,9.409736146949054,strict_delta_max,1,cross_layer_handoff_executed
line-duel_fixed-split_seed1,1,fixed-split,line-duel,2,4,RL,4.0,2.284900052472949,-1.09,-1.09,0.0,0.0,0.0,0.0,9.409736146949054,5.409736146949054,strict_delta_max,2,cross_layer_handoff_executed
line-duel_fixed-split_seed1,1,fixed-split,line-duel,2,5,GA,2.523233103732615,1.2746000429615378,-1.04,-1.04,0.0,0.0,0.7725442157947201,0.022152318185992094,5.409736146949054,2.8865030432164396,strict_delta_max,1,cross_layer_handoff_executed
line-duel_fixed-split_seed1,1,fixed-split,line-duel,3,0,PSO,2.234397643984236,1.2727000284940004,-1.04,-1.04,0.0,0.0,0.0,0.03947618662227849,16.0,13.765602356015764,strict_delta_max,1,cross_layer_handoff_executed
line-duel_fixed-split_seed1,1,fixed-split,line-duel,3,1,RL,2.1309407510953635,1.9325000466778874,-1.1,-1.1,0.0,0.0,0.0,0.023463815206639902,13.765602356015764,11.6346616049204,strict_delta_max,2,cross_layer_handoff_executed
line-duel_fixed-split_seed1,1,fixed-split,line-duel,3,2,GA,1.2506701702221128,1.1768999975174665,-1.04,-1.04,0.0,0.0,0.7725442157947201,0.0960907719012553,11.6346616049204,10.383991434698286,strict_delta_max,1,cross_layer_handoff_executed
line-duel_fixed-split_seed1,1,fixed-split,line-duel,3,3,PSO,1.398281571053552,1.4090000186115503,-1.04,-1.04,0.0,0.0,0.0,0.05161909319758749,10.383991434698286,8.985709863644734,strict_delta_max,1,cross_layer_handoff_executed
line-duel_fixed-split_seed1,1,fixed-split,line-duel,3,4,RL,4.0,2.407599939033389,-1.09,-1.09,0.0,0.0,0.0,0.007500000000000007,8.985709863644734,4.985709863644734,strict_delta_max,2,cross_layer_handoff_executed
line-duel_fixed-split_seed1,1,fixed-split,line-duel,3,5,GA,1.5005308463978229,0.801699934527278,-1.04,-1.04,0.0,0.0,0.7725442157947201,0.06162370766996604,4.985709863644734,3.4851790172469115,strict_delta_max,1,cross_layer_handoff_executed
line-duel_fixed-split_seed1,1,fixed-split,line-duel,4,0,PSO,1.2857636617995334,0.7332999957725406,-1.04,-1.04,0.0,0.0,0.0,0.030033962493367535,16.0,14.714236338200466,strict_delta_max,1,cross_layer_handoff_executed
line-duel_fixed-split_seed1,1,fixed-split,line-duel,4,1,RL,2.30510724933007,0.9604999795556068,-1.04,-1.04,0.0,0.0,0.0,0.0,14.714236338200466,12.409129088870397,strict_delta_max,2,cross_layer_handoff_executed
line-duel_fixed-split_seed1,1,fixed-split,line-duel,4,2,GA,1.5873667572058012,0.8675999706611037,-1.085,-1.085,0.0,0.0,0.7725442157947201,0.06405065702522436,12.409129088870397,10.821762331664596,strict_delta_max,1,cross_layer_handoff_executed
line-duel_fixed-split_seed1,1,fixed-split,line-duel,4,3,PSO,3.055367210331745,1.1483000125735998,-1.04,-1.04,0.0,0.0,0.0,0.022715961939447776,10.821762331664596,7.766395121332851,strict_delta_max,1,cross_layer_handoff_executed
line-duel_fixed-split_seed1,1,fixed-split,line-duel,4,4,RL,1.3666576810300868,2.1303000394254923,-1.1,-1.1,0.0,0.0,0.0,1.5146441049083963,7.766395121332851,6.399737440302764,strict_delta_max,2,cross_layer_handoff_executed
line-duel_fixed-split_seed1,1,fixed-split,line-duel,4,5,GA,3.7620290637750373,1.2317999498918653,-1.04,-1.04,0.0,0.0,0.7725442157947201,0.021487804284518713,6.399737440302764,2.6377083765277267,strict_delta_max,1,cross_layer_handoff_executed
line-duel_fixed-split_seed1,1,fixed-split,line-duel,5,0,PSO,1.373567984883265,1.112000085413456,-1.04,-1.04,0.0,0.0,0.0,0.0442898465934053,16.0,14.626432015116736,strict_delta_max,1,cross_layer_handoff_executed
line-duel_fixed-split_seed1,1,fixed-split,line-duel,5,1,RL,4.0,2.2609999869018793,-1.1,-1.1,0.0,0.0,0.0,0.0,14.626432015116736,10.626432015116736,strict_delta_max,2,cross_layer_handoff_executed
line-duel_fixed-split_seed1,1,fixed-split,line-duel,5,2,GA,2.415819962862188,1.120499917306006,-1.04,-1.04,0.0,0.0,0.7725442157947201,0.027879026602420143,10.626432015116736,8.210612052254547,strict_delta_max,1,cross_layer_handoff_executed
line-duel_fixed-split_seed1,1,fixed-split,line-duel,5,3,PSO,2.4734668851403283,1.2502999743446708,-1.04,-1.04,0.0,0.0,0.0,0.03209500829799143,8.210612052254547,5.737145167114218,strict_delta_max,1,cross_layer_handoff_executed
line-duel_fixed-split_seed1,1,fixed-split,line-duel,5,4,RL,2.017131785699454,1.8906999612227082,-1.04,-1.04,0.0,0.0,0.0,0.0,5.737145167114218,3.7200133814147645,strict_delta_max,2,cross_layer_handoff_executed
line-duel_fixed-split_seed2,2,fixed-split,line-duel,0,0,GA,2.282163808635265,1.8597999587655067,-0.0050000000000000044,-0.0050000000000000044,0.5,0.43818064076566016,0.8841395898889056,0.059171347775251876,16.0,13.717836191364736,strict_delta_max,1,cross_layer_handoff_executed
line-duel_fixed-split_seed2,2,fixed-split,line-duel,0,1,PSO,1.6878748875696683,1.662100083194673,-0.039999999999999925,-0.039999999999999925,0.5,0.0,0.0,0.05743481707658332,13.717836191364736,12.029961303795067,strict_delta_max,1,cross_layer_handoff_executed
line-duel_fixed-split_seed2,2,fixed-split,line-duel,0,2,RL,2.2195134993315166,1.8069000216200948,-1.005,-1.005,0.0,0.0,0.0,0.0,12.029961303795067,9.81044780446355,strict_delta_max,2,cross_layer_handoff_executed
line-duel_fixed-split_seed2,2,fixed-split,line-duel,0,3,GA,2.5458951316609566,1.196799916215241,-1.03,-1.03,0.0,0.0,0.8205222274787475,0.035383290517440956,9.81044780446355,7.264552672802593,strict_delta_max,1,cross_layer_handoff_executed
line-duel_fixed-split_seed2,2,fixed-split,line-duel,0,4,PSO,2.130052285916131,1.510100089944899,-0.995,-0.995,0.0,0.0,0.0,0.037368985137760595,7.264552672802593,5.1345003868864625,strict_delta_max,1,cross_layer_handoff_executed
line-duel_fixed-split_seed2,2,fixed-split,line-duel,0,5,RL,4.0,2.074599964544177,-1.0150000000000001,-1.0150000000000001,0.0,0.0,0.0,0.0,5.1345003868864625,1.1345003868864625,strict_delta_max,2,cross_layer_handoff_executed
line-duel_fixed-split_seed2,2,fixed-split,line-duel,1,0,GA,2.4150323067393837,1.3604999985545874,-0.025000000000000022,-0.025000000000000022,0.5,0.0,0.7451024140204439,0.04215183245311486,16.0,13.584967693260616,strict_delta_max,1,cross_layer_handoff_executed
line-duel_fixed-split_seed2,2,fixed-split,line-duel,1,1,PSO,2.004153722654829,1.430800068192184,-0.039999999999999925,-0.039999999999999925,0.5,0.0,0.0,0.030642406765961982,13.584967693260616,11.580813970605787,strict_delta_max,1,cross_layer_handoff_executed
line-duel_fixed-split_seed2,2,fixed-split,line-duel,1,2,RL,2.045475539907869,1.9323000451549888,-1.02,-1.02,0.0,0.0,0.0,0.014666516130205727,11.580813970605787,9.535338430697918,strict_delta_max,2,cross_layer_handoff_executed
line-duel_fixed-split_seed2,2,fixed-split,line-duel,1,3,GA,2.689317696034336,1.2315999483689666,-0.025000000000000022,-0.025000000000000022,0.5,0.0,0.6858479521469404,0.03966767612242961,9.535338430697918,6.846020734663582,strict_delta_max,1,cross_layer_handoff_executed
line-duel_fixed-split_seed2,2,fixed-split,line-duel,1,4,PSO,2.079777602089377,1.147699891589582,0.025000000000000022,0.025000000000000022,0.5,0.014424619233259151,0.0,0.04232826919880885,6.846020734663582,4.766243132574205,strict_delta_max,1,cross_layer_handoff_executed
line-duel_fixed-split_seed2,2,fixed-split,line-duel,1,5,RL,2.2742440826800014,1.9100999925285578,-1.0150000000000001,-1.0150000000000001,0.0,0.0,0.0,0.0,4.766243132574205,2.4919990498942037,strict_delta_max,2,cross_layer_handoff_executed
line-duel_fixed-split_seed2,2,fixed-split,line-duel,2,0,GA,1.653990125779971,1.0240999981760979,-1.005,-1.005,0.0,0.0,0.7168907274086378,0.06819754099444528,16.0,14.346009874220028,strict_delta_max,1,cross_layer_handoff_executed
line-duel_fixed-split_seed2,2,fixed-split,line-duel,2,1,PSO,1.2126006187469156,0.9882000740617514,-1.005,-1.005,0.0,0.0,0.0,0.0792468200295538,14.346009874220028,13.133409255473113,strict_delta_max,1,cross_layer_handoff_executed
line-duel_fixed-split_seed2,2,fixed-split,line-duel,2,2,RL,3.2237143450462598,1.5881999861449003,-1.0,-1.0,0.0,0.0,0.0,0.01240804727672794,13.133409255473113,9.909694910426854,strict_delta_max,2,cross_layer_handoff_executed
line-duel_fixed-split_seed2,2,fixed-split,line-duel,2,3,GA,2.951792649727747,1.136499922722578,-0.0050000000000000044,-0.0050000000000000044,0.5,0.0,0.6986228367753551,0.036700909050571884,9.909694910426854,6.957902260699107,strict_delta_max,1,cross_layer_handoff_executed
line-duel_fixed-split_seed2,2,fixed-split,line-duel,2,4,PSO,1.9726544890718023,1.1247000657022,0.025000000000000022,0.025000000000000022,0.5,0.0,0.0,0.026453071635013713,6.957902260699107,4.985247771627305,strict_delta_max,1,cross_layer_handoff_executed
line-duel_fixed-split_seed2,2,fixed-split,line-duel,2,5,RL,4.0,2.040599938482046,-1.005,-1.005,0.0,0.0,0.0,0.4975,4.985247771627305,0.9852477716273054,strict_delta_max,2,cross_layer_handoff_executed
line-duel_fixed-split_seed2,2,fixed-split,line-duel,3,0,GA,1.7047239118650173,1.6823000041767955,-1.0699999999999998,-1.0699999999999998,0.0,0.0,0.6986228367753551,0.06688230310454468,16.0,14.295276088134983,strict_delta_max,1,cross_layer_handoff_executed
line-duel_fixed-split_seed2,2,fixed-split,line-duel,3,1,PSO,1.4175367443951943,1.3007000088691711,-1.0,-1.0,0.0,0.0,0.0,0.04198797662463175,14.295276088134983,12.877739343739789,strict_delta_max,1,cross_layer_handoff_executed
line-duel_fixed-split_seed2,2,fixed-split,line-duel,3,2,RL,2.1317991423535707,1.8411999335512519,-1.005,-1.005,0.0,0.0,0.0,0.03283611415788354,12.877739343739789,10.745940201386219,strict_delta_max,2,cross_layer_handoff_executed
line-duel_fixed-split_seed2,2,fixed-split,line-duel,3,3,GA,2.9993591848062944,1.2775000650435686,-0.039999999999999925,-0.039999999999999925,0.5,0.0,0.6865541737938474,0.03433576182646738,10.745940201386219,7.746581016579924,strict_delta_max,1,cross_layer_handoff_executed
line-duel_fixed-split_seed2,2,fixed-split,line-duel,3,4,PSO,3.1265044469543124,1.1118999682366848,0.025000000000000022,0.025000000000000022,0.5,0.0,0.0,0.02534377616124307,7.746581016579924,4.620076569625612,strict_delta_max,1,cross_layer_handoff_executed
line-duel_fixed-split_seed2,2,fixed-split,line-duel,3,5,RL,2.5106882039155964,1.8703000387176871,-1.005,-1.005,0.0,0.0,0.0,0.0,4.620076569625612,2.109388365710015,strict_delta_max,2,cross_layer_handoff_executed
line-duel_fixed-split_seed2,2,fixed-split,line-duel,4,0,GA,2.278068313357978,1.169899944216013,-1.005,-1.005,0.0,0.0,0.6865541737938474,0.03313891413554785,16.0,13.721931686642023,strict_delta_max,1,cross_layer_handoff_executed
line-duel_fixed-split_seed2,2,fixed-split,line-duel,4,1,PSO,2.677749376044401,1.1150999926030636,0.025000000000000022,0.025000000000000022,0.5,0.0,0.0,0.04347852359487389,13.721931686642023,11.044182310597622,strict_delta_max,1,cross_layer_handoff_executed
line-duel_fixed-split_seed2,2,fixed-split,line-duel,4,2,RL,1.4720122036609424,2.0457999780774117,-1.005,-1.005,0.0,0.0,0.0,0.0,11.044182310597622,9.57217010693668,strict_delta_max,2,cross_layer_handoff_executed
line-duel_fixed-split_seed2,2,fixed-split,line-duel,4,3,GA,1.5013716867526667,1.1625000042840838,-1.0350000000000001,-1.0350000000000001,0.0,0.0,0.6865541737938474,0.09298804867358942,9.57217010693668,8.070798420184014,strict_delta_max,1,cross_layer_handoff_executed
line-duel_fixed-split_seed2,2,fixed-split,line-duel,4,4,PSO,1.4307910429688628,1.164599903859198,0.025000000000000022,0.025000000000000022,0.5,0.0,0.0,0.09528095430894507,8.070798420184014,6.64000737721515,strict_delta_max,1,cross_layer_handoff_executed
line-duel_fixed-split_seed2,2,fixed-split,line-duel,4,5,RL,2.9762476836110316,1.6836000140756369,-1.005,-1.005,0.0,0.0,0.0,0.020159612498111323,6.64000737721515,3.663759693604119,strict_delta_max,2,cross_layer_handoff_executed
line-duel_fixed-split_seed2,2,fixed-split,line-duel,5,0,GA,2.463984622808558,1.526599982753396,-0.039999999999999925,-0.039999999999999925,0.5,0.0,0.692658370450033,0.03224008605510531,16.0,13.536015377191442,strict_delta_max,1,cross_layer_handoff_executed
line-duel_fixed-split_seed2,2,fixed-split,line-duel,5,1,PSO,1.3467604633095096,1.2673999881371856,0.025000000000000022,0.025000000000000022,0.5,0.0,0.0,0.09436792002165693,13.536015377191442,12.189254913881932,strict_delta_max,1,cross_layer_handoff_executed
line-duel_fixed-split_seed2,2,fixed-split,line-duel,5,2,RL,1.5765044508927364,1.6410999232903123,-1.005,-1.005,0.0,0.0,0.0,0.038058883986038544,12.189254913881932,10.612750462989196,strict_delta_max,2,cross_layer_handoff_executed
line-duel_fixed-split_seed2,2,fixed-split,line-duel,5,3,GA,2.935977182784148,1.1671000393107533,0.025000000000000022,0.025000000000000022,0.5,0.0,0.5829731609330029,0.031816515606654695,10.612750462989196,7.6767732802050475,strict_delta_max,1,cross_layer_handoff_executed
line-duel_fixed-split_seed2,2,fixed-split,line-duel,5,4,PSO,1.1101383335022357,1.4135000528767705,0.025000000000000022,0.025000000000000022,0.5,0.0,0.0,0.09139296612104834,7.6767732802050475,6.566634946702812,strict_delta_max,1,cross_layer_handoff_executed
line-duel_fixed-split_seed2,2,fixed-split,line-duel,5,5,RL,2.5937969268144236,1.5248999698087573,-1.005,-1.005,0.0,0.0,0.0,0.0,6.566634946702812,3.972838019888388,strict_delta_max,2,cross_layer_handoff_executed
line-duel_round-robin_seed0,0,round-robin,line-duel,0,0,GA,1.6893344512949398,1.6645999858155847,-1.0350000000000001,-1.0350000000000001,0.0,0.0,0.8116122098641232,0.0646168400523651,16.0,14.31066554870506,strict_delta_max,1,cross_layer_handoff_executed
line-duel_round-robin_seed0,0,round-robin,line-duel,0,1,PSO,1.20651110410417,1.114899991080165,-1.04,-1.04,0.0,0.0,0.0,0.07826905056619649,14.31066554870506,13.10415444460089,strict_delta_max,1,cross_layer_handoff_executed
line-duel_round-robin_seed0,0,round-robin,line-duel,0,2,RL,4.0,1.6675000078976154,-0.04500000000000004,-0.04500000000000004,0.5,0.24750000000000003,0.0,0.0,13.10415444460089,9.10415444460089,strict_delta_max,2,cross_layer_handoff_executed
line-duel_round-robin_seed0,0,round-robin,line-duel,0,3,GA,3.523322366777626,1.146599999628961,-1.0350000000000001,-1.0350000000000001,0.0,0.0,0.7735835699401835,0.032048148152888374,9.10415444460089,5.580832077823265,strict_delta_max,1,cross_layer_handoff_executed
line-duel_round-robin_seed0,0,round-robin,line-duel,0,4,PSO,2.703496397418464,1.29060004837811,-0.04500000000000004,-0.04500000000000004,0.5,0.0,0.0,0.04239642359119411,5.580832077823265,2.8773356804048014,strict_delta_max,1,cross_layer_handoff_executed
line-duel_round-robin_seed0,0,round-robin,line-duel,1,0,RL,2.243997127921444,2.4356000358238816,-0.04500000000000004,-0.04500000000000004,0.5,0.0,0.0,0.0,16.0,13.756002872078556,strict_delta_max,2,cross_layer_handoff_executed
line-duel_round-robin_seed0,0,round-robin,line-duel,1,1,GA,3.924209213763715,1.3171000173315406,-1.08,-1.08,0.0,0.0,0.7403203080779661,0.01411084932269532,13.756002872078556,9.83179365831484,strict_delta_max,1,cross_layer_handoff_executed
line-duel_round-robin_seed0,0,round-robin,line-duel,1,2,PSO,2.361335149931503,1.2159000616520643,-0.04500000000000004,-0.04500000000000004,0.5,0.0,0.0,0.0440728624036507,9.83179365831484,7.470458508383337,strict_delta_max,1,cross_layer_handoff_executed
line-duel_round-robin_seed0,0,round-robin,line-duel,1,3,RL,1.411636959521183,1.3992000604048371,-0.04500000000000004,-0.04500000000000004,0.5,0.0,0.0,1.4663826885788886,7.470458508383337,6.058821548862154,strict_delta_max,2,cross_layer_handoff_executed
line-duel_round-robin_seed0,0,round-robin,line-duel,1,4,GA,2.654586248440353,1.216700067743659,-1.0350000000000001,-1.0350000000000001,0.0,0.0,0.6490609342461647,0.034627087082184475,6.058821548862154,3.404235300421801,strict_delta_max,1,cross_layer_handoff_executed
line-duel_round-robin_seed0,0,round-robin,line-duel,2,0,PSO,1.20081091851997,1.2431000359356403,-0.04500000000000004,-0.04500000000000004,0.5,0.0,0.0,0.0725800156241015,16.0,14.79918908148003,strict_delta_max,1,cross_layer_handoff_executed
line-duel_round-robin_seed0,0,round-robin,line-duel,2,1,RL,4.0,1.3661000411957502,-0.04500000000000004,-0.04500000000000004,0.5,0.0,0.0,0.0,14.79918908148003,10.79918908148003,strict_delta_max,2,cross_layer_handoff_executed
line-duel_round-robin_seed0,0,round-robin,line-duel,2,2,GA,2.097532685563981,0.9723999537527561,-1.04,-1.04,0.0,0.0,0.5671891136379335,0.03020290659132687,10.79918908148003,8.70165639591605,strict_delta_max,1,cross_layer_handoff_executed
line-duel_round-robin_seed0,0,round-robin,line-duel,2,3,PSO,2.53756010606733,1.4807999832555652,-0.04500000000000004,-0.04500000000000004,0.5,0.0,0.0,0.02995867107179076,8.70165639591605,6.16409628984872,strict_delta_max,1,cross_layer_handoff_executed
line-duel_round-robin_seed0,0,round-robin,line-duel,2,4,RL,2.8205132788370633,1.4592999359592795,-0.04500000000000004,-0.04500000000000004,0.5,0.0,0.0,0.0,6.16409628984872,3.3435830110116567,strict_delta_max,2,cross_layer_handoff_executed
line-duel_round-robin_seed0,0,round-robin,line-duel,3,0,GA,2.0990268401584924,1.1248999508097768,-0.04500000000000004,-0.04500000000000004,0.5,0.0,0.44437913161737186,0.025131603009612074,16.0,13.900973159841508,strict_delta_max,1,cross_layer_handoff_executed
line-duel_round-robin_seed0,0,round-robin,line-duel,3,1,PSO,1.0399865744093875,1.3075999449938536,-0.04500000000000004,-0.04500000000000004,0.5,0.0,0.0,0.08309780309268605,13.900973159841508,12.86098658543212,strict_delta_max,1,cross_layer_handoff_executed
line-duel_round-robin_seed0,0,round-robin,line-duel,3,2,RL,2.379883104191103,1.5017000259831548,-0.04500000000000004,-0.04500000000000004,0.5,0.0,0.0,0.0,12.86098658543212,10.481103481241016,strict_delta_max,2,cross_layer_handoff_executed
line-duel_round-robin_seed0,0,round-robin,line-duel,3,3,GA,2.548029451099217,1.1529000476002693,-1.0350000000000001,-1.0350000000000001,0.0,0.0,0.4028031910196516,0.018714036830088574,10.481103481241016,7.933074030141799,strict_delta_max,1,cross_layer_handoff_executed
line-duel_round-robin_seed0,0,round-robin,line-duel,3,4,PSO,2.8847966278489108,1.2978999875485897,-0.04500000000000004,-0.04500000000000004,0.5,0.0,0.0,0.01915967463226501,7.933074030141799,5.048277402292888,strict_delta_max,1,cross_layer_handoff_executed
line-duel_round-robin_seed0,0,round-robin,line-duel,3,5,RL,2.4922441904741928,1.348000019788742,-0.04500000000000004,-0.04500000000000004,0.5,0.0,0.0,0.0,5.048277402292888,2.556033211818695,strict_delta_max,2,cross_layer_handoff_executed
line-duel_round-robin_seed0,0,round-robin,line-duel,4,0,GA,1.786591104312534,1.2613000581040978,-0.04500000000000004,-0.04500000000000004,0.5,0.0,0.2932153999852377,0.02894146878802346,16.0,14.213408895687467,strict_delta_max,1,cross_layer_handoff_executed
line-duel_round-robin_seed0,0,round-robin,line-duel,4,1,PSO,1.0,1.2786999577656388,-0.04500000000000004,-0.04500000000000004,0.5,0.0,0.0,0.050697307113666934,14.213408895687467,13.213408895687467,strict_delta_max,1,cross_layer_handoff_executed
line-duel_round-robin_seed0,0,round-robin,line-duel,4,2,RL,2.1289674854272405,1.716099912300706,-0.04500000000000004,-0.04500000000000004,0.5,0.0,0.0,0.018788450398514588,13.213408895687467,11.084441410260226,strict_delta_max,2,cross_layer_handoff_executed
line-duel_round-robin_seed0,0,round-robin,line-duel,4,3,GA,1.1363288563976364,1.0807000799104571,-0.04500000000000004,-0.04500000000000004,0.5,0.0,0.16492998018967,0.047726301665997437,11.084441410260226,9.94811255386259,strict_delta_max,1,cross_layer_handoff_executed
line-duel_round-robin_seed0,0,round-robin,line-duel,4,4,PSO,2.37566668731714,1.1283999774605036,-0.04500000000000004,-0.04500000000000004,0.5,0.0,0.0,0.04213595726220504,9.94811255386259,7.57244586654545,strict_delta_max,1,cross_layer_handoff_executed
line-duel_round-robin_seed0,0,round-robin,line-duel,4,5,RL,1.7364855485135349,2.0428000716492534,-0.04500000000000004,-0.04500000000000004,0.5,0.0,0.0,1.1459928369133152,7.57244586654545,5.835960318031915,strict_delta_max,2,cross_layer_handoff_executed
line-duel_round-robin_seed0,0,round-robin,line-duel,4,6,GA,1.2891509851708727,1.2538000009953976,-0.04500000000000004,-0.04500000000000004,0.5,0.0,0.16492998018967,0.042351749416161114,5.835960318031915,4.5468093328610415,strict_delta_max,1,cross_layer_handoff_executed
line-duel_round-robin_seed0,0,round-robin,line-duel,4,7,PSO,2.9397033454976556,1.1810000287368894,-0.04500000000000004,-0.04500000000000004,0.5,0.0,0.0,0.03158555187092455,4.5468093328610415,1.607105987363386,strict_delta_max,1,cross_layer_handoff_executed
line-duel_round-robin_seed0,0,round-robin,line-duel,5,0,RL,2.5002734324824254,1.937400083988905,-0.04500000000000004,-0.04500000000000004,0.5,0.0,0.0,0.0,16.0,13.499726567517575,strict_delta_max,2,cross_layer_handoff_executed
line-duel_round-robin_seed0,0,round-robin,line-duel,5,1,GA,1.37837716363411,1.007299986667931,-1.04,-1.04,0.0,0.0,0.16492998018967,0.04223734662455496,13.499726567517575,12.121349403883466,strict_delta_max,1,cross_layer_handoff_executed
line-duel_round-robin_seed0,0,round-robin,line-duel,5,2,PSO,1.6051348264760161,1.4816999901086092,-0.04500000000000004,-0.04500000000000004,0.5,0.0,0.0,0.05992598055783183,12.121349403883466,10.51621457740745,strict_delta_max,1,cross_layer_handoff_executed
line-duel_round-robin_seed0,0,round-robin,line-duel,5,3,RL,3.414043272029419,1.463599968701601,-0.04500000000000004,-0.04500000000000004,0.5,0.0,0.0,0.0,10.51621457740745,7.102171305378031,strict_delta_max,2,cross_layer_handoff_executed
line-duel_round-robin_seed0,0,round-robin,line-duel,5,4,GA,1.5058339404330447,1.0726000182330608,-0.04500000000000004,-0.04500000000000004,0.5,0.0,0.16492998018967,0.036859923516276524,7.102171305378031,5.596337364944986,strict_delta_max,1,cross_layer_handoff_executed
line-duel_round-robin_seed0,0,round-robin,line-duel,5,5,PSO,1.7269256370131338,1.3162000104784966,-0.04500000000000004,-0.04500000000000004,0.5,0.0,0.0,0.045035460323613996,5.596337364944986,3.8694117279318525,strict_delta_max,1,cross_layer_handoff_executed
line-duel_round-robin_seed1,1,round-robin,line-duel,0,0,GA,2.9420915853436957,1.5806000446900725,-1.04,-1.04,0.0,0.0,0.9222503083015591,0.04079385976487518,16.0,13.057908414656303,strict_delta_max,1,cross_layer_handoff_executed
line-duel_round-robin_seed1,1,round-robin,line-duel,0,1,PSO,1.0478464117356086,1.3546000700443983,-1.04,-1.04,0.0,0.0,0.0,0.07191417322099722,13.057908414656303,12.010062002920694,strict_delta_max,1,cross_layer_handoff_executed
line-duel_round-robin_seed1,1,round-robin,line-duel,0,2,RL,3.4847291488855876,2.1304000401869416,-1.09,-1.09,0.0,0.0,0.0,0.0,12.010062002920694,8.525332854035106,strict_delta_max,2,cross_layer_handoff_executed
line-duel_round-robin_seed1,1,round-robin,line-duel,0,3,GA,3.3528046698476497,1.4983000000938773,-1.04,-1.04,0.0,0.0,0.8604127127874946,0.02728321313387214,8.525332854035106,5.172528184187456,strict_delta_max,1,cross_layer_handoff_executed
line-duel_round-robin_seed1,1,round-robin,line-duel,0,4,PSO,1.9404049006445716,1.460899948142469,-1.04,-1.04,0.0,0.0,0.0,0.03887761957055909,5.172528184187456,3.232123283542885,strict_delta_max,1,cross_layer_handoff_executed
line-duel_round-robin_seed1,1,round-robin,line-duel,1,0,RL,2.356833638214052,2.162800054065883,-1.1,-1.1,0.0,0.0,0.0,0.0,16.0,13.643166361785948,strict_delta_max,2,cross_layer_handoff_executed
line-duel_round-robin_seed1,1,round-robin,line-duel,1,1,GA,1.2301288423582677,1.1720000766217709,-1.04,-1.04,0.0,0.0,0.7466681582587485,0.06933331817003638,13.643166361785948,12.41303751942768,strict_delta_max,1,cross_layer_handoff_executed
line-duel_round-robin_seed1,1,round-robin,line-duel,1,2,PSO,3.5970221928725903,1.3415999710559845,-1.04,-1.04,0.0,0.0,0.0,0.014690883826041203,12.41303751942768,8.81601532655509,strict_delta_max,1,cross_layer_handoff_executed
line-duel_round-robin_seed1,1,round-robin,line-duel,1,3,RL,2.5002169488126262,1.9610000308603048,-1.085,-1.085,0.0,0.0,0.0,0.003999652912019932,8.81601532655509,6.315798377742464,strict_delta_max,2,cross_layer_handoff_executed
line-duel_round-robin_seed1,1,round-robin,line-duel,1,4,GA,3.2810987394175073,1.2314000632613897,-1.04,-1.04,0.0,0.0,0.7772472685794287,0.029940224248226906,6.315798377742464,3.0346996383249567,strict_delta_max,1,cross_layer_handoff_executed
line-duel_round-robin_seed1,1,round-robin,line-duel,2,0,PSO,1.5431638380787298,1.2309999438002706,-1.04,-1.04,0.0,0.0,0.0,0.044503530208175546,16.0,14.45683616192127,strict_delta_max,1,cross_layer_handoff_executed
line-duel_round-robin_seed1,1,round-robin,line-duel,2,1,RL,1.4985815526474717,2.0025999983772635,-1.09,-1.09,0.0,0.0,0.0,1.3746332299104427,14.45683616192127,12.958254609273798,strict_delta_max,2,cross_layer_handoff_executed
line-duel_round-robin_seed1,1,round-robin,line-duel,2,2,GA,2.3690587219765002,1.6889999387785792,-1.1,-1.1,0.0,0.0,0.7772472685794287,0.0337426059274851,12.958254609273798,10.589195887297297,strict_delta_max,1,cross_layer_handoff_executed
line-duel_round-robin_seed1,1,round-robin,line-duel,2,3,PSO,1.1794597403482425,1.3421999756246805,-1.04,-1.04,0.0,0.0,0.0,0.035562423372186514,10.589195887297297,9.409736146949054,strict_delta_max,1,cross_layer_handoff_executed
line-duel_round-robin_seed1,1,round-robin,line-duel,2,4,RL,4.0,2.3626999463886023,-1.09,-1.09,0.0,0.0,0.0,0.0,9.409736146949054,5.409736146949054,strict_delta_max,2,cross_layer_handoff_executed
line-duel_round-robin_seed1,1,round-robin,line-duel,2,5,GA,2.523233103732615,1.2734000338241458,-1.04,-1.04,0.0,0.0,0.7725442157947201,0.022152318185992094,5.409736146949054,2.8865030432164396,strict_delta_max,1,cross_layer_handoff_executed
line-duel_round-robin_seed1,1,round-robin,line-duel,3,0,PSO,2.234397643984236,1.2348999734967947,-1.04,-1.04,0.0,0.0,0.0,0.03947618662227849,16.0,13.765602356015764,strict_delta_max,1,cross_layer_handoff_executed
line-duel_round-robin_seed1,1,round-robin,line-duel,3,1,RL,2.1309407510953635,1.9220000831410289,-1.1,-1.1,0.0,0.0,0.0,0.023463815206639902,13.765602356015764,11.6346616049204,strict_delta_max,2,cross_layer_handoff_executed
line-duel_round-robin_seed1,1,round-robin,line-duel,3,2,GA,1.2506701702221128,1.2253000168129802,-1.04,-1.04,0.0,0.0,0.7725442157947201,0.0960907719012553,11.6346616049204,10.383991434698286,strict_delta_max,1,cross_layer_handoff_executed
line-duel_round-robin_seed1,1,round-robin,line-duel,3,3,PSO,1.398281571053552,1.384599949233234,-1.04,-1.04,0.0,0.0,0.0,0.05161909319758749,10.383991434698286,8.985709863644734,strict_delta_max,1,cross_layer_handoff_executed
line-duel_round-robin_seed1,1,round-robin,line-duel,3,4,RL,4.0,2.2561000660061836,-1.09,-1.09,0.0,0.0,0.0,0.007500000000000007,8.985709863644734,4.985709863644734,strict_delta_max,2,cross_layer_handoff_executed
line-duel_round-robin_seed1,1,round-robin,line-duel,3,5,GA,1.5005308463978229,1.2281000381335616,-1.04,-1.04,0.0,0.0,0.7725442157947201,0.06162370766996604,4.985709863644734,3.4851790172469115,strict_delta_max,1,cross_layer_handoff_executed
line-duel_round-robin_seed1,1,round-robin,line-duel,4,0,PSO,1.2857636617995334,1.2238998897373676,-1.04,-1.04,0.0,0.0,0.0,0.030033962493367535,16.0,14.714236338200466,strict_delta_max,1,cross_layer_handoff_executed
line-duel_round-robin_seed1,1,round-robin,line-duel,4,1,RL,2.30510724933007,1.4098999090492725,-1.04,-1.04,0.0,0.0,0.0,0.0,14.714236338200466,12.409129088870397,strict_delta_max,2,cross_layer_handoff_executed
line-duel_round-robin_seed1,1,round-robin,line-duel,4,2,GA,1.5873667572058012,1.702799927443266,-1.085,-1.085,0.0,0.0,0.7725442157947201,0.06405065702522436,12.409129088870397,10.821762331664596,strict_delta_max,1,cross_layer_handoff_executed
line-duel_round-robin_seed1,1,round-robin,line-duel,4,3,PSO,3.055367210331745,1.310099964030087,-1.04,-1.04,0.0,0.0,0.0,0.022715961939447776,10.821762331664596,7.766395121332851,strict_delta_max,1,cross_layer_handoff_executed
line-duel_round-robin_seed1,1,round-robin,line-duel,4,4,RL,1.3666576810300868,2.6093999622389674,-1.1,-1.1,0.0,0.0,0.0,1.5146441049083963,7.766395121332851,6.399737440302764,strict_delta_max,2,cross_layer_handoff_executed
line-duel_round-robin_seed1,1,round-robin,line-duel,4,5,GA,3.7620290637750373,1.1718999594449997,-1.04,-1.04,0.0,0.0,0.7725442157947201,0.021487804284518713,6.399737440302764,2.6377083765277267,strict_delta_max,1,cross_layer_handoff_executed
line-duel_round-robin_seed1,1,round-robin,line-duel,5,0,PSO,1.373567984883265,1.2546000070869923,-1.04,-1.04,0.0,0.0,0.0,0.0442898465934053,16.0,14.626432015116736,strict_delta_max,1,cross_layer_handoff_executed
line-duel_round-robin_seed1,1,round-robin,line-duel,5,1,RL,4.0,2.15419998858124,-1.1,-1.1,0.0,0.0,0.0,0.0,14.626432015116736,10.626432015116736,strict_delta_max,2,cross_layer_handoff_executed
line-duel_round-robin_seed1,1,round-robin,line-duel,5,2,GA,2.415819962862188,1.1825000401586294,-1.04,-1.04,0.0,0.0,0.7725442157947201,0.027879026602420143,10.626432015116736,8.210612052254547,strict_delta_max,1,cross_layer_handoff_executed
line-duel_round-robin_seed1,1,round-robin,line-duel,5,3,PSO,2.4734668851403283,1.3768000062555075,-1.04,-1.04,0.0,0.0,0.0,0.03209500829799143,8.210612052254547,5.737145167114218,strict_delta_max,1,cross_layer_handoff_executed
line-duel_round-robin_seed1,1,round-robin,line-duel,5,4,RL,2.017131785699454,2.0130000775679946,-1.04,-1.04,0.0,0.0,0.0,0.0,5.737145167114218,3.7200133814147645,strict_delta_max,2,cross_layer_handoff_executed
line-duel_round-robin_seed2,2,round-robin,line-duel,0,0,GA,2.282163808635265,1.649599988013506,-0.0050000000000000044,-0.0050000000000000044,0.5,0.43818064076566016,0.8841395898889056,0.059171347775251876,16.0,13.717836191364736,strict_delta_max,1,cross_layer_handoff_executed
line-duel_round-robin_seed2,2,round-robin,line-duel,0,1,PSO,1.6878748875696683,0.9465999901294708,-0.039999999999999925,-0.039999999999999925,0.5,0.0,0.0,0.05743481707658332,13.717836191364736,12.029961303795067,strict_delta_max,1,cross_layer_handoff_executed
line-duel_round-robin_seed2,2,round-robin,line-duel,0,2,RL,2.2195134993315166,1.2506999773904681,-1.005,-1.005,0.0,0.0,0.0,0.0,12.029961303795067,9.81044780446355,strict_delta_max,2,cross_layer_handoff_executed
line-duel_round-robin_seed2,2,round-robin,line-duel,0,3,GA,2.5458951316609566,0.8705999935045838,-1.03,-1.03,0.0,0.0,0.8205222274787475,0.035383290517440956,9.81044780446355,7.264552672802593,strict_delta_max,1,cross_layer_handoff_executed
line-duel_round-robin_seed2,2,round-robin,line-duel,0,4,PSO,2.130052285916131,0.786700053140521,-0.995,-0.995,0.0,0.0,0.0,0.037368985137760595,7.264552672802593,5.1345003868864625,strict_delta_max,1,cross_layer_handoff_executed
line-duel_round-robin_seed2,2,round-robin,line-duel,0,5,RL,4.0,1.3073000591248274,-1.0150000000000001,-1.0150000000000001,0.0,0.0,0.0,0.0,5.1345003868864625,1.1345003868864625,strict_delta_max,2,cross_layer_handoff_executed
line-duel_round-robin_seed2,2,round-robin,line-duel,1,0,GA,2.4150323067393837,1.0009999386966228,-0.025000000000000022,-0.025000000000000022,0.5,0.0,0.7451024140204439,0.04215183245311486,16.0,13.584967693260616,strict_delta_max,1,cross_layer_handoff_executed
line-duel_round-robin_seed2,2,round-robin,line-duel,1,1,PSO,2.004153722654829,0.990699976682663,-0.039999999999999925,-0.039999999999999925,0.5,0.0,0.0,0.030642406765961982,13.584967693260616,11.580813970605787,strict_delta_max,1,cross_layer_handoff_executed
line-duel_round-robin_seed2,2,round-robin,line-duel,1,2,RL,2.045475539907869,1.259000040590763,-1.02,-1.02,0.0,0.0,0.0,0.014666516130205727,11.580813970605787,9.535338430697918,strict_delta_max,2,cross_layer_handoff_executed
line-duel_round-robin_seed2,2,round-robin,line-duel,1,3,GA,2.689317696034336,0.8363999659195542,-0.025000000000000022,-0.025000000000000022,0.5,0.0,0.6858479521469404,0.03966767612242961,9.535338430697918,6.846020734663582,strict_delta_max,1,cross_layer_handoff_executed
line-duel_round-robin_seed2,2,round-robin,line-duel,1,4,PSO,2.079777602089377,0.7704999297857285,0.025000000000000022,0.025000000000000022,0.5,0.014424619233259151,0.0,0.04232826919880885,6.846020734663582,4.766243132574205,strict_delta_max,1,cross_layer_handoff_executed
line-duel_round-robin_seed2,2,round-robin,line-duel,1,5,RL,2.2742440826800014,1.1412999592721462,-1.0150000000000001,-1.0150000000000001,0.0,0.0,0.0,0.0,4.766243132574205,2.4919990498942037,strict_delta_max,2,cross_layer_handoff_executed
line-duel_round-robin_seed2,2,round-robin,line-duel,2,0,GA,1.653990125779971,0.6222999654710293,-1.005,-1.005,0.0,0.0,0.7168907274086378,0.06819754099444528,16.0,14.346009874220028,strict_delta_max,1,cross_layer_handoff_executed
line-duel_round-robin_seed2,2,round-robin,line-duel,2,1,PSO,1.2126006187469156,0.7168999873101711,-1.005,-1.005,0.0,0.0,0.0,0.0792468200295538,14.346009874220028,13.133409255473113,strict_delta_max,1,cross_layer_handoff_executed
line-duel_round-robin_seed2,2,round-robin,line-duel,2,2,RL,3.2237143450462598,1.145399990491569,-1.0,-1.0,0.0,0.0,0.0,0.01240804727672794,13.133409255473113,9.909694910426854,strict_delta_max,2,cross_layer_handoff_executed
line-duel_round-robin_seed2,2,round-robin,line-duel,2,3,GA,2.951792649727747,0.723400036804378,-0.0050000000000000044,-0.0050000000000000044,0.5,0.0,0.6986228367753551,0.036700909050571884,9.909694910426854,6.957902260699107,strict_delta_max,1,cross_layer_handoff_executed
line-duel_round-robin_seed2,2,round-robin,line-duel,2,4,PSO,1.9726544890718023,0.7337999995797873,0.025000000000000022,0.025000000000000022,0.5,0.0,0.0,0.026453071635013713,6.957902260699107,4.985247771627305,strict_delta_max,1,cross_layer_handoff_executed
line-duel_round-robin_seed2,2,round-robin,line-duel,2,5,RL,4.0,1.2209999840706587,-1.005,-1.005,0.0,0.0,0.0,0.4975,4.985247771627305,0.9852477716273054,strict_delta_max,2,cross_layer_handoff_executed
line-duel_round-robin_seed2,2,round-robin,line-duel,3,0,GA,1.7047239118650173,0.7908000843599439,-1.0699999999999998,-1.0699999999999998,0.0,0.0,0.6986228367753551,0.06688230310454468,16.0,14.295276088134983,strict_delta_max,1,cross_layer_handoff_executed
line-duel_round-robin_seed2,2,round-robin,line-duel,3,1,PSO,1.4175367443951943,0.7081000367179513,-1.0,-1.0,0.0,0.0,0.0,0.04198797662463175,14.295276088134983,12.877739343739789,strict_delta_max,1,cross_layer_handoff_executed
line-duel_round-robin_seed2,2,round-robin,line-duel,3,2,RL,2.1317991423535707,0.9346000151708722,-1.005,-1.005,0.0,0.0,0.0,0.03283611415788354,12.877739343739789,10.745940201386219,strict_delta_max,2,cross_layer_handoff_executed
line-duel_round-robin_seed2,2,round-robin,line-duel,3,3,GA,2.9993591848062944,0.853799981996417,-0.039999999999999925,-0.039999999999999925,0.5,0.0,0.6865541737938474,0.03433576182646738,10.745940201386219,7.746581016579924,strict_delta_max,1,cross_layer_handoff_executed
line-duel_round-robin_seed2,2,round-robin,line-duel,3,4,PSO,3.1265044469543124,0.7952000014483929,0.025000000000000022,0.025000000000000022,0.5,0.0,0.0,0.02534377616124307,7.746581016579924,4.620076569625612,strict_delta_max,1,cross_layer_handoff_executed
line-duel_round-robin_seed2,2,round-robin,line-duel,3,5,RL,2.5106882039155964,1.0659999679774046,-1.005,-1.005,0.0,0.0,0.0,0.0,4.620076569625612,2.109388365710015,strict_delta_max,2,cross_layer_handoff_executed
line-duel_round-robin_seed2,2,round-robin,line-duel,4,0,GA,2.278068313357978,0.6399999838322401,-1.005,-1.005,0.0,0.0,0.6865541737938474,0.03313891413554785,16.0,13.721931686642023,strict_delta_max,1,cross_layer_handoff_executed
line-duel_round-robin_seed2,2,round-robin,line-duel,4,1,PSO,2.677749376044401,0.7885999511927366,0.025000000000000022,0.025000000000000022,0.5,0.0,0.0,0.04347852359487389,13.721931686642023,11.044182310597622,strict_delta_max,1,cross_layer_handoff_executed
line-duel_round-robin_seed2,2,round-robin,line-duel,4,2,RL,1.4720122036609424,1.193600008264184,-1.005,-1.005,0.0,0.0,0.0,0.0,11.044182310597622,9.57217010693668,strict_delta_max,2,cross_layer_handoff_executed
line-duel_round-robin_seed2,2,round-robin,line-duel,4,3,GA,1.5013716867526667,0.6475999252870679,-1.0350000000000001,-1.0350000000000001,0.0,0.0,0.6865541737938474,0.09298804867358942,9.57217010693668,8.070798420184014,strict_delta_max,1,cross_layer_handoff_executed
line-duel_round-robin_seed2,2,round-robin,line-duel,4,4,PSO,1.4307910429688628,0.7565000560134649,0.025000000000000022,0.025000000000000022,0.5,0.0,0.0,0.09528095430894507,8.070798420184014,6.64000737721515,strict_delta_max,1,cross_layer_handoff_executed
line-duel_round-robin_seed2,2,round-robin,line-duel,4,5,RL,2.9762476836110316,0.9472999954596162,-1.005,-1.005,0.0,0.0,0.0,0.020159612498111323,6.64000737721515,3.663759693604119,strict_delta_max,2,cross_layer_handoff_executed
line-duel_round-robin_seed2,2,round-robin,line-duel,5,0,GA,2.463984622808558,0.8590000215917826,-0.039999999999999925,-0.039999999999999925,0.5,0.0,0.692658370450033,0.03224008605510531,16.0,13.536015377191442,strict_delta_max,1,cross_layer_handoff_executed
line-duel_round-robin_seed2,2,round-robin,line-duel,5,1,PSO,1.3467604633095096,1.0534999892115593,0.025000000000000022,0.025000000000000022,0.5,0.0,0.0,0.09436792002165693,13.536015377191442,12.189254913881932,strict_delta_max,1,cross_layer_handoff_executed
line-duel_round-robin_seed2,2,round-robin,line-duel,5,2,RL,1.5765044508927364,1.8497999990358949,-1.005,-1.005,0.0,0.0,0.0,0.038058883986038544,12.189254913881932,10.612750462989196,strict_delta_max,2,cross_layer_handoff_executed
line-duel_round-robin_seed2,2,round-robin,line-duel,5,3,GA,2.935977182784148,0.9560000617057085,0.025000000000000022,0.025000000000000022,0.5,0.0,0.5829731609330029,0.031816515606654695,10.612750462989196,7.6767732802050475,strict_delta_max,1,cross_layer_handoff_executed
line-duel_round-robin_seed2,2,round-robin,line-duel,5,4,PSO,1.1101383335022357,1.164300017990172,0.025000000000000022,0.025000000000000022,0.5,0.0,0.0,0.09139296612104834,7.6767732802050475,6.566634946702812,strict_delta_max,1,cross_layer_handoff_executed
line-duel_round-robin_seed2,2,round-robin,line-duel,5,5,RL,2.5937969268144236,1.6421000473201275,-1.005,-1.005,0.0,0.0,0.0,0.0,6.566634946702812,3.972838019888388,strict_delta_max,2,cross_layer_handoff_executed
line-duel_greedy-improvement_seed0,0,greedy-improvement,line-duel,0,0,GA,1.6893344512949398,1.8213000148534775,-1.0350000000000001,-1.0350000000000001,0.0,0.0,0.8116122098641232,0.0646168400523651,16.0,14.31066554870506,strict_delta_max,1,cross_layer_handoff_executed
line-duel_greedy-improvement_seed0,0,greedy-improvement,line-duel,0,1,GA,2.5056547673116434,1.4201999874785542,-1.0350000000000001,-1.0350000000000001,0.0,0.0,0.8311453459131665,0.048610042225809315,14.31066554870506,11.805010781393417,strict_delta_max,1,cross_layer_handoff_executed
line-duel_greedy-improvement_seed0,0,greedy-improvement,line-duel,0,2,GA,3.2133130574313404,1.4593999367207289,-1.0350000000000001,-1.0350000000000001,0.0,0.0,0.7829156664470321,0.031784489138668576,11.805010781393417,8.591697723962076,strict_delta_max,1,cross_layer_handoff_executed
line-duel_greedy-improvement_seed0,0,greedy-improvement,line-duel,0,3,GA,3.1578918407829324,1.5424999874085188,-1.0350000000000001,-1.0350000000000001,0.0,0.0,0.7561446778792801,0.03252146195437233,8.591697723962076,5.433805883179144,strict_delta_max,1,cross_layer_handoff_executed
line-duel_greedy-improvement_seed0,0,greedy-improvement,line-duel,0,4,GA,2.937698729694839,1.382600050419569,-1.0350000000000001,-1.0350000000000001,0.0,0.0,0.6989703687729832,0.038251989956807654,5.433805883179144,2.4961071534843047,strict_delta_max,1,cross_layer_handoff_executed
line-duel_greedy-improvement_seed0,0,greedy-improvement,line-duel,1,0,GA,1.6346523690022985,1.2474000686779618,-1.02,-1.02,0.0,0.009176262968471575,0.6828797477966819,0.055282636525476096,16.0,14.365347630997702,strict_delta_max,1,cross_layer_handoff_executed
line-duel_greedy-improvement_seed0,0,greedy-improvement,line-duel,1,1,GA,3.5495492749357096,1.1909999884665012,0.015000000000000013,0.015000000000000013,0.5,0.29158631697506054,0.6948509863091249,0.02783827176302636,14.365347630997702,10.815798356061993,strict_delta_max,1,cross_layer_handoff_executed
line-duel_greedy-improvement_seed0,0,greedy-improvement,line-duel,1,2,GA,2.6237057221461146,1.398300053551793,-1.0350000000000001,-1.0350000000000001,0.0,0.0,0.6684738604233517,0.03842066196569583,10.815798356061993,8.192092633915879,strict_delta_max,1,cross_layer_handoff_executed
line-duel_greedy-improvement_seed0,0,greedy-improvement,line-duel,1,3,GA,2.944785666803855,1.6462999628856778,-1.0350000000000001,-1.0350000000000001,0.0,0.0,0.629872737374901,0.025245448390572398,8.192092633915879,5.247306967112024,strict_delta_max,1,cross_layer_handoff_executed
line-duel_greedy-improvement_seed0,0,greedy-improvement,line-duel,1,4,GA,3.719590782306286,1.3395999558269978,-1.04,-1.04,0.0,0.0,0.6111318557515489,0.02934947749294064,5.247306967112024,1.5277161848057381,strict_delta_max,1,cross_layer_handoff_executed
line-duel_greedy-improvement_seed0,0,greedy-improvement,line-duel,2,0,GA,1.0556594859765283,0.9221999207511544,-1.04,-1.04,0.0,0.0,0.6111318557515489,0.09094043402403203,16.0,14.944340514023471,strict_delta_max,1,cross_layer_handoff_executed
line-duel_greedy-improvement_seed0,0,greedy-improvement,line-duel,2,1,GA,1.9044975975937155,1.3839000603184104,-1.0350000000000001,-1.0350000000000001,0.0,0.0,0.6078617440956903,0.05399554787781659,14.944340514023471,13.039842916429755,strict_delta_max,1,cross_layer_handoff_executed
line-duel_greedy-improvement_seed0,0,greedy-improvement,line-duel,2,2,GA,2.8839562712709403,1.249500084668398,-1.04,-1.04,0.0,0.0,0.6078617440956903,0.019695626830235773,13.039842916429755,10.155886645158816,strict_delta_max,1,cross_layer_handoff_executed
line-duel_greedy-improvement_seed0,0,greedy-improvement,line-duel,2,3,GA,2.3422281044168525,1.5818000538274646,-1.0350000000000001,-1.0350000000000001,0.0,0.0,0.6078617440956903,0.041272284195477425,10.155886645158816,7.813658540741963,strict_delta_max,1,cross_layer_handoff_executed
line-duel_greedy-improvement_seed0,0,greedy-improvement,line-duel,2,4,GA,1.422297174935895,1.3565000845119357,0.015000000000000013,0.015000000000000013,0.5,0.0,0.6284792604807337,0.06965279853456886,7.813658540741963,6.391361365806068,strict_delta_max,1,cross_layer_handoff_executed
line-duel_greedy-improvement_seed0,0,greedy-improvement,line-duel,2,5,GA,1.9919546239943542,1.5680999495089054,-1.0350000000000001,-1.0350000000000001,0.0,0.0,0.6284792604807337,0.03499774158770174,6.391361365806068,4.399406741811713,strict_delta_max,1,cross_layer_handoff_executed
line-duel_greedy-improvement_seed0,0,greedy-improvement,line-duel,2,6,GA,1.5887227229157082,1.1373000452294946,0.015000000000000013,0.015000000000000013,0.5,0.0,0.6487426136929986,0.05673500467921454,4.399406741811713,2.810684018896005,strict_delta_max,1,cross_layer_handoff_executed
line-duel_greedy-improvement_seed0,0,greedy-improvement,line-duel,3,0,GA,2.262717038275114,1.1777000036090612,0.015000000000000013,0.015000000000000013,0.5,0.0,0.6528146563471748,0.04474702443389324,16.0,13.737282961724887,strict_delta_max,1,cross_layer_handoff_executed
line-duel_greedy-improvement_seed0,0,greedy-improvement,line-duel,3,1,GA,2.4656462958721406,1.24439992941916,0.015000000000000013,0.015000000000000013,0.5,0.0,0.6581485889270445,0.040588325077624596,13.737282961724887,11.271636665852746,strict_delta_max,1,cross_layer_handoff_executed
line-duel_greedy-improvement_seed0,0,greedy-improvement,line-duel,3,2,GA,3.617056485066973,1.406199997290969,0.015000000000000013,0.015000000000000013,0.5,0.0,0.585947675557486,0.025055160081651994,11.271636665852746,7.654580180785773,strict_delta_max,1,cross_layer_handoff_executed
line-duel_greedy-improvement_seed0,0,greedy-improvement,line-duel,3,3,GA,3.6195050629733014,1.2224999954923987,0.015000000000000013,0.015000000000000013,0.5,0.0,0.5804624807012194,0.0317491396663662,7.654580180785773,4.035075117812472,strict_delta_max,1,cross_layer_handoff_executed
line-duel_greedy-improvement_seed0,0,greedy-improvement,line-duel,3,4,GA,2.3562853015965253,1.2835999950766563,0.015000000000000013,0.015000000000000013,0.5,0.0,0.5287794361718773,0.048083416177672804,4.035075117812472,1.6787898162159465,strict_delta_max,1,cross_layer_handoff_executed
line-duel_greedy-improvement_seed0,0,greedy-improvement,line-duel,4,0,GA,1.3184984232654127,0.9385000448673964,0.015000000000000013,0.015000000000000013,0.5,0.0,0.5229060167285209,0.07555851910190726,16.0,14.681501576734588,strict_delta_max,1,cross_layer_handoff_executed
line-duel_greedy-improvement_seed0,0,greedy-improvement,line-duel,4,1,GA,3.1956330491270086,1.0222999844700098,0.015000000000000013,0.015000000000000013,0.5,0.0,0.46888634094355536,0.02755227621952123,14.681501576734588,11.485868527607579,strict_delta_max,1,cross_layer_handoff_executed
line-duel_greedy-improvement_seed0,0,greedy-improvement,line-duel,4,2,GA,3.5966551743499915,1.1740000918507576,0.015000000000000013,0.015000000000000013,0.5,0.0,0.46888634094355536,0.02245583105116616,11.485868527607579,7.889213353257587,strict_delta_max,1,cross_layer_handoff_executed
line-duel_greedy-improvement_seed0,0,greedy-improvement,line-duel,4,3,GA,3.5426599027345005,1.0896000312641263,0.015000000000000013,0.015000000000000013,0.5,0.0,0.46888634094355536,0.024666815596730483,7.889213353257587,4.346553450523087,strict_delta_max,1,cross_layer_handoff_executed
line-duel_greedy-improvement_seed0,0,greedy-improvement,line-duel,4,4,GA,3.494543522843922,1.2525999918580055,0.015000000000000013,0.015000000000000013,0.5,0.0,0.46888634094355536,0.02090554337673835,4.346553450523087,0.8520099276791653,strict_delta_max,1,cross_layer_handoff_executed
line-duel_greedy-improvement_seed0,0,greedy-improvement,line-duel,5,0,GA,3.007771186781455,0.9367000311613083,0.015000000000000013,0.015000000000000013,0.5,0.0,0.46888634094355536,0.027421656986500686,16.0,12.992228813218546,strict_delta_max,1,cross_layer_handoff_executed
line-duel_greedy-improvement_seed0,0,greedy-improvement,line-duel,5,1,GA,1.79730069436155,1.1535999365150928,0.015000000000000013,0.015000000000000013,0.5,0.0,0.46888634094355536,0.04166330858284027,12.992228813218546,11.194928118856996,strict_delta_max,1,cross_layer_handoff_executed
line-duel_greedy-improvement_seed0,0,greedy-improvement,line-duel,5,2,GA,3.3131135544809656,1.317800022661686,0.015000000000000013,0.015000000000000013,0.5,0.0,0.46888634094355536,0.029861516498371078,11.194928118856996,7.881814564376031,strict_delta_max,1,cross_layer_handoff_executed
line-duel_greedy-improvement_seed0,0,greedy-improvement,line-duel,5,3,GA,3.946364865848617,1.1440000962466002,0.015000000000000013,0.015000000000000013,0.5,0.0,0.46888634094355536,0.020269761756056912,7.881814564376031,3.935449698527414,strict_delta_max,1,cross_layer_handoff_executed
line-duel_greedy-improvement_seed1,1,greedy-improvement,line-duel,0,0,GA,2.9420915853436957,1.6778999706730247,-1.04,-1.04,0.0,0.0,0.9222503083015591,0.04079385976487518,16.0,13.057908414656303,strict_delta_max,1,cross_layer_handoff_executed
line-duel_greedy-improvement_seed1,1,greedy-improvement,line-duel,0,1,GA,3.3607143190151323,1.4532998902723193,-1.04,-1.04,0.0,0.0,0.8797117752526203,0.024814093669612465,13.057908414656303,9.697194095641171,strict_delta_max,1,cross_layer_handoff_executed
line-duel_greedy-improvement_seed1,1,greedy-improvement,line-duel,0,2,GA,1.8588173421450245,1.6768999630585313,-1.04,-1.04,0.0,0.0,0.8535850363623821,0.0467106620636739,9.697194095641171,7.838376753496147,strict_delta_max,1,cross_layer_handoff_executed
line-duel_greedy-improvement_seed1,1,greedy-improvement,line-duel,0,3,GA,3.8270937485719205,1.7831000732257962,-1.07,-1.07,0.0,0.0,0.8604573902389677,0.030864695128723835,7.838376753496147,4.011283004924226,strict_delta_max,1,cross_layer_handoff_executed
line-duel_greedy-improvement_seed1,1,greedy-improvement,line-duel,0,4,GA,2.2352911094680827,1.3667999301105738,-1.04,-1.04,0.0,0.0,0.8212819453590211,0.04351751902763511,4.011283004924226,1.7759918954561433,strict_delta_max,1,cross_layer_handoff_executed
line-duel_greedy-improvement_seed1,1,greedy-improvement,line-duel,1,0,GA,1.6440610059960552,1.62540003657341,-1.0550000000000002,-1.0550000000000002,0.0,0.0,0.7797741007340931,0.0550106157436788,16.0,14.355938994003944,strict_delta_max,1,cross_layer_handoff_executed
line-duel_greedy-improvement_seed1,1,greedy-improvement,line-duel,1,1,GA,3.6013386276995325,1.6354999970644712,-1.04,-1.04,0.0,0.0,0.7947423919546869,0.023202563388732753,14.355938994003944,10.754600366304413,strict_delta_max,1,cross_layer_handoff_executed
line-duel_greedy-improvement_seed1,1,greedy-improvement,line-duel,1,2,GA,3.359252499970606,1.6896999441087246,-1.0550000000000002,-1.0550000000000002,0.0,0.0,0.7947423919546869,0.03234314119114962,10.754600366304413,7.395347866333807,strict_delta_max,1,cross_layer_handoff_executed
line-duel_greedy-improvement_seed1,1,greedy-improvement,line-duel,1,3,GA,3.880593776600343,1.5508999349549413,-1.04,-1.04,0.0,0.0,0.7947423919546869,0.030370586676992665,7.395347866333807,3.5147540897334637,strict_delta_max,1,cross_layer_handoff_executed
line-duel_greedy-improvement_seed1,1,greedy-improvement,line-duel,2,0,GA,3.9163815312324846,1.6894000582396984,-1.1,-1.1,0.0,0.0,0.7947423919546869,0.021196025898293627,16.0,12.083618468767515,strict_delta_max,1,cross_layer_handoff_executed
line-duel_greedy-improvement_seed1,1,greedy-improvement,line-duel,2,1,GA,2.309200993567363,1.538099953904748,-1.04,-1.04,0.0,0.0,0.7947423919546869,0.03171269090573321,12.083618468767515,9.774417475200153,strict_delta_max,1,cross_layer_handoff_executed
line-duel_greedy-improvement_seed1,1,greedy-improvement,line-duel,2,2,GA,2.8759720728384104,1.3962999219074845,-1.04,-1.04,0.0,0.0,0.7947423919546869,0.027701700819170182,9.774417475200153,6.898445402361743,strict_delta_max,1,cross_layer_handoff_executed
line-duel_greedy-improvement_seed1,1,greedy-improvement,line-duel,2,3,GA,2.0155533696076047,1.524199964478612,-1.07,-1.07,0.0,0.0,0.7947423919546869,0.04207179710368125,6.898445402361743,4.882892032754138,strict_delta_max,1,cross_layer_handoff_executed
line-duel_greedy-improvement_seed1,1,greedy-improvement,line-duel,2,4,GA,3.950715051081146,1.3930000131949782,-1.04,-1.04,0.0,0.0,0.7947423919546869,0.0262265439624122,4.882892032754138,0.9321769816729919,strict_delta_max,1,cross_layer_handoff_executed
line-duel_greedy-improvement_seed1,1,greedy-improvement,line-duel,3,0,GA,3.357074073939343,1.4230000087991357,-1.04,-1.04,0.0,0.0,0.7947423919546869,0.025669234105829154,16.0,12.642925926060657,strict_delta_max,1,cross_layer_handoff_executed
line-duel_greedy-improvement_seed1,1,greedy-improvement,line-duel,3,1,GA,2.5825734701822594,1.4633999671787024,-1.04,-1.04,0.0,0.0,0.7947423919546869,0.04135276805130617,12.642925926060657,10.060352455878398,strict_delta_max,1,cross_layer_handoff_executed
line-duel_greedy-improvement_seed1,1,greedy-improvement,line-duel,3,2,GA,3.709297983720855,1.4135000528767705,-1.04,-1.04,0.0,0.0,0.7947423919546869,0.01809071996715426,10.060352455878398,6.351054472157543,strict_delta_max,1,cross_layer_handoff_executed
line-duel_greedy-improvement_seed1,1,greedy-improvement,line-duel,3,3,GA,3.197161736800089,1.4538998948410153,-1.04,-1.04,0.0,0.0,0.7947423919546869,0.03547040198996498,6.351054472157543,3.153892735357454,strict_delta_max,1,cross_layer_handoff_executed
line-duel_greedy-improvement_seed1,1,greedy-improvement,line-duel,4,0,GA,3.613821226837455,1.496699987910688,-1.085,-1.085,0.0,0.0,0.7947423919546869,0.02299902816169593,16.0,12.386178773162545,strict_delta_max,1,cross_layer_handoff_executed
line-duel_greedy-improvement_seed1,1,greedy-improvement,line-duel,4,1,GA,2.215234227705039,1.4067000010982156,-1.04,-1.04,0.0,0.0,0.7947423919546869,0.03155469200562989,12.386178773162545,10.170944545457505,strict_delta_max,1,cross_layer_handoff_executed
line-duel_greedy-improvement_seed1,1,greedy-improvement,line-duel,4,2,GA,3.6837615572861377,1.8262999365106225,-1.085,-1.085,0.0,0.0,0.7947423919546869,0.026035118983522135,10.170944545457505,6.487182988171368,strict_delta_max,1,cross_layer_handoff_executed
line-duel_greedy-improvement_seed1,1,greedy-improvement,line-duel,4,3,GA,1.2147407382861002,1.49789999704808,-1.04,-1.04,0.0,0.0,0.7947423919546869,0.06356882460850613,6.487182988171368,5.272442249885268,strict_delta_max,1,cross_layer_handoff_executed
line-duel_greedy-improvement_seed1,1,greedy-improvement,line-duel,4,4,GA,2.6604781389742813,1.4497999800369143,-1.04,-1.04,0.0,0.0,0.7947423919546869,0.046345279738291126,5.272442249885268,2.6119641109109866,strict_delta_max,1,cross_layer_handoff_executed
line-duel_greedy-improvement_seed1,1,greedy-improvement,line-duel,5,0,GA,3.6150834715109212,1.3055000454187393,-1.04,-1.04,0.0,0.0,0.7947423919546869,0.020391319413831283,16.0,12.384916528489079,strict_delta_max,1,cross_layer_handoff_executed
line-duel_greedy-improvement_seed1,1,greedy-improvement,line-duel,5,1,GA,1.564786151400059,1.5411999775096774,-1.04,-1.04,0.0,0.0,0.7947423919546869,0.04029975432634618,12.384916528489079,10.82013037708902,strict_delta_max,1,cross_layer_handoff_executed
line-duel_greedy-improvement_seed1,1,greedy-improvement,line-duel,5,2,GA,2.866365385803378,1.4572000363841653,-1.04,-1.04,0.0,0.0,0.7947423919546869,0.020408516729743278,10.82013037708902,7.953764991285642,strict_delta_max,1,cross_layer_handoff_executed
line-duel_greedy-improvement_seed1,1,greedy-improvement,line-duel,5,3,GA,3.6942125629593603,1.52299995534122,-1.04,-1.04,0.0,0.0,0.7947423919546869,0.022273783336206124,7.953764991285642,4.259552428326281,strict_delta_max,1,cross_layer_handoff_executed
line-duel_greedy-improvement_seed1,1,greedy-improvement,line-duel,5,4,GA,1.0734018156637932,1.7097999807447195,-1.025,-1.025,0.0,0.013974263673780078,0.7863103456639433,0.06427115370765903,4.259552428326281,3.1861506126624883,strict_delta_max,1,cross_layer_handoff_executed
line-duel_greedy-improvement_seed2,2,greedy-improvement,line-duel,0,0,GA,2.282163808635265,1.5999999595806003,-0.0050000000000000044,-0.0050000000000000044,0.5,0.43818064076566016,0.8841395898889056,0.059171347775251876,16.0,13.717836191364736,strict_delta_max,1,cross_layer_handoff_executed
line-duel_greedy-improvement_seed2,2,greedy-improvement,line-duel,0,1,GA,2.3457061389960696,1.5144000062718987,-0.039999999999999925,-0.039999999999999925,0.5,0.0,0.8550986097773818,0.04185667719227862,13.717836191364736,11.372130052368666,strict_delta_max,1,cross_layer_handoff_executed
line-duel_greedy-improvement_seed2,2,greedy-improvement,line-duel,0,2,GA,1.0097943010049981,1.0688999900594354,-1.005,-1.005,0.0,0.0,0.843153020769063,0.108499091426562,11.372130052368666,10.362335751363668,strict_delta_max,1,cross_layer_handoff_executed
line-duel_greedy-improvement_seed2,2,greedy-improvement,line-duel,0,3,GA,2.3741746921163296,1.0997999925166368,-1.005,-1.005,0.0,0.0,0.8272933751285919,0.046259753751451846,10.362335751363668,7.988161059247338,strict_delta_max,1,cross_layer_handoff_executed
line-duel_greedy-improvement_seed2,2,greedy-improvement,line-duel,0,4,GA,3.6699719444740504,1.5146000077947974,-0.039999999999999925,-0.039999999999999925,0.5,0.0,0.7632706403381906,0.027238797707611808,7.988161059247338,4.318189114773288,strict_delta_max,1,cross_layer_handoff_executed
line-duel_greedy-improvement_seed2,2,greedy-improvement,line-duel,0,5,GA,3.131754768012165,1.4819001080468297,-1.0699999999999998,-1.0699999999999998,0.0,0.0,0.7632706403381906,0.026819493238345687,4.318189114773288,1.1864343467611231,strict_delta_max,1,cross_layer_handoff_executed
line-duel_greedy-improvement_seed2,2,greedy-improvement,line-duel,1,0,GA,2.6212060637442876,1.3368000509217381,-0.0050000000000000044,-0.0050000000000000044,0.5,0.0,0.7131486876000706,0.04358920381757448,16.0,13.378793936255713,strict_delta_max,1,cross_layer_handoff_executed
line-duel_greedy-improvement_seed2,2,greedy-improvement,line-duel,1,1,GA,1.629106602101527,1.4740999322384596,-0.025000000000000022,-0.025000000000000022,0.5,0.0,0.7154568587181707,0.09098800687969989,13.378793936255713,11.749687334154185,strict_delta_max,1,cross_layer_handoff_executed
line-duel_greedy-improvement_seed2,2,greedy-improvement,line-duel,1,2,GA,3.5917721889106433,1.4050999889150262,-0.0050000000000000044,-0.0050000000000000044,0.5,0.0,0.6997638420786222,0.03138481747048119,11.749687334154185,8.157915145243543,strict_delta_max,1,cross_layer_handoff_executed
line-duel_greedy-improvement_seed2,2,greedy-improvement,line-duel,1,3,GA,1.8155566597074992,1.5073000686243176,-1.025,-1.025,0.0,0.0,0.6997638420786222,0.06240222532756143,8.157915145243543,6.342358485536043,strict_delta_max,1,cross_layer_handoff_executed
line-duel_greedy-improvement_seed2,2,greedy-improvement,line-duel,1,4,GA,2.8738047095599057,1.2735000345855951,-0.0050000000000000044,-0.0050000000000000044,0.5,0.0,0.6130026042811695,0.036537458772236193,6.342358485536043,3.4685537759761376,strict_delta_max,1,cross_layer_handoff_executed
line-duel_greedy-improvement_seed2,2,greedy-improvement,line-duel,2,0,GA,3.890952203227826,1.445000059902668,-0.0050000000000000044,-0.0050000000000000044,0.5,0.0,0.597615862582006,0.030123962955007796,16.0,12.109047796772174,strict_delta_max,1,cross_layer_handoff_executed
line-duel_greedy-improvement_seed2,2,greedy-improvement,line-duel,2,1,GA,1.9090093023260253,1.4942999696359038,-0.0050000000000000044,-0.0050000000000000044,0.5,0.0,0.5219966874276593,0.06273874691011609,12.109047796772174,10.200038494446149,strict_delta_max,1,cross_layer_handoff_executed
line-duel_greedy-improvement_seed2,2,greedy-improvement,line-duel,2,2,GA,2.0919206249131546,1.6388000221922994,-0.025000000000000022,-0.025000000000000022,0.5,0.0,0.45184107539693913,0.05173727592039331,10.200038494446149,8.108117869532995,strict_delta_max,1,cross_layer_handoff_executed
line-duel_greedy-improvement_seed2,2,greedy-improvement,line-duel,2,3,GA,2.4785371143929305,1.7022000392898917,-0.039999999999999925,-0.039999999999999925,0.5,0.0,0.45184107539693913,0.03746041168498666,8.108117869532995,5.629580755140065,strict_delta_max,1,cross_layer_handoff_executed
line-duel_greedy-improvement_seed2,2,greedy-improvement,line-duel,2,4,GA,2.857246273792712,1.6310999635607004,-0.025000000000000022,-0.025000000000000022,0.5,0.0,0.43072124848159543,0.031110328116791985,5.629580755140065,2.772334481347353,strict_delta_max,1,cross_layer_handoff_executed
line-duel_greedy-improvement_seed2,2,greedy-improvement,line-duel,3,0,GA,1.8157146720504387,1.4803999802097678,-0.025000000000000022,-0.025000000000000022,0.5,0.0,0.411808597065815,0.04208616613650808,16.0,14.184285327949562,strict_delta_max,1,cross_layer_handoff_executed
line-duel_greedy-improvement_seed2,2,greedy-improvement,line-duel,3,1,GA,3.287860306283523,1.7618000274524093,-0.0050000000000000044,-0.0050000000000000044,0.5,0.0,0.4154190737092517,0.027142128137705855,14.184285327949562,10.896425021666039,strict_delta_max,1,cross_layer_handoff_executed
line-duel_greedy-improvement_seed2,2,greedy-improvement,line-duel,3,2,GA,2.160982271170146,1.6032999847084284,-0.0050000000000000044,-0.0050000000000000044,0.5,0.0,0.4339470072584767,0.05660541430590291,10.896425021666039,8.735442750495892,strict_delta_max,1,cross_layer_handoff_executed
line-duel_greedy-improvement_seed2,2,greedy-improvement,line-duel,3,3,GA,3.5482159429541262,1.3655000366270542,-0.0050000000000000044,-0.0050000000000000044,0.5,0.0,0.4169513110045364,0.031006341518334552,8.735442750495892,5.187226807541766,strict_delta_max,1,cross_layer_handoff_executed
line-duel_greedy-improvement_seed2,2,greedy-improvement,line-duel,3,4,GA,1.0343585544606988,1.358899986371398,-1.025,-1.025,0.0,0.0,0.4169513110045364,0.10701697397558094,5.187226807541766,4.152868253081067,strict_delta_max,1,cross_layer_handoff_executed
line-duel_greedy-improvement_seed2,2,greedy-improvement,line-duel,3,5,GA,1.22695902144976,1.6460999613627791,-0.025000000000000022,-0.025000000000000022,0.5,0.0,0.4169513110045364,0.08717143953561432,4.152868253081067,2.925909231631307,strict_delta_max,1,cross_layer_handoff_executed
line-duel_greedy-improvement_seed2,2,greedy-improvement,line-duel,4,0,GA,2.784390448438287,1.3110999716445804,-0.0050000000000000044,-0.0050000000000000044,0.5,0.0,0.43078802384298653,0.03386452282887225,16.0,13.215609551561712,strict_delta_max,1,cross_layer_handoff_executed
line-duel_greedy-improvement_seed2,2,greedy-improvement,line-duel,4,1,GA,1.0415783996307042,1.4799999771639705,-0.0050000000000000044,-0.0050000000000000044,0.5,0.0,0.43078802384298653,0.09895684773390077,13.215609551561712,12.174031151931008,strict_delta_max,1,cross_layer_handoff_executed
line-duel_greedy-improvement_seed2,2,greedy-improvement,line-duel,4,2,GA,1.4400444620905253,1.5266999835148454,-0.025000000000000022,-0.025000000000000022,0.5,0.0,0.43078802384298653,0.07812146595934616,12.174031151931008,10.733986689840481,strict_delta_max,1,cross_layer_handoff_executed
line-duel_greedy-improvement_seed2,2,greedy-improvement,line-duel,4,3,GA,2.8917912114656987,1.381100038997829,-1.03,-1.03,0.0,0.0,0.43078802384298653,0.027717678860880512,10.733986689840481,7.842195478374783,strict_delta_max,1,cross_layer_handoff_executed
line-duel_greedy-improvement_seed2,2,greedy-improvement,line-duel,4,4,GA,3.0795722679005326,1.7329000402241945,-0.025000000000000022,-0.025000000000000022,0.5,0.0,0.43078802384298653,0.017085301264498053,7.842195478374783,4.76262321047425,strict_delta_max,1,cross_layer_handoff_executed
line-duel_greedy-improvement_seed2,2,greedy-improvement,line-duel,4,5,GA,3.421472115284686,1.5213999431580305,-0.0050000000000000044,-0.0050000000000000044,0.5,0.0,0.43078802384298653,0.02561298384912828,4.76262321047425,1.3411510951895642,strict_delta_max,1,cross_layer_handoff_executed
line-duel_greedy-improvement_seed2,2,greedy-improvement,line-duel,5,0,GA,1.960064947371068,1.281200093217194,-0.0050000000000000044,-0.0050000000000000044,0.5,0.0,0.43078802384298653,0.052410241179897864,16.0,14.039935052628932,strict_delta_max,1,cross_layer_handoff_executed
line-duel_greedy-improvement_seed2,2,greedy-improvement,line-duel,5,1,GA,2.527122647139648,1.4226000057533383,-0.0050000000000000044,-0.0050000000000000044,0.5,0.0,0.43078802384298653,0.031077000005866214,14.039935052628932,11.512812405489285,strict_delta_max,1,cross_layer_handoff_executed
line-duel_greedy-improvement_seed2,2,greedy-improvement,line-duel,5,2,GA,2.3133281697665424,1.3837000587955117,-0.0050000000000000044,-0.0050000000000000044,0.5,0.0,0.43078802384298653,0.029015695456887612,11.512812405489285,9.199484235722743,strict_delta_max,1,cross_layer_handoff_executed
line-duel_greedy-improvement_seed2,2,greedy-improvement,line-duel,5,3,GA,3.058286705164339,1.4566999161615968,-1.03,-1.03,0.0,0.0,0.43078802384298653,0.02091583411560469,9.199484235722743,6.1411975305584035,strict_delta_max,1,cross_layer_handoff_executed
line-duel_greedy-improvement_seed2,2,greedy-improvement,line-duel,5,4,GA,1.7902350748319058,1.56770006287843,-0.025000000000000022,-0.025000000000000022,0.5,0.0,0.43078802384298653,0.04211526047823772,6.1411975305584035,4.350962455726497,strict_delta_max,1,cross_layer_handoff_executed
line-duel_greedy-improvement_seed2,2,greedy-improvement,line-duel,5,5,GA,1.1555369680229948,1.54079997446388,-0.0050000000000000044,-0.0050000000000000044,0.5,0.0,0.43078802384298653,0.06238430851907733,4.350962455726497,3.1954254877035027,strict_delta_max,1,cross_layer_handoff_executed
grid-treasure_DLGPR-full_seed0,0,DLGPR-full,grid-treasure,0,0,GA,3.2127778257737645,2.105099963955581,0.025000000000000022,0.025000000000000022,0.5,0.0,0.8931030542994856,0.05487385891284679,16.0,12.787222174226235,strict_delta_max,1,cross_layer_handoff_executed
grid-treasure_DLGPR-full_seed0,0,DLGPR-full,grid-treasure,0,1,PSO,1.240539447270699,1.3351000379770994,0.010000000000000009,0.010000000000000009,0.5,0.0,0.0,0.1382138938747343,12.787222174226235,11.546682726955536,strict_delta_max,1,cross_layer_handoff_executed
grid-treasure_DLGPR-full_seed0,0,DLGPR-full,grid-treasure,0,2,RL,3.0155307486080147,3.168600029312074,-1.135,-1.135,0.0,0.0,0.0,0.0,11.546682726955536,8.531151978347522,strict_delta_max,2,cross_layer_handoff_executed
grid-treasure_DLGPR-full_seed0,0,DLGPR-full,grid-treasure,0,3,GA,2.659460384195745,1.5983000630512834,0.025000000000000022,0.025000000000000022,0.5,0.0,0.8754084243546231,0.0546770053002769,8.531151978347522,5.871691594151777,strict_delta_max,1,cross_layer_handoff_executed
grid-treasure_DLGPR-full_seed0,0,DLGPR-full,grid-treasure,0,4,GA,2.724682374746422,1.664999988861382,0.025000000000000022,0.025000000000000022,0.5,0.0,0.866566219619511,0.05479972206317567,5.871691594151777,3.147009219405355,strict_delta_max,1,cross_layer_handoff_executed
grid-treasure_DLGPR-full_seed0,0,DLGPR-full,grid-treasure,1,0,GA,2.2287436819278796,1.658499939367175,0.025000000000000022,0.025000000000000022,0.5,0.0,0.8157392074345331,0.061604890988247216,16.0,13.77125631807212,strict_delta_max,1,cross_layer_handoff_executed
grid-treasure_DLGPR-full_seed0,0,DLGPR-full,grid-treasure,1,1,PSO,1.8306179348758986,1.7226999625563622,-0.010000000000000009,-0.010000000000000009,0.5,0.0,0.0,0.06127783851955885,13.77125631807212,11.940638383196223,strict_delta_max,1,cross_layer_handoff_executed
grid-treasure_DLGPR-full_seed0,0,DLGPR-full,grid-treasure,1,2,RL,2.9481489158924736,2.1872000070288777,-0.010000000000000009,-0.010000000000000009,0.5,0.0,0.0,0.0,11.940638383196223,8.992489467303749,strict_delta_max,2,cross_layer_handoff_executed
grid-treasure_DLGPR-full_seed0,0,DLGPR-full,grid-treasure,1,3,GA,1.9362877726418188,1.3708999613299966,0.025000000000000022,0.025000000000000022,0.5,0.0,0.7496240834427136,0.07241192406185654,8.992489467303749,7.0562016946619295,strict_delta_max,1,cross_layer_handoff_executed
grid-treasure_DLGPR-full_seed0,0,DLGPR-full,grid-treasure,1,4,GA,1.6568541345136913,1.7766000237315893,0.025000000000000022,0.025000000000000022,0.5,0.0,0.7496240834427136,0.08420840303187381,7.0562016946619295,5.399347560148238,strict_delta_max,1,cross_layer_handoff_executed
grid-treasure_DLGPR-full_seed0,0,DLGPR-full,grid-treasure,1,5,GA,1.1121535205444677,1.8099000444635749,0.025000000000000022,0.025000000000000022,0.5,0.0,0.7496240834427136,0.15245575063753453,5.399347560148238,4.28719403960377,strict_delta_max,1,cross_layer_handoff_executed
grid-treasure_DLGPR-full_seed0,0,DLGPR-full,grid-treasure,1,6,GA,1.3597466551576876,1.9873999990522861,0.025000000000000022,0.025000000000000022,0.5,0.0,0.7496240834427136,0.13437373961066415,4.28719403960377,2.927447384446083,strict_delta_max,1,cross_layer_handoff_executed
grid-treasure_DLGPR-full_seed0,0,DLGPR-full,grid-treasure,2,0,GA,2.9349289481239778,1.5912000089883804,0.025000000000000022,0.025000000000000022,0.5,0.0,0.7496240834427136,0.04819002289394612,16.0,13.065071051876021,strict_delta_max,1,cross_layer_handoff_executed
grid-treasure_DLGPR-full_seed0,0,DLGPR-full,grid-treasure,2,1,PSO,2.784785482308259,2.853199956007302,-1.1800000000000002,-1.1800000000000002,0.0,0.0,0.0,0.05492092639224441,13.065071051876021,10.280285569567763,strict_delta_max,1,cross_layer_handoff_executed
grid-treasure_DLGPR-full_seed0,0,DLGPR-full,grid-treasure,2,2,RL,2.864667814679758,2.6025999104604125,0.025000000000000022,0.025000000000000022,0.5,0.0,0.0,0.0,10.280285569567763,7.415617754888005,strict_delta_max,2,cross_layer_handoff_executed
grid-treasure_DLGPR-full_seed0,0,DLGPR-full,grid-treasure,2,3,RL,2.2464886232341943,1.913700019940734,0.025000000000000022,0.025000000000000022,0.5,0.0,0.0,0.031159739371047164,7.415617754888005,5.16912913165381,strict_delta_max,2,cross_layer_handoff_executed
grid-treasure_DLGPR-full_seed0,0,DLGPR-full,grid-treasure,2,4,PSO,1.8898635663927343,1.5995000721886754,-1.1,-1.1,0.0,0.0,0.0,0.07540163674852672,5.16912913165381,3.279265565261076,strict_delta_max,1,cross_layer_handoff_executed
grid-treasure_DLGPR-full_seed0,0,DLGPR-full,grid-treasure,3,0,GA,1.660857547085325,1.5563999768346548,0.025000000000000022,0.025000000000000022,0.5,0.0,0.7496240834427136,0.09932426013650668,16.0,14.339142452914675,strict_delta_max,1,cross_layer_handoff_executed
grid-treasure_DLGPR-full_seed0,0,DLGPR-full,grid-treasure,3,1,PSO,1.0,1.6675000078976154,0.025000000000000022,0.025000000000000022,0.5,0.0,0.0,0.1565673542703392,14.339142452914675,13.339142452914675,strict_delta_max,1,cross_layer_handoff_executed
grid-treasure_DLGPR-full_seed0,0,DLGPR-full,grid-treasure,3,2,RL,1.4293267512003542,4.019699990749359,0.025000000000000022,0.025000000000000022,0.5,0.0,0.0,1.3992601749882538,13.339142452914675,11.90981570171432,strict_delta_max,2,cross_layer_handoff_executed
grid-treasure_DLGPR-full_seed0,0,DLGPR-full,grid-treasure,3,3,RL,3.0297751555365533,2.480299910530448,0.025000000000000022,0.025000000000000022,0.5,0.0,0.0,0.0,11.90981570171432,8.880040546177767,strict_delta_max,2,cross_layer_handoff_executed
grid-treasure_DLGPR-full_seed0,0,DLGPR-full,grid-treasure,3,4,RL,2.5097360922721528,3.3441000850871205,0.025000000000000022,0.025000000000000022,0.5,0.0,0.0,0.8168189501327457,8.880040546177767,6.370304453905614,strict_delta_max,2,cross_layer_handoff_executed
grid-treasure_DLGPR-full_seed0,0,DLGPR-full,grid-treasure,3,5,RL,2.8879525361283993,2.7571000391617417,0.025000000000000022,0.025000000000000022,0.5,0.0,0.0,0.0,6.370304453905614,3.482351917777215,strict_delta_max,2,cross_layer_handoff_executed
grid-treasure_DLGPR-full_seed0,0,DLGPR-full,grid-treasure,4,0,GA,1.7231062928994332,1.7644999315962195,0.025000000000000022,0.025000000000000022,0.5,0.0,0.7496240834427136,0.07631153690455411,16.0,14.276893707100566,strict_delta_max,1,cross_layer_handoff_executed
grid-treasure_DLGPR-full_seed0,0,DLGPR-full,grid-treasure,4,1,PSO,3.533233644949228,1.8983000190928578,0.025000000000000022,0.025000000000000022,0.5,0.0,0.0,0.037562547074075,14.276893707100566,10.743660062151339,strict_delta_max,1,cross_layer_handoff_executed
grid-treasure_DLGPR-full_seed0,0,DLGPR-full,grid-treasure,4,2,RL,1.7015830881109295,2.7279999339953065,0.025000000000000022,0.025000000000000022,0.5,0.0,0.0,0.04113816156795079,10.743660062151339,9.042076974040409,strict_delta_max,2,cross_layer_handoff_executed
grid-treasure_DLGPR-full_seed0,0,DLGPR-full,grid-treasure,4,3,RL,1.8234662643802113,2.175700035877526,0.025000000000000022,0.025000000000000022,0.5,0.0,0.0,0.0,9.042076974040409,7.218610709660197,strict_delta_max,2,cross_layer_handoff_executed
grid-treasure_DLGPR-full_seed0,0,DLGPR-full,grid-treasure,4,4,PSO,1.6066209439018744,1.4288000529631972,0.025000000000000022,0.025000000000000022,0.5,0.0,0.0,0.05780665998565538,7.218610709660197,5.611989765758323,strict_delta_max,1,cross_layer_handoff_executed
grid-treasure_DLGPR-full_seed0,0,DLGPR-full,grid-treasure,4,5,PSO,1.0001425865188653,1.359199988655746,0.025000000000000022,0.025000000000000022,0.5,0.0,0.0,0.07879872757636366,5.611989765758323,4.611847179239458,strict_delta_max,1,cross_layer_handoff_executed
grid-treasure_DLGPR-full_seed0,0,DLGPR-full,grid-treasure,4,6,RL,3.1996301936070783,2.4924000026658177,0.025000000000000022,0.025000000000000022,0.5,0.0,0.0,0.0,4.611847179239458,1.4122169856323796,strict_delta_max,2,cross_layer_handoff_executed
grid-treasure_DLGPR-full_seed0,0,DLGPR-full,grid-treasure,5,0,GA,3.475411460368137,1.8070999067276716,0.025000000000000022,0.025000000000000022,0.5,0.0,0.7496240834427136,0.03638127649085073,16.0,12.524588539631862,strict_delta_max,1,cross_layer_handoff_executed
grid-treasure_DLGPR-full_seed0,0,DLGPR-full,grid-treasure,5,1,PSO,2.31260968864745,1.832099980674684,0.025000000000000022,0.025000000000000022,0.5,0.0,0.0,0.06663784372615211,12.524588539631862,10.211978850984412,strict_delta_max,1,cross_layer_handoff_executed
grid-treasure_DLGPR-full_seed0,0,DLGPR-full,grid-treasure,5,2,RL,2.406798094007212,1.967300078831613,0.025000000000000022,0.025000000000000022,0.5,0.0,0.0,0.008309795512053488,10.211978850984412,7.8051807569772,strict_delta_max,2,cross_layer_handoff_executed
grid-treasure_DLGPR-full_seed0,0,DLGPR-full,grid-treasure,5,3,GA,2.2622907571518827,1.5121999895200133,0.025000000000000022,0.025000000000000022,0.5,0.0,0.7496240834427136,0.05315994934705495,7.8051807569772,5.542889999825317,strict_delta_max,1,cross_layer_handoff_executed
grid-treasure_DLGPR-full_seed0,0,DLGPR-full,grid-treasure,5,4,GA,3.5747113740580776,1.8403999274596572,0.025000000000000022,0.025000000000000022,0.5,0.0,0.7496240834427136,0.03463326883691864,5.542889999825317,1.9681786257672398,strict_delta_max,1,cross_layer_handoff_executed
grid-treasure_DLGPR-full_seed1,1,DLGPR-full,grid-treasure,0,0,GA,1.824988789829238,2.6369000552222133,-1.05,-1.05,0.0,0.0,0.8643655984494946,0.08235453439285725,16.0,14.175011210170762,strict_delta_max,1,cross_layer_handoff_executed
grid-treasure_DLGPR-full_seed1,1,DLGPR-full,grid-treasure,0,1,PSO,2.1742379665759692,2.1644999505952,0.010000000000000009,0.010000000000000009,0.5,0.0,0.0,0.07738612075064231,14.175011210170762,12.000773243594793,strict_delta_max,1,cross_layer_handoff_executed
grid-treasure_DLGPR-full_seed1,1,DLGPR-full,grid-treasure,0,2,RL,4.0,3.1737000681459904,-1.0550000000000002,-1.0550000000000002,0.0,0.0,0.0,0.0,12.000773243594793,8.000773243594793,strict_delta_max,2,cross_layer_handoff_executed
grid-treasure_DLGPR-full_seed1,1,DLGPR-full,grid-treasure,0,3,GA,3.460774059507657,1.3547999551519752,0.0,0.0,0.5,0.0,0.7931361172545822,0.03752583778844092,8.000773243594793,4.5399991840871365,strict_delta_max,1,cross_layer_handoff_executed
grid-treasure_DLGPR-full_seed1,1,DLGPR-full,grid-treasure,0,4,GA,2.855612249299627,1.950099947862327,-1.03,-1.03,0.0,0.0,0.7957040923505982,0.06043677339554088,4.5399991840871365,1.6843869347875096,strict_delta_max,1,cross_layer_handoff_executed
grid-treasure_DLGPR-full_seed1,1,DLGPR-full,grid-treasure,1,0,GA,2.4986373851692676,2.478600014001131,-1.1,-1.1,0.0,0.0,0.7797323295051072,0.05145925194405685,16.0,13.501362614830732,strict_delta_max,1,cross_layer_handoff_executed
grid-treasure_DLGPR-full_seed1,1,DLGPR-full,grid-treasure,1,1,PSO,1.736408736161779,2.420600038021803,-1.07,-1.07,0.0,0.0,0.0,0.062044977726406596,13.501362614830732,11.764953878668953,strict_delta_max,1,cross_layer_handoff_executed
grid-treasure_DLGPR-full_seed1,1,DLGPR-full,grid-treasure,1,2,RL,2.442471268370655,2.5610000593587756,-1.05,-1.05,0.0,0.0,0.0,0.08188427949591305,11.764953878668953,9.322482610298298,strict_delta_max,2,cross_layer_handoff_executed
grid-treasure_DLGPR-full_seed1,1,DLGPR-full,grid-treasure,1,3,RL,3.932406379836801,2.349400077946484,-1.0550000000000002,-1.0550000000000002,0.0,0.0,0.0,0.0,9.322482610298298,5.3900762304614975,strict_delta_max,2,cross_layer_handoff_executed
grid-treasure_DLGPR-full_seed1,1,DLGPR-full,grid-treasure,1,4,PSO,1.3601229252683344,1.6398000298067927,-1.08,-1.08,0.0,0.0,0.0,0.11100898366690522,5.3900762304614975,4.029953305193163,strict_delta_max,1,cross_layer_handoff_executed
grid-treasure_DLGPR-full_seed1,1,DLGPR-full,grid-treasure,1,5,RL,2.9091185099355004,3.4126000246033072,-1.08,-1.08,0.0,0.0,0.0,0.0,4.029953305193163,1.1208347952576627,strict_delta_max,2,cross_layer_handoff_executed
grid-treasure_DLGPR-full_seed1,1,DLGPR-full,grid-treasure,2,0,GA,2.072594093199623,1.495799981057644,0.0,0.0,0.5,0.0,0.6520019206266885,0.07666079938041652,16.0,13.927405906800377,strict_delta_max,1,cross_layer_handoff_executed
grid-treasure_DLGPR-full_seed1,1,DLGPR-full,grid-treasure,2,1,PSO,2.8910219473142713,1.9040999468415976,0.010000000000000009,0.010000000000000009,0.5,0.0,0.0,0.029360800992571358,13.927405906800377,11.036383959486106,strict_delta_max,1,cross_layer_handoff_executed
grid-treasure_DLGPR-full_seed1,1,DLGPR-full,grid-treasure,2,2,RL,3.0556977713307925,2.4543999461457133,-1.08,-1.08,0.0,0.0,0.0,0.03927089947371945,11.036383959486106,7.980686188155313,strict_delta_max,2,cross_layer_handoff_executed
grid-treasure_DLGPR-full_seed1,1,DLGPR-full,grid-treasure,2,3,GA,3.8163659211317085,2.7610999532043934,-1.1400000000000001,-1.1400000000000001,0.0,0.0,0.6520019206266885,0.047161610099299735,7.980686188155313,4.164320267023605,strict_delta_max,1,cross_layer_handoff_executed
grid-treasure_DLGPR-full_seed1,1,DLGPR-full,grid-treasure,2,4,GA,2.269521690373412,1.617999980226159,0.0,0.0,0.5,0.0,0.67188613022298,0.04705870012540879,4.164320267023605,1.8947985766501931,strict_delta_max,1,cross_layer_handoff_executed
grid-treasure_DLGPR-full_seed1,1,DLGPR-full,grid-treasure,3,0,GA,1.2541300037475702,1.6050999984145164,-1.025,-1.025,0.0,0.0,0.6735679959361844,0.08010044051260604,16.0,14.74586999625243,strict_delta_max,1,cross_layer_handoff_executed
grid-treasure_DLGPR-full_seed1,1,DLGPR-full,grid-treasure,3,1,PSO,1.6320539299121601,2.2464999929070473,-1.04,-1.04,0.0,0.0,0.0,0.06026118974559512,14.74586999625243,13.11381606634027,strict_delta_max,1,cross_layer_handoff_executed
grid-treasure_DLGPR-full_seed1,1,DLGPR-full,grid-treasure,3,2,RL,3.1472313840110036,3.019099938683212,-1.08,-1.08,0.0,0.0,0.0,0.6386565697747797,13.11381606634027,9.966584682329266,strict_delta_max,2,cross_layer_handoff_executed
grid-treasure_DLGPR-full_seed1,1,DLGPR-full,grid-treasure,3,3,RL,2.3493525308062173,2.4624000070616603,-1.08,-1.08,0.0,0.0,0.0,0.0,9.966584682329266,7.617232151523049,strict_delta_max,2,cross_layer_handoff_executed
grid-treasure_DLGPR-full_seed1,1,DLGPR-full,grid-treasure,3,4,RL,1.73867431484452,1.9307000329717994,-1.0550000000000002,-1.0550000000000002,0.0,0.0,0.0,0.0,7.617232151523049,5.878557836678529,strict_delta_max,2,cross_layer_handoff_executed
grid-treasure_DLGPR-full_seed1,1,DLGPR-full,grid-treasure,3,5,RL,3.7780727607102453,3.617099951952696,-1.0550000000000002,-1.0550000000000002,0.0,0.0,0.0,0.002646852147474284,5.878557836678529,2.1004850759682836,strict_delta_max,2,cross_layer_handoff_executed
grid-treasure_DLGPR-full_seed1,1,DLGPR-full,grid-treasure,4,0,GA,2.1458493750140066,1.7875999910756946,0.010000000000000009,0.010000000000000009,0.5,0.0,0.6715206253356365,0.06520069679896817,16.0,13.854150624985994,strict_delta_max,1,cross_layer_handoff_executed
grid-treasure_DLGPR-full_seed1,1,DLGPR-full,grid-treasure,4,1,PSO,3.486967676710816,2.2293999791145325,-1.04,-1.04,0.0,0.0,0.0,0.027913847079847145,13.854150624985994,10.367182948275179,strict_delta_max,1,cross_layer_handoff_executed
grid-treasure_DLGPR-full_seed1,1,DLGPR-full,grid-treasure,4,2,RL,3.8316345872301114,4.077499965205789,-1.0550000000000002,-1.0550000000000002,0.0,0.0,0.0,0.0,10.367182948275179,6.535548361045068,strict_delta_max,2,cross_layer_handoff_executed
grid-treasure_DLGPR-full_seed1,1,DLGPR-full,grid-treasure,4,3,GA,1.1602258760885018,1.7694999696686864,0.010000000000000009,0.010000000000000009,0.5,0.0,0.7019599414644363,0.13210640535484355,6.535548361045068,5.375322484956566,strict_delta_max,1,cross_layer_handoff_executed
grid-treasure_DLGPR-full_seed1,1,DLGPR-full,grid-treasure,4,4,GA,1.4339338819543688,1.6651999903842807,-1.03,-1.03,0.0,0.0,0.7019599414644363,0.09711206888063578,5.375322484956566,3.9413886030021974,strict_delta_max,1,cross_layer_handoff_executed
grid-treasure_DLGPR-full_seed1,1,DLGPR-full,grid-treasure,5,0,GA,2.756491187399092,1.9717999966815114,0.010000000000000009,0.010000000000000009,0.5,0.0,0.6847864698477566,0.0452125173440572,16.0,13.243508812600908,strict_delta_max,1,cross_layer_handoff_executed
grid-treasure_DLGPR-full_seed1,1,DLGPR-full,grid-treasure,5,1,PSO,1.676574399145572,2.0929999882355332,0.010000000000000009,0.010000000000000009,0.5,0.0,0.0,0.0663637273189755,13.243508812600908,11.566934413455336,strict_delta_max,1,cross_layer_handoff_executed
grid-treasure_DLGPR-full_seed1,1,DLGPR-full,grid-treasure,5,2,RL,2.122817702125168,2.1307000424712896,0.0,0.0,0.5,0.0,0.0,0.09421440183006695,11.566934413455336,9.444116711330167,strict_delta_max,2,cross_layer_handoff_executed
grid-treasure_DLGPR-full_seed1,1,DLGPR-full,grid-treasure,5,3,GA,2.967219608053956,1.3391999527812004,-1.03,-1.03,0.0,0.0,0.6637508662734786,0.0481724304824354,9.444116711330167,6.476897103276212,strict_delta_max,1,cross_layer_handoff_executed
grid-treasure_DLGPR-full_seed1,1,DLGPR-full,grid-treasure,5,4,GA,3.2556676334108285,2.156800008378923,0.010000000000000009,0.010000000000000009,0.5,0.0,0.6858274122616801,0.047888441821783576,6.476897103276212,3.221229469865383,strict_delta_max,1,cross_layer_handoff_executed
grid-treasure_DLGPR-full_seed2,2,DLGPR-full,grid-treasure,0,0,GA,3.9053653955254966,3.454199992120266,-0.6500000000000001,-0.6500000000000001,0.0,0.0,0.8718432739321208,0.04391968426834987,16.0,12.094634604474503,strict_delta_max,1,cross_layer_handoff_executed
grid-treasure_DLGPR-full_seed2,2,DLGPR-full,grid-treasure,0,1,PSO,1.6816474976395537,2.3412000155076385,-1.12,-1.12,0.0,0.0,0.0,0.08873132629818674,12.094634604474503,10.412987106834949,strict_delta_max,1,cross_layer_handoff_executed
grid-treasure_DLGPR-full_seed2,2,DLGPR-full,grid-treasure,0,2,RL,1.3622580479494517,2.6903999969363213,-1.12,-1.12,0.0,0.0,0.0,0.0,10.412987106834949,9.050729058885498,strict_delta_max,2,cross_layer_handoff_executed
grid-treasure_DLGPR-full_seed2,2,DLGPR-full,grid-treasure,0,3,GA,3.3079688215383105,3.2015000469982624,-1.2349999999999999,-1.2349999999999999,0.0,0.0,0.8441815109289925,0.04901357931999614,9.050729058885498,5.742760237347188,strict_delta_max,1,cross_layer_handoff_executed
grid-treasure_DLGPR-full_seed2,2,DLGPR-full,grid-treasure,0,4,GA,1.2647531072632963,2.5253999046981335,-0.12,-0.12,0.5,0.0,0.7893992672097868,0.10537769007532313,5.742760237347188,4.478007130083892,strict_delta_max,1,cross_layer_handoff_executed
grid-treasure_DLGPR-full_seed2,2,DLGPR-full,grid-treasure,0,5,GA,3.4762739439628696,2.5424999184906483,-0.10999999999999999,-0.10999999999999999,0.5,0.0,0.7857552850322262,0.03930323124540112,4.478007130083892,1.0017331861210224,strict_delta_max,1,cross_layer_handoff_executed
grid-treasure_DLGPR-full_seed2,2,DLGPR-full,grid-treasure,1,0,GA,1.1954839939561188,2.272999961860478,-0.08999999999999997,-0.08999999999999997,0.5,0.004182406477441749,0.7419046016899835,0.10076546212493463,16.0,14.804516006043881,strict_delta_max,1,cross_layer_handoff_executed
grid-treasure_DLGPR-full_seed2,2,DLGPR-full,grid-treasure,1,1,PSO,2.984060029159317,2.261799992993474,-1.095,-1.095,0.0,0.0,0.0,0.04395976887830286,14.804516006043881,11.820455976884563,strict_delta_max,1,cross_layer_handoff_executed
grid-treasure_DLGPR-full_seed2,2,DLGPR-full,grid-treasure,1,2,RL,4.0,3.2109000021591783,-1.12,-1.12,0.0,0.0,0.0,0.0,11.820455976884563,7.820455976884563,strict_delta_max,2,cross_layer_handoff_executed
grid-treasure_DLGPR-full_seed2,2,DLGPR-full,grid-treasure,1,3,GA,2.9332935921936913,2.7979000005871058,-0.10999999999999999,-0.10999999999999999,0.5,0.0,0.7410023746462719,0.045954098698873236,7.820455976884563,4.887162384690872,strict_delta_max,1,cross_layer_handoff_executed
grid-treasure_DLGPR-full_seed2,2,DLGPR-full,grid-treasure,1,4,GA,1.8421526725391235,2.5456000585108995,-0.07000000000000006,-0.07000000000000006,0.5,0.01085686343924632,0.6913675835844081,0.07280272837548722,4.887162384690872,3.0450097121517485,strict_delta_max,1,cross_layer_handoff_executed
grid-treasure_DLGPR-full_seed2,2,DLGPR-full,grid-treasure,2,0,GA,1.5796136838328758,2.688499982468784,-0.13,-0.13,0.5,0.0,0.6357706498928092,0.07954857843556727,16.0,14.420386316167125,strict_delta_max,1,cross_layer_handoff_executed
grid-treasure_DLGPR-full_seed2,2,DLGPR-full,grid-treasure,2,1,PSO,1.4239732053298313,2.1118000149726868,-0.09499999999999997,-0.09499999999999997,0.5,0.0,0.0,0.08086012452943134,14.420386316167125,12.996413110837294,strict_delta_max,1,cross_layer_handoff_executed
grid-treasure_DLGPR-full_seed2,2,DLGPR-full,grid-treasure,2,2,RL,1.3355040625999792,3.7731999764218926,-0.08500000000000008,-0.08500000000000008,0.5,0.0,0.0,0.007487809494590275,12.996413110837294,11.660909048237315,strict_delta_max,2,cross_layer_handoff_executed
grid-treasure_DLGPR-full_seed2,2,DLGPR-full,grid-treasure,2,3,RL,1.6277329317139018,2.968300017528236,-0.10999999999999999,-0.10999999999999999,0.5,0.0,0.0,0.03686108380004561,11.660909048237315,10.033176116523412,strict_delta_max,2,cross_layer_handoff_executed
grid-treasure_DLGPR-full_seed2,2,DLGPR-full,grid-treasure,2,4,PSO,1.1570049255244175,1.7473999178037047,-0.06999999999999995,-0.06999999999999995,0.5,9.595663770592361e-17,0.0,0.012106932300835833,10.033176116523412,8.876171190998996,strict_delta_max,1,cross_layer_handoff_executed
grid-treasure_DLGPR-full_seed2,2,DLGPR-full,grid-treasure,2,5,RL,3.9861700569114045,4.173099994659424,-0.08500000000000008,-0.08500000000000008,0.5,0.0,0.0,0.0,8.876171190998996,4.890001134087591,strict_delta_max,2,cross_layer_handoff_executed
grid-treasure_DLGPR-full_seed2,2,DLGPR-full,grid-treasure,2,6,PSO,2.3143042624707526,2.276900107972324,-1.12,-1.12,0.0,0.0,0.0,0.03414928875770809,4.890001134087591,2.575696871616838,strict_delta_max,1,cross_layer_handoff_executed
grid-treasure_DLGPR-full_seed2,2,DLGPR-full,grid-treasure,3,0,GA,2.512966225031807,2.8785000322386622,-1.135,-1.135,0.0,0.0,0.5307337387797217,0.05623946310240565,16.0,13.487033774968193,strict_delta_max,1,cross_layer_handoff_executed
grid-treasure_DLGPR-full_seed2,2,DLGPR-full,grid-treasure,3,1,PSO,1.2714296302405763,2.5624000700190663,-1.085,-1.085,0.0,0.0,0.0,0.07034975523850723,13.487033774968193,12.215604144727617,strict_delta_max,1,cross_layer_handoff_executed
grid-treasure_DLGPR-full_seed2,2,DLGPR-full,grid-treasure,3,2,RL,2.5847237474053317,4.422000027261674,-0.10999999999999999,-0.10999999999999999,0.5,0.0,0.0,0.06577105200145818,12.215604144727617,9.630880397322287,strict_delta_max,2,cross_layer_handoff_executed
grid-treasure_DLGPR-full_seed2,2,DLGPR-full,grid-treasure,3,3,RL,1.4156021082511094,3.770100069232285,-0.10999999999999999,-0.10999999999999999,0.5,0.0,0.0,0.0,9.630880397322287,8.215278289071177,strict_delta_max,2,cross_layer_handoff_executed
grid-treasure_DLGPR-full_seed2,2,DLGPR-full,grid-treasure,3,4,RL,2.365275407712242,3.089000005275011,-0.08499999999999996,-0.08499999999999996,0.5,0.0,0.0,0.021139187359311102,8.215278289071177,5.850002881358935,strict_delta_max,2,cross_layer_handoff_executed
grid-treasure_DLGPR-full_seed2,2,DLGPR-full,grid-treasure,3,5,PSO,2.3235989962174233,2.508800011128187,-0.08499999999999996,-0.08499999999999996,0.5,0.0,0.0,0.008863187390786965,5.850002881358935,3.526403885141512,strict_delta_max,1,cross_layer_handoff_executed
grid-treasure_DLGPR-full_seed2,2,DLGPR-full,grid-treasure,4,0,GA,1.728294932484743,2.468799939379096,-0.10999999999999999,-0.10999999999999999,0.5,0.0,0.48726402306458233,0.045927551119337294,16.0,14.271705067515256,strict_delta_max,1,cross_layer_handoff_executed
grid-treasure_DLGPR-full_seed2,2,DLGPR-full,grid-treasure,4,1,PSO,2.589318907858527,2.0191000076010823,-0.06999999999999995,-0.06999999999999995,0.5,0.0,0.0,0.00785027435497918,14.271705067515256,11.68238615965673,strict_delta_max,1,cross_layer_handoff_executed
grid-treasure_DLGPR-full_seed2,2,DLGPR-full,grid-treasure,4,2,RL,3.204201180767266,2.9934000922366977,-0.08499999999999996,-0.08499999999999996,0.5,0.0,0.0,0.015604513318363872,11.68238615965673,8.478184978889464,strict_delta_max,2,cross_layer_handoff_executed
grid-treasure_DLGPR-full_seed2,2,DLGPR-full,grid-treasure,4,3,GA,1.964580267179211,2.517700078897178,-0.10999999999999999,-0.10999999999999999,0.5,0.0,0.42893268622691827,0.05429365485553628,8.478184978889464,6.513604711710253,strict_delta_max,1,cross_layer_handoff_executed
grid-treasure_DLGPR-full_seed2,2,DLGPR-full,grid-treasure,4,4,GA,1.6521910010079206,2.366799977608025,-1.12,-1.12,0.0,0.0,0.42893268622691827,0.03897964919268462,6.513604711710253,4.861413710702333,strict_delta_max,1,cross_layer_handoff_executed
grid-treasure_DLGPR-full_seed2,2,DLGPR-full,grid-treasure,4,5,GA,1.0974817668792907,2.3639999562874436,-0.10999999999999999,-0.10999999999999999,0.5,0.0,0.42893268622691827,0.08711468302395407,4.861413710702333,3.7639319438230423,strict_delta_max,1,cross_layer_handoff_executed
grid-treasure_DLGPR-full_seed2,2,DLGPR-full,grid-treasure,5,0,GA,2.125920565519354,2.2413000697270036,-0.09499999999999997,-0.09499999999999997,0.5,0.0,0.4116218128937508,0.049351585529538666,16.0,13.874079434480645,strict_delta_max,1,cross_layer_handoff_executed
grid-treasure_DLGPR-full_seed2,2,DLGPR-full,grid-treasure,5,1,PSO,2.782614000202275,1.8534999107941985,-0.06999999999999995,-0.06999999999999995,0.5,0.0,0.0,0.023060938612019927,13.874079434480645,11.091465434278371,strict_delta_max,1,cross_layer_handoff_executed
grid-treasure_DLGPR-full_seed2,2,DLGPR-full,grid-treasure,5,2,RL,3.6720918360362096,5.0178999081254005,-0.08499999999999996,-0.08499999999999996,0.5,0.0,0.0,0.0,11.091465434278371,7.419373598242162,strict_delta_max,2,cross_layer_handoff_executed
grid-treasure_DLGPR-full_seed2,2,DLGPR-full,grid-treasure,5,3,GA,3.5481993725711005,2.0812000147998333,-0.09499999999999997,-0.09499999999999997,0.5,0.0,0.4115898949252074,0.022537532201785105,7.419373598242162,3.8711742256710613,strict_delta_max,1,cross_layer_handoff_executed
grid-treasure_fixed-split_seed0,0,fixed-split,grid-treasure,0,0,GA,3.2127778257737645,1.8156999722123146,0.025000000000000022,0.025000000000000022,0.5,0.0,0.8931030542994856,0.05487385891284679,16.0,12.787222174226235,strict_delta_max,1,cross_layer_handoff_executed
grid-treasure_fixed-split_seed0,0,fixed-split,grid-treasure,0,1,PSO,1.240539447270699,1.4638000866398215,0.010000000000000009,0.010000000000000009,0.5,0.0,0.0,0.1382138938747343,12.787222174226235,11.546682726955536,strict_delta_max,1,cross_layer_handoff_executed
grid-treasure_fixed-split_seed0,0,fixed-split,grid-treasure,0,2,RL,3.0155307486080147,2.7722999220713973,-1.135,-1.135,0.0,0.0,0.0,0.0,11.546682726955536,8.531151978347522,strict_delta_max,2,cross_layer_handoff_executed
grid-treasure_fixed-split_seed0,0,fixed-split,grid-treasure,0,3,GA,2.659460384195745,1.330800005234778,0.025000000000000022,0.025000000000000022,0.5,0.0,0.8754084243546231,0.0546770053002769,8.531151978347522,5.871691594151777,strict_delta_max,1,cross_layer_handoff_executed
grid-treasure_fixed-split_seed0,0,fixed-split,grid-treasure,0,4,PSO,3.298536398613016,2.6523000560700893,-1.225,-1.225,0.0,0.0,0.0,0.037742041008579905,5.871691594151777,2.573155195538761,strict_delta_max,1,cross_layer_handoff_executed
grid-treasure_fixed-split_seed0,0,fixed-split,grid-treasure,1,0,RL,3.619879158304743,1.667100004851818,-0.07499999999999996,-0.07499999999999996,0.5,0.0,0.0,0.01105009262760384,16.0,12.380120841695257,strict_delta_max,2,cross_layer_handoff_executed
grid-treasure_fixed-split_seed0,0,fixed-split,grid-treasure,1,1,GA,2.986903711950858,0.8955999510362744,0.025000000000000022,0.025000000000000022,0.5,0.0,0.8089314407145728,0.04448334011898654,12.380120841695257,9.3932171297444,strict_delta_max,1,cross_layer_handoff_executed
grid-treasure_fixed-split_seed0,0,fixed-split,grid-treasure,1,2,PSO,1.6663911333067114,1.193600008264184,-1.0699999999999998,-1.0699999999999998,0.0,0.0,0.0,0.09014254428411451,9.3932171297444,7.726825996437689,strict_delta_max,1,cross_layer_handoff_executed
grid-treasure_fixed-split_seed0,0,fixed-split,grid-treasure,1,3,RL,1.911591196405813,1.3409999664872885,0.010000000000000009,0.010000000000000009,0.5,0.0,0.0,1.051480046455129,7.726825996437689,5.815234800031876,strict_delta_max,2,cross_layer_handoff_executed
grid-treasure_fixed-split_seed0,0,fixed-split,grid-treasure,1,4,GA,1.2021036244648466,0.9084000485017896,0.025000000000000022,0.025000000000000022,0.5,0.0,0.7337264185087455,0.11969196506391623,5.815234800031876,4.613131175567029,strict_delta_max,1,cross_layer_handoff_executed
grid-treasure_fixed-split_seed0,0,fixed-split,grid-treasure,1,5,PSO,1.588517437152293,1.0220999829471111,0.025000000000000022,0.025000000000000022,0.5,0.0,0.0,0.08334409797848809,4.613131175567029,3.0246137384147356,strict_delta_max,1,cross_layer_handoff_executed
grid-treasure_fixed-split_seed0,0,fixed-split,grid-treasure,2,0,RL,1.7652171229546167,1.4830000000074506,0.030000000000000027,0.030000000000000027,0.5,0.0028325127458717456,0.0,0.0,16.0,14.234782877045383,strict_delta_max,2,cross_layer_handoff_executed
grid-treasure_fixed-split_seed0,0,fixed-split,grid-treasure,2,1,GA,1.192276019740498,1.2045999756082892,0.025000000000000022,0.025000000000000022,0.5,0.0,0.7296562057328728,0.10560968736444179,14.234782877045383,13.042506857304884,strict_delta_max,1,cross_layer_handoff_executed
grid-treasure_fixed-split_seed0,0,fixed-split,grid-treasure,2,2,PSO,1.2078564187023542,1.5157000161707401,0.025000000000000022,0.025000000000000022,0.5,0.0,0.0,0.13205147628888905,13.042506857304884,11.83465043860253,strict_delta_max,1,cross_layer_handoff_executed
grid-treasure_fixed-split_seed0,0,fixed-split,grid-treasure,2,3,RL,2.4784460018601084,3.362199990078807,0.030000000000000027,0.030000000000000027,0.5,0.0,0.0,0.7787137579561985,11.83465043860253,9.356204436742422,strict_delta_max,2,cross_layer_handoff_executed
grid-treasure_fixed-split_seed0,0,fixed-split,grid-treasure,2,4,GA,3.4409047630003293,1.1314000003039837,0.025000000000000022,0.025000000000000022,0.5,0.0,0.7157842771858526,0.04292567567179621,9.356204436742422,5.915299673742092,strict_delta_max,1,cross_layer_handoff_executed
grid-treasure_fixed-split_seed0,0,fixed-split,grid-treasure,2,5,PSO,2.503447681985216,1.435799989849329,0.020000000000000018,0.020000000000000018,0.5,0.0,0.0,0.05086813826889947,5.915299673742092,3.4118519917568766,strict_delta_max,1,cross_layer_handoff_executed
grid-treasure_fixed-split_seed0,0,fixed-split,grid-treasure,3,0,RL,1.1778177618203227,1.7989000771194696,0.025000000000000022,0.025000000000000022,0.5,0.0,0.0,0.0,16.0,14.822182238179677,strict_delta_max,2,cross_layer_handoff_executed
grid-treasure_fixed-split_seed0,0,fixed-split,grid-treasure,3,1,GA,3.338838565311309,1.3519999338313937,0.025000000000000022,0.025000000000000022,0.5,0.0,0.7157842771858526,0.027484559993904353,14.822182238179677,11.483343672868369,strict_delta_max,1,cross_layer_handoff_executed
grid-treasure_fixed-split_seed0,0,fixed-split,grid-treasure,3,2,PSO,3.152416723963589,1.740399980917573,-1.06,-1.06,0.0,0.0,0.0,0.038081492699909195,11.483343672868369,8.330926948904779,strict_delta_max,1,cross_layer_handoff_executed
grid-treasure_fixed-split_seed0,0,fixed-split,grid-treasure,3,3,RL,3.083842197612888,2.2977000335231423,0.025000000000000022,0.025000000000000022,0.5,0.0,0.0,0.6712405717783896,8.330926948904779,5.24708475129189,strict_delta_max,2,cross_layer_handoff_executed
grid-treasure_fixed-split_seed0,0,fixed-split,grid-treasure,3,4,GA,1.5959601187479744,1.4236000133678317,0.025000000000000022,0.025000000000000022,0.5,0.0,0.7157842771858526,0.0902195029468794,5.24708475129189,3.6511246325439157,strict_delta_max,1,cross_layer_handoff_executed
grid-treasure_fixed-split_seed0,0,fixed-split,grid-treasure,4,0,PSO,1.3583915449176174,1.3291999930515885,0.025000000000000022,0.025000000000000022,0.5,0.0,0.0,0.06801663008843986,16.0,14.641608455082382,strict_delta_max,1,cross_layer_handoff_executed
grid-treasure_fixed-split_seed0,0,fixed-split,grid-treasure,4,1,RL,1.9769083868079425,2.714499947614968,0.025000000000000022,0.025000000000000022,0.5,0.0,0.0,0.0,14.641608455082382,12.66470006827444,strict_delta_max,2,cross_layer_handoff_executed
grid-treasure_fixed-split_seed0,0,fixed-split,grid-treasure,4,2,GA,2.3504844981250144,1.5354000497609377,0.025000000000000022,0.025000000000000022,0.5,0.0,0.7157842771858526,0.059377812992479274,12.66470006827444,10.314215570149425,strict_delta_max,1,cross_layer_handoff_executed
grid-treasure_fixed-split_seed0,0,fixed-split,grid-treasure,4,3,PSO,1.361028059531196,1.7670000670477748,0.025000000000000022,0.025000000000000022,0.5,0.0,0.0,0.12369540121194694,10.314215570149425,8.953187510618228,strict_delta_max,1,cross_layer_handoff_executed
grid-treasure_fixed-split_seed0,0,fixed-split,grid-treasure,4,4,RL,4.0,2.4952999083325267,0.025000000000000022,0.025000000000000022,0.5,0.0,0.0,0.04000000000000001,8.953187510618228,4.953187510618228,strict_delta_max,2,cross_layer_handoff_executed
grid-treasure_fixed-split_seed0,0,fixed-split,grid-treasure,4,5,GA,1.3320942750459381,2.329600043594837,-1.225,-1.225,0.0,0.0,0.7157842771858526,0.11157714590188063,4.953187510618228,3.6210932355722902,strict_delta_max,1,cross_layer_handoff_executed
grid-treasure_fixed-split_seed0,0,fixed-split,grid-treasure,5,0,PSO,1.6967719168408875,1.4009000733494759,0.025000000000000022,0.025000000000000022,0.5,0.0,0.0,0.1008681866268687,16.0,14.303228083159112,strict_delta_max,1,cross_layer_handoff_executed
grid-treasure_fixed-split_seed0,0,fixed-split,grid-treasure,5,1,RL,2.7107205683670657,2.697999938391149,0.025000000000000022,0.025000000000000022,0.5,0.0,0.0,0.0,14.303228083159112,11.592507514792047,strict_delta_max,2,cross_layer_handoff_executed
grid-treasure_fixed-split_seed0,0,fixed-split,grid-treasure,5,2,GA,3.3052494332797067,1.334400032646954,0.019999999999999962,0.019999999999999962,0.5,0.0,0.7157842771858526,0.04920160548833136,11.592507514792047,8.28725808151234,strict_delta_max,1,cross_layer_handoff_executed
grid-treasure_fixed-split_seed0,0,fixed-split,grid-treasure,5,3,PSO,3.019263165813034,1.702600042335689,0.025000000000000022,0.025000000000000022,0.5,0.0,0.0,0.05341304204742464,8.28725808151234,5.267994915699306,strict_delta_max,1,cross_layer_handoff_executed
grid-treasure_fixed-split_seed0,0,fixed-split,grid-treasure,5,4,RL,3.897749239844337,2.2987000411376357,0.025000000000000022,0.025000000000000022,0.5,0.0,0.0,0.04104933133317468,5.267994915699306,1.3702456758549686,strict_delta_max,2,cross_layer_handoff_executed
grid-treasure_fixed-split_seed1,1,fixed-split,grid-treasure,0,0,GA,1.824988789829238,2.3082999978214502,-1.05,-1.05,0.0,0.0,0.8643655984494946,0.08235453439285725,16.0,14.175011210170762,strict_delta_max,1,cross_layer_handoff_executed
grid-treasure_fixed-split_seed1,1,fixed-split,grid-treasure,0,1,PSO,2.1742379665759692,2.031399984844029,0.010000000000000009,0.010000000000000009,0.5,0.0,0.0,0.07738612075064231,14.175011210170762,12.000773243594793,strict_delta_max,1,cross_layer_handoff_executed
grid-treasure_fixed-split_seed1,1,fixed-split,grid-treasure,0,2,RL,4.0,3.175299963913858,-1.0550000000000002,-1.0550000000000002,0.0,0.0,0.0,0.0,12.000773243594793,8.000773243594793,strict_delta_max,2,cross_layer_handoff_executed
grid-treasure_fixed-split_seed1,1,fixed-split,grid-treasure,0,3,GA,3.460774059507657,1.2947999639436603,0.0,0.0,0.5,0.0,0.7931361172545822,0.03752583778844092,8.000773243594793,4.5399991840871365,strict_delta_max,1,cross_layer_handoff_executed
grid-treasure_fixed-split_seed1,1,fixed-split,grid-treasure,0,4,PSO,2.0008536891128346,2.238700049929321,-1.04,-1.04,0.0,0.0,0.0,0.051395187414308784,4.5399991840871365,2.539145494974302,strict_delta_max,1,cross_layer_handoff_executed
grid-treasure_fixed-split_seed1,1,fixed-split,grid-treasure,1,0,RL,2.7485011236861947,4.452700028195977,-1.05,-1.05,0.0,0.0,0.0,0.014553386809736208,16.0,13.251498876313805,strict_delta_max,2,cross_layer_handoff_executed
grid-treasure_fixed-split_seed1,1,fixed-split,grid-treasure,1,1,GA,2.7020960693144445,1.9420000026002526,-1.08,-1.08,0.0,0.0,0.7008340842935765,0.032199094834929366,13.251498876313805,10.54940280699936,strict_delta_max,1,cross_layer_handoff_executed
grid-treasure_fixed-split_seed1,1,fixed-split,grid-treasure,1,2,PSO,2.295104876251857,1.997999963350594,0.010000000000000009,0.010000000000000009,0.5,0.0,0.0,0.05757072288614942,10.54940280699936,8.254297930747503,strict_delta_max,1,cross_layer_handoff_executed
grid-treasure_fixed-split_seed1,1,fixed-split,grid-treasure,1,3,RL,3.470270163333467,2.5216001085937023,-1.0550000000000002,-1.0550000000000002,0.0,0.0,0.0,0.03457944031790617,8.254297930747503,4.784027767414036,strict_delta_max,2,cross_layer_handoff_executed
grid-treasure_fixed-split_seed1,1,fixed-split,grid-treasure,1,4,GA,2.6446531908504545,1.3572999741882086,0.0,0.0,0.5,0.0,0.587050156845271,0.04917995822641878,4.784027767414036,2.139374576563582,strict_delta_max,1,cross_layer_handoff_executed
grid-treasure_fixed-split_seed1,1,fixed-split,grid-treasure,2,0,PSO,1.048953610537581,1.8951999954879284,0.010000000000000009,0.010000000000000009,0.5,0.0,0.0,0.10838583167019007,16.0,14.95104638946242,strict_delta_max,1,cross_layer_handoff_executed
grid-treasure_fixed-split_seed1,1,fixed-split,grid-treasure,2,1,RL,3.3464353588503535,2.7208999963477254,-1.08,-1.08,0.0,0.0,0.0,0.008964763033793169,14.95104638946242,11.604611030612066,strict_delta_max,2,cross_layer_handoff_executed
grid-treasure_fixed-split_seed1,1,fixed-split,grid-treasure,2,2,GA,2.9299610110861365,1.5305000124499202,-1.025,-1.025,0.0,0.0,0.594233575450996,0.043615134640600975,11.604611030612066,8.674650019525929,strict_delta_max,1,cross_layer_handoff_executed
grid-treasure_fixed-split_seed1,1,fixed-split,grid-treasure,2,3,PSO,3.5836735635578916,2.022000029683113,0.010000000000000009,0.010000000000000009,0.5,0.0,0.0,0.030141211367583763,8.674650019525929,5.090976455968038,strict_delta_max,1,cross_layer_handoff_executed
grid-treasure_fixed-split_seed1,1,fixed-split,grid-treasure,2,4,RL,1.7600278885807048,2.164000063203275,-1.08,-1.08,0.0,0.0,0.0,0.01704518445113513,5.090976455968038,3.330948567387333,strict_delta_max,2,cross_layer_handoff_executed
grid-treasure_fixed-split_seed1,1,fixed-split,grid-treasure,3,0,GA,1.0283804123806597,1.8469999777153134,0.0050000000000000044,0.0050000000000000044,0.5,0.0,0.615860430993454,0.12422071385560951,16.0,14.97161958761934,strict_delta_max,1,cross_layer_handoff_executed
grid-treasure_fixed-split_seed1,1,fixed-split,grid-treasure,3,1,PSO,3.5807414256660484,2.063599997200072,0.010000000000000009,0.010000000000000009,0.5,0.0,0.0,0.02596033294839066,14.97161958761934,11.390878161953292,strict_delta_max,1,cross_layer_handoff_executed
grid-treasure_fixed-split_seed1,1,fixed-split,grid-treasure,3,2,RL,3.106232181567027,3.8878999184817076,-1.08,-1.08,0.0,0.0,0.0,0.0,11.390878161953292,8.284645980386266,strict_delta_max,2,cross_layer_handoff_executed
grid-treasure_fixed-split_seed1,1,fixed-split,grid-treasure,3,3,GA,2.410179956330361,1.8454000819474459,0.010000000000000009,0.010000000000000009,0.5,0.0,0.6457060898751952,0.053003827421019445,8.284645980386266,5.874466024055905,strict_delta_max,1,cross_layer_handoff_executed
grid-treasure_fixed-split_seed1,1,fixed-split,grid-treasure,3,4,PSO,3.0831472135316935,2.076699980534613,0.010000000000000009,0.010000000000000009,0.5,0.0,0.0,0.04939743163120048,5.874466024055905,2.7913188105242113,strict_delta_max,1,cross_layer_handoff_executed
grid-treasure_fixed-split_seed1,1,fixed-split,grid-treasure,4,0,RL,2.9658090762735356,3.6135000409558415,-1.0750000000000002,-1.0750000000000002,0.0,0.0,0.0,0.0269740896809575,16.0,13.034190923726465,strict_delta_max,2,cross_layer_handoff_executed
grid-treasure_fixed-split_seed1,1,fixed-split,grid-treasure,4,1,GA,2.7244855280936053,1.7618000274524093,0.010000000000000009,0.010000000000000009,0.5,0.0,0.6197168923766674,0.0392995867894561,13.034190923726465,10.309705395632859,strict_delta_max,1,cross_layer_handoff_executed
grid-treasure_fixed-split_seed1,1,fixed-split,grid-treasure,4,2,PSO,2.9371187622318797,2.472400083206594,0.010000000000000009,0.010000000000000009,0.5,0.0,0.0,0.03785060873339655,10.309705395632859,7.37258663340098,strict_delta_max,1,cross_layer_handoff_executed
grid-treasure_fixed-split_seed1,1,fixed-split,grid-treasure,4,3,RL,3.6174844740033185,2.3650999646633863,0.010000000000000009,0.010000000000000009,0.5,0.0,0.0,0.0,7.37258663340098,3.7551021593976612,strict_delta_max,2,cross_layer_handoff_executed
grid-treasure_fixed-split_seed1,1,fixed-split,grid-treasure,5,0,GA,1.2826114920861778,2.084100036881864,0.0,0.0,0.5,0.0,0.5902023103478207,0.07301314931413753,16.0,14.717388507913823,strict_delta_max,1,cross_layer_handoff_executed
grid-treasure_fixed-split_seed1,1,fixed-split,grid-treasure,5,1,PSO,2.430656312131491,2.4228000547736883,0.010000000000000009,0.010000000000000009,0.5,0.0,0.0,0.05597978500857115,14.717388507913823,12.286732195782331,strict_delta_max,1,cross_layer_handoff_executed
grid-treasure_fixed-split_seed1,1,fixed-split,grid-treasure,5,2,RL,4.0,3.093200037255883,0.010000000000000009,0.010000000000000009,0.5,0.0,0.0,0.017500000000000016,12.286732195782331,8.286732195782331,strict_delta_max,2,cross_layer_handoff_executed
grid-treasure_fixed-split_seed1,1,fixed-split,grid-treasure,5,3,GA,3.9025507300998754,1.594600034877658,0.010000000000000009,0.010000000000000009,0.5,0.0,0.5762153690086328,0.02125562615495949,8.286732195782331,4.384181465682456,strict_delta_max,1,cross_layer_handoff_executed
grid-treasure_fixed-split_seed1,1,fixed-split,grid-treasure,5,4,PSO,2.7306178130860688,1.8109000520780683,0.010000000000000009,0.010000000000000009,0.5,0.0,0.0,0.05362138034953934,4.384181465682456,1.6535636525963873,strict_delta_max,1,cross_layer_handoff_executed
grid-treasure_fixed-split_seed2,2,fixed-split,grid-treasure,0,0,GA,3.9053653955254966,3.5473000025376678,-0.6500000000000001,-0.6500000000000001,0.0,0.0,0.8718432739321208,0.04391968426834987,16.0,12.094634604474503,strict_delta_max,1,cross_layer_handoff_executed
grid-treasure_fixed-split_seed2,2,fixed-split,grid-treasure,0,1,PSO,1.6816474976395537,2.4120999732986093,-1.12,-1.12,0.0,0.0,0.0,0.08873132629818674,12.094634604474503,10.412987106834949,strict_delta_max,1,cross_layer_handoff_executed
grid-treasure_fixed-split_seed2,2,fixed-split,grid-treasure,0,2,RL,1.3622580479494517,2.922200015746057,-1.12,-1.12,0.0,0.0,0.0,0.0,10.412987106834949,9.050729058885498,strict_delta_max,2,cross_layer_handoff_executed
grid-treasure_fixed-split_seed2,2,fixed-split,grid-treasure,0,3,GA,3.3079688215383105,3.0870999908074737,-1.2349999999999999,-1.2349999999999999,0.0,0.0,0.8441815109289925,0.04901357931999614,9.050729058885498,5.742760237347188,strict_delta_max,1,cross_layer_handoff_executed
grid-treasure_fixed-split_seed2,2,fixed-split,grid-treasure,0,4,PSO,2.2659582207028057,1.6623000847175717,-0.975,-0.975,0.0,0.0,0.0,0.05362958242575609,5.742760237347188,3.476802016644382,strict_delta_max,1,cross_layer_handoff_executed
grid-treasure_fixed-split_seed2,2,fixed-split,grid-treasure,1,0,RL,3.281732557964693,4.427800071425736,-1.12,-1.12,0.0,0.0,0.0,0.0,16.0,12.718267442035307,strict_delta_max,2,cross_layer_handoff_executed
grid-treasure_fixed-split_seed2,2,fixed-split,grid-treasure,1,1,GA,2.4363648014259303,1.6920000780373812,-0.06999999999999995,-0.06999999999999995,0.5,0.010261189122978744,0.8064333509757664,0.06313669812067964,12.718267442035307,10.281902640609378,strict_delta_max,1,cross_layer_handoff_executed
grid-treasure_fixed-split_seed2,2,fixed-split,grid-treasure,1,2,PSO,3.035932338780581,2.2886000806465745,-1.12,-1.12,0.0,0.0,0.0,0.030053440383706644,10.281902640609378,7.245970301828796,strict_delta_max,1,cross_layer_handoff_executed
grid-treasure_fixed-split_seed2,2,fixed-split,grid-treasure,1,3,RL,4.0,3.081499948166311,-1.12,-1.12,0.0,0.0,0.0,0.03250000000000003,7.245970301828796,3.2459703018287964,strict_delta_max,2,cross_layer_handoff_executed
grid-treasure_fixed-split_seed2,2,fixed-split,grid-treasure,2,0,GA,1.5061364349955495,1.8740000668913126,-0.06999999999999995,-0.06999999999999995,0.5,0.0,0.8189175342018038,0.10717178680063962,16.0,14.49386356500445,strict_delta_max,1,cross_layer_handoff_executed
grid-treasure_fixed-split_seed2,2,fixed-split,grid-treasure,2,1,PSO,1.138152930681977,2.4976000422611833,-1.12,-1.12,0.0,0.0,0.0,0.05648333593767272,14.49386356500445,13.355710634322472,strict_delta_max,1,cross_layer_handoff_executed
grid-treasure_fixed-split_seed2,2,fixed-split,grid-treasure,2,2,RL,1.6531780555544702,2.5869000237435102,-1.12,-1.12,0.0,0.0,0.0,0.0,13.355710634322472,11.702532578768002,strict_delta_max,2,cross_layer_handoff_executed
grid-treasure_fixed-split_seed2,2,fixed-split,grid-treasure,2,3,GA,3.89199335172641,1.9261999987065792,-0.09499999999999997,-0.09499999999999997,0.5,0.0,0.7668710046910088,0.03233953276617344,11.702532578768002,7.810539227041592,strict_delta_max,1,cross_layer_handoff_executed
grid-treasure_fixed-split_seed2,2,fixed-split,grid-treasure,2,4,PSO,1.2598358797375702,1.963399932719767,-1.0,-1.0,0.0,0.0,0.0,0.0897660842136489,7.810539227041592,6.550703347304022,strict_delta_max,1,cross_layer_handoff_executed
grid-treasure_fixed-split_seed2,2,fixed-split,grid-treasure,2,5,RL,2.293223093140829,2.744099940173328,-1.12,-1.12,0.0,0.0,0.0,0.0,6.550703347304022,4.257480254163193,strict_delta_max,2,cross_layer_handoff_executed
grid-treasure_fixed-split_seed2,2,fixed-split,grid-treasure,2,6,GA,3.0313871446115948,2.1305999252945185,-1.12,-1.12,0.0,0.0,0.7668710046910088,0.04993383289702889,4.257480254163193,1.2260931095515981,strict_delta_max,1,cross_layer_handoff_executed
grid-treasure_fixed-split_seed2,2,fixed-split,grid-treasure,3,0,PSO,1.7612349902445743,2.147599938325584,-1.12,-1.12,0.0,0.0,0.0,0.06691824613037199,16.0,14.238765009755426,strict_delta_max,1,cross_layer_handoff_executed
grid-treasure_fixed-split_seed2,2,fixed-split,grid-treasure,3,1,RL,1.9013373260137705,3.6389000015333295,-1.12,-1.12,0.0,0.0,0.0,0.0,14.238765009755426,12.337427683741655,strict_delta_max,2,cross_layer_handoff_executed
grid-treasure_fixed-split_seed2,2,fixed-split,grid-treasure,3,2,GA,1.3462409169364309,2.3370999842882156,-1.135,-1.135,0.0,0.0,0.7668710046910088,0.118975098789455,12.337427683741655,10.991186766805225,strict_delta_max,1,cross_layer_handoff_executed
grid-treasure_fixed-split_seed2,2,fixed-split,grid-treasure,3,3,PSO,1.1387559756188803,1.9842000911012292,-0.07999999999999996,-0.07999999999999996,0.5,0.0,0.0,0.10180961841300246,10.991186766805225,9.852430791186345,strict_delta_max,1,cross_layer_handoff_executed
grid-treasure_fixed-split_seed2,2,fixed-split,grid-treasure,3,4,RL,1.5539695480718154,4.4163999846205115,-1.12,-1.12,0.0,0.0,0.0,0.0,9.852430791186345,8.298461243114529,strict_delta_max,2,cross_layer_handoff_executed
grid-treasure_fixed-split_seed2,2,fixed-split,grid-treasure,3,5,GA,1.1115101470866477,2.390399924479425,-0.08499999999999996,-0.08499999999999996,0.5,0.0,0.7467841859013832,0.096397658259096,8.298461243114529,7.186951096027881,strict_delta_max,1,cross_layer_handoff_executed
grid-treasure_fixed-split_seed2,2,fixed-split,grid-treasure,3,6,PSO,3.1470739495555695,2.196699962951243,-0.09499999999999997,-0.09499999999999997,0.5,0.0,0.0,0.02453543364165067,7.186951096027881,4.039877146472312,strict_delta_max,1,cross_layer_handoff_executed
grid-treasure_fixed-split_seed2,2,fixed-split,grid-treasure,3,7,RL,2.97630746280092,2.6024000253528357,-1.12,-1.12,0.0,0.0,0.0,0.036958547251862935,4.039877146472312,1.0635696836713922,strict_delta_max,2,cross_layer_handoff_executed
grid-treasure_fixed-split_seed2,2,fixed-split,grid-treasure,4,0,GA,3.4451888595990283,2.4094999535009265,-0.10999999999999999,-0.10999999999999999,0.5,0.0,0.6896184569682962,0.03391612680656198,16.0,12.554811140400972,strict_delta_max,1,cross_layer_handoff_executed
grid-treasure_fixed-split_seed2,2,fixed-split,grid-treasure,4,1,PSO,3.1874809694966126,2.533299964852631,-1.145,-1.145,0.0,0.0,0.0,0.04944306089534031,12.554811140400972,9.36733017090436,strict_delta_max,1,cross_layer_handoff_executed
grid-treasure_fixed-split_seed2,2,fixed-split,grid-treasure,4,2,RL,2.9088523361849923,3.2945999410003424,-0.06999999999999995,-0.06999999999999995,0.5,0.0,0.0,0.0,9.36733017090436,6.458477834719368,strict_delta_max,2,cross_layer_handoff_executed
grid-treasure_fixed-split_seed2,2,fixed-split,grid-treasure,4,3,GA,1.3987878776491236,1.8773000920191407,-0.06999999999999995,-0.06999999999999995,0.5,0.0,0.6038719510383954,0.10214333214408196,6.458477834719368,5.059689957070244,strict_delta_max,1,cross_layer_handoff_executed
grid-treasure_fixed-split_seed2,2,fixed-split,grid-treasure,4,4,PSO,1.3934486104922021,2.1592999109998345,-0.09499999999999997,-0.09499999999999997,0.5,0.0,0.0,0.06709094899247027,5.059689957070244,3.666241346578042,strict_delta_max,1,cross_layer_handoff_executed
grid-treasure_fixed-split_seed2,2,fixed-split,grid-treasure,5,0,RL,1.6035975270961769,3.173599950969219,-0.06999999999999995,-0.06999999999999995,0.5,0.0,0.0,0.0,16.0,14.396402472903823,strict_delta_max,2,cross_layer_handoff_executed
grid-treasure_fixed-split_seed2,2,fixed-split,grid-treasure,5,1,GA,3.113041615168579,1.9440000178292394,-0.09499999999999997,-0.09499999999999997,0.5,0.0,0.5516764159936336,0.03654375351356408,14.396402472903823,11.283360857735243,strict_delta_max,1,cross_layer_handoff_executed
grid-treasure_fixed-split_seed2,2,fixed-split,grid-treasure,5,2,PSO,1.3584570956379494,1.9833999685943127,-0.06999999999999995,-0.06999999999999995,0.5,0.0,0.0,0.03683893078088622,11.283360857735243,9.924903762097294,strict_delta_max,1,cross_layer_handoff_executed
grid-treasure_fixed-split_seed2,2,fixed-split,grid-treasure,5,3,RL,1.9969066180345878,2.530100056901574,-0.06999999999999995,-0.06999999999999995,0.5,0.0,0.0,0.020030981738830216,9.924903762097294,7.927997144062706,strict_delta_max,2,cross_layer_handoff_executed
grid-treasure_fixed-split_seed2,2,fixed-split,grid-treasure,5,4,GA,2.5408954315293975,2.0553000504150987,-0.09499999999999997,-0.09499999999999997,0.5,0.0,0.507070306340089,0.06001179650150377,7.927997144062706,5.387101712533308,strict_delta_max,1,cross_layer_handoff_executed
grid-treasure_fixed-split_seed2,2,fixed-split,grid-treasure,5,5,PSO,1.0846313290735214,2.046499983407557,-0.06999999999999995,-0.06999999999999995,0.5,0.0,0.0,0.033402943370583194,5.387101712533308,4.302470383459787,strict_delta_max,1,cross_layer_handoff_executed
grid-treasure_fixed-split_seed2,2,fixed-split,grid-treasure,5,6,RL,3.037994776016133,4.761099931783974,-0.13,-0.13,0.5,0.0,0.0,0.0,4.302470383459787,1.264475607443654,strict_delta_max,2,cross_layer_handoff_executed
grid-treasure_round-robin_seed0,0,round-robin,grid-treasure,0,0,GA,3.2127778257737645,2.112400019541383,0.025000000000000022,0.025000000000000022,0.5,0.0,0.8931030542994856,0.05487385891284679,16.0,12.787222174226235,strict_delta_max,1,cross_layer_handoff_executed
grid-treasure_round-robin_seed0,0,round-robin,grid-treasure,0,1,PSO,1.240539447270699,1.372199971228838,0.010000000000000009,0.010000000000000009,0.5,0.0,0.0,0.1382138938747343,12.787222174226235,11.546682726955536,strict_delta_max,1,cross_layer_handoff_executed
grid-treasure_round-robin_seed0,0,round-robin,grid-treasure,0,2,RL,3.0155307486080147,3.0557001009583473,-1.135,-1.135,0.0,0.0,0.0,0.0,11.546682726955536,8.531151978347522,strict_delta_max,2,cross_layer_handoff_executed
grid-treasure_round-robin_seed0,0,round-robin,grid-treasure,0,3,GA,2.659460384195745,1.6326999757438898,0.025000000000000022,0.025000000000000022,0.5,0.0,0.8754084243546231,0.0546770053002769,8.531151978347522,5.871691594151777,strict_delta_max,1,cross_layer_handoff_executed
grid-treasure_round-robin_seed0,0,round-robin,grid-treasure,0,4,PSO,3.298536398613016,2.9206000035628676,-1.225,-1.225,0.0,0.0,0.0,0.037742041008579905,5.871691594151777,2.573155195538761,strict_delta_max,1,cross_layer_handoff_executed
grid-treasure_round-robin_seed0,0,round-robin,grid-treasure,1,0,RL,3.619879158304743,2.648700028657913,-0.07499999999999996,-0.07499999999999996,0.5,0.0,0.0,0.01105009262760384,16.0,12.380120841695257,strict_delta_max,2,cross_layer_handoff_executed
grid-treasure_round-robin_seed0,0,round-robin,grid-treasure,1,1,GA,2.986903711950858,1.5435999957844615,0.025000000000000022,0.025000000000000022,0.5,0.0,0.8089314407145728,0.04448334011898654,12.380120841695257,9.3932171297444,strict_delta_max,1,cross_layer_handoff_executed
grid-treasure_round-robin_seed0,0,round-robin,grid-treasure,1,2,PSO,1.6663911333067114,2.4073999375104904,-1.0699999999999998,-1.0699999999999998,0.0,0.0,0.0,0.09014254428411451,9.3932171297444,7.726825996437689,strict_delta_max,1,cross_layer_handoff_executed
grid-treasure_round-robin_seed0,0,round-robin,grid-treasure,1,3,RL,1.911591196405813,2.116499934345484,0.010000000000000009,0.010000000000000009,0.5,0.0,0.0,1.051480046455129,7.726825996437689,5.815234800031876,strict_delta_max,2,cross_layer_handoff_executed
grid-treasure_round-robin_seed0,0,round-robin,grid-treasure,1,4,GA,1.2021036244648466,1.3664000434800982,0.025000000000000022,0.025000000000000022,0.5,0.0,0.7337264185087455,0.11969196506391623,5.815234800031876,4.613131175567029,strict_delta_max,1,cross_layer_handoff_executed
grid-treasure_round-robin_seed0,0,round-robin,grid-treasure,1,5,PSO,1.588517437152293,1.5877000987529755,0.025000000000000022,0.025000000000000022,0.5,0.0,0.0,0.08334409797848809,4.613131175567029,3.0246137384147356,strict_delta_max,1,cross_layer_handoff_executed
grid-treasure_round-robin_seed0,0,round-robin,grid-treasure,2,0,RL,1.7652171229546167,1.8333999905735254,0.030000000000000027,0.030000000000000027,0.5,0.0028325127458717456,0.0,0.0,16.0,14.234782877045383,strict_delta_max,2,cross_layer_handoff_executed
grid-treasure_round-robin_seed0,0,round-robin,grid-treasure,2,1,GA,1.192276019740498,1.3730000937357545,0.025000000000000022,0.025000000000000022,0.5,0.0,0.7296562057328728,0.10560968736444179,14.234782877045383,13.042506857304884,strict_delta_max,1,cross_layer_handoff_executed
grid-treasure_round-robin_seed0,0,round-robin,grid-treasure,2,2,PSO,1.2078564187023542,1.6056000022217631,0.025000000000000022,0.025000000000000022,0.5,0.0,0.0,0.13205147628888905,13.042506857304884,11.83465043860253,strict_delta_max,1,cross_layer_handoff_executed
grid-treasure_round-robin_seed0,0,round-robin,grid-treasure,2,3,RL,2.4784460018601084,3.8262000307440758,0.030000000000000027,0.030000000000000027,0.5,0.0,0.0,0.7787137579561985,11.83465043860253,9.356204436742422,strict_delta_max,2,cross_layer_handoff_executed
grid-treasure_round-robin_seed0,0,round-robin,grid-treasure,2,4,GA,3.4409047630003293,1.3680000556632876,0.025000000000000022,0.025000000000000022,0.5,0.0,0.7157842771858526,0.04292567567179621,9.356204436742422,5.915299673742092,strict_delta_max,1,cross_layer_handoff_executed
grid-treasure_round-robin_seed0,0,round-robin,grid-treasure,2,5,PSO,2.503447681985216,1.7349999397993088,0.020000000000000018,0.020000000000000018,0.5,0.0,0.0,0.05086813826889947,5.915299673742092,3.4118519917568766,strict_delta_max,1,cross_layer_handoff_executed
grid-treasure_round-robin_seed0,0,round-robin,grid-treasure,3,0,RL,1.1778177618203227,1.8139999592676759,0.025000000000000022,0.025000000000000022,0.5,0.0,0.0,0.0,16.0,14.822182238179677,strict_delta_max,2,cross_layer_handoff_executed
grid-treasure_round-robin_seed0,0,round-robin,grid-treasure,3,1,GA,3.338838565311309,1.2763000559061766,0.025000000000000022,0.025000000000000022,0.5,0.0,0.7157842771858526,0.027484559993904353,14.822182238179677,11.483343672868369,strict_delta_max,1,cross_layer_handoff_executed
grid-treasure_round-robin_seed0,0,round-robin,grid-treasure,3,2,PSO,3.152416723963589,1.9654999487102032,-1.06,-1.06,0.0,0.0,0.0,0.038081492699909195,11.483343672868369,8.330926948904779,strict_delta_max,1,cross_layer_handoff_executed
grid-treasure_round-robin_seed0,0,round-robin,grid-treasure,3,3,RL,3.083842197612888,2.1025999449193478,0.025000000000000022,0.025000000000000022,0.5,0.0,0.0,0.6712405717783896,8.330926948904779,5.24708475129189,strict_delta_max,2,cross_layer_handoff_executed
grid-treasure_round-robin_seed0,0,round-robin,grid-treasure,3,4,GA,1.5959601187479744,1.5780999092385173,0.025000000000000022,0.025000000000000022,0.5,0.0,0.7157842771858526,0.0902195029468794,5.24708475129189,3.6511246325439157,strict_delta_max,1,cross_layer_handoff_executed
grid-treasure_round-robin_seed0,0,round-robin,grid-treasure,4,0,PSO,1.3583915449176174,1.357999979518354,0.025000000000000022,0.025000000000000022,0.5,0.0,0.0,0.06801663008843986,16.0,14.641608455082382,strict_delta_max,1,cross_layer_handoff_executed
grid-treasure_round-robin_seed0,0,round-robin,grid-treasure,4,1,RL,1.9769083868079425,2.66400002874434,0.025000000000000022,0.025000000000000022,0.5,0.0,0.0,0.0,14.641608455082382,12.66470006827444,strict_delta_max,2,cross_layer_handoff_executed
grid-treasure_round-robin_seed0,0,round-robin,grid-treasure,4,2,GA,2.3504844981250144,1.5806000446900725,0.025000000000000022,0.025000000000000022,0.5,0.0,0.7157842771858526,0.059377812992479274,12.66470006827444,10.314215570149425,strict_delta_max,1,cross_layer_handoff_executed
grid-treasure_round-robin_seed0,0,round-robin,grid-treasure,4,3,PSO,1.361028059531196,1.581299933604896,0.025000000000000022,0.025000000000000022,0.5,0.0,0.0,0.12369540121194694,10.314215570149425,8.953187510618228,strict_delta_max,1,cross_layer_handoff_executed
grid-treasure_round-robin_seed0,0,round-robin,grid-treasure,4,4,RL,4.0,2.2524999221786857,0.025000000000000022,0.025000000000000022,0.5,0.0,0.0,0.04000000000000001,8.953187510618228,4.953187510618228,strict_delta_max,2,cross_layer_handoff_executed
grid-treasure_round-robin_seed0,0,round-robin,grid-treasure,4,5,GA,1.3320942750459381,2.3786999518051744,-1.225,-1.225,0.0,0.0,0.7157842771858526,0.11157714590188063,4.953187510618228,3.6210932355722902,strict_delta_max,1,cross_layer_handoff_executed
grid-treasure_round-robin_seed0,0,round-robin,grid-treasure,5,0,PSO,1.6967719168408875,1.3949000276625156,0.025000000000000022,0.025000000000000022,0.5,0.0,0.0,0.1008681866268687,16.0,14.303228083159112,strict_delta_max,1,cross_layer_handoff_executed
grid-treasure_round-robin_seed0,0,round-robin,grid-treasure,5,1,RL,2.7107205683670657,2.6894001057371497,0.025000000000000022,0.025000000000000022,0.5,0.0,0.0,0.0,14.303228083159112,11.592507514792047,strict_delta_max,2,cross_layer_handoff_executed
grid-treasure_round-robin_seed0,0,round-robin,grid-treasure,5,2,GA,3.3052494332797067,1.3541999505832791,0.019999999999999962,0.019999999999999962,0.5,0.0,0.7157842771858526,0.04920160548833136,11.592507514792047,8.28725808151234,strict_delta_max,1,cross_layer_handoff_executed
grid-treasure_round-robin_seed0,0,round-robin,grid-treasure,5,3,PSO,3.019263165813034,1.6700000269338489,0.025000000000000022,0.025000000000000022,0.5,0.0,0.0,0.05341304204742464,8.28725808151234,5.267994915699306,strict_delta_max,1,cross_layer_handoff_executed
grid-treasure_round-robin_seed0,0,round-robin,grid-treasure,5,4,RL,3.897749239844337,2.190500032156706,0.025000000000000022,0.025000000000000022,0.5,0.0,0.0,0.04104933133317468,5.267994915699306,1.3702456758549686,strict_delta_max,2,cross_layer_handoff_executed
grid-treasure_round-robin_seed1,1,round-robin,grid-treasure,0,0,GA,1.824988789829238,2.4741999804973602,-1.05,-1.05,0.0,0.0,0.8643655984494946,0.08235453439285725,16.0,14.175011210170762,strict_delta_max,1,cross_layer_handoff_executed
grid-treasure_round-robin_seed1,1,round-robin,grid-treasure,0,1,PSO,2.1742379665759692,1.8405000446364284,0.010000000000000009,0.010000000000000009,0.5,0.0,0.0,0.07738612075064231,14.175011210170762,12.000773243594793,strict_delta_max,1,cross_layer_handoff_executed
grid-treasure_round-robin_seed1,1,round-robin,grid-treasure,0,2,RL,4.0,3.1902999617159367,-1.0550000000000002,-1.0550000000000002,0.0,0.0,0.0,0.0,12.000773243594793,8.000773243594793,strict_delta_max,2,cross_layer_handoff_executed
grid-treasure_round-robin_seed1,1,round-robin,grid-treasure,0,3,GA,3.460774059507657,1.4147000620141625,0.0,0.0,0.5,0.0,0.7931361172545822,0.03752583778844092,8.000773243594793,4.5399991840871365,strict_delta_max,1,cross_layer_handoff_executed
grid-treasure_round-robin_seed1,1,round-robin,grid-treasure,0,4,PSO,2.0008536891128346,2.355600008741021,-1.04,-1.04,0.0,0.0,0.0,0.051395187414308784,4.5399991840871365,2.539145494974302,strict_delta_max,1,cross_layer_handoff_executed
grid-treasure_round-robin_seed1,1,round-robin,grid-treasure,1,0,RL,2.7485011236861947,4.128700005821884,-1.05,-1.05,0.0,0.0,0.0,0.014553386809736208,16.0,13.251498876313805,strict_delta_max,2,cross_layer_handoff_executed
grid-treasure_round-robin_seed1,1,round-robin,grid-treasure,1,1,GA,2.7020960693144445,1.8002999713644385,-1.08,-1.08,0.0,0.0,0.7008340842935765,0.032199094834929366,13.251498876313805,10.54940280699936,strict_delta_max,1,cross_layer_handoff_executed
grid-treasure_round-robin_seed1,1,round-robin,grid-treasure,1,2,PSO,2.295104876251857,2.0367999095469713,0.010000000000000009,0.010000000000000009,0.5,0.0,0.0,0.05757072288614942,10.54940280699936,8.254297930747503,strict_delta_max,1,cross_layer_handoff_executed
grid-treasure_round-robin_seed1,1,round-robin,grid-treasure,1,3,RL,3.470270163333467,2.448400016874075,-1.0550000000000002,-1.0550000000000002,0.0,0.0,0.0,0.03457944031790617,8.254297930747503,4.784027767414036,strict_delta_max,2,cross_layer_handoff_executed
grid-treasure_round-robin_seed1,1,round-robin,grid-treasure,1,4,GA,2.6446531908504545,1.6033999854698777,0.0,0.0,0.5,0.0,0.587050156845271,0.04917995822641878,4.784027767414036,2.139374576563582,strict_delta_max,1,cross_layer_handoff_executed
grid-treasure_round-robin_seed1,1,round-robin,grid-treasure,2,0,PSO,1.048953610537581,2.0605999743565917,0.010000000000000009,0.010000000000000009,0.5,0.0,0.0,0.10838583167019007,16.0,14.95104638946242,strict_delta_max,1,cross_layer_handoff_executed
grid-treasure_round-robin_seed1,1,round-robin,grid-treasure,2,1,RL,3.3464353588503535,2.8948000399395823,-1.08,-1.08,0.0,0.0,0.0,0.008964763033793169,14.95104638946242,11.604611030612066,strict_delta_max,2,cross_layer_handoff_executed
grid-treasure_round-robin_seed1,1,round-robin,grid-treasure,2,2,GA,2.9299610110861365,1.6907000681385398,-1.025,-1.025,0.0,0.0,0.594233575450996,0.043615134640600975,11.604611030612066,8.674650019525929,strict_delta_max,1,cross_layer_handoff_executed
grid-treasure_round-robin_seed1,1,round-robin,grid-treasure,2,3,PSO,3.5836735635578916,2.202300005592406,0.010000000000000009,0.010000000000000009,0.5,0.0,0.0,0.030141211367583763,8.674650019525929,5.090976455968038,strict_delta_max,1,cross_layer_handoff_executed
grid-treasure_round-robin_seed1,1,round-robin,grid-treasure,2,4,RL,1.7600278885807048,3.614500048570335,-1.08,-1.08,0.0,0.0,0.0,0.01704518445113513,5.090976455968038,3.330948567387333,strict_delta_max,2,cross_layer_handoff_executed
grid-treasure_round-robin_seed1,1,round-robin,grid-treasure,3,0,GA,1.0283804123806597,1.9196999492123723,0.0050000000000000044,0.0050000000000000044,0.5,0.0,0.615860430993454,0.12422071385560951,16.0,14.97161958761934,strict_delta_max,1,cross_layer_handoff_executed
grid-treasure_round-robin_seed1,1,round-robin,grid-treasure,3,1,PSO,3.5807414256660484,2.2577999625355005,0.010000000000000009,0.010000000000000009,0.5,0.0,0.0,0.02596033294839066,14.97161958761934,11.390878161953292,strict_delta_max,1,cross_layer_handoff_executed
grid-treasure_round-robin_seed1,1,round-robin,grid-treasure,3,2,RL,3.106232181567027,3.3270999556407332,-1.08,-1.08,0.0,0.0,0.0,0.0,11.390878161953292,8.284645980386266,strict_delta_max,2,cross_layer_handoff_executed
grid-treasure_round-robin_seed1,1,round-robin,grid-treasure,3,3,GA,2.410179956330361,1.6342999879270792,0.010000000000000009,0.010000000000000009,0.5,0.0,0.6457060898751952,0.053003827421019445,8.284645980386266,5.874466024055905,strict_delta_max,1,cross_layer_handoff_executed
grid-treasure_round-robin_seed1,1,round-robin,grid-treasure,3,4,PSO,3.0831472135316935,1.8990000244230032,0.010000000000000009,0.010000000000000009,0.5,0.0,0.0,0.04939743163120048,5.874466024055905,2.7913188105242113,strict_delta_max,1,cross_layer_handoff_executed
grid-treasure_round-robin_seed1,1,round-robin,grid-treasure,4,0,RL,2.9658090762735356,3.3765999833121896,-1.0750000000000002,-1.0750000000000002,0.0,0.0,0.0,0.0269740896809575,16.0,13.034190923726465,strict_delta_max,2,cross_layer_handoff_executed
grid-treasure_round-robin_seed1,1,round-robin,grid-treasure,4,1,GA,2.7244855280936053,1.6243000281974673,0.010000000000000009,0.010000000000000009,0.5,0.0,0.6197168923766674,0.0392995867894561,13.034190923726465,10.309705395632859,strict_delta_max,1,cross_layer_handoff_executed
grid-treasure_round-robin_seed1,1,round-robin,grid-treasure,4,2,PSO,2.9371187622318797,1.9365999614819884,0.010000000000000009,0.010000000000000009,0.5,0.0,0.0,0.03785060873339655,10.309705395632859,7.37258663340098,strict_delta_max,1,cross_layer_handoff_executed
grid-treasure_round-robin_seed1,1,round-robin,grid-treasure,4,3,RL,3.6174844740033185,2.3536999942734838,0.010000000000000009,0.010000000000000009,0.5,0.0,0.0,0.0,7.37258663340098,3.7551021593976612,strict_delta_max,2,cross_layer_handoff_executed
grid-treasure_round-robin_seed1,1,round-robin,grid-treasure,5,0,GA,1.2826114920861778,1.3668000465258956,0.0,0.0,0.5,0.0,0.5902023103478207,0.07301314931413753,16.0,14.717388507913823,strict_delta_max,1,cross_layer_handoff_executed
grid-treasure_round-robin_seed1,1,round-robin,grid-treasure,5,1,PSO,2.430656312131491,1.905399956740439,0.010000000000000009,0.010000000000000009,0.5,0.0,0.0,0.05597978500857115,14.717388507913823,12.286732195782331,strict_delta_max,1,cross_layer_handoff_executed
grid-treasure_round-robin_seed1,1,round-robin,grid-treasure,5,2,RL,4.0,2.909999922849238,0.010000000000000009,0.010000000000000009,0.5,0.0,0.0,0.017500000000000016,12.286732195782331,8.286732195782331,strict_delta_max,2,cross_layer_handoff_executed
grid-treasure_round-robin_seed1,1,round-robin,grid-treasure,5,3,GA,3.9025507300998754,1.6613000771030784,0.010000000000000009,0.010000000000000009,0.5,0.0,0.5762153690086328,0.02125562615495949,8.286732195782331,4.384181465682456,strict_delta_max,1,cross_layer_handoff_executed
grid-treasure_round-robin_seed1,1,round-robin,grid-treasure,5,4,PSO,2.7306178130860688,1.9449000246822834,0.010000000000000009,0.010000000000000009,0.5,0.0,0.0,0.05362138034953934,4.384181465682456,1.6535636525963873,strict_delta_max,1,cross_layer_handoff_executed
grid-treasure_round-robin_seed2,2,round-robin,grid-treasure,0,0,GA,3.9053653955254966,3.4935999428853393,-0.6500000000000001,-0.6500000000000001,0.0,0.0,0.8718432739321208,0.04391968426834987,16.0,12.094634604474503,strict_delta_max,1,cross_layer_handoff_executed
grid-treasure_round-robin_seed2,2,round-robin,grid-treasure,0,1,PSO,1.6816474976395537,2.226599957793951,-1.12,-1.12,0.0,0.0,0.0,0.08873132629818674,12.094634604474503,10.412987106834949,strict_delta_max,1,cross_layer_handoff_executed
grid-treasure_round-robin_seed2,2,round-robin,grid-treasure,0,2,RL,1.3622580479494517,2.9500999953597784,-1.12,-1.12,0.0,0.0,0.0,0.0,10.412987106834949,9.050729058885498,strict_delta_max,2,cross_layer_handoff_executed
grid-treasure_round-robin_seed2,2,round-robin,grid-treasure,0,3,GA,3.3079688215383105,3.069499973207712,-1.2349999999999999,-1.2349999999999999,0.0,0.0,0.8441815109289925,0.04901357931999614,9.050729058885498,5.742760237347188,strict_delta_max,1,cross_layer_handoff_executed
grid-treasure_round-robin_seed2,2,round-robin,grid-treasure,0,4,PSO,2.2659582207028057,1.550600049085915,-0.975,-0.975,0.0,0.0,0.0,0.05362958242575609,5.742760237347188,3.476802016644382,strict_delta_max,1,cross_layer_handoff_executed
grid-treasure_round-robin_seed2,2,round-robin,grid-treasure,1,0,RL,3.281732557964693,4.362800042144954,-1.12,-1.12,0.0,0.0,0.0,0.0,16.0,12.718267442035307,strict_delta_max,2,cross_layer_handoff_executed
grid-treasure_round-robin_seed2,2,round-robin,grid-treasure,1,1,GA,2.4363648014259303,1.70519994571805,-0.06999999999999995,-0.06999999999999995,0.5,0.010261189122978744,0.8064333509757664,0.06313669812067964,12.718267442035307,10.281902640609378,strict_delta_max,1,cross_layer_handoff_executed
grid-treasure_round-robin_seed2,2,round-robin,grid-treasure,1,2,PSO,3.035932338780581,2.1320999367162585,-1.12,-1.12,0.0,0.0,0.0,0.030053440383706644,10.281902640609378,7.245970301828796,strict_delta_max,1,cross_layer_handoff_executed
grid-treasure_round-robin_seed2,2,round-robin,grid-treasure,1,3,RL,4.0,3.2700999872758985,-1.12,-1.12,0.0,0.0,0.0,0.03250000000000003,7.245970301828796,3.2459703018287964,strict_delta_max,2,cross_layer_handoff_executed
grid-treasure_round-robin_seed2,2,round-robin,grid-treasure,2,0,GA,1.5061364349955495,1.782399951480329,-0.06999999999999995,-0.06999999999999995,0.5,0.0,0.8189175342018038,0.10717178680063962,16.0,14.49386356500445,strict_delta_max,1,cross_layer_handoff_executed
grid-treasure_round-robin_seed2,2,round-robin,grid-treasure,2,1,PSO,1.138152930681977,2.4247000692412257,-1.12,-1.12,0.0,0.0,0.0,0.05648333593767272,14.49386356500445,13.355710634322472,strict_delta_max,1,cross_layer_handoff_executed
grid-treasure_round-robin_seed2,2,round-robin,grid-treasure,2,2,RL,1.6531780555544702,2.5153999449685216,-1.12,-1.12,0.0,0.0,0.0,0.0,13.355710634322472,11.702532578768002,strict_delta_max,2,cross_layer_handoff_executed
grid-treasure_round-robin_seed2,2,round-robin,grid-treasure,2,3,GA,3.89199335172641,1.798100071027875,-0.09499999999999997,-0.09499999999999997,0.5,0.0,0.7668710046910088,0.03233953276617344,11.702532578768002,7.810539227041592,strict_delta_max,1,cross_layer_handoff_executed
grid-treasure_round-robin_seed2,2,round-robin,grid-treasure,2,4,PSO,1.2598358797375702,1.717299921438098,-1.0,-1.0,0.0,0.0,0.0,0.0897660842136489,7.810539227041592,6.550703347304022,strict_delta_max,1,cross_layer_handoff_executed
grid-treasure_round-robin_seed2,2,round-robin,grid-treasure,2,5,RL,2.293223093140829,2.789599937386811,-1.12,-1.12,0.0,0.0,0.0,0.0,6.550703347304022,4.257480254163193,strict_delta_max,2,cross_layer_handoff_executed
grid-treasure_round-robin_seed2,2,round-robin,grid-treasure,2,6,GA,3.0313871446115948,2.012800076045096,-1.12,-1.12,0.0,0.0,0.7668710046910088,0.04993383289702889,4.257480254163193,1.2260931095515981,strict_delta_max,1,cross_layer_handoff_executed
grid-treasure_round-robin_seed2,2,round-robin,grid-treasure,3,0,PSO,1.7612349902445743,2.6129999896511436,-1.12,-1.12,0.0,0.0,0.0,0.06691824613037199,16.0,14.238765009755426,strict_delta_max,1,cross_layer_handoff_executed
grid-treasure_round-robin_seed2,2,round-robin,grid-treasure,3,1,RL,1.9013373260137705,3.805499989539385,-1.12,-1.12,0.0,0.0,0.0,0.0,14.238765009755426,12.337427683741655,strict_delta_max,2,cross_layer_handoff_executed
grid-treasure_round-robin_seed2,2,round-robin,grid-treasure,3,2,GA,1.3462409169364309,2.4311000015586615,-1.135,-1.135,0.0,0.0,0.7668710046910088,0.118975098789455,12.337427683741655,10.991186766805225,strict_delta_max,1,cross_layer_handoff_executed
grid-treasure_round-robin_seed2,2,round-robin,grid-treasure,3,3,PSO,1.1387559756188803,1.9862999906763434,-0.07999999999999996,-0.07999999999999996,0.5,0.0,0.0,0.10180961841300246,10.991186766805225,9.852430791186345,strict_delta_max,1,cross_layer_handoff_executed
grid-treasure_round-robin_seed2,2,round-robin,grid-treasure,3,4,RL,1.5539695480718154,4.223999916575849,-1.12,-1.12,0.0,0.0,0.0,0.0,9.852430791186345,8.298461243114529,strict_delta_max,2,cross_layer_handoff_executed
grid-treasure_round-robin_seed2,2,round-robin,grid-treasure,3,5,GA,1.1115101470866477,2.3452999303117394,-0.08499999999999996,-0.08499999999999996,0.5,0.0,0.7467841859013832,0.096397658259096,8.298461243114529,7.186951096027881,strict_delta_max,1,cross_layer_handoff_executed
grid-treasure_round-robin_seed2,2,round-robin,grid-treasure,3,6,PSO,3.1470739495555695,2.3187000770121813,-0.09499999999999997,-0.09499999999999997,0.5,0.0,0.0,0.02453543364165067,7.186951096027881,4.039877146472312,strict_delta_max,1,cross_layer_handoff_executed
grid-treasure_round-robin_seed2,2,round-robin,grid-treasure,3,7,RL,2.97630746280092,2.4347000289708376,-1.12,-1.12,0.0,0.0,0.0,0.036958547251862935,4.039877146472312,1.0635696836713922,strict_delta_max,2,cross_layer_handoff_executed
grid-treasure_round-robin_seed2,2,round-robin,grid-treasure,4,0,GA,3.4451888595990283,2.2685000440105796,-0.10999999999999999,-0.10999999999999999,0.5,0.0,0.6896184569682962,0.03391612680656198,16.0,12.554811140400972,strict_delta_max,1,cross_layer_handoff_executed
grid-treasure_round-robin_seed2,2,round-robin,grid-treasure,4,1,PSO,3.1874809694966126,2.3672999814152718,-1.145,-1.145,0.0,0.0,0.0,0.04944306089534031,12.554811140400972,9.36733017090436,strict_delta_max,1,cross_layer_handoff_executed
grid-treasure_round-robin_seed2,2,round-robin,grid-treasure,4,2,RL,2.9088523361849923,3.237699973396957,-0.06999999999999995,-0.06999999999999995,0.5,0.0,0.0,0.0,9.36733017090436,6.458477834719368,strict_delta_max,2,cross_layer_handoff_executed
grid-treasure_round-robin_seed2,2,round-robin,grid-treasure,4,3,GA,1.3987878776491236,1.698400010354817,-0.06999999999999995,-0.06999999999999995,0.5,0.0,0.6038719510383954,0.10214333214408196,6.458477834719368,5.059689957070244,strict_delta_max,1,cross_layer_handoff_executed
grid-treasure_round-robin_seed2,2,round-robin,grid-treasure,4,4,PSO,1.3934486104922021,2.0878000650554895,-0.09499999999999997,-0.09499999999999997,0.5,0.0,0.0,0.06709094899247027,5.059689957070244,3.666241346578042,strict_delta_max,1,cross_layer_handoff_executed
grid-treasure_round-robin_seed2,2,round-robin,grid-treasure,5,0,RL,1.6035975270961769,3.3227000385522842,-0.06999999999999995,-0.06999999999999995,0.5,0.0,0.0,0.0,16.0,14.396402472903823,strict_delta_max,2,cross_layer_handoff_executed
grid-treasure_round-robin_seed2,2,round-robin,grid-treasure,5,1,GA,3.113041615168579,1.8059000140056014,-0.09499999999999997,-0.09499999999999997,0.5,0.0,0.5516764159936336,0.03654375351356408,14.396402472903823,11.283360857735243,strict_delta_max,1,cross_layer_handoff_executed
grid-treasure_round-robin_seed2,2,round-robin,grid-treasure,5,2,PSO,1.3584570956379494,1.9472999265417457,-0.06999999999999995,-0.06999999999999995,0.5,0.0,0.0,0.03683893078088622,11.283360857735243,9.924903762097294,strict_delta_max,1,cross_layer_handoff_executed
grid-treasure_round-robin_seed2,2,round-robin,grid-treasure,5,3,RL,1.9969066180345878,2.4759999942034483,-0.06999999999999995,-0.06999999999999995,0.5,0.0,0.0,0.020030981738830216,9.924903762097294,7.927997144062706,strict_delta_max,2,cross_layer_handoff_executed
grid-treasure_round-robin_seed2,2,round-robin,grid-treasure,5,4,GA,2.5408954315293975,2.0904999691993,-0.09499999999999997,-0.09499999999999997,0.5,0.0,0.507070306340089,0.06001179650150377,7.927997144062706,5.387101712533308,strict_delta_max,1,cross_layer_handoff_executed
grid-treasure_round-robin_seed2,2,round-robin,grid-treasure,5,5,PSO,1.0846313290735214,2.273599966429174,-0.06999999999999995,-0.06999999999999995,0.5,0.0,0.0,0.033402943370583194,5.387101712533308,4.302470383459787,strict_delta_max,1,cross_layer_handoff_executed
grid-treasure_round-robin_seed2,2,round-robin,grid-treasure,5,6,RL,3.037994776016133,4.591000033542514,-0.13,-0.13,0.5,0.0,0.0,0.0,4.302470383459787,1.264475607443654,strict_delta_max,2,cross_layer_handoff_executed
grid-treasure_greedy-improvement_seed0,0,greedy-improvement,grid-treasure,0,0,GA,3.2127778257737645,2.0700000459328294,0.025000000000000022,0.025000000000000022,0.5,0.0,0.8931030542994856,0.05487385891284679,16.0,12.787222174226235,strict_delta_max,1,cross_layer_handoff_executed
grid-treasure_greedy-improvement_seed0,0,greedy-improvement,grid-treasure,0,1,GA,3.5221199679911415,1.8606000812724233,0.025000000000000022,0.025000000000000022,0.5,0.0,0.8716202985283468,0.045234247938315195,12.787222174226235,9.265102206235094,strict_delta_max,1,cross_layer_handoff_executed
grid-treasure_greedy-improvement_seed0,0,greedy-improvement,grid-treasure,0,2,GA,1.2791422413487052,1.7950000474229455,0.025000000000000022,0.025000000000000022,0.5,0.0,0.869587833327935,0.1378859041269557,9.265102206235094,7.985959964886389,strict_delta_max,1,cross_layer_handoff_executed
grid-treasure_greedy-improvement_seed0,0,greedy-improvement,grid-treasure,0,3,GA,1.6179289395620384,1.7735000001266599,0.025000000000000022,0.025000000000000022,0.5,0.0,0.8056684933570712,0.07892583339735855,7.985959964886389,6.368031025324351,strict_delta_max,1,cross_layer_handoff_executed
grid-treasure_greedy-improvement_seed0,0,greedy-improvement,grid-treasure,0,4,GA,1.7755865413627387,1.9406999927014112,0.025000000000000022,0.025000000000000022,0.5,0.0,0.7328984474742877,0.089592336886136,6.368031025324351,4.5924444839616125,strict_delta_max,1,cross_layer_handoff_executed
grid-treasure_greedy-improvement_seed0,0,greedy-improvement,grid-treasure,0,5,GA,2.3445051467421636,1.909599988721311,0.025000000000000022,0.025000000000000022,0.5,0.0,0.7328984474742877,0.056183197221847885,4.5924444839616125,2.247939337219449,strict_delta_max,1,cross_layer_handoff_executed
grid-treasure_greedy-improvement_seed0,0,greedy-improvement,grid-treasure,1,0,GA,1.9252254512473295,1.473700045607984,0.025000000000000022,0.025000000000000022,0.5,0.0,0.7328984474742877,0.0790403589044626,16.0,14.074774548752671,strict_delta_max,1,cross_layer_handoff_executed
grid-treasure_greedy-improvement_seed0,0,greedy-improvement,grid-treasure,1,1,GA,2.678739382026505,1.7076999647542834,0.025000000000000022,0.025000000000000022,0.5,0.0,0.7328984474742877,0.04745620969911341,14.074774548752671,11.396035166726167,strict_delta_max,1,cross_layer_handoff_executed
grid-treasure_greedy-improvement_seed0,0,greedy-improvement,grid-treasure,1,2,GA,2.9593102896109347,1.6171999741345644,0.025000000000000022,0.025000000000000022,0.5,0.0,0.7328984474742877,0.04750347811785558,11.396035166726167,8.436724877115232,strict_delta_max,1,cross_layer_handoff_executed
grid-treasure_greedy-improvement_seed0,0,greedy-improvement,grid-treasure,1,3,GA,2.1347197790668404,1.4871000312268734,0.010000000000000009,0.010000000000000009,0.5,0.0,0.7328984474742877,0.05520162842354082,8.436724877115232,6.302005098048392,strict_delta_max,1,cross_layer_handoff_executed
grid-treasure_greedy-improvement_seed0,0,greedy-improvement,grid-treasure,1,4,GA,1.049789246947391,1.3059999328106642,0.030000000000000027,0.030000000000000027,0.5,0.004762860749944958,0.7591869014902193,0.14228817560248855,6.302005098048392,5.252215851101001,strict_delta_max,1,cross_layer_handoff_executed
grid-treasure_greedy-improvement_seed0,0,greedy-improvement,grid-treasure,1,5,GA,3.0276574243603855,1.7236999701708555,0.025000000000000022,0.025000000000000022,0.5,0.0,0.7591869014902193,0.04170702289049015,5.252215851101001,2.2245584267406153,strict_delta_max,1,cross_layer_handoff_executed
grid-treasure_greedy-improvement_seed0,0,greedy-improvement,grid-treasure,2,0,GA,1.1179103182693553,1.5379999531432986,0.025000000000000022,0.025000000000000022,0.5,0.0,0.7591869014902193,0.10204583629120274,16.0,14.882089681730644,strict_delta_max,1,cross_layer_handoff_executed
grid-treasure_greedy-improvement_seed0,0,greedy-improvement,grid-treasure,2,1,GA,2.192762034067517,1.6549000283703208,0.025000000000000022,0.025000000000000022,0.5,0.0,0.7591869014902193,0.056769360117537866,14.882089681730644,12.689327647663127,strict_delta_max,1,cross_layer_handoff_executed
grid-treasure_greedy-improvement_seed0,0,greedy-improvement,grid-treasure,2,2,GA,3.094667851965138,1.429600059054792,1.05,1.05,1.0,0.32959918440109565,0.7570074431952223,0.03556419766223814,12.689327647663127,9.59465979569799,strict_delta_max,1,cross_layer_handoff_executed
grid-treasure_greedy-improvement_seed0,0,greedy-improvement,grid-treasure,2,3,GA,3.020945986917645,1.4764999505132437,1.05,1.05,1.0,0.0,0.7608444941799686,0.037933221308276754,9.59465979569799,6.573713808780344,strict_delta_max,1,cross_layer_handoff_executed
grid-treasure_greedy-improvement_seed0,0,greedy-improvement,grid-treasure,2,4,GA,2.845077307670694,1.5875999815762043,0.015000000000000013,0.015000000000000013,0.5,0.0,0.7608444941799686,0.04751030362142755,6.573713808780344,3.7286365011096496,strict_delta_max,1,cross_layer_handoff_executed
grid-treasure_greedy-improvement_seed0,0,greedy-improvement,grid-treasure,3,0,GA,2.799132498155631,1.5693999594077468,0.025000000000000022,0.025000000000000022,0.5,0.0,0.7608444941799686,0.04446006794637743,16.0,13.20086750184437,strict_delta_max,1,cross_layer_handoff_executed
grid-treasure_greedy-improvement_seed0,0,greedy-improvement,grid-treasure,3,1,GA,2.4712209121490147,1.5969000523909926,0.025000000000000022,0.025000000000000022,0.5,0.0,0.7608444941799686,0.03410162373255324,13.20086750184437,10.729646589695355,strict_delta_max,1,cross_layer_handoff_executed
grid-treasure_greedy-improvement_seed0,0,greedy-improvement,grid-treasure,3,2,GA,1.0605357807469415,2.1303000394254923,-1.1,-1.1,0.0,0.0,0.7608444941799686,0.123399013236235,10.729646589695355,9.669110808948414,strict_delta_max,1,cross_layer_handoff_executed
grid-treasure_greedy-improvement_seed0,0,greedy-improvement,grid-treasure,3,3,GA,2.2268260078202924,1.9636000506579876,0.025000000000000022,0.025000000000000022,0.5,0.0,0.7608444941799686,0.05797913541671382,9.669110808948414,7.442284801128121,strict_delta_max,1,cross_layer_handoff_executed
grid-treasure_greedy-improvement_seed0,0,greedy-improvement,grid-treasure,3,4,GA,3.0461532197980365,1.951600075699389,0.025000000000000022,0.025000000000000022,0.5,0.0,0.7608444941799686,0.035868648634521376,7.442284801128121,4.396131581330085,strict_delta_max,1,cross_layer_handoff_executed
grid-treasure_greedy-improvement_seed0,0,greedy-improvement,grid-treasure,3,5,GA,3.268477095587089,1.819700002670288,0.025000000000000022,0.025000000000000022,0.5,0.0,0.7608444941799686,0.04009410137483764,4.396131581330085,1.1276544857429958,strict_delta_max,1,cross_layer_handoff_executed
grid-treasure_greedy-improvement_seed0,0,greedy-improvement,grid-treasure,4,0,GA,2.6494565831989965,1.9529999699443579,0.025000000000000022,0.025000000000000022,0.5,0.0,0.7608444941799686,0.045609143748350074,16.0,13.350543416801003,strict_delta_max,1,cross_layer_handoff_executed
grid-treasure_greedy-improvement_seed0,0,greedy-improvement,grid-treasure,4,1,GA,1.2897492549940717,1.82819995097816,1.05,1.05,1.0,0.0,0.7392180644492159,0.0753202963357608,13.350543416801003,12.060794161806932,strict_delta_max,1,cross_layer_handoff_executed
grid-treasure_greedy-improvement_seed0,0,greedy-improvement,grid-treasure,4,2,GA,1.0432808565490914,1.6908999532461166,0.025000000000000022,0.025000000000000022,0.5,0.0,0.7392180644492159,0.0947781331412197,12.060794161806932,11.01751330525784,strict_delta_max,1,cross_layer_handoff_executed
grid-treasure_greedy-improvement_seed0,0,greedy-improvement,grid-treasure,4,3,GA,3.3018087684943405,1.7680999590083957,1.05,1.05,1.0,0.0,0.7238450462943306,0.033685645104575425,11.01751330525784,7.715704536763499,strict_delta_max,1,cross_layer_handoff_executed
grid-treasure_greedy-improvement_seed0,0,greedy-improvement,grid-treasure,4,4,GA,3.98056434733576,1.5336999204009771,1.045,1.045,1.0,0.0,0.7135837298066932,0.024773201697359616,7.715704536763499,3.735140189427739,strict_delta_max,1,cross_layer_handoff_executed
grid-treasure_greedy-improvement_seed0,0,greedy-improvement,grid-treasure,5,0,GA,3.3375839332854076,1.639900030568242,0.025000000000000022,0.025000000000000022,0.5,0.0,0.7135837298066932,0.030991160670951135,16.0,12.662416066714592,strict_delta_max,1,cross_layer_handoff_executed
grid-treasure_greedy-improvement_seed0,0,greedy-improvement,grid-treasure,5,1,GA,2.074530555964414,1.550300046801567,1.05,1.05,1.0,0.0,0.680175488513555,0.04669596304967269,12.662416066714592,10.587885510750178,strict_delta_max,1,cross_layer_handoff_executed
grid-treasure_greedy-improvement_seed0,0,greedy-improvement,grid-treasure,5,2,GA,2.8421108971552878,2.683900063857436,-1.08,-1.08,0.0,0.0,0.680175488513555,0.033913787787430386,10.587885510750178,7.74577461359489,strict_delta_max,1,cross_layer_handoff_executed
grid-treasure_greedy-improvement_seed0,0,greedy-improvement,grid-treasure,5,3,GA,1.1969168090071092,1.8337999936193228,1.05,1.05,1.0,0.0,0.6398798386643947,0.07343572969378281,7.74577461359489,6.548857804587781,strict_delta_max,1,cross_layer_handoff_executed
grid-treasure_greedy-improvement_seed0,0,greedy-improvement,grid-treasure,5,4,GA,1.271419343909364,3.3967000199481845,1.05,1.05,1.0,0.0,0.5796563197999883,0.06495571837744052,6.548857804587781,5.277438460678417,strict_delta_max,1,cross_layer_handoff_executed
grid-treasure_greedy-improvement_seed0,0,greedy-improvement,grid-treasure,5,5,GA,1.7927451215278905,5.7270999532192945,-1.195,-1.195,0.0,0.0,0.5796563197999883,0.06273627744847245,5.277438460678417,3.484693339150527,strict_delta_max,1,cross_layer_handoff_executed
grid-treasure_greedy-improvement_seed1,1,greedy-improvement,grid-treasure,0,0,GA,1.824988789829238,2.227799966931343,-1.05,-1.05,0.0,0.0,0.8643655984494946,0.08235453439285725,16.0,14.175011210170762,strict_delta_max,1,cross_layer_handoff_executed
grid-treasure_greedy-improvement_seed1,1,greedy-improvement,grid-treasure,0,1,GA,2.157453571044023,2.2372000385075808,0.010000000000000009,0.010000000000000009,0.5,0.0,0.8386960735132042,0.061908755814642565,14.175011210170762,12.01755763912674,strict_delta_max,1,cross_layer_handoff_executed
grid-treasure_greedy-improvement_seed1,1,greedy-improvement,grid-treasure,0,2,GA,1.5853477314847222,1.6179000958800316,0.0,0.0,0.5,0.0,0.7996318624163499,0.0977247096616392,12.01755763912674,10.432209907642017,strict_delta_max,1,cross_layer_handoff_executed
grid-treasure_greedy-improvement_seed1,1,greedy-improvement,grid-treasure,0,3,GA,2.27420097886176,1.6416000435128808,0.0,0.0,0.5,0.0,0.7677885932144511,0.0616445043036751,10.432209907642017,8.158008928780257,strict_delta_max,1,cross_layer_handoff_executed
grid-treasure_greedy-improvement_seed1,1,greedy-improvement,grid-treasure,0,4,GA,1.2992741399651955,2.226299955509603,0.010000000000000009,0.010000000000000009,0.5,0.0,0.771574976407978,0.13795365850866434,8.158008928780257,6.858734788815061,strict_delta_max,1,cross_layer_handoff_executed
grid-treasure_greedy-improvement_seed1,1,greedy-improvement,grid-treasure,0,5,GA,2.5011147310219464,1.7610000213608146,0.0,0.0,0.5,0.0,0.7448022248096569,0.06872653817606263,6.858734788815061,4.357620057793115,strict_delta_max,1,cross_layer_handoff_executed
grid-treasure_greedy-improvement_seed1,1,greedy-improvement,grid-treasure,0,6,GA,1.0622897383164795,2.796799992211163,0.010000000000000009,0.010000000000000009,0.5,0.0,0.6966165814672267,0.1215856758608736,4.357620057793115,3.2953303194766352,strict_delta_max,1,cross_layer_handoff_executed
grid-treasure_greedy-improvement_seed1,1,greedy-improvement,grid-treasure,1,0,GA,3.5000334455194375,2.1433000219985843,0.010000000000000009,0.010000000000000009,0.5,0.0,0.6769834678629403,0.04284588773717419,16.0,12.499966554480562,strict_delta_max,1,cross_layer_handoff_executed
grid-treasure_greedy-improvement_seed1,1,greedy-improvement,grid-treasure,1,1,GA,1.8746535038726546,1.7771999118849635,0.0,0.0,0.5,0.0,0.6769834678629403,0.0774446404747527,12.499966554480562,10.625313050607907,strict_delta_max,1,cross_layer_handoff_executed
grid-treasure_greedy-improvement_seed1,1,greedy-improvement,grid-treasure,1,2,GA,2.4106716758292404,1.8469999777153134,0.010000000000000009,0.010000000000000009,0.5,0.0,0.6515480846478969,0.059966086230489136,10.625313050607907,8.214641374778667,strict_delta_max,1,cross_layer_handoff_executed
grid-treasure_greedy-improvement_seed1,1,greedy-improvement,grid-treasure,1,3,GA,3.91367453433013,1.7308000242337584,0.010000000000000009,0.010000000000000009,0.5,0.0,0.6296077587395043,0.028934987054915533,8.214641374778667,4.300966840448537,strict_delta_max,1,cross_layer_handoff_executed
grid-treasure_greedy-improvement_seed1,1,greedy-improvement,grid-treasure,1,4,GA,2.8547718829211686,2.1409000037238,-1.02,-1.02,0.0,0.0,0.6296077587395043,0.038291533538040094,4.300966840448537,1.4461949575273687,strict_delta_max,1,cross_layer_handoff_executed
grid-treasure_greedy-improvement_seed1,1,greedy-improvement,grid-treasure,2,0,GA,3.3624148768577857,22.20929996110499,0.0,0.0,0.5,0.0,0.6296077587395043,0.029071680901047173,16.0,12.637585123142214,strict_delta_max,1,cross_layer_handoff_executed
grid-treasure_greedy-improvement_seed1,1,greedy-improvement,grid-treasure,2,1,GA,3.922188758492613,1.9641000544652343,0.010000000000000009,0.010000000000000009,0.5,0.0,0.6204291842344423,0.035016781361354,12.637585123142214,8.715396364649601,strict_delta_max,1,cross_layer_handoff_executed
grid-treasure_greedy-improvement_seed1,1,greedy-improvement,grid-treasure,2,2,GA,2.6897626217203654,5.8874000096693635,0.010000000000000009,0.010000000000000009,0.5,0.0,0.6204291842344423,0.03542986205404338,8.715396364649601,6.0256337429292355,strict_delta_max,1,cross_layer_handoff_executed
grid-treasure_greedy-improvement_seed1,1,greedy-improvement,grid-treasure,2,3,GA,1.3603771893577763,3.4468999365344644,0.010000000000000009,0.010000000000000009,0.5,0.0,0.6204291842344423,0.09892984874071149,6.0256337429292355,4.665256553571459,strict_delta_max,1,cross_layer_handoff_executed
grid-treasure_greedy-improvement_seed1,1,greedy-improvement,grid-treasure,2,4,GA,2.8238474377882063,1.7221999587491155,0.0,0.0,0.5,0.0,0.6204291842344423,0.06447752648678634,4.665256553571459,1.8414091157832528,strict_delta_max,1,cross_layer_handoff_executed
grid-treasure_greedy-improvement_seed1,1,greedy-improvement,grid-treasure,3,0,GA,2.410179956330361,2.6918998919427395,0.010000000000000009,0.010000000000000009,0.5,0.0,0.6204291842344423,0.05913914336512478,16.0,13.58982004366964,strict_delta_max,1,cross_layer_handoff_executed
grid-treasure_greedy-improvement_seed1,1,greedy-improvement,grid-treasure,3,1,GA,2.212682807783297,3.77660000231117,0.010000000000000009,0.010000000000000009,0.5,0.0,0.6204291842344423,0.049149388265564024,13.58982004366964,11.377137235886343,strict_delta_max,1,cross_layer_handoff_executed
grid-treasure_greedy-improvement_seed1,1,greedy-improvement,grid-treasure,3,2,GA,3.4772050016394647,1.4857000205665827,0.0,0.0,0.5,0.0,0.6204291842344423,0.03446953778363974,11.377137235886343,7.899932234246878,strict_delta_max,1,cross_layer_handoff_executed
grid-treasure_greedy-improvement_seed1,1,greedy-improvement,grid-treasure,3,3,GA,1.4550638152758775,2.181099960580468,0.010000000000000009,0.010000000000000009,0.5,0.0,0.6204291842344423,0.08332812224665034,7.899932234246878,6.444868418971,strict_delta_max,1,cross_layer_handoff_executed
grid-treasure_greedy-improvement_seed1,1,greedy-improvement,grid-treasure,3,4,GA,1.6927069794322795,2.5065999943763018,0.0,0.0,0.5,0.0,0.6204291842344423,0.07685250515187535,6.444868418971,4.75216143953872,strict_delta_max,1,cross_layer_handoff_executed
grid-treasure_greedy-improvement_seed1,1,greedy-improvement,grid-treasure,3,5,GA,2.7921987965269914,2.646500011906028,0.010000000000000009,0.010000000000000009,0.5,0.0,0.6204291842344423,0.03440365428503654,4.75216143953872,1.9599626430117287,strict_delta_max,1,cross_layer_handoff_executed
grid-treasure_greedy-improvement_seed1,1,greedy-improvement,grid-treasure,4,0,GA,3.12394551347376,2.127000014297664,0.010000000000000009,0.010000000000000009,0.5,0.0,0.6204291842344423,0.039961353861807554,16.0,12.87605448652624,strict_delta_max,1,cross_layer_handoff_executed
grid-treasure_greedy-improvement_seed1,1,greedy-improvement,grid-treasure,4,1,GA,2.895094997341174,2.0537000382319093,0.010000000000000009,0.010000000000000009,0.5,0.0,0.6204291842344423,0.03530112285950518,12.87605448652624,9.980959489185066,strict_delta_max,1,cross_layer_handoff_executed
grid-treasure_greedy-improvement_seed1,1,greedy-improvement,grid-treasure,4,2,GA,3.641842756726703,2.3369999835267663,0.010000000000000009,0.010000000000000009,0.5,0.0,0.6204291842344423,0.027135717681587044,9.980959489185066,6.339116732458363,strict_delta_max,1,cross_layer_handoff_executed
grid-treasure_greedy-improvement_seed1,1,greedy-improvement,grid-treasure,4,3,GA,1.665525568709917,1.9008999224752188,0.010000000000000009,0.010000000000000009,0.5,0.0,0.6204291842344423,0.06402643140856198,6.339116732458363,4.673591163748446,strict_delta_max,1,cross_layer_handoff_executed
grid-treasure_greedy-improvement_seed1,1,greedy-improvement,grid-treasure,4,4,GA,2.529567284521296,2.23430001642555,-1.03,-1.03,0.0,0.0,0.6204291842344423,0.04154984094672821,4.673591163748446,2.14402387922715,strict_delta_max,1,cross_layer_handoff_executed
grid-treasure_greedy-improvement_seed1,1,greedy-improvement,grid-treasure,5,0,GA,2.970130057222815,1.9194999476894736,0.010000000000000009,0.010000000000000009,0.5,0.0,0.6204291842344423,0.03142141228436051,16.0,13.029869942777186,strict_delta_max,1,cross_layer_handoff_executed
grid-treasure_greedy-improvement_seed1,1,greedy-improvement,grid-treasure,5,1,GA,1.533604682689079,4.025199916213751,0.010000000000000009,0.010000000000000009,0.5,0.0,0.6204291842344423,0.061966699632498054,13.029869942777186,11.496265260088107,strict_delta_max,1,cross_layer_handoff_executed
grid-treasure_greedy-improvement_seed1,1,greedy-improvement,grid-treasure,5,2,GA,2.661094459647861,2.498700050637126,0.010000000000000009,0.010000000000000009,0.5,0.0,0.6204291842344423,0.03504814312876186,11.496265260088107,8.835170800440245,strict_delta_max,1,cross_layer_handoff_executed
grid-treasure_greedy-improvement_seed1,1,greedy-improvement,grid-treasure,5,3,GA,2.4352134438174864,1.8612999701872468,0.010000000000000009,0.010000000000000009,0.5,0.0,0.6204291842344423,0.03649197691477858,8.835170800440245,6.3999573566227586,strict_delta_max,1,cross_layer_handoff_executed
grid-treasure_greedy-improvement_seed1,1,greedy-improvement,grid-treasure,5,4,GA,1.926658935882183,1.5622000209987164,0.0,0.0,0.5,0.0,0.6204291842344423,0.04767752497000055,6.3999573566227586,4.4732984207405755,strict_delta_max,1,cross_layer_handoff_executed
grid-treasure_greedy-improvement_seed1,1,greedy-improvement,grid-treasure,5,5,GA,1.9412481572220335,1.765900058671832,-1.06,-1.06,0.0,0.0,0.6204291842344423,0.05976543276065173,4.4732984207405755,2.532050263518542,strict_delta_max,1,cross_layer_handoff_executed
grid-treasure_greedy-improvement_seed2,2,greedy-improvement,grid-treasure,0,0,GA,3.9053653955254966,3.829500055871904,-0.6500000000000001,-0.6500000000000001,0.0,0.0,0.8718432739321208,0.04391968426834987,16.0,12.094634604474503,strict_delta_max,1,cross_layer_handoff_executed
grid-treasure_greedy-improvement_seed2,2,greedy-improvement,grid-treasure,0,1,GA,1.4956316206822053,2.270899945870042,-0.09499999999999997,-0.09499999999999997,0.5,0.0,0.8476131485123842,0.08404952550697707,12.094634604474503,10.599002983792298,strict_delta_max,1,cross_layer_handoff_executed
grid-treasure_greedy-improvement_seed2,2,greedy-improvement,grid-treasure,0,2,GA,3.2343446338780675,3.31729999743402,-0.13,-0.13,0.5,0.0,0.8050254321672382,0.03514867677963218,10.599002983792298,7.36465834991423,strict_delta_max,1,cross_layer_handoff_executed
grid-treasure_greedy-improvement_seed2,2,greedy-improvement,grid-treasure,0,3,GA,1.433185864447942,2.4525999324396253,-1.105,-1.105,0.0,0.0,0.8050254321672382,0.09598534478124351,7.36465834991423,5.931472485466289,strict_delta_max,1,cross_layer_handoff_executed
grid-treasure_greedy-improvement_seed2,2,greedy-improvement,grid-treasure,0,4,GA,3.058286705164339,2.4517999263480306,-0.09499999999999997,-0.09499999999999997,0.5,0.0,0.7564481121746757,0.04200950245614174,5.931472485466289,2.8731857803019496,strict_delta_max,1,cross_layer_handoff_executed
grid-treasure_greedy-improvement_seed2,2,greedy-improvement,grid-treasure,1,0,GA,3.694327291023837,2.5687000015750527,-0.06999999999999995,-0.06999999999999995,0.5,0.006767131883724244,0.7374918716881371,0.03776104833488673,16.0,12.305672708976163,strict_delta_max,1,cross_layer_handoff_executed
grid-treasure_greedy-improvement_seed2,2,greedy-improvement,grid-treasure,1,1,GA,2.639303433725926,2.2509999107569456,-0.09499999999999997,-0.09499999999999997,0.5,0.0,0.6968178089568409,0.04719582484185867,12.305672708976163,9.666369275250236,strict_delta_max,1,cross_layer_handoff_executed
grid-treasure_greedy-improvement_seed2,2,greedy-improvement,grid-treasure,1,2,GA,3.886921007373951,2.4356000358238816,-0.08499999999999996,-0.08499999999999996,0.5,0.0,0.6581393137793173,0.03314847951266317,9.666369275250236,5.779448267876285,strict_delta_max,1,cross_layer_handoff_executed
grid-treasure_greedy-improvement_seed2,2,greedy-improvement,grid-treasure,1,3,GA,1.4467484594268698,3.1748999608680606,-0.06999999999999995,-0.06999999999999995,0.5,0.0,0.6297610817126345,0.0871967013773655,5.779448267876285,4.332699808449416,strict_delta_max,1,cross_layer_handoff_executed
grid-treasure_greedy-improvement_seed2,2,greedy-improvement,grid-treasure,1,4,GA,3.554418391917593,2.6558999670669436,-0.10999999999999999,-0.10999999999999999,0.5,0.0,0.5833263704528967,0.033636794896372856,4.332699808449416,0.7782814165318226,strict_delta_max,1,cross_layer_handoff_executed
grid-treasure_greedy-improvement_seed2,2,greedy-improvement,grid-treasure,2,0,GA,1.4878687279934035,5.772699951194227,-0.09499999999999997,-0.09499999999999997,0.5,0.0,0.5853730908370977,0.0780909097586351,16.0,14.512131272006597,strict_delta_max,1,cross_layer_handoff_executed
grid-treasure_greedy-improvement_seed2,2,greedy-improvement,grid-treasure,2,1,GA,3.5604558170223997,4.1325000347569585,-0.10999999999999999,-0.10999999999999999,0.5,0.0,0.5853730908370977,0.02996502102158816,14.512131272006597,10.951675454984198,strict_delta_max,1,cross_layer_handoff_executed
grid-treasure_greedy-improvement_seed2,2,greedy-improvement,grid-treasure,2,2,GA,1.0003974757857894,3.128100070171058,-0.09499999999999997,-0.09499999999999997,0.5,0.0,0.5803527357158597,0.11533711990073174,10.951675454984198,9.951277979198409,strict_delta_max,1,cross_layer_handoff_executed
grid-treasure_greedy-improvement_seed2,2,greedy-improvement,grid-treasure,2,3,GA,2.626071423372124,2.396400086581707,-0.06999999999999995,-0.06999999999999995,0.5,0.0,0.56419455217573,0.052200138804218706,9.951277979198409,7.325206555826284,strict_delta_max,1,cross_layer_handoff_executed
grid-treasure_greedy-improvement_seed2,2,greedy-improvement,grid-treasure,2,4,GA,2.3375325352233784,3.217000048607588,-0.13,-0.13,0.5,0.0,0.56419455217573,0.050457712042451634,7.325206555826284,4.987674020602906,strict_delta_max,1,cross_layer_handoff_executed
grid-treasure_greedy-improvement_seed2,2,greedy-improvement,grid-treasure,2,5,GA,2.6545449193943087,2.377699944190681,-0.06999999999999995,-0.06999999999999995,0.5,0.0,0.5859298814884426,0.049961563664153365,4.987674020602906,2.3331291012085975,strict_delta_max,1,cross_layer_handoff_executed
grid-treasure_greedy-improvement_seed2,2,greedy-improvement,grid-treasure,3,0,GA,3.9540036376497714,3.153700032271445,-1.12,-1.12,0.0,0.0,0.5859298814884426,0.027144559789037095,16.0,12.045996362350229,strict_delta_max,1,cross_layer_handoff_executed
grid-treasure_greedy-improvement_seed2,2,greedy-improvement,grid-treasure,3,1,GA,1.1472145570708139,2.5391000090166926,-0.06999999999999995,-0.06999999999999995,0.5,0.0,0.6102112795186397,0.11605187106191092,12.045996362350229,10.898781805279414,strict_delta_max,1,cross_layer_handoff_executed
grid-treasure_greedy-improvement_seed2,2,greedy-improvement,grid-treasure,3,2,GA,3.9356003594585838,3.6889000330120325,-1.21,-1.21,0.0,0.0,0.6102112795186397,0.03453714590805337,10.898781805279414,6.9631814458208305,strict_delta_max,1,cross_layer_handoff_executed
grid-treasure_greedy-improvement_seed2,2,greedy-improvement,grid-treasure,3,3,GA,1.5928629010609505,2.5640999665483832,-0.10999999999999999,-0.10999999999999999,0.5,0.0,0.6102112795186397,0.07605449597069622,6.9631814458208305,5.37031854475988,strict_delta_max,1,cross_layer_handoff_executed
grid-treasure_greedy-improvement_seed2,2,greedy-improvement,grid-treasure,3,4,GA,3.541341656708042,2.5752000510692596,-0.09499999999999997,-0.09499999999999997,0.5,0.0,0.6102112795186397,0.029418107987846758,5.37031854475988,1.8289768880518382,strict_delta_max,1,cross_layer_handoff_executed
grid-treasure_greedy-improvement_seed2,2,greedy-improvement,grid-treasure,4,0,GA,1.0516114501735605,2.320699975825846,-0.10999999999999999,-0.10999999999999999,0.5,0.0,0.6102112795186397,0.0931021314125912,16.0,14.94838854982644,strict_delta_max,1,cross_layer_handoff_executed
grid-treasure_greedy-improvement_seed2,2,greedy-improvement,grid-treasure,4,1,GA,1.9321236620724744,2.0368999103084207,-0.09499999999999997,-0.09499999999999997,0.5,0.0,0.6102112795186397,0.06958798889026244,14.94838854982644,13.016264887753966,strict_delta_max,1,cross_layer_handoff_executed
grid-treasure_greedy-improvement_seed2,2,greedy-improvement,grid-treasure,4,2,GA,3.739850374267561,2.0401000510901213,-0.06999999999999995,-0.06999999999999995,0.5,0.0,0.5704602606069714,0.03491914964585788,13.016264887753966,9.276414513486404,strict_delta_max,1,cross_layer_handoff_executed
grid-treasure_greedy-improvement_seed2,2,greedy-improvement,grid-treasure,4,3,GA,2.8770210087316967,2.104399958625436,-0.09499999999999997,-0.09499999999999997,0.5,0.0,0.5704602606069714,0.03108603083723169,9.276414513486404,6.399393504754707,strict_delta_max,1,cross_layer_handoff_executed
grid-treasure_greedy-improvement_seed2,2,greedy-improvement,grid-treasure,4,4,GA,1.915911428095249,1.9678999669849873,-0.09499999999999997,-0.09499999999999997,0.5,0.0,0.5704602606069714,0.05187373359575193,6.399393504754707,4.483482076659458,strict_delta_max,1,cross_layer_handoff_executed
grid-treasure_greedy-improvement_seed2,2,greedy-improvement,grid-treasure,4,5,GA,1.4787064094038416,2.180999959819019,-0.06999999999999995,-0.06999999999999995,0.5,0.0,0.5374138894595469,0.09690610256553019,4.483482076659458,3.0047756672556165,strict_delta_max,1,cross_layer_handoff_executed
grid-treasure_greedy-improvement_seed2,2,greedy-improvement,grid-treasure,5,0,GA,2.579157018985171,3.7975000450387597,-1.135,-1.135,0.0,0.0,0.5374138894595469,0.048529095817541126,16.0,13.420842981014829,strict_delta_max,1,cross_layer_handoff_executed
grid-treasure_greedy-improvement_seed2,2,greedy-improvement,grid-treasure,5,1,GA,3.735157245210992,4.6938000014051795,-0.13,-0.13,0.5,0.0,0.5374138894595469,0.03335542085147393,13.420842981014829,9.685685735803837,strict_delta_max,1,cross_layer_handoff_executed
grid-treasure_greedy-improvement_seed2,2,greedy-improvement,grid-treasure,5,2,GA,3.328180970132345,2.2314999951049685,-0.08499999999999996,-0.08499999999999996,0.5,0.0,0.5374138894595469,0.03109597018002063,9.685685735803837,6.357504765671492,strict_delta_max,1,cross_layer_handoff_executed
grid-treasure_greedy-improvement_seed2,2,greedy-improvement,grid-treasure,5,3,GA,3.0099464377671694,1.5484000323340297,-0.06999999999999995,-0.06999999999999995,0.5,0.0,0.5764225640641605,0.056915212136915506,6.357504765671492,3.3475583279043226,strict_delta_max,1,cross_layer_handoff_executed
resource-defense_DLGPR-full_seed0,0,DLGPR-full,resource-defense,0,0,GA,2.900117049606808,2.7048999909311533,0.675128,0.675128,0.0,0.0,0.9088272647789373,0.05260290404668859,16.0,13.099882950393193,strict_delta_max,1,cross_layer_handoff_executed
resource-defense_DLGPR-full_seed0,0,DLGPR-full,resource-defense,0,1,PSO,1.5305249378732895,2.326000016182661,0.10590799999999989,0.10590799999999989,0.0,0.0,0.0,0.10043349719174326,13.099882950393193,11.569358012519903,strict_delta_max,1,cross_layer_handoff_executed
resource-defense_DLGPR-full_seed0,0,DLGPR-full,resource-defense,0,2,RL,2.1785896675980054,4.8470000037923455,0.7029200000000002,0.7029200000000002,0.0,0.0006022244663662349,0.0,0.17213062449408242,11.569358012519903,9.390768344921897,strict_delta_max,2,cross_layer_handoff_executed
resource-defense_DLGPR-full_seed0,0,DLGPR-full,resource-defense,0,3,RL,2.7970540899850542,4.2863000417128205,0.701872,0.701872,0.0,0.0,0.0,0.007562957068203531,9.390768344921897,6.593714254936843,strict_delta_max,2,cross_layer_handoff_executed
resource-defense_DLGPR-full_seed0,0,DLGPR-full,resource-defense,0,4,GA,3.321336592385924,2.237600041553378,0.6965199999999998,0.6965199999999998,0.0,0.0,0.7913029989488907,0.043698830232781476,6.593714254936843,3.2723776625509187,strict_delta_max,1,cross_layer_handoff_executed
resource-defense_DLGPR-full_seed0,0,DLGPR-full,resource-defense,1,0,GA,1.51020574733995,2.689699991606176,0.6898519999999999,0.6898519999999999,0.0,0.0,0.741408071696104,0.039071762142806464,16.0,14.489794252660051,strict_delta_max,1,cross_layer_handoff_executed
resource-defense_DLGPR-full_seed0,0,DLGPR-full,resource-defense,1,1,PSO,2.7244845309127994,2.329000039026141,0.743876,0.743876,0.0,0.015032568375889456,0.0,0.053065445030582005,14.489794252660051,11.76530972174725,strict_delta_max,1,cross_layer_handoff_executed
resource-defense_DLGPR-full_seed0,0,DLGPR-full,resource-defense,1,2,RL,3.8750942010511915,4.243600065819919,0.6874900000000002,0.6874900000000002,0.0,0.0,0.0,0.06587194704344372,11.76530972174725,7.890215520696059,strict_delta_max,2,cross_layer_handoff_executed
resource-defense_DLGPR-full_seed0,0,DLGPR-full,resource-defense,1,3,GA,1.7499428276055022,2.4886000901460648,-0.11494999999999977,-0.11494999999999977,0.0,0.0,0.5886779957536818,0.03926833428272381,7.890215520696059,6.140272693090557,strict_delta_max,1,cross_layer_handoff_executed
resource-defense_DLGPR-full_seed0,0,DLGPR-full,resource-defense,1,4,GA,2.184096774123913,2.321499981917441,-0.18497799999999998,-0.18497799999999998,0.0,0.0,0.5886779957536818,0.04193647752866943,6.140272693090557,3.956175918966644,strict_delta_max,1,cross_layer_handoff_executed
resource-defense_DLGPR-full_seed0,0,DLGPR-full,resource-defense,2,0,GA,1.5404124811668392,2.449900028295815,0.1523519999999998,0.1523519999999998,0.0,0.0,0.5892689951232029,0.04845691810569186,16.0,14.45958751883316,strict_delta_max,1,cross_layer_handoff_executed
resource-defense_DLGPR-full_seed0,0,DLGPR-full,resource-defense,2,1,PSO,1.916743765665989,2.647800021804869,0.8986719999999999,0.8986719999999999,0.0,0.08075988182291792,0.0,0.08207957694063285,14.45958751883316,12.54284375316717,strict_delta_max,1,cross_layer_handoff_executed
resource-defense_DLGPR-full_seed0,0,DLGPR-full,resource-defense,2,2,RL,3.33121874430355,4.212100058794022,0.6808760000000003,0.6808760000000003,0.0,0.0,0.0,0.06225949597415601,12.54284375316717,9.21162500886362,strict_delta_max,2,cross_layer_handoff_executed
resource-defense_DLGPR-full_seed0,0,DLGPR-full,resource-defense,2,3,PSO,1.7682433265978559,1.9992999732494354,0.17088799999999982,0.17088799999999982,0.0,0.0,0.0,0.06893228995458475,9.21162500886362,7.443381682265764,strict_delta_max,1,cross_layer_handoff_executed
resource-defense_DLGPR-full_seed0,0,DLGPR-full,resource-defense,2,4,PSO,1.7526935847299325,2.182799973525107,0.8872879999999999,0.8872879999999999,0.0,0.0,0.0,0.06023691746664612,7.443381682265764,5.690688097535832,strict_delta_max,1,cross_layer_handoff_executed
resource-defense_DLGPR-full_seed0,0,DLGPR-full,resource-defense,2,5,RL,3.9245275865653304,4.501199931837618,0.8997480000000001,0.8997480000000001,0.0,0.0002741731268964992,0.0,0.0,5.690688097535832,1.7661605109705012,strict_delta_max,2,cross_layer_handoff_executed
resource-defense_DLGPR-full_seed0,0,DLGPR-full,resource-defense,3,0,GA,2.754870169090758,2.479800023138523,0.705677,0.705677,0.0,0.0,0.4158905461786446,0.030975900855331764,16.0,13.245129830909242,strict_delta_max,1,cross_layer_handoff_executed
resource-defense_DLGPR-full_seed0,0,DLGPR-full,resource-defense,3,1,PSO,1.5423425293290405,2.196099958382547,0.701608,0.701608,0.0,0.0,0.0,0.07399235669635663,13.245129830909242,11.702787301580202,strict_delta_max,1,cross_layer_handoff_executed
resource-defense_DLGPR-full_seed0,0,DLGPR-full,resource-defense,3,2,RL,3.773026989478596,4.439600044861436,0.8673320000000001,0.8673320000000001,0.0,0.0,0.0,0.0,11.702787301580202,7.929760312101605,strict_delta_max,2,cross_layer_handoff_executed
resource-defense_DLGPR-full_seed0,0,DLGPR-full,resource-defense,3,3,GA,3.3000431589097574,2.266300027258694,0.701608,0.701608,0.0,0.0,0.413064574330428,0.032915741527490376,7.929760312101605,4.629717153191848,strict_delta_max,1,cross_layer_handoff_executed
resource-defense_DLGPR-full_seed0,0,DLGPR-full,resource-defense,3,4,GA,3.9248494552250417,3.0207999516278505,0.681762,0.681762,0.0,0.0,0.413064574330428,0.019324627181399406,4.629717153191848,0.7048676979668063,strict_delta_max,1,cross_layer_handoff_executed
resource-defense_DLGPR-full_seed0,0,DLGPR-full,resource-defense,4,0,GA,3.762808870968592,3.0965000623837113,0.6207960000000001,0.6207960000000001,0.0,0.0,0.413064574330428,0.023416155152204,16.0,12.237191129031409,strict_delta_max,1,cross_layer_handoff_executed
resource-defense_DLGPR-full_seed0,0,DLGPR-full,resource-defense,4,1,PSO,2.9222390936448295,2.6241999585181475,0.6068490000000002,0.6068490000000002,0.0,0.0,0.0,0.0072469579797389974,12.237191129031409,9.314952035386579,strict_delta_max,1,cross_layer_handoff_executed
resource-defense_DLGPR-full_seed0,0,DLGPR-full,resource-defense,4,2,RL,2.240352965873947,4.147200030274689,0.8826840000000001,0.8826840000000001,0.0,0.0,0.0,0.08508927071035721,9.314952035386579,7.074599069512631,strict_delta_max,2,cross_layer_handoff_executed
resource-defense_DLGPR-full_seed0,0,DLGPR-full,resource-defense,4,3,RL,2.4746289557328316,3.8189999759197235,0.8826840000000001,0.8826840000000001,0.0,0.0,0.0,0.0,7.074599069512631,4.5999701137798,strict_delta_max,2,cross_layer_handoff_executed
resource-defense_DLGPR-full_seed0,0,DLGPR-full,resource-defense,4,4,PSO,1.9370256024720038,2.064600004814565,0.7965600000000002,0.7965600000000002,0.0,0.0,0.0,0.008976831948361848,4.5999701137798,2.6629445113077956,strict_delta_max,1,cross_layer_handoff_executed
resource-defense_DLGPR-full_seed0,0,DLGPR-full,resource-defense,5,0,GA,3.7167586667266588,2.3198999697342515,0.9251240000000001,0.9251240000000001,0.0,0.006827454315818827,0.3552754371449512,0.019667044609190745,16.0,12.283241333273342,strict_delta_max,1,cross_layer_handoff_executed
resource-defense_DLGPR-full_seed0,0,DLGPR-full,resource-defense,5,1,PSO,1.9468931069099875,2.327500027604401,0.9364219999999999,0.9364219999999999,0.0,0.005803092095760427,0.0,0.04879595219099169,12.283241333273342,10.336348226363354,strict_delta_max,1,cross_layer_handoff_executed
resource-defense_DLGPR-full_seed0,0,DLGPR-full,resource-defense,5,2,RL,2.506621819177265,4.308999981731176,0.874946,0.874946,0.0,0.0,0.0,0.16042787026085545,10.336348226363354,7.829726407186088,strict_delta_max,2,cross_layer_handoff_executed
resource-defense_DLGPR-full_seed0,0,DLGPR-full,resource-defense,5,3,RL,4.0,4.524899995885789,0.873038,0.873038,0.0,0.0,0.0,0.0,7.829726407186088,3.8297264071860884,strict_delta_max,2,cross_layer_handoff_executed
resource-defense_DLGPR-full_seed1,1,DLGPR-full,resource-defense,0,0,GA,1.9020835094768749,2.9165000887587667,0.7475840000000001,0.7475840000000001,0.0,0.0,0.9187276469971314,0.10320116966747558,16.0,14.097916490523126,strict_delta_max,1,cross_layer_handoff_executed
resource-defense_DLGPR-full_seed1,1,DLGPR-full,resource-defense,0,1,PSO,1.753787846213536,2.470299950800836,0.7298560000000001,0.7298560000000001,0.0,0.0,0.0,0.07933765931040297,14.097916490523126,12.34412864430959,strict_delta_max,1,cross_layer_handoff_executed
resource-defense_DLGPR-full_seed1,1,DLGPR-full,resource-defense,0,2,RL,4.0,5.337699898518622,0.9027639999999999,0.9027639999999999,0.0,0.012604000000000004,0.0,0.0,12.34412864430959,8.34412864430959,strict_delta_max,2,cross_layer_handoff_executed
resource-defense_DLGPR-full_seed1,1,DLGPR-full,resource-defense,0,3,GA,3.4809483824350433,2.4831000482663512,0.854968,0.854968,0.0,0.0,0.8325725896037208,0.02900098157656912,8.34412864430959,4.863180261874547,strict_delta_max,1,cross_layer_handoff_executed
resource-defense_DLGPR-full_seed1,1,DLGPR-full,resource-defense,0,4,GA,2.8712549085496537,2.8609000146389008,0.6304719999999999,0.6304719999999999,0.0,0.0,0.7847072863218921,0.04197955335833807,4.863180261874547,1.991925353324893,strict_delta_max,1,cross_layer_handoff_executed
resource-defense_DLGPR-full_seed1,1,DLGPR-full,resource-defense,1,0,GA,1.8746535038726546,2.538600005209446,0.8882079999999999,0.8882079999999999,0.0,0.0,0.7852799130792669,0.0580519545616368,16.0,14.125346496127346,strict_delta_max,1,cross_layer_handoff_executed
resource-defense_DLGPR-full_seed1,1,DLGPR-full,resource-defense,1,1,PSO,1.321118183975954,2.4260999634861946,0.8997119999999998,0.8997119999999998,0.0,0.0,0.0,0.0662290547713492,14.125346496127346,12.804228312151391,strict_delta_max,1,cross_layer_handoff_executed
resource-defense_DLGPR-full_seed1,1,DLGPR-full,resource-defense,1,2,RL,1.9367624385175606,4.218399990350008,0.9185639999999999,0.9185639999999999,0.0,0.00815794425055749,0.0,0.660252375081574,12.804228312151391,10.867465873633831,strict_delta_max,2,cross_layer_handoff_executed
resource-defense_DLGPR-full_seed1,1,DLGPR-full,resource-defense,1,3,RL,1.2888936232661523,4.463599994778633,0.9185639999999999,0.9185639999999999,0.0,0.0,0.0,0.0,10.867465873633831,9.578572250367678,strict_delta_max,2,cross_layer_handoff_executed
resource-defense_DLGPR-full_seed1,1,DLGPR-full,resource-defense,1,4,RL,1.704784041911927,4.122199956327677,0.9185639999999999,0.9185639999999999,0.0,0.0,0.0,0.2750541936526556,9.578572250367678,7.873788208455752,strict_delta_max,2,cross_layer_handoff_executed
resource-defense_DLGPR-full_seed1,1,DLGPR-full,resource-defense,1,5,RL,4.0,3.817700082436204,0.9185639999999999,0.9185639999999999,0.0,0.0,0.0,0.0,7.873788208455752,3.8737882084557516,strict_delta_max,2,cross_layer_handoff_executed
resource-defense_DLGPR-full_seed1,1,DLGPR-full,resource-defense,2,0,GA,1.5030644493953578,2.2601999808102846,0.41209600000000013,0.41209600000000013,0.0,0.0,0.5548091031174912,0.08090913586445272,16.0,14.496935550604642,strict_delta_max,1,cross_layer_handoff_executed
resource-defense_DLGPR-full_seed1,1,DLGPR-full,resource-defense,2,1,PSO,2.9630580877884167,2.309400006197393,0.8945679999999999,0.8945679999999999,0.0,0.0,0.0,0.005967455782366981,14.496935550604642,11.533877462816225,strict_delta_max,1,cross_layer_handoff_executed
resource-defense_DLGPR-full_seed1,1,DLGPR-full,resource-defense,2,2,RL,4.0,4.081699997186661,0.9185639999999999,0.9185639999999999,0.0,0.0,0.0,0.0,11.533877462816225,7.533877462816225,strict_delta_max,2,cross_layer_handoff_executed
resource-defense_DLGPR-full_seed1,1,DLGPR-full,resource-defense,2,3,PSO,1.71170376896258,1.9770999206230044,0.8922079999999999,0.8922079999999999,0.0,0.0,0.0,0.011207989188020785,7.533877462816225,5.822173693853645,strict_delta_max,1,cross_layer_handoff_executed
resource-defense_DLGPR-full_seed1,1,DLGPR-full,resource-defense,2,4,PSO,3.38620971607914,1.996199949644506,0.889848,0.889848,0.0,0.0,0.0,0.0051476279614162375,5.822173693853645,2.435963977774505,strict_delta_max,1,cross_layer_handoff_executed
resource-defense_DLGPR-full_seed1,1,DLGPR-full,resource-defense,3,0,GA,2.37373028487192,2.0083000417798758,0.24772000000000008,0.24772000000000008,0.0,0.0,0.5047063206174167,0.030991564826346296,16.0,13.62626971512808,strict_delta_max,1,cross_layer_handoff_executed
resource-defense_DLGPR-full_seed1,1,DLGPR-full,resource-defense,3,1,PSO,1.504537010202553,2.4455999955534935,0.8945679999999999,0.8945679999999999,0.0,0.0,0.0,0.01144794470676751,13.62626971512808,12.121732704925527,strict_delta_max,1,cross_layer_handoff_executed
resource-defense_DLGPR-full_seed1,1,DLGPR-full,resource-defense,3,2,RL,2.28039930894182,3.6825999850407243,0.9027639999999999,0.9027639999999999,0.0,0.0,0.0,0.09304949320409288,12.121732704925527,9.841333395983707,strict_delta_max,2,cross_layer_handoff_executed
resource-defense_DLGPR-full_seed1,1,DLGPR-full,resource-defense,3,3,GA,1.12810554791647,2.1724000107496977,0.8851599999999998,0.8851599999999998,0.0,0.0,0.39277127464497885,0.055809130941507294,9.841333395983707,8.713227848067238,strict_delta_max,1,cross_layer_handoff_executed
resource-defense_DLGPR-full_seed1,1,DLGPR-full,resource-defense,3,4,GA,1.1613315160239317,2.112700021825731,0.16135200000000002,0.16135200000000002,0.0,0.0,0.39277127464497885,0.05556957418764057,8.713227848067238,7.551896332043306,strict_delta_max,1,cross_layer_handoff_executed
resource-defense_DLGPR-full_seed1,1,DLGPR-full,resource-defense,3,5,GA,3.1252790597194835,2.2134999744594097,0.8613279999999999,0.8613279999999999,0.0,0.0,0.39277127464497885,0.021072708570211256,7.551896332043306,4.426617272323822,strict_delta_max,1,cross_layer_handoff_executed
resource-defense_DLGPR-full_seed1,1,DLGPR-full,resource-defense,3,6,GA,1.2770828105422734,2.4474000092595816,0.763536,0.763536,0.0,0.0,0.39277127464497885,0.054985241878512704,4.426617272323822,3.149534461781549,strict_delta_max,1,cross_layer_handoff_executed
resource-defense_DLGPR-full_seed1,1,DLGPR-full,resource-defense,4,0,GA,3.3651274674381204,2.2989000426605344,0.6481199999999999,0.6481199999999999,0.0,0.0,0.39277127464497885,0.022180387699174735,16.0,12.634872532561879,strict_delta_max,1,cross_layer_handoff_executed
resource-defense_DLGPR-full_seed1,1,DLGPR-full,resource-defense,4,1,PSO,2.983801506932032,2.34819995239377,0.9027639999999999,0.9027639999999999,0.0,0.0,0.0,0.005686082589811908,12.634872532561879,9.651071025629847,strict_delta_max,1,cross_layer_handoff_executed
resource-defense_DLGPR-full_seed1,1,DLGPR-full,resource-defense,4,2,RL,2.253279059357116,4.003399983048439,0.9185639999999999,0.9185639999999999,0.0,0.0,0.0,0.1157726109940543,9.651071025629847,7.397791966272731,strict_delta_max,2,cross_layer_handoff_executed
resource-defense_DLGPR-full_seed1,1,DLGPR-full,resource-defense,4,3,RL,1.7011886524931168,4.108299966901541,0.9185639999999999,0.9185639999999999,0.0,0.0,0.0,0.0,7.397791966272731,5.696603313779614,strict_delta_max,2,cross_layer_handoff_executed
resource-defense_DLGPR-full_seed1,1,DLGPR-full,resource-defense,4,4,PSO,1.5471792921338963,2.1714000031352043,0.917064,0.917064,0.0,0.0,0.0,0.009470918855710053,5.696603313779614,4.149424021645718,strict_delta_max,1,cross_layer_handoff_executed
resource-defense_DLGPR-full_seed1,1,DLGPR-full,resource-defense,4,5,RL,4.0,4.029800067655742,0.920924,0.920924,0.0,0.0005900000000000072,0.0,0.03327849999999996,4.149424021645718,0.14942402164571789,strict_delta_max,2,cross_layer_handoff_executed
resource-defense_DLGPR-full_seed1,1,DLGPR-full,resource-defense,5,0,GA,2.4502125925384743,2.2730999626219273,0.895832,0.895832,0.0,0.0,0.02559914798389774,0.025473753240231108,16.0,13.549787407461526,strict_delta_max,1,cross_layer_handoff_executed
resource-defense_DLGPR-full_seed1,1,DLGPR-full,resource-defense,5,1,PSO,1.9575321066213294,2.0839000353589654,0.898784,0.898784,0.0,0.0,0.0,0.03974144072095491,13.549787407461526,11.592255300840197,strict_delta_max,1,cross_layer_handoff_executed
resource-defense_DLGPR-full_seed1,1,DLGPR-full,resource-defense,5,2,RL,2.1790837819997377,3.9816999342292547,0.9224759999999999,0.9224759999999999,0.0,0.0007122259423066431,0.0,0.0,11.592255300840197,9.413171518840459,strict_delta_max,2,cross_layer_handoff_executed
resource-defense_DLGPR-full_seed1,1,DLGPR-full,resource-defense,5,3,PSO,1.6996448053189916,2.1296999184414744,0.7388799999999999,0.7388799999999999,0.0,0.0,0.0,0.03488797375663419,9.413171518840459,7.713526713521468,strict_delta_max,1,cross_layer_handoff_executed
resource-defense_DLGPR-full_seed1,1,DLGPR-full,resource-defense,5,4,RL,3.0454669102381438,3.647300065495074,0.92832,0.92832,0.0,0.001918917582178952,0.0,0.337927165302717,7.713526713521468,4.668059803283324,strict_delta_max,2,cross_layer_handoff_executed
resource-defense_DLGPR-full_seed1,1,DLGPR-full,resource-defense,5,5,RL,2.2156615619393354,3.8249000208452344,0.9304399999999999,0.9304399999999999,0.0,0.0009568248312004364,0.0,0.0,4.668059803283324,2.4523982413439884,strict_delta_max,2,cross_layer_handoff_executed
resource-defense_DLGPR-full_seed2,2,DLGPR-full,resource-defense,0,0,GA,3.9051999001172466,2.687100088223815,0.26544600000000007,0.26544600000000007,0.0,0.0,0.9221321296069481,0.03772849699813911,16.0,12.094800099882754,strict_delta_max,1,cross_layer_handoff_executed
resource-defense_DLGPR-full_seed2,2,DLGPR-full,resource-defense,0,1,PSO,1.0477483033184853,2.343100029975176,0.12172799999999984,0.12172799999999984,0.0,0.0,0.0,0.14499387204475772,12.094800099882754,11.047051796564268,strict_delta_max,1,cross_layer_handoff_executed
resource-defense_DLGPR-full_seed2,2,DLGPR-full,resource-defense,0,2,RL,2.0715315278143036,4.104800056666136,-0.29552199999999995,-0.29552199999999995,0.0,0.0,0.0,0.32114596908980075,11.047051796564268,8.975520268749964,strict_delta_max,2,cross_layer_handoff_executed
resource-defense_DLGPR-full_seed2,2,DLGPR-full,resource-defense,0,3,RL,2.5029918803203057,3.9347000420093536,-0.29552199999999995,-0.29552199999999995,0.0,0.0,0.0,0.0,8.975520268749964,6.472528388429659,strict_delta_max,2,cross_layer_handoff_executed
resource-defense_DLGPR-full_seed2,2,DLGPR-full,resource-defense,0,4,GA,2.0007684623445736,2.4107000790536404,-0.30910399999999993,-0.30910399999999993,0.0,0.0,0.9221321296069481,0.07489679432079555,6.472528388429659,4.471759926085085,strict_delta_max,1,cross_layer_handoff_executed
resource-defense_DLGPR-full_seed2,2,DLGPR-full,resource-defense,0,5,GA,3.232942505512532,2.3738000309094787,-0.30910399999999993,-0.30910399999999993,0.0,0.0,0.9221321296069481,0.03619933121869421,4.471759926085085,1.2388174205725528,strict_delta_max,1,cross_layer_handoff_executed
resource-defense_DLGPR-full_seed2,2,DLGPR-full,resource-defense,1,0,GA,1.3433878316157268,2.450500032864511,0.4719440000000001,0.4719440000000001,0.0,0.0,0.9167912997495015,0.12009187243778484,16.0,14.656612168384273,strict_delta_max,1,cross_layer_handoff_executed
resource-defense_DLGPR-full_seed2,2,DLGPR-full,resource-defense,1,1,PSO,3.320259214392205,2.4763999972492456,-0.30910399999999993,-0.30910399999999993,0.0,0.0,0.0,0.03586364423116456,14.656612168384273,11.336352953992067,strict_delta_max,1,cross_layer_handoff_executed
resource-defense_DLGPR-full_seed2,2,DLGPR-full,resource-defense,1,2,RL,3.7045704643280026,3.9926000172272325,-0.298712,-0.298712,0.0,0.0,0.0,0.027877455968092556,11.336352953992067,7.631782489664065,strict_delta_max,2,cross_layer_handoff_executed
resource-defense_DLGPR-full_seed2,2,DLGPR-full,resource-defense,1,3,GA,2.611382432769138,2.231099992059171,-0.30910399999999993,-0.30910399999999993,0.0,0.0,0.9167912997495015,0.05073889482898617,7.631782489664065,5.0204000568949265,strict_delta_max,1,cross_layer_handoff_executed
resource-defense_DLGPR-full_seed2,2,DLGPR-full,resource-defense,1,4,GA,3.823709683048854,2.678099903278053,0.657472,0.657472,0.0,0.0,0.8812902015905903,0.03695280137999384,5.0204000568949265,1.1966903738460726,strict_delta_max,1,cross_layer_handoff_executed
resource-defense_DLGPR-full_seed2,2,DLGPR-full,resource-defense,2,0,GA,3.9833453965067243,2.2184000117704272,0.657472,0.657472,0.0,0.0,0.8289647137171209,0.03907661966476525,16.0,12.016654603493276,strict_delta_max,1,cross_layer_handoff_executed
resource-defense_DLGPR-full_seed2,2,DLGPR-full,resource-defense,2,1,PSO,2.5431939812355657,2.678200020454824,0.05927799999999994,0.05927799999999994,0.0,0.0,0.0,0.05054864887150569,12.016654603493276,9.47346062225771,strict_delta_max,1,cross_layer_handoff_executed
resource-defense_DLGPR-full_seed2,2,DLGPR-full,resource-defense,2,2,RL,3.526720342999194,4.350099945440888,0.485444,0.485444,0.0,0.0,0.0,0.0,9.47346062225771,5.946740279258515,strict_delta_max,2,cross_layer_handoff_executed
resource-defense_DLGPR-full_seed2,2,DLGPR-full,resource-defense,2,3,GA,3.584781053779426,2.749399980530143,0.32214200000000004,0.32214200000000004,0.0,0.0,0.7785088937085152,0.04418475542125713,5.946740279258515,2.3619592254790893,strict_delta_max,1,cross_layer_handoff_executed
resource-defense_DLGPR-full_seed2,2,DLGPR-full,resource-defense,3,0,GA,2.554883574494971,2.331299940124154,0.667608,0.667608,0.0,0.0039673040686418115,0.740191225513746,0.0602226853073347,16.0,13.445116425505029,strict_delta_max,1,cross_layer_handoff_executed
resource-defense_DLGPR-full_seed2,2,DLGPR-full,resource-defense,3,1,PSO,1.9555396321037908,2.2999000502750278,0.12172799999999984,0.12172799999999984,0.0,0.0,0.0,0.06381683062174748,13.445116425505029,11.489576793401238,strict_delta_max,1,cross_layer_handoff_executed
resource-defense_DLGPR-full_seed2,2,DLGPR-full,resource-defense,3,2,RL,1.4957063724043742,3.915300010703504,0.604402,0.604402,0.0,0.0,0.0,0.07108213347322441,11.489576793401238,9.993870420996863,strict_delta_max,2,cross_layer_handoff_executed
resource-defense_DLGPR-full_seed2,2,DLGPR-full,resource-defense,3,3,GA,3.6241054893598257,2.450200030580163,0.427068,0.427068,0.0,0.0,0.6227872237809449,0.04525943648644116,9.993870420996863,6.369764931637038,strict_delta_max,1,cross_layer_handoff_executed
resource-defense_DLGPR-full_seed2,2,DLGPR-full,resource-defense,3,4,GA,3.06186050151556,2.7820999966934323,0.657472,0.657472,0.0,0.0,0.6135903229183273,0.05354024640520838,6.369764931637038,3.3079044301214777,strict_delta_max,1,cross_layer_handoff_executed
resource-defense_DLGPR-full_seed2,2,DLGPR-full,resource-defense,4,0,GA,3.0860676595849537,2.273599966429174,0.6889520000000001,0.6889520000000001,0.0,0.006916244993433068,0.5788779435186142,0.051184322874220145,16.0,12.913932340415046,strict_delta_max,1,cross_layer_handoff_executed
resource-defense_DLGPR-full_seed2,2,DLGPR-full,resource-defense,4,1,PSO,1.8087594120524997,2.5645000860095024,0.04996800000000012,0.04996800000000012,0.0,0.0,0.0,0.06840848764440621,12.913932340415046,11.105172928362547,strict_delta_max,1,cross_layer_handoff_executed
resource-defense_DLGPR-full_seed2,2,DLGPR-full,resource-defense,4,2,RL,1.5983419275532695,3.9015000220388174,0.657472,0.657472,0.0,0.0,0.0,0.0,11.105172928362547,9.506831000809278,strict_delta_max,2,cross_layer_handoff_executed
resource-defense_DLGPR-full_seed2,2,DLGPR-full,resource-defense,4,3,GA,1.0974817668792907,2.5061999913305044,0.6765120000000001,0.6765120000000001,0.0,0.0,0.5757984774195957,0.1545095828068761,9.506831000809278,8.409349233929987,strict_delta_max,1,cross_layer_handoff_executed
resource-defense_DLGPR-full_seed2,2,DLGPR-full,resource-defense,4,4,GA,3.356052421094697,2.5513001019135118,0.657472,0.657472,0.0,0.0,0.5645541446971497,0.04091387250097079,8.409349233929987,5.05329681283529,strict_delta_max,1,cross_layer_handoff_executed
resource-defense_DLGPR-full_seed2,2,DLGPR-full,resource-defense,4,5,GA,3.6630152142542465,2.4529999354854226,0.6078599999999998,0.6078599999999998,0.0,0.0,0.5729982944389368,0.04691443449357533,5.05329681283529,1.3902815985810437,strict_delta_max,1,cross_layer_handoff_executed
resource-defense_DLGPR-full_seed2,2,DLGPR-full,resource-defense,5,0,GA,1.7239131614308345,2.325100009329617,0.657472,0.657472,0.0,0.0,0.5462967342854039,0.08850882018222593,16.0,14.276086838569165,strict_delta_max,1,cross_layer_handoff_executed
resource-defense_DLGPR-full_seed2,2,DLGPR-full,resource-defense,5,1,PSO,3.222973403296208,2.223700052127242,0.4264830000000001,0.4264830000000001,0.0,0.0,0.0,0.04535675548423817,14.276086838569165,11.053113435272957,strict_delta_max,1,cross_layer_handoff_executed
resource-defense_DLGPR-full_seed2,2,DLGPR-full,resource-defense,5,2,RL,3.592587241378072,3.392699989490211,0.657472,0.657472,0.0,0.0,0.0,0.0,11.053113435272957,7.460526193894885,strict_delta_max,2,cross_layer_handoff_executed
resource-defense_DLGPR-full_seed2,2,DLGPR-full,resource-defense,5,3,RL,4.0,3.9744999958202243,0.657472,0.657472,0.0,0.0,0.0,0.49346199999999996,7.460526193894885,3.460526193894885,strict_delta_max,2,cross_layer_handoff_executed
resource-defense_fixed-split_seed0,0,fixed-split,resource-defense,0,0,GA,2.900117049606808,2.7851000195369124,0.675128,0.675128,0.0,0.0,0.9088272647789373,0.05260290404668859,16.0,13.099882950393193,strict_delta_max,1,cross_layer_handoff_executed
resource-defense_fixed-split_seed0,0,fixed-split,resource-defense,0,1,PSO,1.5305249378732895,2.1859999978914857,0.10590799999999989,0.10590799999999989,0.0,0.0,0.0,0.10043349719174326,13.099882950393193,11.569358012519903,strict_delta_max,1,cross_layer_handoff_executed
resource-defense_fixed-split_seed0,0,fixed-split,resource-defense,0,2,RL,2.1785896675980054,4.218599991872907,0.7029200000000002,0.7029200000000002,0.0,0.0006022244663662349,0.0,0.17213062449408242,11.569358012519903,9.390768344921897,strict_delta_max,2,cross_layer_handoff_executed
resource-defense_fixed-split_seed0,0,fixed-split,resource-defense,0,3,GA,2.857045352822311,2.5198999792337418,0.6965199999999998,0.6965199999999998,0.0,0.0,0.8406604725099949,0.04059936913562151,9.390768344921897,6.533722992099586,strict_delta_max,1,cross_layer_handoff_executed
resource-defense_fixed-split_seed0,0,fixed-split,resource-defense,0,4,PSO,1.147541053257409,2.218900015577674,0.9066799999999999,0.9066799999999999,0.0,0.1775622749370114,0.0,0.12318006669310327,6.533722992099586,5.386181938842176,strict_delta_max,1,cross_layer_handoff_executed
resource-defense_fixed-split_seed0,0,fixed-split,resource-defense,0,5,RL,3.859466596758335,4.236400010995567,0.7068960000000002,0.7068960000000002,0.0,0.0,0.0,0.0,5.386181938842176,1.526715342083841,strict_delta_max,2,cross_layer_handoff_executed
resource-defense_fixed-split_seed0,0,fixed-split,resource-defense,1,0,GA,1.0387709778599095,2.077599987387657,-0.21203000000000005,-0.21203000000000005,0.0,0.0,0.7485042278260132,0.12112416710660337,16.0,14.96122902214009,strict_delta_max,1,cross_layer_handoff_executed
resource-defense_fixed-split_seed0,0,fixed-split,resource-defense,1,1,PSO,1.8453991154895528,2.392499940469861,0.8214279999999998,0.8214279999999998,0.0,0.0,0.0,0.07405402769062312,14.96122902214009,13.115829906650537,strict_delta_max,1,cross_layer_handoff_executed
resource-defense_fixed-split_seed0,0,fixed-split,resource-defense,1,2,RL,2.928738647300359,3.707299940288067,0.758896,0.758896,0.0,0.0,0.0,0.23211699023626856,13.115829906650537,10.18709125935018,strict_delta_max,2,cross_layer_handoff_executed
resource-defense_fixed-split_seed0,0,fixed-split,resource-defense,1,3,GA,2.446390967044077,2.110400004312396,0.701608,0.701608,0.0,0.0,0.6799484534242094,0.0691265158963363,10.18709125935018,7.740700292306102,strict_delta_max,1,cross_layer_handoff_executed
resource-defense_fixed-split_seed0,0,fixed-split,resource-defense,1,4,PSO,3.0968142867002966,2.2857999429106712,0.858628,0.858628,0.0,0.0,0.0,0.03343312183384014,7.740700292306102,4.643886005605806,strict_delta_max,1,cross_layer_handoff_executed
resource-defense_fixed-split_seed0,0,fixed-split,resource-defense,1,5,RL,2.3426868247028754,4.151799948886037,0.7350940000000001,0.7350940000000001,0.0,0.0,0.0,0.0,4.643886005605806,2.3011991809029304,strict_delta_max,2,cross_layer_handoff_executed
resource-defense_fixed-split_seed0,0,fixed-split,resource-defense,2,0,GA,1.7443722188962705,2.0025999983772635,-0.21921599999999997,-0.21921599999999997,0.0,0.0,0.5908100786316843,0.07029564442885632,16.0,14.25562778110373,strict_delta_max,1,cross_layer_handoff_executed
resource-defense_fixed-split_seed0,0,fixed-split,resource-defense,2,1,PSO,1.8877925074864896,2.5736000388860703,0.7911079999999999,0.7911079999999999,0.0,0.0,0.0,0.05357176613343724,14.25562778110373,12.36783527361724,strict_delta_max,1,cross_layer_handoff_executed
resource-defense_fixed-split_seed0,0,fixed-split,resource-defense,2,2,RL,3.8148213742841017,4.176100017502904,0.7350940000000001,0.7350940000000001,0.0,0.0,0.0,0.02658368244542807,12.36783527361724,8.553013899333138,strict_delta_max,2,cross_layer_handoff_executed
resource-defense_fixed-split_seed0,0,fixed-split,resource-defense,2,3,GA,2.1141661161604968,2.446400001645088,0.701608,0.701608,0.0,0.0,0.46422248121535015,0.0748632470996692,8.553013899333138,6.4388477831726405,strict_delta_max,1,cross_layer_handoff_executed
resource-defense_fixed-split_seed0,0,fixed-split,resource-defense,2,4,PSO,2.0871350118071144,2.340800012461841,0.8078919999999998,0.8078919999999998,0.0,0.0,0.0,0.05590731083140581,6.4388477831726405,4.351712771365526,strict_delta_max,1,cross_layer_handoff_executed
resource-defense_fixed-split_seed0,0,fixed-split,resource-defense,2,5,RL,4.0,4.143900005146861,0.726196,0.726196,0.0,0.0,0.0,0.0,4.351712771365526,0.35171277136552614,strict_delta_max,2,cross_layer_handoff_executed
resource-defense_fixed-split_seed0,0,fixed-split,resource-defense,3,0,GA,3.742623707715902,2.624899963848293,0.701608,0.701608,0.0,0.0,0.421510814450338,0.020506159221624118,16.0,12.257376292284098,strict_delta_max,1,cross_layer_handoff_executed
resource-defense_fixed-split_seed0,0,fixed-split,resource-defense,3,1,PSO,1.5725020609651414,2.3848999990150332,0.842432,0.842432,0.0,0.0,0.0,0.05755619750482654,12.257376292284098,10.684874231318958,strict_delta_max,1,cross_layer_handoff_executed
resource-defense_fixed-split_seed0,0,fixed-split,resource-defense,3,2,RL,4.0,4.964600084349513,0.726196,0.726196,0.0,0.0,0.0,0.042269500000000015,10.684874231318958,6.6848742313189575,strict_delta_max,2,cross_layer_handoff_executed
resource-defense_fixed-split_seed0,0,fixed-split,resource-defense,3,3,GA,2.082256637816921,2.597499988041818,0.7407600000000001,0.7407600000000001,0.0,0.0,0.3305026815904769,0.03715962210978182,6.6848742313189575,4.602617593502036,strict_delta_max,1,cross_layer_handoff_executed
resource-defense_fixed-split_seed0,0,fixed-split,resource-defense,3,4,PSO,2.181001103088103,2.214199979789555,0.855664,0.855664,0.0,0.0,0.0,0.03288562606495464,4.602617593502036,2.4216164904139332,strict_delta_max,1,cross_layer_handoff_executed
resource-defense_fixed-split_seed0,0,fixed-split,resource-defense,4,0,RL,4.0,4.132499918341637,0.728468,0.728468,0.0,0.0,0.0,0.0,16.0,12.0,strict_delta_max,2,cross_layer_handoff_executed
resource-defense_fixed-split_seed0,0,fixed-split,resource-defense,4,1,GA,2.5242909841781027,2.196500077843666,-0.11494999999999977,-0.11494999999999977,0.0,0.0,0.2246010555385666,0.028931054982472476,12.0,9.475709015821897,strict_delta_max,1,cross_layer_handoff_executed
resource-defense_fixed-split_seed0,0,fixed-split,resource-defense,4,2,PSO,2.666698163112854,2.2450999822467566,0.8022179999999999,0.8022179999999999,0.0,0.0,0.0,0.05247173923737774,9.475709015821897,6.809010852709043,strict_delta_max,1,cross_layer_handoff_executed
resource-defense_fixed-split_seed0,0,fixed-split,resource-defense,4,3,RL,1.3436769145139917,4.149700049310923,0.7591749999999998,0.7591749999999998,0.0,0.0,0.0,0.0,6.809010852709043,5.465333938195051,strict_delta_max,2,cross_layer_handoff_executed
resource-defense_fixed-split_seed0,0,fixed-split,resource-defense,4,4,GA,1.8051708872793644,2.228099969215691,0.692868,0.692868,0.0,0.0,0.2171243002092402,0.043794703253789855,5.465333938195051,3.6601630509156866,strict_delta_max,1,cross_layer_handoff_executed
resource-defense_fixed-split_seed0,0,fixed-split,resource-defense,5,0,PSO,3.2305823023580538,1.9240999827161431,0.18358799999999992,0.18358799999999992,0.0,0.0,0.0,0.04698564770794893,16.0,12.769417697641947,strict_delta_max,1,cross_layer_handoff_executed
resource-defense_fixed-split_seed0,0,fixed-split,resource-defense,5,1,RL,1.1593904813240952,4.3521999614313245,0.7714279999999998,0.7714279999999998,0.0,0.0,0.0,0.4914789358536352,12.769417697641947,11.610027216317851,strict_delta_max,2,cross_layer_handoff_executed
resource-defense_fixed-split_seed0,0,fixed-split,resource-defense,5,2,GA,3.6779086670399126,2.2405999479815364,0.2778480000000001,0.2778480000000001,0.0,0.0,0.21255719577268908,0.025131307577656237,11.610027216317851,7.932118549277939,strict_delta_max,1,cross_layer_handoff_executed
resource-defense_fixed-split_seed0,0,fixed-split,resource-defense,5,3,PSO,1.5415836889167582,2.335099969059229,0.7086559999999998,0.7086559999999998,0.0,0.0,0.0,0.08455720108290656,7.932118549277939,6.39053486036118,strict_delta_max,1,cross_layer_handoff_executed
resource-defense_fixed-split_seed0,0,fixed-split,resource-defense,5,4,RL,3.158893195203189,4.205700010061264,0.7599519999999998,0.7599519999999998,0.0,0.0,0.0,0.0,6.39053486036118,3.231641665157991,strict_delta_max,2,cross_layer_handoff_executed
resource-defense_fixed-split_seed1,1,fixed-split,resource-defense,0,0,GA,1.9020835094768749,2.662300015799701,0.7475840000000001,0.7475840000000001,0.0,0.0,0.9187276469971314,0.10320116966747558,16.0,14.097916490523126,strict_delta_max,1,cross_layer_handoff_executed
resource-defense_fixed-split_seed1,1,fixed-split,resource-defense,0,1,PSO,1.753787846213536,1.4728999231010675,0.7298560000000001,0.7298560000000001,0.0,0.0,0.0,0.07933765931040297,14.097916490523126,12.34412864430959,strict_delta_max,1,cross_layer_handoff_executed
resource-defense_fixed-split_seed1,1,fixed-split,resource-defense,0,2,RL,4.0,2.861500019207597,0.9027639999999999,0.9027639999999999,0.0,0.012604000000000004,0.0,0.0,12.34412864430959,8.34412864430959,strict_delta_max,2,cross_layer_handoff_executed
resource-defense_fixed-split_seed1,1,fixed-split,resource-defense,0,3,GA,3.4809483824350433,2.4403000716120005,0.854968,0.854968,0.0,0.0,0.8325725896037208,0.02900098157656912,8.34412864430959,4.863180261874547,strict_delta_max,1,cross_layer_handoff_executed
resource-defense_fixed-split_seed1,1,fixed-split,resource-defense,0,4,PSO,1.4038699271845236,1.9301000284031034,0.12170400000000003,0.12170400000000003,0.0,0.0,0.0,0.06255193535273662,4.863180261874547,3.459310334690023,strict_delta_max,1,cross_layer_handoff_executed
resource-defense_fixed-split_seed1,1,fixed-split,resource-defense,1,0,RL,4.0,2.8804000467061996,0.9027639999999999,0.9027639999999999,0.0,0.0,0.0,0.290659,16.0,12.0,strict_delta_max,2,cross_layer_handoff_executed
resource-defense_fixed-split_seed1,1,fixed-split,resource-defense,1,1,GA,2.9511296279430206,1.353299943730235,0.8402479999999999,0.8402479999999999,0.0,0.0,0.713969529193905,0.021636768912543132,12.0,9.04887037205698,strict_delta_max,1,cross_layer_handoff_executed
resource-defense_fixed-split_seed1,1,fixed-split,resource-defense,1,2,PSO,2.110202535127694,1.3831000542268157,0.889848,0.889848,0.0,0.0,0.0,0.00804828438752089,9.04887037205698,6.938667836929286,strict_delta_max,1,cross_layer_handoff_executed
resource-defense_fixed-split_seed1,1,fixed-split,resource-defense,1,3,RL,3.5372519470062302,2.4935000110417604,0.9027639999999999,0.9027639999999999,0.0,0.0,0.0,0.0,6.938667836929286,3.4014158899230553,strict_delta_max,2,cross_layer_handoff_executed
resource-defense_fixed-split_seed1,1,fixed-split,resource-defense,2,0,GA,3.1931275460903046,1.3466000091284513,0.889848,0.889848,0.0,0.0,0.6095297573028537,0.021230215267887535,16.0,12.806872453909696,strict_delta_max,1,cross_layer_handoff_executed
resource-defense_fixed-split_seed1,1,fixed-split,resource-defense,2,1,PSO,3.2688546333497266,1.3689999468624592,0.41209600000000013,0.41209600000000013,0.0,0.0,0.0,0.02481465226372821,12.806872453909696,9.538017820559968,strict_delta_max,1,cross_layer_handoff_executed
resource-defense_fixed-split_seed1,1,fixed-split,resource-defense,2,2,RL,3.021897131031914,2.587100025266409,0.9027639999999999,0.9027639999999999,0.0,0.0,0.0,0.0,9.538017820559968,6.516120689528055,strict_delta_max,2,cross_layer_handoff_executed
resource-defense_fixed-split_seed1,1,fixed-split,resource-defense,2,3,GA,2.394460925684707,2.0219000289216638,0.622792,0.622792,0.0,0.0,0.5849407798060527,0.029946928564862363,6.516120689528055,4.121659763843348,strict_delta_max,1,cross_layer_handoff_executed
resource-defense_fixed-split_seed1,1,fixed-split,resource-defense,2,4,PSO,2.8017412077881034,2.2085000528022647,0.854968,0.854968,0.0,0.0,0.0,0.023909200819865386,4.121659763843348,1.3199185560552444,strict_delta_max,1,cross_layer_handoff_executed
resource-defense_fixed-split_seed1,1,fixed-split,resource-defense,3,0,RL,4.0,4.279699991457164,0.9027639999999999,0.9027639999999999,0.0,0.0,0.0,0.013001500000000062,16.0,12.0,strict_delta_max,2,cross_layer_handoff_executed
resource-defense_fixed-split_seed1,1,fixed-split,resource-defense,3,1,GA,3.4772050016394647,2.18410009983927,0.854968,0.854968,0.0,0.0,0.5446873685535536,0.036346460417774826,12.0,8.522794998360535,strict_delta_max,1,cross_layer_handoff_executed
resource-defense_fixed-split_seed1,1,fixed-split,resource-defense,3,2,PSO,2.8624173430218938,2.1377999801188707,0.889848,0.889848,0.0,0.0,0.0,0.006032029716831812,8.522794998360535,5.660377655338641,strict_delta_max,1,cross_layer_handoff_executed
resource-defense_fixed-split_seed1,1,fixed-split,resource-defense,3,3,RL,1.122210409896033,4.967999993823469,0.8945679999999999,0.8945679999999999,0.0,0.0,0.0,0.30218575501488837,5.660377655338641,4.538167245442608,strict_delta_max,2,cross_layer_handoff_executed
resource-defense_fixed-split_seed1,1,fixed-split,resource-defense,3,4,GA,3.8136033046499365,2.2537000477313995,0.852968,0.852968,0.0,0.0,0.5113252085758064,0.01782891385391078,4.538167245442608,0.7245639407926716,strict_delta_max,1,cross_layer_handoff_executed
resource-defense_fixed-split_seed1,1,fixed-split,resource-defense,4,0,PSO,1.2865526167477672,2.3255000123754144,0.91228,0.91228,0.0,0.007396510547742116,0.0,0.06321310433349706,16.0,14.713447383252232,strict_delta_max,1,cross_layer_handoff_executed
resource-defense_fixed-split_seed1,1,fixed-split,resource-defense,4,1,RL,4.0,3.9681000635027885,0.8945679999999999,0.8945679999999999,0.0,0.0,0.0,0.059742500000000004,14.713447383252232,10.713447383252232,strict_delta_max,2,cross_layer_handoff_executed
resource-defense_fixed-split_seed1,1,fixed-split,resource-defense,4,2,GA,3.3427080385879195,2.2459999890998006,0.6304719999999999,0.6304719999999999,0.0,0.0,0.39979681068997,0.022680902818723727,10.713447383252232,7.370739344664313,strict_delta_max,1,cross_layer_handoff_executed
resource-defense_fixed-split_seed1,1,fixed-split,resource-defense,4,3,PSO,2.497969978354465,2.2616999922320247,0.92222,0.92222,0.0,0.003979231170163231,0.0,0.023203267306547825,7.370739344664313,4.872769366309848,strict_delta_max,1,cross_layer_handoff_executed
resource-defense_fixed-split_seed1,1,fixed-split,resource-defense,4,4,RL,1.155933396391025,3.962600021623075,0.9027639999999999,0.9027639999999999,0.0,0.0,0.0,0.0,4.872769366309848,3.716835969918823,strict_delta_max,2,cross_layer_handoff_executed
resource-defense_fixed-split_seed1,1,fixed-split,resource-defense,5,0,GA,3.5714878861528216,2.1943000610917807,0.8677999999999999,0.8677999999999999,0.0,0.0,0.28208836338198373,0.022246770633737332,16.0,12.428512113847178,strict_delta_max,1,cross_layer_handoff_executed
resource-defense_fixed-split_seed1,1,fixed-split,resource-defense,5,1,PSO,1.0,2.0429000724107027,0.8613279999999999,0.8613279999999999,0.0,0.0,0.0,0.08286470548104408,12.428512113847178,11.428512113847178,strict_delta_max,1,cross_layer_handoff_executed
resource-defense_fixed-split_seed1,1,fixed-split,resource-defense,5,2,RL,2.860745536466986,4.106299951672554,0.9027639999999999,0.9027639999999999,0.0,0.0,0.0,0.08583356921121042,11.428512113847178,8.567766577380192,strict_delta_max,2,cross_layer_handoff_executed
resource-defense_fixed-split_seed1,1,fixed-split,resource-defense,5,3,GA,2.2549047364175645,2.354900003410876,0.12170400000000003,0.12170400000000003,0.0,0.0,0.1609778625380336,0.03171686143235012,8.567766577380192,6.312861840962627,strict_delta_max,1,cross_layer_handoff_executed
resource-defense_fixed-split_seed1,1,fixed-split,resource-defense,5,4,PSO,3.3600420251679135,2.178099937736988,0.8402479999999999,0.8402479999999999,0.0,0.0,0.0,0.023787425604004132,6.312861840962627,2.952819815794714,strict_delta_max,1,cross_layer_handoff_executed
resource-defense_fixed-split_seed2,2,fixed-split,resource-defense,0,0,GA,3.9051999001172466,2.6077000657096505,0.26544600000000007,0.26544600000000007,0.0,0.0,0.9221321296069481,0.03772849699813911,16.0,12.094800099882754,strict_delta_max,1,cross_layer_handoff_executed
resource-defense_fixed-split_seed2,2,fixed-split,resource-defense,0,1,PSO,1.0477483033184853,2.3032999597489834,0.12172799999999984,0.12172799999999984,0.0,0.0,0.0,0.14499387204475772,12.094800099882754,11.047051796564268,strict_delta_max,1,cross_layer_handoff_executed
resource-defense_fixed-split_seed2,2,fixed-split,resource-defense,0,2,RL,2.0715315278143036,4.092700080946088,-0.29552199999999995,-0.29552199999999995,0.0,0.0,0.0,0.32114596908980075,11.047051796564268,8.975520268749964,strict_delta_max,2,cross_layer_handoff_executed
resource-defense_fixed-split_seed2,2,fixed-split,resource-defense,0,3,GA,2.929206743654812,2.2545999381691217,0.1216279999999999,0.1216279999999999,0.0,0.0,0.9091336900778896,0.04864995141401914,8.975520268749964,6.046313525095152,strict_delta_max,1,cross_layer_handoff_executed
resource-defense_fixed-split_seed2,2,fixed-split,resource-defense,0,4,PSO,1.2040818476112218,2.4113000836223364,0.12172799999999984,0.12172799999999984,0.0,0.0,0.0,0.11687578326066757,6.046313525095152,4.84223167748393,strict_delta_max,1,cross_layer_handoff_executed
resource-defense_fixed-split_seed2,2,fixed-split,resource-defense,0,5,RL,1.104152196523844,3.980000037699938,-0.222992,-0.222992,0.0,0.0,0.0,0.0,4.84223167748393,3.738079480960086,strict_delta_max,2,cross_layer_handoff_executed
resource-defense_fixed-split_seed2,2,fixed-split,resource-defense,1,0,GA,3.5060691506154504,2.2983000380918384,0.657472,0.657472,0.0,0.0,0.9031393577729832,0.04976998442690581,16.0,12.49393084938455,strict_delta_max,1,cross_layer_handoff_executed
resource-defense_fixed-split_seed2,2,fixed-split,resource-defense,1,1,PSO,3.2964373236457085,2.1778999362140894,0.04307799999999995,0.04307799999999995,0.0,0.0,0.0,0.03816598684789514,12.49393084938455,9.19749352573884,strict_delta_max,1,cross_layer_handoff_executed
resource-defense_fixed-split_seed2,2,fixed-split,resource-defense,1,2,RL,3.5803501118292886,4.065899993292987,-0.07732199999999997,-0.07732199999999997,0.0,0.0,0.0,0.0,9.19749352573884,5.617143413909552,strict_delta_max,2,cross_layer_handoff_executed
resource-defense_fixed-split_seed2,2,fixed-split,resource-defense,1,3,GA,2.3272677848466587,2.2170000011101365,0.526882,0.526882,0.0,0.0,0.8900692926057706,0.07106040493439252,5.617143413909552,3.2898756290628937,strict_delta_max,1,cross_layer_handoff_executed
resource-defense_fixed-split_seed2,2,fixed-split,resource-defense,2,0,PSO,3.519720276980774,2.0889999577775598,0.12172799999999984,0.12172799999999984,0.0,0.0,0.0,0.03548146890232629,16.0,12.480279723019226,strict_delta_max,1,cross_layer_handoff_executed
resource-defense_fixed-split_seed2,2,fixed-split,resource-defense,2,1,RL,3.4045179352849386,4.310599993914366,0.677516,0.677516,0.0,0.005887470819953984,0.0,0.0,12.480279723019226,9.075761787734287,strict_delta_max,2,cross_layer_handoff_executed
resource-defense_fixed-split_seed2,2,fixed-split,resource-defense,2,2,GA,3.8049898325274754,2.368499990552664,0.657472,0.657472,0.0,0.0,0.8787079747592791,0.0420513290881972,9.075761787734287,5.270771955206811,strict_delta_max,1,cross_layer_handoff_executed
resource-defense_fixed-split_seed2,2,fixed-split,resource-defense,2,3,PSO,3.554799386212883,2.0984000293537974,0.15024799999999983,0.15024799999999983,0.0,0.0,0.0,0.03660608418710082,5.270771955206811,1.7159725689939282,strict_delta_max,1,cross_layer_handoff_executed
resource-defense_fixed-split_seed2,2,fixed-split,resource-defense,3,0,RL,2.1014485342469094,3.993600024841726,0.7161119999999999,0.7161119999999999,0.0,0.018366378891040223,0.0,0.10573849246307172,16.0,13.89855146575309,strict_delta_max,2,cross_layer_handoff_executed
resource-defense_fixed-split_seed2,2,fixed-split,resource-defense,3,1,GA,1.5757689899186331,2.3087000008672476,0.657472,0.657472,0.0,0.0,0.8084814045500452,0.12413067857199601,13.89855146575309,12.322782475834458,strict_delta_max,1,cross_layer_handoff_executed
resource-defense_fixed-split_seed2,2,fixed-split,resource-defense,3,2,PSO,1.7196731665175935,2.2409999510273337,0.8006059999999999,0.8006059999999999,0.0,0.049133754974559365,0.0,0.04557908232919515,12.322782475834458,10.603109309316865,strict_delta_max,1,cross_layer_handoff_executed
resource-defense_fixed-split_seed2,2,fixed-split,resource-defense,3,3,RL,1.5382874624470662,3.999799955636263,0.7161119999999999,0.7161119999999999,0.0,0.0,0.0,0.0,10.603109309316865,9.0648218468698,strict_delta_max,2,cross_layer_handoff_executed
resource-defense_fixed-split_seed2,2,fixed-split,resource-defense,3,4,GA,3.172897865185073,2.285200054757297,0.59117,0.59117,0.0,0.0,0.6722370594113442,0.028523304288160183,9.0648218468698,5.891923981684727,strict_delta_max,1,cross_layer_handoff_executed
resource-defense_fixed-split_seed2,2,fixed-split,resource-defense,3,5,PSO,2.061633490747105,2.1446000318974257,0.06502800000000014,0.06502800000000014,0.0,0.0,0.0,0.05900387287653524,5.891923981684727,3.830290490937622,strict_delta_max,1,cross_layer_handoff_executed
resource-defense_fixed-split_seed2,2,fixed-split,resource-defense,4,0,RL,3.560243772669269,3.3867000602185726,0.646258,0.646258,0.0,0.0,0.0,0.0,16.0,12.439756227330731,strict_delta_max,2,cross_layer_handoff_executed
resource-defense_fixed-split_seed2,2,fixed-split,resource-defense,4,1,GA,3.9680375939724826,2.2227000445127487,-0.27447199999999994,-0.27447199999999994,0.0,0.0,0.6174481967390001,0.01690469704325449,12.439756227330731,8.471718633358249,strict_delta_max,1,cross_layer_handoff_executed
resource-defense_fixed-split_seed2,2,fixed-split,resource-defense,4,2,PSO,2.5127679717935427,2.3436000337824225,0.7161119999999999,0.7161119999999999,0.0,0.0,0.0,0.01668407580018685,8.471718633358249,5.958950661564706,strict_delta_max,1,cross_layer_handoff_executed
resource-defense_fixed-split_seed2,2,fixed-split,resource-defense,4,3,RL,3.7100201692069317,3.933600033633411,0.646258,0.646258,0.0,0.0,0.0,0.43280249884550953,5.958950661564706,2.248930492357774,strict_delta_max,2,cross_layer_handoff_executed
resource-defense_fixed-split_seed2,2,fixed-split,resource-defense,5,0,GA,3.3824575939200088,2.3111000191420317,0.5903740000000001,0.5903740000000001,0.0,0.0,0.5240588612819085,0.023081794692141125,16.0,12.617542406079991,strict_delta_max,1,cross_layer_handoff_executed
resource-defense_fixed-split_seed2,2,fixed-split,resource-defense,5,1,PSO,3.266358304072535,2.2401000605896115,0.12172799999999984,0.12172799999999984,0.0,0.0,0.0,0.028165308382382535,12.617542406079991,9.351184102007457,strict_delta_max,1,cross_layer_handoff_executed
resource-defense_fixed-split_seed2,2,fixed-split,resource-defense,5,2,RL,2.175327078120747,3.9657000452280045,0.7161119999999999,0.7161119999999999,0.0,0.0,0.0,0.17457512657272253,9.351184102007457,7.17585702388671,strict_delta_max,2,cross_layer_handoff_executed
resource-defense_fixed-split_seed2,2,fixed-split,resource-defense,5,3,GA,2.0424889183393113,2.304699970409274,0.876954,0.876954,0.0,0.03737988456851772,0.49627931923502183,0.07966320395306985,7.17585702388671,5.133368105547399,strict_delta_max,1,cross_layer_handoff_executed
resource-defense_fixed-split_seed2,2,fixed-split,resource-defense,5,4,PSO,2.6977349717159167,2.215699991211295,0.12172799999999984,0.12172799999999984,0.0,0.0,0.0,0.036302547511656805,5.133368105547399,2.4356331338314825,strict_delta_max,1,cross_layer_handoff_executed
resource-defense_round-robin_seed0,0,round-robin,resource-defense,0,0,GA,2.900117049606808,2.834100043401122,0.675128,0.675128,0.0,0.0,0.9088272647789373,0.05260290404668859,16.0,13.099882950393193,strict_delta_max,1,cross_layer_handoff_executed
resource-defense_round-robin_seed0,0,round-robin,resource-defense,0,1,PSO,1.5305249378732895,2.1114000119268894,0.10590799999999989,0.10590799999999989,0.0,0.0,0.0,0.10043349719174326,13.099882950393193,11.569358012519903,strict_delta_max,1,cross_layer_handoff_executed
resource-defense_round-robin_seed0,0,round-robin,resource-defense,0,2,RL,2.1785896675980054,4.457899951376021,0.7029200000000002,0.7029200000000002,0.0,0.0006022244663662349,0.0,0.17213062449408242,11.569358012519903,9.390768344921897,strict_delta_max,2,cross_layer_handoff_executed
resource-defense_round-robin_seed0,0,round-robin,resource-defense,0,3,GA,2.857045352822311,2.5679999962449074,0.6965199999999998,0.6965199999999998,0.0,0.0,0.8406604725099949,0.04059936913562151,9.390768344921897,6.533722992099586,strict_delta_max,1,cross_layer_handoff_executed
resource-defense_round-robin_seed0,0,round-robin,resource-defense,0,4,PSO,1.147541053257409,2.558500040322542,0.9066799999999999,0.9066799999999999,0.0,0.1775622749370114,0.0,0.12318006669310327,6.533722992099586,5.386181938842176,strict_delta_max,1,cross_layer_handoff_executed
resource-defense_round-robin_seed0,0,round-robin,resource-defense,0,5,RL,3.859466596758335,3.8385000079870224,0.7068960000000002,0.7068960000000002,0.0,0.0,0.0,0.0,5.386181938842176,1.526715342083841,strict_delta_max,2,cross_layer_handoff_executed
resource-defense_round-robin_seed0,0,round-robin,resource-defense,1,0,GA,1.0387709778599095,1.2320000678300858,-0.21203000000000005,-0.21203000000000005,0.0,0.0,0.7485042278260132,0.12112416710660337,16.0,14.96122902214009,strict_delta_max,1,cross_layer_handoff_executed
resource-defense_round-robin_seed0,0,round-robin,resource-defense,1,1,PSO,1.8453991154895528,1.3854000717401505,0.8214279999999998,0.8214279999999998,0.0,0.0,0.0,0.07405402769062312,14.96122902214009,13.115829906650537,strict_delta_max,1,cross_layer_handoff_executed
resource-defense_round-robin_seed0,0,round-robin,resource-defense,1,2,RL,2.928738647300359,3.030400024726987,0.758896,0.758896,0.0,0.0,0.0,0.23211699023626856,13.115829906650537,10.18709125935018,strict_delta_max,2,cross_layer_handoff_executed
resource-defense_round-robin_seed0,0,round-robin,resource-defense,1,3,GA,2.446390967044077,2.1576000144705176,0.701608,0.701608,0.0,0.0,0.6799484534242094,0.0691265158963363,10.18709125935018,7.740700292306102,strict_delta_max,1,cross_layer_handoff_executed
resource-defense_round-robin_seed0,0,round-robin,resource-defense,1,4,PSO,3.0968142867002966,1.5141000039875507,0.858628,0.858628,0.0,0.0,0.0,0.03343312183384014,7.740700292306102,4.643886005605806,strict_delta_max,1,cross_layer_handoff_executed
resource-defense_round-robin_seed0,0,round-robin,resource-defense,1,5,RL,2.3426868247028754,2.4664999218657613,0.7350940000000001,0.7350940000000001,0.0,0.0,0.0,0.0,4.643886005605806,2.3011991809029304,strict_delta_max,2,cross_layer_handoff_executed
resource-defense_round-robin_seed0,0,round-robin,resource-defense,2,0,GA,1.7443722188962705,1.1892999755218625,-0.21921599999999997,-0.21921599999999997,0.0,0.0,0.5908100786316843,0.07029564442885632,16.0,14.25562778110373,strict_delta_max,1,cross_layer_handoff_executed
resource-defense_round-robin_seed0,0,round-robin,resource-defense,2,1,PSO,1.8877925074864896,2.2996999323368073,0.7911079999999999,0.7911079999999999,0.0,0.0,0.0,0.05357176613343724,14.25562778110373,12.36783527361724,strict_delta_max,1,cross_layer_handoff_executed
resource-defense_round-robin_seed0,0,round-robin,resource-defense,2,2,RL,3.8148213742841017,4.085200023837388,0.7350940000000001,0.7350940000000001,0.0,0.0,0.0,0.02658368244542807,12.36783527361724,8.553013899333138,strict_delta_max,2,cross_layer_handoff_executed
resource-defense_round-robin_seed0,0,round-robin,resource-defense,2,3,GA,2.1141661161604968,2.2214000346139073,0.701608,0.701608,0.0,0.0,0.46422248121535015,0.0748632470996692,8.553013899333138,6.4388477831726405,strict_delta_max,1,cross_layer_handoff_executed
resource-defense_round-robin_seed0,0,round-robin,resource-defense,2,4,PSO,2.0871350118071144,2.42979999165982,0.8078919999999998,0.8078919999999998,0.0,0.0,0.0,0.05590731083140581,6.4388477831726405,4.351712771365526,strict_delta_max,1,cross_layer_handoff_executed
resource-defense_round-robin_seed0,0,round-robin,resource-defense,2,5,RL,4.0,4.117900040000677,0.726196,0.726196,0.0,0.0,0.0,0.0,4.351712771365526,0.35171277136552614,strict_delta_max,2,cross_layer_handoff_executed
resource-defense_round-robin_seed0,0,round-robin,resource-defense,3,0,GA,3.742623707715902,2.4018000112846494,0.701608,0.701608,0.0,0.0,0.421510814450338,0.020506159221624118,16.0,12.257376292284098,strict_delta_max,1,cross_layer_handoff_executed
resource-defense_round-robin_seed0,0,round-robin,resource-defense,3,1,PSO,1.5725020609651414,2.274300088174641,0.842432,0.842432,0.0,0.0,0.0,0.05755619750482654,12.257376292284098,10.684874231318958,strict_delta_max,1,cross_layer_handoff_executed
resource-defense_round-robin_seed0,0,round-robin,resource-defense,3,2,RL,4.0,3.964299918152392,0.726196,0.726196,0.0,0.0,0.0,0.042269500000000015,10.684874231318958,6.6848742313189575,strict_delta_max,2,cross_layer_handoff_executed
resource-defense_round-robin_seed0,0,round-robin,resource-defense,3,3,GA,2.082256637816921,2.1849999902769923,0.7407600000000001,0.7407600000000001,0.0,0.0,0.3305026815904769,0.03715962210978182,6.6848742313189575,4.602617593502036,strict_delta_max,1,cross_layer_handoff_executed
resource-defense_round-robin_seed0,0,round-robin,resource-defense,3,4,PSO,2.181001103088103,2.458699978888035,0.855664,0.855664,0.0,0.0,0.0,0.03288562606495464,4.602617593502036,2.4216164904139332,strict_delta_max,1,cross_layer_handoff_executed
resource-defense_round-robin_seed0,0,round-robin,resource-defense,4,0,RL,4.0,4.062400083057582,0.728468,0.728468,0.0,0.0,0.0,0.0,16.0,12.0,strict_delta_max,2,cross_layer_handoff_executed
resource-defense_round-robin_seed0,0,round-robin,resource-defense,4,1,GA,2.5242909841781027,2.2905999794602394,-0.11494999999999977,-0.11494999999999977,0.0,0.0,0.2246010555385666,0.028931054982472476,12.0,9.475709015821897,strict_delta_max,1,cross_layer_handoff_executed
resource-defense_round-robin_seed0,0,round-robin,resource-defense,4,2,PSO,2.666698163112854,2.3119000252336264,0.8022179999999999,0.8022179999999999,0.0,0.0,0.0,0.05247173923737774,9.475709015821897,6.809010852709043,strict_delta_max,1,cross_layer_handoff_executed
resource-defense_round-robin_seed0,0,round-robin,resource-defense,4,3,RL,1.3436769145139917,3.4712000051513314,0.7591749999999998,0.7591749999999998,0.0,0.0,0.0,0.0,6.809010852709043,5.465333938195051,strict_delta_max,2,cross_layer_handoff_executed
resource-defense_round-robin_seed0,0,round-robin,resource-defense,4,4,GA,1.8051708872793644,1.381100038997829,0.692868,0.692868,0.0,0.0,0.2171243002092402,0.043794703253789855,5.465333938195051,3.6601630509156866,strict_delta_max,1,cross_layer_handoff_executed
resource-defense_round-robin_seed0,0,round-robin,resource-defense,5,0,PSO,3.2305823023580538,1.1774000013247132,0.18358799999999992,0.18358799999999992,0.0,0.0,0.0,0.04698564770794893,16.0,12.769417697641947,strict_delta_max,1,cross_layer_handoff_executed
resource-defense_round-robin_seed0,0,round-robin,resource-defense,5,1,RL,1.1593904813240952,2.4139999877661467,0.7714279999999998,0.7714279999999998,0.0,0.0,0.0,0.4914789358536352,12.769417697641947,11.610027216317851,strict_delta_max,2,cross_layer_handoff_executed
resource-defense_round-robin_seed0,0,round-robin,resource-defense,5,2,GA,3.6779086670399126,1.4409999130293727,0.2778480000000001,0.2778480000000001,0.0,0.0,0.21255719577268908,0.025131307577656237,11.610027216317851,7.932118549277939,strict_delta_max,1,cross_layer_handoff_executed
resource-defense_round-robin_seed0,0,round-robin,resource-defense,5,3,PSO,1.5415836889167582,1.8451999640092254,0.7086559999999998,0.7086559999999998,0.0,0.0,0.0,0.08455720108290656,7.932118549277939,6.39053486036118,strict_delta_max,1,cross_layer_handoff_executed
resource-defense_round-robin_seed0,0,round-robin,resource-defense,5,4,RL,3.158893195203189,4.1325000347569585,0.7599519999999998,0.7599519999999998,0.0,0.0,0.0,0.0,6.39053486036118,3.231641665157991,strict_delta_max,2,cross_layer_handoff_executed
resource-defense_round-robin_seed1,1,round-robin,resource-defense,0,0,GA,1.9020835094768749,1.6014000866562128,0.7475840000000001,0.7475840000000001,0.0,0.0,0.9187276469971314,0.10320116966747558,16.0,14.097916490523126,strict_delta_max,1,cross_layer_handoff_executed
resource-defense_round-robin_seed1,1,round-robin,resource-defense,0,1,PSO,1.753787846213536,1.3271999778226018,0.7298560000000001,0.7298560000000001,0.0,0.0,0.0,0.07933765931040297,14.097916490523126,12.34412864430959,strict_delta_max,1,cross_layer_handoff_executed
resource-defense_round-robin_seed1,1,round-robin,resource-defense,0,2,RL,4.0,2.3879000218585134,0.9027639999999999,0.9027639999999999,0.0,0.012604000000000004,0.0,0.0,12.34412864430959,8.34412864430959,strict_delta_max,2,cross_layer_handoff_executed
resource-defense_round-robin_seed1,1,round-robin,resource-defense,0,3,GA,3.4809483824350433,1.3071999419480562,0.854968,0.854968,0.0,0.0,0.8325725896037208,0.02900098157656912,8.34412864430959,4.863180261874547,strict_delta_max,1,cross_layer_handoff_executed
resource-defense_round-robin_seed1,1,round-robin,resource-defense,0,4,PSO,1.4038699271845236,1.8547000363469124,0.12170400000000003,0.12170400000000003,0.0,0.0,0.0,0.06255193535273662,4.863180261874547,3.459310334690023,strict_delta_max,1,cross_layer_handoff_executed
resource-defense_round-robin_seed1,1,round-robin,resource-defense,1,0,RL,4.0,4.050999996252358,0.9027639999999999,0.9027639999999999,0.0,0.0,0.0,0.290659,16.0,12.0,strict_delta_max,2,cross_layer_handoff_executed
resource-defense_round-robin_seed1,1,round-robin,resource-defense,1,1,GA,2.9511296279430206,2.1707999985665083,0.8402479999999999,0.8402479999999999,0.0,0.0,0.713969529193905,0.021636768912543132,12.0,9.04887037205698,strict_delta_max,1,cross_layer_handoff_executed
resource-defense_round-robin_seed1,1,round-robin,resource-defense,1,2,PSO,2.110202535127694,2.3914999328553677,0.889848,0.889848,0.0,0.0,0.0,0.00804828438752089,9.04887037205698,6.938667836929286,strict_delta_max,1,cross_layer_handoff_executed
resource-defense_round-robin_seed1,1,round-robin,resource-defense,1,3,RL,3.5372519470062302,4.022500012069941,0.9027639999999999,0.9027639999999999,0.0,0.0,0.0,0.0,6.938667836929286,3.4014158899230553,strict_delta_max,2,cross_layer_handoff_executed
resource-defense_round-robin_seed1,1,round-robin,resource-defense,2,0,GA,3.1931275460903046,2.254999941214919,0.889848,0.889848,0.0,0.0,0.6095297573028537,0.021230215267887535,16.0,12.806872453909696,strict_delta_max,1,cross_layer_handoff_executed
resource-defense_round-robin_seed1,1,round-robin,resource-defense,2,1,PSO,3.2688546333497266,2.15419998858124,0.41209600000000013,0.41209600000000013,0.0,0.0,0.0,0.02481465226372821,12.806872453909696,9.538017820559968,strict_delta_max,1,cross_layer_handoff_executed
resource-defense_round-robin_seed1,1,round-robin,resource-defense,2,2,RL,3.021897131031914,3.9715999737381935,0.9027639999999999,0.9027639999999999,0.0,0.0,0.0,0.0,9.538017820559968,6.516120689528055,strict_delta_max,2,cross_layer_handoff_executed
resource-defense_round-robin_seed1,1,round-robin,resource-defense,2,3,GA,2.394460925684707,2.471499959938228,0.622792,0.622792,0.0,0.0,0.5849407798060527,0.029946928564862363,6.516120689528055,4.121659763843348,strict_delta_max,1,cross_layer_handoff_executed
resource-defense_round-robin_seed1,1,round-robin,resource-defense,2,4,PSO,2.8017412077881034,2.408399945124984,0.854968,0.854968,0.0,0.0,0.0,0.023909200819865386,4.121659763843348,1.3199185560552444,strict_delta_max,1,cross_layer_handoff_executed
resource-defense_round-robin_seed1,1,round-robin,resource-defense,3,0,RL,4.0,4.163200035691261,0.9027639999999999,0.9027639999999999,0.0,0.0,0.0,0.013001500000000062,16.0,12.0,strict_delta_max,2,cross_layer_handoff_executed
resource-defense_round-robin_seed1,1,round-robin,resource-defense,3,1,GA,3.4772050016394647,2.235199906863272,0.854968,0.854968,0.0,0.0,0.5446873685535536,0.036346460417774826,12.0,8.522794998360535,strict_delta_max,1,cross_layer_handoff_executed
resource-defense_round-robin_seed1,1,round-robin,resource-defense,3,2,PSO,2.8624173430218938,2.2053999127820134,0.889848,0.889848,0.0,0.0,0.0,0.006032029716831812,8.522794998360535,5.660377655338641,strict_delta_max,1,cross_layer_handoff_executed
resource-defense_round-robin_seed1,1,round-robin,resource-defense,3,3,RL,1.122210409896033,4.114000010304153,0.8945679999999999,0.8945679999999999,0.0,0.0,0.0,0.30218575501488837,5.660377655338641,4.538167245442608,strict_delta_max,2,cross_layer_handoff_executed
resource-defense_round-robin_seed1,1,round-robin,resource-defense,3,4,GA,3.8136033046499365,2.3004000540822744,0.852968,0.852968,0.0,0.0,0.5113252085758064,0.01782891385391078,4.538167245442608,0.7245639407926716,strict_delta_max,1,cross_layer_handoff_executed
resource-defense_round-robin_seed1,1,round-robin,resource-defense,4,0,PSO,1.2865526167477672,2.295799902640283,0.91228,0.91228,0.0,0.007396510547742116,0.0,0.06321310433349706,16.0,14.713447383252232,strict_delta_max,1,cross_layer_handoff_executed
resource-defense_round-robin_seed1,1,round-robin,resource-defense,4,1,RL,4.0,4.0345999877899885,0.8945679999999999,0.8945679999999999,0.0,0.0,0.0,0.059742500000000004,14.713447383252232,10.713447383252232,strict_delta_max,2,cross_layer_handoff_executed
resource-defense_round-robin_seed1,1,round-robin,resource-defense,4,2,GA,3.3427080385879195,2.251200028695166,0.6304719999999999,0.6304719999999999,0.0,0.0,0.39979681068997,0.022680902818723727,10.713447383252232,7.370739344664313,strict_delta_max,1,cross_layer_handoff_executed
resource-defense_round-robin_seed1,1,round-robin,resource-defense,4,3,PSO,2.497969978354465,2.1217999747022986,0.92222,0.92222,0.0,0.003979231170163231,0.0,0.023203267306547825,7.370739344664313,4.872769366309848,strict_delta_max,1,cross_layer_handoff_executed
resource-defense_round-robin_seed1,1,round-robin,resource-defense,4,4,RL,1.155933396391025,3.9362000534310937,0.9027639999999999,0.9027639999999999,0.0,0.0,0.0,0.0,4.872769366309848,3.716835969918823,strict_delta_max,2,cross_layer_handoff_executed
resource-defense_round-robin_seed1,1,round-robin,resource-defense,5,0,GA,3.5714878861528216,2.3011999437585473,0.8677999999999999,0.8677999999999999,0.0,0.0,0.28208836338198373,0.022246770633737332,16.0,12.428512113847178,strict_delta_max,1,cross_layer_handoff_executed
resource-defense_round-robin_seed1,1,round-robin,resource-defense,5,1,PSO,1.0,2.208600053563714,0.8613279999999999,0.8613279999999999,0.0,0.0,0.0,0.08286470548104408,12.428512113847178,11.428512113847178,strict_delta_max,1,cross_layer_handoff_executed
resource-defense_round-robin_seed1,1,round-robin,resource-defense,5,2,RL,2.860745536466986,4.872299963608384,0.9027639999999999,0.9027639999999999,0.0,0.0,0.0,0.08583356921121042,11.428512113847178,8.567766577380192,strict_delta_max,2,cross_layer_handoff_executed
resource-defense_round-robin_seed1,1,round-robin,resource-defense,5,3,GA,2.2549047364175645,2.496300032362342,0.12170400000000003,0.12170400000000003,0.0,0.0,0.1609778625380336,0.03171686143235012,8.567766577380192,6.312861840962627,strict_delta_max,1,cross_layer_handoff_executed
resource-defense_round-robin_seed1,1,round-robin,resource-defense,5,4,PSO,3.3600420251679135,2.3870000150054693,0.8402479999999999,0.8402479999999999,0.0,0.0,0.0,0.023787425604004132,6.312861840962627,2.952819815794714,strict_delta_max,1,cross_layer_handoff_executed
resource-defense_round-robin_seed2,2,round-robin,resource-defense,0,0,GA,3.9051999001172466,2.6731000980362296,0.26544600000000007,0.26544600000000007,0.0,0.0,0.9221321296069481,0.03772849699813911,16.0,12.094800099882754,strict_delta_max,1,cross_layer_handoff_executed
resource-defense_round-robin_seed2,2,round-robin,resource-defense,0,1,PSO,1.0477483033184853,2.1459999261423945,0.12172799999999984,0.12172799999999984,0.0,0.0,0.0,0.14499387204475772,12.094800099882754,11.047051796564268,strict_delta_max,1,cross_layer_handoff_executed
resource-defense_round-robin_seed2,2,round-robin,resource-defense,0,2,RL,2.0715315278143036,4.049099981784821,-0.29552199999999995,-0.29552199999999995,0.0,0.0,0.0,0.32114596908980075,11.047051796564268,8.975520268749964,strict_delta_max,2,cross_layer_handoff_executed
resource-defense_round-robin_seed2,2,round-robin,resource-defense,0,3,GA,2.929206743654812,2.430699998512864,0.1216279999999999,0.1216279999999999,0.0,0.0,0.9091336900778896,0.04864995141401914,8.975520268749964,6.046313525095152,strict_delta_max,1,cross_layer_handoff_executed
resource-defense_round-robin_seed2,2,round-robin,resource-defense,0,4,PSO,1.2040818476112218,2.212399966083467,0.12172799999999984,0.12172799999999984,0.0,0.0,0.0,0.11687578326066757,6.046313525095152,4.84223167748393,strict_delta_max,1,cross_layer_handoff_executed
resource-defense_round-robin_seed2,2,round-robin,resource-defense,0,5,RL,1.104152196523844,3.9748999988660216,-0.222992,-0.222992,0.0,0.0,0.0,0.0,4.84223167748393,3.738079480960086,strict_delta_max,2,cross_layer_handoff_executed
resource-defense_round-robin_seed2,2,round-robin,resource-defense,1,0,GA,3.5060691506154504,2.280400018207729,0.657472,0.657472,0.0,0.0,0.9031393577729832,0.04976998442690581,16.0,12.49393084938455,strict_delta_max,1,cross_layer_handoff_executed
resource-defense_round-robin_seed2,2,round-robin,resource-defense,1,1,PSO,3.2964373236457085,2.2431000834330916,0.04307799999999995,0.04307799999999995,0.0,0.0,0.0,0.03816598684789514,12.49393084938455,9.19749352573884,strict_delta_max,1,cross_layer_handoff_executed
resource-defense_round-robin_seed2,2,round-robin,resource-defense,1,2,RL,3.5803501118292886,3.98539996240288,-0.07732199999999997,-0.07732199999999997,0.0,0.0,0.0,0.0,9.19749352573884,5.617143413909552,strict_delta_max,2,cross_layer_handoff_executed
resource-defense_round-robin_seed2,2,round-robin,resource-defense,1,3,GA,2.3272677848466587,2.3400000063702464,0.526882,0.526882,0.0,0.0,0.8900692926057706,0.07106040493439252,5.617143413909552,3.2898756290628937,strict_delta_max,1,cross_layer_handoff_executed
resource-defense_round-robin_seed2,2,round-robin,resource-defense,2,0,PSO,3.519720276980774,2.233700011856854,0.12172799999999984,0.12172799999999984,0.0,0.0,0.0,0.03548146890232629,16.0,12.480279723019226,strict_delta_max,1,cross_layer_handoff_executed
resource-defense_round-robin_seed2,2,round-robin,resource-defense,2,1,RL,3.4045179352849386,4.1467000264674425,0.677516,0.677516,0.0,0.005887470819953984,0.0,0.0,12.480279723019226,9.075761787734287,strict_delta_max,2,cross_layer_handoff_executed
resource-defense_round-robin_seed2,2,round-robin,resource-defense,2,2,GA,3.8049898325274754,2.2333000088110566,0.657472,0.657472,0.0,0.0,0.8787079747592791,0.0420513290881972,9.075761787734287,5.270771955206811,strict_delta_max,1,cross_layer_handoff_executed
resource-defense_round-robin_seed2,2,round-robin,resource-defense,2,3,PSO,3.554799386212883,2.293199999257922,0.15024799999999983,0.15024799999999983,0.0,0.0,0.0,0.03660608418710082,5.270771955206811,1.7159725689939282,strict_delta_max,1,cross_layer_handoff_executed
resource-defense_round-robin_seed2,2,round-robin,resource-defense,3,0,RL,2.1014485342469094,4.083899897523224,0.7161119999999999,0.7161119999999999,0.0,0.018366378891040223,0.0,0.10573849246307172,16.0,13.89855146575309,strict_delta_max,2,cross_layer_handoff_executed
resource-defense_round-robin_seed2,2,round-robin,resource-defense,3,1,GA,1.5757689899186331,2.2612999891862273,0.657472,0.657472,0.0,0.0,0.8084814045500452,0.12413067857199601,13.89855146575309,12.322782475834458,strict_delta_max,1,cross_layer_handoff_executed
resource-defense_round-robin_seed2,2,round-robin,resource-defense,3,2,PSO,1.7196731665175935,2.490999992005527,0.8006059999999999,0.8006059999999999,0.0,0.049133754974559365,0.0,0.04557908232919515,12.322782475834458,10.603109309316865,strict_delta_max,1,cross_layer_handoff_executed
resource-defense_round-robin_seed2,2,round-robin,resource-defense,3,3,RL,1.5382874624470662,4.113400005735457,0.7161119999999999,0.7161119999999999,0.0,0.0,0.0,0.0,10.603109309316865,9.0648218468698,strict_delta_max,2,cross_layer_handoff_executed
resource-defense_round-robin_seed2,2,round-robin,resource-defense,3,4,GA,3.172897865185073,2.2403999464586377,0.59117,0.59117,0.0,0.0,0.6722370594113442,0.028523304288160183,9.0648218468698,5.891923981684727,strict_delta_max,1,cross_layer_handoff_executed
resource-defense_round-robin_seed2,2,round-robin,resource-defense,3,5,PSO,2.061633490747105,2.3184000747278333,0.06502800000000014,0.06502800000000014,0.0,0.0,0.0,0.05900387287653524,5.891923981684727,3.830290490937622,strict_delta_max,1,cross_layer_handoff_executed
resource-defense_round-robin_seed2,2,round-robin,resource-defense,4,0,RL,3.560243772669269,3.9738999912515283,0.646258,0.646258,0.0,0.0,0.0,0.0,16.0,12.439756227330731,strict_delta_max,2,cross_layer_handoff_executed
resource-defense_round-robin_seed2,2,round-robin,resource-defense,4,1,GA,3.9680375939724826,2.225400065071881,-0.27447199999999994,-0.27447199999999994,0.0,0.0,0.6174481967390001,0.01690469704325449,12.439756227330731,8.471718633358249,strict_delta_max,1,cross_layer_handoff_executed
resource-defense_round-robin_seed2,2,round-robin,resource-defense,4,2,PSO,2.5127679717935427,2.3653999669477344,0.7161119999999999,0.7161119999999999,0.0,0.0,0.0,0.01668407580018685,8.471718633358249,5.958950661564706,strict_delta_max,1,cross_layer_handoff_executed
resource-defense_round-robin_seed2,2,round-robin,resource-defense,4,3,RL,3.7100201692069317,4.045599955134094,0.646258,0.646258,0.0,0.0,0.0,0.43280249884550953,5.958950661564706,2.248930492357774,strict_delta_max,2,cross_layer_handoff_executed
resource-defense_round-robin_seed2,2,round-robin,resource-defense,5,0,GA,3.3824575939200088,2.2426999639719725,0.5903740000000001,0.5903740000000001,0.0,0.0,0.5240588612819085,0.023081794692141125,16.0,12.617542406079991,strict_delta_max,1,cross_layer_handoff_executed
resource-defense_round-robin_seed2,2,round-robin,resource-defense,5,1,PSO,3.266358304072535,2.33070005197078,0.12172799999999984,0.12172799999999984,0.0,0.0,0.0,0.028165308382382535,12.617542406079991,9.351184102007457,strict_delta_max,1,cross_layer_handoff_executed
resource-defense_round-robin_seed2,2,round-robin,resource-defense,5,2,RL,2.175327078120747,4.000499960966408,0.7161119999999999,0.7161119999999999,0.0,0.0,0.0,0.17457512657272253,9.351184102007457,7.17585702388671,strict_delta_max,2,cross_layer_handoff_executed
resource-defense_round-robin_seed2,2,round-robin,resource-defense,5,3,GA,2.0424889183393113,2.381799975410104,0.876954,0.876954,0.0,0.03737988456851772,0.49627931923502183,0.07966320395306985,7.17585702388671,5.133368105547399,strict_delta_max,1,cross_layer_handoff_executed
resource-defense_round-robin_seed2,2,round-robin,resource-defense,5,4,PSO,2.6977349717159167,2.120699966326356,0.12172799999999984,0.12172799999999984,0.0,0.0,0.0,0.036302547511656805,5.133368105547399,2.4356331338314825,strict_delta_max,1,cross_layer_handoff_executed
resource-defense_greedy-improvement_seed0,0,greedy-improvement,resource-defense,0,0,GA,2.900117049606808,2.717799972742796,0.675128,0.675128,0.0,0.0,0.9088272647789373,0.05260290404668859,16.0,13.099882950393193,strict_delta_max,1,cross_layer_handoff_executed
resource-defense_greedy-improvement_seed0,0,greedy-improvement,resource-defense,0,1,GA,3.6351463334126546,2.4477000115439296,0.701608,0.701608,0.0,0.0,0.8696735103891018,0.041017804875248864,13.099882950393193,9.464736616980538,strict_delta_max,1,cross_layer_handoff_executed
resource-defense_greedy-improvement_seed0,0,greedy-improvement,resource-defense,0,2,GA,1.4434714017931365,2.328400034457445,0.701608,0.701608,0.0,0.0,0.8547887410980215,0.11084482323348006,9.464736616980538,8.021265215187402,strict_delta_max,1,cross_layer_handoff_executed
resource-defense_greedy-improvement_seed0,0,greedy-improvement,resource-defense,0,3,GA,3.0286414282957237,2.269799937494099,-0.2166160000000002,-0.2166160000000002,0.0,0.0,0.8594749012039006,0.045851458007010404,8.021265215187402,4.992623786891678,strict_delta_max,1,cross_layer_handoff_executed
resource-defense_greedy-improvement_seed0,0,greedy-improvement,resource-defense,0,4,GA,2.045413609487858,2.39290005993098,0.701608,0.701608,0.0,0.0,0.8019161559329542,0.06794007233679307,4.992623786891678,2.94721017740382,strict_delta_max,1,cross_layer_handoff_executed
resource-defense_greedy-improvement_seed0,0,greedy-improvement,resource-defense,1,0,GA,3.4349216369536,2.356100012548268,0.701608,0.701608,0.0,0.0,0.7436136139990157,0.04359945595748709,16.0,12.5650783630464,strict_delta_max,1,cross_layer_handoff_executed
resource-defense_greedy-improvement_seed0,0,greedy-improvement,resource-defense,1,1,GA,3.74160563721957,2.3848999990150332,0.683308,0.683308,0.0,0.0,0.6814405459516506,0.03646517063249983,12.5650783630464,8.82347272582683,strict_delta_max,1,cross_layer_handoff_executed
resource-defense_greedy-improvement_seed0,0,greedy-improvement,resource-defense,1,2,GA,1.981209273983283,2.49629991594702,0.701608,0.701608,0.0,0.0,0.6037424751567013,0.0775259390539189,8.82347272582683,6.8422634518435475,strict_delta_max,1,cross_layer_handoff_executed
resource-defense_greedy-improvement_seed0,0,greedy-improvement,resource-defense,1,3,GA,2.0245567891429643,2.3441999219357967,0.701608,0.701608,0.0,0.0,0.539276493887666,0.06629666747912574,6.8422634518435475,4.817706662700584,strict_delta_max,1,cross_layer_handoff_executed
resource-defense_greedy-improvement_seed0,0,greedy-improvement,resource-defense,1,4,GA,2.6534672406885096,2.382999984547496,0.701608,0.701608,0.0,0.0,0.4590469754394006,0.052943160786129075,4.817706662700584,2.164239422012074,strict_delta_max,1,cross_layer_handoff_executed
resource-defense_greedy-improvement_seed0,0,greedy-improvement,resource-defense,2,0,GA,3.7739728835304605,2.397799980826676,0.7085679999999999,0.7085679999999999,0.0,0.001844210389102993,0.46775535855912037,0.03506130760374121,16.0,12.22602711646954,strict_delta_max,1,cross_layer_handoff_executed
resource-defense_greedy-improvement_seed0,0,greedy-improvement,resource-defense,2,1,GA,2.073997571545312,2.3401000071316957,0.701608,0.701608,0.0,0.0,0.4759144618475732,0.0650178449409525,12.22602711646954,10.152029544924229,strict_delta_max,1,cross_layer_handoff_executed
resource-defense_greedy-improvement_seed0,0,greedy-improvement,resource-defense,2,2,GA,2.211953045830299,2.481000032275915,0.701608,0.701608,0.0,0.0,0.4759144618475732,0.060472321562880425,10.152029544924229,7.94007649909393,strict_delta_max,1,cross_layer_handoff_executed
resource-defense_greedy-improvement_seed0,0,greedy-improvement,resource-defense,2,3,GA,3.4593107775741263,2.659299992956221,0.6965199999999998,0.6965199999999998,0.0,0.0,0.4759144618475732,0.0404424974909286,7.94007649909393,4.480765721519804,strict_delta_max,1,cross_layer_handoff_executed
resource-defense_greedy-improvement_seed0,0,greedy-improvement,resource-defense,2,4,GA,1.7077750270474974,2.297300030477345,0.701608,0.701608,0.0,0.0,0.4759144618475732,0.07223402023760249,4.480765721519804,2.7729906944723064,strict_delta_max,1,cross_layer_handoff_executed
resource-defense_greedy-improvement_seed0,0,greedy-improvement,resource-defense,3,0,GA,3.502685248848432,2.923100022599101,0.701608,0.701608,0.0,0.0,0.4759144618475732,0.03478856817574283,16.0,12.497314751151567,strict_delta_max,1,cross_layer_handoff_executed
resource-defense_greedy-improvement_seed0,0,greedy-improvement,resource-defense,3,1,GA,1.5959601187479744,2.4050999199971557,0.701608,0.701608,0.0,0.0,0.4759144618475732,0.07869830909648355,12.497314751151567,10.901354632403592,strict_delta_max,1,cross_layer_handoff_executed
resource-defense_greedy-improvement_seed0,0,greedy-improvement,resource-defense,3,2,GA,1.5293730955052056,2.247900003567338,0.701608,0.701608,0.0,0.0,0.4759144618475732,0.07819729602476942,10.901354632403592,9.371981536898387,strict_delta_max,1,cross_layer_handoff_executed
resource-defense_greedy-improvement_seed0,0,greedy-improvement,resource-defense,3,3,GA,2.193588710845586,2.367099979892373,0.701608,0.701608,0.0,0.0,0.4759144618475732,0.0522068793890852,9.371981536898387,7.178392826052801,strict_delta_max,1,cross_layer_handoff_executed
resource-defense_greedy-improvement_seed0,0,greedy-improvement,resource-defense,3,4,GA,3.1926635892745114,2.3382999934256077,0.701608,0.701608,0.0,0.0,0.4759144618475732,0.03858708204213633,7.178392826052801,3.9857292367782895,strict_delta_max,1,cross_layer_handoff_executed
resource-defense_greedy-improvement_seed0,0,greedy-improvement,resource-defense,4,0,GA,2.9122325945126515,2.2218000376597047,0.701608,0.701608,0.0,0.0,0.4759144618475732,0.040998693224747626,16.0,13.087767405487348,strict_delta_max,1,cross_layer_handoff_executed
resource-defense_greedy-improvement_seed0,0,greedy-improvement,resource-defense,4,1,GA,3.742440587258419,2.437699935398996,0.7082759999999999,0.7082759999999999,0.0,0.0,0.5048954661835012,0.029814991248126838,13.087767405487348,9.34532681822893,strict_delta_max,1,cross_layer_handoff_executed
resource-defense_greedy-improvement_seed0,0,greedy-improvement,resource-defense,4,2,GA,1.669689480747334,2.2638000082224607,0.701608,0.701608,0.0,0.0,0.5048954661835012,0.06378376607349347,9.34532681822893,7.6756373374815965,strict_delta_max,1,cross_layer_handoff_executed
resource-defense_greedy-improvement_seed0,0,greedy-improvement,resource-defense,4,3,GA,3.6452637288696725,2.4681999348104,0.701608,0.701608,0.0,0.0,0.5048954661835012,0.03130620991114672,7.6756373374815965,4.030373608611924,strict_delta_max,1,cross_layer_handoff_executed
resource-defense_greedy-improvement_seed0,0,greedy-improvement,resource-defense,4,4,GA,2.724532011505043,2.3007000563666224,0.701608,0.701608,0.0,0.0,0.5048954661835012,0.03564843044256725,4.030373608611924,1.3058415971068813,strict_delta_max,1,cross_layer_handoff_executed
resource-defense_greedy-improvement_seed0,0,greedy-improvement,resource-defense,5,0,GA,3.355139676646471,2.2458999883383512,0.701608,0.701608,0.0,0.0,0.5048954661835012,0.03334184758067239,16.0,12.644860323353528,strict_delta_max,1,cross_layer_handoff_executed
resource-defense_greedy-improvement_seed0,0,greedy-improvement,resource-defense,5,1,GA,1.450734803113157,2.4203999200835824,0.701608,0.701608,0.0,0.0,0.5048954661835012,0.07396136988812124,12.644860323353528,11.194125520240371,strict_delta_max,1,cross_layer_handoff_executed
resource-defense_greedy-improvement_seed0,0,greedy-improvement,resource-defense,5,2,GA,3.6377663203344937,2.3807999677956104,0.7082759999999999,0.7082759999999999,0.0,0.0,0.49145583094227685,0.027849303792689722,11.194125520240371,7.556359199905877,strict_delta_max,1,cross_layer_handoff_executed
resource-defense_greedy-improvement_seed0,0,greedy-improvement,resource-defense,5,3,GA,1.7927451215278905,2.4214000441133976,0.0169399999999999,0.0169399999999999,0.0,0.0,0.49145583094227685,0.060464705119066944,7.556359199905877,5.763614078377987,strict_delta_max,1,cross_layer_handoff_executed
resource-defense_greedy-improvement_seed0,0,greedy-improvement,resource-defense,5,4,GA,1.8173698892178831,2.3349999682977796,0.701608,0.701608,0.0,0.0,0.49145583094227685,0.05478459145725549,5.763614078377987,3.946244189160104,strict_delta_max,1,cross_layer_handoff_executed
resource-defense_greedy-improvement_seed1,1,greedy-improvement,resource-defense,0,0,GA,1.9020835094768749,3.8735000416636467,0.7475840000000001,0.7475840000000001,0.0,0.0,0.9187276469971314,0.10320116966747558,16.0,14.097916490523126,strict_delta_max,1,cross_layer_handoff_executed
resource-defense_greedy-improvement_seed1,1,greedy-improvement,resource-defense,0,1,GA,3.0254970734362936,2.6572999777272344,0.854968,0.854968,0.0,0.0008659734041733274,0.8910766176290544,0.048547767505483536,14.097916490523126,11.072419417086833,strict_delta_max,1,cross_layer_handoff_executed
resource-defense_greedy-improvement_seed1,1,greedy-improvement,resource-defense,0,2,GA,1.9189506843568034,2.30560009367764,0.854968,0.854968,0.0,0.0,0.8322375303245185,0.06689813851842107,11.072419417086833,9.15346873273003,strict_delta_max,1,cross_layer_handoff_executed
resource-defense_greedy-improvement_seed1,1,greedy-improvement,resource-defense,0,3,GA,2.507802145643157,2.393099945038557,0.854968,0.854968,0.0,0.0,0.798125219337948,0.06538431340414862,9.15346873273003,6.645666587086873,strict_delta_max,1,cross_layer_handoff_executed
resource-defense_greedy-improvement_seed1,1,greedy-improvement,resource-defense,0,4,GA,2.2134525862106624,2.387200016528368,0.6304719999999999,0.6304719999999999,0.0,0.0,0.798125219337948,0.04816626566971457,6.645666587086873,4.43221400087621,strict_delta_max,1,cross_layer_handoff_executed
resource-defense_greedy-improvement_seed1,1,greedy-improvement,resource-defense,0,5,GA,2.145382450534985,2.3222999880090356,0.854968,0.854968,0.0,0.0,0.7638461793283378,0.06469636117152495,4.43221400087621,2.2868315503412253,strict_delta_max,1,cross_layer_handoff_executed
resource-defense_greedy-improvement_seed1,1,greedy-improvement,resource-defense,1,0,GA,2.4106716758292404,2.3882000241428614,0.8901759999999999,0.8901759999999999,0.0,0.014605058147492774,0.7543817870870401,0.06140292989030209,16.0,13.58932832417076,strict_delta_max,1,cross_layer_handoff_executed
resource-defense_greedy-improvement_seed1,1,greedy-improvement,resource-defense,1,1,GA,3.737632519477067,2.3444000398740172,0.6304719999999999,0.6304719999999999,0.0,0.0,0.7543817870870401,0.041799258261332975,13.58932832417076,9.851695804693692,strict_delta_max,1,cross_layer_handoff_executed
resource-defense_greedy-improvement_seed1,1,greedy-improvement,resource-defense,1,2,GA,3.3898362460908786,2.359699923545122,0.8523479999999999,0.8523479999999999,0.0,0.0,0.7422883567523676,0.044824286639767286,9.851695804693692,6.461859558602814,strict_delta_max,1,cross_layer_handoff_executed
resource-defense_greedy-improvement_seed1,1,greedy-improvement,resource-defense,1,3,GA,3.624219255389079,2.382199978455901,0.6657679999999999,0.6657679999999999,0.0,0.0,0.7422883567523676,0.03536510272766172,6.461859558602814,2.8376403032137354,strict_delta_max,1,cross_layer_handoff_executed
resource-defense_greedy-improvement_seed1,1,greedy-improvement,resource-defense,2,0,GA,2.0243894678858108,2.2716999519616365,0.854968,0.854968,0.0,0.0,0.7072418876015917,0.06003423172029399,16.0,13.975610532114189,strict_delta_max,1,cross_layer_handoff_executed
resource-defense_greedy-improvement_seed1,1,greedy-improvement,resource-defense,2,1,GA,1.2541300037475702,2.381599973887205,0.41809600000000013,0.41809600000000013,0.0,0.0,0.7072418876015917,0.12844353181658977,13.975610532114189,12.72148052836662,strict_delta_max,1,cross_layer_handoff_executed
resource-defense_greedy-improvement_seed1,1,greedy-improvement,resource-defense,2,2,GA,1.7334072305149562,2.2683999268338084,0.854968,0.854968,0.0,0.0,0.7072418876015917,0.0691213223792596,12.72148052836662,10.988073297851663,strict_delta_max,1,cross_layer_handoff_executed
resource-defense_greedy-improvement_seed1,1,greedy-improvement,resource-defense,2,3,GA,3.4346116006456775,2.216199995018542,0.854968,0.854968,0.0,0.0,0.7072418876015917,0.04186793953338533,10.988073297851663,7.553461697205986,strict_delta_max,1,cross_layer_handoff_executed
resource-defense_greedy-improvement_seed1,1,greedy-improvement,resource-defense,2,4,GA,3.7710822854607207,2.4944000178948045,0.690044,0.690044,0.0,0.0,0.7072418876015917,0.032926694166984405,7.553461697205986,3.782379411745265,strict_delta_max,1,cross_layer_handoff_executed
resource-defense_greedy-improvement_seed1,1,greedy-improvement,resource-defense,3,0,GA,3.4931234334360743,2.2490000119432807,0.926168,0.926168,0.0,0.010303672540021281,0.7482701837009401,0.04214296488500059,16.0,12.506876566563925,strict_delta_max,1,cross_layer_handoff_executed
resource-defense_greedy-improvement_seed1,1,greedy-improvement,resource-defense,3,1,GA,3.3541438888881836,2.507600001990795,0.854968,0.854968,0.0,0.0,0.7482701837009401,0.031244991190948708,12.506876566563925,9.152732677675742,strict_delta_max,1,cross_layer_handoff_executed
resource-defense_greedy-improvement_seed1,1,greedy-improvement,resource-defense,3,2,GA,2.2575985922682644,2.4941000156104565,0.934008,0.934008,0.0,0.003472716552380075,0.7593105646963385,0.07403982815228391,9.152732677675742,6.895134085407477,strict_delta_max,1,cross_layer_handoff_executed
resource-defense_greedy-improvement_seed1,1,greedy-improvement,resource-defense,3,3,GA,1.4983896268477768,2.2794000105932355,0.854968,0.854968,0.0,0.0,0.7593105646963385,0.10191336104167134,6.895134085407477,5.3967444585597,strict_delta_max,1,cross_layer_handoff_executed
resource-defense_greedy-improvement_seed1,1,greedy-improvement,resource-defense,3,4,GA,1.9961801672767252,2.405900042504072,0.6469960000000001,0.6469960000000001,0.0,0.0,0.7593105646963385,0.07666245640144759,5.3967444585597,3.400564291282975,strict_delta_max,1,cross_layer_handoff_executed
resource-defense_greedy-improvement_seed1,1,greedy-improvement,resource-defense,4,0,GA,3.1496770620896597,2.332500065676868,0.5657340000000001,0.5657340000000001,0.0,0.0,0.7593105646963385,0.04354401312807182,16.0,12.85032293791034,strict_delta_max,1,cross_layer_handoff_executed
resource-defense_greedy-improvement_seed1,1,greedy-improvement,resource-defense,4,1,GA,2.3467955124705626,2.4754999903962016,0.9143680000000001,0.9143680000000001,0.0,0.0,0.7608623979198105,0.04511107333535736,12.85032293791034,10.503527425439778,strict_delta_max,1,cross_layer_handoff_executed
resource-defense_greedy-improvement_seed1,1,greedy-improvement,resource-defense,4,2,GA,3.8893449426749886,2.419200027361512,0.8350479999999998,0.8350479999999998,0.0,0.0,0.7608623979198105,0.02845007948719348,10.503527425439778,6.6141824827647895,strict_delta_max,1,cross_layer_handoff_executed
resource-defense_greedy-improvement_seed1,1,greedy-improvement,resource-defense,4,3,GA,2.5494926850308284,2.473300090059638,0.9214479999999999,0.9214479999999999,0.0,0.0,0.7570972444237205,0.04375885024185218,6.6141824827647895,4.064689797733961,strict_delta_max,1,cross_layer_handoff_executed
resource-defense_greedy-improvement_seed1,1,greedy-improvement,resource-defense,4,4,GA,2.465503082218685,2.472399966791272,0.926168,0.926168,0.0,0.0,0.7187133898218796,0.05349321461224059,4.064689797733961,1.599186715515276,strict_delta_max,1,cross_layer_handoff_executed
resource-defense_greedy-improvement_seed1,1,greedy-improvement,resource-defense,5,0,GA,1.546535138630106,2.3151999339461327,0.8834879999999999,0.8834879999999999,0.0,0.0,0.7187133898218796,0.10603438026014855,16.0,14.453464861369895,strict_delta_max,1,cross_layer_handoff_executed
resource-defense_greedy-improvement_seed1,1,greedy-improvement,resource-defense,5,1,GA,3.3863555191448236,2.5061999913305044,0.928528,0.928528,0.0,0.0,0.7012380656535109,0.03351867106108966,14.453464861369895,11.067109342225072,strict_delta_max,1,cross_layer_handoff_executed
resource-defense_greedy-improvement_seed1,1,greedy-improvement,resource-defense,5,2,GA,3.9809595070441817,2.3222999880090356,0.889848,0.889848,0.0,0.0,0.7012380656535109,0.03734326854970022,11.067109342225072,7.0861498351808905,strict_delta_max,1,cross_layer_handoff_executed
resource-defense_greedy-improvement_seed1,1,greedy-improvement,resource-defense,5,3,GA,2.4502125925384743,2.4178000167012215,0.9540919999999999,0.9540919999999999,0.0,0.008196839760419534,0.6259950065956892,0.04735143092923738,7.0861498351808905,4.635937242642417,strict_delta_max,1,cross_layer_handoff_executed
resource-defense_greedy-improvement_seed1,1,greedy-improvement,resource-defense,5,4,GA,2.2114727752040686,2.5123999221250415,0.910592,0.910592,0.0,0.0,0.6070512027979247,0.04962733008750656,4.635937242642417,2.424464467438348,strict_delta_max,1,cross_layer_handoff_executed
resource-defense_greedy-improvement_seed2,2,greedy-improvement,resource-defense,0,0,GA,3.9051999001172466,2.6366000529378653,0.26544600000000007,0.26544600000000007,0.0,0.0,0.9221321296069481,0.03772849699813911,16.0,12.094800099882754,strict_delta_max,1,cross_layer_handoff_executed
resource-defense_greedy-improvement_seed2,2,greedy-improvement,resource-defense,0,1,GA,1.0487937550372526,2.438700059428811,0.4893950000000001,0.4893950000000001,0.0,0.0,0.8915283738666642,0.12083361600815357,12.094800099882754,11.046006344845502,strict_delta_max,1,cross_layer_handoff_executed
resource-defense_greedy-improvement_seed2,2,greedy-improvement,resource-defense,0,2,GA,3.5566656234211957,2.4721999652683735,0.563631,0.563631,0.0,0.0,0.8630708519109553,0.04072410928441301,11.046006344845502,7.4893407214243055,strict_delta_max,1,cross_layer_handoff_executed
resource-defense_greedy-improvement_seed2,2,greedy-improvement,resource-defense,0,3,GA,2.4363648014259303,2.424199949018657,0.466584,0.466584,0.0,0.0,0.8250511165725389,0.063007601832216,7.4893407214243055,5.052975919998375,strict_delta_max,1,cross_layer_handoff_executed
resource-defense_greedy-improvement_seed2,2,greedy-improvement,resource-defense,0,4,GA,3.740484792257108,2.442500088363886,0.5467520000000001,0.5467520000000001,0.0,0.0,0.8388973103425893,0.03999196562768238,5.052975919998375,1.3124911277412674,strict_delta_max,1,cross_layer_handoff_executed
resource-defense_greedy-improvement_seed2,2,greedy-improvement,resource-defense,1,0,GA,2.5341580171525386,2.3134000366553664,0.4570040000000001,0.4570040000000001,0.0,0.0,0.7896746615419015,0.0653510904018965,16.0,13.465841982847461,strict_delta_max,1,cross_layer_handoff_executed
resource-defense_greedy-improvement_seed2,2,greedy-improvement,resource-defense,1,1,GA,1.0031229565211865,2.388599910773337,0.515796,0.515796,0.0,0.0,0.7345014610069321,0.136818802803279,13.465841982847461,12.462719026326274,strict_delta_max,1,cross_layer_handoff_executed
resource-defense_greedy-improvement_seed2,2,greedy-improvement,resource-defense,1,2,GA,1.749104304800324,2.3042000830173492,0.949608,0.949608,0.0,0.1670203424679982,0.6665751759463677,0.09443462365312144,12.462719026326274,10.71361472152595,strict_delta_max,1,cross_layer_handoff_executed
resource-defense_greedy-improvement_seed2,2,greedy-improvement,resource-defense,1,3,GA,3.353915533847288,2.4340000236406922,0.4093650000000001,0.4093650000000001,0.0,0.0,0.6244181993397953,0.033218378271485174,10.71361472152595,7.359699187678662,strict_delta_max,1,cross_layer_handoff_executed
resource-defense_greedy-improvement_seed2,2,greedy-improvement,resource-defense,1,4,GA,3.1137997058210907,2.474999986588955,0.657472,0.657472,0.0,0.0,0.5544452285494965,0.04351459537059179,7.359699187678662,4.245899481857571,strict_delta_max,1,cross_layer_handoff_executed
resource-defense_greedy-improvement_seed2,2,greedy-improvement,resource-defense,1,5,GA,2.046730220709815,2.4765999987721443,0.596908,0.596908,0.0,0.0,0.5263883571059931,0.061404117849243614,4.245899481857571,2.1991692611477562,strict_delta_max,1,cross_layer_handoff_executed
resource-defense_greedy-improvement_seed2,2,greedy-improvement,resource-defense,2,0,GA,2.6803277970004626,2.3194000823423266,0.678472,0.678472,0.0,0.0,0.5243447756607084,0.0445950772889921,16.0,13.319672202999538,strict_delta_max,1,cross_layer_handoff_executed
resource-defense_greedy-improvement_seed2,2,greedy-improvement,resource-defense,2,1,GA,3.4999308173336123,2.4720000801607966,0.657472,0.657472,0.0,0.0,0.5503848520952874,0.03464396908756328,13.319672202999538,9.819741385665925,strict_delta_max,1,cross_layer_handoff_executed
resource-defense_greedy-improvement_seed2,2,greedy-improvement,resource-defense,2,2,GA,2.729380956478172,2.3925999412313104,0.7534479999999999,0.7534479999999999,0.0,0.0,0.5584225930627067,0.06242231752603865,9.819741385665925,7.0903604291877524,strict_delta_max,1,cross_layer_handoff_executed
resource-defense_greedy-improvement_seed2,2,greedy-improvement,resource-defense,2,3,GA,3.949777095792092,2.4065999314188957,0.3761840000000001,0.3761840000000001,0.0,0.0,0.5584225930627067,0.03560936648790745,7.0903604291877524,3.1405833333956603,strict_delta_max,1,cross_layer_handoff_executed
resource-defense_greedy-improvement_seed2,2,greedy-improvement,resource-defense,3,0,GA,2.123846224777633,2.521099988371134,0.8749919999999998,0.8749919999999998,0.0,0.0,0.5830515549240682,0.07341567426633003,16.0,13.876153775222367,strict_delta_max,1,cross_layer_handoff_executed
resource-defense_greedy-improvement_seed2,2,greedy-improvement,resource-defense,3,1,GA,2.5894360098186966,2.4760999949648976,0.506082,0.506082,0.0,0.0,0.5830515549240682,0.04160010750411708,13.876153775222367,11.28671776540367,strict_delta_max,1,cross_layer_handoff_executed
resource-defense_greedy-improvement_seed2,2,greedy-improvement,resource-defense,3,2,GA,2.819202244015359,2.284000045619905,0.657472,0.657472,0.0,0.0,0.6070971203553547,0.05639193829451686,11.28671776540367,8.46751552138831,strict_delta_max,1,cross_layer_handoff_executed
resource-defense_greedy-improvement_seed2,2,greedy-improvement,resource-defense,3,3,GA,3.7627226973839383,2.574099926277995,0.790472,0.790472,0.0,0.0,0.5782578406949954,0.03296109228955637,8.46751552138831,4.704792824004373,strict_delta_max,1,cross_layer_handoff_executed
resource-defense_greedy-improvement_seed2,2,greedy-improvement,resource-defense,3,4,GA,2.0059632165006955,2.3305999347940087,0.590017,0.590017,0.0,0.0,0.5782578406949954,0.06366793950870958,4.704792824004373,2.698829607503677,strict_delta_max,1,cross_layer_handoff_executed
resource-defense_greedy-improvement_seed2,2,greedy-improvement,resource-defense,4,0,GA,2.142815599763403,2.208000048995018,0.5384040000000001,0.5384040000000001,0.0,0.0,0.5782578406949954,0.061929411692554566,16.0,13.857184400236598,strict_delta_max,1,cross_layer_handoff_executed
resource-defense_greedy-improvement_seed2,2,greedy-improvement,resource-defense,4,1,GA,2.6618786465699817,2.618099912069738,0.657472,0.657472,0.0,0.0,0.5706189822958373,0.049268047479706506,13.857184400236598,11.195305753666617,strict_delta_max,1,cross_layer_handoff_executed
resource-defense_greedy-improvement_seed2,2,greedy-improvement,resource-defense,4,2,GA,3.266531254923978,3.1123000662773848,0.8712880000000001,0.8712880000000001,0.0,0.0,0.580417349096643,0.04815916733840851,11.195305753666617,7.928774498742639,strict_delta_max,1,cross_layer_handoff_executed
resource-defense_greedy-improvement_seed2,2,greedy-improvement,resource-defense,4,3,GA,1.4906908230499698,2.3842999944463372,0.9137679999999999,0.9137679999999999,0.0,0.0,0.5533122976045386,0.11402120860170448,7.928774498742639,6.438083675692669,strict_delta_max,1,cross_layer_handoff_executed
resource-defense_greedy-improvement_seed2,2,greedy-improvement,resource-defense,4,4,GA,3.125446309521131,2.3802000796422362,0.866568,0.866568,0.0,0.0,0.5418308452021364,0.05465423683191487,6.438083675692669,3.3126373661715376,strict_delta_max,1,cross_layer_handoff_executed
resource-defense_greedy-improvement_seed2,2,greedy-improvement,resource-defense,5,0,GA,3.32925483626837,2.2354000248014927,0.803368,0.803368,0.0,0.0,0.5511864320338186,0.03127642193289066,16.0,12.670745163731631,strict_delta_max,1,cross_layer_handoff_executed
resource-defense_greedy-improvement_seed2,2,greedy-improvement,resource-defense,5,1,GA,1.6623840432690828,2.3354999721050262,0.9317959999999998,0.9317959999999998,0.0,0.0,0.5929782043374824,0.09405873319159291,12.670745163731631,11.008361120462549,strict_delta_max,1,cross_layer_handoff_executed
resource-defense_greedy-improvement_seed2,2,greedy-improvement,resource-defense,5,2,GA,1.0122181169966988,2.317100064828992,0.8832719999999998,0.8832719999999998,0.0,0.0,0.5514261455229728,0.14387052017733645,11.008361120462549,9.99614300346585,strict_delta_max,1,cross_layer_handoff_executed
resource-defense_greedy-improvement_seed2,2,greedy-improvement,resource-defense,5,3,GA,3.341487191923412,2.5405000196769834,0.9161279999999998,0.9161279999999998,0.0,0.0,0.551887388914564,0.04306340045265749,9.99614300346585,6.654655811542438,strict_delta_max,1,cross_layer_handoff_executed
resource-defense_greedy-improvement_seed2,2,greedy-improvement,resource-defense,5,4,GA,1.3688793293671315,2.332099946215749,0.9326479999999999,0.9326479999999999,0.0,0.0,0.531288526325496,0.08786242924561424,6.654655811542438,5.285776482175306,strict_delta_max,1,cross_layer_handoff_executed
resource-defense_greedy-improvement_seed2,2,greedy-improvement,resource-defense,5,5,GA,2.398766763121283,2.440800075419247,0.77248,0.77248,0.0,0.0,0.531288526325496,0.05354759697534079,5.285776482175306,2.8870097190540234,strict_delta_max,1,cross_layer_handoff_executed
