run_id,git_commit,timestamp,seed,method,benchmark,environment_name,environment_version,task_name,interval,B_tau_ms,allowed_ms,guard_margin_ms,delta_min_ms,delta_max_ms,do_not_start_rule,scheduler_ema_lambda,loop_time_ms,e2e_time_ms,actual_cpu_e2e_ms,total_atomic_cpu_ms,timing_mode,selected_module,atomic_step_duration_ms,num_ga_steps,num_pso_steps,num_rl_steps,candidate_count,evaluated_candidate_count,score,return,win,threshold_T,steps_to_threshold,evaluation_cadence,p95_latency_ms,p99_latency_ms,max_latency_ms,loop_overrun,e2e_overrun,loop_overrun_ms,e2e_overrun_ms,diversity_value,diversity_descriptor_valid,learning_progress_value,improvement_rate_value,handshake_enabled,handshake_events,scheduler_index_ga,scheduler_index_pso,scheduler_index_rl,rng_train_seed,rng_eval_seed,hardware_id,notes
line-duel_DLGPR-full_seed0,no-git,2026-05-27T22:16:00,0,DLGPR-full,self-contained-game-ai,LineDuelEnv,1.0-local,line-duel,0,18.0,16.0,2.0,1.0,4.0,strict_delta_max,0.5,13.296281209316273,15.296281209316273,21.55870001297444,10.190200060606003,simulated_charged,RL,2.4004356539171647,1,1,3,5,5,-0.04500000000000004,-0.04500000000000004,0.5,0.5,-1,1,15.296281209316273,15.296281209316273,15.296281209316273,False,False,0.0,0.0,0.0,False,0.0,0.0,True,8,0.14831710585142685,0.1419763854618634,0.1330577379064447,10000,20000,Windows-AMD64-py3.14.3,self-contained local validation harness; charged-time accounting is disclosed by timing_mode
line-duel_DLGPR-full_seed0,no-git,2026-05-27T22:16:00,0,DLGPR-full,self-contained-game-ai,LineDuelEnv,1.0-local,line-duel,1,18.0,16.0,2.0,1.0,4.0,strict_delta_max,0.5,12.477559338994169,14.477559338994169,23.683299892582,9.317600051872432,simulated_charged,GA,1.4081678971765568,4,1,1,6,6,-0.04500000000000004,-0.04500000000000004,0.5,0.5,-1,1,15.255345115800168,15.288093990613053,15.296281209316273,False,False,0.0,0.0,0.5814528511608397,True,0.041842638515900844,0.0,True,7,0.22767978434800237,0.13651666518564684,0.13177046961336583,10000,20000,Windows-AMD64-py3.14.3,self-contained local validation harness; charged-time accounting is disclosed by timing_mode
line-duel_DLGPR-full_seed0,no-git,2026-05-27T22:16:00,0,DLGPR-full,self-contained-game-ai,LineDuelEnv,1.0-local,line-duel,2,18.0,16.0,2.0,1.0,4.0,strict_delta_max,0.5,13.593187261040763,15.593187261040763,27.25260006263852,10.078100021928549,simulated_charged,GA,1.6015645863042052,5,1,1,7,7,-0.04500000000000004,-0.04500000000000004,0.5,0.5,-1,1,15.563496655868313,15.587249140006273,15.593187261040763,False,False,0.0,0.0,0.35263987595940205,True,0.03683518909382154,0.0,True,8,0.16588538603836886,0.12869525732446874,0.1204247582126678,10000,20000,Windows-AMD64-py3.14.3,self-contained local validation harness; charged-time accounting is disclosed by timing_mode
line-duel_DLGPR-full_seed0,no-git,2026-05-27T22:16:00,0,DLGPR-full,self-contained-game-ai,LineDuelEnv,1.0-local,line-duel,3,18.0,16.0,2.0,1.0,4.0,strict_delta_max,0.5,13.30033353583586,15.30033353583586,16.80740003939718,8.373799966648221,simulated_charged,PSO,2.966800480528224,1,3,2,6,6,-0.030000000000000027,-0.030000000000000027,0.5,0.5,-1,1,15.549259202260027,15.584401649284615,15.593187261040763,False,False,0.0,0.0,0.0,False,0.02450703572025807,0.0050559517225537655,True,8,0.08027246073160564,0.1042451650671014,0.10169790948548255,10000,20000,Windows-AMD64-py3.14.3,self-contained local validation harness; charged-time accounting is disclosed by timing_mode
line-duel_DLGPR-full_seed0,no-git,2026-05-27T22:16:00,0,DLGPR-full,self-contained-game-ai,LineDuelEnv,1.0-local,line-duel,4,18.0,16.0,2.0,1.0,4.0,strict_delta_max,0.5,13.779025661456748,15.779025661456748,12.778200092725456,6.247099838219583,simulated_charged,PSO,3.273446207158177,1,2,2,5,5,-0.030000000000000027,-0.030000000000000027,0.5,0.5,-1,1,15.74185798137355,15.771592125440108,15.779025661456748,False,False,0.0,0.0,0.0,False,0.01384721680897208,0.0,True,7,0.07847141400150724,0.09284367139369804,0.0912474656817373,10000,20000,Windows-AMD64-py3.14.3,self-contained local validation harness; charged-time accounting is disclosed by timing_mode
line-duel_DLGPR-full_seed0,no-git,2026-05-27T22:16:00,0,DLGPR-full,self-contained-game-ai,LineDuelEnv,1.0-local,line-duel,5,18.0,16.0,2.0,1.0,4.0,strict_delta_max,0.5,14.412001817419966,16.412001817419966,15.473200008273125,7.017900003120303,simulated_charged,RL,2.5709115009834522,1,1,4,6,6,-0.030000000000000027,-0.030000000000000027,0.5,0.5,-1,1,16.25375777842916,16.380353009621807,16.412001817419966,False,False,0.0,0.0,0.0,False,0.03500703931876781,0.0,True,10,0.0767498065673832,0.09010974738616066,0.10126254926850169,10000,20000,Windows-AMD64-py3.14.3,self-contained local validation harness; charged-time accounting is disclosed by timing_mode
line-duel_DLGPR-full_seed1,no-git,2026-05-27T22:16:00,1,DLGPR-full,self-contained-game-ai,LineDuelEnv,1.0-local,line-duel,0,18.0,16.0,2.0,1.0,4.0,strict_delta_max,0.5,12.465702488027754,14.465702488027754,20.064900047145784,8.065000060014427,simulated_charged,GA,1.638230672215212,3,1,1,5,5,-1.025,-1.025,0.0,0.5,-1,1,14.465702488027754,14.465702488027754,14.465702488027754,False,False,0.0,0.0,0.8233593182171755,True,0.06188131429757374,0.009156219728029604,True,6,0.26887136465242484,0.1419763854618634,0.15285911155591828,11000,21000,Windows-AMD64-py3.14.3,self-contained local validation harness; charged-time accounting is disclosed by timing_mode
line-duel_DLGPR-full_seed1,no-git,2026-05-27T22:16:00,1,DLGPR-full,self-contained-game-ai,LineDuelEnv,1.0-local,line-duel,1,18.0,16.0,2.0,1.0,4.0,strict_delta_max,0.5,12.082341746949476,14.082341746949476,28.20679999422282,11.248100199736655,simulated_charged,GA,1.1112712499615598,5,1,1,7,7,-1.025,-1.025,0.0,0.5,-1,1,14.44653445097384,14.46186888061697,14.465702488027754,False,False,0.0,0.0,0.8045153749246977,True,0.06952138950194953,0.0,True,8,0.2719343894010783,0.13869794584261702,0.15432600699146531,11000,21000,Windows-AMD64-py3.14.3,self-contained local validation harness; charged-time accounting is disclosed by timing_mode
line-duel_DLGPR-full_seed1,no-git,2026-05-27T22:16:00,1,DLGPR-full,self-contained-game-ai,LineDuelEnv,1.0-local,line-duel,2,18.0,16.0,2.0,1.0,4.0,strict_delta_max,0.5,12.258443584255232,14.258443584255232,20.969299948774278,9.21140005812049,simulated_charged,RL,2.903152692923417,1,1,3,5,5,-1.025,-1.025,0.0,0.5,-1,1,14.444976597650502,14.461557309952303,14.465702488027754,False,False,0.0,0.0,0.0,False,0.0,0.0,True,8,0.09299113932564199,0.12750820027812299,0.13877873314787703,11000,21000,Windows-AMD64-py3.14.3,self-contained local validation harness; charged-time accounting is disclosed by timing_mode
line-duel_DLGPR-full_seed1,no-git,2026-05-27T22:16:00,1,DLGPR-full,self-contained-game-ai,LineDuelEnv,1.0-local,line-duel,3,18.0,16.0,2.0,1.0,4.0,strict_delta_max,0.5,13.645343471192671,15.645343471192671,23.918199934996665,11.827500071376562,simulated_charged,RL,2.3535683105057355,1,3,3,7,7,-1.025,-1.025,0.0,0.5,-1,1,15.468397323717934,15.609954241697723,15.645343471192671,False,False,0.0,0.0,0.0,False,0.0,0.0,True,10,0.08284524110322257,0.10171718920582451,0.09495059677269618,11000,21000,Windows-AMD64-py3.14.3,self-contained local validation harness; charged-time accounting is disclosed by timing_mode
line-duel_DLGPR-full_seed1,no-git,2026-05-27T22:16:00,1,DLGPR-full,self-contained-game-ai,LineDuelEnv,1.0-local,line-duel,4,18.0,16.0,2.0,1.0,4.0,strict_delta_max,0.5,12.51216776573947,14.51216776573947,27.83929998986423,10.595400119200349,simulated_charged,GA,1.5446306056057437,5,1,1,7,7,-1.025,-1.025,0.0,0.5,-1,1,15.41870833010203,15.600016442974542,15.645343471192671,False,False,0.0,0.0,0.8045153749246977,True,0.049083908478726235,0.0,True,8,0.25995557946830233,0.09872883179003097,0.10052943527345219,11000,21000,Windows-AMD64-py3.14.3,self-contained local validation harness; charged-time accounting is disclosed by timing_mode
line-duel_DLGPR-full_seed1,no-git,2026-05-27T22:16:00,1,DLGPR-full,self-contained-game-ai,LineDuelEnv,1.0-local,line-duel,5,18.0,16.0,2.0,1.0,4.0,strict_delta_max,0.5,13.349523326677422,15.349523326677422,15.51519997883588,5.821800092235208,simulated_charged,GA,2.2221103791898447,2,1,1,4,4,-1.025,-1.025,0.0,0.5,-1,1,15.57138843506386,15.63055246396691,15.645343471192671,False,False,0.0,0.0,0.8045153749246977,True,0.035959171671345325,0.0,True,5,0.19194747868350037,0.09465092364124227,0.09252761502335599,11000,21000,Windows-AMD64-py3.14.3,self-contained local validation harness; charged-time accounting is disclosed by timing_mode
line-duel_DLGPR-full_seed2,no-git,2026-05-27T22:16:00,2,DLGPR-full,self-contained-game-ai,LineDuelEnv,1.0-local,line-duel,0,18.0,16.0,2.0,1.0,4.0,strict_delta_max,0.5,13.420019242417448,15.420019242417448,22.781600011512637,9.141099988482893,simulated_charged,GA,2.3598755340478395,4,1,1,6,6,-0.0050000000000000044,-0.0050000000000000044,0.5,0.5,-1,1,15.420019242417448,15.420019242417448,15.420019242417448,False,False,0.0,0.0,0.7613611695881136,True,0.0391291596246282,0.0,True,7,0.29635747419822034,0.14795772766865634,0.1575506563779499,12000,22000,Windows-AMD64-py3.14.3,self-contained local validation harness; charged-time accounting is disclosed by timing_mode
line-duel_DLGPR-full_seed2,no-git,2026-05-27T22:16:00,2,DLGPR-full,self-contained-game-ai,LineDuelEnv,1.0-local,line-duel,1,18.0,16.0,2.0,1.0,4.0,strict_delta_max,0.5,13.131476761698144,15.131476761698144,24.954999913461506,8.602299960330129,simulated_charged,GA,2.1442270521107663,5,1,1,7,7,-0.0050000000000000044,-0.0050000000000000044,0.5,0.5,-1,1,15.405592118381483,15.417133817610255,15.420019242417448,False,False,0.0,0.0,0.7854011358791436,True,0.03190811537367234,0.0,True,8,0.26484510955977936,0.14068734830152438,0.1512581708586469,12000,22000,Windows-AMD64-py3.14.3,self-contained local validation harness; charged-time accounting is disclosed by timing_mode
line-duel_DLGPR-full_seed2,no-git,2026-05-27T22:16:00,2,DLGPR-full,self-contained-game-ai,LineDuelEnv,1.0-local,line-duel,2,18.0,16.0,2.0,1.0,4.0,strict_delta_max,0.5,13.296808585839209,15.296808585839209,20.8062999881804,7.980900001712143,simulated_charged,RL,2.263903697158875,1,1,4,6,6,-0.0050000000000000044,-0.0050000000000000044,0.5,0.5,-1,1,15.407698176759624,15.417555029285882,15.420019242417448,False,False,0.0,0.0,0.0,False,0.9010984003251257,0.0,True,10,0.08469589772301585,0.1298113786951714,0.2372588772230123,12000,22000,Windows-AMD64-py3.14.3,self-contained local validation harness; charged-time accounting is disclosed by timing_mode
line-duel_DLGPR-full_seed2,no-git,2026-05-27T22:16:00,2,DLGPR-full,self-contained-game-ai,LineDuelEnv,1.0-local,line-duel,3,18.0,16.0,2.0,1.0,4.0,strict_delta_max,0.5,13.00359592400393,15.00359592400393,12.759899953380227,6.068100105039775,simulated_charged,RL,2.5216477140141955,1,3,2,6,6,0.025000000000000022,0.025000000000000022,0.5,0.5,-1,1,15.401537643930713,15.4163229227201,15.420019242417448,False,False,0.0,0.0,0.0,False,0.0,0.0,True,8,0.08153515404179051,0.10459103510956262,0.09554061503341708,12000,22000,Windows-AMD64-py3.14.3,self-contained local validation harness; charged-time accounting is disclosed by timing_mode
line-duel_DLGPR-full_seed2,no-git,2026-05-27T22:16:00,2,DLGPR-full,self-contained-game-ai,LineDuelEnv,1.0-local,line-duel,4,18.0,16.0,2.0,1.0,4.0,strict_delta_max,0.5,12.86624298501857,14.86624298501857,9.150800062343478,3.528499975800514,simulated_charged,GA,3.761053913694059,2,1,1,4,4,0.025000000000000022,0.025000000000000022,0.5,0.5,-1,1,15.3953771111018,15.415090816154319,15.420019242417448,False,False,0.0,0.0,0.7854011358791436,True,0.029743053090620492,0.0,True,5,0.1846319426081922,0.09893326889697258,0.0943724949512915,12000,22000,Windows-AMD64-py3.14.3,self-contained local validation harness; charged-time accounting is disclosed by timing_mode
line-duel_DLGPR-full_seed2,no-git,2026-05-27T22:16:00,2,DLGPR-full,self-contained-game-ai,LineDuelEnv,1.0-local,line-duel,5,18.0,16.0,2.0,1.0,4.0,strict_delta_max,0.5,13.33276488313276,15.33276488313276,21.132800029590726,9.621200151741505,simulated_charged,RL,1.9380673820394458,1,1,5,7,7,0.025000000000000022,0.025000000000000022,0.5,0.5,-1,1,15.398205652596276,15.415656524453214,15.420019242417448,False,False,0.0,0.0,0.0,False,0.0,0.0,True,12,0.07602118060617177,0.09557608466813564,0.08462229278082059,12000,22000,Windows-AMD64-py3.14.3,self-contained local validation harness; charged-time accounting is disclosed by timing_mode
line-duel_fixed-split_seed0,no-git,2026-05-27T22:16:00,0,fixed-split,self-contained-game-ai,LineDuelEnv,1.0-local,line-duel,0,18.0,16.0,2.0,1.0,4.0,strict_delta_max,0.5,13.122664319595199,15.122664319595199,15.885400003753603,6.997099844738841,simulated_charged,PSO,2.703496397418464,2,2,1,5,5,-0.04500000000000004,-0.04500000000000004,0.5,0.5,-1,1,15.122664319595199,15.122664319595199,15.122664319595199,False,False,0.0,0.0,0.0,False,0.04239642359119411,0.0,True,6,0.0,0.0,0.0,10000,20000,Windows-AMD64-py3.14.3,self-contained local validation harness; charged-time accounting is disclosed by timing_mode
line-duel_fixed-split_seed0,no-git,2026-05-27T22:16:00,0,fixed-split,self-contained-game-ai,LineDuelEnv,1.0-local,line-duel,1,18.0,16.0,2.0,1.0,4.0,strict_delta_max,0.5,12.595764699578197,14.595764699578197,18.349799909628928,7.316900067962706,simulated_charged,GA,2.654586248440353,2,1,2,5,5,-0.04500000000000004,-0.04500000000000004,0.5,0.5,-1,1,15.096319338594348,15.117395323395028,15.122664319595199,False,False,0.0,0.0,0.6490609342461647,True,0.034627087082184475,0.0,True,7,0.0,0.0,0.0,10000,20000,Windows-AMD64-py3.14.3,self-contained local validation harness; charged-time accounting is disclosed by timing_mode
line-duel_fixed-split_seed0,no-git,2026-05-27T22:16:00,0,fixed-split,self-contained-game-ai,LineDuelEnv,1.0-local,line-duel,2,18.0,16.0,2.0,1.0,4.0,strict_delta_max,0.5,12.656416988988346,14.656416988988346,14.037800021469593,6.223500007763505,simulated_charged,RL,2.8205132788370633,1,2,2,5,5,-0.04500000000000004,-0.04500000000000004,0.5,0.5,-1,1,15.076039586534513,15.113339372983061,15.122664319595199,False,False,0.0,0.0,0.0,False,0.0,0.0,True,7,0.0,0.0,0.0,10000,20000,Windows-AMD64-py3.14.3,self-contained local validation harness; charged-time accounting is disclosed by timing_mode
line-duel_fixed-split_seed0,no-git,2026-05-27T22:16:00,0,fixed-split,self-contained-game-ai,LineDuelEnv,1.0-local,line-duel,3,18.0,16.0,2.0,1.0,4.0,strict_delta_max,0.5,13.443966788181303,15.443966788181303,18.505999934859574,8.147199754603207,simulated_charged,RL,2.4922441904741928,2,2,2,6,6,-0.04500000000000004,-0.04500000000000004,0.5,0.5,-1,1,15.395771417893387,15.43432771412372,15.443966788181303,False,False,0.0,0.0,0.0,False,0.0,0.0,True,8,0.0,0.0,0.0,10000,20000,Windows-AMD64-py3.14.3,self-contained local validation harness; charged-time accounting is disclosed by timing_mode
line-duel_fixed-split_seed0,no-git,2026-05-27T22:16:00,0,fixed-split,self-contained-game-ai,LineDuelEnv,1.0-local,line-duel,4,18.0,16.0,2.0,1.0,4.0,strict_delta_max,0.5,14.392894012636612,16.39289401263661,24.725999915972352,11.566600296646357,simulated_charged,PSO,2.9397033454976556,3,3,2,8,8,-0.04500000000000004,-0.04500000000000004,0.5,0.5,-1,1,16.20310856774555,16.354936923658396,16.39289401263661,False,False,0.0,0.0,0.0,False,0.03158555187092455,0.0,True,10,0.0,0.0,0.0,10000,20000,Windows-AMD64-py3.14.3,self-contained local validation harness; charged-time accounting is disclosed by timing_mode
line-duel_fixed-split_seed0,no-git,2026-05-27T22:16:00,0,fixed-split,self-contained-game-ai,LineDuelEnv,1.0-local,line-duel,5,18.0,16.0,2.0,1.0,4.0,strict_delta_max,0.5,12.130588272068149,14.130588272068149,19.187900004908442,8.29389994032681,simulated_charged,PSO,1.7269256370131338,2,2,2,6,6,-0.04500000000000004,-0.04500000000000004,0.5,0.5,-1,1,16.155662206522784,16.345447651413846,16.39289401263661,False,False,0.0,0.0,0.0,False,0.045035460323613996,0.0,True,8,0.0,0.0,0.0,10000,20000,Windows-AMD64-py3.14.3,self-contained local validation harness; charged-time accounting is disclosed by timing_mode
line-duel_fixed-split_seed1,no-git,2026-05-27T22:16:01,1,fixed-split,self-contained-game-ai,LineDuelEnv,1.0-local,line-duel,0,18.0,16.0,2.0,1.0,4.0,strict_delta_max,0.5,12.767876716457113,14.767876716457113,20.20929998252541,10.284800198860466,simulated_charged,PSO,1.9404049006445716,2,2,1,5,5,-1.04,-1.04,0.0,0.5,-1,1,14.767876716457113,14.767876716457113,14.767876716457113,False,False,0.0,0.0,0.0,False,0.03887761957055909,0.0,True,6,0.0,0.0,0.0,11000,21000,Windows-AMD64-py3.14.3,self-contained local validation harness; charged-time accounting is disclosed by timing_mode
line-duel_fixed-split_seed1,no-git,2026-05-27T22:16:01,1,fixed-split,self-contained-game-ai,LineDuelEnv,1.0-local,line-duel,1,18.0,16.0,2.0,1.0,4.0,strict_delta_max,0.5,12.965300361675043,14.965300361675043,20.449800067581236,8.007500087842345,simulated_charged,GA,3.2810987394175073,2,1,2,5,5,-1.04,-1.04,0.0,0.5,-1,1,14.955429179414146,14.963326125222864,14.965300361675043,False,False,0.0,0.0,0.7772472685794287,True,0.029940224248226906,0.0,True,7,0.0,0.0,0.0,11000,21000,Windows-AMD64-py3.14.3,self-contained local validation harness; charged-time accounting is disclosed by timing_mode
line-duel_fixed-split_seed1,no-git,2026-05-27T22:16:01,1,fixed-split,self-contained-game-ai,LineDuelEnv,1.0-local,line-duel,2,18.0,16.0,2.0,1.0,4.0,strict_delta_max,0.5,13.113496956783559,15.113496956783559,22.39870000630617,9.59919998422265,simulated_charged,GA,2.523233103732615,2,2,2,6,6,-1.04,-1.04,0.0,0.5,-1,1,15.098677297272706,15.110533024881388,15.113496956783559,False,False,0.0,0.0,0.7725442157947201,True,0.022152318185992094,0.0,True,8,0.0,0.0,0.0,11000,21000,Windows-AMD64-py3.14.3,self-contained local validation harness; charged-time accounting is disclosed by timing_mode
line-duel_fixed-split_seed1,no-git,2026-05-27T22:16:01,1,fixed-split,self-contained-game-ai,LineDuelEnv,1.0-local,line-duel,3,18.0,16.0,2.0,1.0,4.0,strict_delta_max,0.5,12.514820982753086,14.514820982753086,19.162599928677082,9.000399964861572,simulated_charged,GA,1.5005308463978229,2,2,2,6,6,-1.04,-1.04,0.0,0.5,-1,1,15.091267467517282,15.109051058930303,15.113496956783559,False,False,0.0,0.0,0.7725442157947201,True,0.06162370766996604,0.0,True,8,0.0,0.0,0.0,11000,21000,Windows-AMD64-py3.14.3,self-contained local validation harness; charged-time accounting is disclosed by timing_mode
line-duel_fixed-split_seed1,no-git,2026-05-27T22:16:01,1,fixed-split,self-contained-game-ai,LineDuelEnv,1.0-local,line-duel,4,18.0,16.0,2.0,1.0,4.0,strict_delta_max,0.5,13.362291623472274,15.362291623472274,17.054100055247545,7.0717999478802085,simulated_charged,GA,3.7620290637750373,2,2,2,6,6,-1.04,-1.04,0.0,0.5,-1,1,15.31253269013453,15.352339836804726,15.362291623472274,False,False,0.0,0.0,0.7725442157947201,True,0.021487804284518713,0.0,True,8,0.0,0.0,0.0,11000,21000,Windows-AMD64-py3.14.3,self-contained local validation harness; charged-time accounting is disclosed by timing_mode
line-duel_fixed-split_seed1,no-git,2026-05-27T22:16:01,1,fixed-split,self-contained-game-ai,LineDuelEnv,1.0-local,line-duel,5,18.0,16.0,2.0,1.0,4.0,strict_delta_max,0.5,12.279986618585237,14.279986618585237,16.270500025711954,7.63449992518872,simulated_charged,RL,2.017131785699454,1,2,2,5,5,-1.04,-1.04,0.0,0.5,-1,1,15.300092956800095,15.349851890137838,15.362291623472274,False,False,0.0,0.0,0.0,False,0.0,0.0,True,7,0.0,0.0,0.0,11000,21000,Windows-AMD64-py3.14.3,self-contained local validation harness; charged-time accounting is disclosed by timing_mode
line-duel_fixed-split_seed2,no-git,2026-05-27T22:16:01,2,fixed-split,self-contained-game-ai,LineDuelEnv,1.0-local,line-duel,0,18.0,16.0,2.0,1.0,4.0,strict_delta_max,0.5,14.865499613113537,16.865499613113535,20.29040001798421,10.110300034284592,simulated_charged,RL,4.0,2,2,2,6,6,-0.0050000000000000044,-0.0050000000000000044,0.5,0.5,-1,1,16.865499613113535,16.865499613113535,16.865499613113535,False,False,0.0,0.0,0.0,False,0.0,0.0,True,8,0.0,0.0,0.0,12000,22000,Windows-AMD64-py3.14.3,self-contained local validation harness; charged-time accounting is disclosed by timing_mode
line-duel_fixed-split_seed2,no-git,2026-05-27T22:16:01,2,fixed-split,self-contained-game-ai,LineDuelEnv,1.0-local,line-duel,1,18.0,16.0,2.0,1.0,4.0,strict_delta_max,0.5,13.508000950105796,15.508000950105796,19.28609993774444,9.012999944388866,simulated_charged,RL,2.2742440826800014,2,2,2,6,6,0.025000000000000022,0.025000000000000022,0.5,0.5,-1,1,16.797624679963146,16.851924626483456,16.865499613113535,False,False,0.0,0.0,0.0,False,0.0,0.0,True,8,0.0,0.0,0.0,12000,22000,Windows-AMD64-py3.14.3,self-contained local validation harness; charged-time accounting is disclosed by timing_mode
line-duel_fixed-split_seed2,no-git,2026-05-27T22:16:01,2,fixed-split,self-contained-game-ai,LineDuelEnv,1.0-local,line-duel,2,18.0,16.0,2.0,1.0,4.0,strict_delta_max,0.5,15.014752228372695,17.014752228372693,17.858800012618303,7.902299985289574,simulated_charged,RL,4.0,2,2,2,6,6,0.025000000000000022,0.025000000000000022,0.5,0.5,-1,1,16.999826966846776,17.011767176067508,17.014752228372693,False,False,0.0,0.0,0.0,False,0.4975,0.0,True,8,0.0,0.0,0.0,12000,22000,Windows-AMD64-py3.14.3,self-contained local validation harness; charged-time accounting is disclosed by timing_mode
line-duel_fixed-split_seed2,no-git,2026-05-27T22:16:01,2,fixed-split,self-contained-game-ai,LineDuelEnv,1.0-local,line-duel,3,18.0,16.0,2.0,1.0,4.0,strict_delta_max,0.5,13.890611634289986,15.890611634289986,18.323500058613718,9.083900018595159,simulated_charged,RL,2.5106882039155964,2,2,2,6,6,0.025000000000000022,0.025000000000000022,0.5,0.5,-1,1,16.99236433608382,17.01027464991492,17.014752228372693,False,False,0.0,0.0,0.0,False,0.0,0.0,True,8,0.0,0.0,0.0,12000,22000,Windows-AMD64-py3.14.3,self-contained local validation harness; charged-time accounting is disclosed by timing_mode
line-duel_fixed-split_seed2,no-git,2026-05-27T22:16:01,2,fixed-split,self-contained-game-ai,LineDuelEnv,1.0-local,line-duel,4,18.0,16.0,2.0,1.0,4.0,strict_delta_max,0.5,12.336240306395883,14.336240306395883,17.5675000064075,8.341499837115407,simulated_charged,RL,2.9762476836110316,2,2,2,6,6,0.025000000000000022,0.025000000000000022,0.5,0.5,-1,1,16.984901705320862,17.008782123762327,17.014752228372693,False,False,0.0,0.0,0.0,False,0.020159612498111323,0.0,True,8,0.0,0.0,0.0,12000,22000,Windows-AMD64-py3.14.3,self-contained local validation harness; charged-time accounting is disclosed by timing_mode
line-duel_fixed-split_seed2,no-git,2026-05-27T22:16:01,2,fixed-split,self-contained-game-ai,LineDuelEnv,1.0-local,line-duel,5,18.0,16.0,2.0,1.0,4.0,strict_delta_max,0.5,12.027161980111611,14.027161980111611,17.584500019438565,8.540599956177175,simulated_charged,RL,2.5937969268144236,2,2,2,6,6,0.025000000000000022,0.025000000000000022,0.5,0.5,-1,1,16.977439074557903,17.007289597609734,17.014752228372693,False,False,0.0,0.0,0.0,False,0.0,0.0,True,8,0.0,0.0,0.0,12000,22000,Windows-AMD64-py3.14.3,self-contained local validation harness; charged-time accounting is disclosed by timing_mode
line-duel_round-robin_seed0,no-git,2026-05-27T22:16:01,0,round-robin,self-contained-game-ai,LineDuelEnv,1.0-local,line-duel,0,18.0,16.0,2.0,1.0,4.0,strict_delta_max,0.5,13.122664319595199,15.122664319595199,15.80719999037683,6.884200032800436,simulated_charged,PSO,2.703496397418464,2,2,1,5,5,-0.04500000000000004,-0.04500000000000004,0.5,0.5,-1,1,15.122664319595199,15.122664319595199,15.122664319595199,False,False,0.0,0.0,0.0,False,0.04239642359119411,0.0,True,6,0.0,0.0,0.0,10000,20000,Windows-AMD64-py3.14.3,self-contained local validation harness; charged-time accounting is disclosed by timing_mode
line-duel_round-robin_seed0,no-git,2026-05-27T22:16:01,0,round-robin,self-contained-game-ai,LineDuelEnv,1.0-local,line-duel,1,18.0,16.0,2.0,1.0,4.0,strict_delta_max,0.5,12.595764699578197,14.595764699578197,18.140400061383843,7.584500242955983,simulated_charged,GA,2.654586248440353,2,1,2,5,5,-0.04500000000000004,-0.04500000000000004,0.5,0.5,-1,1,15.096319338594348,15.117395323395028,15.122664319595199,False,False,0.0,0.0,0.6490609342461647,True,0.034627087082184475,0.0,True,7,0.0,0.0,0.0,10000,20000,Windows-AMD64-py3.14.3,self-contained local validation harness; charged-time accounting is disclosed by timing_mode
line-duel_round-robin_seed0,no-git,2026-05-27T22:16:01,0,round-robin,self-contained-game-ai,LineDuelEnv,1.0-local,line-duel,2,18.0,16.0,2.0,1.0,4.0,strict_delta_max,0.5,12.656416988988346,14.656416988988346,14.580900082364678,6.521699950098991,simulated_charged,RL,2.8205132788370633,1,2,2,5,5,-0.04500000000000004,-0.04500000000000004,0.5,0.5,-1,1,15.076039586534513,15.113339372983061,15.122664319595199,False,False,0.0,0.0,0.0,False,0.0,0.0,True,7,0.0,0.0,0.0,10000,20000,Windows-AMD64-py3.14.3,self-contained local validation harness; charged-time accounting is disclosed by timing_mode
line-duel_round-robin_seed0,no-git,2026-05-27T22:16:01,0,round-robin,self-contained-game-ai,LineDuelEnv,1.0-local,line-duel,3,18.0,16.0,2.0,1.0,4.0,strict_delta_max,0.5,13.443966788181303,15.443966788181303,18.479699967429042,7.732999976724386,simulated_charged,RL,2.4922441904741928,2,2,2,6,6,-0.04500000000000004,-0.04500000000000004,0.5,0.5,-1,1,15.395771417893387,15.43432771412372,15.443966788181303,False,False,0.0,0.0,0.0,False,0.0,0.0,True,8,0.0,0.0,0.0,10000,20000,Windows-AMD64-py3.14.3,self-contained local validation harness; charged-time accounting is disclosed by timing_mode
line-duel_round-robin_seed0,no-git,2026-05-27T22:16:01,0,round-robin,self-contained-game-ai,LineDuelEnv,1.0-local,line-duel,4,18.0,16.0,2.0,1.0,4.0,strict_delta_max,0.5,14.392894012636612,16.39289401263661,24.320799973793328,10.942800086922944,simulated_charged,PSO,2.9397033454976556,3,3,2,8,8,-0.04500000000000004,-0.04500000000000004,0.5,0.5,-1,1,16.20310856774555,16.354936923658396,16.39289401263661,False,False,0.0,0.0,0.0,False,0.03158555187092455,0.0,True,10,0.0,0.0,0.0,10000,20000,Windows-AMD64-py3.14.3,self-contained local validation harness; charged-time accounting is disclosed by timing_mode
line-duel_round-robin_seed0,no-git,2026-05-27T22:16:01,0,round-robin,self-contained-game-ai,LineDuelEnv,1.0-local,line-duel,5,18.0,16.0,2.0,1.0,4.0,strict_delta_max,0.5,12.130588272068149,14.130588272068149,19.092799979262054,8.278800058178604,simulated_charged,PSO,1.7269256370131338,2,2,2,6,6,-0.04500000000000004,-0.04500000000000004,0.5,0.5,-1,1,16.155662206522784,16.345447651413846,16.39289401263661,False,False,0.0,0.0,0.0,False,0.045035460323613996,0.0,True,8,0.0,0.0,0.0,10000,20000,Windows-AMD64-py3.14.3,self-contained local validation harness; charged-time accounting is disclosed by timing_mode
line-duel_round-robin_seed1,no-git,2026-05-27T22:16:01,1,round-robin,self-contained-game-ai,LineDuelEnv,1.0-local,line-duel,0,18.0,16.0,2.0,1.0,4.0,strict_delta_max,0.5,12.767876716457113,14.767876716457113,17.687799991108477,8.024800103157759,simulated_charged,PSO,1.9404049006445716,2,2,1,5,5,-1.04,-1.04,0.0,0.5,-1,1,14.767876716457113,14.767876716457113,14.767876716457113,False,False,0.0,0.0,0.0,False,0.03887761957055909,0.0,True,6,0.0,0.0,0.0,11000,21000,Windows-AMD64-py3.14.3,self-contained local validation harness; charged-time accounting is disclosed by timing_mode
line-duel_round-robin_seed1,no-git,2026-05-27T22:16:01,1,round-robin,self-contained-game-ai,LineDuelEnv,1.0-local,line-duel,1,18.0,16.0,2.0,1.0,4.0,strict_delta_max,0.5,12.965300361675043,14.965300361675043,20.225999993272126,7.868800195865333,simulated_charged,GA,3.2810987394175073,2,1,2,5,5,-1.04,-1.04,0.0,0.5,-1,1,14.955429179414146,14.963326125222864,14.965300361675043,False,False,0.0,0.0,0.7772472685794287,True,0.029940224248226906,0.0,True,7,0.0,0.0,0.0,11000,21000,Windows-AMD64-py3.14.3,self-contained local validation harness; charged-time accounting is disclosed by timing_mode
line-duel_round-robin_seed1,no-git,2026-05-27T22:16:01,1,round-robin,self-contained-game-ai,LineDuelEnv,1.0-local,line-duel,2,18.0,16.0,2.0,1.0,4.0,strict_delta_max,0.5,13.113496956783559,15.113496956783559,22.189600043930113,9.900899836793542,simulated_charged,GA,2.523233103732615,2,2,2,6,6,-1.04,-1.04,0.0,0.5,-1,1,15.098677297272706,15.110533024881388,15.113496956783559,False,False,0.0,0.0,0.7725442157947201,True,0.022152318185992094,0.0,True,8,0.0,0.0,0.0,11000,21000,Windows-AMD64-py3.14.3,self-contained local validation harness; charged-time accounting is disclosed by timing_mode
line-duel_round-robin_seed1,no-git,2026-05-27T22:16:01,1,round-robin,self-contained-game-ai,LineDuelEnv,1.0-local,line-duel,3,18.0,16.0,2.0,1.0,4.0,strict_delta_max,0.5,12.514820982753086,14.514820982753086,21.890299976803362,9.251000126823783,simulated_charged,GA,1.5005308463978229,2,2,2,6,6,-1.04,-1.04,0.0,0.5,-1,1,15.091267467517282,15.109051058930303,15.113496956783559,False,False,0.0,0.0,0.7725442157947201,True,0.06162370766996604,0.0,True,8,0.0,0.0,0.0,11000,21000,Windows-AMD64-py3.14.3,self-contained local validation harness; charged-time accounting is disclosed by timing_mode
line-duel_round-robin_seed1,no-git,2026-05-27T22:16:01,1,round-robin,self-contained-game-ai,LineDuelEnv,1.0-local,line-duel,4,18.0,16.0,2.0,1.0,4.0,strict_delta_max,0.5,13.362291623472274,15.362291623472274,20.97660000436008,9.42799961194396,simulated_charged,GA,3.7620290637750373,2,2,2,6,6,-1.04,-1.04,0.0,0.5,-1,1,15.31253269013453,15.352339836804726,15.362291623472274,False,False,0.0,0.0,0.7725442157947201,True,0.021487804284518713,0.0,True,8,0.0,0.0,0.0,11000,21000,Windows-AMD64-py3.14.3,self-contained local validation harness; charged-time accounting is disclosed by timing_mode
line-duel_round-robin_seed1,no-git,2026-05-27T22:16:01,1,round-robin,self-contained-game-ai,LineDuelEnv,1.0-local,line-duel,5,18.0,16.0,2.0,1.0,4.0,strict_delta_max,0.5,12.279986618585237,14.279986618585237,16.83819992467761,7.981100119650364,simulated_charged,RL,2.017131785699454,1,2,2,5,5,-1.04,-1.04,0.0,0.5,-1,1,15.300092956800095,15.349851890137838,15.362291623472274,False,False,0.0,0.0,0.0,False,0.0,0.0,True,7,0.0,0.0,0.0,11000,21000,Windows-AMD64-py3.14.3,self-contained local validation harness; charged-time accounting is disclosed by timing_mode
line-duel_round-robin_seed2,no-git,2026-05-27T22:16:01,2,round-robin,self-contained-game-ai,LineDuelEnv,1.0-local,line-duel,0,18.0,16.0,2.0,1.0,4.0,strict_delta_max,0.5,14.865499613113537,16.865499613113535,13.25750001706183,6.811500061303377,simulated_charged,RL,4.0,2,2,2,6,6,-0.0050000000000000044,-0.0050000000000000044,0.5,0.5,-1,1,16.865499613113535,16.865499613113535,16.865499613113535,False,False,0.0,0.0,0.0,False,0.0,0.0,True,8,0.0,0.0,0.0,12000,22000,Windows-AMD64-py3.14.3,self-contained local validation harness; charged-time accounting is disclosed by timing_mode
line-duel_round-robin_seed2,no-git,2026-05-27T22:16:01,2,round-robin,self-contained-game-ai,LineDuelEnv,1.0-local,line-duel,1,18.0,16.0,2.0,1.0,4.0,strict_delta_max,0.5,13.508000950105796,15.508000950105796,12.505899998359382,5.998899810947478,simulated_charged,RL,2.2742440826800014,2,2,2,6,6,0.025000000000000022,0.025000000000000022,0.5,0.5,-1,1,16.797624679963146,16.851924626483456,16.865499613113535,False,False,0.0,0.0,0.0,False,0.0,0.0,True,8,0.0,0.0,0.0,12000,22000,Windows-AMD64-py3.14.3,self-contained local validation harness; charged-time accounting is disclosed by timing_mode
line-duel_round-robin_seed2,no-git,2026-05-27T22:16:01,2,round-robin,self-contained-game-ai,LineDuelEnv,1.0-local,line-duel,2,18.0,16.0,2.0,1.0,4.0,strict_delta_max,0.5,15.014752228372695,17.014752228372693,11.118800030089915,5.162799963727593,simulated_charged,RL,4.0,2,2,2,6,6,0.025000000000000022,0.025000000000000022,0.5,0.5,-1,1,16.999826966846776,17.011767176067508,17.014752228372693,False,False,0.0,0.0,0.0,False,0.4975,0.0,True,8,0.0,0.0,0.0,12000,22000,Windows-AMD64-py3.14.3,self-contained local validation harness; charged-time accounting is disclosed by timing_mode
line-duel_round-robin_seed2,no-git,2026-05-27T22:16:01,2,round-robin,self-contained-game-ai,LineDuelEnv,1.0-local,line-duel,3,18.0,16.0,2.0,1.0,4.0,strict_delta_max,0.5,13.890611634289986,15.890611634289986,10.857000015676022,5.148500087670982,simulated_charged,RL,2.5106882039155964,2,2,2,6,6,0.025000000000000022,0.025000000000000022,0.5,0.5,-1,1,16.99236433608382,17.01027464991492,17.014752228372693,False,False,0.0,0.0,0.0,False,0.0,0.0,True,8,0.0,0.0,0.0,12000,22000,Windows-AMD64-py3.14.3,self-contained local validation harness; charged-time accounting is disclosed by timing_mode
line-duel_round-robin_seed2,no-git,2026-05-27T22:16:01,2,round-robin,self-contained-game-ai,LineDuelEnv,1.0-local,line-duel,4,18.0,16.0,2.0,1.0,4.0,strict_delta_max,0.5,12.336240306395883,14.336240306395883,10.671500000171363,4.97359992004931,simulated_charged,RL,2.9762476836110316,2,2,2,6,6,0.025000000000000022,0.025000000000000022,0.5,0.5,-1,1,16.984901705320862,17.008782123762327,17.014752228372693,False,False,0.0,0.0,0.0,False,0.020159612498111323,0.0,True,8,0.0,0.0,0.0,12000,22000,Windows-AMD64-py3.14.3,self-contained local validation harness; charged-time accounting is disclosed by timing_mode
line-duel_round-robin_seed2,no-git,2026-05-27T22:16:01,2,round-robin,self-contained-game-ai,LineDuelEnv,1.0-local,line-duel,5,18.0,16.0,2.0,1.0,4.0,strict_delta_max,0.5,12.027161980111611,14.027161980111611,16.2754999473691,7.524700136855245,simulated_charged,RL,2.5937969268144236,2,2,2,6,6,0.025000000000000022,0.025000000000000022,0.5,0.5,-1,1,16.977439074557903,17.007289597609734,17.014752228372693,False,False,0.0,0.0,0.0,False,0.0,0.0,True,8,0.0,0.0,0.0,12000,22000,Windows-AMD64-py3.14.3,self-contained local validation harness; charged-time accounting is disclosed by timing_mode
line-duel_greedy-improvement_seed0,no-git,2026-05-27T22:16:02,0,greedy-improvement,self-contained-game-ai,LineDuelEnv,1.0-local,line-duel,0,18.0,16.0,2.0,1.0,4.0,strict_delta_max,0.5,13.503892846515695,15.503892846515695,21.819799905642867,7.625999976880848,simulated_charged,GA,2.937698729694839,5,0,0,5,5,-1.0350000000000001,-1.0350000000000001,0.0,0.5,-1,1,15.503892846515695,15.503892846515695,15.503892846515695,False,False,0.0,0.0,0.6989703687729832,True,0.038251989956807654,0.0,True,5,0.0,0.0,0.0,10000,20000,Windows-AMD64-py3.14.3,self-contained local validation harness; charged-time accounting is disclosed by timing_mode
line-duel_greedy-improvement_seed0,no-git,2026-05-27T22:16:02,0,greedy-improvement,self-contained-game-ai,LineDuelEnv,1.0-local,line-duel,1,18.0,16.0,2.0,1.0,4.0,strict_delta_max,0.5,14.472283815194263,16.472283815194263,20.64200001768768,6.822600029408932,simulated_charged,GA,3.719590782306286,5,0,0,5,5,0.015000000000000013,0.015000000000000013,0.5,0.5,-1,1,16.423864266760337,16.462599905507478,16.472283815194263,False,False,0.0,0.0,0.6111318557515489,True,0.02934947749294064,0.0,True,5,0.0,0.0,0.0,10000,20000,Windows-AMD64-py3.14.3,self-contained local validation harness; charged-time accounting is disclosed by timing_mode
line-duel_greedy-improvement_seed0,no-git,2026-05-27T22:16:02,0,greedy-improvement,self-contained-game-ai,LineDuelEnv,1.0-local,line-duel,2,18.0,16.0,2.0,1.0,4.0,strict_delta_max,0.5,13.189315981103995,15.189315981103995,28.07650004979223,9.199300198815763,simulated_charged,GA,1.5887227229157082,7,0,0,7,7,0.015000000000000013,0.015000000000000013,0.5,0.5,-1,1,16.375444718326406,16.452915995820693,16.472283815194263,False,False,0.0,0.0,0.6487426136929986,True,0.05673500467921454,0.0,True,7,0.0,0.0,0.0,10000,20000,Windows-AMD64-py3.14.3,self-contained local validation harness; charged-time accounting is disclosed by timing_mode
line-duel_greedy-improvement_seed0,no-git,2026-05-27T22:16:02,0,greedy-improvement,self-contained-game-ai,LineDuelEnv,1.0-local,line-duel,3,18.0,16.0,2.0,1.0,4.0,strict_delta_max,0.5,14.321210183784055,16.321210183784054,21.62839996162802,6.334399920888245,simulated_charged,GA,2.3562853015965253,5,0,0,5,5,0.015000000000000013,0.015000000000000013,0.5,0.5,-1,1,16.449622770482733,16.467751606251955,16.472283815194263,False,False,0.0,0.0,0.5287794361718773,True,0.048083416177672804,0.0,True,5,0.0,0.0,0.0,10000,20000,Windows-AMD64-py3.14.3,self-contained local validation harness; charged-time accounting is disclosed by timing_mode
line-duel_greedy-improvement_seed0,no-git,2026-05-27T22:16:02,0,greedy-improvement,self-contained-game-ai,LineDuelEnv,1.0-local,line-duel,4,18.0,16.0,2.0,1.0,4.0,strict_delta_max,0.5,15.147990072320834,17.147990072320834,19.797999993897974,5.477000144310296,simulated_charged,GA,3.494543522843922,5,0,0,5,5,0.015000000000000013,0.015000000000000013,0.5,0.5,-1,1,17.01284882089552,17.12096182203577,17.147990072320834,False,False,0.0,0.0,0.46888634094355536,True,0.02090554337673835,0.0,True,5,0.0,0.0,0.0,10000,20000,Windows-AMD64-py3.14.3,self-contained local validation harness; charged-time accounting is disclosed by timing_mode
line-duel_greedy-improvement_seed0,no-git,2026-05-27T22:16:02,0,greedy-improvement,self-contained-game-ai,LineDuelEnv,1.0-local,line-duel,5,18.0,16.0,2.0,1.0,4.0,strict_delta_max,0.5,12.064550301472588,14.064550301472588,16.511599998921156,4.552100086584687,simulated_charged,GA,3.946364865848617,4,0,0,4,4,0.015000000000000013,0.015000000000000013,0.5,0.5,-1,1,16.97906350803919,17.114204759464506,17.147990072320834,False,False,0.0,0.0,0.46888634094355536,True,0.020269761756056912,0.0,True,4,0.0,0.0,0.0,10000,20000,Windows-AMD64-py3.14.3,self-contained local validation harness; charged-time accounting is disclosed by timing_mode
line-duel_greedy-improvement_seed1,no-git,2026-05-27T22:16:02,1,greedy-improvement,self-contained-game-ai,LineDuelEnv,1.0-local,line-duel,0,18.0,16.0,2.0,1.0,4.0,strict_delta_max,0.5,14.224008104543856,16.224008104543856,22.1841000020504,7.957999827340245,simulated_charged,GA,2.2352911094680827,5,0,0,5,5,-1.04,-1.04,0.0,0.5,-1,1,16.224008104543856,16.224008104543856,16.224008104543856,False,False,0.0,0.0,0.8212819453590211,True,0.04351751902763511,0.0,True,5,0.0,0.0,0.0,11000,21000,Windows-AMD64-py3.14.3,self-contained local validation harness; charged-time accounting is disclosed by timing_mode
line-duel_greedy-improvement_seed1,no-git,2026-05-27T22:16:02,1,greedy-improvement,self-contained-game-ai,LineDuelEnv,1.0-local,line-duel,1,18.0,16.0,2.0,1.0,4.0,strict_delta_max,0.5,12.485245910266535,14.485245910266535,18.23239994700998,6.501499912701547,simulated_charged,GA,3.880593776600343,4,0,0,4,4,-1.04,-1.04,0.0,0.5,-1,1,16.13706999482999,16.206620482601082,16.224008104543856,False,False,0.0,0.0,0.7947423919546869,True,0.030370586676992665,0.0,True,4,0.0,0.0,0.0,11000,21000,Windows-AMD64-py3.14.3,self-contained local validation harness; charged-time accounting is disclosed by timing_mode
line-duel_greedy-improvement_seed1,no-git,2026-05-27T22:16:02,1,greedy-improvement,self-contained-game-ai,LineDuelEnv,1.0-local,line-duel,2,18.0,16.0,2.0,1.0,4.0,strict_delta_max,0.5,15.067823018327008,17.067823018327008,21.945100044831634,7.540999911725521,simulated_charged,GA,3.950715051081146,5,0,0,5,5,-1.04,-1.04,0.0,0.5,-1,1,16.983441526948692,17.050946720051346,17.067823018327008,False,False,0.0,0.0,0.7947423919546869,True,0.0262265439624122,0.0,True,5,0.0,0.0,0.0,11000,21000,Windows-AMD64-py3.14.3,self-contained local validation harness; charged-time accounting is disclosed by timing_mode
line-duel_greedy-improvement_seed1,no-git,2026-05-27T22:16:02,1,greedy-improvement,self-contained-game-ai,LineDuelEnv,1.0-local,line-duel,3,18.0,16.0,2.0,1.0,4.0,strict_delta_max,0.5,12.846107264642546,14.846107264642546,17.65910000540316,5.753799923695624,simulated_charged,GA,3.197161736800089,4,0,0,4,4,-1.04,-1.04,0.0,0.5,-1,1,16.941250781259534,17.042508570913512,17.067823018327008,False,False,0.0,0.0,0.7947423919546869,True,0.03547040198996498,0.0,True,4,0.0,0.0,0.0,11000,21000,Windows-AMD64-py3.14.3,self-contained local validation harness; charged-time accounting is disclosed by timing_mode
line-duel_greedy-improvement_seed1,no-git,2026-05-27T22:16:02,1,greedy-improvement,self-contained-game-ai,LineDuelEnv,1.0-local,line-duel,4,18.0,16.0,2.0,1.0,4.0,strict_delta_max,0.5,13.388035889089014,15.388035889089014,22.592800087295473,7.67739990260452,simulated_charged,GA,2.6604781389742813,5,0,0,5,5,-1.04,-1.04,0.0,0.5,-1,1,16.89906003557038,17.03407042177568,17.067823018327008,False,False,0.0,0.0,0.7947423919546869,True,0.046345279738291126,0.0,True,5,0.0,0.0,0.0,11000,21000,Windows-AMD64-py3.14.3,self-contained local validation harness; charged-time accounting is disclosed by timing_mode
line-duel_greedy-improvement_seed1,no-git,2026-05-27T22:16:02,1,greedy-improvement,self-contained-game-ai,LineDuelEnv,1.0-local,line-duel,5,18.0,16.0,2.0,1.0,4.0,strict_delta_max,0.5,12.813849387337513,14.813849387337513,22.401000023819506,7.536699995398521,simulated_charged,GA,1.0734018156637932,5,0,0,5,5,-1.025,-1.025,0.0,0.5,-1,1,16.85686928988122,17.02563227263785,17.067823018327008,False,False,0.0,0.0,0.7863103456639433,True,0.06427115370765903,0.013974263673780078,True,5,0.0,0.0,0.0,11000,21000,Windows-AMD64-py3.14.3,self-contained local validation harness; charged-time accounting is disclosed by timing_mode
line-duel_greedy-improvement_seed2,no-git,2026-05-27T22:16:02,2,greedy-improvement,self-contained-game-ai,LineDuelEnv,1.0-local,line-duel,0,18.0,16.0,2.0,1.0,4.0,strict_delta_max,0.5,14.813565653238879,16.81356565323888,25.402800063602626,8.279600064270198,simulated_charged,GA,3.131754768012165,6,0,0,6,6,-0.0050000000000000044,-0.0050000000000000044,0.5,0.5,-1,1,16.81356565323888,16.81356565323888,16.81356565323888,False,False,0.0,0.0,0.7632706403381906,True,0.026819493238345687,0.0,True,6,0.0,0.0,0.0,12000,22000,Windows-AMD64-py3.14.3,self-contained local validation harness; charged-time accounting is disclosed by timing_mode
line-duel_greedy-improvement_seed2,no-git,2026-05-27T22:16:02,2,greedy-improvement,self-contained-game-ai,LineDuelEnv,1.0-local,line-duel,1,18.0,16.0,2.0,1.0,4.0,strict_delta_max,0.5,12.531446224023863,14.531446224023863,21.23600000049919,6.996800075285137,simulated_charged,GA,2.8738047095599057,5,0,0,5,5,-0.0050000000000000044,-0.0050000000000000044,0.5,0.5,-1,1,16.699459681778126,16.79074445894673,16.81356565323888,False,False,0.0,0.0,0.6130026042811695,True,0.036537458772236193,0.0,True,5,0.0,0.0,0.0,12000,22000,Windows-AMD64-py3.14.3,self-contained local validation harness; charged-time accounting is disclosed by timing_mode
line-duel_greedy-improvement_seed2,no-git,2026-05-27T22:16:02,2,greedy-improvement,self-contained-game-ai,LineDuelEnv,1.0-local,line-duel,2,18.0,16.0,2.0,1.0,4.0,strict_delta_max,0.5,13.227665518652646,15.227665518652646,21.664599888026714,7.911400054581463,simulated_charged,GA,2.857246273792712,5,0,0,5,5,-0.0050000000000000044,-0.0050000000000000044,0.5,0.5,-1,1,16.654975639780254,16.781847650547153,16.81356565323888,False,False,0.0,0.0,0.43072124848159543,True,0.031110328116791985,0.0,True,5,0.0,0.0,0.0,12000,22000,Windows-AMD64-py3.14.3,self-contained local validation harness; charged-time accounting is disclosed by timing_mode
line-duel_greedy-improvement_seed2,no-git,2026-05-27T22:16:02,2,greedy-improvement,self-contained-game-ai,LineDuelEnv,1.0-local,line-duel,3,18.0,16.0,2.0,1.0,4.0,strict_delta_max,0.5,13.074090768368693,15.074090768368693,26.196599937975407,9.215999976731837,simulated_charged,GA,1.22695902144976,6,0,0,6,6,-0.0050000000000000044,-0.0050000000000000044,0.5,0.5,-1,1,16.575680633050943,16.76598864920129,16.81356565323888,False,False,0.0,0.0,0.4169513110045364,True,0.08717143953561432,0.0,True,6,0.0,0.0,0.0,12000,22000,Windows-AMD64-py3.14.3,self-contained local validation harness; charged-time accounting is disclosed by timing_mode
line-duel_greedy-improvement_seed2,no-git,2026-05-27T22:16:02,2,greedy-improvement,self-contained-game-ai,LineDuelEnv,1.0-local,line-duel,4,18.0,16.0,2.0,1.0,4.0,strict_delta_max,0.5,14.658848904810435,16.658848904810434,25.872299913316965,8.95319995470345,simulated_charged,GA,3.421472115284686,6,0,0,6,6,-0.0050000000000000044,-0.0050000000000000044,0.5,0.5,-1,1,16.78262230355319,16.80737698330174,16.81356565323888,False,False,0.0,0.0,0.43078802384298653,True,0.02561298384912828,0.0,True,6,0.0,0.0,0.0,12000,22000,Windows-AMD64-py3.14.3,self-contained local validation harness; charged-time accounting is disclosed by timing_mode
line-duel_greedy-improvement_seed2,no-git,2026-05-27T22:16:02,2,greedy-improvement,self-contained-game-ai,LineDuelEnv,1.0-local,line-duel,5,18.0,16.0,2.0,1.0,4.0,strict_delta_max,0.5,12.804574512296497,14.804574512296497,25.37130005657673,8.65270011126995,simulated_charged,GA,1.1555369680229948,6,0,0,6,6,-0.0050000000000000044,-0.0050000000000000044,0.5,0.5,-1,1,16.77488646613177,16.805829815817457,16.81356565323888,False,False,0.0,0.0,0.43078802384298653,True,0.06238430851907733,0.0,True,6,0.0,0.0,0.0,12000,22000,Windows-AMD64-py3.14.3,self-contained local validation harness; charged-time accounting is disclosed by timing_mode
grid-treasure_DLGPR-full_seed0,no-git,2026-05-27T22:16:02,0,DLGPR-full,self-contained-game-ai,GridTreasureEnv,1.0-local,grid-treasure,0,18.0,16.0,2.0,1.0,4.0,strict_delta_max,0.5,12.852990780594645,14.852990780594645,25.214900029823184,9.87210008315742,simulated_charged,GA,2.724682374746422,3,1,1,5,5,0.025000000000000022,0.025000000000000022,0.5,0.5,-1,1,14.852990780594645,14.852990780594645,14.852990780594645,False,False,0.0,0.0,0.866566219619511,True,0.05479972206317567,0.0,True,6,0.2704036365147563,0.1419763854618634,0.154831957665577,10000,20000,Windows-AMD64-py3.14.3,self-contained local validation harness; charged-time accounting is disclosed by timing_mode
grid-treasure_DLGPR-full_seed0,no-git,2026-05-27T22:16:02,0,DLGPR-full,self-contained-game-ai,GridTreasureEnv,1.0-local,grid-treasure,1,18.0,16.0,2.0,1.0,4.0,strict_delta_max,0.5,13.072552615553917,15.072552615553917,32.837700098752975,12.513199937529862,simulated_charged,GA,1.3597466551576876,5,1,1,7,7,0.025000000000000022,0.025000000000000022,0.5,0.5,-1,1,15.061574523805954,15.070356997204325,15.072552615553917,False,False,0.0,0.0,0.7496240834427136,True,0.13437373961066415,0.0,True,8,0.25869189384270774,0.13869794584261702,0.16924621938427847,10000,20000,Windows-AMD64-py3.14.3,self-contained local validation harness; charged-time accounting is disclosed by timing_mode
grid-treasure_DLGPR-full_seed0,no-git,2026-05-27T22:16:02,0,DLGPR-full,self-contained-game-ai,GridTreasureEnv,1.0-local,grid-treasure,2,18.0,16.0,2.0,1.0,4.0,strict_delta_max,0.5,12.720734434738924,14.720734434738924,21.649800008162856,10.560199967585504,simulated_charged,PSO,1.8898635663927343,1,2,2,5,5,0.025000000000000022,0.025000000000000022,0.5,0.5,-1,1,15.05059643205799,15.068161378854732,15.072552615553917,False,False,0.0,0.0,0.0,False,0.07540163674852672,0.0,True,7,0.09208141096852875,0.11404680140421623,0.1276087472853872,10000,20000,Windows-AMD64-py3.14.3,self-contained local validation harness; charged-time accounting is disclosed by timing_mode
grid-treasure_DLGPR-full_seed0,no-git,2026-05-27T22:16:02,0,DLGPR-full,self-contained-game-ai,GridTreasureEnv,1.0-local,grid-treasure,3,18.0,16.0,2.0,1.0,4.0,strict_delta_max,0.5,12.517648082222784,14.517648082222784,32.90910006035119,15.82510001026094,simulated_charged,RL,2.8879525361283993,1,1,4,6,6,0.025000000000000022,0.025000000000000022,0.5,0.5,-1,1,15.039618340310026,15.065965760505138,15.072552615553917,False,False,0.0,0.0,0.0,False,0.0,0.0,True,10,0.0837330193170856,0.10916822735487094,0.16387318224946942,10000,20000,Windows-AMD64-py3.14.3,self-contained local validation harness; charged-time accounting is disclosed by timing_mode
grid-treasure_DLGPR-full_seed0,no-git,2026-05-27T22:16:02,0,DLGPR-full,self-contained-game-ai,GridTreasureEnv,1.0-local,grid-treasure,4,18.0,16.0,2.0,1.0,4.0,strict_delta_max,0.5,14.58778301436762,16.58778301436762,27.321700006723404,13.84689996484667,simulated_charged,RL,3.1996301936070783,1,3,3,7,7,0.025000000000000022,0.025000000000000022,0.5,0.5,-1,1,16.28473693460488,16.52717379841507,16.58778301436762,False,False,0.0,0.0,0.0,False,0.0,0.0,True,10,0.08173005502488133,0.09265510245643716,0.08817410593746931,10000,20000,Windows-AMD64-py3.14.3,self-contained local validation harness; charged-time accounting is disclosed by timing_mode
grid-treasure_DLGPR-full_seed0,no-git,2026-05-27T22:16:02,0,DLGPR-full,self-contained-game-ai,GridTreasureEnv,1.0-local,grid-treasure,5,18.0,16.0,2.0,1.0,4.0,strict_delta_max,0.5,14.03182137423276,16.03182137423276,23.612900055013597,8.95909988321364,simulated_charged,GA,3.5747113740580776,3,1,1,5,5,0.025000000000000022,0.025000000000000022,0.5,0.5,-1,1,16.448792604333903,16.559984932360877,16.58778301436762,False,False,0.0,0.0,0.7496240834427136,True,0.03463326883691864,0.0,True,6,0.21977375594389614,0.08979375040350106,0.088238998998781,10000,20000,Windows-AMD64-py3.14.3,self-contained local validation harness; charged-time accounting is disclosed by timing_mode
grid-treasure_DLGPR-full_seed1,no-git,2026-05-27T22:16:03,1,DLGPR-full,self-contained-game-ai,GridTreasureEnv,1.0-local,grid-treasure,0,18.0,16.0,2.0,1.0,4.0,strict_delta_max,0.5,14.31561306521249,16.31561306521249,26.013599941506982,11.279999976977706,simulated_charged,GA,2.855612249299627,3,1,1,5,5,0.010000000000000009,0.010000000000000009,0.5,0.5,-1,1,16.31561306521249,16.31561306521249,16.31561306521249,False,False,0.0,0.0,0.7957040923505982,True,0.06043677339554088,0.0,True,6,0.25617934003856163,0.1419763854618634,0.15372889993475655,11000,21000,Windows-AMD64-py3.14.3,self-contained local validation harness; charged-time accounting is disclosed by timing_mode
grid-treasure_DLGPR-full_seed1,no-git,2026-05-27T22:16:03,1,DLGPR-full,self-contained-game-ai,GridTreasureEnv,1.0-local,grid-treasure,1,18.0,16.0,2.0,1.0,4.0,strict_delta_max,0.5,14.879165204742336,16.879165204742336,30.061500030569732,14.862000243738294,simulated_charged,RL,2.9091185099355004,1,2,3,6,6,0.010000000000000009,0.010000000000000009,0.5,0.5,-1,1,16.850987597765844,16.873529683347037,16.879165204742336,False,False,0.0,0.0,0.0,False,0.0,0.0,True,9,0.1112253534844818,0.11822690009070483,0.11483222962509501,11000,21000,Windows-AMD64-py3.14.3,self-contained local validation harness; charged-time accounting is disclosed by timing_mode
grid-treasure_DLGPR-full_seed1,no-git,2026-05-27T22:16:03,1,DLGPR-full,self-contained-game-ai,GridTreasureEnv,1.0-local,grid-treasure,2,18.0,16.0,2.0,1.0,4.0,strict_delta_max,0.5,14.105201423349808,16.105201423349808,25.12340003158897,10.233399807475507,simulated_charged,GA,2.269521690373412,3,1,1,5,5,0.010000000000000009,0.010000000000000009,0.5,0.5,-1,1,16.822809990789352,16.86789416195174,16.879165204742336,False,False,0.0,0.0,0.67188613022298,True,0.04705870012540879,0.0,True,6,0.2192668664287567,0.11291350693452476,0.11447425161649875,11000,21000,Windows-AMD64-py3.14.3,self-contained local validation harness; charged-time accounting is disclosed by timing_mode
grid-treasure_DLGPR-full_seed1,no-git,2026-05-27T22:16:03,1,DLGPR-full,self-contained-game-ai,GridTreasureEnv,1.0-local,grid-treasure,3,18.0,16.0,2.0,1.0,4.0,strict_delta_max,0.5,13.899514924031717,15.899514924031717,32.57340006530285,14.880899921990931,simulated_charged,RL,3.7780727607102453,1,1,4,6,6,0.010000000000000009,0.010000000000000009,0.5,0.5,-1,1,16.794632383812857,16.86225864055644,16.879165204742336,False,False,0.0,0.0,0.0,False,0.002646852147474284,0.0,True,10,0.09319902295272661,0.10843478828187157,0.09526488029523475,11000,21000,Windows-AMD64-py3.14.3,self-contained local validation harness; charged-time accounting is disclosed by timing_mode
grid-treasure_DLGPR-full_seed1,no-git,2026-05-27T22:16:03,1,DLGPR-full,self-contained-game-ai,GridTreasureEnv,1.0-local,grid-treasure,4,18.0,16.0,2.0,1.0,4.0,strict_delta_max,0.5,12.058611396997804,14.058611396997804,26.53529995586723,11.529199895448983,simulated_charged,GA,1.4339338819543688,3,1,1,5,5,0.010000000000000009,0.010000000000000009,0.5,0.5,-1,1,16.766454776836365,16.856623119161142,16.879165204742336,False,False,0.0,0.0,0.7019599414644363,True,0.09711206888063578,0.0,True,6,0.2160529977431207,0.10349230577262536,0.10425173222596373,11000,21000,Windows-AMD64-py3.14.3,self-contained local validation harness; charged-time accounting is disclosed by timing_mode
grid-treasure_DLGPR-full_seed1,no-git,2026-05-27T22:16:03,1,DLGPR-full,self-contained-game-ai,GridTreasureEnv,1.0-local,grid-treasure,5,18.0,16.0,2.0,1.0,4.0,strict_delta_max,0.5,12.778770530134617,14.778770530134617,24.124599993228912,9.691499988548458,simulated_charged,GA,3.2556676334108285,3,1,1,5,5,0.010000000000000009,0.010000000000000009,0.5,0.5,-1,1,16.738277169859874,16.850987597765844,16.879165204742336,False,False,0.0,0.0,0.6858274122616801,True,0.047888441821783576,0.0,True,6,0.2092650196171744,0.09916616114695817,0.09497793950548925,11000,21000,Windows-AMD64-py3.14.3,self-contained local validation harness; charged-time accounting is disclosed by timing_mode
grid-treasure_DLGPR-full_seed2,no-git,2026-05-27T22:16:03,2,DLGPR-full,self-contained-game-ai,GridTreasureEnv,1.0-local,grid-treasure,0,18.0,16.0,2.0,1.0,4.0,strict_delta_max,0.5,14.998266813878978,16.998266813878978,35.67869996186346,16.75519987475127,simulated_charged,GA,3.4762739439628696,4,1,1,6,6,-0.09499999999999997,-0.09499999999999997,0.5,0.5,-1,1,16.998266813878978,16.998266813878978,16.998266813878978,False,False,0.0,0.0,0.7857552850322262,True,0.03930323124540112,0.0,True,7,0.27091985820614206,0.14795772766865634,0.16185318631116688,12000,22000,Windows-AMD64-py3.14.3,self-contained local validation harness; charged-time accounting is disclosed by timing_mode
grid-treasure_DLGPR-full_seed2,no-git,2026-05-27T22:16:03,2,DLGPR-full,self-contained-game-ai,GridTreasureEnv,1.0-local,grid-treasure,1,18.0,16.0,2.0,1.0,4.0,strict_delta_max,0.5,12.954990287848252,14.954990287848252,29.572600033134222,13.089200016111135,simulated_charged,GA,1.8421526725391235,3,1,1,5,5,-0.07000000000000006,-0.07000000000000006,0.5,0.5,-1,1,16.896102987577443,16.97783404861867,16.998266813878978,False,False,0.0,0.0,0.6913675835844081,True,0.07280272837548722,0.01085686343924632,True,6,0.23362197557984393,0.13651666518564684,0.15039747204541531,12000,22000,Windows-AMD64-py3.14.3,self-contained local validation harness; charged-time accounting is disclosed by timing_mode
grid-treasure_DLGPR-full_seed2,no-git,2026-05-27T22:16:03,2,DLGPR-full,self-contained-game-ai,GridTreasureEnv,1.0-local,grid-treasure,2,18.0,16.0,2.0,1.0,4.0,strict_delta_max,0.5,13.424303128383164,15.424303128383164,38.85110002011061,19.73920001182705,simulated_charged,PSO,2.3143042624707526,1,3,3,7,7,-0.06999999999999995,-0.06999999999999995,0.5,0.5,-1,1,16.840870445329397,16.96678754016906,16.998266813878978,False,False,0.0,0.0,0.0,False,0.03414928875770809,0.0,True,10,0.09113975418995592,0.10507923758704264,0.11094036524450145,12000,22000,Windows-AMD64-py3.14.3,self-contained local validation harness; charged-time accounting is disclosed by timing_mode
grid-treasure_DLGPR-full_seed2,no-git,2026-05-27T22:16:03,2,DLGPR-full,self-contained-game-ai,GridTreasureEnv,1.0-local,grid-treasure,3,18.0,16.0,2.0,1.0,4.0,strict_delta_max,0.5,12.473596114858491,14.473596114858491,38.3428999921307,19.230800215154886,simulated_charged,PSO,2.3235989962174233,1,2,3,6,6,-0.06999999999999995,-0.06999999999999995,0.5,0.5,-1,1,16.762172261054605,16.9510479033141,16.998266813878978,False,False,0.0,0.0,0.0,False,0.008863187390786965,0.0,True,9,0.08870068207730383,0.09514771808846396,0.09402377220622557,12000,22000,Windows-AMD64-py3.14.3,self-contained local validation harness; charged-time accounting is disclosed by timing_mode
grid-treasure_DLGPR-full_seed2,no-git,2026-05-27T22:16:03,2,DLGPR-full,self-contained-game-ai,GridTreasureEnv,1.0-local,grid-treasure,4,18.0,16.0,2.0,1.0,4.0,strict_delta_max,0.5,12.236068056176958,14.236068056176958,34.30280007887632,14.729800052009523,simulated_charged,GA,1.0974817668792907,4,1,1,6,6,-0.06999999999999995,-0.06999999999999995,0.5,0.5,-1,1,16.683474076779813,16.935308266459145,16.998266813878978,False,False,0.0,0.0,0.42893268622691827,True,0.08711468302395407,0.0,True,7,0.1701477128372998,0.09265510245643716,0.10347460680857562,12000,22000,Windows-AMD64-py3.14.3,self-contained local validation harness; charged-time accounting is disclosed by timing_mode
grid-treasure_DLGPR-full_seed2,no-git,2026-05-27T22:16:03,2,DLGPR-full,self-contained-game-ai,GridTreasureEnv,1.0-local,grid-treasure,5,18.0,16.0,2.0,1.0,4.0,strict_delta_max,0.5,12.128825774328938,14.128825774328938,24.45999998599291,11.193899903446436,simulated_charged,GA,3.5481993725711005,2,1,1,4,4,-0.06999999999999995,-0.06999999999999995,0.5,0.5,-1,1,16.604775892505025,16.919568629604186,16.998266813878978,False,False,0.0,0.0,0.4115898949252074,True,0.022537532201785105,0.0,True,5,0.1345975252495582,0.08944010922595734,0.09056015367004984,12000,22000,Windows-AMD64-py3.14.3,self-contained local validation harness; charged-time accounting is disclosed by timing_mode
grid-treasure_fixed-split_seed0,no-git,2026-05-27T22:16:03,0,fixed-split,self-contained-game-ai,GridTreasureEnv,1.0-local,grid-treasure,0,18.0,16.0,2.0,1.0,4.0,strict_delta_max,0.5,13.42684480446124,15.42684480446124,20.977400010451674,10.0349000422284,simulated_charged,PSO,3.298536398613016,2,2,1,5,5,0.025000000000000022,0.025000000000000022,0.5,0.5,-1,1,15.42684480446124,15.42684480446124,15.42684480446124,False,False,0.0,0.0,0.0,False,0.037742041008579905,0.0,True,6,0.0,0.0,0.0,10000,20000,Windows-AMD64-py3.14.3,self-contained local validation harness; charged-time accounting is disclosed by timing_mode
grid-treasure_fixed-split_seed0,no-git,2026-05-27T22:16:03,0,fixed-split,self-contained-game-ai,GridTreasureEnv,1.0-local,grid-treasure,1,18.0,16.0,2.0,1.0,4.0,strict_delta_max,0.5,12.975386261585266,14.975386261585266,15.456799999810755,7.027799962088466,simulated_charged,PSO,1.588517437152293,2,2,2,6,6,0.025000000000000022,0.025000000000000022,0.5,0.5,-1,1,15.404271877317441,15.42233021903248,15.42684480446124,False,False,0.0,0.0,0.0,False,0.08334409797848809,0.0,True,8,0.0,0.0,0.0,10000,20000,Windows-AMD64-py3.14.3,self-contained local validation harness; charged-time accounting is disclosed by timing_mode
grid-treasure_fixed-split_seed0,no-git,2026-05-27T22:16:03,0,fixed-split,self-contained-game-ai,GridTreasureEnv,1.0-local,grid-treasure,2,18.0,16.0,2.0,1.0,4.0,strict_delta_max,0.5,12.588148008243122,14.588148008243122,20.49039991106838,10.1326999720186,simulated_charged,PSO,2.503447681985216,2,2,2,6,6,0.030000000000000027,0.030000000000000027,0.5,0.5,-1,1,15.381698950173643,15.41781563360372,15.42684480446124,False,False,0.0,0.0,0.0,False,0.05086813826889947,0.0,True,8,0.0,0.0,0.0,10000,20000,Windows-AMD64-py3.14.3,self-contained local validation harness; charged-time accounting is disclosed by timing_mode
grid-treasure_fixed-split_seed0,no-git,2026-05-27T22:16:03,0,fixed-split,self-contained-game-ai,GridTreasureEnv,1.0-local,grid-treasure,3,18.0,16.0,2.0,1.0,4.0,strict_delta_max,0.5,12.348875367456083,14.348875367456083,21.864900016225874,8.61260003875941,simulated_charged,GA,1.5959601187479744,2,1,2,5,5,0.030000000000000027,0.030000000000000027,0.5,0.5,-1,1,15.359126023029843,15.41330104817496,15.42684480446124,False,False,0.0,0.0,0.7157842771858526,True,0.0902195029468794,0.0,True,7,0.0,0.0,0.0,10000,20000,Windows-AMD64-py3.14.3,self-contained local validation harness; charged-time accounting is disclosed by timing_mode
grid-treasure_fixed-split_seed0,no-git,2026-05-27T22:16:03,0,fixed-split,self-contained-game-ai,GridTreasureEnv,1.0-local,grid-treasure,4,18.0,16.0,2.0,1.0,4.0,strict_delta_max,0.5,12.37890676442771,14.37890676442771,26.031999965198338,12.171000009402633,simulated_charged,GA,1.3320942750459381,2,2,2,6,6,0.030000000000000027,0.030000000000000027,0.5,0.5,-1,1,15.336553095886044,15.408786462746201,15.42684480446124,False,False,0.0,0.0,0.7157842771858526,True,0.11157714590188063,0.0,True,8,0.0,0.0,0.0,10000,20000,Windows-AMD64-py3.14.3,self-contained local validation harness; charged-time accounting is disclosed by timing_mode
grid-treasure_fixed-split_seed0,no-git,2026-05-27T22:16:03,0,fixed-split,self-contained-game-ai,GridTreasureEnv,1.0-local,grid-treasure,5,18.0,16.0,2.0,1.0,4.0,strict_delta_max,0.5,14.629754324145033,16.629754324145033,18.85500003118068,9.434600127860904,simulated_charged,RL,3.897749239844337,1,2,2,5,5,0.030000000000000027,0.030000000000000027,0.5,0.5,-1,1,16.329026944224083,16.569608848160843,16.629754324145033,False,False,0.0,0.0,0.0,False,0.04104933133317468,0.0,True,7,0.0,0.0,0.0,10000,20000,Windows-AMD64-py3.14.3,self-contained local validation harness; charged-time accounting is disclosed by timing_mode
grid-treasure_fixed-split_seed1,no-git,2026-05-27T22:16:03,1,fixed-split,self-contained-game-ai,GridTreasureEnv,1.0-local,grid-treasure,0,18.0,16.0,2.0,1.0,4.0,strict_delta_max,0.5,13.460854505025697,15.460854505025697,22.658600006252527,11.048499960452318,simulated_charged,PSO,2.0008536891128346,2,2,1,5,5,0.010000000000000009,0.010000000000000009,0.5,0.5,-1,1,15.460854505025697,15.460854505025697,15.460854505025697,False,False,0.0,0.0,0.0,False,0.051395187414308784,0.0,True,6,0.0,0.0,0.0,11000,21000,Windows-AMD64-py3.14.3,self-contained local validation harness; charged-time accounting is disclosed by timing_mode
grid-treasure_fixed-split_seed1,no-git,2026-05-27T22:16:03,1,fixed-split,self-contained-game-ai,GridTreasureEnv,1.0-local,grid-treasure,1,18.0,16.0,2.0,1.0,4.0,strict_delta_max,0.5,13.860625423436417,15.860625423436417,27.135199983604252,12.271600076928735,simulated_charged,GA,2.6446531908504545,2,1,2,5,5,0.010000000000000009,0.010000000000000009,0.5,0.5,-1,1,15.84063687751588,15.85662771425231,15.860625423436417,False,False,0.0,0.0,0.587050156845271,True,0.04917995822641878,0.0,True,7,0.0,0.0,0.0,11000,21000,Windows-AMD64-py3.14.3,self-contained local validation harness; charged-time accounting is disclosed by timing_mode
grid-treasure_fixed-split_seed1,no-git,2026-05-27T22:16:03,1,fixed-split,self-contained-game-ai,GridTreasureEnv,1.0-local,grid-treasure,2,18.0,16.0,2.0,1.0,4.0,strict_delta_max,0.5,12.669051432612667,14.669051432612667,22.17540005221963,10.332600097171962,simulated_charged,RL,1.7600278885807048,1,2,2,5,5,0.010000000000000009,0.010000000000000009,0.5,0.5,-1,1,15.820648331595345,15.852630005068203,15.860625423436417,False,False,0.0,0.0,0.0,False,0.01704518445113513,0.0,True,7,0.0,0.0,0.0,11000,21000,Windows-AMD64-py3.14.3,self-contained local validation harness; charged-time accounting is disclosed by timing_mode
grid-treasure_fixed-split_seed1,no-git,2026-05-27T22:16:03,1,fixed-split,self-contained-game-ai,GridTreasureEnv,1.0-local,grid-treasure,3,18.0,16.0,2.0,1.0,4.0,strict_delta_max,0.5,13.208681189475788,15.208681189475788,24.02430004440248,11.720599955879152,simulated_charged,PSO,3.0831472135316935,2,2,1,5,5,0.010000000000000009,0.010000000000000009,0.5,0.5,-1,1,15.800659785674808,15.848632295884096,15.860625423436417,False,False,0.0,0.0,0.0,False,0.04939743163120048,0.0,True,6,0.0,0.0,0.0,11000,21000,Windows-AMD64-py3.14.3,self-contained local validation harness; charged-time accounting is disclosed by timing_mode
grid-treasure_fixed-split_seed1,no-git,2026-05-27T22:16:03,1,fixed-split,self-contained-game-ai,GridTreasureEnv,1.0-local,grid-treasure,4,18.0,16.0,2.0,1.0,4.0,strict_delta_max,0.5,12.244897840602338,14.244897840602338,23.471000022254884,10.212800116278231,simulated_charged,RL,3.6174844740033185,1,1,2,4,4,0.010000000000000009,0.010000000000000009,0.5,0.5,-1,1,15.780671239754273,15.84463458669999,15.860625423436417,False,False,0.0,0.0,0.0,False,0.0,0.0,True,6,0.0,0.0,0.0,11000,21000,Windows-AMD64-py3.14.3,self-contained local validation harness; charged-time accounting is disclosed by timing_mode
grid-treasure_fixed-split_seed1,no-git,2026-05-27T22:16:03,1,fixed-split,self-contained-game-ai,GridTreasureEnv,1.0-local,grid-treasure,5,18.0,16.0,2.0,1.0,4.0,strict_delta_max,0.5,14.346436347403612,16.34643634740361,22.48499996494502,11.005600215867162,simulated_charged,PSO,2.7306178130860688,2,2,1,5,5,0.010000000000000009,0.010000000000000009,0.5,0.5,-1,1,16.224983616411812,16.322145801205252,16.34643634740361,False,False,0.0,0.0,0.0,False,0.05362138034953934,0.0,True,6,0.0,0.0,0.0,11000,21000,Windows-AMD64-py3.14.3,self-contained local validation harness; charged-time accounting is disclosed by timing_mode
grid-treasure_fixed-split_seed2,no-git,2026-05-27T22:16:04,2,fixed-split,self-contained-game-ai,GridTreasureEnv,1.0-local,grid-treasure,0,18.0,16.0,2.0,1.0,4.0,strict_delta_max,0.5,12.523197983355619,14.523197983355619,26.333500049076974,13.63100006710738,simulated_charged,PSO,2.2659582207028057,2,2,1,5,5,-0.09499999999999997,-0.09499999999999997,0.5,0.5,-1,1,14.523197983355619,14.523197983355619,14.523197983355619,False,False,0.0,0.0,0.0,False,0.05362958242575609,0.0,True,6,0.0,0.0,0.0,12000,22000,Windows-AMD64-py3.14.3,self-contained local validation harness; charged-time accounting is disclosed by timing_mode
grid-treasure_fixed-split_seed2,no-git,2026-05-27T22:16:04,2,fixed-split,self-contained-game-ai,GridTreasureEnv,1.0-local,grid-treasure,1,18.0,16.0,2.0,1.0,4.0,strict_delta_max,0.5,12.754029698171205,14.754029698171205,24.988300050608814,11.489900178276002,simulated_charged,RL,4.0,1,1,2,4,4,-0.06999999999999995,-0.06999999999999995,0.5,0.5,-1,1,14.742488112430426,14.75172138102305,14.754029698171205,False,False,0.0,0.0,0.0,False,0.03250000000000003,0.0,True,6,0.0,0.0,0.0,12000,22000,Windows-AMD64-py3.14.3,self-contained local validation harness; charged-time accounting is disclosed by timing_mode
grid-treasure_fixed-split_seed2,no-git,2026-05-27T22:16:04,2,fixed-split,self-contained-game-ai,GridTreasureEnv,1.0-local,grid-treasure,2,18.0,16.0,2.0,1.0,4.0,strict_delta_max,0.5,14.773906890448401,16.7739068904484,36.43400000873953,15.722799929790199,simulated_charged,GA,3.0313871446115948,3,2,2,7,7,-0.06999999999999995,-0.06999999999999995,0.5,0.5,-1,1,16.57191917122068,16.733509346602858,16.7739068904484,False,False,0.0,0.0,0.7668710046910088,True,0.04993383289702889,0.0,True,9,0.0,0.0,0.0,12000,22000,Windows-AMD64-py3.14.3,self-contained local validation harness; charged-time accounting is disclosed by timing_mode
grid-treasure_fixed-split_seed2,no-git,2026-05-27T22:16:04,2,fixed-split,self-contained-game-ai,GridTreasureEnv,1.0-local,grid-treasure,3,18.0,16.0,2.0,1.0,4.0,strict_delta_max,0.5,14.936430316328607,16.936430316328607,43.0292000528425,21.713699912652373,simulated_charged,RL,2.97630746280092,2,3,3,8,8,-0.06999999999999995,-0.06999999999999995,0.5,0.5,-1,1,16.912051802446577,16.9315546135522,16.936430316328607,False,False,0.0,0.0,0.0,False,0.036958547251862935,0.0,True,11,0.0,0.0,0.0,12000,22000,Windows-AMD64-py3.14.3,self-contained local validation harness; charged-time accounting is disclosed by timing_mode
grid-treasure_fixed-split_seed2,no-git,2026-05-27T22:16:04,2,fixed-split,self-contained-game-ai,GridTreasureEnv,1.0-local,grid-treasure,4,18.0,16.0,2.0,1.0,4.0,strict_delta_max,0.5,12.333758653421958,14.333758653421958,24.689899990335107,12.273999862372875,simulated_charged,PSO,1.3934486104922021,2,2,1,5,5,-0.06999999999999995,-0.06999999999999995,0.5,0.5,-1,1,16.903925631152568,16.929929379293398,16.936430316328607,False,False,0.0,0.0,0.0,False,0.06709094899247027,0.0,True,6,0.0,0.0,0.0,12000,22000,Windows-AMD64-py3.14.3,self-contained local validation harness; charged-time accounting is disclosed by timing_mode
grid-treasure_fixed-split_seed2,no-git,2026-05-27T22:16:04,2,fixed-split,self-contained-game-ai,GridTreasureEnv,1.0-local,grid-treasure,5,18.0,16.0,2.0,1.0,4.0,strict_delta_max,0.5,14.735524392556346,16.735524392556346,39.177099941298366,18.493999959900975,simulated_charged,RL,3.037994776016133,2,2,3,7,7,-0.06999999999999995,-0.06999999999999995,0.5,0.5,-1,1,16.895799459858555,16.9283041450346,16.936430316328607,False,False,0.0,0.0,0.0,False,0.0,0.0,True,10,0.0,0.0,0.0,12000,22000,Windows-AMD64-py3.14.3,self-contained local validation harness; charged-time accounting is disclosed by timing_mode
grid-treasure_round-robin_seed0,no-git,2026-05-27T22:16:04,0,round-robin,self-contained-game-ai,GridTreasureEnv,1.0-local,grid-treasure,0,18.0,16.0,2.0,1.0,4.0,strict_delta_max,0.5,13.42684480446124,15.42684480446124,22.554100025445223,11.093600071035326,simulated_charged,PSO,3.298536398613016,2,2,1,5,5,0.025000000000000022,0.025000000000000022,0.5,0.5,-1,1,15.42684480446124,15.42684480446124,15.42684480446124,False,False,0.0,0.0,0.0,False,0.037742041008579905,0.0,True,6,0.0,0.0,0.0,10000,20000,Windows-AMD64-py3.14.3,self-contained local validation harness; charged-time accounting is disclosed by timing_mode
grid-treasure_round-robin_seed0,no-git,2026-05-27T22:16:04,0,round-robin,self-contained-game-ai,GridTreasureEnv,1.0-local,grid-treasure,1,18.0,16.0,2.0,1.0,4.0,strict_delta_max,0.5,12.975386261585266,14.975386261585266,25.580300018191338,11.670300038531423,simulated_charged,PSO,1.588517437152293,2,2,2,6,6,0.025000000000000022,0.025000000000000022,0.5,0.5,-1,1,15.404271877317441,15.42233021903248,15.42684480446124,False,False,0.0,0.0,0.0,False,0.08334409797848809,0.0,True,8,0.0,0.0,0.0,10000,20000,Windows-AMD64-py3.14.3,self-contained local validation harness; charged-time accounting is disclosed by timing_mode
grid-treasure_round-robin_seed0,no-git,2026-05-27T22:16:04,0,round-robin,self-contained-game-ai,GridTreasureEnv,1.0-local,grid-treasure,2,18.0,16.0,2.0,1.0,4.0,strict_delta_max,0.5,12.588148008243122,14.588148008243122,22.879599942825735,11.741200112737715,simulated_charged,PSO,2.503447681985216,2,2,2,6,6,0.030000000000000027,0.030000000000000027,0.5,0.5,-1,1,15.381698950173643,15.41781563360372,15.42684480446124,False,False,0.0,0.0,0.0,False,0.05086813826889947,0.0,True,8,0.0,0.0,0.0,10000,20000,Windows-AMD64-py3.14.3,self-contained local validation harness; charged-time accounting is disclosed by timing_mode
grid-treasure_round-robin_seed0,no-git,2026-05-27T22:16:04,0,round-robin,self-contained-game-ai,GridTreasureEnv,1.0-local,grid-treasure,3,18.0,16.0,2.0,1.0,4.0,strict_delta_max,0.5,12.348875367456083,14.348875367456083,21.907599992118776,8.73649981804192,simulated_charged,GA,1.5959601187479744,2,1,2,5,5,0.030000000000000027,0.030000000000000027,0.5,0.5,-1,1,15.359126023029843,15.41330104817496,15.42684480446124,False,False,0.0,0.0,0.7157842771858526,True,0.0902195029468794,0.0,True,7,0.0,0.0,0.0,10000,20000,Windows-AMD64-py3.14.3,self-contained local validation harness; charged-time accounting is disclosed by timing_mode
grid-treasure_round-robin_seed0,no-git,2026-05-27T22:16:04,0,round-robin,self-contained-game-ai,GridTreasureEnv,1.0-local,grid-treasure,4,18.0,16.0,2.0,1.0,4.0,strict_delta_max,0.5,12.37890676442771,14.37890676442771,24.99780000653118,11.815099860541523,simulated_charged,GA,1.3320942750459381,2,2,2,6,6,0.030000000000000027,0.030000000000000027,0.5,0.5,-1,1,15.336553095886044,15.408786462746201,15.42684480446124,False,False,0.0,0.0,0.7157842771858526,True,0.11157714590188063,0.0,True,8,0.0,0.0,0.0,10000,20000,Windows-AMD64-py3.14.3,self-contained local validation harness; charged-time accounting is disclosed by timing_mode
grid-treasure_round-robin_seed0,no-git,2026-05-27T22:16:04,0,round-robin,self-contained-game-ai,GridTreasureEnv,1.0-local,grid-treasure,5,18.0,16.0,2.0,1.0,4.0,strict_delta_max,0.5,14.629754324145033,16.629754324145033,18.79130001179874,9.2990001430735,simulated_charged,RL,3.897749239844337,1,2,2,5,5,0.030000000000000027,0.030000000000000027,0.5,0.5,-1,1,16.329026944224083,16.569608848160843,16.629754324145033,False,False,0.0,0.0,0.0,False,0.04104933133317468,0.0,True,7,0.0,0.0,0.0,10000,20000,Windows-AMD64-py3.14.3,self-contained local validation harness; charged-time accounting is disclosed by timing_mode
grid-treasure_round-robin_seed1,no-git,2026-05-27T22:16:04,1,round-robin,self-contained-game-ai,GridTreasureEnv,1.0-local,grid-treasure,0,18.0,16.0,2.0,1.0,4.0,strict_delta_max,0.5,13.460854505025697,15.460854505025697,22.392600076273084,11.275300057604909,simulated_charged,PSO,2.0008536891128346,2,2,1,5,5,0.010000000000000009,0.010000000000000009,0.5,0.5,-1,1,15.460854505025697,15.460854505025697,15.460854505025697,False,False,0.0,0.0,0.0,False,0.051395187414308784,0.0,True,6,0.0,0.0,0.0,11000,21000,Windows-AMD64-py3.14.3,self-contained local validation harness; charged-time accounting is disclosed by timing_mode
grid-treasure_round-robin_seed1,no-git,2026-05-27T22:16:04,1,round-robin,self-contained-game-ai,GridTreasureEnv,1.0-local,grid-treasure,1,18.0,16.0,2.0,1.0,4.0,strict_delta_max,0.5,13.860625423436417,15.860625423436417,27.288799989037216,12.017599889077246,simulated_charged,GA,2.6446531908504545,2,1,2,5,5,0.010000000000000009,0.010000000000000009,0.5,0.5,-1,1,15.84063687751588,15.85662771425231,15.860625423436417,False,False,0.0,0.0,0.587050156845271,True,0.04917995822641878,0.0,True,7,0.0,0.0,0.0,11000,21000,Windows-AMD64-py3.14.3,self-contained local validation harness; charged-time accounting is disclosed by timing_mode
grid-treasure_round-robin_seed1,no-git,2026-05-27T22:16:04,1,round-robin,self-contained-game-ai,GridTreasureEnv,1.0-local,grid-treasure,2,18.0,16.0,2.0,1.0,4.0,strict_delta_max,0.5,12.669051432612667,14.669051432612667,25.894199963659048,12.462900136597455,simulated_charged,RL,1.7600278885807048,1,2,2,5,5,0.010000000000000009,0.010000000000000009,0.5,0.5,-1,1,15.820648331595345,15.852630005068203,15.860625423436417,False,False,0.0,0.0,0.0,False,0.01704518445113513,0.0,True,7,0.0,0.0,0.0,11000,21000,Windows-AMD64-py3.14.3,self-contained local validation harness; charged-time accounting is disclosed by timing_mode
grid-treasure_round-robin_seed1,no-git,2026-05-27T22:16:04,1,round-robin,self-contained-game-ai,GridTreasureEnv,1.0-local,grid-treasure,3,18.0,16.0,2.0,1.0,4.0,strict_delta_max,0.5,13.208681189475788,15.208681189475788,24.89049988798797,11.037899879738688,simulated_charged,PSO,3.0831472135316935,2,2,1,5,5,0.010000000000000009,0.010000000000000009,0.5,0.5,-1,1,15.800659785674808,15.848632295884096,15.860625423436417,False,False,0.0,0.0,0.0,False,0.04939743163120048,0.0,True,6,0.0,0.0,0.0,11000,21000,Windows-AMD64-py3.14.3,self-contained local validation harness; charged-time accounting is disclosed by timing_mode
grid-treasure_round-robin_seed1,no-git,2026-05-27T22:16:04,1,round-robin,self-contained-game-ai,GridTreasureEnv,1.0-local,grid-treasure,4,18.0,16.0,2.0,1.0,4.0,strict_delta_max,0.5,12.244897840602338,14.244897840602338,21.468899911269546,9.291199967265129,simulated_charged,RL,3.6174844740033185,1,1,2,4,4,0.010000000000000009,0.010000000000000009,0.5,0.5,-1,1,15.780671239754273,15.84463458669999,15.860625423436417,False,False,0.0,0.0,0.0,False,0.0,0.0,True,6,0.0,0.0,0.0,11000,21000,Windows-AMD64-py3.14.3,self-contained local validation harness; charged-time accounting is disclosed by timing_mode
grid-treasure_round-robin_seed1,no-git,2026-05-27T22:16:04,1,round-robin,self-contained-game-ai,GridTreasureEnv,1.0-local,grid-treasure,5,18.0,16.0,2.0,1.0,4.0,strict_delta_max,0.5,14.346436347403612,16.34643634740361,21.54669992160052,9.788400027900934,simulated_charged,PSO,2.7306178130860688,2,2,1,5,5,0.010000000000000009,0.010000000000000009,0.5,0.5,-1,1,16.224983616411812,16.322145801205252,16.34643634740361,False,False,0.0,0.0,0.0,False,0.05362138034953934,0.0,True,6,0.0,0.0,0.0,11000,21000,Windows-AMD64-py3.14.3,self-contained local validation harness; charged-time accounting is disclosed by timing_mode
grid-treasure_round-robin_seed2,no-git,2026-05-27T22:16:04,2,round-robin,self-contained-game-ai,GridTreasureEnv,1.0-local,grid-treasure,0,18.0,16.0,2.0,1.0,4.0,strict_delta_max,0.5,12.523197983355619,14.523197983355619,25.45679989270866,13.290399918332696,simulated_charged,PSO,2.2659582207028057,2,2,1,5,5,-0.09499999999999997,-0.09499999999999997,0.5,0.5,-1,1,14.523197983355619,14.523197983355619,14.523197983355619,False,False,0.0,0.0,0.0,False,0.05362958242575609,0.0,True,6,0.0,0.0,0.0,12000,22000,Windows-AMD64-py3.14.3,self-contained local validation harness; charged-time accounting is disclosed by timing_mode
grid-treasure_round-robin_seed2,no-git,2026-05-27T22:16:04,2,round-robin,self-contained-game-ai,GridTreasureEnv,1.0-local,grid-treasure,1,18.0,16.0,2.0,1.0,4.0,strict_delta_max,0.5,12.754029698171205,14.754029698171205,24.71589995548129,11.470199911855161,simulated_charged,RL,4.0,1,1,2,4,4,-0.06999999999999995,-0.06999999999999995,0.5,0.5,-1,1,14.742488112430426,14.75172138102305,14.754029698171205,False,False,0.0,0.0,0.0,False,0.03250000000000003,0.0,True,6,0.0,0.0,0.0,12000,22000,Windows-AMD64-py3.14.3,self-contained local validation harness; charged-time accounting is disclosed by timing_mode
grid-treasure_round-robin_seed2,no-git,2026-05-27T22:16:04,2,round-robin,self-contained-game-ai,GridTreasureEnv,1.0-local,grid-treasure,2,18.0,16.0,2.0,1.0,4.0,strict_delta_max,0.5,14.773906890448401,16.7739068904484,36.463099997490644,15.040299971587956,simulated_charged,GA,3.0313871446115948,3,2,2,7,7,-0.06999999999999995,-0.06999999999999995,0.5,0.5,-1,1,16.57191917122068,16.733509346602858,16.7739068904484,False,False,0.0,0.0,0.7668710046910088,True,0.04993383289702889,0.0,True,9,0.0,0.0,0.0,12000,22000,Windows-AMD64-py3.14.3,self-contained local validation harness; charged-time accounting is disclosed by timing_mode
grid-treasure_round-robin_seed2,no-git,2026-05-27T22:16:04,2,round-robin,self-contained-game-ai,GridTreasureEnv,1.0-local,grid-treasure,3,18.0,16.0,2.0,1.0,4.0,strict_delta_max,0.5,14.936430316328607,16.936430316328607,43.52309997193515,22.15859992429614,simulated_charged,RL,2.97630746280092,2,3,3,8,8,-0.06999999999999995,-0.06999999999999995,0.5,0.5,-1,1,16.912051802446577,16.9315546135522,16.936430316328607,False,False,0.0,0.0,0.0,False,0.036958547251862935,0.0,True,11,0.0,0.0,0.0,12000,22000,Windows-AMD64-py3.14.3,self-contained local validation harness; charged-time accounting is disclosed by timing_mode
grid-treasure_round-robin_seed2,no-git,2026-05-27T22:16:04,2,round-robin,self-contained-game-ai,GridTreasureEnv,1.0-local,grid-treasure,4,18.0,16.0,2.0,1.0,4.0,strict_delta_max,0.5,12.333758653421958,14.333758653421958,23.502000025473535,11.659700074233115,simulated_charged,PSO,1.3934486104922021,2,2,1,5,5,-0.06999999999999995,-0.06999999999999995,0.5,0.5,-1,1,16.903925631152568,16.929929379293398,16.936430316328607,False,False,0.0,0.0,0.0,False,0.06709094899247027,0.0,True,6,0.0,0.0,0.0,12000,22000,Windows-AMD64-py3.14.3,self-contained local validation harness; charged-time accounting is disclosed by timing_mode
grid-treasure_round-robin_seed2,no-git,2026-05-27T22:16:04,2,round-robin,self-contained-game-ai,GridTreasureEnv,1.0-local,grid-treasure,5,18.0,16.0,2.0,1.0,4.0,strict_delta_max,0.5,14.735524392556346,16.735524392556346,38.74380001798272,18.506999942474067,simulated_charged,RL,3.037994776016133,2,2,3,7,7,-0.06999999999999995,-0.06999999999999995,0.5,0.5,-1,1,16.895799459858555,16.9283041450346,16.936430316328607,False,False,0.0,0.0,0.0,False,0.0,0.0,True,10,0.0,0.0,0.0,12000,22000,Windows-AMD64-py3.14.3,self-contained local validation harness; charged-time accounting is disclosed by timing_mode
grid-treasure_greedy-improvement_seed0,no-git,2026-05-27T22:16:05,0,greedy-improvement,self-contained-game-ai,GridTreasureEnv,1.0-local,grid-treasure,0,18.0,16.0,2.0,1.0,4.0,strict_delta_max,0.5,13.75206066278055,15.75206066278055,31.54909994918853,11.34940015617758,simulated_charged,GA,2.3445051467421636,6,0,0,6,6,0.025000000000000022,0.025000000000000022,0.5,0.5,-1,1,15.75206066278055,15.75206066278055,15.75206066278055,False,False,0.0,0.0,0.7328984474742877,True,0.056183197221847885,0.0,True,6,0.0,0.0,0.0,10000,20000,Windows-AMD64-py3.14.3,self-contained local validation harness; charged-time accounting is disclosed by timing_mode
grid-treasure_greedy-improvement_seed0,no-git,2026-05-27T22:16:05,0,greedy-improvement,self-contained-game-ai,GridTreasureEnv,1.0-local,grid-treasure,1,18.0,16.0,2.0,1.0,4.0,strict_delta_max,0.5,13.775441573259386,15.775441573259386,30.198500026017427,9.315399918705225,simulated_charged,GA,3.0276574243603855,6,0,0,6,6,0.030000000000000027,0.030000000000000027,0.5,0.5,-1,1,15.774272527735445,15.775207764154597,15.775441573259386,False,False,0.0,0.0,0.7591869014902193,True,0.04170702289049015,0.0,True,6,0.0,0.0,0.0,10000,20000,Windows-AMD64-py3.14.3,self-contained local validation harness; charged-time accounting is disclosed by timing_mode
grid-treasure_greedy-improvement_seed0,no-git,2026-05-27T22:16:05,0,greedy-improvement,self-contained-game-ai,GridTreasureEnv,1.0-local,grid-treasure,2,18.0,16.0,2.0,1.0,4.0,strict_delta_max,0.5,12.271363498890349,14.271363498890349,25.073700002394617,7.686599972657859,simulated_charged,GA,2.845077307670694,5,0,0,5,5,1.05,1.05,1.0,0.5,96,1,15.773103482211502,15.77497395504981,15.775441573259386,False,False,0.0,0.0,0.7608444941799686,True,0.04751030362142755,0.0,True,5,0.0,0.0,0.0,10000,20000,Windows-AMD64-py3.14.3,self-contained local validation harness; charged-time accounting is disclosed by timing_mode
grid-treasure_greedy-improvement_seed0,no-git,2026-05-27T22:16:05,0,greedy-improvement,self-contained-game-ai,GridTreasureEnv,1.0-local,grid-treasure,3,18.0,16.0,2.0,1.0,4.0,strict_delta_max,0.5,14.872345514257004,16.872345514257006,31.744100037030876,11.031500180251896,simulated_charged,GA,3.268477095587089,6,0,0,6,6,1.05,1.05,1.0,0.5,96,1,16.707809923107362,16.839438396027077,16.872345514257006,False,False,0.0,0.0,0.7608444941799686,True,0.04009410137483764,0.0,True,6,0.0,0.0,0.0,10000,20000,Windows-AMD64-py3.14.3,self-contained local validation harness; charged-time accounting is disclosed by timing_mode
grid-treasure_greedy-improvement_seed0,no-git,2026-05-27T22:16:05,0,greedy-improvement,self-contained-game-ai,GridTreasureEnv,1.0-local,grid-treasure,4,18.0,16.0,2.0,1.0,4.0,strict_delta_max,0.5,12.26485981057226,14.26485981057226,28.341400087811053,8.773899753578007,simulated_charged,GA,3.98056434733576,5,0,0,5,5,1.05,1.05,1.0,0.5,96,1,16.652964726057483,16.828469356617102,16.872345514257006,False,False,0.0,0.0,0.7135837298066932,True,0.024773201697359616,0.0,True,5,0.0,0.0,0.0,10000,20000,Windows-AMD64-py3.14.3,self-contained local validation harness; charged-time accounting is disclosed by timing_mode
grid-treasure_greedy-improvement_seed0,no-git,2026-05-27T22:16:05,0,greedy-improvement,self-contained-game-ai,GridTreasureEnv,1.0-local,grid-treasure,5,18.0,16.0,2.0,1.0,4.0,strict_delta_max,0.5,12.515306660849475,14.515306660849475,46.139300102368,16.831700108014047,simulated_charged,GA,1.7927451215278905,6,0,0,6,6,1.05,1.05,1.0,0.5,96,1,16.5981195290076,16.817500317207124,16.872345514257006,False,False,0.0,0.0,0.5796563197999883,True,0.06273627744847245,0.0,True,6,0.0,0.0,0.0,10000,20000,Windows-AMD64-py3.14.3,self-contained local validation harness; charged-time accounting is disclosed by timing_mode
grid-treasure_greedy-improvement_seed1,no-git,2026-05-27T22:16:05,1,greedy-improvement,self-contained-game-ai,GridTreasureEnv,1.0-local,grid-treasure,0,18.0,16.0,2.0,1.0,4.0,strict_delta_max,0.5,12.704669680523365,14.704669680523365,38.97470002993941,14.508600113913417,simulated_charged,GA,1.0622897383164795,7,0,0,7,7,0.010000000000000009,0.010000000000000009,0.5,0.5,-1,1,14.704669680523365,14.704669680523365,14.704669680523365,False,False,0.0,0.0,0.6966165814672267,True,0.1215856758608736,0.0,True,7,0.0,0.0,0.0,11000,21000,Windows-AMD64-py3.14.3,self-contained local validation harness; charged-time accounting is disclosed by timing_mode
grid-treasure_greedy-improvement_seed1,no-git,2026-05-27T22:16:05,1,greedy-improvement,self-contained-game-ai,GridTreasureEnv,1.0-local,grid-treasure,1,18.0,16.0,2.0,1.0,4.0,strict_delta_max,0.5,14.55380504247263,16.553805042472632,35.59870005119592,9.63919993955642,simulated_charged,GA,2.8547718829211686,5,0,0,5,5,0.010000000000000009,0.010000000000000009,0.5,0.5,-1,1,16.46134827437517,16.53531368885314,16.553805042472632,False,False,0.0,0.0,0.6296077587395043,True,0.038291533538040094,0.0,True,5,0.0,0.0,0.0,11000,21000,Windows-AMD64-py3.14.3,self-contained local validation harness; charged-time accounting is disclosed by timing_mode
grid-treasure_greedy-improvement_seed1,no-git,2026-05-27T22:16:05,1,greedy-improvement,self-contained-game-ai,GridTreasureEnv,1.0-local,grid-treasure,2,18.0,16.0,2.0,1.0,4.0,strict_delta_max,0.5,14.158590884216746,16.158590884216746,67.30970006901771,35.22989992052317,simulated_charged,GA,2.8238474377882063,5,0,0,5,5,0.010000000000000009,0.010000000000000009,0.5,0.5,-1,1,16.514283626647043,16.545900759307514,16.553805042472632,False,False,0.0,0.0,0.6204291842344423,True,0.06447752648678634,0.0,True,5,0.0,0.0,0.0,11000,21000,Windows-AMD64-py3.14.3,self-contained local validation harness; charged-time accounting is disclosed by timing_mode
grid-treasure_greedy-improvement_seed1,no-git,2026-05-27T22:16:05,1,greedy-improvement,self-contained-game-ai,GridTreasureEnv,1.0-local,grid-treasure,3,18.0,16.0,2.0,1.0,4.0,strict_delta_max,0.5,14.04003735698827,16.04003735698827,41.078199981711805,15.28839988168329,simulated_charged,GA,2.7921987965269914,6,0,0,6,6,0.010000000000000009,0.010000000000000009,0.5,0.5,-1,1,16.494522918734248,16.541948617724955,16.553805042472632,False,False,0.0,0.0,0.6204291842344423,True,0.03440365428503654,0.0,True,6,0.0,0.0,0.0,11000,21000,Windows-AMD64-py3.14.3,self-contained local validation harness; charged-time accounting is disclosed by timing_mode
grid-treasure_greedy-improvement_seed1,no-git,2026-05-27T22:16:05,1,greedy-improvement,self-contained-game-ai,GridTreasureEnv,1.0-local,grid-treasure,4,18.0,16.0,2.0,1.0,4.0,strict_delta_max,0.5,13.85597612077285,15.85597612077285,33.38200005237013,10.652899974957108,simulated_charged,GA,2.529567284521296,5,0,0,5,5,0.010000000000000009,0.010000000000000009,0.5,0.5,-1,1,16.474762210821456,16.537996476142396,16.553805042472632,False,False,0.0,0.0,0.6204291842344423,True,0.04154984094672821,0.0,True,5,0.0,0.0,0.0,11000,21000,Windows-AMD64-py3.14.3,self-contained local validation harness; charged-time accounting is disclosed by timing_mode
grid-treasure_greedy-improvement_seed1,no-git,2026-05-27T22:16:05,1,greedy-improvement,self-contained-game-ai,GridTreasureEnv,1.0-local,grid-treasure,5,18.0,16.0,2.0,1.0,4.0,strict_delta_max,0.5,13.467949736481458,15.467949736481458,38.68619992863387,13.632799964398146,simulated_charged,GA,1.9412481572220335,6,0,0,6,6,0.010000000000000009,0.010000000000000009,0.5,0.5,-1,1,16.45500150290866,16.534044334559837,16.553805042472632,False,False,0.0,0.0,0.6204291842344423,True,0.05976543276065173,0.0,True,6,0.0,0.0,0.0,11000,21000,Windows-AMD64-py3.14.3,self-contained local validation harness; charged-time accounting is disclosed by timing_mode
grid-treasure_greedy-improvement_seed2,no-git,2026-05-27T22:16:05,2,greedy-improvement,self-contained-game-ai,GridTreasureEnv,1.0-local,grid-treasure,0,18.0,16.0,2.0,1.0,4.0,strict_delta_max,0.5,13.126814219698051,15.126814219698051,32.46250003576279,14.322099857963622,simulated_charged,GA,3.058286705164339,5,0,0,5,5,-0.09499999999999997,-0.09499999999999997,0.5,0.5,-1,1,15.126814219698051,15.126814219698051,15.126814219698051,False,False,0.0,0.0,0.7564481121746757,True,0.04200950245614174,0.0,True,5,0.0,0.0,0.0,12000,22000,Windows-AMD64-py3.14.3,self-contained local validation harness; charged-time accounting is disclosed by timing_mode
grid-treasure_greedy-improvement_seed2,no-git,2026-05-27T22:16:05,2,greedy-improvement,self-contained-game-ai,GridTreasureEnv,1.0-local,grid-treasure,1,18.0,16.0,2.0,1.0,4.0,strict_delta_max,0.5,15.221718583468176,17.221718583468174,31.582899973727763,13.086099876090884,simulated_charged,GA,3.554418391917593,5,0,0,5,5,-0.06999999999999995,-0.06999999999999995,0.5,0.5,-1,1,17.11697336527967,17.200769539830475,17.221718583468174,False,False,0.0,0.0,0.5833263704528967,True,0.033636794896372856,0.0,True,5,0.0,0.0,0.0,12000,22000,Windows-AMD64-py3.14.3,self-contained local validation harness; charged-time accounting is disclosed by timing_mode
grid-treasure_greedy-improvement_seed2,no-git,2026-05-27T22:16:05,2,greedy-improvement,self-contained-game-ai,GridTreasureEnv,1.0-local,grid-treasure,2,18.0,16.0,2.0,1.0,4.0,strict_delta_max,0.5,13.666870898791405,15.666870898791405,52.0445000147447,21.02440013550222,simulated_charged,GA,2.6545449193943087,6,0,0,6,6,-0.06999999999999995,-0.06999999999999995,0.5,0.5,-1,1,17.066233815000498,17.19062162977464,17.221718583468174,False,False,0.0,0.0,0.5859298814884426,True,0.049961563664153365,0.0,True,6,0.0,0.0,0.0,12000,22000,Windows-AMD64-py3.14.3,self-contained local validation harness; charged-time accounting is disclosed by timing_mode
grid-treasure_greedy-improvement_seed2,no-git,2026-05-27T22:16:05,2,greedy-improvement,self-contained-game-ai,GridTreasureEnv,1.0-local,grid-treasure,3,18.0,16.0,2.0,1.0,4.0,strict_delta_max,0.5,14.171023111948163,16.171023111948163,34.37010000925511,14.521000091917813,simulated_charged,GA,3.541341656708042,5,0,0,5,5,-0.06999999999999995,-0.06999999999999995,0.5,0.5,-1,1,17.064114262740173,17.190197719322573,17.221718583468174,False,False,0.0,0.0,0.6102112795186397,True,0.029418107987846758,0.0,True,5,0.0,0.0,0.0,12000,22000,Windows-AMD64-py3.14.3,self-contained local validation harness; charged-time accounting is disclosed by timing_mode
grid-treasure_greedy-improvement_seed2,no-git,2026-05-27T22:16:05,2,greedy-improvement,self-contained-game-ai,GridTreasureEnv,1.0-local,grid-treasure,4,18.0,16.0,2.0,1.0,4.0,strict_delta_max,0.5,12.995224332744383,14.995224332744383,34.437700058333576,12.65099982265383,simulated_charged,GA,1.4787064094038416,6,0,0,6,6,-0.06999999999999995,-0.06999999999999995,0.5,0.5,-1,1,17.011579489164173,17.179690764607376,17.221718583468174,False,False,0.0,0.0,0.5374138894595469,True,0.09690610256553019,0.0,True,6,0.0,0.0,0.0,12000,22000,Windows-AMD64-py3.14.3,self-contained local validation harness; charged-time accounting is disclosed by timing_mode
grid-treasure_greedy-improvement_seed2,no-git,2026-05-27T22:16:05,2,greedy-improvement,self-contained-game-ai,GridTreasureEnv,1.0-local,grid-treasure,5,18.0,16.0,2.0,1.0,4.0,strict_delta_max,0.5,12.652441672095676,14.652441672095676,32.914499985054135,12.271200073882937,simulated_charged,GA,3.0099464377671694,4,0,0,4,4,-0.06999999999999995,-0.06999999999999995,0.5,0.5,-1,1,16.95904471558817,17.169183809892175,17.221718583468174,False,False,0.0,0.0,0.5764225640641605,True,0.056915212136915506,0.0,True,4,0.0,0.0,0.0,12000,22000,Windows-AMD64-py3.14.3,self-contained local validation harness; charged-time accounting is disclosed by timing_mode
resource-defense_DLGPR-full_seed0,no-git,2026-05-27T22:16:06,0,DLGPR-full,self-contained-rts-micro,ResourceDefenseEnv,1.0-local,resource-defense,0,18.0,16.0,2.0,1.0,4.0,strict_delta_max,0.5,12.727622337449082,14.727622337449082,35.49779998138547,16.40180009417236,simulated_charged,GA,3.321336592385924,2,1,2,5,5,0.7029200000000002,0.7029200000000002,0.0,0.5,32,1,14.727622337449082,14.727622337449082,14.727622337449082,False,False,0.0,0.0,0.7913029989488907,True,0.043698830232781476,0.0,True,7,0.22193632117678513,0.1419763854618634,0.12936814361146615,10000,20000,Windows-AMD64-py3.14.3,self-contained local validation harness; charged-time accounting is disclosed by timing_mode
resource-defense_DLGPR-full_seed0,no-git,2026-05-27T22:16:06,0,DLGPR-full,self-contained-rts-micro,ResourceDefenseEnv,1.0-local,resource-defense,1,18.0,16.0,2.0,1.0,4.0,strict_delta_max,0.5,12.043824081033353,14.043824081033353,33.91240001656115,14.072400168515742,simulated_charged,GA,2.184096774123913,3,1,1,5,5,0.743876,0.743876,0.0,0.5,32,1,14.693432424628297,14.720784354884925,14.727622337449082,False,False,0.0,0.0,0.5886779957536818,True,0.04193647752866943,0.0,True,6,0.21430900611714315,0.14162152102076858,0.12751849315377947,10000,20000,Windows-AMD64-py3.14.3,self-contained local validation harness; charged-time accounting is disclosed by timing_mode
resource-defense_DLGPR-full_seed0,no-git,2026-05-27T22:16:06,0,DLGPR-full,self-contained-rts-micro,ResourceDefenseEnv,1.0-local,resource-defense,2,18.0,16.0,2.0,1.0,4.0,strict_delta_max,0.5,14.233839489029497,16.2338394890295,34.85629998613149,17.993099987506866,simulated_charged,RL,3.9245275865653304,1,3,2,6,6,0.8997480000000001,0.8997480000000001,0.0,0.5,32,1,16.083217773871457,16.20371514599789,16.2338394890295,False,False,0.0,0.0,0.0,False,0.0,0.0002741731268964992,True,8,0.09959807349798189,0.11410997874311651,0.1111302771473493,10000,20000,Windows-AMD64-py3.14.3,self-contained local validation harness; charged-time accounting is disclosed by timing_mode
resource-defense_DLGPR-full_seed0,no-git,2026-05-27T22:16:06,0,DLGPR-full,self-contained-rts-micro,ResourceDefenseEnv,1.0-local,resource-defense,3,18.0,16.0,2.0,1.0,4.0,strict_delta_max,0.5,15.295132302033194,17.295132302033196,33.17129996139556,14.40260000526905,simulated_charged,GA,3.9248494552250417,3,1,1,5,5,0.8997480000000001,0.8997480000000001,0.0,0.5,32,1,17.135938380082642,17.263293517643085,17.295132302033196,False,False,0.0,0.0,0.413064574330428,True,0.019324627181399406,0.0,True,6,0.16422474222531847,0.10519420655723236,0.10587268229619448,10000,20000,Windows-AMD64-py3.14.3,self-contained local validation harness; charged-time accounting is disclosed by timing_mode
resource-defense_DLGPR-full_seed0,no-git,2026-05-27T22:16:06,0,DLGPR-full,self-contained-rts-micro,ResourceDefenseEnv,1.0-local,resource-defense,4,18.0,16.0,2.0,1.0,4.0,strict_delta_max,0.5,13.337055488692203,15.337055488692203,30.365900020115077,15.751500031910837,simulated_charged,PSO,1.9370256024720038,1,2,2,5,5,0.8997480000000001,0.8997480000000001,0.0,0.5,32,1,17.082873739432458,17.252680589513048,17.295132302033196,False,False,0.0,0.0,0.0,False,0.008976831948361848,0.0,True,7,0.08785951762278232,0.09215151438979897,0.09506018441054936,10000,20000,Windows-AMD64-py3.14.3,self-contained local validation harness; charged-time accounting is disclosed by timing_mode
resource-defense_DLGPR-full_seed0,no-git,2026-05-27T22:16:06,0,DLGPR-full,self-contained-rts-micro,ResourceDefenseEnv,1.0-local,resource-defense,5,18.0,16.0,2.0,1.0,4.0,strict_delta_max,0.5,12.170273592813912,14.170273592813912,28.524899971671402,13.481299974955618,simulated_charged,RL,4.0,1,1,2,4,4,0.9364219999999999,0.9364219999999999,0.0,0.5,32,1,17.029809098782273,17.24206766138301,17.295132302033196,False,False,0.0,0.0,0.0,False,0.0,0.0,True,6,0.0895661392585012,0.09149155177442114,0.09594025965855352,10000,20000,Windows-AMD64-py3.14.3,self-contained local validation harness; charged-time accounting is disclosed by timing_mode
resource-defense_DLGPR-full_seed1,no-git,2026-05-27T22:16:06,1,DLGPR-full,self-contained-rts-micro,ResourceDefenseEnv,1.0-local,resource-defense,0,18.0,16.0,2.0,1.0,4.0,strict_delta_max,0.5,14.008074646675107,16.008074646675105,34.75869994144887,16.068500000983477,simulated_charged,GA,2.8712549085496537,3,1,1,5,5,0.9027639999999999,0.9027639999999999,0.0,0.5,32,1,16.008074646675105,16.008074646675105,16.008074646675105,False,False,0.0,0.0,0.7847072863218921,True,0.04197955335833807,0.0,True,6,0.2576942223110729,0.1419763854618634,0.15738430104494341,11000,21000,Windows-AMD64-py3.14.3,self-contained local validation harness; charged-time accounting is disclosed by timing_mode
resource-defense_DLGPR-full_seed1,no-git,2026-05-27T22:16:06,1,DLGPR-full,self-contained-rts-micro,ResourceDefenseEnv,1.0-local,resource-defense,1,18.0,16.0,2.0,1.0,4.0,strict_delta_max,0.5,12.126211791544248,14.126211791544248,45.73020001407713,21.586599992588162,simulated_charged,RL,4.0,1,1,4,6,6,0.9185639999999999,0.9185639999999999,0.0,0.5,32,1,15.913981503918562,15.989256018123797,16.008074646675105,False,False,0.0,0.0,0.0,False,0.0,0.0,True,10,0.11127069376832635,0.13651666518564684,0.12582939654623795,11000,21000,Windows-AMD64-py3.14.3,self-contained local validation harness; charged-time accounting is disclosed by timing_mode
resource-defense_DLGPR-full_seed1,no-git,2026-05-27T22:16:06,1,DLGPR-full,self-contained-rts-micro,ResourceDefenseEnv,1.0-local,resource-defense,2,18.0,16.0,2.0,1.0,4.0,strict_delta_max,0.5,13.564036022225496,15.564036022225496,22.630400024354458,12.624599854461849,simulated_charged,PSO,3.38620971607914,1,3,1,5,5,0.9185639999999999,0.9185639999999999,0.0,0.5,32,1,15.963670784230144,15.999193874186114,16.008074646675105,False,False,0.0,0.0,0.0,False,0.0051476279614162375,0.0,True,6,0.10758257097297563,0.10307545799175868,0.0988378069477313,11000,21000,Windows-AMD64-py3.14.3,self-contained local validation harness; charged-time accounting is disclosed by timing_mode
resource-defense_DLGPR-full_seed1,no-git,2026-05-27T22:16:06,1,DLGPR-full,self-contained-rts-micro,ResourceDefenseEnv,1.0-local,resource-defense,3,18.0,16.0,2.0,1.0,4.0,strict_delta_max,0.5,12.850465538218451,14.850465538218451,40.62250000424683,17.082500038668513,simulated_charged,GA,1.2770828105422734,5,1,1,7,7,0.9185639999999999,0.9185639999999999,0.0,0.5,32,1,15.941468853007663,15.994753487941617,16.008074646675105,False,False,0.0,0.0,0.39277127464497885,True,0.054985241878512704,0.0,True,8,0.17370281308362961,0.10107013914167921,0.10642245774890631,11000,21000,Windows-AMD64-py3.14.3,self-contained local validation harness; charged-time accounting is disclosed by timing_mode
resource-defense_DLGPR-full_seed1,no-git,2026-05-27T22:16:06,1,DLGPR-full,self-contained-rts-micro,ResourceDefenseEnv,1.0-local,resource-defense,4,18.0,16.0,2.0,1.0,4.0,strict_delta_max,0.5,15.850575978354282,17.850575978354282,38.076199940405786,18.96000001579523,simulated_charged,RL,4.0,1,2,3,6,6,0.920924,0.920924,0.0,0.5,32,1,17.482075712018446,17.776875925087115,17.850575978354282,False,False,0.0,0.0,0.0,False,0.03327849999999996,0.0005900000000000072,True,9,0.0828462419365019,0.09221167742837881,0.09060569398867441,11000,21000,Windows-AMD64-py3.14.3,self-contained local validation harness; charged-time accounting is disclosed by timing_mode
resource-defense_DLGPR-full_seed1,no-git,2026-05-27T22:16:06,1,DLGPR-full,self-contained-rts-micro,ResourceDefenseEnv,1.0-local,resource-defense,5,18.0,16.0,2.0,1.0,4.0,strict_delta_max,0.5,13.547601758656011,15.547601758656011,36.3571000052616,17.94059993699193,simulated_charged,RL,2.2156615619393354,1,2,3,6,6,0.9304399999999999,0.9304399999999999,0.0,0.5,32,1,17.38995064543449,17.758450911770325,17.850575978354282,False,False,0.0,0.0,0.0,False,0.0,0.0009568248312004364,True,9,0.07890102221494946,0.08561498175779457,0.09970523330848331,11000,21000,Windows-AMD64-py3.14.3,self-contained local validation harness; charged-time accounting is disclosed by timing_mode
resource-defense_DLGPR-full_seed2,no-git,2026-05-27T22:16:06,2,DLGPR-full,self-contained-rts-micro,ResourceDefenseEnv,1.0-local,resource-defense,0,18.0,16.0,2.0,1.0,4.0,strict_delta_max,0.5,14.761182579427448,16.761182579427448,39.0317999990657,17.8542003268376,simulated_charged,GA,3.232942505512532,3,1,2,6,6,0.657472,0.657472,0.0,0.5,32,1,16.761182579427448,16.761182579427448,16.761182579427448,False,False,0.0,0.0,0.9221321296069481,True,0.03619933121869421,0.0,True,8,0.2811237654960393,0.14795772766865634,0.1363109921444568,12000,22000,Windows-AMD64-py3.14.3,self-contained local validation harness; charged-time accounting is disclosed by timing_mode
resource-defense_DLGPR-full_seed2,no-git,2026-05-27T22:16:06,2,DLGPR-full,self-contained-rts-micro,ResourceDefenseEnv,1.0-local,resource-defense,1,18.0,16.0,2.0,1.0,4.0,strict_delta_max,0.5,14.803309626153927,16.803309626153926,30.580700025893748,13.828699942678213,simulated_charged,GA,3.823709683048854,3,1,1,5,5,0.657472,0.657472,0.0,0.5,32,1,16.801203273817602,16.80288835568666,16.803309626153926,False,False,0.0,0.0,0.8812902015905903,True,0.03695280137999384,0.0,True,6,0.26950998234319934,0.13651666518564684,0.12887143930171208,12000,22000,Windows-AMD64-py3.14.3,self-contained local validation harness; charged-time accounting is disclosed by timing_mode
resource-defense_DLGPR-full_seed2,no-git,2026-05-27T22:16:06,2,DLGPR-full,self-contained-rts-micro,ResourceDefenseEnv,1.0-local,resource-defense,2,18.0,16.0,2.0,1.0,4.0,strict_delta_max,0.5,13.63804077452091,15.63804077452091,26.496500009670854,11.996099958196282,simulated_charged,GA,3.584781053779426,2,1,1,4,4,0.657472,0.657472,0.0,0.5,32,1,16.79909692148128,16.802467085219398,16.803309626153926,False,False,0.0,0.0,0.7785088937085152,True,0.04418475542125713,0.0,True,5,0.2047803243790769,0.12488319167365465,0.12007751791961263,12000,22000,Windows-AMD64-py3.14.3,self-contained local validation harness; charged-time accounting is disclosed by timing_mode
resource-defense_DLGPR-full_seed2,no-git,2026-05-27T22:16:06,2,DLGPR-full,self-contained-rts-micro,ResourceDefenseEnv,1.0-local,resource-defense,3,18.0,16.0,2.0,1.0,4.0,strict_delta_max,0.5,12.692095569878521,14.692095569878521,30.773499980568886,13.778800028376281,simulated_charged,GA,3.06186050151556,3,1,1,5,5,0.667608,0.667608,0.0,0.5,32,1,16.796990569144953,16.80204581475213,16.803309626153926,False,False,0.0,0.0,0.6135903229183273,True,0.05354024640520838,0.0,True,6,0.20125378159772356,0.117048498366085,0.12032219253365918,12000,22000,Windows-AMD64-py3.14.3,self-contained local validation harness; charged-time accounting is disclosed by timing_mode
resource-defense_DLGPR-full_seed2,no-git,2026-05-27T22:16:06,2,DLGPR-full,self-contained-rts-micro,ResourceDefenseEnv,1.0-local,resource-defense,4,18.0,16.0,2.0,1.0,4.0,strict_delta_max,0.5,14.609718401418958,16.60971840141896,36.75139998085797,16.250100103206933,simulated_charged,GA,3.6630152142542465,4,1,1,6,6,0.6889520000000001,0.6889520000000001,0.0,0.5,32,1,16.79488421680863,16.801624544284866,16.803309626153926,False,False,0.0,0.0,0.5729982944389368,True,0.04691443449357533,0.0,True,7,0.19766307751572812,0.11117278555256334,0.11712072561818283,12000,22000,Windows-AMD64-py3.14.3,self-contained local validation harness; charged-time accounting is disclosed by timing_mode
resource-defense_DLGPR-full_seed2,no-git,2026-05-27T22:16:06,2,DLGPR-full,self-contained-rts-micro,ResourceDefenseEnv,1.0-local,resource-defense,5,18.0,16.0,2.0,1.0,4.0,strict_delta_max,0.5,12.539473806105114,14.539473806105114,26.226700050756335,11.916000046767294,simulated_charged,RL,4.0,1,1,2,4,4,0.6889520000000001,0.6889520000000001,0.0,0.5,32,1,16.792777864472306,16.801203273817602,16.803309626153926,False,False,0.0,0.0,0.0,False,0.49346199999999996,0.0,True,6,0.08425404773254802,0.10506101091468965,0.15802537176853665,12000,22000,Windows-AMD64-py3.14.3,self-contained local validation harness; charged-time accounting is disclosed by timing_mode
resource-defense_fixed-split_seed0,no-git,2026-05-27T22:16:07,0,fixed-split,self-contained-rts-micro,ResourceDefenseEnv,1.0-local,resource-defense,0,18.0,16.0,2.0,1.0,4.0,strict_delta_max,0.5,14.473284657916158,16.47328465791616,36.70229995623231,18.164900015108287,simulated_charged,RL,3.859466596758335,2,2,2,6,6,0.9066799999999999,0.9066799999999999,0.0,0.5,32,1,16.47328465791616,16.47328465791616,16.47328465791616,False,False,0.0,0.0,0.0,False,0.0,0.0,True,8,0.0,0.0,0.0,10000,20000,Windows-AMD64-py3.14.3,self-contained local validation harness; charged-time accounting is disclosed by timing_mode
resource-defense_fixed-split_seed0,no-git,2026-05-27T22:16:07,0,fixed-split,self-contained-rts-micro,ResourceDefenseEnv,1.0-local,resource-defense,1,18.0,16.0,2.0,1.0,4.0,strict_delta_max,0.5,13.698800819097071,15.698800819097071,36.27549996599555,16.72539976425469,simulated_charged,RL,2.3426868247028754,2,2,2,6,6,0.9066799999999999,0.9066799999999999,0.0,0.5,32,1,16.434560465975206,16.46553981952797,16.47328465791616,False,False,0.0,0.0,0.0,False,0.0,0.0,True,8,0.0,0.0,0.0,10000,20000,Windows-AMD64-py3.14.3,self-contained local validation harness; charged-time accounting is disclosed by timing_mode
resource-defense_fixed-split_seed0,no-git,2026-05-27T22:16:07,0,fixed-split,self-contained-rts-micro,ResourceDefenseEnv,1.0-local,resource-defense,2,18.0,16.0,2.0,1.0,4.0,strict_delta_max,0.5,15.648287228634473,17.648287228634473,36.345599917694926,17.683400074020028,simulated_charged,RL,4.0,2,2,2,6,6,0.9066799999999999,0.9066799999999999,0.0,0.5,32,1,17.53078697156264,17.624787177220107,17.648287228634473,False,False,0.0,0.0,0.0,False,0.0,0.0,True,8,0.0,0.0,0.0,10000,20000,Windows-AMD64-py3.14.3,self-contained local validation harness; charged-time accounting is disclosed by timing_mode
resource-defense_fixed-split_seed0,no-git,2026-05-27T22:16:07,0,fixed-split,self-contained-rts-micro,ResourceDefenseEnv,1.0-local,resource-defense,3,18.0,16.0,2.0,1.0,4.0,strict_delta_max,0.5,13.578383509586068,15.578383509586068,29.365599970333278,14.786100015044212,simulated_charged,PSO,2.181001103088103,2,2,1,5,5,0.9066799999999999,0.9066799999999999,0.0,0.5,32,1,17.472036843026725,17.613037151512923,17.648287228634473,False,False,0.0,0.0,0.0,False,0.03288562606495464,0.0,True,6,0.0,0.0,0.0,10000,20000,Windows-AMD64-py3.14.3,self-contained local validation harness; charged-time accounting is disclosed by timing_mode
resource-defense_fixed-split_seed0,no-git,2026-05-27T22:16:07,0,fixed-split,self-contained-rts-micro,ResourceDefenseEnv,1.0-local,resource-defense,4,18.0,16.0,2.0,1.0,4.0,strict_delta_max,0.5,12.339836949084313,14.339836949084313,33.39649992994964,14.951899996958673,simulated_charged,GA,1.8051708872793644,2,1,2,5,5,0.9066799999999999,0.9066799999999999,0.0,0.5,32,1,17.41328671449081,17.60128712580574,17.648287228634473,False,False,0.0,0.0,0.2171243002092402,True,0.043794703253789855,0.0,True,7,0.0,0.0,0.0,10000,20000,Windows-AMD64-py3.14.3,self-contained local validation harness; charged-time accounting is disclosed by timing_mode
resource-defense_fixed-split_seed0,no-git,2026-05-27T22:16:07,0,fixed-split,self-contained-rts-micro,ResourceDefenseEnv,1.0-local,resource-defense,5,18.0,16.0,2.0,1.0,4.0,strict_delta_max,0.5,12.76835833484201,14.76835833484201,29.857599991373718,15.057699871249497,simulated_charged,RL,3.158893195203189,1,2,2,5,5,0.9066799999999999,0.9066799999999999,0.0,0.5,32,1,17.354536585954897,17.589537100098557,17.648287228634473,False,False,0.0,0.0,0.0,False,0.0,0.0,True,7,0.0,0.0,0.0,10000,20000,Windows-AMD64-py3.14.3,self-contained local validation harness; charged-time accounting is disclosed by timing_mode
resource-defense_fixed-split_seed1,no-git,2026-05-27T22:16:07,1,fixed-split,self-contained-rts-micro,ResourceDefenseEnv,1.0-local,resource-defense,0,18.0,16.0,2.0,1.0,4.0,strict_delta_max,0.5,12.540689665309976,14.540689665309976,25.202500051818788,11.36710005812347,simulated_charged,PSO,1.4038699271845236,2,2,1,5,5,0.9027639999999999,0.9027639999999999,0.0,0.5,32,1,14.540689665309976,14.540689665309976,14.540689665309976,False,False,0.0,0.0,0.0,False,0.06255193535273662,0.0,True,6,0.0,0.0,0.0,11000,21000,Windows-AMD64-py3.14.3,self-contained local validation harness; charged-time accounting is disclosed by timing_mode
resource-defense_fixed-split_seed1,no-git,2026-05-27T22:16:07,1,fixed-split,self-contained-rts-micro,ResourceDefenseEnv,1.0-local,resource-defense,1,18.0,16.0,2.0,1.0,4.0,strict_delta_max,0.5,12.598584110076946,14.598584110076946,17.793199978768826,8.110300055705011,simulated_charged,RL,3.5372519470062302,1,1,2,4,4,0.9027639999999999,0.9027639999999999,0.0,0.5,32,1,14.595689387838597,14.598005165629276,14.598584110076946,False,False,0.0,0.0,0.0,False,0.0,0.0,True,6,0.0,0.0,0.0,11000,21000,Windows-AMD64-py3.14.3,self-contained local validation harness; charged-time accounting is disclosed by timing_mode
resource-defense_fixed-split_seed1,no-git,2026-05-27T22:16:07,1,fixed-split,self-contained-rts-micro,ResourceDefenseEnv,1.0-local,resource-defense,2,18.0,16.0,2.0,1.0,4.0,strict_delta_max,0.5,14.680081443944756,16.680081443944758,20.66509996075183,9.533100062981248,simulated_charged,PSO,2.8017412077881034,2,2,1,5,5,0.9027639999999999,0.9027639999999999,0.0,0.5,32,1,16.471931710557975,16.6384514972674,16.680081443944758,False,False,0.0,0.0,0.0,False,0.023909200819865386,0.0,True,6,0.0,0.0,0.0,11000,21000,Windows-AMD64-py3.14.3,self-contained local validation harness; charged-time accounting is disclosed by timing_mode
resource-defense_fixed-split_seed1,no-git,2026-05-27T22:16:07,1,fixed-split,self-contained-rts-micro,ResourceDefenseEnv,1.0-local,resource-defense,3,18.0,16.0,2.0,1.0,4.0,strict_delta_max,0.5,15.275436059207328,17.27543605920733,33.97630003746599,15.823300112970173,simulated_charged,GA,3.8136033046499365,2,1,2,5,5,0.9027639999999999,0.9027639999999999,0.0,0.5,32,1,17.186132866917944,17.257575420749454,17.27543605920733,False,False,0.0,0.0,0.5113252085758064,True,0.01782891385391078,0.0,True,7,0.0,0.0,0.0,11000,21000,Windows-AMD64-py3.14.3,self-contained local validation harness; charged-time accounting is disclosed by timing_mode
resource-defense_fixed-split_seed1,no-git,2026-05-27T22:16:07,1,fixed-split,self-contained-rts-micro,ResourceDefenseEnv,1.0-local,resource-defense,4,18.0,16.0,2.0,1.0,4.0,strict_delta_max,0.5,12.283164030081178,14.283164030081178,28.8795999949798,14.763900078833103,simulated_charged,RL,1.155933396391025,1,2,2,5,5,0.92222,0.92222,0.0,0.5,32,1,17.156365136154815,17.251621874596825,17.27543605920733,False,False,0.0,0.0,0.0,False,0.0,0.0,True,7,0.0,0.0,0.0,11000,21000,Windows-AMD64-py3.14.3,self-contained local validation harness; charged-time accounting is disclosed by timing_mode
resource-defense_fixed-split_seed1,no-git,2026-05-27T22:16:07,1,fixed-split,self-contained-rts-micro,ResourceDefenseEnv,1.0-local,resource-defense,5,18.0,16.0,2.0,1.0,4.0,strict_delta_max,0.5,13.047180184205287,15.047180184205287,26.324699982069433,12.876500026322901,simulated_charged,PSO,3.3600420251679135,2,2,1,5,5,0.92222,0.92222,0.0,0.5,32,1,17.126597405391685,17.2456683284442,17.27543605920733,False,False,0.0,0.0,0.0,False,0.023787425604004132,0.0,True,6,0.0,0.0,0.0,11000,21000,Windows-AMD64-py3.14.3,self-contained local validation harness; charged-time accounting is disclosed by timing_mode
resource-defense_fixed-split_seed2,no-git,2026-05-27T22:16:07,2,fixed-split,self-contained-rts-micro,ResourceDefenseEnv,1.0-local,resource-defense,0,18.0,16.0,2.0,1.0,4.0,strict_delta_max,0.5,12.261920519039913,14.261920519039913,35.69809999316931,17.649600165896118,simulated_charged,RL,1.104152196523844,2,2,2,6,6,0.657472,0.657472,0.0,0.5,32,1,14.261920519039913,14.261920519039913,14.261920519039913,False,False,0.0,0.0,0.0,False,0.0,0.0,True,8,0.0,0.0,0.0,12000,22000,Windows-AMD64-py3.14.3,self-contained local validation harness; charged-time accounting is disclosed by timing_mode
resource-defense_fixed-split_seed2,no-git,2026-05-27T22:16:07,2,fixed-split,self-contained-rts-micro,ResourceDefenseEnv,1.0-local,resource-defense,1,18.0,16.0,2.0,1.0,4.0,strict_delta_max,0.5,12.710124370937105,14.710124370937105,24.633500026538968,10.759099968709052,simulated_charged,GA,2.3272677848466587,2,1,1,4,4,0.657472,0.657472,0.0,0.5,32,1,14.687714178342246,14.705642332418133,14.710124370937105,False,False,0.0,0.0,0.8900692926057706,True,0.07106040493439252,0.0,True,5,0.0,0.0,0.0,12000,22000,Windows-AMD64-py3.14.3,self-contained local validation harness; charged-time accounting is disclosed by timing_mode
resource-defense_fixed-split_seed2,no-git,2026-05-27T22:16:07,2,fixed-split,self-contained-rts-micro,ResourceDefenseEnv,1.0-local,resource-defense,2,18.0,16.0,2.0,1.0,4.0,strict_delta_max,0.5,14.284027431006072,16.284027431006074,21.196700050495565,10.866499971598387,simulated_charged,PSO,3.554799386212883,1,2,1,4,4,0.677516,0.677516,0.0,0.5,32,1,16.126637124999178,16.252549369804694,16.284027431006074,False,False,0.0,0.0,0.0,False,0.03660608418710082,0.0,True,5,0.0,0.0,0.0,12000,22000,Windows-AMD64-py3.14.3,self-contained local validation harness; charged-time accounting is disclosed by timing_mode
resource-defense_fixed-split_seed2,no-git,2026-05-27T22:16:07,2,fixed-split,self-contained-rts-micro,ResourceDefenseEnv,1.0-local,resource-defense,3,18.0,16.0,2.0,1.0,4.0,strict_delta_max,0.5,12.169709509062379,14.169709509062379,34.61139998398721,16.972900019027293,simulated_charged,PSO,2.061633490747105,2,2,2,6,6,0.8006059999999999,0.8006059999999999,0.0,0.5,32,1,16.047941971995726,16.236810339204006,16.284027431006074,False,False,0.0,0.0,0.0,False,0.05900387287653524,0.0,True,8,0.0,0.0,0.0,12000,22000,Windows-AMD64-py3.14.3,self-contained local validation harness; charged-time accounting is disclosed by timing_mode
resource-defense_fixed-split_seed2,no-git,2026-05-27T22:16:07,2,fixed-split,self-contained-rts-micro,ResourceDefenseEnv,1.0-local,resource-defense,4,18.0,16.0,2.0,1.0,4.0,strict_delta_max,0.5,13.751069507642224,15.751069507642224,25.832399958744645,11.886600172147155,simulated_charged,RL,3.7100201692069317,1,1,2,4,4,0.8006059999999999,0.8006059999999999,0.0,0.5,32,1,16.177435846333303,16.26270911407152,16.284027431006074,False,False,0.0,0.0,0.0,False,0.43280249884550953,0.0,True,6,0.0,0.0,0.0,12000,22000,Windows-AMD64-py3.14.3,self-contained local validation harness; charged-time accounting is disclosed by timing_mode
resource-defense_fixed-split_seed2,no-git,2026-05-27T22:16:07,2,fixed-split,self-contained-rts-micro,ResourceDefenseEnv,1.0-local,resource-defense,5,18.0,16.0,2.0,1.0,4.0,strict_delta_max,0.5,13.564366866168518,15.564366866168518,26.34730003774166,13.037300086580217,simulated_charged,PSO,2.6977349717159167,2,2,1,5,5,0.876954,0.876954,0.0,0.5,32,1,16.15078795016511,16.25737953483788,16.284027431006074,False,False,0.0,0.0,0.0,False,0.036302547511656805,0.0,True,6,0.0,0.0,0.0,12000,22000,Windows-AMD64-py3.14.3,self-contained local validation harness; charged-time accounting is disclosed by timing_mode
resource-defense_round-robin_seed0,no-git,2026-05-27T22:16:08,0,round-robin,self-contained-rts-micro,ResourceDefenseEnv,1.0-local,resource-defense,0,18.0,16.0,2.0,1.0,4.0,strict_delta_max,0.5,14.473284657916158,16.47328465791616,35.04440002143383,18.368400051258504,simulated_charged,RL,3.859466596758335,2,2,2,6,6,0.9066799999999999,0.9066799999999999,0.0,0.5,32,1,16.47328465791616,16.47328465791616,16.47328465791616,False,False,0.0,0.0,0.0,False,0.0,0.0,True,8,0.0,0.0,0.0,10000,20000,Windows-AMD64-py3.14.3,self-contained local validation harness; charged-time accounting is disclosed by timing_mode
resource-defense_round-robin_seed0,no-git,2026-05-27T22:16:08,0,round-robin,self-contained-rts-micro,ResourceDefenseEnv,1.0-local,resource-defense,1,18.0,16.0,2.0,1.0,4.0,strict_delta_max,0.5,13.698800819097071,15.698800819097071,24.450400029309094,11.786000104621053,simulated_charged,RL,2.3426868247028754,2,2,2,6,6,0.9066799999999999,0.9066799999999999,0.0,0.5,32,1,16.434560465975206,16.46553981952797,16.47328465791616,False,False,0.0,0.0,0.0,False,0.0,0.0,True,8,0.0,0.0,0.0,10000,20000,Windows-AMD64-py3.14.3,self-contained local validation harness; charged-time accounting is disclosed by timing_mode
resource-defense_round-robin_seed0,no-git,2026-05-27T22:16:08,0,round-robin,self-contained-rts-micro,ResourceDefenseEnv,1.0-local,resource-defense,2,18.0,16.0,2.0,1.0,4.0,strict_delta_max,0.5,15.648287228634473,17.648287228634473,33.258600044064224,16.343299997970462,simulated_charged,RL,4.0,2,2,2,6,6,0.9066799999999999,0.9066799999999999,0.0,0.5,32,1,17.53078697156264,17.624787177220107,17.648287228634473,False,False,0.0,0.0,0.0,False,0.0,0.0,True,8,0.0,0.0,0.0,10000,20000,Windows-AMD64-py3.14.3,self-contained local validation harness; charged-time accounting is disclosed by timing_mode
resource-defense_round-robin_seed0,no-git,2026-05-27T22:16:08,0,round-robin,self-contained-rts-micro,ResourceDefenseEnv,1.0-local,resource-defense,3,18.0,16.0,2.0,1.0,4.0,strict_delta_max,0.5,13.578383509586068,15.578383509586068,27.460600016638637,13.28409998677671,simulated_charged,PSO,2.181001103088103,2,2,1,5,5,0.9066799999999999,0.9066799999999999,0.0,0.5,32,1,17.472036843026725,17.613037151512923,17.648287228634473,False,False,0.0,0.0,0.0,False,0.03288562606495464,0.0,True,6,0.0,0.0,0.0,10000,20000,Windows-AMD64-py3.14.3,self-contained local validation harness; charged-time accounting is disclosed by timing_mode
resource-defense_round-robin_seed0,no-git,2026-05-27T22:16:08,0,round-robin,self-contained-rts-micro,ResourceDefenseEnv,1.0-local,resource-defense,4,18.0,16.0,2.0,1.0,4.0,strict_delta_max,0.5,12.339836949084313,14.339836949084313,27.53990003839135,13.517200131900609,simulated_charged,GA,1.8051708872793644,2,1,2,5,5,0.9066799999999999,0.9066799999999999,0.0,0.5,32,1,17.41328671449081,17.60128712580574,17.648287228634473,False,False,0.0,0.0,0.2171243002092402,True,0.043794703253789855,0.0,True,7,0.0,0.0,0.0,10000,20000,Windows-AMD64-py3.14.3,self-contained local validation harness; charged-time accounting is disclosed by timing_mode
resource-defense_round-robin_seed0,no-git,2026-05-27T22:16:08,0,round-robin,self-contained-rts-micro,ResourceDefenseEnv,1.0-local,resource-defense,5,18.0,16.0,2.0,1.0,4.0,strict_delta_max,0.5,12.76835833484201,14.76835833484201,22.17100001871586,11.010099900886416,simulated_charged,RL,3.158893195203189,1,2,2,5,5,0.9066799999999999,0.9066799999999999,0.0,0.5,32,1,17.354536585954897,17.589537100098557,17.648287228634473,False,False,0.0,0.0,0.0,False,0.0,0.0,True,7,0.0,0.0,0.0,10000,20000,Windows-AMD64-py3.14.3,self-contained local validation harness; charged-time accounting is disclosed by timing_mode
resource-defense_round-robin_seed1,no-git,2026-05-27T22:16:08,1,round-robin,self-contained-rts-micro,ResourceDefenseEnv,1.0-local,resource-defense,0,18.0,16.0,2.0,1.0,4.0,strict_delta_max,0.5,12.540689665309976,14.540689665309976,17.268500057980418,8.478400064632297,simulated_charged,PSO,1.4038699271845236,2,2,1,5,5,0.9027639999999999,0.9027639999999999,0.0,0.5,32,1,14.540689665309976,14.540689665309976,14.540689665309976,False,False,0.0,0.0,0.0,False,0.06255193535273662,0.0,True,6,0.0,0.0,0.0,11000,21000,Windows-AMD64-py3.14.3,self-contained local validation harness; charged-time accounting is disclosed by timing_mode
resource-defense_round-robin_seed1,no-git,2026-05-27T22:16:08,1,round-robin,self-contained-rts-micro,ResourceDefenseEnv,1.0-local,resource-defense,1,18.0,16.0,2.0,1.0,4.0,strict_delta_max,0.5,12.598584110076946,14.598584110076946,26.673899963498116,12.635799939744174,simulated_charged,RL,3.5372519470062302,1,1,2,4,4,0.9027639999999999,0.9027639999999999,0.0,0.5,32,1,14.595689387838597,14.598005165629276,14.598584110076946,False,False,0.0,0.0,0.0,False,0.0,0.0,True,6,0.0,0.0,0.0,11000,21000,Windows-AMD64-py3.14.3,self-contained local validation harness; charged-time accounting is disclosed by timing_mode
resource-defense_round-robin_seed1,no-git,2026-05-27T22:16:08,1,round-robin,self-contained-rts-micro,ResourceDefenseEnv,1.0-local,resource-defense,2,18.0,16.0,2.0,1.0,4.0,strict_delta_max,0.5,14.680081443944756,16.680081443944758,26.64339996408671,13.260699808597565,simulated_charged,PSO,2.8017412077881034,2,2,1,5,5,0.9027639999999999,0.9027639999999999,0.0,0.5,32,1,16.471931710557975,16.6384514972674,16.680081443944758,False,False,0.0,0.0,0.0,False,0.023909200819865386,0.0,True,6,0.0,0.0,0.0,11000,21000,Windows-AMD64-py3.14.3,self-contained local validation harness; charged-time accounting is disclosed by timing_mode
resource-defense_round-robin_seed1,no-git,2026-05-27T22:16:08,1,round-robin,self-contained-rts-micro,ResourceDefenseEnv,1.0-local,resource-defense,3,18.0,16.0,2.0,1.0,4.0,strict_delta_max,0.5,15.275436059207328,17.27543605920733,33.81049993913621,15.018199919722974,simulated_charged,GA,3.8136033046499365,2,1,2,5,5,0.9027639999999999,0.9027639999999999,0.0,0.5,32,1,17.186132866917944,17.257575420749454,17.27543605920733,False,False,0.0,0.0,0.5113252085758064,True,0.01782891385391078,0.0,True,7,0.0,0.0,0.0,11000,21000,Windows-AMD64-py3.14.3,self-contained local validation harness; charged-time accounting is disclosed by timing_mode
resource-defense_round-robin_seed1,no-git,2026-05-27T22:16:08,1,round-robin,self-contained-rts-micro,ResourceDefenseEnv,1.0-local,resource-defense,4,18.0,16.0,2.0,1.0,4.0,strict_delta_max,0.5,12.283164030081178,14.283164030081178,29.114600038155913,14.63959994725883,simulated_charged,RL,1.155933396391025,1,2,2,5,5,0.92222,0.92222,0.0,0.5,32,1,17.156365136154815,17.251621874596825,17.27543605920733,False,False,0.0,0.0,0.0,False,0.0,0.0,True,7,0.0,0.0,0.0,11000,21000,Windows-AMD64-py3.14.3,self-contained local validation harness; charged-time accounting is disclosed by timing_mode
resource-defense_round-robin_seed1,no-git,2026-05-27T22:16:08,1,round-robin,self-contained-rts-micro,ResourceDefenseEnv,1.0-local,resource-defense,5,18.0,16.0,2.0,1.0,4.0,strict_delta_max,0.5,13.047180184205287,15.047180184205287,28.223800007253885,14.265400008298457,simulated_charged,PSO,3.3600420251679135,2,2,1,5,5,0.92222,0.92222,0.0,0.5,32,1,17.126597405391685,17.2456683284442,17.27543605920733,False,False,0.0,0.0,0.0,False,0.023787425604004132,0.0,True,6,0.0,0.0,0.0,11000,21000,Windows-AMD64-py3.14.3,self-contained local validation harness; charged-time accounting is disclosed by timing_mode
resource-defense_round-robin_seed2,no-git,2026-05-27T22:16:08,2,round-robin,self-contained-rts-micro,ResourceDefenseEnv,1.0-local,resource-defense,0,18.0,16.0,2.0,1.0,4.0,strict_delta_max,0.5,12.261920519039913,14.261920519039913,35.24750005453825,17.486199969425797,simulated_charged,RL,1.104152196523844,2,2,2,6,6,0.657472,0.657472,0.0,0.5,32,1,14.261920519039913,14.261920519039913,14.261920519039913,False,False,0.0,0.0,0.0,False,0.0,0.0,True,8,0.0,0.0,0.0,12000,22000,Windows-AMD64-py3.14.3,self-contained local validation harness; charged-time accounting is disclosed by timing_mode
resource-defense_round-robin_seed2,no-git,2026-05-27T22:16:08,2,round-robin,self-contained-rts-micro,ResourceDefenseEnv,1.0-local,resource-defense,1,18.0,16.0,2.0,1.0,4.0,strict_delta_max,0.5,12.710124370937105,14.710124370937105,24.392699939198792,10.848900070413947,simulated_charged,GA,2.3272677848466587,2,1,1,4,4,0.657472,0.657472,0.0,0.5,32,1,14.687714178342246,14.705642332418133,14.710124370937105,False,False,0.0,0.0,0.8900692926057706,True,0.07106040493439252,0.0,True,5,0.0,0.0,0.0,12000,22000,Windows-AMD64-py3.14.3,self-contained local validation harness; charged-time accounting is disclosed by timing_mode
resource-defense_round-robin_seed2,no-git,2026-05-27T22:16:08,2,round-robin,self-contained-rts-micro,ResourceDefenseEnv,1.0-local,resource-defense,2,18.0,16.0,2.0,1.0,4.0,strict_delta_max,0.5,14.284027431006072,16.284027431006074,21.23740001115948,10.906900046393275,simulated_charged,PSO,3.554799386212883,1,2,1,4,4,0.677516,0.677516,0.0,0.5,32,1,16.126637124999178,16.252549369804694,16.284027431006074,False,False,0.0,0.0,0.0,False,0.03660608418710082,0.0,True,5,0.0,0.0,0.0,12000,22000,Windows-AMD64-py3.14.3,self-contained local validation harness; charged-time accounting is disclosed by timing_mode
resource-defense_round-robin_seed2,no-git,2026-05-27T22:16:08,2,round-robin,self-contained-rts-micro,ResourceDefenseEnv,1.0-local,resource-defense,3,18.0,16.0,2.0,1.0,4.0,strict_delta_max,0.5,12.169709509062379,14.169709509062379,36.11370001453906,17.508399905636907,simulated_charged,PSO,2.061633490747105,2,2,2,6,6,0.8006059999999999,0.8006059999999999,0.0,0.5,32,1,16.047941971995726,16.236810339204006,16.284027431006074,False,False,0.0,0.0,0.0,False,0.05900387287653524,0.0,True,8,0.0,0.0,0.0,12000,22000,Windows-AMD64-py3.14.3,self-contained local validation harness; charged-time accounting is disclosed by timing_mode
resource-defense_round-robin_seed2,no-git,2026-05-27T22:16:08,2,round-robin,self-contained-rts-micro,ResourceDefenseEnv,1.0-local,resource-defense,4,18.0,16.0,2.0,1.0,4.0,strict_delta_max,0.5,13.751069507642224,15.751069507642224,27.425099979154766,12.610299978405237,simulated_charged,RL,3.7100201692069317,1,1,2,4,4,0.8006059999999999,0.8006059999999999,0.0,0.5,32,1,16.177435846333303,16.26270911407152,16.284027431006074,False,False,0.0,0.0,0.0,False,0.43280249884550953,0.0,True,6,0.0,0.0,0.0,12000,22000,Windows-AMD64-py3.14.3,self-contained local validation harness; charged-time accounting is disclosed by timing_mode
resource-defense_round-robin_seed2,no-git,2026-05-27T22:16:08,2,round-robin,self-contained-rts-micro,ResourceDefenseEnv,1.0-local,resource-defense,5,18.0,16.0,2.0,1.0,4.0,strict_delta_max,0.5,13.564366866168518,15.564366866168518,26.78170008584857,13.07639991864562,simulated_charged,PSO,2.6977349717159167,2,2,1,5,5,0.876954,0.876954,0.0,0.5,32,1,16.15078795016511,16.25737953483788,16.284027431006074,False,False,0.0,0.0,0.0,False,0.036302547511656805,0.0,True,6,0.0,0.0,0.0,12000,22000,Windows-AMD64-py3.14.3,self-contained local validation harness; charged-time accounting is disclosed by timing_mode
resource-defense_greedy-improvement_seed0,no-git,2026-05-27T22:16:08,0,greedy-improvement,self-contained-rts-micro,ResourceDefenseEnv,1.0-local,resource-defense,0,18.0,16.0,2.0,1.0,4.0,strict_delta_max,0.5,13.05278982259618,15.05278982259618,31.223000027239323,12.15660001616925,simulated_charged,GA,2.045413609487858,5,0,0,5,5,0.701608,0.701608,0.0,0.5,32,1,15.05278982259618,15.05278982259618,15.05278982259618,False,False,0.0,0.0,0.8019161559329542,True,0.06794007233679307,0.0,True,5,0.0,0.0,0.0,10000,20000,Windows-AMD64-py3.14.3,self-contained local validation harness; charged-time accounting is disclosed by timing_mode
resource-defense_greedy-improvement_seed0,no-git,2026-05-27T22:16:08,0,greedy-improvement,self-contained-rts-micro,ResourceDefenseEnv,1.0-local,resource-defense,1,18.0,16.0,2.0,1.0,4.0,strict_delta_max,0.5,13.835760577987928,15.835760577987928,31.243499950505793,11.964499833993614,simulated_charged,GA,2.6534672406885096,5,0,0,5,5,0.701608,0.701608,0.0,0.5,32,1,15.79661204021834,15.827930870434011,15.835760577987928,False,False,0.0,0.0,0.4590469754394006,True,0.052943160786129075,0.0,True,5,0.0,0.0,0.0,10000,20000,Windows-AMD64-py3.14.3,self-contained local validation harness; charged-time accounting is disclosed by timing_mode
resource-defense_greedy-improvement_seed0,no-git,2026-05-27T22:16:08,0,greedy-improvement,self-contained-rts-micro,ResourceDefenseEnv,1.0-local,resource-defense,2,18.0,16.0,2.0,1.0,4.0,strict_delta_max,0.5,13.227009305527694,15.227009305527694,32.4029999319464,12.175500043667853,simulated_charged,GA,1.7077750270474974,5,0,0,5,5,0.7085679999999999,0.7085679999999999,0.0,0.5,32,1,15.774885450741905,15.823585552538724,15.835760577987928,False,False,0.0,0.0,0.4759144618475732,True,0.07223402023760249,0.0,True,5,0.0,0.0,0.0,10000,20000,Windows-AMD64-py3.14.3,self-contained local validation harness; charged-time accounting is disclosed by timing_mode
resource-defense_greedy-improvement_seed0,no-git,2026-05-27T22:16:08,0,greedy-improvement,self-contained-rts-micro,ResourceDefenseEnv,1.0-local,resource-defense,3,18.0,16.0,2.0,1.0,4.0,strict_delta_max,0.5,12.014270763221708,14.014270763221708,31.620000023394823,12.281499919481575,simulated_charged,GA,3.1926635892745114,5,0,0,5,5,0.7085679999999999,0.7085679999999999,0.0,0.5,32,1,15.744447887118893,15.81749803981412,15.835760577987928,False,False,0.0,0.0,0.4759144618475732,True,0.03858708204213633,0.0,True,5,0.0,0.0,0.0,10000,20000,Windows-AMD64-py3.14.3,self-contained local validation harness; charged-time accounting is disclosed by timing_mode
resource-defense_greedy-improvement_seed0,no-git,2026-05-27T22:16:08,0,greedy-improvement,self-contained-rts-micro,ResourceDefenseEnv,1.0-local,resource-defense,4,18.0,16.0,2.0,1.0,4.0,strict_delta_max,0.5,14.69415840289312,16.69415840289312,30.963600031100214,11.692199972458184,simulated_charged,GA,2.724532011505043,5,0,0,5,5,0.7085679999999999,0.7085679999999999,0.0,0.5,32,1,16.522478837912082,16.65982248989691,16.69415840289312,False,False,0.0,0.0,0.5048954661835012,True,0.03564843044256725,0.0,True,5,0.0,0.0,0.0,10000,20000,Windows-AMD64-py3.14.3,self-contained local validation harness; charged-time accounting is disclosed by timing_mode
resource-defense_greedy-improvement_seed0,no-git,2026-05-27T22:16:08,0,greedy-improvement,self-contained-rts-micro,ResourceDefenseEnv,1.0-local,resource-defense,5,18.0,16.0,2.0,1.0,4.0,strict_delta_max,0.5,12.053755810839895,14.053755810839895,31.29750001244247,11.803499888628721,simulated_charged,GA,1.8173698892178831,5,0,0,5,5,0.7085679999999999,0.7085679999999999,0.0,0.5,32,1,16.47955894666682,16.65123851164786,16.69415840289312,False,False,0.0,0.0,0.49145583094227685,True,0.05478459145725549,0.0,True,5,0.0,0.0,0.0,10000,20000,Windows-AMD64-py3.14.3,self-contained local validation harness; charged-time accounting is disclosed by timing_mode
resource-defense_greedy-improvement_seed1,no-git,2026-05-27T22:16:09,1,greedy-improvement,self-contained-rts-micro,ResourceDefenseEnv,1.0-local,resource-defense,0,18.0,16.0,2.0,1.0,4.0,strict_delta_max,0.5,13.713168449658776,15.713168449658776,38.44459995161742,15.939000062644482,simulated_charged,GA,2.145382450534985,6,0,0,6,6,0.854968,0.854968,0.0,0.5,32,1,15.713168449658776,15.713168449658776,15.713168449658776,False,False,0.0,0.0,0.7638461793283378,True,0.06469636117152495,0.0,True,6,0.0,0.0,0.0,11000,21000,Windows-AMD64-py3.14.3,self-contained local validation harness; charged-time accounting is disclosed by timing_mode
resource-defense_greedy-improvement_seed1,no-git,2026-05-27T22:16:09,1,greedy-improvement,self-contained-rts-micro,ResourceDefenseEnv,1.0-local,resource-defense,1,18.0,16.0,2.0,1.0,4.0,strict_delta_max,0.5,13.162359696786265,15.162359696786265,25.2242999849841,9.474499966017902,simulated_charged,GA,3.624219255389079,4,0,0,4,4,0.8901759999999999,0.8901759999999999,0.0,0.5,32,1,15.68562801201515,15.707660362130051,15.713168449658776,False,False,0.0,0.0,0.7422883567523676,True,0.03536510272766172,0.0,True,4,0.0,0.0,0.0,11000,21000,Windows-AMD64-py3.14.3,self-contained local validation harness; charged-time accounting is disclosed by timing_mode
resource-defense_greedy-improvement_seed1,no-git,2026-05-27T22:16:09,1,greedy-improvement,self-contained-rts-micro,ResourceDefenseEnv,1.0-local,resource-defense,2,18.0,16.0,2.0,1.0,4.0,strict_delta_max,0.5,12.217620588254736,14.217620588254736,31.118800048716366,11.632299865595996,simulated_charged,GA,3.7710822854607207,5,0,0,5,5,0.8901759999999999,0.8901759999999999,0.0,0.5,32,1,15.658087574371525,15.702152274601325,15.713168449658776,False,False,0.0,0.0,0.7072418876015917,True,0.032926694166984405,0.0,True,5,0.0,0.0,0.0,11000,21000,Windows-AMD64-py3.14.3,self-contained local validation harness; charged-time accounting is disclosed by timing_mode
resource-defense_greedy-improvement_seed1,no-git,2026-05-27T22:16:09,1,greedy-improvement,self-contained-rts-micro,ResourceDefenseEnv,1.0-local,resource-defense,3,18.0,16.0,2.0,1.0,4.0,strict_delta_max,0.5,12.599435708717024,14.599435708717024,31.30299993790686,11.93600008264184,simulated_charged,GA,1.9961801672767252,5,0,0,5,5,0.934008,0.934008,0.0,0.5,32,1,15.630547136727898,15.6966441870726,15.713168449658776,False,False,0.0,0.0,0.7593105646963385,True,0.07666245640144759,0.0,True,5,0.0,0.0,0.0,11000,21000,Windows-AMD64-py3.14.3,self-contained local validation harness; charged-time accounting is disclosed by timing_mode
resource-defense_greedy-improvement_seed1,no-git,2026-05-27T22:16:09,1,greedy-improvement,self-contained-rts-micro,ResourceDefenseEnv,1.0-local,resource-defense,4,18.0,16.0,2.0,1.0,4.0,strict_delta_max,0.5,14.400813284484723,16.400813284484723,31.644799979403615,12.172900140285492,simulated_charged,GA,2.465503082218685,5,0,0,5,5,0.934008,0.934008,0.0,0.5,32,1,16.263284317519535,16.373307491091687,16.400813284484723,False,False,0.0,0.0,0.7187133898218796,True,0.05349321461224059,0.0,True,5,0.0,0.0,0.0,11000,21000,Windows-AMD64-py3.14.3,self-contained local validation harness; charged-time accounting is disclosed by timing_mode
resource-defense_greedy-improvement_seed1,no-git,2026-05-27T22:16:09,1,greedy-improvement,self-contained-rts-micro,ResourceDefenseEnv,1.0-local,resource-defense,5,18.0,16.0,2.0,1.0,4.0,strict_delta_max,0.5,13.575535532561654,15.575535532561654,31.30780009087175,12.073899852111936,simulated_charged,GA,2.2114727752040686,5,0,0,5,5,0.9540919999999999,0.9540919999999999,0.0,0.5,32,1,16.228902075778237,16.366431042743425,16.400813284484723,False,False,0.0,0.0,0.6070512027979247,True,0.04962733008750656,0.0,True,5,0.0,0.0,0.0,11000,21000,Windows-AMD64-py3.14.3,self-contained local validation harness; charged-time accounting is disclosed by timing_mode
resource-defense_greedy-improvement_seed2,no-git,2026-05-27T22:16:09,2,greedy-improvement,self-contained-rts-micro,ResourceDefenseEnv,1.0-local,resource-defense,0,18.0,16.0,2.0,1.0,4.0,strict_delta_max,0.5,14.687508872258734,16.687508872258732,31.55939991120249,12.414200115017593,simulated_charged,GA,3.740484792257108,5,0,0,5,5,0.657472,0.657472,0.0,0.5,32,1,16.687508872258732,16.687508872258732,16.687508872258732,False,False,0.0,0.0,0.8388973103425893,True,0.03999196562768238,0.0,True,5,0.0,0.0,0.0,12000,22000,Windows-AMD64-py3.14.3,self-contained local validation harness; charged-time accounting is disclosed by timing_mode
resource-defense_greedy-improvement_seed2,no-git,2026-05-27T22:16:09,2,greedy-improvement,self-contained-rts-micro,ResourceDefenseEnv,1.0-local,resource-defense,1,18.0,16.0,2.0,1.0,4.0,strict_delta_max,0.5,13.800830738852243,15.800830738852243,37.240899982862175,14.391800039447844,simulated_charged,GA,2.046730220709815,6,0,0,6,6,0.949608,0.949608,0.0,0.5,32,1,16.643174965588408,16.67864209092467,16.687508872258732,False,False,0.0,0.0,0.5263883571059931,True,0.061404117849243614,0.0,True,6,0.0,0.0,0.0,12000,22000,Windows-AMD64-py3.14.3,self-contained local validation harness; charged-time accounting is disclosed by timing_mode
resource-defense_greedy-improvement_seed2,no-git,2026-05-27T22:16:09,2,greedy-improvement,self-contained-rts-micro,ResourceDefenseEnv,1.0-local,resource-defense,2,18.0,16.0,2.0,1.0,4.0,strict_delta_max,0.5,12.85941666660434,14.85941666660434,25.48090007621795,9.59060003515333,simulated_charged,GA,3.949777095792092,4,0,0,4,4,0.949608,0.949608,0.0,0.5,32,1,16.598841058918083,16.6697753095906,16.687508872258732,False,False,0.0,0.0,0.5584225930627067,True,0.03560936648790745,0.0,True,4,0.0,0.0,0.0,12000,22000,Windows-AMD64-py3.14.3,self-contained local validation harness; charged-time accounting is disclosed by timing_mode
resource-defense_greedy-improvement_seed2,no-git,2026-05-27T22:16:09,2,greedy-improvement,self-contained-rts-micro,ResourceDefenseEnv,1.0-local,resource-defense,3,18.0,16.0,2.0,1.0,4.0,strict_delta_max,0.5,13.301170392496322,15.301170392496322,32.0092000765726,12.18589989002794,simulated_charged,GA,2.0059632165006955,5,0,0,5,5,0.949608,0.949608,0.0,0.5,32,1,16.55450715224776,16.660908528256538,16.687508872258732,False,False,0.0,0.0,0.5782578406949954,True,0.06366793950870958,0.0,True,5,0.0,0.0,0.0,12000,22000,Windows-AMD64-py3.14.3,self-contained local validation harness; charged-time accounting is disclosed by timing_mode
resource-defense_greedy-improvement_seed2,no-git,2026-05-27T22:16:09,2,greedy-improvement,self-contained-rts-micro,ResourceDefenseEnv,1.0-local,resource-defense,4,18.0,16.0,2.0,1.0,4.0,strict_delta_max,0.5,12.687362633828464,14.687362633828464,32.1059999987483,12.702900101430714,simulated_charged,GA,3.125446309521131,5,0,0,5,5,0.949608,0.949608,0.0,0.5,32,1,16.510173245577434,16.65204174692247,16.687508872258732,False,False,0.0,0.0,0.5418308452021364,True,0.05465423683191487,0.0,True,5,0.0,0.0,0.0,12000,22000,Windows-AMD64-py3.14.3,self-contained local validation harness; charged-time accounting is disclosed by timing_mode
resource-defense_greedy-improvement_seed2,no-git,2026-05-27T22:16:09,2,greedy-improvement,self-contained-rts-micro,ResourceDefenseEnv,1.0-local,resource-defense,5,18.0,16.0,2.0,1.0,4.0,strict_delta_max,0.5,13.11299028094598,15.11299028094598,37.042399984784424,14.20140010304749,simulated_charged,GA,2.398766763121283,6,0,0,6,6,0.949608,0.949608,0.0,0.5,32,1,16.46583933890711,16.643174965588408,16.687508872258732,False,False,0.0,0.0,0.531288526325496,True,0.05354759697534079,0.0,True,6,0.0,0.0,0.0,12000,22000,Windows-AMD64-py3.14.3,self-contained local validation harness; charged-time accounting is disclosed by timing_mode
