run_id,seed,method,task_name,interval,atomic_index,module,charged_ms,cpu_ms,value,score,win_rate,improvement_rate,diversity,learning_progress,remaining_before_ms,remaining_after_ms,do_not_start_rule,handshake_events,note
line-duel_DLGPR-full_seed0,0,DLGPR-full,line-duel,0,0,GA,1.6893344512949398,1.8047000048682094,-1.0350000000000001,-1.0350000000000001,0.0,0.0,0.8116122098641232,0.0646168400523651,22.0,20.31066554870506,strict_delta_max,1,cross_layer_handoff_executed
line-duel_DLGPR-full_seed0,0,DLGPR-full,line-duel,0,1,PSO,1.20651110410417,1.309499959461391,-1.04,-1.04,0.0,0.0,0.0,0.07826905056619649,20.31066554870506,19.10415444460089,strict_delta_max,1,cross_layer_handoff_executed
line-duel_DLGPR-full_seed0,0,DLGPR-full,line-duel,0,2,RL,4.0,1.5045999316498637,-0.04500000000000004,-0.04500000000000004,0.5,0.24750000000000003,0.0,0.0,19.10415444460089,15.10415444460089,strict_delta_max,2,cross_layer_handoff_executed
line-duel_DLGPR-full_seed0,0,DLGPR-full,line-duel,0,3,RL,4.0,2.0459999796003103,-0.04500000000000004,-0.04500000000000004,0.5,0.0,0.0,0.0,15.10415444460089,11.10415444460089,strict_delta_max,2,cross_layer_handoff_executed
line-duel_DLGPR-full_seed0,0,DLGPR-full,line-duel,0,4,GA,2.789233237263689,0.8777000475674868,0.015000000000000013,0.015000000000000013,0.5,0.021511288191467855,0.711090923988706,0.02769050566929943,11.10415444460089,8.314921207337202,strict_delta_max,1,cross_layer_handoff_executed
line-duel_DLGPR-full_seed0,0,DLGPR-full,line-duel,0,5,GA,3.307601273445197,1.5187000390142202,-0.04500000000000004,-0.04500000000000004,0.5,0.0,0.6518435789771772,0.026829558184357262,8.314921207337202,5.0073199338920045,strict_delta_max,1,cross_layer_handoff_executed
line-duel_DLGPR-full_seed0,0,DLGPR-full,line-duel,0,6,GA,3.498440008079683,1.2823999859392643,-1.04,-1.04,0.0,0.0,0.6093654511265194,0.011483178708737387,5.0073199338920045,1.5088799258123213,strict_delta_max,1,cross_layer_handoff_executed
line-duel_DLGPR-full_seed0,0,DLGPR-full,line-duel,1,0,GA,2.3108352725228674,1.1747999815270305,-1.02,-1.02,0.0,0.0,0.5869056551787977,0.03824753156685189,22.0,19.689164727477134,strict_delta_max,1,cross_layer_handoff_executed
line-duel_DLGPR-full_seed0,0,DLGPR-full,line-duel,1,1,PSO,2.18881862883631,1.2640999630093575,-0.04500000000000004,-0.04500000000000004,0.5,0.0,0.0,0.05141137198210845,19.689164727477134,17.500346098640826,strict_delta_max,1,cross_layer_handoff_executed
line-duel_DLGPR-full_seed0,0,DLGPR-full,line-duel,1,2,RL,1.6261884052162876,2.1492999512702227,-0.04500000000000004,-0.04500000000000004,0.5,0.0,0.0,0.0,17.500346098640826,15.874157693424538,strict_delta_max,2,cross_layer_handoff_executed
line-duel_DLGPR-full_seed0,0,DLGPR-full,line-duel,1,3,GA,2.888764072863857,1.2917000567540526,-1.08,-1.08,0.0,0.0,0.5392043312764027,0.01563610653093274,15.874157693424538,12.98539362056068,strict_delta_max,1,cross_layer_handoff_executed
line-duel_DLGPR-full_seed0,0,DLGPR-full,line-duel,1,4,GA,3.7600424769245393,1.3306000037118793,-0.04500000000000004,-0.04500000000000004,0.5,0.0,0.5019896617035552,0.015241568511175287,12.98539362056068,9.225351143636141,strict_delta_max,1,cross_layer_handoff_executed
line-duel_DLGPR-full_seed0,0,DLGPR-full,line-duel,1,5,GA,2.097532685563981,1.20749999769032,-1.04,-1.04,0.0,0.0,0.4728513722368009,0.04545621845832415,9.225351143636141,7.12781845807216,strict_delta_max,1,cross_layer_handoff_executed
line-duel_DLGPR-full_seed0,0,DLGPR-full,line-duel,1,6,GA,1.8026132114945117,1.1935000075027347,-1.04,-1.04,0.0,0.0,0.4728513722368009,0.04097305263750619,7.12781845807216,5.3252052465776485,strict_delta_max,1,cross_layer_handoff_executed
line-duel_DLGPR-full_seed0,0,DLGPR-full,line-duel,1,7,GA,1.7660704222811403,1.4397000195458531,-0.04500000000000004,-0.04500000000000004,0.5,0.0,0.46731002282845957,0.03287137456931963,5.3252052465776485,3.559134824296508,strict_delta_max,1,cross_layer_handoff_executed
line-duel_DLGPR-full_seed0,0,DLGPR-full,line-duel,2,0,GA,2.458921160970258,1.2385000009089708,-0.04500000000000004,-0.04500000000000004,0.5,0.0,0.4570835387150882,0.022247979377555828,22.0,19.54107883902974,strict_delta_max,1,cross_layer_handoff_executed
line-duel_DLGPR-full_seed0,0,DLGPR-full,line-duel,2,1,PSO,2.3821675605800223,1.2830999912694097,-0.04500000000000004,-0.04500000000000004,0.5,0.0,0.0,0.03595644159188394,19.54107883902974,17.158911278449718,strict_delta_max,1,cross_layer_handoff_executed
line-duel_DLGPR-full_seed0,0,DLGPR-full,line-duel,2,2,RL,1.5341902491519743,1.5608000103384256,-0.04500000000000004,-0.04500000000000004,0.5,0.0,0.0,0.019554289317496684,17.158911278449718,15.624721029297744,strict_delta_max,2,cross_layer_handoff_executed
line-duel_DLGPR-full_seed0,0,DLGPR-full,line-duel,2,3,GA,3.9705085462986025,1.1961000273004174,-0.030000000000000027,-0.030000000000000027,0.5,0.0,0.38916213649020037,0.01867729157813742,15.624721029297744,11.654212482999142,strict_delta_max,1,cross_layer_handoff_executed
line-duel_DLGPR-full_seed0,0,DLGPR-full,line-duel,2,4,GA,1.1494251274317233,1.5421999851241708,-0.04500000000000004,-0.04500000000000004,0.5,0.0,0.38916213649020037,0.045826190928958774,11.654212482999142,10.50478735556742,strict_delta_max,1,cross_layer_handoff_executed
line-duel_DLGPR-full_seed0,0,DLGPR-full,line-duel,2,5,GA,2.672648839444282,1.2923999456688762,-1.02,-1.02,0.0,0.0,0.38916213649020037,0.019760142308756327,10.50478735556742,7.832138516123138,strict_delta_max,1,cross_layer_handoff_executed
line-duel_DLGPR-full_seed0,0,DLGPR-full,line-duel,2,6,GA,1.739948684400163,1.6224998980760574,-1.1,-1.1,0.0,0.0,0.38916213649020037,0.0354799240554975,7.832138516123138,6.092189831722974,strict_delta_max,1,cross_layer_handoff_executed
line-duel_DLGPR-full_seed0,0,DLGPR-full,line-duel,2,7,GA,3.5816563529353447,1.879699993878603,-0.04500000000000004,-0.04500000000000004,0.5,0.0,0.38916213649020037,0.019437090664038904,6.092189831722974,2.5105334787876297,strict_delta_max,1,cross_layer_handoff_executed
line-duel_DLGPR-full_seed0,0,DLGPR-full,line-duel,3,0,GA,3.7484597253043517,1.3316000113263726,0.015000000000000013,0.015000000000000013,0.5,0.0,0.39989244349464986,0.017405029169513715,22.0,18.25154027469565,strict_delta_max,1,cross_layer_handoff_executed
line-duel_DLGPR-full_seed0,0,DLGPR-full,line-duel,3,1,PSO,2.8760697442143077,1.5540000749751925,-0.04500000000000004,-0.04500000000000004,0.5,0.0,0.0,0.01856906040885346,18.25154027469565,15.375470530481342,strict_delta_max,1,cross_layer_handoff_executed
line-duel_DLGPR-full_seed0,0,DLGPR-full,line-duel,3,2,RL,2.716291354870898,1.464799977838993,-0.04500000000000004,-0.04500000000000004,0.5,0.0,0.0,0.0147259607951376,15.375470530481342,12.659179175610443,strict_delta_max,2,cross_layer_handoff_executed
line-duel_DLGPR-full_seed0,0,DLGPR-full,line-duel,3,3,RL,1.7364855485135349,1.4949000906199217,-0.04500000000000004,-0.04500000000000004,0.5,0.0,0.0,0.0,12.659179175610443,10.922693627096908,strict_delta_max,2,cross_layer_handoff_executed
line-duel_DLGPR-full_seed0,0,DLGPR-full,line-duel,3,4,GA,1.2891509851708727,0.9667999111115932,0.015000000000000013,0.015000000000000013,0.5,0.0,0.4092622169720109,0.04580343312211426,10.922693627096908,9.633542641926036,strict_delta_max,1,cross_layer_handoff_executed
line-duel_DLGPR-full_seed0,0,DLGPR-full,line-duel,3,5,GA,2.0863552376497725,1.1201000306755304,0.015000000000000013,0.015000000000000013,0.5,0.0,0.4742071423556554,0.04089947561310003,9.633542641926036,7.547187404276263,strict_delta_max,1,cross_layer_handoff_executed
line-duel_DLGPR-full_seed0,0,DLGPR-full,line-duel,3,6,GA,3.0916236582780785,1.3357000425457954,-0.04500000000000004,-0.04500000000000004,0.5,0.0,0.4742071423556554,0.019545886097961238,7.547187404276263,4.455563745998185,strict_delta_max,1,cross_layer_handoff_executed
line-duel_DLGPR-full_seed0,0,DLGPR-full,line-duel,3,7,GA,2.7413915896436496,1.118800020776689,0.015000000000000013,0.015000000000000013,0.5,0.0,0.5232547498363536,0.030710515856017993,4.455563745998185,1.7141721563545351,strict_delta_max,1,cross_layer_handoff_executed
line-duel_DLGPR-full_seed0,0,DLGPR-full,line-duel,4,0,GA,2.8068770614330503,1.001400058157742,0.015000000000000013,0.015000000000000013,0.5,0.0,0.5353520469193238,0.02352992621563254,22.0,19.19312293856695,strict_delta_max,1,cross_layer_handoff_executed
line-duel_DLGPR-full_seed0,0,DLGPR-full,line-duel,4,1,PSO,2.3653067198285034,1.331100007519126,-0.04500000000000004,-0.04500000000000004,0.5,0.0,0.0,0.03239671406270375,19.19312293856695,16.827816218738448,strict_delta_max,1,cross_layer_handoff_executed
line-duel_DLGPR-full_seed0,0,DLGPR-full,line-duel,4,2,RL,3.072182957626093,1.3876999728381634,-0.04500000000000004,-0.04500000000000004,0.5,0.0,0.0,0.0,16.827816218738448,13.755633261112354,strict_delta_max,2,cross_layer_handoff_executed
line-duel_DLGPR-full_seed0,0,DLGPR-full,line-duel,4,3,GA,1.9882210979027566,1.0882000206038356,-0.03500000000000003,-0.03500000000000003,0.5,0.0,0.5017424600275386,0.02967776154590268,13.755633261112354,11.767412163209597,strict_delta_max,1,cross_layer_handoff_executed
line-duel_DLGPR-full_seed0,0,DLGPR-full,line-duel,4,4,GA,2.1693391883613735,1.0869000107049942,0.015000000000000013,0.015000000000000013,0.5,0.0,0.4870300103113567,0.04116387796942023,11.767412163209597,9.598072974848224,strict_delta_max,1,cross_layer_handoff_executed
line-duel_DLGPR-full_seed0,0,DLGPR-full,line-duel,4,5,GA,1.4902324389389525,1.128600095398724,0.0,0.0,0.5,0.0,0.466496732703029,0.046188862334585704,9.598072974848224,8.107840535909272,strict_delta_max,1,cross_layer_handoff_executed
line-duel_DLGPR-full_seed0,0,DLGPR-full,line-duel,4,6,GA,2.5173501819015964,1.499700010754168,-0.04500000000000004,-0.04500000000000004,0.5,0.0,0.466496732703029,0.035710026718004044,8.107840535909272,5.590490354007676,strict_delta_max,1,cross_layer_handoff_executed
line-duel_DLGPR-full_seed0,0,DLGPR-full,line-duel,4,7,GA,1.5074653190383618,1.2599999317899346,0.0,0.0,0.5,0.0,0.4828438818528859,0.05782122997295077,5.590490354007676,4.083025034969314,strict_delta_max,1,cross_layer_handoff_executed
line-duel_DLGPR-full_seed0,0,DLGPR-full,line-duel,4,8,GA,1.5565561926888614,1.147200004197657,0.015000000000000013,0.015000000000000013,0.5,0.0,0.478106467730405,0.04617039794755768,4.083025034969314,2.5264688422804524,strict_delta_max,1,cross_layer_handoff_executed
line-duel_DLGPR-full_seed0,0,DLGPR-full,line-duel,5,0,GA,1.2148443885454498,1.3099999632686377,-1.02,-1.02,0.0,0.0,0.478106467730405,0.06261892890253445,22.0,20.78515561145455,strict_delta_max,1,cross_layer_handoff_executed
line-duel_DLGPR-full_seed0,0,DLGPR-full,line-duel,5,1,PSO,1.9735916440108257,1.4097000239416957,-0.04500000000000004,-0.04500000000000004,0.5,0.0,0.0,0.045566331845075775,20.78515561145455,18.811563967443725,strict_delta_max,1,cross_layer_handoff_executed
line-duel_DLGPR-full_seed0,0,DLGPR-full,line-duel,5,2,RL,1.5721115831741903,1.7322000348940492,-0.04500000000000004,-0.04500000000000004,0.5,0.0,0.0,0.0,18.811563967443725,17.239452384269534,strict_delta_max,2,cross_layer_handoff_executed
line-duel_DLGPR-full_seed0,0,DLGPR-full,line-duel,5,3,GA,3.185159985473681,1.2101000174880028,-0.04500000000000004,-0.04500000000000004,0.5,0.0,0.478106467730405,0.01736524157388863,17.239452384269534,14.054292398795852,strict_delta_max,1,cross_layer_handoff_executed
line-duel_DLGPR-full_seed0,0,DLGPR-full,line-duel,5,4,GA,1.115925565377545,1.4100000262260437,-1.02,-1.02,0.0,0.0,0.478106467730405,0.06435759364161434,14.054292398795852,12.938366833418307,strict_delta_max,1,cross_layer_handoff_executed
line-duel_DLGPR-full_seed0,0,DLGPR-full,line-duel,5,5,GA,1.380054320646095,1.2436999240890145,0.015000000000000013,0.015000000000000013,0.5,0.0,0.49402967547840404,0.07520955261359503,12.938366833418307,11.558312512772211,strict_delta_max,1,cross_layer_handoff_executed
line-duel_DLGPR-full_seed0,0,DLGPR-full,line-duel,5,6,GA,2.5567490667005544,1.6202999977394938,-0.04500000000000004,-0.04500000000000004,0.5,0.0,0.49402967547840404,0.02666012758066684,11.558312512772211,9.001563446071657,strict_delta_max,1,cross_layer_handoff_executed
line-duel_DLGPR-full_seed0,0,DLGPR-full,line-duel,5,7,GA,2.9884433272740125,1.6377000138163567,-0.04500000000000004,-0.04500000000000004,0.5,0.0,0.49402967547840404,0.020275903232339618,9.001563446071657,6.013120118797644,strict_delta_max,1,cross_layer_handoff_executed
line-duel_DLGPR-full_seed0,0,DLGPR-full,line-duel,5,8,GA,1.192276019740498,1.3111999724060297,0.015000000000000013,0.015000000000000013,0.5,0.0,0.5113716457142736,0.05908914909959151,6.013120118797644,4.820844099057147,strict_delta_max,1,cross_layer_handoff_executed
line-duel_DLGPR-full_seed0,0,DLGPR-full,line-duel,5,9,GA,3.2674682328166282,1.5739999944344163,-0.04500000000000004,-0.04500000000000004,0.5,0.0,0.5113716457142736,0.02576638195644788,4.820844099057147,1.5533758662405184,strict_delta_max,1,cross_layer_handoff_executed
line-duel_DLGPR-full_seed1,1,DLGPR-full,line-duel,0,0,GA,2.9420915853436957,1.7641999293118715,-1.04,-1.04,0.0,0.0,0.9222503083015591,0.04079385976487518,22.0,19.057908414656303,strict_delta_max,1,cross_layer_handoff_executed
line-duel_DLGPR-full_seed1,1,DLGPR-full,line-duel,0,1,PSO,1.0478464117356086,1.4146999455988407,-1.04,-1.04,0.0,0.0,0.0,0.07191417322099722,19.057908414656303,18.010062002920694,strict_delta_max,1,cross_layer_handoff_executed
line-duel_DLGPR-full_seed1,1,DLGPR-full,line-duel,0,2,RL,3.4847291488855876,2.312100026756525,-1.09,-1.09,0.0,0.0,0.0,0.0,18.010062002920694,14.525332854035106,strict_delta_max,2,cross_layer_handoff_executed
line-duel_DLGPR-full_seed1,1,DLGPR-full,line-duel,0,3,GA,3.3528046698476497,1.272799912840128,-1.04,-1.04,0.0,0.0,0.8604127127874946,0.02728321313387214,14.525332854035106,11.172528184187456,strict_delta_max,1,cross_layer_handoff_executed
line-duel_DLGPR-full_seed1,1,DLGPR-full,line-duel,0,4,GA,1.638230672215212,1.4164999593049288,-1.025,-1.025,0.0,0.009156219728029604,0.8233593182171755,0.06188131429757374,11.172528184187456,9.534297511972245,strict_delta_max,1,cross_layer_handoff_executed
line-duel_DLGPR-full_seed1,1,DLGPR-full,line-duel,0,5,GA,1.8560707346468086,1.52449996676296,-1.04,-1.04,0.0,0.0,0.7942710361878224,0.05097401548252652,9.534297511972245,7.6782267773254365,strict_delta_max,1,cross_layer_handoff_executed
line-duel_DLGPR-full_seed1,1,DLGPR-full,line-duel,0,6,GA,2.462978385731129,1.4588999329134822,-1.025,-1.025,0.0,0.0,0.8115700590224146,0.036679131685953145,7.6782267773254365,5.215248391594308,strict_delta_max,1,cross_layer_handoff_executed
line-duel_DLGPR-full_seed1,1,DLGPR-full,line-duel,0,7,GA,3.7117947863258833,1.9250999903306365,-1.1,-1.1,0.0,0.0,0.8115700590224146,0.02436371388898794,5.215248391594308,1.5034536052684246,strict_delta_max,1,cross_layer_handoff_executed
line-duel_DLGPR-full_seed1,1,DLGPR-full,line-duel,1,0,GA,1.1548233962139158,1.395900035277009,-1.04,-1.04,0.0,0.0,0.8115700590224146,0.08089658930675933,22.0,20.845176603786083,strict_delta_max,1,cross_layer_handoff_executed
line-duel_DLGPR-full_seed1,1,DLGPR-full,line-duel,1,1,PSO,2.263868314129334,1.4425000408664346,-1.04,-1.04,0.0,0.0,0.0,0.03191764753770498,20.845176603786083,18.58130828965675,strict_delta_max,1,cross_layer_handoff_executed
line-duel_DLGPR-full_seed1,1,DLGPR-full,line-duel,1,2,RL,1.9629541493428897,2.074599964544177,-1.085,-1.085,0.0,0.0,0.0,0.0,18.58130828965675,16.618354140313862,strict_delta_max,2,cross_layer_handoff_executed
line-duel_DLGPR-full_seed1,1,DLGPR-full,line-duel,1,3,GA,3.2129469498718106,1.423400011844933,-1.04,-1.04,0.0,0.0,0.8115700590224146,0.031324644403902174,16.618354140313862,13.405407190442052,strict_delta_max,1,cross_layer_handoff_executed
line-duel_DLGPR-full_seed1,1,DLGPR-full,line-duel,1,4,GA,2.5119157323450922,1.765499939210713,-1.04,-1.04,0.0,0.0,0.8115700590224146,0.034666930577976464,13.405407190442052,10.89349145809696,strict_delta_max,1,cross_layer_handoff_executed
line-duel_DLGPR-full_seed1,1,DLGPR-full,line-duel,1,5,GA,3.8780070212990463,1.573299989104271,-1.04,-1.04,0.0,0.0,0.8115700590224146,0.024883830276736324,10.89349145809696,7.015484436797914,strict_delta_max,1,cross_layer_handoff_executed
line-duel_DLGPR-full_seed1,1,DLGPR-full,line-duel,1,6,GA,3.14650938521563,1.6795999836176634,-1.04,-1.04,0.0,0.0,0.8115700590224146,0.024904411215419253,7.015484436797914,3.868975051582284,strict_delta_max,1,cross_layer_handoff_executed
line-duel_DLGPR-full_seed1,1,DLGPR-full,line-duel,2,0,GA,1.2262066024550182,1.2817999813705683,-1.04,-1.04,0.0,0.0,0.8115700590224146,0.09303778338815588,22.0,20.77379339754498,strict_delta_max,1,cross_layer_handoff_executed
line-duel_DLGPR-full_seed1,1,DLGPR-full,line-duel,2,1,PSO,1.573897831470199,1.392600010149181,-1.04,-1.04,0.0,0.0,0.0,0.0314239172519746,20.77379339754498,19.199895566074783,strict_delta_max,1,cross_layer_handoff_executed
line-duel_DLGPR-full_seed1,1,DLGPR-full,line-duel,2,2,RL,2.2270984103251417,2.2763999877497554,-1.1,-1.1,0.0,0.0,0.0,0.0089802946772703,19.199895566074783,16.972797155749642,strict_delta_max,2,cross_layer_handoff_executed
line-duel_DLGPR-full_seed1,1,DLGPR-full,line-duel,2,3,GA,2.4592431437925177,1.4341999776661396,-1.04,-1.04,0.0,0.0,0.8115700590224146,0.03638293713829378,16.972797155749642,14.513554011957124,strict_delta_max,1,cross_layer_handoff_executed
line-duel_DLGPR-full_seed1,1,DLGPR-full,line-duel,2,4,GA,2.6531560376076078,1.9235999789088964,-1.1,-1.1,0.0,0.0,0.8115700590224146,0.03373751362720419,14.513554011957124,11.860397974349517,strict_delta_max,1,cross_layer_handoff_executed
line-duel_DLGPR-full_seed1,1,DLGPR-full,line-duel,2,5,GA,3.7072491233710303,1.7313000280410051,-1.04,-1.04,0.0,0.0,0.8115700590224146,0.020141965582085208,11.860397974349517,8.153148850978488,strict_delta_max,1,cross_layer_handoff_executed
line-duel_DLGPR-full_seed1,1,DLGPR-full,line-duel,2,6,GA,2.0628560629223873,1.6653999919071794,-1.025,-1.025,0.0,0.0,0.7827107076990035,0.029418494113622552,8.153148850978488,6.0902927880561,strict_delta_max,1,cross_layer_handoff_executed
line-duel_DLGPR-full_seed1,1,DLGPR-full,line-duel,2,7,GA,3.5921358133745924,1.7891000024974346,-1.1,-1.1,0.0,0.0,0.7827107076990035,0.024411943937154467,6.0902927880561,2.4981569746815078,strict_delta_max,1,cross_layer_handoff_executed
line-duel_DLGPR-full_seed1,1,DLGPR-full,line-duel,3,0,GA,3.3338980232844397,1.3247999595478177,-1.04,-1.04,0.0,0.0,0.7827107076990035,0.031660623840421294,22.0,18.66610197671556,strict_delta_max,1,cross_layer_handoff_executed
line-duel_DLGPR-full_seed1,1,DLGPR-full,line-duel,3,1,PSO,1.9288840336044943,1.4155999524518847,-1.045,-1.045,0.0,0.0,0.0,0.04399192688057273,18.66610197671556,16.737217943111066,strict_delta_max,1,cross_layer_handoff_executed
line-duel_DLGPR-full_seed1,1,DLGPR-full,line-duel,3,2,RL,1.2125487165038635,1.8863000441342592,-1.1,-1.1,0.0,0.0,0.0,1.68240663012858,16.737217943111066,15.524669226607202,strict_delta_max,2,cross_layer_handoff_executed
line-duel_DLGPR-full_seed1,1,DLGPR-full,line-duel,3,3,GA,2.5411770987824442,1.262499950826168,-1.04,-1.04,0.0,0.0,0.7827107076990035,0.03048835231504544,15.524669226607202,12.983492127824757,strict_delta_max,1,cross_layer_handoff_executed
line-duel_DLGPR-full_seed1,1,DLGPR-full,line-duel,3,4,GA,3.5919099162969963,2.0372000290080905,-1.1,-1.1,0.0,0.0,0.7827107076990035,0.022329834731803385,12.983492127824757,9.39158221152776,strict_delta_max,1,cross_layer_handoff_executed
line-duel_DLGPR-full_seed1,1,DLGPR-full,line-duel,3,5,GA,3.082642235030963,1.5483000315725803,-1.04,-1.04,0.0,0.0,0.7827107076990035,0.0251899800230874,9.39158221152776,6.308939976496797,strict_delta_max,1,cross_layer_handoff_executed
line-duel_DLGPR-full_seed1,1,DLGPR-full,line-duel,3,6,GA,1.9977369883815008,1.6283000586554408,-1.04,-1.04,0.0,0.0,0.7827107076990035,0.033710278121381713,6.308939976496797,4.311202988115296,strict_delta_max,1,cross_layer_handoff_executed
line-duel_DLGPR-full_seed1,1,DLGPR-full,line-duel,3,7,GA,1.7953362343865429,1.588099985383451,-1.03,-1.03,0.0,0.0,0.7490564889501983,0.03133486522899024,4.311202988115296,2.515866753728753,strict_delta_max,1,cross_layer_handoff_executed
line-duel_DLGPR-full_seed1,1,DLGPR-full,line-duel,4,0,GA,1.1848658910742405,1.4999000122770667,-1.04,-1.04,0.0,0.0,0.7490564889501983,0.06628782437081358,22.0,20.81513410892576,strict_delta_max,1,cross_layer_handoff_executed
line-duel_DLGPR-full_seed1,1,DLGPR-full,line-duel,4,1,PSO,2.3361822286243683,2.1034000674262643,-1.04,-1.04,0.0,0.0,0.0,0.02049986414394512,20.81513410892576,18.478951880301395,strict_delta_max,1,cross_layer_handoff_executed
line-duel_DLGPR-full_seed1,1,DLGPR-full,line-duel,4,2,RL,1.453050761579849,2.1165000507608056,-1.04,-1.04,0.0,0.0,0.0,0.0,18.478951880301395,17.025901118721546,strict_delta_max,2,cross_layer_handoff_executed
line-duel_DLGPR-full_seed1,1,DLGPR-full,line-duel,4,3,GA,2.3510590295711618,1.6672000056132674,-1.1,-1.1,0.0,0.0,0.7490564889501983,0.03491525987076481,17.025901118721546,14.674842089150385,strict_delta_max,1,cross_layer_handoff_executed
line-duel_DLGPR-full_seed1,1,DLGPR-full,line-duel,4,4,GA,3.4798297338687227,1.6947999829426408,-1.04,-1.04,0.0,0.0,0.7490564889501983,0.020278255616218727,14.674842089150385,11.195012355281662,strict_delta_max,1,cross_layer_handoff_executed
line-duel_DLGPR-full_seed1,1,DLGPR-full,line-duel,4,5,GA,1.8788222739374396,1.596700050868094,-1.04,-1.04,0.0,0.0,0.7490564889501983,0.04729989383959643,11.195012355281662,9.316190081344223,strict_delta_max,1,cross_layer_handoff_executed
line-duel_DLGPR-full_seed1,1,DLGPR-full,line-duel,4,6,GA,2.628235086482407,1.8566000508144498,-1.1,-1.1,0.0,0.0,0.7490564889501983,0.031184758579391937,9.316190081344223,6.6879549948618155,strict_delta_max,1,cross_layer_handoff_executed
line-duel_DLGPR-full_seed1,1,DLGPR-full,line-duel,4,7,GA,1.899850427498707,1.576300011947751,-1.04,-1.04,0.0,0.0,0.7490564889501983,0.04647562748801991,6.6879549948618155,4.788104567363108,strict_delta_max,1,cross_layer_handoff_executed
line-duel_DLGPR-full_seed1,1,DLGPR-full,line-duel,4,8,GA,1.4676048127115506,1.450599986128509,-1.04,-1.04,0.0,0.0,0.7490564889501983,0.06090773125946716,4.788104567363108,3.3204997546515576,strict_delta_max,1,cross_layer_handoff_executed
line-duel_DLGPR-full_seed1,1,DLGPR-full,line-duel,5,0,GA,2.6446550324396036,1.4377000043168664,-1.04,-1.04,0.0,0.0,0.7490564889501983,0.022960307667318696,22.0,19.355344967560395,strict_delta_max,1,cross_layer_handoff_executed
line-duel_DLGPR-full_seed1,1,DLGPR-full,line-duel,5,1,PSO,1.9718303385860103,1.30390003323555,-1.03,-1.03,0.0,0.0,0.0,0.03814628698627356,19.355344967560395,17.383514628974385,strict_delta_max,1,cross_layer_handoff_executed
line-duel_DLGPR-full_seed1,1,DLGPR-full,line-duel,5,2,RL,3.248161344136816,2.404300030320883,-1.1,-1.1,0.0,0.0,0.0,0.0,17.383514628974385,14.135353284837569,strict_delta_max,2,cross_layer_handoff_executed
line-duel_DLGPR-full_seed1,1,DLGPR-full,line-duel,5,3,GA,1.7741622155885524,1.3819999294355512,-1.04,-1.04,0.0,0.0,0.7490564889501983,0.03136611878630612,14.135353284837569,12.361191069249017,strict_delta_max,1,cross_layer_handoff_executed
line-duel_DLGPR-full_seed1,1,DLGPR-full,line-duel,5,4,GA,2.9654985356821393,1.4422000385820866,-1.04,-1.04,0.0,0.0,0.7490564889501983,0.031583134435613676,12.361191069249017,9.395692533566878,strict_delta_max,1,cross_layer_handoff_executed
line-duel_DLGPR-full_seed1,1,DLGPR-full,line-duel,5,5,GA,3.488104669472219,1.4807999832555652,-1.025,-1.025,0.0,0.0,0.7414174136011957,0.024809901222327138,9.395692533566878,5.907587864094659,strict_delta_max,1,cross_layer_handoff_executed
line-duel_DLGPR-full_seed1,1,DLGPR-full,line-duel,5,6,GA,1.9869757061748894,1.5774000203236938,-1.07,-1.07,0.0,0.0,0.7414174136011957,0.04032538375353053,5.907587864094659,3.92061215791977,strict_delta_max,1,cross_layer_handoff_executed
line-duel_DLGPR-full_seed2,2,DLGPR-full,line-duel,0,0,GA,2.282163808635265,1.6159999649971724,-0.0050000000000000044,-0.0050000000000000044,0.5,0.43818064076566016,0.8841395898889056,0.059171347775251876,22.0,19.717836191364736,strict_delta_max,1,cross_layer_handoff_executed
line-duel_DLGPR-full_seed2,2,DLGPR-full,line-duel,0,1,PSO,1.6878748875696683,1.5164000215008855,-0.039999999999999925,-0.039999999999999925,0.5,0.0,0.0,0.05743481707658332,19.717836191364736,18.02996130379507,strict_delta_max,1,cross_layer_handoff_executed
line-duel_DLGPR-full_seed2,2,DLGPR-full,line-duel,0,2,RL,2.2195134993315166,2.0453999750316143,-1.005,-1.005,0.0,0.0,0.0,0.0,18.02996130379507,15.810447804463553,strict_delta_max,2,cross_layer_handoff_executed
line-duel_DLGPR-full_seed2,2,DLGPR-full,line-duel,0,3,GA,2.5458951316609566,1.0579000227153301,-1.03,-1.03,0.0,0.0,0.8205222274787475,0.035383290517440956,15.810447804463553,13.264552672802598,strict_delta_max,1,cross_layer_handoff_executed
line-duel_DLGPR-full_seed2,2,DLGPR-full,line-duel,0,4,GA,2.3246963811722035,1.2089000083506107,-1.005,-1.005,0.0,0.0,0.8180698351834279,0.04665933347019414,13.264552672802598,10.939856291630395,strict_delta_max,1,cross_layer_handoff_executed
line-duel_DLGPR-full_seed2,2,DLGPR-full,line-duel,0,5,GA,2.3598755340478395,1.4253000263124704,-1.0350000000000001,-1.0350000000000001,0.0,0.0,0.7613611695881136,0.0391291596246282,10.939856291630395,8.579980757582556,strict_delta_max,1,cross_layer_handoff_executed
line-duel_DLGPR-full_seed2,2,DLGPR-full,line-duel,0,6,GA,1.2086574891905308,1.1807000264525414,-1.005,-1.005,0.0,0.0,0.7592924244178799,0.12162630563039699,8.579980757582556,7.371323268392025,strict_delta_max,1,cross_layer_handoff_executed
line-duel_DLGPR-full_seed2,2,DLGPR-full,line-duel,0,7,GA,1.7295073282686193,1.1491000186651945,-1.005,-1.005,0.0,0.0,0.7921542587254701,0.08438917663843092,7.371323268392025,5.641815940123406,strict_delta_max,1,cross_layer_handoff_executed
line-duel_DLGPR-full_seed2,2,DLGPR-full,line-duel,0,8,GA,2.0594812437619225,1.5203999355435371,-1.0699999999999998,-1.0699999999999998,0.0,0.0,0.7921542587254701,0.050794785623719606,5.641815940123406,3.5823346963614835,strict_delta_max,1,cross_layer_handoff_executed
line-duel_DLGPR-full_seed2,2,DLGPR-full,line-duel,1,0,GA,1.4510045488894203,0.9920001029968262,-1.005,-1.005,0.0,0.0,0.7812314952078258,0.05340507626506844,22.0,20.548995451110578,strict_delta_max,1,cross_layer_handoff_executed
line-duel_DLGPR-full_seed2,2,DLGPR-full,line-duel,1,1,PSO,1.8401262640345393,1.4681000029668212,-1.065,-1.065,0.0,0.0,0.0,0.037624236984763186,20.548995451110578,18.70886918707604,strict_delta_max,1,cross_layer_handoff_executed
line-duel_DLGPR-full_seed2,2,DLGPR-full,line-duel,1,2,RL,2.773992461293532,2.079099998809397,-1.005,-1.005,0.0,0.0,0.0,0.0,18.70886918707604,15.934876725782509,strict_delta_max,2,cross_layer_handoff_executed
line-duel_DLGPR-full_seed2,2,DLGPR-full,line-duel,1,3,GA,2.1442270521107663,0.8708999957889318,-1.005,-1.005,0.0,0.0,0.7812314952078258,0.03140260537062175,15.934876725782509,13.790649673671743,strict_delta_max,1,cross_layer_handoff_executed
line-duel_DLGPR-full_seed2,2,DLGPR-full,line-duel,1,4,GA,1.064796177993072,1.4542998978868127,-1.0699999999999998,-1.0699999999999998,0.0,0.0,0.7812314952078258,0.1156826743499596,13.790649673671743,12.72585349567867,strict_delta_max,1,cross_layer_handoff_executed
line-duel_DLGPR-full_seed2,2,DLGPR-full,line-duel,1,5,GA,3.192101500182558,1.1180000146850944,-1.005,-1.005,0.0,0.0,0.7812314952078258,0.03974057010280799,12.72585349567867,9.533751995496113,strict_delta_max,1,cross_layer_handoff_executed
line-duel_DLGPR-full_seed2,2,DLGPR-full,line-duel,1,6,GA,2.058094270144432,1.4838000060990453,-0.025000000000000022,-0.025000000000000022,0.5,0.0,0.8033969151254382,0.04944303964800208,9.533751995496113,7.475657725351681,strict_delta_max,1,cross_layer_handoff_executed
line-duel_DLGPR-full_seed2,2,DLGPR-full,line-duel,1,7,GA,1.4633125374020906,1.3079000636935234,0.010000000000000009,0.010000000000000009,0.5,0.010250715152506274,0.8075918785884282,0.07835704596883651,7.475657725351681,6.01234518794959,strict_delta_max,1,cross_layer_handoff_executed
line-duel_DLGPR-full_seed2,2,DLGPR-full,line-duel,1,8,GA,1.7294325448933152,1.4120000414550304,-1.03,-1.03,0.0,0.0,0.8075918785884282,0.05720303257246805,6.01234518794959,4.2829126430562745,strict_delta_max,1,cross_layer_handoff_executed
line-duel_DLGPR-full_seed2,2,DLGPR-full,line-duel,1,9,GA,3.9104492580398684,1.341500086709857,-0.0050000000000000044,-0.0050000000000000044,0.5,0.0,0.7737656137227757,0.03045670606424975,4.2829126430562745,0.3724633850164061,strict_delta_max,1,cross_layer_handoff_executed
line-duel_DLGPR-full_seed2,2,DLGPR-full,line-duel,2,0,GA,2.715171271008216,1.1491000186651945,0.025000000000000022,0.025000000000000022,0.5,0.005524513374226337,0.7587901592517876,0.03768006025151298,22.0,19.284828728991783,strict_delta_max,1,cross_layer_handoff_executed
line-duel_DLGPR-full_seed2,2,DLGPR-full,line-duel,2,1,PSO,3.4889059389841903,1.4745999360457063,-0.039999999999999925,-0.039999999999999925,0.5,0.0,0.0,0.025393530378427634,19.284828728991783,15.795922790007593,strict_delta_max,1,cross_layer_handoff_executed
line-duel_DLGPR-full_seed2,2,DLGPR-full,line-duel,2,2,RL,2.016262420232388,1.9029000541195273,-1.005,-1.005,0.0,0.0,0.0,0.014879015597851751,15.795922790007593,13.779660369775204,strict_delta_max,2,cross_layer_handoff_executed
line-duel_DLGPR-full_seed2,2,DLGPR-full,line-duel,2,3,GA,3.8106853427980103,1.227000029757619,-0.0050000000000000044,-0.0050000000000000044,0.5,0.0,0.7008813699874153,0.031204432753098945,13.779660369775204,9.968975026977194,strict_delta_max,1,cross_layer_handoff_executed
line-duel_DLGPR-full_seed2,2,DLGPR-full,line-duel,2,4,GA,1.5659194497997562,1.368400058709085,-1.0350000000000001,-1.0350000000000001,0.0,0.0,0.7008813699874153,0.07359977332122458,9.968975026977194,8.403055577177438,strict_delta_max,1,cross_layer_handoff_executed
line-duel_DLGPR-full_seed2,2,DLGPR-full,line-duel,2,5,GA,2.5471160496991274,1.3992999447509646,0.025000000000000022,0.025000000000000022,0.5,0.0,0.6347920604463697,0.043632092136166915,8.403055577177438,5.855939527478311,strict_delta_max,1,cross_layer_handoff_executed
line-duel_DLGPR-full_seed2,2,DLGPR-full,line-duel,2,6,GA,3.179412144567154,1.4214999973773956,0.025000000000000022,0.025000000000000022,0.5,0.0,0.6334805981803975,0.03375691559808989,5.855939527478311,2.676527382911157,strict_delta_max,1,cross_layer_handoff_executed
line-duel_DLGPR-full_seed2,2,DLGPR-full,line-duel,3,0,GA,3.382990701168343,1.1257999576628208,0.025000000000000022,0.025000000000000022,0.5,0.0,0.5954970565415226,0.034676973720668046,22.0,18.617009298831658,strict_delta_max,1,cross_layer_handoff_executed
line-duel_DLGPR-full_seed2,2,DLGPR-full,line-duel,3,1,PSO,1.359292601931908,1.1635000118985772,-1.005,-1.005,0.0,0.0,0.0,0.06862908034624036,18.617009298831658,17.25771669689975,strict_delta_max,1,cross_layer_handoff_executed
line-duel_DLGPR-full_seed2,2,DLGPR-full,line-duel,3,2,RL,1.678304543812618,1.3879999751225114,-1.005,-1.005,0.0,0.0,0.0,1.227429197873874,17.25771669689975,15.57941215308713,strict_delta_max,2,cross_layer_handoff_executed
line-duel_DLGPR-full_seed2,2,DLGPR-full,line-duel,3,3,GA,3.6236518847633405,1.0801999596878886,-0.0050000000000000044,-0.0050000000000000044,0.5,0.0,0.5847861043414772,0.03432447917019856,15.57941215308713,11.95576026832379,strict_delta_max,1,cross_layer_handoff_executed
line-duel_DLGPR-full_seed2,2,DLGPR-full,line-duel,3,4,GA,3.7866442315759667,1.2704000109806657,0.025000000000000022,0.025000000000000022,0.5,0.0,0.5848783989284265,0.028297672270690213,11.95576026832379,8.169116036747823,strict_delta_max,1,cross_layer_handoff_executed
line-duel_DLGPR-full_seed2,2,DLGPR-full,line-duel,3,5,GA,2.404023353872807,1.3921000063419342,-0.0050000000000000044,-0.0050000000000000044,0.5,0.0,0.5848783989284265,0.04255763798205074,8.169116036747823,5.765092682875016,strict_delta_max,1,cross_layer_handoff_executed
line-duel_DLGPR-full_seed2,2,DLGPR-full,line-duel,3,6,GA,1.661438276340128,1.5965999336913228,-0.039999999999999925,-0.039999999999999925,0.5,0.0,0.5848783989284265,0.07163541775471546,5.765092682875016,4.103654406534888,strict_delta_max,1,cross_layer_handoff_executed
line-duel_DLGPR-full_seed2,2,DLGPR-full,line-duel,3,7,GA,2.6413987030635813,1.3171000173315406,0.025000000000000022,0.025000000000000022,0.5,0.0,0.5821279281424345,0.038218277144384055,4.103654406534888,1.4622557034713068,strict_delta_max,1,cross_layer_handoff_executed
line-duel_DLGPR-full_seed2,2,DLGPR-full,line-duel,4,0,GA,1.486526074794008,1.1131000937893987,0.025000000000000022,0.025000000000000022,0.5,0.0,0.5558995950546136,0.05046194548211805,22.0,20.513473925205993,strict_delta_max,1,cross_layer_handoff_executed
line-duel_DLGPR-full_seed2,2,DLGPR-full,line-duel,4,1,PSO,2.2150561780117015,1.2558000162243843,-0.995,-0.995,0.0,0.0,0.0,0.04165910168699202,20.513473925205993,18.298417747194293,strict_delta_max,1,cross_layer_handoff_executed
line-duel_DLGPR-full_seed2,2,DLGPR-full,line-duel,4,2,RL,2.888444026560652,1.1924999998882413,-1.005,-1.005,0.0,0.0,0.0,0.0,18.298417747194293,15.40997372063364,strict_delta_max,2,cross_layer_handoff_executed
line-duel_DLGPR-full_seed2,2,DLGPR-full,line-duel,4,3,GA,3.1293367047767937,1.223500003106892,-0.015000000000000013,-0.015000000000000013,0.5,0.0,0.5558995950546136,0.0310024503349534,15.40997372063364,12.280637015856847,strict_delta_max,1,cross_layer_handoff_executed
line-duel_DLGPR-full_seed2,2,DLGPR-full,line-duel,4,4,GA,2.846703103516931,1.1301999911665916,-1.005,-1.005,0.0,0.0,0.5558995950546136,0.030155224513340732,12.280637015856847,9.433933912339917,strict_delta_max,1,cross_layer_handoff_executed
line-duel_DLGPR-full_seed2,2,DLGPR-full,line-duel,4,5,GA,2.2961812695441104,1.2317999498918653,0.025000000000000022,0.025000000000000022,0.5,0.0,0.5256653195976928,0.03687487675150088,9.433933912339917,7.137752642795807,strict_delta_max,1,cross_layer_handoff_executed
line-duel_DLGPR-full_seed2,2,DLGPR-full,line-duel,4,6,GA,1.4227841945148278,1.2895999243482947,0.025000000000000022,0.025000000000000022,0.5,0.0,0.48661911338240316,0.06529779408146294,7.137752642795807,5.714968448280979,strict_delta_max,1,cross_layer_handoff_executed
line-duel_DLGPR-full_seed2,2,DLGPR-full,line-duel,4,7,GA,2.9332935921936913,1.3661000411957502,0.025000000000000022,0.025000000000000022,0.5,0.0,0.47912291635831894,0.034856402230919,5.714968448280979,2.781674856087288,strict_delta_max,1,cross_layer_handoff_executed
line-duel_DLGPR-full_seed2,2,DLGPR-full,line-duel,5,0,GA,1.8706186998605223,1.1150999926030636,0.025000000000000022,0.025000000000000022,0.5,0.0,0.47912291635831894,0.03998200674839256,22.0,20.129381300139478,strict_delta_max,1,cross_layer_handoff_executed
line-duel_DLGPR-full_seed2,2,DLGPR-full,line-duel,5,1,PSO,2.556054769348117,1.0947000700980425,-1.0,-1.0,0.0,0.0,0.0,0.026066320254389385,20.129381300139478,17.573326530791363,strict_delta_max,1,cross_layer_handoff_executed
line-duel_DLGPR-full_seed2,2,DLGPR-full,line-duel,5,2,RL,3.5205765617553864,1.5752000035718083,0.025000000000000022,0.025000000000000022,0.5,0.0,0.0,0.5794505428914293,17.573326530791363,14.052749969035975,strict_delta_max,2,cross_layer_handoff_executed
line-duel_DLGPR-full_seed2,2,DLGPR-full,line-duel,5,3,GA,1.0752914271180987,0.9688000427559018,0.025000000000000022,0.025000000000000022,0.5,0.0,0.47912291635831894,0.06273977484109589,14.052749969035975,12.977458541917876,strict_delta_max,1,cross_layer_handoff_executed
line-duel_DLGPR-full_seed2,2,DLGPR-full,line-duel,5,4,GA,2.3247138227847177,1.2150999391451478,-1.005,-1.005,0.0,0.0,0.47912291635831894,0.030680235135264595,12.977458541917876,10.652744719133159,strict_delta_max,1,cross_layer_handoff_executed
line-duel_DLGPR-full_seed2,2,DLGPR-full,line-duel,5,5,GA,1.2535431809890951,1.3652000343427062,0.025000000000000022,0.025000000000000022,0.5,0.0,0.47912291635831894,0.06604187585740295,10.652744719133159,9.399201538144064,strict_delta_max,1,cross_layer_handoff_executed
line-duel_DLGPR-full_seed2,2,DLGPR-full,line-duel,5,6,GA,2.7767956641421865,1.3272999785840511,0.025000000000000022,0.025000000000000022,0.5,0.0,0.47912291635831894,0.02723286015310704,9.399201538144064,6.622405874001878,strict_delta_max,1,cross_layer_handoff_executed
line-duel_DLGPR-full_seed2,2,DLGPR-full,line-duel,5,7,GA,2.5393669399395913,1.311299973167479,0.025000000000000022,0.025000000000000022,0.5,0.0,0.47912291635831894,0.034662671635220924,6.622405874001878,4.083038934062286,strict_delta_max,1,cross_layer_handoff_executed
line-duel_DLGPR-full_seed2,2,DLGPR-full,line-duel,5,8,GA,2.843567444398639,1.2440000427886844,0.025000000000000022,0.025000000000000022,0.5,0.0,0.47912291635831894,0.029130936935964614,4.083038934062286,1.2394714896636474,strict_delta_max,1,cross_layer_handoff_executed
line-duel_fixed-split_seed0,0,fixed-split,line-duel,0,0,GA,1.6893344512949398,1.7719999887049198,-1.0350000000000001,-1.0350000000000001,0.0,0.0,0.8116122098641232,0.0646168400523651,22.0,20.31066554870506,strict_delta_max,1,cross_layer_handoff_executed
line-duel_fixed-split_seed0,0,fixed-split,line-duel,0,1,PSO,1.20651110410417,1.258700038306415,-1.04,-1.04,0.0,0.0,0.0,0.07826905056619649,20.31066554870506,19.10415444460089,strict_delta_max,1,cross_layer_handoff_executed
line-duel_fixed-split_seed0,0,fixed-split,line-duel,0,2,RL,4.0,1.9104999955743551,-0.04500000000000004,-0.04500000000000004,0.5,0.24750000000000003,0.0,0.0,19.10415444460089,15.10415444460089,strict_delta_max,2,cross_layer_handoff_executed
line-duel_fixed-split_seed0,0,fixed-split,line-duel,0,3,GA,3.523322366777626,1.5228999545797706,-1.0350000000000001,-1.0350000000000001,0.0,0.0,0.7735835699401835,0.032048148152888374,15.10415444460089,11.580832077823265,strict_delta_max,1,cross_layer_handoff_executed
line-duel_fixed-split_seed0,0,fixed-split,line-duel,0,4,PSO,2.703496397418464,1.7021000385284424,-0.04500000000000004,-0.04500000000000004,0.5,0.0,0.0,0.04239642359119411,11.580832077823265,8.877335680404801,strict_delta_max,1,cross_layer_handoff_executed
line-duel_fixed-split_seed0,0,fixed-split,line-duel,0,5,RL,2.243997127921444,2.0365999080240726,-0.04500000000000004,-0.04500000000000004,0.5,0.0,0.0,0.0,8.877335680404801,6.633338552483357,strict_delta_max,2,cross_layer_handoff_executed
line-duel_fixed-split_seed0,0,fixed-split,line-duel,0,6,GA,3.924209213763715,1.4713000273332,-1.08,-1.08,0.0,0.0,0.7403203080779661,0.01411084932269532,6.633338552483357,2.709129338719642,strict_delta_max,1,cross_layer_handoff_executed
line-duel_fixed-split_seed0,0,fixed-split,line-duel,1,0,PSO,2.361335149931503,1.1351000284776092,-0.04500000000000004,-0.04500000000000004,0.5,0.0,0.0,0.0440728624036507,22.0,19.638664850068498,strict_delta_max,1,cross_layer_handoff_executed
line-duel_fixed-split_seed0,0,fixed-split,line-duel,1,1,RL,1.411636959521183,1.4519999967887998,-0.04500000000000004,-0.04500000000000004,0.5,0.0,0.0,1.4663826885788886,19.638664850068498,18.227027890547316,strict_delta_max,2,cross_layer_handoff_executed
line-duel_fixed-split_seed0,0,fixed-split,line-duel,1,2,GA,2.654586248440353,1.1650000233203173,-1.0350000000000001,-1.0350000000000001,0.0,0.0,0.6490609342461647,0.034627087082184475,18.227027890547316,15.572441642106963,strict_delta_max,1,cross_layer_handoff_executed
line-duel_fixed-split_seed0,0,fixed-split,line-duel,1,3,PSO,1.20081091851997,1.3704000739380717,-0.04500000000000004,-0.04500000000000004,0.5,0.0,0.0,0.0725800156241015,15.572441642106963,14.371630723586993,strict_delta_max,1,cross_layer_handoff_executed
line-duel_fixed-split_seed0,0,fixed-split,line-duel,1,4,RL,4.0,1.387599972076714,-0.04500000000000004,-0.04500000000000004,0.5,0.0,0.0,0.0,14.371630723586993,10.371630723586993,strict_delta_max,2,cross_layer_handoff_executed
line-duel_fixed-split_seed0,0,fixed-split,line-duel,1,5,GA,2.097532685563981,1.0201999684795737,-1.04,-1.04,0.0,0.0,0.5671891136379335,0.03020290659132687,10.371630723586993,8.274098038023013,strict_delta_max,1,cross_layer_handoff_executed
line-duel_fixed-split_seed0,0,fixed-split,line-duel,1,6,PSO,2.53756010606733,1.330200000666082,-0.04500000000000004,-0.04500000000000004,0.5,0.0,0.0,0.02995867107179076,8.274098038023013,5.736537931955683,strict_delta_max,1,cross_layer_handoff_executed
line-duel_fixed-split_seed0,0,fixed-split,line-duel,1,7,RL,2.8205132788370633,1.3204000424593687,-0.04500000000000004,-0.04500000000000004,0.5,0.0,0.0,0.0,5.736537931955683,2.9160246531186194,strict_delta_max,2,cross_layer_handoff_executed
line-duel_fixed-split_seed0,0,fixed-split,line-duel,2,0,GA,2.0990268401584924,1.2858000118285418,-0.04500000000000004,-0.04500000000000004,0.5,0.0,0.44437913161737186,0.025131603009612074,22.0,19.900973159841506,strict_delta_max,1,cross_layer_handoff_executed
line-duel_fixed-split_seed0,0,fixed-split,line-duel,2,1,PSO,1.0399865744093875,1.6208000015467405,-0.04500000000000004,-0.04500000000000004,0.5,0.0,0.0,0.08309780309268605,19.900973159841506,18.86098658543212,strict_delta_max,1,cross_layer_handoff_executed
line-duel_fixed-split_seed0,0,fixed-split,line-duel,2,2,RL,2.379883104191103,1.5172000275924802,-0.04500000000000004,-0.04500000000000004,0.5,0.0,0.0,0.0,18.86098658543212,16.481103481241018,strict_delta_max,2,cross_layer_handoff_executed
line-duel_fixed-split_seed0,0,fixed-split,line-duel,2,3,GA,2.548029451099217,1.2929999502375722,-1.0350000000000001,-1.0350000000000001,0.0,0.0,0.4028031910196516,0.018714036830088574,16.481103481241018,13.9330740301418,strict_delta_max,1,cross_layer_handoff_executed
line-duel_fixed-split_seed0,0,fixed-split,line-duel,2,4,PSO,2.8847966278489108,1.6825000056996942,-0.04500000000000004,-0.04500000000000004,0.5,0.0,0.0,0.01915967463226501,13.9330740301418,11.04827740229289,strict_delta_max,1,cross_layer_handoff_executed
line-duel_fixed-split_seed0,0,fixed-split,line-duel,2,5,RL,2.4922441904741928,1.4594000531360507,-0.04500000000000004,-0.04500000000000004,0.5,0.0,0.0,0.0,11.04827740229289,8.556033211818697,strict_delta_max,2,cross_layer_handoff_executed
line-duel_fixed-split_seed0,0,fixed-split,line-duel,2,6,GA,1.786591104312534,1.1531999334692955,-0.04500000000000004,-0.04500000000000004,0.5,0.0,0.2932153999852377,0.02894146878802346,8.556033211818697,6.769442107506163,strict_delta_max,1,cross_layer_handoff_executed
line-duel_fixed-split_seed0,0,fixed-split,line-duel,2,7,PSO,1.0,1.3695999514311552,-0.04500000000000004,-0.04500000000000004,0.5,0.0,0.0,0.050697307113666934,6.769442107506163,5.769442107506163,strict_delta_max,1,cross_layer_handoff_executed
line-duel_fixed-split_seed0,0,fixed-split,line-duel,2,8,RL,2.1289674854272405,1.7915000207722187,-0.04500000000000004,-0.04500000000000004,0.5,0.0,0.0,0.018788450398514588,5.769442107506163,3.6404746220789224,strict_delta_max,2,cross_layer_handoff_executed
line-duel_fixed-split_seed0,0,fixed-split,line-duel,3,0,GA,1.1363288563976364,1.1580000864341855,-0.04500000000000004,-0.04500000000000004,0.5,0.0,0.16492998018967,0.047726301665997437,22.0,20.863671143602364,strict_delta_max,1,cross_layer_handoff_executed
line-duel_fixed-split_seed0,0,fixed-split,line-duel,3,1,PSO,2.37566668731714,1.4821001095697284,-0.04500000000000004,-0.04500000000000004,0.5,0.0,0.0,0.04213595726220504,20.863671143602364,18.488004456285225,strict_delta_max,1,cross_layer_handoff_executed
line-duel_fixed-split_seed0,0,fixed-split,line-duel,3,2,RL,1.7364855485135349,2.127500018104911,-0.04500000000000004,-0.04500000000000004,0.5,0.0,0.0,1.1459928369133152,18.488004456285225,16.75151890777169,strict_delta_max,2,cross_layer_handoff_executed
line-duel_fixed-split_seed0,0,fixed-split,line-duel,3,3,GA,1.2891509851708727,1.1353999143466353,-0.04500000000000004,-0.04500000000000004,0.5,0.0,0.16492998018967,0.042351749416161114,16.75151890777169,15.462367922600817,strict_delta_max,1,cross_layer_handoff_executed
line-duel_fixed-split_seed0,0,fixed-split,line-duel,3,4,PSO,2.9397033454976556,1.2558000162243843,-0.04500000000000004,-0.04500000000000004,0.5,0.0,0.0,0.03158555187092455,15.462367922600817,12.522664577103162,strict_delta_max,1,cross_layer_handoff_executed
line-duel_fixed-split_seed0,0,fixed-split,line-duel,3,5,RL,2.5002734324824254,1.8173999851569533,-0.04500000000000004,-0.04500000000000004,0.5,0.0,0.0,0.0,12.522664577103162,10.022391144620737,strict_delta_max,2,cross_layer_handoff_executed
line-duel_fixed-split_seed0,0,fixed-split,line-duel,3,6,GA,1.37837716363411,0.9876999538391829,-1.04,-1.04,0.0,0.0,0.16492998018967,0.04223734662455496,10.022391144620737,8.644013980986628,strict_delta_max,1,cross_layer_handoff_executed
line-duel_fixed-split_seed0,0,fixed-split,line-duel,3,7,PSO,1.6051348264760161,1.344999996945262,-0.04500000000000004,-0.04500000000000004,0.5,0.0,0.0,0.05992598055783183,8.644013980986628,7.038879154510612,strict_delta_max,1,cross_layer_handoff_executed
line-duel_fixed-split_seed0,0,fixed-split,line-duel,3,8,RL,3.414043272029419,1.5172000275924802,-0.04500000000000004,-0.04500000000000004,0.5,0.0,0.0,0.0,7.038879154510612,3.624835882481193,strict_delta_max,2,cross_layer_handoff_executed
line-duel_fixed-split_seed0,0,fixed-split,line-duel,4,0,GA,1.5058339404330447,1.2492999667301774,-0.04500000000000004,-0.04500000000000004,0.5,0.0,0.16492998018967,0.036859923516276524,22.0,20.494166059566954,strict_delta_max,1,cross_layer_handoff_executed
line-duel_fixed-split_seed0,0,fixed-split,line-duel,4,1,PSO,1.7269256370131338,1.370699959807098,-0.04500000000000004,-0.04500000000000004,0.5,0.0,0.0,0.045035460323613996,20.494166059566954,18.76724042255382,strict_delta_max,1,cross_layer_handoff_executed
line-duel_fixed-split_seed0,0,fixed-split,line-duel,4,2,RL,1.5176720657918539,1.7836999613791704,-0.04500000000000004,-0.04500000000000004,0.5,0.0,0.0,0.0,18.76724042255382,17.249568356761966,strict_delta_max,2,cross_layer_handoff_executed
line-duel_fixed-split_seed0,0,fixed-split,line-duel,4,3,GA,1.980536061452732,1.1091999476775527,-0.04500000000000004,-0.04500000000000004,0.5,0.0,0.16492998018967,0.0269358665822086,17.249568356761966,15.269032295309234,strict_delta_max,1,cross_layer_handoff_executed
line-duel_fixed-split_seed0,0,fixed-split,line-duel,4,4,PSO,2.3072668014201403,1.2735999189317226,-0.04500000000000004,-0.04500000000000004,0.5,0.0,0.0,0.028841704029243437,15.269032295309234,12.961765493889093,strict_delta_max,1,cross_layer_handoff_executed
line-duel_fixed-split_seed0,0,fixed-split,line-duel,4,5,RL,3.9752843497438857,1.707600080408156,-0.04500000000000004,-0.04500000000000004,0.5,0.0,0.0,0.005031086644478288,12.961765493889093,8.986481144145207,strict_delta_max,2,cross_layer_handoff_executed
line-duel_fixed-split_seed0,0,fixed-split,line-duel,4,6,GA,2.6698961798497995,1.2954999692738056,-1.08,-1.08,0.0,0.0,0.16492998018967,0.018665676561576316,8.986481144145207,6.316584964295408,strict_delta_max,1,cross_layer_handoff_executed
line-duel_fixed-split_seed0,0,fixed-split,line-duel,4,7,PSO,3.0251749353308357,1.347700017504394,-0.04500000000000004,-0.04500000000000004,0.5,0.0,0.0,0.026561770270137484,6.316584964295408,3.291410028964572,strict_delta_max,1,cross_layer_handoff_executed
line-duel_fixed-split_seed0,0,fixed-split,line-duel,5,0,RL,2.462908053540581,1.699600019492209,-0.04500000000000004,-0.04500000000000004,0.5,0.0,0.0,0.0,22.0,19.53709194645942,strict_delta_max,2,cross_layer_handoff_executed
line-duel_fixed-split_seed0,0,fixed-split,line-duel,5,1,GA,1.5609885885878367,1.1431999737396836,-0.04500000000000004,-0.04500000000000004,0.5,0.0,0.16492998018967,0.0398111068312063,19.53709194645942,17.976103357871583,strict_delta_max,1,cross_layer_handoff_executed
line-duel_fixed-split_seed0,0,fixed-split,line-duel,5,2,PSO,3.4986549709484467,1.4109000330790877,-0.04500000000000004,-0.04500000000000004,0.5,0.0,0.0,0.015520151013188236,17.976103357871583,14.477448386923136,strict_delta_max,1,cross_layer_handoff_executed
line-duel_fixed-split_seed0,0,fixed-split,line-duel,5,3,RL,3.0161130853191267,1.3604999985545874,-0.04500000000000004,-0.04500000000000004,0.5,0.0,0.0,0.6863137891200718,14.477448386923136,11.46133530160401,strict_delta_max,2,cross_layer_handoff_executed
line-duel_fixed-split_seed0,0,fixed-split,line-duel,5,4,GA,1.5199112350105475,1.5521999448537827,-0.04500000000000004,-0.04500000000000004,0.5,0.0,0.16492998018967,0.04336107343577223,11.46133530160401,9.941424066593463,strict_delta_max,1,cross_layer_handoff_executed
line-duel_fixed-split_seed0,0,fixed-split,line-duel,5,5,PSO,1.4914330914471092,1.267300103791058,-0.04500000000000004,-0.04500000000000004,0.5,0.0,0.0,0.03762860331852237,9.941424066593463,8.449990975146353,strict_delta_max,1,cross_layer_handoff_executed
line-duel_fixed-split_seed0,0,fixed-split,line-duel,5,6,RL,3.7432501845837765,1.3658000389114022,-0.04500000000000004,-0.04500000000000004,0.5,0.0,0.0,0.0,8.449990975146353,4.706740790562576,strict_delta_max,2,cross_layer_handoff_executed
line-duel_fixed-split_seed0,0,fixed-split,line-duel,5,7,GA,2.3669659532124103,1.13950006198138,-0.04500000000000004,-0.04500000000000004,0.5,0.0,0.16492998018967,0.022537953806133063,4.706740790562576,2.339774837350166,strict_delta_max,1,cross_layer_handoff_executed
line-duel_fixed-split_seed1,1,fixed-split,line-duel,0,0,GA,2.9420915853436957,1.8345999997109175,-1.04,-1.04,0.0,0.0,0.9222503083015591,0.04079385976487518,22.0,19.057908414656303,strict_delta_max,1,cross_layer_handoff_executed
line-duel_fixed-split_seed1,1,fixed-split,line-duel,0,1,PSO,1.0478464117356086,1.442299922928214,-1.04,-1.04,0.0,0.0,0.0,0.07191417322099722,19.057908414656303,18.010062002920694,strict_delta_max,1,cross_layer_handoff_executed
line-duel_fixed-split_seed1,1,fixed-split,line-duel,0,2,RL,3.4847291488855876,2.0337000023573637,-1.09,-1.09,0.0,0.0,0.0,0.0,18.010062002920694,14.525332854035106,strict_delta_max,2,cross_layer_handoff_executed
line-duel_fixed-split_seed1,1,fixed-split,line-duel,0,3,GA,3.3528046698476497,1.329899998381734,-1.04,-1.04,0.0,0.0,0.8604127127874946,0.02728321313387214,14.525332854035106,11.172528184187456,strict_delta_max,1,cross_layer_handoff_executed
line-duel_fixed-split_seed1,1,fixed-split,line-duel,0,4,PSO,1.9404049006445716,1.4715999132022262,-1.04,-1.04,0.0,0.0,0.0,0.03887761957055909,11.172528184187456,9.232123283542885,strict_delta_max,1,cross_layer_handoff_executed
line-duel_fixed-split_seed1,1,fixed-split,line-duel,0,5,RL,2.356833638214052,1.9349000649526715,-1.1,-1.1,0.0,0.0,0.0,0.0,9.232123283542885,6.875289645328833,strict_delta_max,2,cross_layer_handoff_executed
line-duel_fixed-split_seed1,1,fixed-split,line-duel,0,6,GA,1.2301288423582677,1.1503000278025866,-1.04,-1.04,0.0,0.0,0.7466681582587485,0.06933331817003638,6.875289645328833,5.645160802970565,strict_delta_max,1,cross_layer_handoff_executed
line-duel_fixed-split_seed1,1,fixed-split,line-duel,0,7,PSO,3.5970221928725903,1.3031999114900827,-1.04,-1.04,0.0,0.0,0.0,0.014690883826041203,5.645160802970565,2.048138610097975,strict_delta_max,1,cross_layer_handoff_executed
line-duel_fixed-split_seed1,1,fixed-split,line-duel,1,0,RL,2.5002169488126262,1.8218000186607242,-1.085,-1.085,0.0,0.0,0.0,0.003999652912019932,22.0,19.499783051187375,strict_delta_max,2,cross_layer_handoff_executed
line-duel_fixed-split_seed1,1,fixed-split,line-duel,1,1,GA,3.2810987394175073,1.1983000440523028,-1.04,-1.04,0.0,0.0,0.7772472685794287,0.029940224248226906,19.499783051187375,16.218684311769866,strict_delta_max,1,cross_layer_handoff_executed
line-duel_fixed-split_seed1,1,fixed-split,line-duel,1,2,PSO,1.5431638380787298,1.4264000346884131,-1.04,-1.04,0.0,0.0,0.0,0.044503530208175546,16.218684311769866,14.675520473691137,strict_delta_max,1,cross_layer_handoff_executed
line-duel_fixed-split_seed1,1,fixed-split,line-duel,1,3,RL,1.4985815526474717,1.9003000343218446,-1.09,-1.09,0.0,0.0,0.0,1.3746332299104427,14.675520473691137,13.176938921043664,strict_delta_max,2,cross_layer_handoff_executed
line-duel_fixed-split_seed1,1,fixed-split,line-duel,1,4,GA,2.3690587219765002,1.5121999895200133,-1.1,-1.1,0.0,0.0,0.7772472685794287,0.0337426059274851,13.176938921043664,10.807880199067164,strict_delta_max,1,cross_layer_handoff_executed
line-duel_fixed-split_seed1,1,fixed-split,line-duel,1,5,PSO,1.1794597403482425,1.3152000028640032,-1.04,-1.04,0.0,0.0,0.0,0.035562423372186514,10.807880199067164,9.62842045871892,strict_delta_max,1,cross_layer_handoff_executed
line-duel_fixed-split_seed1,1,fixed-split,line-duel,1,6,RL,4.0,2.3489000741392374,-1.09,-1.09,0.0,0.0,0.0,0.0,9.62842045871892,5.628420458718921,strict_delta_max,2,cross_layer_handoff_executed
line-duel_fixed-split_seed1,1,fixed-split,line-duel,1,7,GA,2.523233103732615,1.2579000322148204,-1.04,-1.04,0.0,0.0,0.7725442157947201,0.022152318185992094,5.628420458718921,3.105187354986306,strict_delta_max,1,cross_layer_handoff_executed
line-duel_fixed-split_seed1,1,fixed-split,line-duel,2,0,PSO,2.234397643984236,1.2179999612271786,-1.04,-1.04,0.0,0.0,0.0,0.03947618662227849,22.0,19.765602356015762,strict_delta_max,1,cross_layer_handoff_executed
line-duel_fixed-split_seed1,1,fixed-split,line-duel,2,1,RL,2.1309407510953635,2.007200033403933,-1.1,-1.1,0.0,0.0,0.0,0.023463815206639902,19.765602356015762,17.6346616049204,strict_delta_max,2,cross_layer_handoff_executed
line-duel_fixed-split_seed1,1,fixed-split,line-duel,2,2,GA,1.2506701702221128,1.2864000163972378,-1.04,-1.04,0.0,0.0,0.7725442157947201,0.0960907719012553,17.6346616049204,16.383991434698288,strict_delta_max,1,cross_layer_handoff_executed
line-duel_fixed-split_seed1,1,fixed-split,line-duel,2,3,PSO,1.398281571053552,1.3683999422937632,-1.04,-1.04,0.0,0.0,0.0,0.05161909319758749,16.383991434698288,14.985709863644736,strict_delta_max,1,cross_layer_handoff_executed
line-duel_fixed-split_seed1,1,fixed-split,line-duel,2,4,RL,4.0,2.309100003913045,-1.09,-1.09,0.0,0.0,0.0,0.007500000000000007,14.985709863644736,10.985709863644736,strict_delta_max,2,cross_layer_handoff_executed
line-duel_fixed-split_seed1,1,fixed-split,line-duel,2,5,GA,1.5005308463978229,1.2069999938830733,-1.04,-1.04,0.0,0.0,0.7725442157947201,0.06162370766996604,10.985709863644736,9.485179017246914,strict_delta_max,1,cross_layer_handoff_executed
line-duel_fixed-split_seed1,1,fixed-split,line-duel,2,6,PSO,1.2857636617995334,1.474000047892332,-1.04,-1.04,0.0,0.0,0.0,0.030033962493367535,9.485179017246914,8.19941535544738,strict_delta_max,1,cross_layer_handoff_executed
line-duel_fixed-split_seed1,1,fixed-split,line-duel,2,7,RL,2.30510724933007,1.496099983341992,-1.04,-1.04,0.0,0.0,0.0,0.0,8.19941535544738,5.89430810611731,strict_delta_max,2,cross_layer_handoff_executed
line-duel_fixed-split_seed1,1,fixed-split,line-duel,2,8,GA,1.5873667572058012,1.3843000633642077,-1.085,-1.085,0.0,0.0,0.7725442157947201,0.06405065702522436,5.89430810611731,4.306941348911509,strict_delta_max,1,cross_layer_handoff_executed
line-duel_fixed-split_seed1,1,fixed-split,line-duel,2,9,PSO,3.055367210331745,1.3372000539675355,-1.04,-1.04,0.0,0.0,0.0,0.022715961939447776,4.306941348911509,1.2515741385797639,strict_delta_max,1,cross_layer_handoff_executed
line-duel_fixed-split_seed1,1,fixed-split,line-duel,3,0,RL,1.3666576810300868,2.395399962551892,-1.1,-1.1,0.0,0.0,0.0,1.5146441049083963,22.0,20.633342318969913,strict_delta_max,2,cross_layer_handoff_executed
line-duel_fixed-split_seed1,1,fixed-split,line-duel,3,1,GA,3.7620290637750373,1.1625000042840838,-1.04,-1.04,0.0,0.0,0.7725442157947201,0.021487804284518713,20.633342318969913,16.871313255194874,strict_delta_max,1,cross_layer_handoff_executed
line-duel_fixed-split_seed1,1,fixed-split,line-duel,3,2,PSO,1.373567984883265,1.4033999759703875,-1.04,-1.04,0.0,0.0,0.0,0.0442898465934053,16.871313255194874,15.49774527031161,strict_delta_max,1,cross_layer_handoff_executed
line-duel_fixed-split_seed1,1,fixed-split,line-duel,3,3,RL,4.0,2.286700066179037,-1.1,-1.1,0.0,0.0,0.0,0.0,15.49774527031161,11.49774527031161,strict_delta_max,2,cross_layer_handoff_executed
line-duel_fixed-split_seed1,1,fixed-split,line-duel,3,4,GA,2.415819962862188,1.2666999828070402,-1.04,-1.04,0.0,0.0,0.7725442157947201,0.027879026602420143,11.49774527031161,9.08192530744942,strict_delta_max,1,cross_layer_handoff_executed
line-duel_fixed-split_seed1,1,fixed-split,line-duel,3,5,PSO,2.4734668851403283,1.4872999163344502,-1.04,-1.04,0.0,0.0,0.0,0.03209500829799143,9.08192530744942,6.608458422309092,strict_delta_max,1,cross_layer_handoff_executed
line-duel_fixed-split_seed1,1,fixed-split,line-duel,3,6,RL,2.017131785699454,1.802799990400672,-1.04,-1.04,0.0,0.0,0.0,0.0,6.608458422309092,4.591326636609638,strict_delta_max,2,cross_layer_handoff_executed
line-duel_fixed-split_seed1,1,fixed-split,line-duel,3,7,GA,2.330211046457789,1.1831000447273254,-1.04,-1.04,0.0,0.0,0.7725442157947201,0.035499901790598885,4.591326636609638,2.2611155901518494,strict_delta_max,1,cross_layer_handoff_executed
line-duel_fixed-split_seed1,1,fixed-split,line-duel,4,0,PSO,1.8771004401651004,1.3174000196158886,-1.04,-1.04,0.0,0.0,0.0,0.031343758256839674,22.0,20.1228995598349,strict_delta_max,1,cross_layer_handoff_executed
line-duel_fixed-split_seed1,1,fixed-split,line-duel,4,1,RL,4.0,1.6734999371692538,-1.04,-1.04,0.0,0.0,0.0,0.017500000000000016,20.1228995598349,16.1228995598349,strict_delta_max,2,cross_layer_handoff_executed
line-duel_fixed-split_seed1,1,fixed-split,line-duel,4,2,GA,2.288331030750752,1.2157999444752932,-1.04,-1.04,0.0,0.0,0.7725442157947201,0.045690859172537,16.1228995598349,13.834568529084146,strict_delta_max,1,cross_layer_handoff_executed
line-duel_fixed-split_seed1,1,fixed-split,line-duel,4,3,PSO,2.140470915549341,1.2803999707102776,-1.04,-1.04,0.0,0.0,0.0,0.029680930761068005,13.834568529084146,11.694097613534804,strict_delta_max,1,cross_layer_handoff_executed
line-duel_fixed-split_seed1,1,fixed-split,line-duel,4,4,RL,2.325973691962552,1.951000071130693,-1.04,-1.04,0.0,0.0,0.0,0.0,11.694097613534804,9.368123921572252,strict_delta_max,2,cross_layer_handoff_executed
line-duel_fixed-split_seed1,1,fixed-split,line-duel,4,5,GA,3.433424312258796,1.2469999492168427,-1.04,-1.04,0.0,0.0,0.7725442157947201,0.018166715012790716,9.368123921572252,5.934699609313456,strict_delta_max,1,cross_layer_handoff_executed
line-duel_fixed-split_seed1,1,fixed-split,line-duel,4,6,PSO,2.9296764608691657,1.3273999793455005,-1.04,-1.04,0.0,0.0,0.0,0.019720294370238204,5.934699609313456,3.00502314844429,strict_delta_max,1,cross_layer_handoff_executed
line-duel_fixed-split_seed1,1,fixed-split,line-duel,5,0,RL,4.0,2.394299954175949,-1.04,-1.04,0.0,0.0,0.0,0.5175000000000001,22.0,18.0,strict_delta_max,2,cross_layer_handoff_executed
line-duel_fixed-split_seed1,1,fixed-split,line-duel,5,1,GA,1.1985196384316321,1.2040999718010426,-1.04,-1.04,0.0,0.0,0.7725442157947201,0.0568191097309965,18.0,16.801480361568366,strict_delta_max,1,cross_layer_handoff_executed
line-duel_fixed-split_seed1,1,fixed-split,line-duel,5,2,PSO,2.5635497603603983,1.296499976888299,-1.04,-1.04,0.0,0.0,0.0,0.02821580837196529,16.801480361568366,14.237930601207967,strict_delta_max,1,cross_layer_handoff_executed
line-duel_fixed-split_seed1,1,fixed-split,line-duel,5,3,RL,1.1135398565734103,1.79280003067106,-1.04,-1.04,0.0,0.0,0.0,0.0,14.237930601207967,13.124390744634557,strict_delta_max,2,cross_layer_handoff_executed
line-duel_fixed-split_seed1,1,fixed-split,line-duel,5,4,GA,2.655146333605134,1.4454999472945929,-1.085,-1.085,0.0,0.0,0.7725442157947201,0.02742214797128256,13.124390744634557,10.469244411029422,strict_delta_max,1,cross_layer_handoff_executed
line-duel_fixed-split_seed1,1,fixed-split,line-duel,5,5,PSO,3.191513702155528,1.41810008790344,-1.04,-1.04,0.0,0.0,0.0,0.02029932363881466,10.469244411029422,7.277730708873894,strict_delta_max,1,cross_layer_handoff_executed
line-duel_fixed-split_seed1,1,fixed-split,line-duel,5,6,RL,2.9096448313440972,1.9002000335603952,-1.04,-1.04,0.0,0.0,0.0,0.0,7.277730708873894,4.368085877529797,strict_delta_max,2,cross_layer_handoff_executed
line-duel_fixed-split_seed1,1,fixed-split,line-duel,5,7,GA,1.9107671910970105,1.159599982202053,-1.03,-1.03,0.0,0.005233499950487848,0.7658341937423979,0.06127130177082597,4.368085877529797,2.4573186864327865,strict_delta_max,1,cross_layer_handoff_executed
line-duel_fixed-split_seed2,2,fixed-split,line-duel,0,0,GA,2.282163808635265,1.7599000129848719,-0.0050000000000000044,-0.0050000000000000044,0.5,0.43818064076566016,0.8841395898889056,0.059171347775251876,22.0,19.717836191364736,strict_delta_max,1,cross_layer_handoff_executed
line-duel_fixed-split_seed2,2,fixed-split,line-duel,0,1,PSO,1.6878748875696683,1.85929995495826,-0.039999999999999925,-0.039999999999999925,0.5,0.0,0.0,0.05743481707658332,19.717836191364736,18.02996130379507,strict_delta_max,1,cross_layer_handoff_executed
line-duel_fixed-split_seed2,2,fixed-split,line-duel,0,2,RL,2.2195134993315166,1.8070000223815441,-1.005,-1.005,0.0,0.0,0.0,0.0,18.02996130379507,15.810447804463553,strict_delta_max,2,cross_layer_handoff_executed
line-duel_fixed-split_seed2,2,fixed-split,line-duel,0,3,GA,2.5458951316609566,1.1072999332100153,-1.03,-1.03,0.0,0.0,0.8205222274787475,0.035383290517440956,15.810447804463553,13.264552672802598,strict_delta_max,1,cross_layer_handoff_executed
line-duel_fixed-split_seed2,2,fixed-split,line-duel,0,4,PSO,2.130052285916131,1.407100004144013,-0.995,-0.995,0.0,0.0,0.0,0.037368985137760595,13.264552672802598,11.134500386886467,strict_delta_max,1,cross_layer_handoff_executed
line-duel_fixed-split_seed2,2,fixed-split,line-duel,0,5,RL,4.0,1.9848000956699252,-1.0150000000000001,-1.0150000000000001,0.0,0.0,0.0,0.0,11.134500386886467,7.134500386886467,strict_delta_max,2,cross_layer_handoff_executed
line-duel_fixed-split_seed2,2,fixed-split,line-duel,0,6,GA,2.4150323067393837,1.3028999092057347,-0.025000000000000022,-0.025000000000000022,0.5,0.0,0.7451024140204439,0.04215183245311486,7.134500386886467,4.719468080147083,strict_delta_max,1,cross_layer_handoff_executed
line-duel_fixed-split_seed2,2,fixed-split,line-duel,0,7,PSO,2.004153722654829,1.4753000577911735,-0.039999999999999925,-0.039999999999999925,0.5,0.0,0.0,0.030642406765961982,4.719468080147083,2.715314357492254,strict_delta_max,1,cross_layer_handoff_executed
line-duel_fixed-split_seed2,2,fixed-split,line-duel,1,0,RL,2.045475539907869,1.960099907591939,-1.02,-1.02,0.0,0.0,0.0,0.014666516130205727,22.0,19.95452446009213,strict_delta_max,2,cross_layer_handoff_executed
line-duel_fixed-split_seed2,2,fixed-split,line-duel,1,1,GA,2.689317696034336,1.22079998254776,-0.025000000000000022,-0.025000000000000022,0.5,0.0,0.6858479521469404,0.03966767612242961,19.95452446009213,17.265206764057794,strict_delta_max,1,cross_layer_handoff_executed
line-duel_fixed-split_seed2,2,fixed-split,line-duel,1,2,PSO,2.079777602089377,1.1214999249204993,0.025000000000000022,0.025000000000000022,0.5,0.014424619233259151,0.0,0.04232826919880885,17.265206764057794,15.185429161968417,strict_delta_max,1,cross_layer_handoff_executed
line-duel_fixed-split_seed2,2,fixed-split,line-duel,1,3,RL,2.2742440826800014,1.9299000268802047,-1.0150000000000001,-1.0150000000000001,0.0,0.0,0.0,0.0,15.185429161968417,12.911185079288416,strict_delta_max,2,cross_layer_handoff_executed
line-duel_fixed-split_seed2,2,fixed-split,line-duel,1,4,GA,1.653990125779971,0.8969000773504376,-1.005,-1.005,0.0,0.0,0.7168907274086378,0.06819754099444528,12.911185079288416,11.257194953508444,strict_delta_max,1,cross_layer_handoff_executed
line-duel_fixed-split_seed2,2,fixed-split,line-duel,1,5,PSO,1.2126006187469156,1.0249000042676926,-1.005,-1.005,0.0,0.0,0.0,0.0792468200295538,11.257194953508444,10.044594334761529,strict_delta_max,1,cross_layer_handoff_executed
line-duel_fixed-split_seed2,2,fixed-split,line-duel,1,6,RL,3.2237143450462598,1.5453000087291002,-1.0,-1.0,0.0,0.0,0.0,0.01240804727672794,10.044594334761529,6.820879989715269,strict_delta_max,2,cross_layer_handoff_executed
line-duel_fixed-split_seed2,2,fixed-split,line-duel,1,7,GA,2.951792649727747,1.1000999948009849,-0.0050000000000000044,-0.0050000000000000044,0.5,0.0,0.6986228367753551,0.036700909050571884,6.820879989715269,3.8690873399875225,strict_delta_max,1,cross_layer_handoff_executed
line-duel_fixed-split_seed2,2,fixed-split,line-duel,2,0,PSO,1.9726544890718023,1.043400028720498,0.025000000000000022,0.025000000000000022,0.5,0.0,0.0,0.026453071635013713,22.0,20.027345510928196,strict_delta_max,1,cross_layer_handoff_executed
line-duel_fixed-split_seed2,2,fixed-split,line-duel,2,1,RL,4.0,1.862300094217062,-1.005,-1.005,0.0,0.0,0.0,0.4975,20.027345510928196,16.027345510928196,strict_delta_max,2,cross_layer_handoff_executed
line-duel_fixed-split_seed2,2,fixed-split,line-duel,2,2,GA,1.7047239118650173,1.1574000818654895,-1.0699999999999998,-1.0699999999999998,0.0,0.0,0.6986228367753551,0.06688230310454468,16.027345510928196,14.32262159906318,strict_delta_max,1,cross_layer_handoff_executed
line-duel_fixed-split_seed2,2,fixed-split,line-duel,2,3,PSO,1.4175367443951943,1.0818999726325274,-1.0,-1.0,0.0,0.0,0.0,0.04198797662463175,14.32262159906318,12.905084854667985,strict_delta_max,1,cross_layer_handoff_executed
line-duel_fixed-split_seed2,2,fixed-split,line-duel,2,4,RL,2.1317991423535707,1.465699984692037,-1.005,-1.005,0.0,0.0,0.0,0.03283611415788354,12.905084854667985,10.773285712314415,strict_delta_max,2,cross_layer_handoff_executed
line-duel_fixed-split_seed2,2,fixed-split,line-duel,2,5,GA,2.9993591848062944,1.4136999379843473,-0.039999999999999925,-0.039999999999999925,0.5,0.0,0.6865541737938474,0.03433576182646738,10.773285712314415,7.77392652750812,strict_delta_max,1,cross_layer_handoff_executed
line-duel_fixed-split_seed2,2,fixed-split,line-duel,2,6,PSO,3.1265044469543124,1.2634999584406614,0.025000000000000022,0.025000000000000022,0.5,0.0,0.0,0.02534377616124307,7.77392652750812,4.647422080553808,strict_delta_max,1,cross_layer_handoff_executed
line-duel_fixed-split_seed2,2,fixed-split,line-duel,2,7,RL,2.5106882039155964,1.6154999611899257,-1.005,-1.005,0.0,0.0,0.0,0.0,4.647422080553808,2.1367338766382113,strict_delta_max,2,cross_layer_handoff_executed
line-duel_fixed-split_seed2,2,fixed-split,line-duel,3,0,GA,2.278068313357978,1.0310999350622296,-1.005,-1.005,0.0,0.0,0.6865541737938474,0.03313891413554785,22.0,19.721931686642023,strict_delta_max,1,cross_layer_handoff_executed
line-duel_fixed-split_seed2,2,fixed-split,line-duel,3,1,PSO,2.677749376044401,1.4539000112563372,0.025000000000000022,0.025000000000000022,0.5,0.0,0.0,0.04347852359487389,19.721931686642023,17.044182310597623,strict_delta_max,1,cross_layer_handoff_executed
line-duel_fixed-split_seed2,2,fixed-split,line-duel,3,2,RL,1.4720122036609424,1.8569000530987978,-1.005,-1.005,0.0,0.0,0.0,0.0,17.044182310597623,15.572170106936682,strict_delta_max,2,cross_layer_handoff_executed
line-duel_fixed-split_seed2,2,fixed-split,line-duel,3,3,GA,1.5013716867526667,0.9983000345528126,-1.0350000000000001,-1.0350000000000001,0.0,0.0,0.6865541737938474,0.09298804867358942,15.572170106936682,14.070798420184015,strict_delta_max,1,cross_layer_handoff_executed
line-duel_fixed-split_seed2,2,fixed-split,line-duel,3,4,PSO,1.4307910429688628,1.3809000374749303,0.025000000000000022,0.025000000000000022,0.5,0.0,0.0,0.09528095430894507,14.070798420184015,12.640007377215152,strict_delta_max,1,cross_layer_handoff_executed
line-duel_fixed-split_seed2,2,fixed-split,line-duel,3,5,RL,2.9762476836110316,1.4802999794483185,-1.005,-1.005,0.0,0.0,0.0,0.020159612498111323,12.640007377215152,9.66375969360412,strict_delta_max,2,cross_layer_handoff_executed
line-duel_fixed-split_seed2,2,fixed-split,line-duel,3,6,GA,2.463984622808558,1.3018000172451138,-0.039999999999999925,-0.039999999999999925,0.5,0.0,0.692658370450033,0.03224008605510531,9.66375969360412,7.199775070795562,strict_delta_max,1,cross_layer_handoff_executed
line-duel_fixed-split_seed2,2,fixed-split,line-duel,3,7,PSO,1.3467604633095096,1.451199990697205,0.025000000000000022,0.025000000000000022,0.5,0.0,0.0,0.09436792002165693,7.199775070795562,5.8530146074860525,strict_delta_max,1,cross_layer_handoff_executed
line-duel_fixed-split_seed2,2,fixed-split,line-duel,3,8,RL,1.5765044508927364,1.6117000486701727,-1.005,-1.005,0.0,0.0,0.0,0.038058883986038544,5.8530146074860525,4.276510156593316,strict_delta_max,2,cross_layer_handoff_executed
line-duel_fixed-split_seed2,2,fixed-split,line-duel,3,9,GA,2.935977182784148,1.0118000209331512,0.025000000000000022,0.025000000000000022,0.5,0.0,0.5829731609330029,0.031816515606654695,4.276510156593316,1.340532973809168,strict_delta_max,1,cross_layer_handoff_executed
line-duel_fixed-split_seed2,2,fixed-split,line-duel,4,0,PSO,1.1101383335022357,1.0571000166237354,0.025000000000000022,0.025000000000000022,0.5,0.0,0.0,0.09139296612104834,22.0,20.889861666497765,strict_delta_max,1,cross_layer_handoff_executed
line-duel_fixed-split_seed2,2,fixed-split,line-duel,4,1,RL,2.5937969268144236,1.4825999969616532,-1.005,-1.005,0.0,0.0,0.0,0.0,20.889861666497765,18.29606473968334,strict_delta_max,2,cross_layer_handoff_executed
line-duel_fixed-split_seed2,2,fixed-split,line-duel,4,2,GA,3.694327291023837,1.0862000053748488,-1.0350000000000001,-1.0350000000000001,0.0,0.0,0.5829731609330029,0.02284371969500888,18.29606473968334,14.601737448659504,strict_delta_max,1,cross_layer_handoff_executed
line-duel_fixed-split_seed2,2,fixed-split,line-duel,4,3,PSO,2.9544285258396186,1.1979000410065055,0.025000000000000022,0.025000000000000022,0.5,0.0,0.0,0.03503031212568177,14.601737448659504,11.647308922819885,strict_delta_max,1,cross_layer_handoff_executed
line-duel_fixed-split_seed2,2,fixed-split,line-duel,4,4,RL,1.371160559687179,1.600499963387847,-1.005,-1.005,0.0,0.0,0.0,0.0,11.647308922819885,10.276148363132705,strict_delta_max,2,cross_layer_handoff_executed
line-duel_fixed-split_seed2,2,fixed-split,line-duel,4,5,GA,3.298412578235587,0.9807999012991786,0.025000000000000022,0.025000000000000022,0.5,0.0,0.5854315863749808,0.03187605104913013,10.276148363132705,6.977735784897119,strict_delta_max,1,cross_layer_handoff_executed
line-duel_fixed-split_seed2,2,fixed-split,line-duel,4,6,PSO,2.069658628546931,1.0616000508889556,0.025000000000000022,0.025000000000000022,0.5,0.0,0.0,0.06030401920474089,6.977735784897119,4.908077156350188,strict_delta_max,1,cross_layer_handoff_executed
line-duel_fixed-split_seed2,2,fixed-split,line-duel,4,7,RL,3.7105839696207106,1.8249999266117811,-1.005,-1.005,0.0,0.0,0.0,0.0,4.908077156350188,1.1974931867294778,strict_delta_max,2,cross_layer_handoff_executed
line-duel_fixed-split_seed2,2,fixed-split,line-duel,5,0,GA,2.586259972489908,1.1897999793291092,-1.03,-1.03,0.0,0.0,0.5854315863749808,0.03736771512432363,22.0,19.41374002751009,strict_delta_max,1,cross_layer_handoff_executed
line-duel_fixed-split_seed2,2,fixed-split,line-duel,5,1,PSO,2.2486484515343967,1.1295999865978956,-1.005,-1.005,0.0,0.0,0.0,0.03896865518045023,19.41374002751009,17.165091575975694,strict_delta_max,1,cross_layer_handoff_executed
line-duel_fixed-split_seed2,2,fixed-split,line-duel,5,2,RL,1.9407447727941056,1.627200050279498,-1.005,-1.005,0.0,0.0,0.0,0.030915966303811077,17.165091575975694,15.22434680318159,strict_delta_max,2,cross_layer_handoff_executed
line-duel_fixed-split_seed2,2,fixed-split,line-duel,5,3,GA,3.0075501703379928,1.2288999278098345,-0.025000000000000022,-0.025000000000000022,0.5,0.0,0.5224427422567688,0.03534354281057951,15.22434680318159,12.216796632843597,strict_delta_max,1,cross_layer_handoff_executed
line-duel_fixed-split_seed2,2,fixed-split,line-duel,5,4,PSO,1.138152930681977,1.1136999819427729,0.025000000000000022,0.025000000000000022,0.5,0.0,0.0,0.11347271687054185,12.216796632843597,11.078643702161619,strict_delta_max,1,cross_layer_handoff_executed
line-duel_fixed-split_seed2,2,fixed-split,line-duel,5,5,RL,3.935530919482546,1.2558000162243843,-1.005,-1.005,0.0,0.0,0.0,0.5158135056062296,11.078643702161619,7.143112782679073,strict_delta_max,2,cross_layer_handoff_executed
line-duel_fixed-split_seed2,2,fixed-split,line-duel,5,6,GA,1.7632304463513475,0.8203999605029821,-1.005,-1.005,0.0,0.0,0.5224427422567688,0.05166886013824802,7.143112782679073,5.379882336327725,strict_delta_max,1,cross_layer_handoff_executed
line-duel_fixed-split_seed2,2,fixed-split,line-duel,5,7,PSO,2.881380434483164,1.0228999890387058,-1.005,-1.005,0.0,0.0,0.0,0.044740653118205284,5.379882336327725,2.498501901844561,strict_delta_max,1,cross_layer_handoff_executed
line-duel_round-robin_seed0,0,round-robin,line-duel,0,0,GA,1.6893344512949398,1.844799960963428,-1.0350000000000001,-1.0350000000000001,0.0,0.0,0.8116122098641232,0.0646168400523651,22.0,20.31066554870506,strict_delta_max,1,cross_layer_handoff_executed
line-duel_round-robin_seed0,0,round-robin,line-duel,0,1,PSO,1.20651110410417,1.0940000647678971,-1.04,-1.04,0.0,0.0,0.0,0.07826905056619649,20.31066554870506,19.10415444460089,strict_delta_max,1,cross_layer_handoff_executed
line-duel_round-robin_seed0,0,round-robin,line-duel,0,2,RL,4.0,1.6186999855563045,-0.04500000000000004,-0.04500000000000004,0.5,0.24750000000000003,0.0,0.0,19.10415444460089,15.10415444460089,strict_delta_max,2,cross_layer_handoff_executed
line-duel_round-robin_seed0,0,round-robin,line-duel,0,3,GA,3.523322366777626,1.2488000793382525,-1.0350000000000001,-1.0350000000000001,0.0,0.0,0.7735835699401835,0.032048148152888374,15.10415444460089,11.580832077823265,strict_delta_max,1,cross_layer_handoff_executed
line-duel_round-robin_seed0,0,round-robin,line-duel,0,4,PSO,2.703496397418464,1.4748000539839268,-0.04500000000000004,-0.04500000000000004,0.5,0.0,0.0,0.04239642359119411,11.580832077823265,8.877335680404801,strict_delta_max,1,cross_layer_handoff_executed
line-duel_round-robin_seed0,0,round-robin,line-duel,0,5,RL,2.243997127921444,2.0399000495672226,-0.04500000000000004,-0.04500000000000004,0.5,0.0,0.0,0.0,8.877335680404801,6.633338552483357,strict_delta_max,2,cross_layer_handoff_executed
line-duel_round-robin_seed0,0,round-robin,line-duel,0,6,GA,3.924209213763715,1.2984999921172857,-1.08,-1.08,0.0,0.0,0.7403203080779661,0.01411084932269532,6.633338552483357,2.709129338719642,strict_delta_max,1,cross_layer_handoff_executed
line-duel_round-robin_seed0,0,round-robin,line-duel,1,0,PSO,2.361335149931503,1.1840000515803695,-0.04500000000000004,-0.04500000000000004,0.5,0.0,0.0,0.0440728624036507,22.0,19.638664850068498,strict_delta_max,1,cross_layer_handoff_executed
line-duel_round-robin_seed0,0,round-robin,line-duel,1,1,RL,1.411636959521183,1.34529999922961,-0.04500000000000004,-0.04500000000000004,0.5,0.0,0.0,1.4663826885788886,19.638664850068498,18.227027890547316,strict_delta_max,2,cross_layer_handoff_executed
line-duel_round-robin_seed0,0,round-robin,line-duel,1,2,GA,2.654586248440353,1.1496000224724412,-1.0350000000000001,-1.0350000000000001,0.0,0.0,0.6490609342461647,0.034627087082184475,18.227027890547316,15.572441642106963,strict_delta_max,1,cross_layer_handoff_executed
line-duel_round-robin_seed0,0,round-robin,line-duel,1,3,PSO,1.20081091851997,1.2987999944016337,-0.04500000000000004,-0.04500000000000004,0.5,0.0,0.0,0.0725800156241015,15.572441642106963,14.371630723586993,strict_delta_max,1,cross_layer_handoff_executed
line-duel_round-robin_seed0,0,round-robin,line-duel,1,4,RL,4.0,1.4444999396800995,-0.04500000000000004,-0.04500000000000004,0.5,0.0,0.0,0.0,14.371630723586993,10.371630723586993,strict_delta_max,2,cross_layer_handoff_executed
line-duel_round-robin_seed0,0,round-robin,line-duel,1,5,GA,2.097532685563981,1.0893000289797783,-1.04,-1.04,0.0,0.0,0.5671891136379335,0.03020290659132687,10.371630723586993,8.274098038023013,strict_delta_max,1,cross_layer_handoff_executed
line-duel_round-robin_seed0,0,round-robin,line-duel,1,6,PSO,2.53756010606733,1.276699942536652,-0.04500000000000004,-0.04500000000000004,0.5,0.0,0.0,0.02995867107179076,8.274098038023013,5.736537931955683,strict_delta_max,1,cross_layer_handoff_executed
line-duel_round-robin_seed0,0,round-robin,line-duel,1,7,RL,2.8205132788370633,1.4962999848648906,-0.04500000000000004,-0.04500000000000004,0.5,0.0,0.0,0.0,5.736537931955683,2.9160246531186194,strict_delta_max,2,cross_layer_handoff_executed
line-duel_round-robin_seed0,0,round-robin,line-duel,2,0,GA,2.0990268401584924,1.1522999266162515,-0.04500000000000004,-0.04500000000000004,0.5,0.0,0.44437913161737186,0.025131603009612074,22.0,19.900973159841506,strict_delta_max,1,cross_layer_handoff_executed
line-duel_round-robin_seed0,0,round-robin,line-duel,2,1,PSO,1.0399865744093875,1.4106999151408672,-0.04500000000000004,-0.04500000000000004,0.5,0.0,0.0,0.08309780309268605,19.900973159841506,18.86098658543212,strict_delta_max,1,cross_layer_handoff_executed
line-duel_round-robin_seed0,0,round-robin,line-duel,2,2,RL,2.379883104191103,1.4888000441715121,-0.04500000000000004,-0.04500000000000004,0.5,0.0,0.0,0.0,18.86098658543212,16.481103481241018,strict_delta_max,2,cross_layer_handoff_executed
line-duel_round-robin_seed0,0,round-robin,line-duel,2,3,GA,2.548029451099217,1.0658999672159553,-1.0350000000000001,-1.0350000000000001,0.0,0.0,0.4028031910196516,0.018714036830088574,16.481103481241018,13.9330740301418,strict_delta_max,1,cross_layer_handoff_executed
line-duel_round-robin_seed0,0,round-robin,line-duel,2,4,PSO,2.8847966278489108,1.4022000832483172,-0.04500000000000004,-0.04500000000000004,0.5,0.0,0.0,0.01915967463226501,13.9330740301418,11.04827740229289,strict_delta_max,1,cross_layer_handoff_executed
line-duel_round-robin_seed0,0,round-robin,line-duel,2,5,RL,2.4922441904741928,1.3363000471144915,-0.04500000000000004,-0.04500000000000004,0.5,0.0,0.0,0.0,11.04827740229289,8.556033211818697,strict_delta_max,2,cross_layer_handoff_executed
line-duel_round-robin_seed0,0,round-robin,line-duel,2,6,GA,1.786591104312534,1.2582000344991684,-0.04500000000000004,-0.04500000000000004,0.5,0.0,0.2932153999852377,0.02894146878802346,8.556033211818697,6.769442107506163,strict_delta_max,1,cross_layer_handoff_executed
line-duel_round-robin_seed0,0,round-robin,line-duel,2,7,PSO,1.0,1.6123000532388687,-0.04500000000000004,-0.04500000000000004,0.5,0.0,0.0,0.050697307113666934,6.769442107506163,5.769442107506163,strict_delta_max,1,cross_layer_handoff_executed
line-duel_round-robin_seed0,0,round-robin,line-duel,2,8,RL,2.1289674854272405,1.8086000345647335,-0.04500000000000004,-0.04500000000000004,0.5,0.0,0.0,0.018788450398514588,5.769442107506163,3.6404746220789224,strict_delta_max,2,cross_layer_handoff_executed
line-duel_round-robin_seed0,0,round-robin,line-duel,3,0,GA,1.1363288563976364,1.5477000270038843,-0.04500000000000004,-0.04500000000000004,0.5,0.0,0.16492998018967,0.047726301665997437,22.0,20.863671143602364,strict_delta_max,1,cross_layer_handoff_executed
line-duel_round-robin_seed0,0,round-robin,line-duel,3,1,PSO,2.37566668731714,1.3675999362021685,-0.04500000000000004,-0.04500000000000004,0.5,0.0,0.0,0.04213595726220504,20.863671143602364,18.488004456285225,strict_delta_max,1,cross_layer_handoff_executed
line-duel_round-robin_seed0,0,round-robin,line-duel,3,2,RL,1.7364855485135349,2.342900028452277,-0.04500000000000004,-0.04500000000000004,0.5,0.0,0.0,1.1459928369133152,18.488004456285225,16.75151890777169,strict_delta_max,2,cross_layer_handoff_executed
line-duel_round-robin_seed0,0,round-robin,line-duel,3,3,GA,1.2891509851708727,1.2555000139400363,-0.04500000000000004,-0.04500000000000004,0.5,0.0,0.16492998018967,0.042351749416161114,16.75151890777169,15.462367922600817,strict_delta_max,1,cross_layer_handoff_executed
line-duel_round-robin_seed0,0,round-robin,line-duel,3,4,PSO,2.9397033454976556,1.3222000561654568,-0.04500000000000004,-0.04500000000000004,0.5,0.0,0.0,0.03158555187092455,15.462367922600817,12.522664577103162,strict_delta_max,1,cross_layer_handoff_executed
line-duel_round-robin_seed0,0,round-robin,line-duel,3,5,RL,2.5002734324824254,2.0496000070124865,-0.04500000000000004,-0.04500000000000004,0.5,0.0,0.0,0.0,12.522664577103162,10.022391144620737,strict_delta_max,2,cross_layer_handoff_executed
line-duel_round-robin_seed0,0,round-robin,line-duel,3,6,GA,1.37837716363411,0.9674999164417386,-1.04,-1.04,0.0,0.0,0.16492998018967,0.04223734662455496,10.022391144620737,8.644013980986628,strict_delta_max,1,cross_layer_handoff_executed
line-duel_round-robin_seed0,0,round-robin,line-duel,3,7,PSO,1.6051348264760161,1.2691000010818243,-0.04500000000000004,-0.04500000000000004,0.5,0.0,0.0,0.05992598055783183,8.644013980986628,7.038879154510612,strict_delta_max,1,cross_layer_handoff_executed
line-duel_round-robin_seed0,0,round-robin,line-duel,3,8,RL,3.414043272029419,1.6308999620378017,-0.04500000000000004,-0.04500000000000004,0.5,0.0,0.0,0.0,7.038879154510612,3.624835882481193,strict_delta_max,2,cross_layer_handoff_executed
line-duel_round-robin_seed0,0,round-robin,line-duel,4,0,GA,1.5058339404330447,1.448799972422421,-0.04500000000000004,-0.04500000000000004,0.5,0.0,0.16492998018967,0.036859923516276524,22.0,20.494166059566954,strict_delta_max,1,cross_layer_handoff_executed
line-duel_round-robin_seed0,0,round-robin,line-duel,4,1,PSO,1.7269256370131338,1.3732000952586532,-0.04500000000000004,-0.04500000000000004,0.5,0.0,0.0,0.045035460323613996,20.494166059566954,18.76724042255382,strict_delta_max,1,cross_layer_handoff_executed
line-duel_round-robin_seed0,0,round-robin,line-duel,4,2,RL,1.5176720657918539,1.749000046402216,-0.04500000000000004,-0.04500000000000004,0.5,0.0,0.0,0.0,18.76724042255382,17.249568356761966,strict_delta_max,2,cross_layer_handoff_executed
line-duel_round-robin_seed0,0,round-robin,line-duel,4,3,GA,1.980536061452732,1.131199998781085,-0.04500000000000004,-0.04500000000000004,0.5,0.0,0.16492998018967,0.0269358665822086,17.249568356761966,15.269032295309234,strict_delta_max,1,cross_layer_handoff_executed
line-duel_round-robin_seed0,0,round-robin,line-duel,4,4,PSO,2.3072668014201403,1.2752999318763614,-0.04500000000000004,-0.04500000000000004,0.5,0.0,0.0,0.028841704029243437,15.269032295309234,12.961765493889093,strict_delta_max,1,cross_layer_handoff_executed
line-duel_round-robin_seed0,0,round-robin,line-duel,4,5,RL,3.9752843497438857,1.8997000297531486,-0.04500000000000004,-0.04500000000000004,0.5,0.0,0.0,0.005031086644478288,12.961765493889093,8.986481144145207,strict_delta_max,2,cross_layer_handoff_executed
line-duel_round-robin_seed0,0,round-robin,line-duel,4,6,GA,2.6698961798497995,1.406800001859665,-1.08,-1.08,0.0,0.0,0.16492998018967,0.018665676561576316,8.986481144145207,6.316584964295408,strict_delta_max,1,cross_layer_handoff_executed
line-duel_round-robin_seed0,0,round-robin,line-duel,4,7,PSO,3.0251749353308357,1.2242000084370375,-0.04500000000000004,-0.04500000000000004,0.5,0.0,0.0,0.026561770270137484,6.316584964295408,3.291410028964572,strict_delta_max,1,cross_layer_handoff_executed
line-duel_round-robin_seed0,0,round-robin,line-duel,5,0,RL,2.462908053540581,1.668199896812439,-0.04500000000000004,-0.04500000000000004,0.5,0.0,0.0,0.0,22.0,19.53709194645942,strict_delta_max,2,cross_layer_handoff_executed
line-duel_round-robin_seed0,0,round-robin,line-duel,5,1,GA,1.5609885885878367,1.2069999938830733,-0.04500000000000004,-0.04500000000000004,0.5,0.0,0.16492998018967,0.0398111068312063,19.53709194645942,17.976103357871583,strict_delta_max,1,cross_layer_handoff_executed
line-duel_round-robin_seed0,0,round-robin,line-duel,5,2,PSO,3.4986549709484467,1.3685999438166618,-0.04500000000000004,-0.04500000000000004,0.5,0.0,0.0,0.015520151013188236,17.976103357871583,14.477448386923136,strict_delta_max,1,cross_layer_handoff_executed
line-duel_round-robin_seed0,0,round-robin,line-duel,5,3,RL,3.0161130853191267,1.3794999103993177,-0.04500000000000004,-0.04500000000000004,0.5,0.0,0.0,0.6863137891200718,14.477448386923136,11.46133530160401,strict_delta_max,2,cross_layer_handoff_executed
line-duel_round-robin_seed0,0,round-robin,line-duel,5,4,GA,1.5199112350105475,1.1297999881207943,-0.04500000000000004,-0.04500000000000004,0.5,0.0,0.16492998018967,0.04336107343577223,11.46133530160401,9.941424066593463,strict_delta_max,1,cross_layer_handoff_executed
line-duel_round-robin_seed0,0,round-robin,line-duel,5,5,PSO,1.4914330914471092,1.2797999661415815,-0.04500000000000004,-0.04500000000000004,0.5,0.0,0.0,0.03762860331852237,9.941424066593463,8.449990975146353,strict_delta_max,1,cross_layer_handoff_executed
line-duel_round-robin_seed0,0,round-robin,line-duel,5,6,RL,3.7432501845837765,1.369600067846477,-0.04500000000000004,-0.04500000000000004,0.5,0.0,0.0,0.0,8.449990975146353,4.706740790562576,strict_delta_max,2,cross_layer_handoff_executed
line-duel_round-robin_seed0,0,round-robin,line-duel,5,7,GA,2.3669659532124103,1.0904999217018485,-0.04500000000000004,-0.04500000000000004,0.5,0.0,0.16492998018967,0.022537953806133063,4.706740790562576,2.339774837350166,strict_delta_max,1,cross_layer_handoff_executed
line-duel_round-robin_seed1,1,round-robin,line-duel,0,0,GA,2.9420915853436957,1.6627999721094966,-1.04,-1.04,0.0,0.0,0.9222503083015591,0.04079385976487518,22.0,19.057908414656303,strict_delta_max,1,cross_layer_handoff_executed
line-duel_round-robin_seed1,1,round-robin,line-duel,0,1,PSO,1.0478464117356086,1.3819000450894237,-1.04,-1.04,0.0,0.0,0.0,0.07191417322099722,19.057908414656303,18.010062002920694,strict_delta_max,1,cross_layer_handoff_executed
line-duel_round-robin_seed1,1,round-robin,line-duel,0,2,RL,3.4847291488855876,2.246399992145598,-1.09,-1.09,0.0,0.0,0.0,0.0,18.010062002920694,14.525332854035106,strict_delta_max,2,cross_layer_handoff_executed
line-duel_round-robin_seed1,1,round-robin,line-duel,0,3,GA,3.3528046698476497,1.1696999426931143,-1.04,-1.04,0.0,0.0,0.8604127127874946,0.02728321313387214,14.525332854035106,11.172528184187456,strict_delta_max,1,cross_layer_handoff_executed
line-duel_round-robin_seed1,1,round-robin,line-duel,0,4,PSO,1.9404049006445716,1.2944999616593122,-1.04,-1.04,0.0,0.0,0.0,0.03887761957055909,11.172528184187456,9.232123283542885,strict_delta_max,1,cross_layer_handoff_executed
line-duel_round-robin_seed1,1,round-robin,line-duel,0,5,RL,2.356833638214052,1.7818000633269548,-1.1,-1.1,0.0,0.0,0.0,0.0,9.232123283542885,6.875289645328833,strict_delta_max,2,cross_layer_handoff_executed
line-duel_round-robin_seed1,1,round-robin,line-duel,0,6,GA,1.2301288423582677,1.1122999712824821,-1.04,-1.04,0.0,0.0,0.7466681582587485,0.06933331817003638,6.875289645328833,5.645160802970565,strict_delta_max,1,cross_layer_handoff_executed
line-duel_round-robin_seed1,1,round-robin,line-duel,0,7,PSO,3.5970221928725903,1.4124999288469553,-1.04,-1.04,0.0,0.0,0.0,0.014690883826041203,5.645160802970565,2.048138610097975,strict_delta_max,1,cross_layer_handoff_executed
line-duel_round-robin_seed1,1,round-robin,line-duel,1,0,RL,2.5002169488126262,1.9721999997273088,-1.085,-1.085,0.0,0.0,0.0,0.003999652912019932,22.0,19.499783051187375,strict_delta_max,2,cross_layer_handoff_executed
line-duel_round-robin_seed1,1,round-robin,line-duel,1,1,GA,3.2810987394175073,1.304200035519898,-1.04,-1.04,0.0,0.0,0.7772472685794287,0.029940224248226906,19.499783051187375,16.218684311769866,strict_delta_max,1,cross_layer_handoff_executed
line-duel_round-robin_seed1,1,round-robin,line-duel,1,2,PSO,1.5431638380787298,1.490199938416481,-1.04,-1.04,0.0,0.0,0.0,0.044503530208175546,16.218684311769866,14.675520473691137,strict_delta_max,1,cross_layer_handoff_executed
line-duel_round-robin_seed1,1,round-robin,line-duel,1,3,RL,1.4985815526474717,1.8566999351605773,-1.09,-1.09,0.0,0.0,0.0,1.3746332299104427,14.675520473691137,13.176938921043664,strict_delta_max,2,cross_layer_handoff_executed
line-duel_round-robin_seed1,1,round-robin,line-duel,1,4,GA,2.3690587219765002,1.4495000941678882,-1.1,-1.1,0.0,0.0,0.7772472685794287,0.0337426059274851,13.176938921043664,10.807880199067164,strict_delta_max,1,cross_layer_handoff_executed
line-duel_round-robin_seed1,1,round-robin,line-duel,1,5,PSO,1.1794597403482425,1.3516000472009182,-1.04,-1.04,0.0,0.0,0.0,0.035562423372186514,10.807880199067164,9.62842045871892,strict_delta_max,1,cross_layer_handoff_executed
line-duel_round-robin_seed1,1,round-robin,line-duel,1,6,RL,4.0,2.471099956892431,-1.09,-1.09,0.0,0.0,0.0,0.0,9.62842045871892,5.628420458718921,strict_delta_max,2,cross_layer_handoff_executed
line-duel_round-robin_seed1,1,round-robin,line-duel,1,7,GA,2.523233103732615,1.2461000587791204,-1.04,-1.04,0.0,0.0,0.7725442157947201,0.022152318185992094,5.628420458718921,3.105187354986306,strict_delta_max,1,cross_layer_handoff_executed
line-duel_round-robin_seed1,1,round-robin,line-duel,2,0,PSO,2.234397643984236,1.2160000624135137,-1.04,-1.04,0.0,0.0,0.0,0.03947618662227849,22.0,19.765602356015762,strict_delta_max,1,cross_layer_handoff_executed
line-duel_round-robin_seed1,1,round-robin,line-duel,2,1,RL,2.1309407510953635,1.810500049032271,-1.1,-1.1,0.0,0.0,0.0,0.023463815206639902,19.765602356015762,17.6346616049204,strict_delta_max,2,cross_layer_handoff_executed
line-duel_round-robin_seed1,1,round-robin,line-duel,2,2,GA,1.2506701702221128,1.1766999959945679,-1.04,-1.04,0.0,0.0,0.7725442157947201,0.0960907719012553,17.6346616049204,16.383991434698288,strict_delta_max,1,cross_layer_handoff_executed
line-duel_round-robin_seed1,1,round-robin,line-duel,2,3,PSO,1.398281571053552,1.3299999991431832,-1.04,-1.04,0.0,0.0,0.0,0.05161909319758749,16.383991434698288,14.985709863644736,strict_delta_max,1,cross_layer_handoff_executed
line-duel_round-robin_seed1,1,round-robin,line-duel,2,4,RL,4.0,2.087400062009692,-1.09,-1.09,0.0,0.0,0.0,0.007500000000000007,14.985709863644736,10.985709863644736,strict_delta_max,2,cross_layer_handoff_executed
line-duel_round-robin_seed1,1,round-robin,line-duel,2,5,GA,1.5005308463978229,1.1618999997153878,-1.04,-1.04,0.0,0.0,0.7725442157947201,0.06162370766996604,10.985709863644736,9.485179017246914,strict_delta_max,1,cross_layer_handoff_executed
line-duel_round-robin_seed1,1,round-robin,line-duel,2,6,PSO,1.2857636617995334,1.4125999296084046,-1.04,-1.04,0.0,0.0,0.0,0.030033962493367535,9.485179017246914,8.19941535544738,strict_delta_max,1,cross_layer_handoff_executed
line-duel_round-robin_seed1,1,round-robin,line-duel,2,7,RL,2.30510724933007,1.4979999978095293,-1.04,-1.04,0.0,0.0,0.0,0.0,8.19941535544738,5.89430810611731,strict_delta_max,2,cross_layer_handoff_executed
line-duel_round-robin_seed1,1,round-robin,line-duel,2,8,GA,1.5873667572058012,1.3312000082805753,-1.085,-1.085,0.0,0.0,0.7725442157947201,0.06405065702522436,5.89430810611731,4.306941348911509,strict_delta_max,1,cross_layer_handoff_executed
line-duel_round-robin_seed1,1,round-robin,line-duel,2,9,PSO,3.055367210331745,1.228500041179359,-1.04,-1.04,0.0,0.0,0.0,0.022715961939447776,4.306941348911509,1.2515741385797639,strict_delta_max,1,cross_layer_handoff_executed
line-duel_round-robin_seed1,1,round-robin,line-duel,3,0,RL,1.3666576810300868,2.1774000488221645,-1.1,-1.1,0.0,0.0,0.0,1.5146441049083963,22.0,20.633342318969913,strict_delta_max,2,cross_layer_handoff_executed
line-duel_round-robin_seed1,1,round-robin,line-duel,3,1,GA,3.7620290637750373,1.2569999089464545,-1.04,-1.04,0.0,0.0,0.7725442157947201,0.021487804284518713,20.633342318969913,16.871313255194874,strict_delta_max,1,cross_layer_handoff_executed
line-duel_round-robin_seed1,1,round-robin,line-duel,3,2,PSO,1.373567984883265,1.4651999808847904,-1.04,-1.04,0.0,0.0,0.0,0.0442898465934053,16.871313255194874,15.49774527031161,strict_delta_max,1,cross_layer_handoff_executed
line-duel_round-robin_seed1,1,round-robin,line-duel,3,3,RL,4.0,2.257699961774051,-1.1,-1.1,0.0,0.0,0.0,0.0,15.49774527031161,11.49774527031161,strict_delta_max,2,cross_layer_handoff_executed
line-duel_round-robin_seed1,1,round-robin,line-duel,3,4,GA,2.415819962862188,1.1205000337213278,-1.04,-1.04,0.0,0.0,0.7725442157947201,0.027879026602420143,11.49774527031161,9.08192530744942,strict_delta_max,1,cross_layer_handoff_executed
line-duel_round-robin_seed1,1,round-robin,line-duel,3,5,PSO,2.4734668851403283,1.2699998915195465,-1.04,-1.04,0.0,0.0,0.0,0.03209500829799143,9.08192530744942,6.608458422309092,strict_delta_max,1,cross_layer_handoff_executed
line-duel_round-robin_seed1,1,round-robin,line-duel,3,6,RL,2.017131785699454,1.8325999844819307,-1.04,-1.04,0.0,0.0,0.0,0.0,6.608458422309092,4.591326636609638,strict_delta_max,2,cross_layer_handoff_executed
line-duel_round-robin_seed1,1,round-robin,line-duel,3,7,GA,2.330211046457789,1.1384999379515648,-1.04,-1.04,0.0,0.0,0.7725442157947201,0.035499901790598885,4.591326636609638,2.2611155901518494,strict_delta_max,1,cross_layer_handoff_executed
line-duel_round-robin_seed1,1,round-robin,line-duel,4,0,PSO,1.8771004401651004,1.2057001003995538,-1.04,-1.04,0.0,0.0,0.0,0.031343758256839674,22.0,20.1228995598349,strict_delta_max,1,cross_layer_handoff_executed
line-duel_round-robin_seed1,1,round-robin,line-duel,4,1,RL,4.0,1.7426999984309077,-1.04,-1.04,0.0,0.0,0.0,0.017500000000000016,20.1228995598349,16.1228995598349,strict_delta_max,2,cross_layer_handoff_executed
line-duel_round-robin_seed1,1,round-robin,line-duel,4,2,GA,2.288331030750752,1.261299941688776,-1.04,-1.04,0.0,0.0,0.7725442157947201,0.045690859172537,16.1228995598349,13.834568529084146,strict_delta_max,1,cross_layer_handoff_executed
line-duel_round-robin_seed1,1,round-robin,line-duel,4,3,PSO,2.140470915549341,1.406800001859665,-1.04,-1.04,0.0,0.0,0.0,0.029680930761068005,13.834568529084146,11.694097613534804,strict_delta_max,1,cross_layer_handoff_executed
line-duel_round-robin_seed1,1,round-robin,line-duel,4,4,RL,2.325973691962552,1.8518000142648816,-1.04,-1.04,0.0,0.0,0.0,0.0,11.694097613534804,9.368123921572252,strict_delta_max,2,cross_layer_handoff_executed
line-duel_round-robin_seed1,1,round-robin,line-duel,4,5,GA,3.433424312258796,1.1935000075027347,-1.04,-1.04,0.0,0.0,0.7725442157947201,0.018166715012790716,9.368123921572252,5.934699609313456,strict_delta_max,1,cross_layer_handoff_executed
line-duel_round-robin_seed1,1,round-robin,line-duel,4,6,PSO,2.9296764608691657,1.318400027230382,-1.04,-1.04,0.0,0.0,0.0,0.019720294370238204,5.934699609313456,3.00502314844429,strict_delta_max,1,cross_layer_handoff_executed
line-duel_round-robin_seed1,1,round-robin,line-duel,5,0,RL,4.0,2.140800002962351,-1.04,-1.04,0.0,0.0,0.0,0.5175000000000001,22.0,18.0,strict_delta_max,2,cross_layer_handoff_executed
line-duel_round-robin_seed1,1,round-robin,line-duel,5,1,GA,1.1985196384316321,1.149199903011322,-1.04,-1.04,0.0,0.0,0.7725442157947201,0.0568191097309965,18.0,16.801480361568366,strict_delta_max,1,cross_layer_handoff_executed
line-duel_round-robin_seed1,1,round-robin,line-duel,5,2,PSO,2.5635497603603983,1.3788999058306217,-1.04,-1.04,0.0,0.0,0.0,0.02821580837196529,16.801480361568366,14.237930601207967,strict_delta_max,1,cross_layer_handoff_executed
line-duel_round-robin_seed1,1,round-robin,line-duel,5,3,RL,1.1135398565734103,1.7721999902278185,-1.04,-1.04,0.0,0.0,0.0,0.0,14.237930601207967,13.124390744634557,strict_delta_max,2,cross_layer_handoff_executed
line-duel_round-robin_seed1,1,round-robin,line-duel,5,4,GA,2.655146333605134,1.3114999746903777,-1.085,-1.085,0.0,0.0,0.7725442157947201,0.02742214797128256,13.124390744634557,10.469244411029422,strict_delta_max,1,cross_layer_handoff_executed
line-duel_round-robin_seed1,1,round-robin,line-duel,5,5,PSO,3.191513702155528,1.2156000593677163,-1.04,-1.04,0.0,0.0,0.0,0.02029932363881466,10.469244411029422,7.277730708873894,strict_delta_max,1,cross_layer_handoff_executed
line-duel_round-robin_seed1,1,round-robin,line-duel,5,6,RL,2.9096448313440972,1.9388999789953232,-1.04,-1.04,0.0,0.0,0.0,0.0,7.277730708873894,4.368085877529797,strict_delta_max,2,cross_layer_handoff_executed
line-duel_round-robin_seed1,1,round-robin,line-duel,5,7,GA,1.9107671910970105,1.3289999915286899,-1.03,-1.03,0.0,0.005233499950487848,0.7658341937423979,0.06127130177082597,4.368085877529797,2.4573186864327865,strict_delta_max,1,cross_layer_handoff_executed
line-duel_round-robin_seed2,2,round-robin,line-duel,0,0,GA,2.282163808635265,1.7787000397220254,-0.0050000000000000044,-0.0050000000000000044,0.5,0.43818064076566016,0.8841395898889056,0.059171347775251876,22.0,19.717836191364736,strict_delta_max,1,cross_layer_handoff_executed
line-duel_round-robin_seed2,2,round-robin,line-duel,0,1,PSO,1.6878748875696683,1.4841000083833933,-0.039999999999999925,-0.039999999999999925,0.5,0.0,0.0,0.05743481707658332,19.717836191364736,18.02996130379507,strict_delta_max,1,cross_layer_handoff_executed
line-duel_round-robin_seed2,2,round-robin,line-duel,0,2,RL,2.2195134993315166,1.8079000292345881,-1.005,-1.005,0.0,0.0,0.0,0.0,18.02996130379507,15.810447804463553,strict_delta_max,2,cross_layer_handoff_executed
line-duel_round-robin_seed2,2,round-robin,line-duel,0,3,GA,2.5458951316609566,0.9989999234676361,-1.03,-1.03,0.0,0.0,0.8205222274787475,0.035383290517440956,15.810447804463553,13.264552672802598,strict_delta_max,1,cross_layer_handoff_executed
line-duel_round-robin_seed2,2,round-robin,line-duel,0,4,PSO,2.130052285916131,1.3457000022754073,-0.995,-0.995,0.0,0.0,0.0,0.037368985137760595,13.264552672802598,11.134500386886467,strict_delta_max,1,cross_layer_handoff_executed
line-duel_round-robin_seed2,2,round-robin,line-duel,0,5,RL,4.0,2.159399911761284,-1.0150000000000001,-1.0150000000000001,0.0,0.0,0.0,0.0,11.134500386886467,7.134500386886467,strict_delta_max,2,cross_layer_handoff_executed
line-duel_round-robin_seed2,2,round-robin,line-duel,0,6,GA,2.4150323067393837,1.2756000505760312,-0.025000000000000022,-0.025000000000000022,0.5,0.0,0.7451024140204439,0.04215183245311486,7.134500386886467,4.719468080147083,strict_delta_max,1,cross_layer_handoff_executed
line-duel_round-robin_seed2,2,round-robin,line-duel,0,7,PSO,2.004153722654829,1.6015999717637897,-0.039999999999999925,-0.039999999999999925,0.5,0.0,0.0,0.030642406765961982,4.719468080147083,2.715314357492254,strict_delta_max,1,cross_layer_handoff_executed
line-duel_round-robin_seed2,2,round-robin,line-duel,1,0,RL,2.045475539907869,2.007200033403933,-1.02,-1.02,0.0,0.0,0.0,0.014666516130205727,22.0,19.95452446009213,strict_delta_max,2,cross_layer_handoff_executed
line-duel_round-robin_seed2,2,round-robin,line-duel,1,1,GA,2.689317696034336,1.185899949632585,-0.025000000000000022,-0.025000000000000022,0.5,0.0,0.6858479521469404,0.03966767612242961,19.95452446009213,17.265206764057794,strict_delta_max,1,cross_layer_handoff_executed
line-duel_round-robin_seed2,2,round-robin,line-duel,1,2,PSO,2.079777602089377,1.2440000427886844,0.025000000000000022,0.025000000000000022,0.5,0.014424619233259151,0.0,0.04232826919880885,17.265206764057794,15.185429161968417,strict_delta_max,1,cross_layer_handoff_executed
line-duel_round-robin_seed2,2,round-robin,line-duel,1,3,RL,2.2742440826800014,1.7154000233858824,-1.0150000000000001,-1.0150000000000001,0.0,0.0,0.0,0.0,15.185429161968417,12.911185079288416,strict_delta_max,2,cross_layer_handoff_executed
line-duel_round-robin_seed2,2,round-robin,line-duel,1,4,GA,1.653990125779971,0.8660999592393637,-1.005,-1.005,0.0,0.0,0.7168907274086378,0.06819754099444528,12.911185079288416,11.257194953508444,strict_delta_max,1,cross_layer_handoff_executed
line-duel_round-robin_seed2,2,round-robin,line-duel,1,5,PSO,1.2126006187469156,1.01500004529953,-1.005,-1.005,0.0,0.0,0.0,0.0792468200295538,11.257194953508444,10.044594334761529,strict_delta_max,1,cross_layer_handoff_executed
line-duel_round-robin_seed2,2,round-robin,line-duel,1,6,RL,3.2237143450462598,1.4055999927222729,-1.0,-1.0,0.0,0.0,0.0,0.01240804727672794,10.044594334761529,6.820879989715269,strict_delta_max,2,cross_layer_handoff_executed
line-duel_round-robin_seed2,2,round-robin,line-duel,1,7,GA,2.951792649727747,1.0619000531733036,-0.0050000000000000044,-0.0050000000000000044,0.5,0.0,0.6986228367753551,0.036700909050571884,6.820879989715269,3.8690873399875225,strict_delta_max,1,cross_layer_handoff_executed
line-duel_round-robin_seed2,2,round-robin,line-duel,2,0,PSO,1.9726544890718023,1.0093000018969178,0.025000000000000022,0.025000000000000022,0.5,0.0,0.0,0.026453071635013713,22.0,20.027345510928196,strict_delta_max,1,cross_layer_handoff_executed
line-duel_round-robin_seed2,2,round-robin,line-duel,2,1,RL,4.0,1.9944000523537397,-1.005,-1.005,0.0,0.0,0.0,0.4975,20.027345510928196,16.027345510928196,strict_delta_max,2,cross_layer_handoff_executed
line-duel_round-robin_seed2,2,round-robin,line-duel,2,2,GA,1.7047239118650173,1.20900000911206,-1.0699999999999998,-1.0699999999999998,0.0,0.0,0.6986228367753551,0.06688230310454468,16.027345510928196,14.32262159906318,strict_delta_max,1,cross_layer_handoff_executed
line-duel_round-robin_seed2,2,round-robin,line-duel,2,3,PSO,1.4175367443951943,1.0311000514775515,-1.0,-1.0,0.0,0.0,0.0,0.04198797662463175,14.32262159906318,12.905084854667985,strict_delta_max,1,cross_layer_handoff_executed
line-duel_round-robin_seed2,2,round-robin,line-duel,2,4,RL,2.1317991423535707,1.3253999641165137,-1.005,-1.005,0.0,0.0,0.0,0.03283611415788354,12.905084854667985,10.773285712314415,strict_delta_max,2,cross_layer_handoff_executed
line-duel_round-robin_seed2,2,round-robin,line-duel,2,5,GA,2.9993591848062944,1.2432999210432172,-0.039999999999999925,-0.039999999999999925,0.5,0.0,0.6865541737938474,0.03433576182646738,10.773285712314415,7.77392652750812,strict_delta_max,1,cross_layer_handoff_executed
line-duel_round-robin_seed2,2,round-robin,line-duel,2,6,PSO,3.1265044469543124,1.2463000603020191,0.025000000000000022,0.025000000000000022,0.5,0.0,0.0,0.02534377616124307,7.77392652750812,4.647422080553808,strict_delta_max,1,cross_layer_handoff_executed
line-duel_round-robin_seed2,2,round-robin,line-duel,2,7,RL,2.5106882039155964,1.6336999833583832,-1.005,-1.005,0.0,0.0,0.0,0.0,4.647422080553808,2.1367338766382113,strict_delta_max,2,cross_layer_handoff_executed
line-duel_round-robin_seed2,2,round-robin,line-duel,3,0,GA,2.278068313357978,1.0221999837085605,-1.005,-1.005,0.0,0.0,0.6865541737938474,0.03313891413554785,22.0,19.721931686642023,strict_delta_max,1,cross_layer_handoff_executed
line-duel_round-robin_seed2,2,round-robin,line-duel,3,1,PSO,2.677749376044401,1.2045000912621617,0.025000000000000022,0.025000000000000022,0.5,0.0,0.0,0.04347852359487389,19.721931686642023,17.044182310597623,strict_delta_max,1,cross_layer_handoff_executed
line-duel_round-robin_seed2,2,round-robin,line-duel,3,2,RL,1.4720122036609424,1.9548999844118953,-1.005,-1.005,0.0,0.0,0.0,0.0,17.044182310597623,15.572170106936682,strict_delta_max,2,cross_layer_handoff_executed
line-duel_round-robin_seed2,2,round-robin,line-duel,3,3,GA,1.5013716867526667,0.9472999954596162,-1.0350000000000001,-1.0350000000000001,0.0,0.0,0.6865541737938474,0.09298804867358942,15.572170106936682,14.070798420184015,strict_delta_max,1,cross_layer_handoff_executed
line-duel_round-robin_seed2,2,round-robin,line-duel,3,4,PSO,1.4307910429688628,1.4290999388322234,0.025000000000000022,0.025000000000000022,0.5,0.0,0.0,0.09528095430894507,14.070798420184015,12.640007377215152,strict_delta_max,1,cross_layer_handoff_executed
line-duel_round-robin_seed2,2,round-robin,line-duel,3,5,RL,2.9762476836110316,1.3886999804526567,-1.005,-1.005,0.0,0.0,0.0,0.020159612498111323,12.640007377215152,9.66375969360412,strict_delta_max,2,cross_layer_handoff_executed
line-duel_round-robin_seed2,2,round-robin,line-duel,3,6,GA,2.463984622808558,1.291500055231154,-0.039999999999999925,-0.039999999999999925,0.5,0.0,0.692658370450033,0.03224008605510531,9.66375969360412,7.199775070795562,strict_delta_max,1,cross_layer_handoff_executed
line-duel_round-robin_seed2,2,round-robin,line-duel,3,7,PSO,1.3467604633095096,1.3290999922901392,0.025000000000000022,0.025000000000000022,0.5,0.0,0.0,0.09436792002165693,7.199775070795562,5.8530146074860525,strict_delta_max,1,cross_layer_handoff_executed
line-duel_round-robin_seed2,2,round-robin,line-duel,3,8,RL,1.5765044508927364,1.5604000072926283,-1.005,-1.005,0.0,0.0,0.0,0.038058883986038544,5.8530146074860525,4.276510156593316,strict_delta_max,2,cross_layer_handoff_executed
line-duel_round-robin_seed2,2,round-robin,line-duel,3,9,GA,2.935977182784148,1.0177000658586621,0.025000000000000022,0.025000000000000022,0.5,0.0,0.5829731609330029,0.031816515606654695,4.276510156593316,1.340532973809168,strict_delta_max,1,cross_layer_handoff_executed
line-duel_round-robin_seed2,2,round-robin,line-duel,4,0,PSO,1.1101383335022357,1.0151999304071069,0.025000000000000022,0.025000000000000022,0.5,0.0,0.0,0.09139296612104834,22.0,20.889861666497765,strict_delta_max,1,cross_layer_handoff_executed
line-duel_round-robin_seed2,2,round-robin,line-duel,4,1,RL,2.5937969268144236,1.562400022521615,-1.005,-1.005,0.0,0.0,0.0,0.0,20.889861666497765,18.29606473968334,strict_delta_max,2,cross_layer_handoff_executed
line-duel_round-robin_seed2,2,round-robin,line-duel,4,2,GA,3.694327291023837,0.9508999064564705,-1.0350000000000001,-1.0350000000000001,0.0,0.0,0.5829731609330029,0.02284371969500888,18.29606473968334,14.601737448659504,strict_delta_max,1,cross_layer_handoff_executed
line-duel_round-robin_seed2,2,round-robin,line-duel,4,3,PSO,2.9544285258396186,1.3790000230073929,0.025000000000000022,0.025000000000000022,0.5,0.0,0.0,0.03503031212568177,14.601737448659504,11.647308922819885,strict_delta_max,1,cross_layer_handoff_executed
line-duel_round-robin_seed2,2,round-robin,line-duel,4,4,RL,1.371160559687179,1.5613000141456723,-1.005,-1.005,0.0,0.0,0.0,0.0,11.647308922819885,10.276148363132705,strict_delta_max,2,cross_layer_handoff_executed
line-duel_round-robin_seed2,2,round-robin,line-duel,4,5,GA,3.298412578235587,1.186499954201281,0.025000000000000022,0.025000000000000022,0.5,0.0,0.5854315863749808,0.03187605104913013,10.276148363132705,6.977735784897119,strict_delta_max,1,cross_layer_handoff_executed
line-duel_round-robin_seed2,2,round-robin,line-duel,4,6,PSO,2.069658628546931,1.3533999444916844,0.025000000000000022,0.025000000000000022,0.5,0.0,0.0,0.06030401920474089,6.977735784897119,4.908077156350188,strict_delta_max,1,cross_layer_handoff_executed
line-duel_round-robin_seed2,2,round-robin,line-duel,4,7,RL,3.7105839696207106,1.850400003604591,-1.005,-1.005,0.0,0.0,0.0,0.0,4.908077156350188,1.1974931867294778,strict_delta_max,2,cross_layer_handoff_executed
line-duel_round-robin_seed2,2,round-robin,line-duel,5,0,GA,2.586259972489908,1.1910999892279506,-1.03,-1.03,0.0,0.0,0.5854315863749808,0.03736771512432363,22.0,19.41374002751009,strict_delta_max,1,cross_layer_handoff_executed
line-duel_round-robin_seed2,2,round-robin,line-duel,5,1,PSO,2.2486484515343967,1.1588999768719077,-1.005,-1.005,0.0,0.0,0.0,0.03896865518045023,19.41374002751009,17.165091575975694,strict_delta_max,1,cross_layer_handoff_executed
line-duel_round-robin_seed2,2,round-robin,line-duel,5,2,RL,1.9407447727941056,1.5634000301361084,-1.005,-1.005,0.0,0.0,0.0,0.030915966303811077,17.165091575975694,15.22434680318159,strict_delta_max,2,cross_layer_handoff_executed
line-duel_round-robin_seed2,2,round-robin,line-duel,5,3,GA,3.0075501703379928,1.232100068591535,-0.025000000000000022,-0.025000000000000022,0.5,0.0,0.5224427422567688,0.03534354281057951,15.22434680318159,12.216796632843597,strict_delta_max,1,cross_layer_handoff_executed
line-duel_round-robin_seed2,2,round-robin,line-duel,5,4,PSO,1.138152930681977,1.3936000177636743,0.025000000000000022,0.025000000000000022,0.5,0.0,0.0,0.11347271687054185,12.216796632843597,11.078643702161619,strict_delta_max,1,cross_layer_handoff_executed
line-duel_round-robin_seed2,2,round-robin,line-duel,5,5,RL,3.935530919482546,1.3516000472009182,-1.005,-1.005,0.0,0.0,0.0,0.5158135056062296,11.078643702161619,7.143112782679073,strict_delta_max,2,cross_layer_handoff_executed
line-duel_round-robin_seed2,2,round-robin,line-duel,5,6,GA,1.7632304463513475,0.9118999587371945,-1.005,-1.005,0.0,0.0,0.5224427422567688,0.05166886013824802,7.143112782679073,5.379882336327725,strict_delta_max,1,cross_layer_handoff_executed
line-duel_round-robin_seed2,2,round-robin,line-duel,5,7,PSO,2.881380434483164,1.0616000508889556,-1.005,-1.005,0.0,0.0,0.0,0.044740653118205284,5.379882336327725,2.498501901844561,strict_delta_max,1,cross_layer_handoff_executed
line-duel_greedy-improvement_seed0,0,greedy-improvement,line-duel,0,0,GA,1.6893344512949398,1.7558999825268984,-1.0350000000000001,-1.0350000000000001,0.0,0.0,0.8116122098641232,0.0646168400523651,22.0,20.31066554870506,strict_delta_max,1,cross_layer_handoff_executed
line-duel_greedy-improvement_seed0,0,greedy-improvement,line-duel,0,1,GA,2.5056547673116434,1.4050001045688987,-1.0350000000000001,-1.0350000000000001,0.0,0.0,0.8311453459131665,0.048610042225809315,20.31066554870506,17.805010781393417,strict_delta_max,1,cross_layer_handoff_executed
line-duel_greedy-improvement_seed0,0,greedy-improvement,line-duel,0,2,GA,3.2133130574313404,1.4112999197095633,-1.0350000000000001,-1.0350000000000001,0.0,0.0,0.7829156664470321,0.031784489138668576,17.805010781393417,14.591697723962076,strict_delta_max,1,cross_layer_handoff_executed
line-duel_greedy-improvement_seed0,0,greedy-improvement,line-duel,0,3,GA,3.1578918407829324,1.4454000629484653,-1.0350000000000001,-1.0350000000000001,0.0,0.0,0.7561446778792801,0.03252146195437233,14.591697723962076,11.433805883179144,strict_delta_max,1,cross_layer_handoff_executed
line-duel_greedy-improvement_seed0,0,greedy-improvement,line-duel,0,4,GA,2.937698729694839,1.5124999918043613,-1.0350000000000001,-1.0350000000000001,0.0,0.0,0.6989703687729832,0.038251989956807654,11.433805883179144,8.496107153484305,strict_delta_max,1,cross_layer_handoff_executed
line-duel_greedy-improvement_seed0,0,greedy-improvement,line-duel,0,5,GA,1.6346523690022985,1.573899993672967,-1.02,-1.02,0.0,0.009176262968471575,0.6828797477966819,0.055282636525476096,8.496107153484305,6.861454784482007,strict_delta_max,1,cross_layer_handoff_executed
line-duel_greedy-improvement_seed0,0,greedy-improvement,line-duel,0,6,GA,3.5495492749357096,1.2892000377178192,0.015000000000000013,0.015000000000000013,0.5,0.29158631697506054,0.6948509863091249,0.02783827176302636,6.861454784482007,3.311905509546297,strict_delta_max,1,cross_layer_handoff_executed
line-duel_greedy-improvement_seed0,0,greedy-improvement,line-duel,1,0,GA,2.6237057221461146,1.436699996702373,-1.0350000000000001,-1.0350000000000001,0.0,0.0,0.6684738604233517,0.03842066196569583,22.0,19.376294277853887,strict_delta_max,1,cross_layer_handoff_executed
line-duel_greedy-improvement_seed0,0,greedy-improvement,line-duel,1,1,GA,2.944785666803855,1.6524000093340874,-1.0350000000000001,-1.0350000000000001,0.0,0.0,0.629872737374901,0.025245448390572398,19.376294277853887,16.43150861105003,strict_delta_max,1,cross_layer_handoff_executed
line-duel_greedy-improvement_seed0,0,greedy-improvement,line-duel,1,2,GA,3.719590782306286,1.564699923619628,-1.04,-1.04,0.0,0.0,0.6111318557515489,0.02934947749294064,16.43150861105003,12.711917828743745,strict_delta_max,1,cross_layer_handoff_executed
line-duel_greedy-improvement_seed0,0,greedy-improvement,line-duel,1,3,GA,1.0556594859765283,1.4453999465331435,-1.04,-1.04,0.0,0.0,0.6111318557515489,0.09094043402403203,12.711917828743745,11.656258342767217,strict_delta_max,1,cross_layer_handoff_executed
line-duel_greedy-improvement_seed0,0,greedy-improvement,line-duel,1,4,GA,1.9044975975937155,1.4705000212416053,-1.0350000000000001,-1.0350000000000001,0.0,0.0,0.6078617440956903,0.05399554787781659,11.656258342767217,9.7517607451735,strict_delta_max,1,cross_layer_handoff_executed
line-duel_greedy-improvement_seed0,0,greedy-improvement,line-duel,1,5,GA,2.8839562712709403,1.2890000361949205,-1.04,-1.04,0.0,0.0,0.6078617440956903,0.019695626830235773,9.7517607451735,6.86780447390256,strict_delta_max,1,cross_layer_handoff_executed
line-duel_greedy-improvement_seed0,0,greedy-improvement,line-duel,1,6,GA,2.3422281044168525,1.5026000328361988,-1.0350000000000001,-1.0350000000000001,0.0,0.0,0.6078617440956903,0.041272284195477425,6.86780447390256,4.525576369485708,strict_delta_max,1,cross_layer_handoff_executed
line-duel_greedy-improvement_seed0,0,greedy-improvement,line-duel,1,7,GA,1.422297174935895,1.263400074094534,0.015000000000000013,0.015000000000000013,0.5,0.0,0.6284792604807337,0.06965279853456886,4.525576369485708,3.103279194549813,strict_delta_max,1,cross_layer_handoff_executed
line-duel_greedy-improvement_seed0,0,greedy-improvement,line-duel,2,0,GA,1.9919546239943542,1.2019999558106065,-1.0350000000000001,-1.0350000000000001,0.0,0.0,0.6284792604807337,0.03499774158770174,22.0,20.008045376005647,strict_delta_max,1,cross_layer_handoff_executed
line-duel_greedy-improvement_seed0,0,greedy-improvement,line-duel,2,1,GA,1.5887227229157082,1.2516999850049615,0.015000000000000013,0.015000000000000013,0.5,0.0,0.6487426136929986,0.05673500467921454,20.008045376005647,18.41932265308994,strict_delta_max,1,cross_layer_handoff_executed
line-duel_greedy-improvement_seed0,0,greedy-improvement,line-duel,2,2,GA,2.262717038275114,1.425999915227294,0.015000000000000013,0.015000000000000013,0.5,0.0,0.6528146563471748,0.04474702443389324,18.41932265308994,16.156605614814826,strict_delta_max,1,cross_layer_handoff_executed
line-duel_greedy-improvement_seed0,0,greedy-improvement,line-duel,2,3,GA,2.4656462958721406,1.3008000096306205,0.015000000000000013,0.015000000000000013,0.5,0.0,0.6581485889270445,0.040588325077624596,16.156605614814826,13.690959318942685,strict_delta_max,1,cross_layer_handoff_executed
line-duel_greedy-improvement_seed0,0,greedy-improvement,line-duel,2,4,GA,3.617056485066973,1.3568999711424112,0.015000000000000013,0.015000000000000013,0.5,0.0,0.585947675557486,0.025055160081651994,13.690959318942685,10.073902833875712,strict_delta_max,1,cross_layer_handoff_executed
line-duel_greedy-improvement_seed0,0,greedy-improvement,line-duel,2,5,GA,3.6195050629733014,1.2435999233275652,0.015000000000000013,0.015000000000000013,0.5,0.0,0.5804624807012194,0.0317491396663662,10.073902833875712,6.4543977709024105,strict_delta_max,1,cross_layer_handoff_executed
line-duel_greedy-improvement_seed0,0,greedy-improvement,line-duel,2,6,GA,2.3562853015965253,1.129699987359345,0.015000000000000013,0.015000000000000013,0.5,0.0,0.5287794361718773,0.048083416177672804,6.4543977709024105,4.098112469305885,strict_delta_max,1,cross_layer_handoff_executed
line-duel_greedy-improvement_seed0,0,greedy-improvement,line-duel,2,7,GA,1.3184984232654127,1.246000058017671,0.015000000000000013,0.015000000000000013,0.5,0.0,0.5229060167285209,0.07555851910190726,4.098112469305885,2.7796140460404724,strict_delta_max,1,cross_layer_handoff_executed
line-duel_greedy-improvement_seed0,0,greedy-improvement,line-duel,3,0,GA,3.1956330491270086,0.9531999239698052,0.015000000000000013,0.015000000000000013,0.5,0.0,0.46888634094355536,0.02755227621952123,22.0,18.804366950872993,strict_delta_max,1,cross_layer_handoff_executed
line-duel_greedy-improvement_seed0,0,greedy-improvement,line-duel,3,1,GA,3.5966551743499915,1.1975000379607081,0.015000000000000013,0.015000000000000013,0.5,0.0,0.46888634094355536,0.02245583105116616,18.804366950872993,15.207711776523002,strict_delta_max,1,cross_layer_handoff_executed
line-duel_greedy-improvement_seed0,0,greedy-improvement,line-duel,3,2,GA,3.5426599027345005,1.145399990491569,0.015000000000000013,0.015000000000000013,0.5,0.0,0.46888634094355536,0.024666815596730483,15.207711776523002,11.665051873788501,strict_delta_max,1,cross_layer_handoff_executed
line-duel_greedy-improvement_seed0,0,greedy-improvement,line-duel,3,3,GA,3.494543522843922,1.2005999451503158,0.015000000000000013,0.015000000000000013,0.5,0.0,0.46888634094355536,0.02090554337673835,11.665051873788501,8.17050835094458,strict_delta_max,1,cross_layer_handoff_executed
line-duel_greedy-improvement_seed0,0,greedy-improvement,line-duel,3,4,GA,3.007771186781455,1.151600037701428,0.015000000000000013,0.015000000000000013,0.5,0.0,0.46888634094355536,0.027421656986500686,8.17050835094458,5.162737164163125,strict_delta_max,1,cross_layer_handoff_executed
line-duel_greedy-improvement_seed0,0,greedy-improvement,line-duel,3,5,GA,1.79730069436155,1.1972999200224876,0.015000000000000013,0.015000000000000013,0.5,0.0,0.46888634094355536,0.04166330858284027,5.162737164163125,3.365436469801575,strict_delta_max,1,cross_layer_handoff_executed
line-duel_greedy-improvement_seed0,0,greedy-improvement,line-duel,4,0,GA,3.3131135544809656,0.9934999980032444,0.015000000000000013,0.015000000000000013,0.5,0.0,0.46888634094355536,0.029861516498371078,22.0,18.686886445519036,strict_delta_max,1,cross_layer_handoff_executed
line-duel_greedy-improvement_seed0,0,greedy-improvement,line-duel,4,1,GA,3.946364865848617,1.2944999616593122,0.015000000000000013,0.015000000000000013,0.5,0.0,0.46888634094355536,0.020269761756056912,18.686886445519036,14.74052157967042,strict_delta_max,1,cross_layer_handoff_executed
line-duel_greedy-improvement_seed0,0,greedy-improvement,line-duel,4,2,GA,1.7755865413627387,1.2478000717237592,0.015000000000000013,0.015000000000000013,0.5,0.0,0.46888634094355536,0.05435572775945704,14.74052157967042,12.964935038307681,strict_delta_max,1,cross_layer_handoff_executed
line-duel_greedy-improvement_seed0,0,greedy-improvement,line-duel,4,3,GA,3.6499806262153633,1.1596999829635024,0.015000000000000013,0.015000000000000013,0.5,0.0,0.46888634094355536,0.014083909073375095,12.964935038307681,9.314954412092318,strict_delta_max,1,cross_layer_handoff_executed
line-duel_greedy-improvement_seed0,0,greedy-improvement,line-duel,4,4,GA,3.3476142783244343,1.1964000295847654,0.015000000000000013,0.015000000000000013,0.5,0.0,0.46888634094355536,0.024868537550872028,9.314954412092318,5.967340133767884,strict_delta_max,1,cross_layer_handoff_executed
line-duel_greedy-improvement_seed0,0,greedy-improvement,line-duel,4,5,GA,1.1546368468332595,1.298299990594387,0.0,0.0,0.5,0.0,0.46888634094355536,0.06317297293566843,5.967340133767884,4.8127032869346245,strict_delta_max,1,cross_layer_handoff_executed
line-duel_greedy-improvement_seed0,0,greedy-improvement,line-duel,4,6,GA,2.1905412747400526,1.4871000312268734,-1.04,-1.04,0.0,0.0,0.46888634094355536,0.03795218457032581,4.8127032869346245,2.622162012194572,strict_delta_max,1,cross_layer_handoff_executed
line-duel_greedy-improvement_seed0,0,greedy-improvement,line-duel,5,0,GA,3.4987018011053794,1.074999920092523,0.015000000000000013,0.015000000000000013,0.5,0.0,0.46888634094355536,0.016707940214708967,22.0,18.50129819889462,strict_delta_max,1,cross_layer_handoff_executed
line-duel_greedy-improvement_seed0,0,greedy-improvement,line-duel,5,1,GA,1.4429606143778075,1.3268999755382538,0.015000000000000013,0.015000000000000013,0.5,0.0,0.46888634094355536,0.049185926067488873,18.50129819889462,17.058337584516813,strict_delta_max,1,cross_layer_handoff_executed
line-duel_greedy-improvement_seed0,0,greedy-improvement,line-duel,5,2,GA,2.4340872470413952,1.3550999574363232,0.0,0.0,0.5,0.0,0.46888634094355536,0.02841886491524682,17.058337584516813,14.624250337475418,strict_delta_max,1,cross_layer_handoff_executed
line-duel_greedy-improvement_seed0,0,greedy-improvement,line-duel,5,3,GA,2.206377793583529,1.3259999686852098,0.015000000000000013,0.015000000000000013,0.5,0.0,0.46888634094355536,0.022953678495140094,14.624250337475418,12.417872543891889,strict_delta_max,1,cross_layer_handoff_executed
line-duel_greedy-improvement_seed0,0,greedy-improvement,line-duel,5,4,GA,1.8135256795824188,1.105699921026826,0.015000000000000013,0.015000000000000013,0.5,0.0,0.46888634094355536,0.044641449806895085,12.417872543891889,10.60434686430947,strict_delta_max,1,cross_layer_handoff_executed
line-duel_greedy-improvement_seed0,0,greedy-improvement,line-duel,5,5,GA,1.7231401431947888,1.2417000252753496,0.015000000000000013,0.015000000000000013,0.5,0.0,0.46888634094355536,0.03804912646298885,10.60434686430947,8.881206721114681,strict_delta_max,1,cross_layer_handoff_executed
line-duel_greedy-improvement_seed0,0,greedy-improvement,line-duel,5,6,GA,1.994959764033267,1.2268000282347202,0.015000000000000013,0.015000000000000013,0.5,0.0,0.46888634094355536,0.03969711738913368,8.881206721114681,6.886246957081415,strict_delta_max,1,cross_layer_handoff_executed
line-duel_greedy-improvement_seed0,0,greedy-improvement,line-duel,5,7,GA,3.082664504163634,1.1989000486209989,0.015000000000000013,0.015000000000000013,0.5,0.0,0.46888634094355536,0.023142607752203188,6.886246957081415,3.803582452917781,strict_delta_max,1,cross_layer_handoff_executed
line-duel_greedy-improvement_seed1,1,greedy-improvement,line-duel,0,0,GA,2.9420915853436957,1.6940999776124954,-1.04,-1.04,0.0,0.0,0.9222503083015591,0.04079385976487518,22.0,19.057908414656303,strict_delta_max,1,cross_layer_handoff_executed
line-duel_greedy-improvement_seed1,1,greedy-improvement,line-duel,0,1,GA,3.3607143190151323,1.4853000175207853,-1.04,-1.04,0.0,0.0,0.8797117752526203,0.024814093669612465,19.057908414656303,15.697194095641171,strict_delta_max,1,cross_layer_handoff_executed
line-duel_greedy-improvement_seed1,1,greedy-improvement,line-duel,0,2,GA,1.8588173421450245,1.491400063969195,-1.04,-1.04,0.0,0.0,0.8535850363623821,0.0467106620636739,15.697194095641171,13.838376753496146,strict_delta_max,1,cross_layer_handoff_executed
line-duel_greedy-improvement_seed1,1,greedy-improvement,line-duel,0,3,GA,3.8270937485719205,1.6467999666929245,-1.07,-1.07,0.0,0.0,0.8604573902389677,0.030864695128723835,13.838376753496146,10.011283004924225,strict_delta_max,1,cross_layer_handoff_executed
line-duel_greedy-improvement_seed1,1,greedy-improvement,line-duel,0,4,GA,2.2352911094680827,1.560600008815527,-1.04,-1.04,0.0,0.0,0.8212819453590211,0.04351751902763511,10.011283004924225,7.7759918954561424,strict_delta_max,1,cross_layer_handoff_executed
line-duel_greedy-improvement_seed1,1,greedy-improvement,line-duel,0,5,GA,1.6440610059960552,1.5876999823376536,-1.0550000000000002,-1.0550000000000002,0.0,0.0,0.7797741007340931,0.0550106157436788,7.7759918954561424,6.1319308894600875,strict_delta_max,1,cross_layer_handoff_executed
line-duel_greedy-improvement_seed1,1,greedy-improvement,line-duel,0,6,GA,3.6013386276995325,1.4275000430643559,-1.04,-1.04,0.0,0.0,0.7947423919546869,0.023202563388732753,6.1319308894600875,2.530592261760555,strict_delta_max,1,cross_layer_handoff_executed
line-duel_greedy-improvement_seed1,1,greedy-improvement,line-duel,1,0,GA,3.359252499970606,1.4667999930679798,-1.0550000000000002,-1.0550000000000002,0.0,0.0,0.7947423919546869,0.03234314119114962,22.0,18.640747500029395,strict_delta_max,1,cross_layer_handoff_executed
line-duel_greedy-improvement_seed1,1,greedy-improvement,line-duel,1,1,GA,3.880593776600343,1.4796999748796225,-1.04,-1.04,0.0,0.0,0.7947423919546869,0.030370586676992665,18.640747500029395,14.760153723429053,strict_delta_max,1,cross_layer_handoff_executed
line-duel_greedy-improvement_seed1,1,greedy-improvement,line-duel,1,2,GA,3.9163815312324846,1.8225000239908695,-1.1,-1.1,0.0,0.0,0.7947423919546869,0.021196025898293627,14.760153723429053,10.843772192196568,strict_delta_max,1,cross_layer_handoff_executed
line-duel_greedy-improvement_seed1,1,greedy-improvement,line-duel,1,3,GA,2.309200993567363,1.4232000103220344,-1.04,-1.04,0.0,0.0,0.7947423919546869,0.03171269090573321,10.843772192196568,8.534571198629205,strict_delta_max,1,cross_layer_handoff_executed
line-duel_greedy-improvement_seed1,1,greedy-improvement,line-duel,1,4,GA,2.8759720728384104,1.447899965569377,-1.04,-1.04,0.0,0.0,0.7947423919546869,0.027701700819170182,8.534571198629205,5.658599125790795,strict_delta_max,1,cross_layer_handoff_executed
line-duel_greedy-improvement_seed1,1,greedy-improvement,line-duel,1,5,GA,2.0155533696076047,1.5662999358028173,-1.07,-1.07,0.0,0.0,0.7947423919546869,0.04207179710368125,5.658599125790795,3.6430457561831906,strict_delta_max,1,cross_layer_handoff_executed
line-duel_greedy-improvement_seed1,1,greedy-improvement,line-duel,2,0,GA,3.950715051081146,1.3891999842599034,-1.04,-1.04,0.0,0.0,0.7947423919546869,0.0262265439624122,22.0,18.049284948918853,strict_delta_max,1,cross_layer_handoff_executed
line-duel_greedy-improvement_seed1,1,greedy-improvement,line-duel,2,1,GA,3.357074073939343,1.4227000065147877,-1.04,-1.04,0.0,0.0,0.7947423919546869,0.025669234105829154,18.049284948918853,14.69221087497951,strict_delta_max,1,cross_layer_handoff_executed
line-duel_greedy-improvement_seed1,1,greedy-improvement,line-duel,2,2,GA,2.5825734701822594,1.4970999909564853,-1.04,-1.04,0.0,0.0,0.7947423919546869,0.04135276805130617,14.69221087497951,12.109637404797251,strict_delta_max,1,cross_layer_handoff_executed
line-duel_greedy-improvement_seed1,1,greedy-improvement,line-duel,2,3,GA,3.709297983720855,1.4462999533861876,-1.04,-1.04,0.0,0.0,0.7947423919546869,0.01809071996715426,12.109637404797251,8.400339421076396,strict_delta_max,1,cross_layer_handoff_executed
line-duel_greedy-improvement_seed1,1,greedy-improvement,line-duel,2,4,GA,3.197161736800089,1.5130999963730574,-1.04,-1.04,0.0,0.0,0.7947423919546869,0.03547040198996498,8.400339421076396,5.203177684276307,strict_delta_max,1,cross_layer_handoff_executed
line-duel_greedy-improvement_seed1,1,greedy-improvement,line-duel,2,5,GA,3.613821226837455,1.693999976851046,-1.085,-1.085,0.0,0.0,0.7947423919546869,0.02299902816169593,5.203177684276307,1.5893564574388517,strict_delta_max,1,cross_layer_handoff_executed
line-duel_greedy-improvement_seed1,1,greedy-improvement,line-duel,3,0,GA,2.215234227705039,1.2425000313669443,-1.04,-1.04,0.0,0.0,0.7947423919546869,0.03155469200562989,22.0,19.78476577229496,strict_delta_max,1,cross_layer_handoff_executed
line-duel_greedy-improvement_seed1,1,greedy-improvement,line-duel,3,1,GA,3.6837615572861377,1.5987999504432082,-1.085,-1.085,0.0,0.0,0.7947423919546869,0.026035118983522135,19.78476577229496,16.10100421500882,strict_delta_max,1,cross_layer_handoff_executed
line-duel_greedy-improvement_seed1,1,greedy-improvement,line-duel,3,2,GA,1.2147407382861002,1.501200022175908,-1.04,-1.04,0.0,0.0,0.7947423919546869,0.06356882460850613,16.10100421500882,14.886263476722721,strict_delta_max,1,cross_layer_handoff_executed
line-duel_greedy-improvement_seed1,1,greedy-improvement,line-duel,3,3,GA,2.6604781389742813,1.4768000692129135,-1.04,-1.04,0.0,0.0,0.7947423919546869,0.046345279738291126,14.886263476722721,12.225785337748441,strict_delta_max,1,cross_layer_handoff_executed
line-duel_greedy-improvement_seed1,1,greedy-improvement,line-duel,3,4,GA,3.6150834715109212,1.587799983099103,-1.04,-1.04,0.0,0.0,0.7947423919546869,0.020391319413831283,12.225785337748441,8.61070186623752,strict_delta_max,1,cross_layer_handoff_executed
line-duel_greedy-improvement_seed1,1,greedy-improvement,line-duel,3,5,GA,1.564786151400059,1.559399999678135,-1.04,-1.04,0.0,0.0,0.7947423919546869,0.04029975432634618,8.61070186623752,7.045915714837461,strict_delta_max,1,cross_layer_handoff_executed
line-duel_greedy-improvement_seed1,1,greedy-improvement,line-duel,3,6,GA,2.866365385803378,1.5179000329226255,-1.04,-1.04,0.0,0.0,0.7947423919546869,0.020408516729743278,7.045915714837461,4.1795503290340825,strict_delta_max,1,cross_layer_handoff_executed
line-duel_greedy-improvement_seed1,1,greedy-improvement,line-duel,3,7,GA,3.6942125629593603,1.5445000026375055,-1.04,-1.04,0.0,0.0,0.7947423919546869,0.022273783336206124,4.1795503290340825,0.48533776607472223,strict_delta_max,1,cross_layer_handoff_executed
line-duel_greedy-improvement_seed1,1,greedy-improvement,line-duel,4,0,GA,1.0734018156637932,1.205699983984232,-1.025,-1.025,0.0,0.013974263673780078,0.7863103456639433,0.06427115370765903,22.0,20.926598184336207,strict_delta_max,1,cross_layer_handoff_executed
line-duel_greedy-improvement_seed1,1,greedy-improvement,line-duel,4,1,GA,2.4386258163807715,1.4819999923929572,-1.04,-1.04,0.0,0.0,0.7863103456639433,0.034283919980031365,20.926598184336207,18.487972367955436,strict_delta_max,1,cross_layer_handoff_executed
line-duel_greedy-improvement_seed1,1,greedy-improvement,line-duel,4,2,GA,3.879420775025518,1.4495999785140157,-1.04,-1.04,0.0,0.0,0.7863103456639433,0.017582857032176775,18.487972367955436,14.608551592929917,strict_delta_max,1,cross_layer_handoff_executed
line-duel_greedy-improvement_seed1,1,greedy-improvement,line-duel,4,3,GA,2.8884930439931678,1.5498000429943204,-1.04,-1.04,0.0,0.0,0.7863103456639433,0.021221160608354737,14.608551592929917,11.720058548936748,strict_delta_max,1,cross_layer_handoff_executed
line-duel_greedy-improvement_seed1,1,greedy-improvement,line-duel,4,4,GA,2.2689602486189586,1.442000037059188,-1.0150000000000001,-1.0150000000000001,0.0,0.004407305066753134,0.794443307638502,0.029080016066352292,11.720058548936748,9.45109830031779,strict_delta_max,1,cross_layer_handoff_executed
line-duel_greedy-improvement_seed1,1,greedy-improvement,line-duel,4,5,GA,1.9357498624644423,1.4427000423893332,-1.04,-1.04,0.0,0.0,0.794443307638502,0.03354114996212704,9.45109830031779,7.515348437853348,strict_delta_max,1,cross_layer_handoff_executed
line-duel_greedy-improvement_seed1,1,greedy-improvement,line-duel,4,6,GA,1.3717950392780822,1.447599963285029,-1.04,-1.04,0.0,0.0,0.794443307638502,0.060787041274949855,7.515348437853348,6.143553398575266,strict_delta_max,1,cross_layer_handoff_executed
line-duel_greedy-improvement_seed1,1,greedy-improvement,line-duel,4,7,GA,2.114521538147774,1.5810999320819974,-1.04,-1.04,0.0,0.0,0.794443307638502,0.04477351723738687,6.143553398575266,4.029031860427492,strict_delta_max,1,cross_layer_handoff_executed
line-duel_greedy-improvement_seed1,1,greedy-improvement,line-duel,4,8,GA,3.433424312258796,1.7986999591812491,-1.04,-1.04,0.0,0.0,0.794443307638502,0.014384710226831906,4.029031860427492,0.5956075481686955,strict_delta_max,1,cross_layer_handoff_executed
line-duel_greedy-improvement_seed1,1,greedy-improvement,line-duel,5,0,GA,1.2170356501205126,1.4977999962866306,-1.04,-1.04,0.0,0.0,0.794443307638502,0.042191058314034385,22.0,20.78296434987949,strict_delta_max,1,cross_layer_handoff_executed
line-duel_greedy-improvement_seed1,1,greedy-improvement,line-duel,5,1,GA,2.882422081323646,2.6035000337287784,-1.1,-1.1,0.0,0.0,0.794443307638502,0.018361177933747738,20.78296434987949,17.900542268555842,strict_delta_max,1,cross_layer_handoff_executed
line-duel_greedy-improvement_seed1,1,greedy-improvement,line-duel,5,2,GA,1.487846059359614,1.6288000624626875,-1.04,-1.04,0.0,0.0,0.794443307638502,0.053809313234376106,17.900542268555842,16.412696209196227,strict_delta_max,1,cross_layer_handoff_executed
line-duel_greedy-improvement_seed1,1,greedy-improvement,line-duel,5,3,GA,1.978107096130266,1.7511999467387795,-1.04,-1.04,0.0,0.0,0.794443307638502,0.03486461192026573,16.412696209196227,14.434589113065961,strict_delta_max,1,cross_layer_handoff_executed
line-duel_greedy-improvement_seed1,1,greedy-improvement,line-duel,5,4,GA,1.5974069264642425,1.7720999894663692,-1.0750000000000002,-1.0750000000000002,0.0,0.0,0.794443307638502,0.06246367784428253,14.434589113065961,12.83718218660172,strict_delta_max,1,cross_layer_handoff_executed
line-duel_greedy-improvement_seed1,1,greedy-improvement,line-duel,5,5,GA,3.0042837805976434,1.781199942342937,-1.045,-1.045,0.0,0.0,0.794443307638502,0.021728167758777145,12.83718218660172,9.832898406004077,strict_delta_max,1,cross_layer_handoff_executed
line-duel_greedy-improvement_seed1,1,greedy-improvement,line-duel,5,6,GA,2.64513166485827,1.8829000182449818,-1.04,-1.04,0.0,0.0,0.794443307638502,0.03545351852932067,9.832898406004077,7.187766741145807,strict_delta_max,1,cross_layer_handoff_executed
line-duel_greedy-improvement_seed1,1,greedy-improvement,line-duel,5,7,GA,1.9107671910970105,1.8733999459072948,-1.03,-1.03,0.0,0.0,0.8039066354672313,0.05251543835787136,7.187766741145807,5.276999550048796,strict_delta_max,1,cross_layer_handoff_executed
line-duel_greedy-improvement_seed1,1,greedy-improvement,line-duel,5,8,GA,2.236520075858849,1.57070008572191,-1.04,-1.04,0.0,0.0,0.8039066354672313,0.030479871943043982,5.276999550048796,3.040479474189947,strict_delta_max,1,cross_layer_handoff_executed
line-duel_greedy-improvement_seed2,2,greedy-improvement,line-duel,0,0,GA,2.282163808635265,1.8797999946400523,-0.0050000000000000044,-0.0050000000000000044,0.5,0.43818064076566016,0.8841395898889056,0.059171347775251876,22.0,19.717836191364736,strict_delta_max,1,cross_layer_handoff_executed
line-duel_greedy-improvement_seed2,2,greedy-improvement,line-duel,0,1,GA,2.3457061389960696,1.6199999954551458,-0.039999999999999925,-0.039999999999999925,0.5,0.0,0.8550986097773818,0.04185667719227862,19.717836191364736,17.372130052368668,strict_delta_max,1,cross_layer_handoff_executed
line-duel_greedy-improvement_seed2,2,greedy-improvement,line-duel,0,2,GA,1.0097943010049981,1.144199981354177,-1.005,-1.005,0.0,0.0,0.843153020769063,0.108499091426562,17.372130052368668,16.36233575136367,strict_delta_max,1,cross_layer_handoff_executed
line-duel_greedy-improvement_seed2,2,greedy-improvement,line-duel,0,3,GA,2.3741746921163296,1.249199965968728,-1.005,-1.005,0.0,0.0,0.8272933751285919,0.046259753751451846,16.36233575136367,13.98816105924734,strict_delta_max,1,cross_layer_handoff_executed
line-duel_greedy-improvement_seed2,2,greedy-improvement,line-duel,0,4,GA,3.6699719444740504,1.558300107717514,-0.039999999999999925,-0.039999999999999925,0.5,0.0,0.7632706403381906,0.027238797707611808,13.98816105924734,10.31818911477329,strict_delta_max,1,cross_layer_handoff_executed
line-duel_greedy-improvement_seed2,2,greedy-improvement,line-duel,0,5,GA,3.131754768012165,1.4539000112563372,-1.0699999999999998,-1.0699999999999998,0.0,0.0,0.7632706403381906,0.026819493238345687,10.31818911477329,7.186434346761125,strict_delta_max,1,cross_layer_handoff_executed
line-duel_greedy-improvement_seed2,2,greedy-improvement,line-duel,0,6,GA,2.6212060637442876,1.4355999883264303,-0.0050000000000000044,-0.0050000000000000044,0.5,0.0,0.7131486876000706,0.04358920381757448,7.186434346761125,4.565228283016838,strict_delta_max,1,cross_layer_handoff_executed
line-duel_greedy-improvement_seed2,2,greedy-improvement,line-duel,0,7,GA,1.629106602101527,1.6081000212579966,-0.025000000000000022,-0.025000000000000022,0.5,0.0,0.7154568587181707,0.09098800687969989,4.565228283016838,2.936121680915311,strict_delta_max,1,cross_layer_handoff_executed
line-duel_greedy-improvement_seed2,2,greedy-improvement,line-duel,1,0,GA,3.5917721889106433,1.3958999188616872,-0.0050000000000000044,-0.0050000000000000044,0.5,0.0,0.6997638420786222,0.03138481747048119,22.0,18.408227811089358,strict_delta_max,1,cross_layer_handoff_executed
line-duel_greedy-improvement_seed2,2,greedy-improvement,line-duel,1,1,GA,1.8155566597074992,1.5601000050082803,-1.025,-1.025,0.0,0.0,0.6997638420786222,0.06240222532756143,18.408227811089358,16.592671151381857,strict_delta_max,1,cross_layer_handoff_executed
line-duel_greedy-improvement_seed2,2,greedy-improvement,line-duel,1,2,GA,2.8738047095599057,1.5523000620305538,-0.0050000000000000044,-0.0050000000000000044,0.5,0.0,0.6130026042811695,0.036537458772236193,16.592671151381857,13.718866441821952,strict_delta_max,1,cross_layer_handoff_executed
line-duel_greedy-improvement_seed2,2,greedy-improvement,line-duel,1,3,GA,3.890952203227826,1.6310999635607004,-0.0050000000000000044,-0.0050000000000000044,0.5,0.0,0.597615862582006,0.030123962955007796,13.718866441821952,9.827914238594126,strict_delta_max,1,cross_layer_handoff_executed
line-duel_greedy-improvement_seed2,2,greedy-improvement,line-duel,1,4,GA,1.9090093023260253,1.577099901624024,-0.0050000000000000044,-0.0050000000000000044,0.5,0.0,0.5219966874276593,0.06273874691011609,9.827914238594126,7.918904936268101,strict_delta_max,1,cross_layer_handoff_executed
line-duel_greedy-improvement_seed2,2,greedy-improvement,line-duel,1,5,GA,2.0919206249131546,1.5868000918999314,-0.025000000000000022,-0.025000000000000022,0.5,0.0,0.45184107539693913,0.05173727592039331,7.918904936268101,5.826984311354947,strict_delta_max,1,cross_layer_handoff_executed
line-duel_greedy-improvement_seed2,2,greedy-improvement,line-duel,1,6,GA,2.4785371143929305,1.6769000794738531,-0.039999999999999925,-0.039999999999999925,0.5,0.0,0.45184107539693913,0.03746041168498666,5.826984311354947,3.348447196962016,strict_delta_max,1,cross_layer_handoff_executed
line-duel_greedy-improvement_seed2,2,greedy-improvement,line-duel,2,0,GA,2.857246273792712,1.2497000861912966,-0.025000000000000022,-0.025000000000000022,0.5,0.0,0.43072124848159543,0.031110328116791985,22.0,19.14275372620729,strict_delta_max,1,cross_layer_handoff_executed
line-duel_greedy-improvement_seed2,2,greedy-improvement,line-duel,2,1,GA,1.8157146720504387,1.7227999633178115,-0.025000000000000022,-0.025000000000000022,0.5,0.0,0.411808597065815,0.04208616613650808,19.14275372620729,17.32703905415685,strict_delta_max,1,cross_layer_handoff_executed
line-duel_greedy-improvement_seed2,2,greedy-improvement,line-duel,2,2,GA,3.287860306283523,1.4599000569432974,-0.0050000000000000044,-0.0050000000000000044,0.5,0.0,0.4154190737092517,0.027142128137705855,17.32703905415685,14.039178747873326,strict_delta_max,1,cross_layer_handoff_executed
line-duel_greedy-improvement_seed2,2,greedy-improvement,line-duel,2,3,GA,2.160982271170146,1.6687000170350075,-0.0050000000000000044,-0.0050000000000000044,0.5,0.0,0.4339470072584767,0.05660541430590291,14.039178747873326,11.87819647670318,strict_delta_max,1,cross_layer_handoff_executed
line-duel_greedy-improvement_seed2,2,greedy-improvement,line-duel,2,4,GA,3.5482159429541262,1.7474000342190266,-0.0050000000000000044,-0.0050000000000000044,0.5,0.0,0.4169513110045364,0.031006341518334552,11.87819647670318,8.329980533749053,strict_delta_max,1,cross_layer_handoff_executed
line-duel_greedy-improvement_seed2,2,greedy-improvement,line-duel,2,5,GA,1.0343585544606988,1.5894999960437417,-1.025,-1.025,0.0,0.0,0.4169513110045364,0.10701697397558094,8.329980533749053,7.295621979288354,strict_delta_max,1,cross_layer_handoff_executed
line-duel_greedy-improvement_seed2,2,greedy-improvement,line-duel,2,6,GA,1.22695902144976,1.640500035136938,-0.025000000000000022,-0.025000000000000022,0.5,0.0,0.4169513110045364,0.08717143953561432,7.295621979288354,6.068662957838594,strict_delta_max,1,cross_layer_handoff_executed
line-duel_greedy-improvement_seed2,2,greedy-improvement,line-duel,2,7,GA,2.784390448438287,1.3425999786704779,-0.0050000000000000044,-0.0050000000000000044,0.5,0.0,0.43078802384298653,0.03386452282887225,6.068662957838594,3.284272509400307,strict_delta_max,1,cross_layer_handoff_executed
line-duel_greedy-improvement_seed2,2,greedy-improvement,line-duel,3,0,GA,1.0415783996307042,1.137400045990944,-0.0050000000000000044,-0.0050000000000000044,0.5,0.0,0.43078802384298653,0.09895684773390077,22.0,20.958421600369295,strict_delta_max,1,cross_layer_handoff_executed
line-duel_greedy-improvement_seed2,2,greedy-improvement,line-duel,3,1,GA,1.4400444620905253,1.480200095102191,-0.025000000000000022,-0.025000000000000022,0.5,0.0,0.43078802384298653,0.07812146595934616,20.958421600369295,19.51837713827877,strict_delta_max,1,cross_layer_handoff_executed
line-duel_greedy-improvement_seed2,2,greedy-improvement,line-duel,3,2,GA,2.8917912114656987,1.3062999350950122,-1.03,-1.03,0.0,0.0,0.43078802384298653,0.027717678860880512,19.51837713827877,16.62658592681307,strict_delta_max,1,cross_layer_handoff_executed
line-duel_greedy-improvement_seed2,2,greedy-improvement,line-duel,3,3,GA,3.0795722679005326,1.6476999735459685,-0.025000000000000022,-0.025000000000000022,0.5,0.0,0.43078802384298653,0.017085301264498053,16.62658592681307,13.547013658912539,strict_delta_max,1,cross_layer_handoff_executed
line-duel_greedy-improvement_seed2,2,greedy-improvement,line-duel,3,4,GA,3.421472115284686,1.4025999698787928,-0.0050000000000000044,-0.0050000000000000044,0.5,0.0,0.43078802384298653,0.02561298384912828,13.547013658912539,10.125541543627852,strict_delta_max,1,cross_layer_handoff_executed
line-duel_greedy-improvement_seed2,2,greedy-improvement,line-duel,3,5,GA,1.960064947371068,1.3379999436438084,-0.0050000000000000044,-0.0050000000000000044,0.5,0.0,0.43078802384298653,0.052410241179897864,10.125541543627852,8.165476596256784,strict_delta_max,1,cross_layer_handoff_executed
line-duel_greedy-improvement_seed2,2,greedy-improvement,line-duel,3,6,GA,2.527122647139648,1.2984999921172857,-0.0050000000000000044,-0.0050000000000000044,0.5,0.0,0.43078802384298653,0.031077000005866214,8.165476596256784,5.638353949117136,strict_delta_max,1,cross_layer_handoff_executed
line-duel_greedy-improvement_seed2,2,greedy-improvement,line-duel,3,7,GA,2.3133281697665424,1.3359999284148216,-0.0050000000000000044,-0.0050000000000000044,0.5,0.0,0.43078802384298653,0.029015695456887612,5.638353949117136,3.325025779350594,strict_delta_max,1,cross_layer_handoff_executed
line-duel_greedy-improvement_seed2,2,greedy-improvement,line-duel,4,0,GA,3.058286705164339,1.289999927394092,-1.03,-1.03,0.0,0.0,0.43078802384298653,0.02091583411560469,22.0,18.94171329483566,strict_delta_max,1,cross_layer_handoff_executed
line-duel_greedy-improvement_seed2,2,greedy-improvement,line-duel,4,1,GA,1.7902350748319058,1.5796000370755792,-0.025000000000000022,-0.025000000000000022,0.5,0.0,0.43078802384298653,0.04211526047823772,18.94171329483566,17.151478220003757,strict_delta_max,1,cross_layer_handoff_executed
line-duel_greedy-improvement_seed2,2,greedy-improvement,line-duel,4,2,GA,1.1555369680229948,1.429299940355122,-0.0050000000000000044,-0.0050000000000000044,0.5,0.0,0.43078802384298653,0.06238430851907733,17.151478220003757,15.995941251980762,strict_delta_max,1,cross_layer_handoff_executed
line-duel_greedy-improvement_seed2,2,greedy-improvement,line-duel,4,3,GA,2.386338058194454,1.2792999623343349,-1.03,-1.03,0.0,0.0,0.43078802384298653,0.022039101151970535,15.995941251980762,13.609603193786308,strict_delta_max,1,cross_layer_handoff_executed
line-duel_greedy-improvement_seed2,2,greedy-improvement,line-duel,4,4,GA,2.721951550366123,1.3809000374749303,-0.0050000000000000044,-0.0050000000000000044,0.5,0.0,0.43078802384298653,0.03041491348098144,13.609603193786308,10.887651643420185,strict_delta_max,1,cross_layer_handoff_executed
line-duel_greedy-improvement_seed2,2,greedy-improvement,line-duel,4,5,GA,1.6757074517088808,1.451199990697205,-1.025,-1.025,0.0,0.0,0.43078802384298653,0.04745392979278371,10.887651643420185,9.211944191711304,strict_delta_max,1,cross_layer_handoff_executed
line-duel_greedy-improvement_seed2,2,greedy-improvement,line-duel,4,6,GA,3.3022410589846434,1.4443999389186502,-0.0050000000000000044,-0.0050000000000000044,0.5,0.0,0.43078802384298653,0.02209921875679319,9.211944191711304,5.90970313272666,strict_delta_max,1,cross_layer_handoff_executed
line-duel_greedy-improvement_seed2,2,greedy-improvement,line-duel,4,7,GA,3.497661668737015,1.4750000555068254,-0.0050000000000000044,-0.0050000000000000044,0.5,0.0,0.43078802384298653,0.017817726797654827,5.90970313272666,2.4120414639896453,strict_delta_max,1,cross_layer_handoff_executed
line-duel_greedy-improvement_seed2,2,greedy-improvement,line-duel,5,0,GA,2.681797641145649,1.3180000241845846,-0.025000000000000022,-0.025000000000000022,0.5,0.0,0.43078802384298653,0.03163640461168499,22.0,19.31820235885435,strict_delta_max,1,cross_layer_handoff_executed
line-duel_greedy-improvement_seed2,2,greedy-improvement,line-duel,5,1,GA,2.2356695157369737,1.5879999846220016,-0.025000000000000022,-0.025000000000000022,0.5,0.0,0.43078802384298653,0.019929841151537633,19.31820235885435,17.082532843117377,strict_delta_max,1,cross_layer_handoff_executed
line-duel_greedy-improvement_seed2,2,greedy-improvement,line-duel,5,2,GA,2.162944082353137,1.4530000044032931,-0.0050000000000000044,-0.0050000000000000044,0.5,0.0,0.43078802384298653,0.030008316958181805,17.082532843117377,14.91958876076424,strict_delta_max,1,cross_layer_handoff_executed
line-duel_greedy-improvement_seed2,2,greedy-improvement,line-duel,5,3,GA,1.4878687279934035,1.5899999998509884,-0.039999999999999925,-0.039999999999999925,0.5,0.0,0.43078802384298653,0.03425653018882695,14.91958876076424,13.431720032770837,strict_delta_max,1,cross_layer_handoff_executed
line-duel_greedy-improvement_seed2,2,greedy-improvement,line-duel,5,4,GA,3.5821826538944377,1.2541000032797456,-1.0350000000000001,-1.0350000000000001,0.0,0.0,0.43078802384298653,0.018377027056450605,13.431720032770837,9.849537378876398,strict_delta_max,1,cross_layer_handoff_executed
line-duel_greedy-improvement_seed2,2,greedy-improvement,line-duel,5,5,GA,3.7617744658227728,1.456499914638698,-0.025000000000000022,-0.025000000000000022,0.5,0.0,0.43078802384298653,0.020927145595758596,9.849537378876398,6.087762913053625,strict_delta_max,1,cross_layer_handoff_executed
line-duel_greedy-improvement_seed2,2,greedy-improvement,line-duel,5,6,GA,3.9642979177881172,1.3983999378979206,-0.0050000000000000044,-0.0050000000000000044,0.5,0.0,0.43078802384298653,0.01726208081987895,6.087762913053625,2.123464995265508,strict_delta_max,1,cross_layer_handoff_executed
grid-treasure_DLGPR-full_seed0,0,DLGPR-full,grid-treasure,0,0,GA,3.2127778257737645,2.347599947825074,0.025000000000000022,0.025000000000000022,0.5,0.0,0.8931030542994856,0.05487385891284679,22.0,18.787222174226237,strict_delta_max,1,cross_layer_handoff_executed
grid-treasure_DLGPR-full_seed0,0,DLGPR-full,grid-treasure,0,1,PSO,1.240539447270699,1.5505000483244658,0.010000000000000009,0.010000000000000009,0.5,0.0,0.0,0.1382138938747343,18.787222174226237,17.546682726955538,strict_delta_max,1,cross_layer_handoff_executed
grid-treasure_DLGPR-full_seed0,0,DLGPR-full,grid-treasure,0,2,RL,3.0155307486080147,2.9841000214219093,-1.135,-1.135,0.0,0.0,0.0,0.0,17.546682726955538,14.531151978347523,strict_delta_max,2,cross_layer_handoff_executed
grid-treasure_DLGPR-full_seed0,0,DLGPR-full,grid-treasure,0,3,GA,2.659460384195745,1.3685000594705343,0.025000000000000022,0.025000000000000022,0.5,0.0,0.8754084243546231,0.0546770053002769,14.531151978347523,11.871691594151779,strict_delta_max,1,cross_layer_handoff_executed
grid-treasure_DLGPR-full_seed0,0,DLGPR-full,grid-treasure,0,4,GA,2.724682374746422,1.6960999928414822,0.025000000000000022,0.025000000000000022,0.5,0.0,0.866566219619511,0.05479972206317567,11.871691594151779,9.147009219405357,strict_delta_max,1,cross_layer_handoff_executed
grid-treasure_DLGPR-full_seed0,0,DLGPR-full,grid-treasure,0,5,GA,2.2287436819278796,1.7058000667020679,0.025000000000000022,0.025000000000000022,0.5,0.0,0.8157392074345331,0.061604890988247216,9.147009219405357,6.9182655374774775,strict_delta_max,1,cross_layer_handoff_executed
grid-treasure_DLGPR-full_seed0,0,DLGPR-full,grid-treasure,0,6,GA,2.9812950247505547,1.6410000389441848,0.025000000000000022,0.025000000000000022,0.5,0.0,0.7563806949435334,0.04425692675023617,6.9182655374774775,3.9369705127269228,strict_delta_max,1,cross_layer_handoff_executed
grid-treasure_DLGPR-full_seed0,0,DLGPR-full,grid-treasure,1,0,GA,3.400313148130356,1.5038000419735909,0.025000000000000022,0.025000000000000022,0.5,0.0,0.7563806949435334,0.03481501856770301,22.0,18.599686851869645,strict_delta_max,1,cross_layer_handoff_executed
grid-treasure_DLGPR-full_seed0,0,DLGPR-full,grid-treasure,1,1,PSO,2.5534528749402825,1.6793999820947647,0.025000000000000022,0.025000000000000022,0.5,0.0,0.0,0.05463927623716998,18.599686851869645,16.04623397692936,strict_delta_max,1,cross_layer_handoff_executed
grid-treasure_DLGPR-full_seed0,0,DLGPR-full,grid-treasure,1,2,RL,4.0,1.7800999339669943,0.030000000000000027,0.030000000000000027,0.5,0.0012500000000000011,0.0,0.007500000000000007,16.04623397692936,12.046233976929361,strict_delta_max,2,cross_layer_handoff_executed
grid-treasure_DLGPR-full_seed0,0,DLGPR-full,grid-treasure,1,3,GA,1.380054320646095,1.4902000548318028,0.025000000000000022,0.025000000000000022,0.5,0.0,0.7455599356665066,0.10761256515828589,12.046233976929361,10.666179656283266,strict_delta_max,1,cross_layer_handoff_executed
grid-treasure_DLGPR-full_seed0,0,DLGPR-full,grid-treasure,1,4,GA,3.542499514779922,1.8337999936193228,0.025000000000000022,0.025000000000000022,0.5,0.0,0.7455599356665066,0.037656338078922325,10.666179656283266,7.1236801415033435,strict_delta_max,1,cross_layer_handoff_executed
grid-treasure_DLGPR-full_seed0,0,DLGPR-full,grid-treasure,1,5,GA,2.812821460269608,1.822599908336997,-0.08499999999999996,-0.08499999999999996,0.5,0.0,0.7455599356665066,0.05259567747655984,7.1236801415033435,4.310858681233736,strict_delta_max,1,cross_layer_handoff_executed
grid-treasure_DLGPR-full_seed0,0,DLGPR-full,grid-treasure,1,6,GA,2.4079675175405604,1.839200034737587,0.025000000000000022,0.025000000000000022,0.5,0.0,0.7455599356665066,0.056931054454683994,4.310858681233736,1.9028911636931753,strict_delta_max,1,cross_layer_handoff_executed
grid-treasure_DLGPR-full_seed0,0,DLGPR-full,grid-treasure,2,0,GA,2.042262384758358,1.740399980917573,0.025000000000000022,0.025000000000000022,0.5,0.0,0.7455599356665066,0.06307773249518268,22.0,19.95773761524164,strict_delta_max,1,cross_layer_handoff_executed
grid-treasure_DLGPR-full_seed0,0,DLGPR-full,grid-treasure,2,1,PSO,1.8898635663927343,2.074900083243847,-1.125,-1.125,0.0,0.0,0.0,0.07797134928065898,19.95773761524164,18.067874048848907,strict_delta_max,1,cross_layer_handoff_executed
grid-treasure_DLGPR-full_seed0,0,DLGPR-full,grid-treasure,2,2,RL,1.9188094407858978,3.913799999281764,0.025000000000000022,0.025000000000000022,0.5,0.0,0.0,0.0,18.067874048848907,16.14906460806301,strict_delta_max,2,cross_layer_handoff_executed
grid-treasure_DLGPR-full_seed0,0,DLGPR-full,grid-treasure,2,3,GA,3.18555735571268,1.4857000205665827,0.025000000000000022,0.025000000000000022,0.5,0.0,0.7455599356665066,0.04857829021836494,16.14906460806301,12.96350725235033,strict_delta_max,1,cross_layer_handoff_executed
grid-treasure_DLGPR-full_seed0,0,DLGPR-full,grid-treasure,2,4,GA,3.6579395396529715,1.9085999811068177,0.025000000000000022,0.025000000000000022,0.5,0.0,0.7455599356665066,0.024359039753056255,12.96350725235033,9.305567712697359,strict_delta_max,1,cross_layer_handoff_executed
grid-treasure_DLGPR-full_seed0,0,DLGPR-full,grid-treasure,2,5,GA,1.233028041012778,1.7210999503731728,0.025000000000000022,0.025000000000000022,0.5,0.0,0.7455599356665066,0.1101801007670288,9.305567712697359,8.07253967168458,strict_delta_max,1,cross_layer_handoff_executed
grid-treasure_DLGPR-full_seed0,0,DLGPR-full,grid-treasure,2,6,GA,2.1136161096686363,1.6420000465586782,0.025000000000000022,0.025000000000000022,0.5,0.0,0.7455599356665066,0.06045014711426933,8.07253967168458,5.958923562015944,strict_delta_max,1,cross_layer_handoff_executed
grid-treasure_DLGPR-full_seed0,0,DLGPR-full,grid-treasure,2,7,GA,1.0929375781641215,1.5971999382600188,0.025000000000000022,0.025000000000000022,0.5,0.0,0.7455599356665066,0.10275305441367007,5.958923562015944,4.865985983851823,strict_delta_max,1,cross_layer_handoff_executed
grid-treasure_DLGPR-full_seed0,0,DLGPR-full,grid-treasure,2,8,GA,3.435362252146766,1.6012999694794416,0.025000000000000022,0.025000000000000022,0.5,0.0,0.7455599356665066,0.03896642325988386,4.865985983851823,1.4306237317050572,strict_delta_max,1,cross_layer_handoff_executed
grid-treasure_DLGPR-full_seed0,0,DLGPR-full,grid-treasure,3,0,GA,2.055920275945213,1.6750999493524432,0.025000000000000022,0.025000000000000022,0.5,0.0,0.7455599356665066,0.05357021744648798,22.0,19.944079724054788,strict_delta_max,1,cross_layer_handoff_executed
grid-treasure_DLGPR-full_seed0,0,DLGPR-full,grid-treasure,3,1,PSO,1.4674422686183577,1.4421000378206372,0.0050000000000000044,0.0050000000000000044,0.5,0.0,0.0,0.09041484494787834,19.944079724054788,18.476637455436432,strict_delta_max,1,cross_layer_handoff_executed
grid-treasure_DLGPR-full_seed0,0,DLGPR-full,grid-treasure,3,2,RL,3.7691529486754636,2.028499962761998,0.025000000000000022,0.025000000000000022,0.5,0.0,0.0,0.6022573323265409,18.476637455436432,14.707484506760968,strict_delta_max,2,cross_layer_handoff_executed
grid-treasure_DLGPR-full_seed0,0,DLGPR-full,grid-treasure,3,3,GA,3.3311694934488623,1.40149996150285,0.025000000000000022,0.025000000000000022,0.5,0.0,0.7455599356665066,0.03421358204414515,14.707484506760968,11.376315013312105,strict_delta_max,1,cross_layer_handoff_executed
grid-treasure_DLGPR-full_seed0,0,DLGPR-full,grid-treasure,3,4,GA,2.790767854923971,1.6295999521389604,0.019999999999999962,0.019999999999999962,0.5,0.0,0.7455599356665066,0.03967155536209417,11.376315013312105,8.585547158388135,strict_delta_max,1,cross_layer_handoff_executed
grid-treasure_DLGPR-full_seed0,0,DLGPR-full,grid-treasure,3,5,GA,2.1157388174342975,1.7240999732166529,0.025000000000000022,0.025000000000000022,0.5,0.0,0.7455599356665066,0.05925402749426178,8.585547158388135,6.469808340953837,strict_delta_max,1,cross_layer_handoff_executed
grid-treasure_DLGPR-full_seed0,0,DLGPR-full,grid-treasure,3,6,GA,3.8810448171929934,1.5652000438421965,0.025000000000000022,0.025000000000000022,0.5,0.0,0.7455599356665066,0.03872837833389322,6.469808340953837,2.5887635237608437,strict_delta_max,1,cross_layer_handoff_executed
grid-treasure_DLGPR-full_seed0,0,DLGPR-full,grid-treasure,4,0,GA,3.7356446956961618,1.5515999402850866,0.025000000000000022,0.025000000000000022,0.5,0.0,0.7455599356665066,0.032272227663005616,22.0,18.264355304303837,strict_delta_max,1,cross_layer_handoff_executed
grid-treasure_DLGPR-full_seed0,0,DLGPR-full,grid-treasure,4,1,PSO,1.464536056950758,1.5138000017032027,0.025000000000000022,0.025000000000000022,0.5,0.0,0.0,0.10860385809901751,18.264355304303837,16.799819247353078,strict_delta_max,1,cross_layer_handoff_executed
grid-treasure_DLGPR-full_seed0,0,DLGPR-full,grid-treasure,4,2,RL,1.3155065769623855,3.1313999788835645,0.025000000000000022,0.025000000000000022,0.5,0.0,0.0,0.0,16.799819247353078,15.484312670390693,strict_delta_max,2,cross_layer_handoff_executed
grid-treasure_DLGPR-full_seed0,0,DLGPR-full,grid-treasure,4,3,GA,3.2221205669020385,1.39999995008111,0.025000000000000022,0.025000000000000022,0.5,0.0,0.7455599356665066,0.02703951473021965,15.484312670390693,12.262192103488655,strict_delta_max,1,cross_layer_handoff_executed
grid-treasure_DLGPR-full_seed0,0,DLGPR-full,grid-treasure,4,4,GA,2.2613976604118613,1.5865000896155834,0.025000000000000022,0.025000000000000022,0.5,0.0,0.7455599356665066,0.06311378540704109,12.262192103488655,10.000794443076794,strict_delta_max,1,cross_layer_handoff_executed
grid-treasure_DLGPR-full_seed0,0,DLGPR-full,grid-treasure,4,5,GA,2.845022620965133,1.6446999507024884,0.025000000000000022,0.025000000000000022,0.5,0.0,0.7455599356665066,0.03153480686036394,10.000794443076794,7.155771822111661,strict_delta_max,1,cross_layer_handoff_executed
grid-treasure_DLGPR-full_seed0,0,DLGPR-full,grid-treasure,4,6,GA,2.0671511520289756,1.66229996830225,0.025000000000000022,0.025000000000000022,0.5,0.0,0.7455599356665066,0.05518325707215276,7.155771822111661,5.088620670082685,strict_delta_max,1,cross_layer_handoff_executed
grid-treasure_DLGPR-full_seed0,0,DLGPR-full,grid-treasure,4,7,GA,1.4842539032445434,1.6316999681293964,0.025000000000000022,0.025000000000000022,0.5,0.0,0.7455599356665066,0.0639328978432914,5.088620670082685,3.6043667668381416,strict_delta_max,1,cross_layer_handoff_executed
grid-treasure_DLGPR-full_seed0,0,DLGPR-full,grid-treasure,5,0,GA,2.5213031725918746,1.4390000142157078,0.025000000000000022,0.025000000000000022,0.5,0.0,0.7455599356665066,0.04650231701159934,22.0,19.478696827408125,strict_delta_max,1,cross_layer_handoff_executed
grid-treasure_DLGPR-full_seed0,0,DLGPR-full,grid-treasure,5,1,PSO,1.449807112526223,1.6543000238016248,-0.03500000000000003,-0.03500000000000003,0.5,0.0,0.0,0.0820677699505966,19.478696827408125,18.028889714881903,strict_delta_max,1,cross_layer_handoff_executed
grid-treasure_DLGPR-full_seed0,0,DLGPR-full,grid-treasure,5,2,RL,2.626025546380934,2.3898000363260508,0.025000000000000022,0.025000000000000022,0.5,0.0,0.0,0.0,18.028889714881903,15.402864168500969,strict_delta_max,2,cross_layer_handoff_executed
grid-treasure_DLGPR-full_seed0,0,DLGPR-full,grid-treasure,5,3,GA,2.28485972960883,1.4828999992460012,0.025000000000000022,0.025000000000000022,0.5,0.0,0.7455599356665066,0.05940160208206451,15.402864168500969,13.11800443889214,strict_delta_max,1,cross_layer_handoff_executed
grid-treasure_DLGPR-full_seed0,0,DLGPR-full,grid-treasure,5,4,GA,2.1621450273807556,1.913099898956716,0.030000000000000027,0.030000000000000027,0.5,0.0,0.7406948218059556,0.04031775741050759,13.11800443889214,10.955859411511383,strict_delta_max,1,cross_layer_handoff_executed
grid-treasure_DLGPR-full_seed0,0,DLGPR-full,grid-treasure,5,5,GA,3.2706636327968264,1.6117000486701727,0.030000000000000027,0.030000000000000027,0.5,0.0,0.7538379104220624,0.03906085119248409,10.955859411511383,7.685195778714557,strict_delta_max,1,cross_layer_handoff_executed
grid-treasure_DLGPR-full_seed0,0,DLGPR-full,grid-treasure,5,6,GA,1.7058456883257143,2.1578000159934163,0.025000000000000022,0.025000000000000022,0.5,0.0,0.7538379104220624,0.07846790342180507,7.685195778714557,5.979350090388843,strict_delta_max,1,cross_layer_handoff_executed
grid-treasure_DLGPR-full_seed0,0,DLGPR-full,grid-treasure,5,7,GA,3.018647838387648,1.7226999625563622,0.025000000000000022,0.025000000000000022,0.5,0.0,0.7538379104220624,0.04401332903264762,5.979350090388843,2.9607022520011954,strict_delta_max,1,cross_layer_handoff_executed
grid-treasure_DLGPR-full_seed1,1,DLGPR-full,grid-treasure,0,0,GA,1.824988789829238,2.5467000668868423,-1.05,-1.05,0.0,0.0,0.8643655984494946,0.08235453439285725,22.0,20.175011210170762,strict_delta_max,1,cross_layer_handoff_executed
grid-treasure_DLGPR-full_seed1,1,DLGPR-full,grid-treasure,0,1,PSO,2.1742379665759692,1.8929000943899155,0.010000000000000009,0.010000000000000009,0.5,0.0,0.0,0.07738612075064231,20.175011210170762,18.000773243594793,strict_delta_max,1,cross_layer_handoff_executed
grid-treasure_DLGPR-full_seed1,1,DLGPR-full,grid-treasure,0,2,RL,4.0,3.373799961991608,-1.0550000000000002,-1.0550000000000002,0.0,0.0,0.0,0.0,18.000773243594793,14.000773243594793,strict_delta_max,2,cross_layer_handoff_executed
grid-treasure_DLGPR-full_seed1,1,DLGPR-full,grid-treasure,0,3,GA,3.460774059507657,1.345900003798306,0.0,0.0,0.5,0.0,0.7931361172545822,0.03752583778844092,14.000773243594793,10.539999184087137,strict_delta_max,1,cross_layer_handoff_executed
grid-treasure_DLGPR-full_seed1,1,DLGPR-full,grid-treasure,0,4,GA,2.855612249299627,1.8984000198543072,-1.03,-1.03,0.0,0.0,0.7957040923505982,0.06043677339554088,10.539999184087137,7.68438693478751,strict_delta_max,1,cross_layer_handoff_executed
grid-treasure_DLGPR-full_seed1,1,DLGPR-full,grid-treasure,0,5,GA,2.4986373851692676,2.6790000265464187,-1.1,-1.1,0.0,0.0,0.7797323295051072,0.05145925194405685,7.68438693478751,5.185749549618242,strict_delta_max,1,cross_layer_handoff_executed
grid-treasure_DLGPR-full_seed1,1,DLGPR-full,grid-treasure,0,6,GA,2.7020960693144445,2.1496000699698925,-1.05,-1.05,0.0,0.0,0.746450933979001,0.05276125798999862,5.185749549618242,2.4836534803037975,strict_delta_max,1,cross_layer_handoff_executed
grid-treasure_DLGPR-full_seed1,1,DLGPR-full,grid-treasure,1,0,GA,1.899850427498707,1.6476999735459685,0.0,0.0,0.5,0.0,0.7312762052400384,0.08155545991155197,22.0,20.100149572501294,strict_delta_max,1,cross_layer_handoff_executed
grid-treasure_DLGPR-full_seed1,1,DLGPR-full,grid-treasure,1,1,PSO,1.3324396144582624,2.232500002719462,-1.05,-1.05,0.0,0.0,0.0,0.07894816660971057,20.100149572501294,18.76770995804303,strict_delta_max,1,cross_layer_handoff_executed
grid-treasure_DLGPR-full_seed1,1,DLGPR-full,grid-treasure,1,2,RL,2.386719861768548,2.745700068771839,-1.05,-1.05,0.0,0.0,0.0,0.05446805973436301,18.76770995804303,16.380990096274484,strict_delta_max,2,cross_layer_handoff_executed
grid-treasure_DLGPR-full_seed1,1,DLGPR-full,grid-treasure,1,3,GA,2.8972990627037856,1.5248999698087573,-1.025,-1.025,0.0,0.0,0.7078892419190324,0.04104514799916636,16.380990096274484,13.483691033570699,strict_delta_max,1,cross_layer_handoff_executed
grid-treasure_DLGPR-full_seed1,1,DLGPR-full,grid-treasure,1,4,GA,2.4592395022789133,2.165899961255491,0.010000000000000009,0.010000000000000009,0.5,0.0,0.6844241347171532,0.04268829330390858,13.483691033570699,11.024451531291785,strict_delta_max,1,cross_layer_handoff_executed
grid-treasure_DLGPR-full_seed1,1,DLGPR-full,grid-treasure,1,5,GA,1.8803021147472363,2.21649999730289,-1.02,-1.02,0.0,0.0,0.7405938180130257,0.09513459120478499,11.024451531291785,9.144149416544549,strict_delta_max,1,cross_layer_handoff_executed
grid-treasure_DLGPR-full_seed1,1,DLGPR-full,grid-treasure,1,6,GA,2.777479869015275,1.881500007584691,0.0,0.0,0.5,0.0,0.7377265745705911,0.05051517796493802,9.144149416544549,6.366669547529273,strict_delta_max,1,cross_layer_handoff_executed
grid-treasure_DLGPR-full_seed1,1,DLGPR-full,grid-treasure,1,7,GA,1.6867154830031703,1.811400055885315,0.0,0.0,0.5,0.0,0.724566324422986,0.07361794589270775,6.366669547529273,4.679954064526103,strict_delta_max,1,cross_layer_handoff_executed
grid-treasure_DLGPR-full_seed1,1,DLGPR-full,grid-treasure,1,8,GA,2.15656604030675,1.812900067307055,0.0,0.0,0.5,0.0,0.7250700969255209,0.06881556819573022,4.679954064526103,2.523388024219353,strict_delta_max,1,cross_layer_handoff_executed
grid-treasure_DLGPR-full_seed1,1,DLGPR-full,grid-treasure,2,0,GA,1.4346848602043027,2.2067000390961766,0.010000000000000009,0.010000000000000009,0.5,0.0,0.7190234358035574,0.11403131093932617,22.0,20.565315139795697,strict_delta_max,1,cross_layer_handoff_executed
grid-treasure_DLGPR-full_seed1,1,DLGPR-full,grid-treasure,2,1,PSO,3.157981777466017,2.3896999191492796,-1.07,-1.07,0.0,0.0,0.0,0.04231095436603055,20.565315139795697,17.40733336232968,strict_delta_max,1,cross_layer_handoff_executed
grid-treasure_DLGPR-full_seed1,1,DLGPR-full,grid-treasure,2,2,RL,2.1668125482851246,2.6825000531971455,0.0,0.0,0.5,0.0,0.0,0.004615073882562793,17.40733336232968,15.240520814044556,strict_delta_max,2,cross_layer_handoff_executed
grid-treasure_DLGPR-full_seed1,1,DLGPR-full,grid-treasure,2,3,GA,1.8818154321475546,1.626799930818379,0.010000000000000009,0.010000000000000009,0.5,0.0,0.7158698226642275,0.06465809768100968,15.240520814044556,13.358705381897002,strict_delta_max,1,cross_layer_handoff_executed
grid-treasure_DLGPR-full_seed1,1,DLGPR-full,grid-treasure,2,4,GA,3.6627129779518617,2.3713000118732452,-1.08,-1.08,0.0,0.0,0.7158698226642275,0.030225875142036302,13.358705381897002,9.69599240394514,strict_delta_max,1,cross_layer_handoff_executed
grid-treasure_DLGPR-full_seed1,1,DLGPR-full,grid-treasure,2,5,GA,2.5967856269324594,2.2166999988257885,0.010000000000000009,0.010000000000000009,0.5,0.0,0.7287022948982231,0.05774698269695424,9.69599240394514,7.099206777012681,strict_delta_max,1,cross_layer_handoff_executed
grid-treasure_DLGPR-full_seed1,1,DLGPR-full,grid-treasure,2,6,GA,2.4269147738700045,1.7473000334575772,0.0,0.0,0.5,0.0,0.7287022948982231,0.04460936944512755,7.099206777012681,4.672292003142677,strict_delta_max,1,cross_layer_handoff_executed
grid-treasure_DLGPR-full_seed1,1,DLGPR-full,grid-treasure,2,7,GA,1.8305124426903352,2.131599932909012,0.010000000000000009,0.010000000000000009,0.5,0.0,0.7186352332558699,0.05634577684730418,4.672292003142677,2.8417795604523417,strict_delta_max,1,cross_layer_handoff_executed
grid-treasure_DLGPR-full_seed1,1,DLGPR-full,grid-treasure,3,0,GA,1.352146271641033,2.041399944573641,0.010000000000000009,0.010000000000000009,0.5,0.0,0.7179114607715245,0.08224250634379765,22.0,20.647853728358967,strict_delta_max,1,cross_layer_handoff_executed
grid-treasure_DLGPR-full_seed1,1,DLGPR-full,grid-treasure,3,1,PSO,1.2751624225335894,2.018099999986589,0.010000000000000009,0.010000000000000009,0.5,0.0,0.0,0.1023783511644772,20.647853728358967,19.372691305825377,strict_delta_max,1,cross_layer_handoff_executed
grid-treasure_DLGPR-full_seed1,1,DLGPR-full,grid-treasure,3,2,RL,2.1628065030537216,4.387900000438094,0.010000000000000009,0.010000000000000009,0.5,0.0,0.0,0.0,19.372691305825377,17.209884802771654,strict_delta_max,2,cross_layer_handoff_executed
grid-treasure_DLGPR-full_seed1,1,DLGPR-full,grid-treasure,3,3,GA,3.603094892127536,1.5774000203236938,0.0,0.0,0.5,0.0,0.6834877045296687,0.032717000029955055,17.209884802771654,13.606789910644117,strict_delta_max,1,cross_layer_handoff_executed
grid-treasure_DLGPR-full_seed1,1,DLGPR-full,grid-treasure,3,4,GA,3.74367832588735,2.1622999338433146,0.010000000000000009,0.010000000000000009,0.5,0.0,0.6834877045296687,0.030898645371767907,13.606789910644117,9.863111584756767,strict_delta_max,1,cross_layer_handoff_executed
grid-treasure_DLGPR-full_seed1,1,DLGPR-full,grid-treasure,3,5,GA,2.755573519011432,1.7927000299096107,0.0,0.0,0.5,0.0,0.6834877045296687,0.0434950418467042,9.863111584756767,7.107538065745335,strict_delta_max,1,cross_layer_handoff_executed
grid-treasure_DLGPR-full_seed1,1,DLGPR-full,grid-treasure,3,6,GA,3.59543422540013,2.1919000428169966,0.010000000000000009,0.010000000000000009,0.5,0.0,0.6834877045296687,0.0312981574891422,7.107538065745335,3.512103840345205,strict_delta_max,1,cross_layer_handoff_executed
grid-treasure_DLGPR-full_seed1,1,DLGPR-full,grid-treasure,4,0,GA,2.4529405363107926,1.5292000025510788,0.0,0.0,0.5,0.0,0.6834877045296687,0.05284691929974532,22.0,19.54705946368921,strict_delta_max,1,cross_layer_handoff_executed
grid-treasure_DLGPR-full_seed1,1,DLGPR-full,grid-treasure,4,1,PSO,2.1819334712058596,2.038500038906932,0.010000000000000009,0.010000000000000009,0.5,0.0,0.0,0.050681715068075076,19.54705946368921,17.36512599248335,strict_delta_max,1,cross_layer_handoff_executed
grid-treasure_DLGPR-full_seed1,1,DLGPR-full,grid-treasure,4,2,RL,2.209714958332813,2.3759000468999147,0.010000000000000009,0.010000000000000009,0.5,0.0,0.0,0.08598394072661356,17.36512599248335,15.155411034150536,strict_delta_max,2,cross_layer_handoff_executed
grid-treasure_DLGPR-full_seed1,1,DLGPR-full,grid-treasure,4,3,GA,3.272693209961653,1.8295999616384506,0.010000000000000009,0.010000000000000009,0.5,0.0,0.6834877045296687,0.04216973067579808,15.155411034150536,11.882717824188884,strict_delta_max,1,cross_layer_handoff_executed
grid-treasure_DLGPR-full_seed1,1,DLGPR-full,grid-treasure,4,4,GA,2.367776278224919,1.667899894528091,0.0050000000000000044,0.0050000000000000044,0.5,0.0,0.6834877045296687,0.04218123947385514,11.882717824188884,9.514941545963964,strict_delta_max,1,cross_layer_handoff_executed
grid-treasure_DLGPR-full_seed1,1,DLGPR-full,grid-treasure,4,5,GA,3.019982532999917,1.8297000788152218,0.0050000000000000044,0.0050000000000000044,0.5,0.0,0.6834877045296687,0.03892489578039821,9.514941545963964,6.494959012964047,strict_delta_max,1,cross_layer_handoff_executed
grid-treasure_DLGPR-full_seed1,1,DLGPR-full,grid-treasure,4,6,GA,3.7755684595482455,1.9518000772222877,0.010000000000000009,0.010000000000000009,0.5,0.0,0.6834877045296687,0.0397393322608665,6.494959012964047,2.719390553415802,strict_delta_max,1,cross_layer_handoff_executed
grid-treasure_DLGPR-full_seed1,1,DLGPR-full,grid-treasure,5,0,GA,3.8444347687247675,1.665599993430078,-1.025,-1.025,0.0,0.0,0.6834877045296687,0.029459114306368432,22.0,18.155565231275233,strict_delta_max,1,cross_layer_handoff_executed
grid-treasure_DLGPR-full_seed1,1,DLGPR-full,grid-treasure,5,1,PSO,1.0311015204506557,1.9121000077575445,0.010000000000000009,0.010000000000000009,0.5,0.0,0.0,0.10577663406707286,18.155565231275233,17.12446371082458,strict_delta_max,1,cross_layer_handoff_executed
grid-treasure_DLGPR-full_seed1,1,DLGPR-full,grid-treasure,5,2,RL,3.6672812867873263,3.893399960361421,0.010000000000000009,0.010000000000000009,0.5,0.0,0.0,0.0,17.12446371082458,13.457182424037253,strict_delta_max,2,cross_layer_handoff_executed
grid-treasure_DLGPR-full_seed1,1,DLGPR-full,grid-treasure,5,3,GA,2.833990494385893,1.7980999546125531,0.010000000000000009,0.010000000000000009,0.5,0.0,0.6834877045296687,0.035653155969062655,13.457182424037253,10.623191929651359,strict_delta_max,1,cross_layer_handoff_executed
grid-treasure_DLGPR-full_seed1,1,DLGPR-full,grid-treasure,5,4,GA,1.263394264596006,2.621399937197566,-0.06000000000000005,-0.06000000000000005,0.5,0.0,0.6834877045296687,0.09469469515442984,10.623191929651359,9.359797665055353,strict_delta_max,1,cross_layer_handoff_executed
grid-treasure_DLGPR-full_seed1,1,DLGPR-full,grid-treasure,5,5,GA,1.2006311035295414,2.0117999520152807,-1.025,-1.025,0.0,0.0,0.6834877045296687,0.09456924149365145,9.359797665055353,8.159166561525812,strict_delta_max,1,cross_layer_handoff_executed
grid-treasure_DLGPR-full_seed1,1,DLGPR-full,grid-treasure,5,6,GA,3.30321894808439,2.5933999568223953,0.0,0.0,0.5,0.0,0.6834877045296687,0.025583263274626972,8.159166561525812,4.855947613441422,strict_delta_max,1,cross_layer_handoff_executed
grid-treasure_DLGPR-full_seed1,1,DLGPR-full,grid-treasure,5,7,GA,1.3429230821097793,2.25639995187521,0.010000000000000009,0.010000000000000009,0.5,0.0,0.6834877045296687,0.11056854297174824,4.855947613441422,3.5130245313316424,strict_delta_max,1,cross_layer_handoff_executed
grid-treasure_DLGPR-full_seed2,2,DLGPR-full,grid-treasure,0,0,GA,3.9053653955254966,3.919699927791953,-0.6500000000000001,-0.6500000000000001,0.0,0.0,0.8718432739321208,0.04391968426834987,22.0,18.094634604474503,strict_delta_max,1,cross_layer_handoff_executed
grid-treasure_DLGPR-full_seed2,2,DLGPR-full,grid-treasure,0,1,PSO,1.6816474976395537,2.484200056642294,-1.12,-1.12,0.0,0.0,0.0,0.08873132629818674,18.094634604474503,16.41298710683495,strict_delta_max,1,cross_layer_handoff_executed
grid-treasure_DLGPR-full_seed2,2,DLGPR-full,grid-treasure,0,2,RL,1.3622580479494517,2.673399983905256,-1.12,-1.12,0.0,0.0,0.0,0.0,16.41298710683495,15.0507290588855,strict_delta_max,2,cross_layer_handoff_executed
grid-treasure_DLGPR-full_seed2,2,DLGPR-full,grid-treasure,0,3,GA,3.3079688215383105,3.17199993878603,-1.2349999999999999,-1.2349999999999999,0.0,0.0,0.8441815109289925,0.04901357931999614,15.0507290588855,11.74276023734719,strict_delta_max,1,cross_layer_handoff_executed
grid-treasure_DLGPR-full_seed2,2,DLGPR-full,grid-treasure,0,4,GA,1.2647531072632963,2.669100067578256,-0.12,-0.12,0.5,0.0,0.7893992672097868,0.10537769007532313,11.74276023734719,10.478007130083894,strict_delta_max,1,cross_layer_handoff_executed
grid-treasure_DLGPR-full_seed2,2,DLGPR-full,grid-treasure,0,5,GA,3.4762739439628696,2.5850998936221004,-0.10999999999999999,-0.10999999999999999,0.5,0.0,0.7857552850322262,0.03930323124540112,10.478007130083894,7.001733186121024,strict_delta_max,1,cross_layer_handoff_executed
grid-treasure_DLGPR-full_seed2,2,DLGPR-full,grid-treasure,0,6,GA,1.1954839939561188,2.5213001063093543,-0.08999999999999997,-0.08999999999999997,0.5,0.004182406477441749,0.7419046016899835,0.10076546212493463,7.001733186121024,5.8062491921649055,strict_delta_max,1,cross_layer_handoff_executed
grid-treasure_DLGPR-full_seed2,2,DLGPR-full,grid-treasure,0,7,GA,1.099943883282399,1.8585999496281147,-0.06999999999999995,-0.06999999999999995,0.5,0.018182745778190967,0.7316887230737651,0.15052619387871627,5.8062491921649055,4.706305308882507,strict_delta_max,1,cross_layer_handoff_executed
grid-treasure_DLGPR-full_seed2,2,DLGPR-full,grid-treasure,0,8,GA,1.8677457225946332,2.5043999776244164,-0.10999999999999999,-0.10999999999999999,0.5,0.0,0.6720508655165711,0.05381518542912657,4.706305308882507,2.8385595862878734,strict_delta_max,1,cross_layer_handoff_executed
grid-treasure_DLGPR-full_seed2,2,DLGPR-full,grid-treasure,1,0,GA,3.6305076549415296,2.4346000282093883,-0.10999999999999999,-0.10999999999999999,0.5,0.0,0.6148023343507034,0.02850292735021861,22.0,18.36949234505847,strict_delta_max,1,cross_layer_handoff_executed
grid-treasure_DLGPR-full_seed2,2,DLGPR-full,grid-treasure,1,1,PSO,3.223964388504994,2.3390999995172024,-1.12,-1.12,0.0,0.0,0.0,0.040943552971308146,18.36949234505847,15.145527956553478,strict_delta_max,1,cross_layer_handoff_executed
grid-treasure_DLGPR-full_seed2,2,DLGPR-full,grid-treasure,1,2,RL,3.029745697597871,4.293999983929098,-0.08500000000000008,-0.08500000000000008,0.5,0.0,0.0,0.0,15.145527956553478,12.115782258955607,strict_delta_max,2,cross_layer_handoff_executed
grid-treasure_DLGPR-full_seed2,2,DLGPR-full,grid-treasure,1,3,GA,3.5199852918432524,3.2670999644324183,-1.21,-1.21,0.0,0.0,0.5838043395457385,0.022426473805724323,12.115782258955607,8.595796967112355,strict_delta_max,1,cross_layer_handoff_executed
grid-treasure_DLGPR-full_seed2,2,DLGPR-full,grid-treasure,1,4,GA,3.823709683048854,1.8930999794974923,-0.06999999999999995,-0.06999999999999995,0.5,0.0,0.5620320776743623,0.0318467339463699,8.595796967112355,4.772087284063501,strict_delta_max,1,cross_layer_handoff_executed
grid-treasure_DLGPR-full_seed2,2,DLGPR-full,grid-treasure,1,5,GA,2.210146995119303,2.158799907192588,-0.09499999999999997,-0.09499999999999997,0.5,0.0,0.5868490497934291,0.061257730337712694,4.772087284063501,2.561940288944198,strict_delta_max,1,cross_layer_handoff_executed
grid-treasure_DLGPR-full_seed2,2,DLGPR-full,grid-treasure,2,0,GA,2.250041819625576,2.3950000759214163,-0.10999999999999999,-0.10999999999999999,0.5,0.0,0.5868490497934291,0.055550911928383497,22.0,19.749958180374424,strict_delta_max,1,cross_layer_handoff_executed
grid-treasure_DLGPR-full_seed2,2,DLGPR-full,grid-treasure,2,1,PSO,2.47965978934409,1.8350000027567148,-0.06999999999999995,-0.06999999999999995,0.5,0.0,0.0,0.007711942564044361,19.749958180374424,17.270298391030334,strict_delta_max,1,cross_layer_handoff_executed
grid-treasure_DLGPR-full_seed2,2,DLGPR-full,grid-treasure,2,2,RL,1.8124961241788171,4.150299937464297,-0.10999999999999999,-0.10999999999999999,0.5,0.0,0.0,0.0,17.270298391030334,15.457802266851516,strict_delta_max,2,cross_layer_handoff_executed
grid-treasure_DLGPR-full_seed2,2,DLGPR-full,grid-treasure,2,3,GA,3.949777095792092,2.456099959090352,-0.050000000000000044,-0.050000000000000044,0.5,0.005063576884201129,0.6155591240730338,0.03962881465243072,15.457802266851516,11.508025171059424,strict_delta_max,1,cross_layer_handoff_executed
grid-treasure_DLGPR-full_seed2,2,DLGPR-full,grid-treasure,2,4,GA,2.8890055133209427,2.0047000143676996,-0.06999999999999995,-0.06999999999999995,0.5,0.0,0.6099109669105469,0.03322560586609154,11.508025171059424,8.619019657738482,strict_delta_max,1,cross_layer_handoff_executed
grid-treasure_DLGPR-full_seed2,2,DLGPR-full,grid-treasure,2,5,GA,2.7784920878007444,2.3956000804901123,-0.10999999999999999,-0.10999999999999999,0.5,0.0,0.6099109669105469,0.05968511282052751,8.619019657738482,5.840527569937738,strict_delta_max,1,cross_layer_handoff_executed
grid-treasure_DLGPR-full_seed2,2,DLGPR-full,grid-treasure,2,6,GA,2.8411858495581908,2.5945999659597874,-0.10999999999999999,-0.10999999999999999,0.5,0.0,0.6099109669105469,0.03551915517481304,5.840527569937738,2.999341720379547,strict_delta_max,1,cross_layer_handoff_executed
grid-treasure_DLGPR-full_seed2,2,DLGPR-full,grid-treasure,3,0,GA,1.8510212211996016,2.0067000295966864,-0.06999999999999995,-0.06999999999999995,0.5,0.0,0.6344994068187181,0.08096526959190226,22.0,20.148978778800398,strict_delta_max,1,cross_layer_handoff_executed
grid-treasure_DLGPR-full_seed2,2,DLGPR-full,grid-treasure,3,1,PSO,1.721933409883786,1.8204000080004334,-0.06999999999999995,-0.06999999999999995,0.5,0.0,0.0,0.017039896321369492,20.148978778800398,18.427045368916612,strict_delta_max,1,cross_layer_handoff_executed
grid-treasure_DLGPR-full_seed2,2,DLGPR-full,grid-treasure,3,2,RL,1.9783508938807763,3.273200010880828,-0.08499999999999996,-0.08499999999999996,0.5,0.0,0.0,0.05560186534160363,18.427045368916612,16.448694475035836,strict_delta_max,2,cross_layer_handoff_executed
grid-treasure_DLGPR-full_seed2,2,DLGPR-full,grid-treasure,3,3,GA,1.6126433294830227,1.8134000711143017,-0.06999999999999995,-0.06999999999999995,0.5,0.0,0.5753955610573027,0.07344046504056916,16.448694475035836,14.836051145552814,strict_delta_max,1,cross_layer_handoff_executed
grid-treasure_DLGPR-full_seed2,2,DLGPR-full,grid-treasure,3,4,GA,1.8220844363451754,2.5260000256821513,-0.10999999999999999,-0.10999999999999999,0.5,0.0,0.5753955610573027,0.054918799001683394,14.836051145552814,13.013966709207638,strict_delta_max,1,cross_layer_handoff_executed
grid-treasure_DLGPR-full_seed2,2,DLGPR-full,grid-treasure,3,5,GA,2.4543768763871343,2.397599979303777,-1.12,-1.12,0.0,0.0,0.5753955610573027,0.05134971845694842,13.013966709207638,10.559589832820503,strict_delta_max,1,cross_layer_handoff_executed
grid-treasure_DLGPR-full_seed2,2,DLGPR-full,grid-treasure,3,6,GA,1.6497930908813254,2.559900050982833,-0.08499999999999996,-0.08499999999999996,0.5,0.0,0.5777093635656747,0.07913925133225472,10.559589832820503,8.909796741939179,strict_delta_max,1,cross_layer_handoff_executed
grid-treasure_DLGPR-full_seed2,2,DLGPR-full,grid-treasure,3,7,GA,3.125446309521131,2.141400007531047,-0.09499999999999997,-0.09499999999999997,0.5,0.0,0.5777093635656747,0.0402870651898009,8.909796741939179,5.784350432418048,strict_delta_max,1,cross_layer_handoff_executed
grid-treasure_DLGPR-full_seed2,2,DLGPR-full,grid-treasure,3,8,GA,3.8477844742641505,2.4970999220386147,-0.08499999999999996,-0.08499999999999996,0.5,0.0,0.5777093635656747,0.027717264678639643,5.784350432418048,1.9365659581538974,strict_delta_max,1,cross_layer_handoff_executed
grid-treasure_DLGPR-full_seed2,2,DLGPR-full,grid-treasure,4,0,GA,3.088048160672474,2.198600093834102,-0.07999999999999996,-0.07999999999999996,0.5,0.0,0.5933028312766108,0.042334602501129893,22.0,18.911951839327525,strict_delta_max,1,cross_layer_handoff_executed
grid-treasure_DLGPR-full_seed2,2,DLGPR-full,grid-treasure,4,1,PSO,1.471463819439491,2.097599906846881,-0.09499999999999997,-0.09499999999999997,0.5,0.0,0.0,0.049294521460373816,18.911951839327525,17.440488019888033,strict_delta_max,1,cross_layer_handoff_executed
grid-treasure_DLGPR-full_seed2,2,DLGPR-full,grid-treasure,4,2,RL,2.0351521310904954,2.903799992054701,-0.10999999999999999,-0.10999999999999999,0.5,0.0,0.0,0.0,17.440488019888033,15.405335888797538,strict_delta_max,2,cross_layer_handoff_executed
grid-treasure_DLGPR-full_seed2,2,DLGPR-full,grid-treasure,4,3,GA,1.2285408818374548,2.0586999598890543,-0.09499999999999997,-0.09499999999999997,0.5,0.0,0.5933028312766108,0.08496421631178912,15.405335888797538,14.176795006960083,strict_delta_max,1,cross_layer_handoff_executed
grid-treasure_DLGPR-full_seed2,2,DLGPR-full,grid-treasure,4,4,GA,3.8614551029484927,2.207899931818247,-1.1,-1.1,0.0,0.0,0.5933028312766108,0.028594348229464737,14.176795006960083,10.31533990401159,strict_delta_max,1,cross_layer_handoff_executed
grid-treasure_DLGPR-full_seed2,2,DLGPR-full,grid-treasure,4,5,GA,1.9836918626370386,2.104399958625436,-0.09499999999999997,-0.09499999999999997,0.5,0.0,0.5933028312766108,0.04804961939102942,10.31533990401159,8.331648041374553,strict_delta_max,1,cross_layer_handoff_executed
grid-treasure_DLGPR-full_seed2,2,DLGPR-full,grid-treasure,4,6,GA,2.018889583614579,2.5831999955698848,-0.08499999999999996,-0.08499999999999996,0.5,0.0,0.5933028312766108,0.0662589058309214,8.331648041374553,6.3127584577599745,strict_delta_max,1,cross_layer_handoff_executed
grid-treasure_DLGPR-full_seed2,2,DLGPR-full,grid-treasure,4,7,GA,3.18161687850072,2.7077000122517347,-0.08499999999999996,-0.08499999999999996,0.5,0.0,0.5933028312766108,0.028946537972142233,6.3127584577599745,3.1311415792592543,strict_delta_max,1,cross_layer_handoff_executed
grid-treasure_DLGPR-full_seed2,2,DLGPR-full,grid-treasure,5,0,GA,3.0460452463059715,1.9320999272167683,-0.06999999999999995,-0.06999999999999995,0.5,0.0,0.6114269435016482,0.036051681573075,22.0,18.953954753694028,strict_delta_max,1,cross_layer_handoff_executed
grid-treasure_DLGPR-full_seed2,2,DLGPR-full,grid-treasure,5,1,PSO,2.950513772550442,2.060500090010464,-0.09499999999999997,-0.09499999999999997,0.5,0.0,0.0,0.02951407893583459,18.953954753694028,16.003440981143587,strict_delta_max,1,cross_layer_handoff_executed
grid-treasure_DLGPR-full_seed2,2,DLGPR-full,grid-treasure,5,2,RL,2.304415817154387,3.561599995009601,-0.10999999999999999,-0.10999999999999999,0.5,0.0,0.0,0.030376462216111504,16.003440981143587,13.6990251639892,strict_delta_max,2,cross_layer_handoff_executed
grid-treasure_DLGPR-full_seed2,2,DLGPR-full,grid-treasure,5,3,GA,2.609276073069522,1.8090000376105309,-0.06999999999999995,-0.06999999999999995,0.5,0.0,0.6171991715549296,0.05944196377568801,13.6990251639892,11.089749090919678,strict_delta_max,1,cross_layer_handoff_executed
grid-treasure_DLGPR-full_seed2,2,DLGPR-full,grid-treasure,5,4,GA,2.320478765970762,2.002699999138713,-0.06999999999999995,-0.06999999999999995,0.5,0.0,0.6171991715549296,0.042322254053542736,11.089749090919678,8.769270324948916,strict_delta_max,1,cross_layer_handoff_executed
grid-treasure_DLGPR-full_seed2,2,DLGPR-full,grid-treasure,5,5,GA,2.569363478434467,2.4710000725463033,-0.10999999999999999,-0.10999999999999999,0.5,0.0,0.6171991715549296,0.03730694404465866,8.769270324948916,6.199906846514449,strict_delta_max,1,cross_layer_handoff_executed
grid-treasure_DLGPR-full_seed2,2,DLGPR-full,grid-treasure,5,6,GA,3.986070441733256,2.141200006008148,-0.09499999999999997,-0.09499999999999997,0.5,0.0,0.6171991715549296,0.02738082120649065,6.199906846514449,2.213836404781193,strict_delta_max,1,cross_layer_handoff_executed
grid-treasure_fixed-split_seed0,0,fixed-split,grid-treasure,0,0,GA,3.2127778257737645,1.9765000324696302,0.025000000000000022,0.025000000000000022,0.5,0.0,0.8931030542994856,0.05487385891284679,22.0,18.787222174226237,strict_delta_max,1,cross_layer_handoff_executed
grid-treasure_fixed-split_seed0,0,fixed-split,grid-treasure,0,1,PSO,1.240539447270699,1.275799935683608,0.010000000000000009,0.010000000000000009,0.5,0.0,0.0,0.1382138938747343,18.787222174226237,17.546682726955538,strict_delta_max,1,cross_layer_handoff_executed
grid-treasure_fixed-split_seed0,0,fixed-split,grid-treasure,0,2,RL,3.0155307486080147,2.880999934859574,-1.135,-1.135,0.0,0.0,0.0,0.0,17.546682726955538,14.531151978347523,strict_delta_max,2,cross_layer_handoff_executed
grid-treasure_fixed-split_seed0,0,fixed-split,grid-treasure,0,3,GA,2.659460384195745,1.412099925801158,0.025000000000000022,0.025000000000000022,0.5,0.0,0.8754084243546231,0.0546770053002769,14.531151978347523,11.871691594151779,strict_delta_max,1,cross_layer_handoff_executed
grid-treasure_fixed-split_seed0,0,fixed-split,grid-treasure,0,4,PSO,3.298536398613016,2.7317999629303813,-1.225,-1.225,0.0,0.0,0.0,0.037742041008579905,11.871691594151779,8.573155195538764,strict_delta_max,1,cross_layer_handoff_executed
grid-treasure_fixed-split_seed0,0,fixed-split,grid-treasure,0,5,RL,3.619879158304743,2.2743999725207686,-0.07499999999999996,-0.07499999999999996,0.5,0.0,0.0,0.01105009262760384,8.573155195538764,4.953276037234021,strict_delta_max,2,cross_layer_handoff_executed
grid-treasure_fixed-split_seed0,0,fixed-split,grid-treasure,0,6,GA,2.986903711950858,1.5480000292882323,0.025000000000000022,0.025000000000000022,0.5,0.0,0.8089314407145728,0.04448334011898654,4.953276037234021,1.9663723252831629,strict_delta_max,1,cross_layer_handoff_executed
grid-treasure_fixed-split_seed0,0,fixed-split,grid-treasure,1,0,PSO,1.6663911333067114,1.89919990953058,-1.0699999999999998,-1.0699999999999998,0.0,0.0,0.0,0.09014254428411451,22.0,20.33360886669329,strict_delta_max,1,cross_layer_handoff_executed
grid-treasure_fixed-split_seed0,0,fixed-split,grid-treasure,1,1,RL,1.911591196405813,2.0900999661535025,0.010000000000000009,0.010000000000000009,0.5,0.0,0.0,1.051480046455129,20.33360886669329,18.422017670287477,strict_delta_max,2,cross_layer_handoff_executed
grid-treasure_fixed-split_seed0,0,fixed-split,grid-treasure,1,2,GA,1.2021036244648466,1.3361000455915928,0.025000000000000022,0.025000000000000022,0.5,0.0,0.7337264185087455,0.11969196506391623,18.422017670287477,17.21991404582263,strict_delta_max,1,cross_layer_handoff_executed
grid-treasure_fixed-split_seed0,0,fixed-split,grid-treasure,1,3,PSO,1.588517437152293,1.5867999754846096,0.025000000000000022,0.025000000000000022,0.5,0.0,0.0,0.08334409797848809,17.21991404582263,15.631396608670338,strict_delta_max,1,cross_layer_handoff_executed
grid-treasure_fixed-split_seed0,0,fixed-split,grid-treasure,1,4,RL,1.7652171229546167,1.5671999426558614,0.030000000000000027,0.030000000000000027,0.5,0.0028325127458717456,0.0,0.0,15.631396608670338,13.86617948571572,strict_delta_max,2,cross_layer_handoff_executed
grid-treasure_fixed-split_seed0,0,fixed-split,grid-treasure,1,5,GA,1.192276019740498,1.4226000057533383,0.025000000000000022,0.025000000000000022,0.5,0.0,0.7296562057328728,0.10560968736444179,13.86617948571572,12.673903465975222,strict_delta_max,1,cross_layer_handoff_executed
grid-treasure_fixed-split_seed0,0,fixed-split,grid-treasure,1,6,PSO,1.2078564187023542,1.5086999628692865,0.025000000000000022,0.025000000000000022,0.5,0.0,0.0,0.13205147628888905,12.673903465975222,11.466047047272868,strict_delta_max,1,cross_layer_handoff_executed
grid-treasure_fixed-split_seed0,0,fixed-split,grid-treasure,1,7,RL,2.4784460018601084,3.6714000161737204,0.030000000000000027,0.030000000000000027,0.5,0.0,0.0,0.7787137579561985,11.466047047272868,8.98760104541276,strict_delta_max,2,cross_layer_handoff_executed
grid-treasure_fixed-split_seed0,0,fixed-split,grid-treasure,1,8,GA,3.4409047630003293,1.291800057515502,0.025000000000000022,0.025000000000000022,0.5,0.0,0.7157842771858526,0.04292567567179621,8.98760104541276,5.54669628241243,strict_delta_max,1,cross_layer_handoff_executed
grid-treasure_fixed-split_seed0,0,fixed-split,grid-treasure,1,9,PSO,2.503447681985216,1.3756999978795648,0.020000000000000018,0.020000000000000018,0.5,0.0,0.0,0.05086813826889947,5.54669628241243,3.0432486004272143,strict_delta_max,1,cross_layer_handoff_executed
grid-treasure_fixed-split_seed0,0,fixed-split,grid-treasure,2,0,RL,1.1778177618203227,1.858099945820868,0.025000000000000022,0.025000000000000022,0.5,0.0,0.0,0.0,22.0,20.82218223817968,strict_delta_max,2,cross_layer_handoff_executed
grid-treasure_fixed-split_seed0,0,fixed-split,grid-treasure,2,1,GA,3.338838565311309,1.4367999974638224,0.025000000000000022,0.025000000000000022,0.5,0.0,0.7157842771858526,0.027484559993904353,20.82218223817968,17.48334367286837,strict_delta_max,1,cross_layer_handoff_executed
grid-treasure_fixed-split_seed0,0,fixed-split,grid-treasure,2,2,PSO,3.152416723963589,1.8272999441251159,-1.06,-1.06,0.0,0.0,0.0,0.038081492699909195,17.48334367286837,14.330926948904779,strict_delta_max,1,cross_layer_handoff_executed
grid-treasure_fixed-split_seed0,0,fixed-split,grid-treasure,2,3,RL,3.083842197612888,2.269500051625073,0.025000000000000022,0.025000000000000022,0.5,0.0,0.0,0.6712405717783896,14.330926948904779,11.24708475129189,strict_delta_max,2,cross_layer_handoff_executed
grid-treasure_fixed-split_seed0,0,fixed-split,grid-treasure,2,4,GA,1.5959601187479744,1.4530000044032931,0.025000000000000022,0.025000000000000022,0.5,0.0,0.7157842771858526,0.0902195029468794,11.24708475129189,9.651124632543915,strict_delta_max,1,cross_layer_handoff_executed
grid-treasure_fixed-split_seed0,0,fixed-split,grid-treasure,2,5,PSO,1.3583915449176174,1.497599994763732,0.025000000000000022,0.025000000000000022,0.5,0.0,0.0,0.06801663008843986,9.651124632543915,8.292733087626297,strict_delta_max,1,cross_layer_handoff_executed
grid-treasure_fixed-split_seed0,0,fixed-split,grid-treasure,2,6,RL,1.9769083868079425,2.663399907760322,0.025000000000000022,0.025000000000000022,0.5,0.0,0.0,0.0,8.292733087626297,6.3158247008183555,strict_delta_max,2,cross_layer_handoff_executed
grid-treasure_fixed-split_seed0,0,fixed-split,grid-treasure,2,7,GA,2.3504844981250144,1.4540000120177865,0.025000000000000022,0.025000000000000022,0.5,0.0,0.7157842771858526,0.059377812992479274,6.3158247008183555,3.965340202693341,strict_delta_max,1,cross_layer_handoff_executed
grid-treasure_fixed-split_seed0,0,fixed-split,grid-treasure,3,0,PSO,1.361028059531196,1.4457999495789409,0.025000000000000022,0.025000000000000022,0.5,0.0,0.0,0.12369540121194694,22.0,20.638971940468803,strict_delta_max,1,cross_layer_handoff_executed
grid-treasure_fixed-split_seed0,0,fixed-split,grid-treasure,3,1,RL,4.0,2.275999984703958,0.025000000000000022,0.025000000000000022,0.5,0.0,0.0,0.04000000000000001,20.638971940468803,16.638971940468803,strict_delta_max,2,cross_layer_handoff_executed
grid-treasure_fixed-split_seed0,0,fixed-split,grid-treasure,3,2,GA,1.3320942750459381,2.261499990709126,-1.225,-1.225,0.0,0.0,0.7157842771858526,0.11157714590188063,16.638971940468803,15.306877665422865,strict_delta_max,1,cross_layer_handoff_executed
grid-treasure_fixed-split_seed0,0,fixed-split,grid-treasure,3,3,PSO,1.6967719168408875,1.6011999687179923,0.025000000000000022,0.025000000000000022,0.5,0.0,0.0,0.1008681866268687,15.306877665422865,13.610105748581978,strict_delta_max,1,cross_layer_handoff_executed
grid-treasure_fixed-split_seed0,0,fixed-split,grid-treasure,3,4,RL,2.7107205683670657,2.666299929842353,0.025000000000000022,0.025000000000000022,0.5,0.0,0.0,0.0,13.610105748581978,10.899385180214912,strict_delta_max,2,cross_layer_handoff_executed
grid-treasure_fixed-split_seed0,0,fixed-split,grid-treasure,3,5,GA,3.3052494332797067,1.2168999528512359,0.019999999999999962,0.019999999999999962,0.5,0.0,0.7157842771858526,0.04920160548833136,10.899385180214912,7.594135746935205,strict_delta_max,1,cross_layer_handoff_executed
grid-treasure_fixed-split_seed0,0,fixed-split,grid-treasure,3,6,PSO,3.019263165813034,1.4897999353706837,0.025000000000000022,0.025000000000000022,0.5,0.0,0.0,0.05341304204742464,7.594135746935205,4.574872581122171,strict_delta_max,1,cross_layer_handoff_executed
grid-treasure_fixed-split_seed0,0,fixed-split,grid-treasure,3,7,RL,3.897749239844337,2.338099991902709,0.025000000000000022,0.025000000000000022,0.5,0.0,0.0,0.04104933133317468,4.574872581122171,0.6771233412778339,strict_delta_max,2,cross_layer_handoff_executed
grid-treasure_fixed-split_seed0,0,fixed-split,grid-treasure,4,0,GA,1.8542049927961244,1.3908999972045422,0.025000000000000022,0.025000000000000022,0.5,0.0,0.7157842771858526,0.07735509978739423,22.0,20.145795007203876,strict_delta_max,1,cross_layer_handoff_executed
grid-treasure_fixed-split_seed0,0,fixed-split,grid-treasure,4,1,PSO,1.716641844108974,1.667100004851818,0.025000000000000022,0.025000000000000022,0.5,0.0,0.0,0.08683063784779903,20.145795007203876,18.429153163094902,strict_delta_max,1,cross_layer_handoff_executed
grid-treasure_fixed-split_seed0,0,fixed-split,grid-treasure,4,2,RL,2.3795360195566517,2.185799996368587,0.025000000000000022,0.025000000000000022,0.5,0.0,0.0,0.0,18.429153163094902,16.04961714353825,strict_delta_max,2,cross_layer_handoff_executed
grid-treasure_fixed-split_seed0,0,fixed-split,grid-treasure,4,3,GA,1.3348441587492532,1.4889000449329615,0.025000000000000022,0.025000000000000022,0.5,0.0,0.7157842771858526,0.0840824874376289,16.04961714353825,14.714772984788997,strict_delta_max,1,cross_layer_handoff_executed
grid-treasure_fixed-split_seed0,0,fixed-split,grid-treasure,4,4,PSO,3.3924134257242198,1.5330000314861536,0.025000000000000022,0.025000000000000022,0.5,0.0,0.0,0.03658154813203386,14.714772984788997,11.322359559064777,strict_delta_max,1,cross_layer_handoff_executed
grid-treasure_fixed-split_seed0,0,fixed-split,grid-treasure,4,5,RL,2.3441406536096365,2.6493000332266092,0.025000000000000022,0.025000000000000022,0.5,0.0,0.0,0.0,11.322359559064777,8.97821890545514,strict_delta_max,2,cross_layer_handoff_executed
grid-treasure_fixed-split_seed0,0,fixed-split,grid-treasure,4,6,GA,1.8227593698697802,1.4639000874012709,0.025000000000000022,0.025000000000000022,0.5,0.0,0.7157842771858526,0.0640903054874271,8.97821890545514,7.15545953558536,strict_delta_max,1,cross_layer_handoff_executed
grid-treasure_fixed-split_seed0,0,fixed-split,grid-treasure,4,7,PSO,3.1836319525237773,1.5327000292018056,0.025000000000000022,0.025000000000000022,0.5,0.0,0.0,0.03343670310757019,7.15545953558536,3.9718275830615823,strict_delta_max,1,cross_layer_handoff_executed
grid-treasure_fixed-split_seed0,0,fixed-split,grid-treasure,5,0,RL,1.61035046258269,2.2257999517023563,0.025000000000000022,0.025000000000000022,0.5,0.0,0.0,1.3102737876176154,22.0,20.38964953741731,strict_delta_max,2,cross_layer_handoff_executed
grid-treasure_fixed-split_seed0,0,fixed-split,grid-treasure,5,1,GA,1.1387097874724046,1.354800071567297,0.025000000000000022,0.025000000000000022,0.5,0.0,0.7157842771858526,0.14554145960533849,20.38964953741731,19.250939749944905,strict_delta_max,1,cross_layer_handoff_executed
grid-treasure_fixed-split_seed0,0,fixed-split,grid-treasure,5,2,PSO,1.0,1.60879991017282,0.025000000000000022,0.025000000000000022,0.5,0.0,0.0,0.1344690667654005,19.250939749944905,18.250939749944905,strict_delta_max,1,cross_layer_handoff_executed
grid-treasure_fixed-split_seed0,0,fixed-split,grid-treasure,5,3,RL,2.4711965890131906,3.1802000012248755,0.025000000000000022,0.025000000000000022,0.5,0.0,0.0,0.0,18.250939749944905,15.779743160931714,strict_delta_max,2,cross_layer_handoff_executed
grid-treasure_fixed-split_seed0,0,fixed-split,grid-treasure,5,4,GA,2.913519751830174,1.67559995315969,-0.08000000000000002,-0.08000000000000002,0.5,0.0,0.7157842771858526,0.03594936909362616,15.779743160931714,12.86622340910154,strict_delta_max,1,cross_layer_handoff_executed
grid-treasure_fixed-split_seed0,0,fixed-split,grid-treasure,5,5,PSO,3.49162539950328,1.5007000183686614,0.025000000000000022,0.025000000000000022,0.5,0.0,0.0,0.03088650669238966,12.86622340910154,9.374598009598259,strict_delta_max,1,cross_layer_handoff_executed
grid-treasure_fixed-split_seed0,0,fixed-split,grid-treasure,5,6,RL,2.4634860929091675,2.634800039231777,0.025000000000000022,0.025000000000000022,0.5,0.0,0.0,0.060889322830665095,9.374598009598259,6.911111916689091,strict_delta_max,2,cross_layer_handoff_executed
grid-treasure_fixed-split_seed0,0,fixed-split,grid-treasure,5,7,GA,1.6531298835912762,1.3583000982180238,0.025000000000000022,0.025000000000000022,0.5,0.0,0.7157842771858526,0.08444910807209037,6.911111916689091,5.257982033097814,strict_delta_max,1,cross_layer_handoff_executed
grid-treasure_fixed-split_seed0,0,fixed-split,grid-treasure,5,8,PSO,3.5138667201637035,1.6212000045925379,0.025000000000000022,0.025000000000000022,0.5,0.0,0.0,0.03700143135896763,5.257982033097814,1.744115312934111,strict_delta_max,1,cross_layer_handoff_executed
grid-treasure_fixed-split_seed1,1,fixed-split,grid-treasure,0,0,GA,1.824988789829238,2.1525000920519233,-1.05,-1.05,0.0,0.0,0.8643655984494946,0.08235453439285725,22.0,20.175011210170762,strict_delta_max,1,cross_layer_handoff_executed
grid-treasure_fixed-split_seed1,1,fixed-split,grid-treasure,0,1,PSO,2.1742379665759692,1.9142000237479806,0.010000000000000009,0.010000000000000009,0.5,0.0,0.0,0.07738612075064231,20.175011210170762,18.000773243594793,strict_delta_max,1,cross_layer_handoff_executed
grid-treasure_fixed-split_seed1,1,fixed-split,grid-treasure,0,2,RL,4.0,3.1973000150173903,-1.0550000000000002,-1.0550000000000002,0.0,0.0,0.0,0.0,18.000773243594793,14.000773243594793,strict_delta_max,2,cross_layer_handoff_executed
grid-treasure_fixed-split_seed1,1,fixed-split,grid-treasure,0,3,GA,3.460774059507657,1.2865000171586871,0.0,0.0,0.5,0.0,0.7931361172545822,0.03752583778844092,14.000773243594793,10.539999184087137,strict_delta_max,1,cross_layer_handoff_executed
grid-treasure_fixed-split_seed1,1,fixed-split,grid-treasure,0,4,PSO,2.0008536891128346,2.1729000145569444,-1.04,-1.04,0.0,0.0,0.0,0.051395187414308784,10.539999184087137,8.539145494974303,strict_delta_max,1,cross_layer_handoff_executed
grid-treasure_fixed-split_seed1,1,fixed-split,grid-treasure,0,5,RL,2.7485011236861947,4.320400068536401,-1.05,-1.05,0.0,0.0,0.0,0.014553386809736208,8.539145494974303,5.790644371288108,strict_delta_max,2,cross_layer_handoff_executed
grid-treasure_fixed-split_seed1,1,fixed-split,grid-treasure,0,6,GA,2.7020960693144445,1.7272999975830317,-1.08,-1.08,0.0,0.0,0.7008340842935765,0.032199094834929366,5.790644371288108,3.0885483019736637,strict_delta_max,1,cross_layer_handoff_executed
grid-treasure_fixed-split_seed1,1,fixed-split,grid-treasure,1,0,PSO,2.295104876251857,1.7454999033361673,0.010000000000000009,0.010000000000000009,0.5,0.0,0.0,0.05757072288614942,22.0,19.704895123748145,strict_delta_max,1,cross_layer_handoff_executed
grid-treasure_fixed-split_seed1,1,fixed-split,grid-treasure,1,1,RL,3.470270163333467,2.480100025422871,-1.0550000000000002,-1.0550000000000002,0.0,0.0,0.0,0.03457944031790617,19.704895123748145,16.234624960414678,strict_delta_max,2,cross_layer_handoff_executed
grid-treasure_fixed-split_seed1,1,fixed-split,grid-treasure,1,2,GA,2.6446531908504545,1.33200001437217,0.0,0.0,0.5,0.0,0.587050156845271,0.04917995822641878,16.234624960414678,13.589971769564222,strict_delta_max,1,cross_layer_handoff_executed
grid-treasure_fixed-split_seed1,1,fixed-split,grid-treasure,1,3,PSO,1.048953610537581,1.9570000004023314,0.010000000000000009,0.010000000000000009,0.5,0.0,0.0,0.10838583167019007,13.589971769564222,12.541018159026642,strict_delta_max,1,cross_layer_handoff_executed
grid-treasure_fixed-split_seed1,1,fixed-split,grid-treasure,1,4,RL,3.3464353588503535,2.646900014951825,-1.08,-1.08,0.0,0.0,0.0,0.008964763033793169,12.541018159026642,9.194582800176288,strict_delta_max,2,cross_layer_handoff_executed
grid-treasure_fixed-split_seed1,1,fixed-split,grid-treasure,1,5,GA,2.9299610110861365,1.6430000541731715,-1.025,-1.025,0.0,0.0,0.594233575450996,0.043615134640600975,9.194582800176288,6.264621789090151,strict_delta_max,1,cross_layer_handoff_executed
grid-treasure_fixed-split_seed1,1,fixed-split,grid-treasure,1,6,PSO,3.5836735635578916,1.8081000307574868,0.010000000000000009,0.010000000000000009,0.5,0.0,0.0,0.030141211367583763,6.264621789090151,2.68094822553226,strict_delta_max,1,cross_layer_handoff_executed
grid-treasure_fixed-split_seed1,1,fixed-split,grid-treasure,2,0,RL,1.7600278885807048,2.170399995520711,-1.08,-1.08,0.0,0.0,0.0,0.01704518445113513,22.0,20.239972111419295,strict_delta_max,2,cross_layer_handoff_executed
grid-treasure_fixed-split_seed1,1,fixed-split,grid-treasure,2,1,GA,1.0283804123806597,1.5363999409601092,0.0050000000000000044,0.0050000000000000044,0.5,0.0,0.615860430993454,0.12422071385560951,20.239972111419295,19.211591699038635,strict_delta_max,1,cross_layer_handoff_executed
grid-treasure_fixed-split_seed1,1,fixed-split,grid-treasure,2,2,PSO,3.5807414256660484,1.8878999399021268,0.010000000000000009,0.010000000000000009,0.5,0.0,0.0,0.02596033294839066,19.211591699038635,15.630850273372587,strict_delta_max,1,cross_layer_handoff_executed
grid-treasure_fixed-split_seed1,1,fixed-split,grid-treasure,2,3,RL,3.106232181567027,3.3570999512448907,-1.08,-1.08,0.0,0.0,0.0,0.0,15.630850273372587,12.52461809180556,strict_delta_max,2,cross_layer_handoff_executed
grid-treasure_fixed-split_seed1,1,fixed-split,grid-treasure,2,4,GA,2.410179956330361,1.6751999501138926,0.010000000000000009,0.010000000000000009,0.5,0.0,0.6457060898751952,0.053003827421019445,12.52461809180556,10.1144381354752,strict_delta_max,1,cross_layer_handoff_executed
grid-treasure_fixed-split_seed1,1,fixed-split,grid-treasure,2,5,PSO,3.0831472135316935,1.9712999928742647,0.010000000000000009,0.010000000000000009,0.5,0.0,0.0,0.04939743163120048,10.1144381354752,7.031290921943507,strict_delta_max,1,cross_layer_handoff_executed
grid-treasure_fixed-split_seed1,1,fixed-split,grid-treasure,2,6,RL,2.9658090762735356,3.3019999973475933,-1.0750000000000002,-1.0750000000000002,0.0,0.0,0.0,0.0269740896809575,7.031290921943507,4.0654818456699715,strict_delta_max,2,cross_layer_handoff_executed
grid-treasure_fixed-split_seed1,1,fixed-split,grid-treasure,2,7,GA,2.7244855280936053,1.6571000451222062,0.010000000000000009,0.010000000000000009,0.5,0.0,0.6197168923766674,0.0392995867894561,4.0654818456699715,1.3409963175763662,strict_delta_max,1,cross_layer_handoff_executed
grid-treasure_fixed-split_seed1,1,fixed-split,grid-treasure,3,0,PSO,2.9371187622318797,1.7622999148443341,0.010000000000000009,0.010000000000000009,0.5,0.0,0.0,0.03785060873339655,22.0,19.06288123776812,strict_delta_max,1,cross_layer_handoff_executed
grid-treasure_fixed-split_seed1,1,fixed-split,grid-treasure,3,1,RL,3.6174844740033185,2.4061999283730984,0.010000000000000009,0.010000000000000009,0.5,0.0,0.0,0.0,19.06288123776812,15.445396763764801,strict_delta_max,2,cross_layer_handoff_executed
grid-treasure_fixed-split_seed1,1,fixed-split,grid-treasure,3,2,GA,1.2826114920861778,1.366900047287345,0.0,0.0,0.5,0.0,0.5902023103478207,0.07301314931413753,15.445396763764801,14.162785271678624,strict_delta_max,1,cross_layer_handoff_executed
grid-treasure_fixed-split_seed1,1,fixed-split,grid-treasure,3,3,PSO,2.430656312131491,1.9184000557288527,0.010000000000000009,0.010000000000000009,0.5,0.0,0.0,0.05597978500857115,14.162785271678624,11.732128959547133,strict_delta_max,1,cross_layer_handoff_executed
grid-treasure_fixed-split_seed1,1,fixed-split,grid-treasure,3,4,RL,4.0,3.018299932591617,0.010000000000000009,0.010000000000000009,0.5,0.0,0.0,0.017500000000000016,11.732128959547133,7.732128959547133,strict_delta_max,2,cross_layer_handoff_executed
grid-treasure_fixed-split_seed1,1,fixed-split,grid-treasure,3,5,GA,3.9025507300998754,1.6852000262588263,0.010000000000000009,0.010000000000000009,0.5,0.0,0.5762153690086328,0.02125562615495949,7.732128959547133,3.8295782294472573,strict_delta_max,1,cross_layer_handoff_executed
grid-treasure_fixed-split_seed1,1,fixed-split,grid-treasure,4,0,PSO,2.7306178130860688,1.7363999504595995,0.010000000000000009,0.010000000000000009,0.5,0.0,0.0,0.05362138034953934,22.0,19.26938218691393,strict_delta_max,1,cross_layer_handoff_executed
grid-treasure_fixed-split_seed1,1,fixed-split,grid-treasure,4,1,RL,1.1939780233250012,4.078199970535934,0.010000000000000009,0.010000000000000009,0.5,0.0,0.0,1.6164451625544312,19.26938218691393,18.075404163588928,strict_delta_max,2,cross_layer_handoff_executed
grid-treasure_fixed-split_seed1,1,fixed-split,grid-treasure,4,2,GA,1.3839085336721815,1.4820999931544065,0.0,0.0,0.5,0.0,0.5458355359992891,0.08402736669551732,18.075404163588928,16.691495629916748,strict_delta_max,1,cross_layer_handoff_executed
grid-treasure_fixed-split_seed1,1,fixed-split,grid-treasure,4,3,PSO,3.464492318718444,1.9025999354198575,0.010000000000000009,0.010000000000000009,0.5,0.0,0.0,0.05238062712661459,16.691495629916748,13.227003311198304,strict_delta_max,1,cross_layer_handoff_executed
grid-treasure_fixed-split_seed1,1,fixed-split,grid-treasure,4,4,RL,1.7770238141978514,3.3634999999776483,0.010000000000000009,0.010000000000000009,0.5,0.0,0.0,0.0,13.227003311198304,11.449979497000452,strict_delta_max,2,cross_layer_handoff_executed
grid-treasure_fixed-split_seed1,1,fixed-split,grid-treasure,4,5,GA,1.4513358066635338,1.7371999565511942,0.010000000000000009,0.010000000000000009,0.5,0.0,0.5050410451060429,0.0740478752977373,11.449979497000452,9.998643690336918,strict_delta_max,1,cross_layer_handoff_executed
grid-treasure_fixed-split_seed1,1,fixed-split,grid-treasure,4,6,PSO,2.735678073608988,1.9741000141948462,0.010000000000000009,0.010000000000000009,0.5,0.0,0.0,0.06337640869063484,9.998643690336918,7.26296561672793,strict_delta_max,1,cross_layer_handoff_executed
grid-treasure_fixed-split_seed1,1,fixed-split,grid-treasure,4,7,RL,4.0,4.6295999782159925,0.010000000000000009,0.010000000000000009,0.5,0.0,0.0,0.0,7.26296561672793,3.2629656167279304,strict_delta_max,2,cross_layer_handoff_executed
grid-treasure_fixed-split_seed1,1,fixed-split,grid-treasure,5,0,GA,2.703258426103941,1.8292999593541026,-1.05,-1.05,0.0,0.0,0.5050410451060429,0.026628771117720145,22.0,19.29674157389606,strict_delta_max,1,cross_layer_handoff_executed
grid-treasure_fixed-split_seed1,1,fixed-split,grid-treasure,5,1,PSO,1.0,1.9060000777244568,0.010000000000000009,0.010000000000000009,0.5,0.0,0.0,0.1632497408234168,19.29674157389606,18.29674157389606,strict_delta_max,1,cross_layer_handoff_executed
grid-treasure_fixed-split_seed1,1,fixed-split,grid-treasure,5,2,RL,2.4633270942216523,2.6192000368610024,0.010000000000000009,0.010000000000000009,0.5,0.0,0.0,0.08525055421693989,18.29674157389606,15.833414479674408,strict_delta_max,2,cross_layer_handoff_executed
grid-treasure_fixed-split_seed1,1,fixed-split,grid-treasure,5,3,GA,3.5873035180765203,1.8352000042796135,0.010000000000000009,0.010000000000000009,0.5,0.0,0.5050410451060429,0.03328235024771048,15.833414479674408,12.246110961597887,strict_delta_max,1,cross_layer_handoff_executed
grid-treasure_fixed-split_seed1,1,fixed-split,grid-treasure,5,4,PSO,1.0957797709644572,1.8427999457344413,0.010000000000000009,0.010000000000000009,0.5,0.0,0.0,0.12619224259937234,12.246110961597887,11.15033119063343,strict_delta_max,1,cross_layer_handoff_executed
grid-treasure_fixed-split_seed1,1,fixed-split,grid-treasure,5,5,RL,1.268289352077336,3.0198999447748065,0.010000000000000009,0.010000000000000009,0.5,0.0,0.0,1.7030813957888458,11.15033119063343,9.882041838556095,strict_delta_max,2,cross_layer_handoff_executed
grid-treasure_fixed-split_seed1,1,fixed-split,grid-treasure,5,6,GA,3.4635948921009017,1.7087000887840986,0.010000000000000009,0.010000000000000009,0.5,0.0,0.5050410451060429,0.038448517385180084,9.882041838556095,6.418446946455193,strict_delta_max,1,cross_layer_handoff_executed
grid-treasure_fixed-split_seed1,1,fixed-split,grid-treasure,5,7,PSO,3.081755242944325,2.651499933563173,0.010000000000000009,0.010000000000000009,0.5,0.0,0.0,0.060556372492239725,6.418446946455193,3.336691703510868,strict_delta_max,1,cross_layer_handoff_executed
grid-treasure_fixed-split_seed2,2,fixed-split,grid-treasure,0,0,GA,3.9053653955254966,3.6980999866500497,-0.6500000000000001,-0.6500000000000001,0.0,0.0,0.8718432739321208,0.04391968426834987,22.0,18.094634604474503,strict_delta_max,1,cross_layer_handoff_executed
grid-treasure_fixed-split_seed2,2,fixed-split,grid-treasure,0,1,PSO,1.6816474976395537,2.3689999943599105,-1.12,-1.12,0.0,0.0,0.0,0.08873132629818674,18.094634604474503,16.41298710683495,strict_delta_max,1,cross_layer_handoff_executed
grid-treasure_fixed-split_seed2,2,fixed-split,grid-treasure,0,2,RL,1.3622580479494517,2.81810003798455,-1.12,-1.12,0.0,0.0,0.0,0.0,16.41298710683495,15.0507290588855,strict_delta_max,2,cross_layer_handoff_executed
grid-treasure_fixed-split_seed2,2,fixed-split,grid-treasure,0,3,GA,3.3079688215383105,3.1574999447911978,-1.2349999999999999,-1.2349999999999999,0.0,0.0,0.8441815109289925,0.04901357931999614,15.0507290588855,11.74276023734719,strict_delta_max,1,cross_layer_handoff_executed
grid-treasure_fixed-split_seed2,2,fixed-split,grid-treasure,0,4,PSO,2.2659582207028057,1.6204999992623925,-0.975,-0.975,0.0,0.0,0.0,0.05362958242575609,11.74276023734719,9.476802016644385,strict_delta_max,1,cross_layer_handoff_executed
grid-treasure_fixed-split_seed2,2,fixed-split,grid-treasure,0,5,RL,3.281732557964693,4.1343000484630466,-1.12,-1.12,0.0,0.0,0.0,0.0,9.476802016644385,6.195069458679692,strict_delta_max,2,cross_layer_handoff_executed
grid-treasure_fixed-split_seed2,2,fixed-split,grid-treasure,0,6,GA,2.4363648014259303,1.8158999737352133,-0.06999999999999995,-0.06999999999999995,0.5,0.010261189122978744,0.8064333509757664,0.06313669812067964,6.195069458679692,3.7587046572537615,strict_delta_max,1,cross_layer_handoff_executed
grid-treasure_fixed-split_seed2,2,fixed-split,grid-treasure,1,0,PSO,3.035932338780581,2.209999947808683,-1.12,-1.12,0.0,0.0,0.0,0.030053440383706644,22.0,18.964067661219417,strict_delta_max,1,cross_layer_handoff_executed
grid-treasure_fixed-split_seed2,2,fixed-split,grid-treasure,1,1,RL,4.0,3.330100094899535,-1.12,-1.12,0.0,0.0,0.0,0.03250000000000003,18.964067661219417,14.964067661219417,strict_delta_max,2,cross_layer_handoff_executed
grid-treasure_fixed-split_seed2,2,fixed-split,grid-treasure,1,2,GA,1.5061364349955495,1.6926999669522047,-0.06999999999999995,-0.06999999999999995,0.5,0.0,0.8189175342018038,0.10717178680063962,14.964067661219417,13.457931226223867,strict_delta_max,1,cross_layer_handoff_executed
grid-treasure_fixed-split_seed2,2,fixed-split,grid-treasure,1,3,PSO,1.138152930681977,2.3661000886932015,-1.12,-1.12,0.0,0.0,0.0,0.05648333593767272,13.457931226223867,12.319778295541889,strict_delta_max,1,cross_layer_handoff_executed
grid-treasure_fixed-split_seed2,2,fixed-split,grid-treasure,1,4,RL,1.6531780555544702,2.4695999454706907,-1.12,-1.12,0.0,0.0,0.0,0.0,12.319778295541889,10.66660023998742,strict_delta_max,2,cross_layer_handoff_executed
grid-treasure_fixed-split_seed2,2,fixed-split,grid-treasure,1,5,GA,3.89199335172641,1.972900005057454,-0.09499999999999997,-0.09499999999999997,0.5,0.0,0.7668710046910088,0.03233953276617344,10.66660023998742,6.774606888261009,strict_delta_max,1,cross_layer_handoff_executed
grid-treasure_fixed-split_seed2,2,fixed-split,grid-treasure,1,6,PSO,1.2598358797375702,1.8114999402314425,-1.0,-1.0,0.0,0.0,0.0,0.0897660842136489,6.774606888261009,5.514771008523439,strict_delta_max,1,cross_layer_handoff_executed
grid-treasure_fixed-split_seed2,2,fixed-split,grid-treasure,1,7,RL,2.293223093140829,2.6795000303536654,-1.12,-1.12,0.0,0.0,0.0,0.0,5.514771008523439,3.2215479153826103,strict_delta_max,2,cross_layer_handoff_executed
grid-treasure_fixed-split_seed2,2,fixed-split,grid-treasure,2,0,GA,3.0313871446115948,2.126900013536215,-1.12,-1.12,0.0,0.0,0.7668710046910088,0.04993383289702889,22.0,18.968612855388404,strict_delta_max,1,cross_layer_handoff_executed
grid-treasure_fixed-split_seed2,2,fixed-split,grid-treasure,2,1,PSO,1.7612349902445743,2.3541999980807304,-1.12,-1.12,0.0,0.0,0.0,0.06691824613037199,18.968612855388404,17.20737786514383,strict_delta_max,1,cross_layer_handoff_executed
grid-treasure_fixed-split_seed2,2,fixed-split,grid-treasure,2,2,RL,1.9013373260137705,3.706399933435023,-1.12,-1.12,0.0,0.0,0.0,0.0,17.20737786514383,15.30604053913006,strict_delta_max,2,cross_layer_handoff_executed
grid-treasure_fixed-split_seed2,2,fixed-split,grid-treasure,2,3,GA,1.3462409169364309,2.4923000019043684,-1.135,-1.135,0.0,0.0,0.7668710046910088,0.118975098789455,15.30604053913006,13.959799622193628,strict_delta_max,1,cross_layer_handoff_executed
grid-treasure_fixed-split_seed2,2,fixed-split,grid-treasure,2,4,PSO,1.1387559756188803,2.205600030720234,-0.07999999999999996,-0.07999999999999996,0.5,0.0,0.0,0.10180961841300246,13.959799622193628,12.821043646574749,strict_delta_max,1,cross_layer_handoff_executed
grid-treasure_fixed-split_seed2,2,fixed-split,grid-treasure,2,5,RL,1.5539695480718154,4.266899893991649,-1.12,-1.12,0.0,0.0,0.0,0.0,12.821043646574749,11.267074098502933,strict_delta_max,2,cross_layer_handoff_executed
grid-treasure_fixed-split_seed2,2,fixed-split,grid-treasure,2,6,GA,1.1115101470866477,2.3530999897047877,-0.08499999999999996,-0.08499999999999996,0.5,0.0,0.7467841859013832,0.096397658259096,11.267074098502933,10.155563951416285,strict_delta_max,1,cross_layer_handoff_executed
grid-treasure_fixed-split_seed2,2,fixed-split,grid-treasure,2,7,PSO,3.1470739495555695,2.1278999047353864,-0.09499999999999997,-0.09499999999999997,0.5,0.0,0.0,0.02453543364165067,10.155563951416285,7.008490001860716,strict_delta_max,1,cross_layer_handoff_executed
grid-treasure_fixed-split_seed2,2,fixed-split,grid-treasure,2,8,RL,2.97630746280092,2.686799969524145,-1.12,-1.12,0.0,0.0,0.0,0.036958547251862935,7.008490001860716,4.0321825390597965,strict_delta_max,2,cross_layer_handoff_executed
grid-treasure_fixed-split_seed2,2,fixed-split,grid-treasure,2,9,GA,3.4451888595990283,2.307899994775653,-0.10999999999999999,-0.10999999999999999,0.5,0.0,0.6896184569682962,0.03391612680656198,4.0321825390597965,0.5869936794607682,strict_delta_max,1,cross_layer_handoff_executed
grid-treasure_fixed-split_seed2,2,fixed-split,grid-treasure,3,0,PSO,3.1874809694966126,2.468200051225722,-1.145,-1.145,0.0,0.0,0.0,0.04944306089534031,22.0,18.81251903050339,strict_delta_max,1,cross_layer_handoff_executed
grid-treasure_fixed-split_seed2,2,fixed-split,grid-treasure,3,1,RL,2.9088523361849923,3.0970999505370855,-0.06999999999999995,-0.06999999999999995,0.5,0.0,0.0,0.0,18.81251903050339,15.903666694318396,strict_delta_max,2,cross_layer_handoff_executed
grid-treasure_fixed-split_seed2,2,fixed-split,grid-treasure,3,2,GA,1.3987878776491236,1.858399948105216,-0.06999999999999995,-0.06999999999999995,0.5,0.0,0.6038719510383954,0.10214333214408196,15.903666694318396,14.504878816669272,strict_delta_max,1,cross_layer_handoff_executed
grid-treasure_fixed-split_seed2,2,fixed-split,grid-treasure,3,3,PSO,1.3934486104922021,2.2848000517114997,-0.09499999999999997,-0.09499999999999997,0.5,0.0,0.0,0.06709094899247027,14.504878816669272,13.11143020617707,strict_delta_max,1,cross_layer_handoff_executed
grid-treasure_fixed-split_seed2,2,fixed-split,grid-treasure,3,4,RL,1.6035975270961769,3.68899991735816,-0.06999999999999995,-0.06999999999999995,0.5,0.0,0.0,0.0,13.11143020617707,11.507832679080893,strict_delta_max,2,cross_layer_handoff_executed
grid-treasure_fixed-split_seed2,2,fixed-split,grid-treasure,3,5,GA,3.113041615168579,2.088199951685965,-0.09499999999999997,-0.09499999999999997,0.5,0.0,0.5516764159936336,0.03654375351356408,11.507832679080893,8.394791063912315,strict_delta_max,1,cross_layer_handoff_executed
grid-treasure_fixed-split_seed2,2,fixed-split,grid-treasure,3,6,PSO,1.3584570956379494,1.9548999844118953,-0.06999999999999995,-0.06999999999999995,0.5,0.0,0.0,0.03683893078088622,8.394791063912315,7.0363339682743655,strict_delta_max,1,cross_layer_handoff_executed
grid-treasure_fixed-split_seed2,2,fixed-split,grid-treasure,3,7,RL,1.9969066180345878,2.365899970754981,-0.06999999999999995,-0.06999999999999995,0.5,0.0,0.0,0.020030981738830216,7.0363339682743655,5.0394273502397775,strict_delta_max,2,cross_layer_handoff_executed
grid-treasure_fixed-split_seed2,2,fixed-split,grid-treasure,3,8,GA,2.5408954315293975,2.010200056247413,-0.09499999999999997,-0.09499999999999997,0.5,0.0,0.507070306340089,0.06001179650150377,5.0394273502397775,2.49853191871038,strict_delta_max,1,cross_layer_handoff_executed
grid-treasure_fixed-split_seed2,2,fixed-split,grid-treasure,4,0,PSO,1.0846313290735214,1.969599979929626,-0.06999999999999995,-0.06999999999999995,0.5,0.0,0.0,0.033402943370583194,22.0,20.91536867092648,strict_delta_max,1,cross_layer_handoff_executed
grid-treasure_fixed-split_seed2,2,fixed-split,grid-treasure,4,1,RL,3.037994776016133,4.627499962225556,-0.13,-0.13,0.5,0.0,0.0,0.0,20.91536867092648,17.877373894910345,strict_delta_max,2,cross_layer_handoff_executed
grid-treasure_fixed-split_seed2,2,fixed-split,grid-treasure,4,2,GA,2.866654054784691,2.1633999422192574,-0.09499999999999997,-0.09499999999999997,0.5,0.0,0.507070306340089,0.0415671424021782,17.877373894910345,15.010719840125654,strict_delta_max,1,cross_layer_handoff_executed
grid-treasure_fixed-split_seed2,2,fixed-split,grid-treasure,4,3,PSO,1.5779710952029378,2.321199979633093,-1.1,-1.1,0.0,0.0,0.0,0.05523733225647863,15.010719840125654,13.432748744922716,strict_delta_max,1,cross_layer_handoff_executed
grid-treasure_fixed-split_seed2,2,fixed-split,grid-treasure,4,4,RL,3.4931468294178374,3.5783000057563186,-0.10499999999999998,-0.10499999999999998,0.5,0.0,0.0,0.011450993031021938,13.432748744922716,9.939601915504879,strict_delta_max,2,cross_layer_handoff_executed
grid-treasure_fixed-split_seed2,2,fixed-split,grid-treasure,4,5,GA,3.531098879177328,2.1739999065175653,-0.09499999999999997,-0.09499999999999997,0.5,0.0,0.507070306340089,0.02054909193077191,9.939601915504879,6.40850303632755,strict_delta_max,1,cross_layer_handoff_executed
grid-treasure_fixed-split_seed2,2,fixed-split,grid-treasure,4,6,PSO,1.7520544343397648,2.369499998167157,-1.12,-1.12,0.0,0.0,0.0,0.028630685930462724,6.40850303632755,4.656448601987785,strict_delta_max,1,cross_layer_handoff_executed
grid-treasure_fixed-split_seed2,2,fixed-split,grid-treasure,4,7,RL,3.6058187557076344,3.763800021260977,-0.09499999999999997,-0.09499999999999997,0.5,0.0,0.0,0.0,4.656448601987785,1.0506298462801507,strict_delta_max,2,cross_layer_handoff_executed
grid-treasure_fixed-split_seed2,2,fixed-split,grid-treasure,5,0,GA,1.8271547633861547,1.9250999903306365,0.010000000000000009,0.010000000000000009,0.5,0.043783921101319755,0.5157857241307565,0.0507875360086726,22.0,20.172845236613846,strict_delta_max,1,cross_layer_handoff_executed
grid-treasure_fixed-split_seed2,2,fixed-split,grid-treasure,5,1,PSO,2.755038975644727,2.0697000436484814,-0.09499999999999997,-0.09499999999999997,0.5,0.0,0.0,0.03237288976902153,20.172845236613846,17.41780626096912,strict_delta_max,1,cross_layer_handoff_executed
grid-treasure_fixed-split_seed2,2,fixed-split,grid-treasure,5,2,RL,1.621780311731351,3.1775999814271927,-0.09499999999999997,-0.09499999999999997,0.5,0.0,0.0,0.012332126524984619,17.41780626096912,15.796025949237768,strict_delta_max,2,cross_layer_handoff_executed
grid-treasure_fixed-split_seed2,2,fixed-split,grid-treasure,5,3,GA,2.941844489311082,1.7948000459000468,-0.06999999999999995,-0.06999999999999995,0.5,0.0,0.5056629848647204,0.04312469713026957,15.796025949237768,12.854181459926686,strict_delta_max,1,cross_layer_handoff_executed
grid-treasure_fixed-split_seed2,2,fixed-split,grid-treasure,5,4,PSO,3.5530345299543096,2.0262000616639853,-0.09499999999999997,-0.09499999999999997,0.5,0.0,0.0,0.027740763834077756,12.854181459926686,9.301146929972376,strict_delta_max,1,cross_layer_handoff_executed
grid-treasure_fixed-split_seed2,2,fixed-split,grid-treasure,5,5,RL,2.278258791703387,2.4151999969035387,-0.09499999999999997,-0.09499999999999997,0.5,0.0,0.0,0.004389316980325709,9.301146929972376,7.022888138268989,strict_delta_max,2,cross_layer_handoff_executed
grid-treasure_fixed-split_seed2,2,fixed-split,grid-treasure,5,6,GA,3.8317668736045585,2.6707000797614455,-0.13,-0.13,0.5,0.0,0.5056629848647204,0.030203980786535203,7.022888138268989,3.1911212646644307,strict_delta_max,1,cross_layer_handoff_executed
grid-treasure_round-robin_seed0,0,round-robin,grid-treasure,0,0,GA,3.2127778257737645,2.0349000114947557,0.025000000000000022,0.025000000000000022,0.5,0.0,0.8931030542994856,0.05487385891284679,22.0,18.787222174226237,strict_delta_max,1,cross_layer_handoff_executed
grid-treasure_round-robin_seed0,0,round-robin,grid-treasure,0,1,PSO,1.240539447270699,1.2931999517604709,0.010000000000000009,0.010000000000000009,0.5,0.0,0.0,0.1382138938747343,18.787222174226237,17.546682726955538,strict_delta_max,1,cross_layer_handoff_executed
grid-treasure_round-robin_seed0,0,round-robin,grid-treasure,0,2,RL,3.0155307486080147,2.952700015157461,-1.135,-1.135,0.0,0.0,0.0,0.0,17.546682726955538,14.531151978347523,strict_delta_max,2,cross_layer_handoff_executed
grid-treasure_round-robin_seed0,0,round-robin,grid-treasure,0,3,GA,2.659460384195745,1.4195999829098582,0.025000000000000022,0.025000000000000022,0.5,0.0,0.8754084243546231,0.0546770053002769,14.531151978347523,11.871691594151779,strict_delta_max,1,cross_layer_handoff_executed
grid-treasure_round-robin_seed0,0,round-robin,grid-treasure,0,4,PSO,3.298536398613016,2.809499972499907,-1.225,-1.225,0.0,0.0,0.0,0.037742041008579905,11.871691594151779,8.573155195538764,strict_delta_max,1,cross_layer_handoff_executed
grid-treasure_round-robin_seed0,0,round-robin,grid-treasure,0,5,RL,3.619879158304743,2.3369999835267663,-0.07499999999999996,-0.07499999999999996,0.5,0.0,0.0,0.01105009262760384,8.573155195538764,4.953276037234021,strict_delta_max,2,cross_layer_handoff_executed
grid-treasure_round-robin_seed0,0,round-robin,grid-treasure,0,6,GA,2.986903711950858,1.6240000259131193,0.025000000000000022,0.025000000000000022,0.5,0.0,0.8089314407145728,0.04448334011898654,4.953276037234021,1.9663723252831629,strict_delta_max,1,cross_layer_handoff_executed
grid-treasure_round-robin_seed0,0,round-robin,grid-treasure,1,0,PSO,1.6663911333067114,1.8757000798359513,-1.0699999999999998,-1.0699999999999998,0.0,0.0,0.0,0.09014254428411451,22.0,20.33360886669329,strict_delta_max,1,cross_layer_handoff_executed
grid-treasure_round-robin_seed0,0,round-robin,grid-treasure,1,1,RL,1.911591196405813,2.038300037384033,0.010000000000000009,0.010000000000000009,0.5,0.0,0.0,1.051480046455129,20.33360886669329,18.422017670287477,strict_delta_max,2,cross_layer_handoff_executed
grid-treasure_round-robin_seed0,0,round-robin,grid-treasure,1,2,GA,1.2021036244648466,1.3362000463530421,0.025000000000000022,0.025000000000000022,0.5,0.0,0.7337264185087455,0.11969196506391623,18.422017670287477,17.21991404582263,strict_delta_max,1,cross_layer_handoff_executed
grid-treasure_round-robin_seed0,0,round-robin,grid-treasure,1,3,PSO,1.588517437152293,1.5445000026375055,0.025000000000000022,0.025000000000000022,0.5,0.0,0.0,0.08334409797848809,17.21991404582263,15.631396608670338,strict_delta_max,1,cross_layer_handoff_executed
grid-treasure_round-robin_seed0,0,round-robin,grid-treasure,1,4,RL,1.7652171229546167,1.5925999032333493,0.030000000000000027,0.030000000000000027,0.5,0.0028325127458717456,0.0,0.0,15.631396608670338,13.86617948571572,strict_delta_max,2,cross_layer_handoff_executed
grid-treasure_round-robin_seed0,0,round-robin,grid-treasure,1,5,GA,1.192276019740498,1.411000033840537,0.025000000000000022,0.025000000000000022,0.5,0.0,0.7296562057328728,0.10560968736444179,13.86617948571572,12.673903465975222,strict_delta_max,1,cross_layer_handoff_executed
grid-treasure_round-robin_seed0,0,round-robin,grid-treasure,1,6,PSO,1.2078564187023542,1.653200015425682,0.025000000000000022,0.025000000000000022,0.5,0.0,0.0,0.13205147628888905,12.673903465975222,11.466047047272868,strict_delta_max,1,cross_layer_handoff_executed
grid-treasure_round-robin_seed0,0,round-robin,grid-treasure,1,7,RL,2.4784460018601084,3.6689999978989363,0.030000000000000027,0.030000000000000027,0.5,0.0,0.0,0.7787137579561985,11.466047047272868,8.98760104541276,strict_delta_max,2,cross_layer_handoff_executed
grid-treasure_round-robin_seed0,0,round-robin,grid-treasure,1,8,GA,3.4409047630003293,1.4299999456852674,0.025000000000000022,0.025000000000000022,0.5,0.0,0.7157842771858526,0.04292567567179621,8.98760104541276,5.54669628241243,strict_delta_max,1,cross_layer_handoff_executed
grid-treasure_round-robin_seed0,0,round-robin,grid-treasure,1,9,PSO,2.503447681985216,1.4789000852033496,0.020000000000000018,0.020000000000000018,0.5,0.0,0.0,0.05086813826889947,5.54669628241243,3.0432486004272143,strict_delta_max,1,cross_layer_handoff_executed
grid-treasure_round-robin_seed0,0,round-robin,grid-treasure,2,0,RL,1.1778177618203227,1.7928999150171876,0.025000000000000022,0.025000000000000022,0.5,0.0,0.0,0.0,22.0,20.82218223817968,strict_delta_max,2,cross_layer_handoff_executed
grid-treasure_round-robin_seed0,0,round-robin,grid-treasure,2,1,GA,3.338838565311309,1.3787000207230449,0.025000000000000022,0.025000000000000022,0.5,0.0,0.7157842771858526,0.027484559993904353,20.82218223817968,17.48334367286837,strict_delta_max,1,cross_layer_handoff_executed
grid-treasure_round-robin_seed0,0,round-robin,grid-treasure,2,2,PSO,3.152416723963589,1.7102999845519662,-1.06,-1.06,0.0,0.0,0.0,0.038081492699909195,17.48334367286837,14.330926948904779,strict_delta_max,1,cross_layer_handoff_executed
grid-treasure_round-robin_seed0,0,round-robin,grid-treasure,2,3,RL,3.083842197612888,2.192600048147142,0.025000000000000022,0.025000000000000022,0.5,0.0,0.0,0.6712405717783896,14.330926948904779,11.24708475129189,strict_delta_max,2,cross_layer_handoff_executed
grid-treasure_round-robin_seed0,0,round-robin,grid-treasure,2,4,GA,1.5959601187479744,1.4035999774932861,0.025000000000000022,0.025000000000000022,0.5,0.0,0.7157842771858526,0.0902195029468794,11.24708475129189,9.651124632543915,strict_delta_max,1,cross_layer_handoff_executed
grid-treasure_round-robin_seed0,0,round-robin,grid-treasure,2,5,PSO,1.3583915449176174,1.9175999332219362,0.025000000000000022,0.025000000000000022,0.5,0.0,0.0,0.06801663008843986,9.651124632543915,8.292733087626297,strict_delta_max,1,cross_layer_handoff_executed
grid-treasure_round-robin_seed0,0,round-robin,grid-treasure,2,6,RL,1.9769083868079425,2.701299963518977,0.025000000000000022,0.025000000000000022,0.5,0.0,0.0,0.0,8.292733087626297,6.3158247008183555,strict_delta_max,2,cross_layer_handoff_executed
grid-treasure_round-robin_seed0,0,round-robin,grid-treasure,2,7,GA,2.3504844981250144,1.3742001028731465,0.025000000000000022,0.025000000000000022,0.5,0.0,0.7157842771858526,0.059377812992479274,6.3158247008183555,3.965340202693341,strict_delta_max,1,cross_layer_handoff_executed
grid-treasure_round-robin_seed0,0,round-robin,grid-treasure,3,0,PSO,1.361028059531196,1.4451999450102448,0.025000000000000022,0.025000000000000022,0.5,0.0,0.0,0.12369540121194694,22.0,20.638971940468803,strict_delta_max,1,cross_layer_handoff_executed
grid-treasure_round-robin_seed0,0,round-robin,grid-treasure,3,1,RL,4.0,2.1596000296995044,0.025000000000000022,0.025000000000000022,0.5,0.0,0.0,0.04000000000000001,20.638971940468803,16.638971940468803,strict_delta_max,2,cross_layer_handoff_executed
grid-treasure_round-robin_seed0,0,round-robin,grid-treasure,3,2,GA,1.3320942750459381,2.269399934448302,-1.225,-1.225,0.0,0.0,0.7157842771858526,0.11157714590188063,16.638971940468803,15.306877665422865,strict_delta_max,1,cross_layer_handoff_executed
grid-treasure_round-robin_seed0,0,round-robin,grid-treasure,3,3,PSO,1.6967719168408875,1.443199929781258,0.025000000000000022,0.025000000000000022,0.5,0.0,0.0,0.1008681866268687,15.306877665422865,13.610105748581978,strict_delta_max,1,cross_layer_handoff_executed
grid-treasure_round-robin_seed0,0,round-robin,grid-treasure,3,4,RL,2.7107205683670657,2.6573999784886837,0.025000000000000022,0.025000000000000022,0.5,0.0,0.0,0.0,13.610105748581978,10.899385180214912,strict_delta_max,2,cross_layer_handoff_executed
grid-treasure_round-robin_seed0,0,round-robin,grid-treasure,3,5,GA,3.3052494332797067,1.22079998254776,0.019999999999999962,0.019999999999999962,0.5,0.0,0.7157842771858526,0.04920160548833136,10.899385180214912,7.594135746935205,strict_delta_max,1,cross_layer_handoff_executed
grid-treasure_round-robin_seed0,0,round-robin,grid-treasure,3,6,PSO,3.019263165813034,1.508000073954463,0.025000000000000022,0.025000000000000022,0.5,0.0,0.0,0.05341304204742464,7.594135746935205,4.574872581122171,strict_delta_max,1,cross_layer_handoff_executed
grid-treasure_round-robin_seed0,0,round-robin,grid-treasure,3,7,RL,3.897749239844337,2.343100029975176,0.025000000000000022,0.025000000000000022,0.5,0.0,0.0,0.04104933133317468,4.574872581122171,0.6771233412778339,strict_delta_max,2,cross_layer_handoff_executed
grid-treasure_round-robin_seed0,0,round-robin,grid-treasure,4,0,GA,1.8542049927961244,1.4862000243738294,0.025000000000000022,0.025000000000000022,0.5,0.0,0.7157842771858526,0.07735509978739423,22.0,20.145795007203876,strict_delta_max,1,cross_layer_handoff_executed
grid-treasure_round-robin_seed0,0,round-robin,grid-treasure,4,1,PSO,1.716641844108974,1.5047000488266349,0.025000000000000022,0.025000000000000022,0.5,0.0,0.0,0.08683063784779903,20.145795007203876,18.429153163094902,strict_delta_max,1,cross_layer_handoff_executed
grid-treasure_round-robin_seed0,0,round-robin,grid-treasure,4,2,RL,2.3795360195566517,2.3574000224471092,0.025000000000000022,0.025000000000000022,0.5,0.0,0.0,0.0,18.429153163094902,16.04961714353825,strict_delta_max,2,cross_layer_handoff_executed
grid-treasure_round-robin_seed0,0,round-robin,grid-treasure,4,3,GA,1.3348441587492532,1.4452999457716942,0.025000000000000022,0.025000000000000022,0.5,0.0,0.7157842771858526,0.0840824874376289,16.04961714353825,14.714772984788997,strict_delta_max,1,cross_layer_handoff_executed
grid-treasure_round-robin_seed0,0,round-robin,grid-treasure,4,4,PSO,3.3924134257242198,1.4928000746294856,0.025000000000000022,0.025000000000000022,0.5,0.0,0.0,0.03658154813203386,14.714772984788997,11.322359559064777,strict_delta_max,1,cross_layer_handoff_executed
grid-treasure_round-robin_seed0,0,round-robin,grid-treasure,4,5,RL,2.3441406536096365,2.6704000774770975,0.025000000000000022,0.025000000000000022,0.5,0.0,0.0,0.0,11.322359559064777,8.97821890545514,strict_delta_max,2,cross_layer_handoff_executed
grid-treasure_round-robin_seed0,0,round-robin,grid-treasure,4,6,GA,1.8227593698697802,1.4093999052420259,0.025000000000000022,0.025000000000000022,0.5,0.0,0.7157842771858526,0.0640903054874271,8.97821890545514,7.15545953558536,strict_delta_max,1,cross_layer_handoff_executed
grid-treasure_round-robin_seed0,0,round-robin,grid-treasure,4,7,PSO,3.1836319525237773,1.4912000624462962,0.025000000000000022,0.025000000000000022,0.5,0.0,0.0,0.03343670310757019,7.15545953558536,3.9718275830615823,strict_delta_max,1,cross_layer_handoff_executed
grid-treasure_round-robin_seed0,0,round-robin,grid-treasure,5,0,RL,1.61035046258269,2.1799999522045255,0.025000000000000022,0.025000000000000022,0.5,0.0,0.0,1.3102737876176154,22.0,20.38964953741731,strict_delta_max,2,cross_layer_handoff_executed
grid-treasure_round-robin_seed0,0,round-robin,grid-treasure,5,1,GA,1.1387097874724046,1.3447999954223633,0.025000000000000022,0.025000000000000022,0.5,0.0,0.7157842771858526,0.14554145960533849,20.38964953741731,19.250939749944905,strict_delta_max,1,cross_layer_handoff_executed
grid-treasure_round-robin_seed0,0,round-robin,grid-treasure,5,2,PSO,1.0,1.6033999854698777,0.025000000000000022,0.025000000000000022,0.5,0.0,0.0,0.1344690667654005,19.250939749944905,18.250939749944905,strict_delta_max,1,cross_layer_handoff_executed
grid-treasure_round-robin_seed0,0,round-robin,grid-treasure,5,3,RL,2.4711965890131906,3.2046999549493194,0.025000000000000022,0.025000000000000022,0.5,0.0,0.0,0.0,18.250939749944905,15.779743160931714,strict_delta_max,2,cross_layer_handoff_executed
grid-treasure_round-robin_seed0,0,round-robin,grid-treasure,5,4,GA,2.913519751830174,1.6039001056924462,-0.08000000000000002,-0.08000000000000002,0.5,0.0,0.7157842771858526,0.03594936909362616,15.779743160931714,12.86622340910154,strict_delta_max,1,cross_layer_handoff_executed
grid-treasure_round-robin_seed0,0,round-robin,grid-treasure,5,5,PSO,3.49162539950328,1.6377000138163567,0.025000000000000022,0.025000000000000022,0.5,0.0,0.0,0.03088650669238966,12.86622340910154,9.374598009598259,strict_delta_max,1,cross_layer_handoff_executed
grid-treasure_round-robin_seed0,0,round-robin,grid-treasure,5,6,RL,2.4634860929091675,2.6657000416889787,0.025000000000000022,0.025000000000000022,0.5,0.0,0.0,0.060889322830665095,9.374598009598259,6.911111916689091,strict_delta_max,2,cross_layer_handoff_executed
grid-treasure_round-robin_seed0,0,round-robin,grid-treasure,5,7,GA,1.6531298835912762,1.3413999695330858,0.025000000000000022,0.025000000000000022,0.5,0.0,0.7157842771858526,0.08444910807209037,6.911111916689091,5.257982033097814,strict_delta_max,1,cross_layer_handoff_executed
grid-treasure_round-robin_seed0,0,round-robin,grid-treasure,5,8,PSO,3.5138667201637035,1.573299989104271,0.025000000000000022,0.025000000000000022,0.5,0.0,0.0,0.03700143135896763,5.257982033097814,1.744115312934111,strict_delta_max,1,cross_layer_handoff_executed
grid-treasure_round-robin_seed1,1,round-robin,grid-treasure,0,0,GA,1.824988789829238,2.2600999800488353,-1.05,-1.05,0.0,0.0,0.8643655984494946,0.08235453439285725,22.0,20.175011210170762,strict_delta_max,1,cross_layer_handoff_executed
grid-treasure_round-robin_seed1,1,round-robin,grid-treasure,0,1,PSO,2.1742379665759692,1.8452999647706747,0.010000000000000009,0.010000000000000009,0.5,0.0,0.0,0.07738612075064231,20.175011210170762,18.000773243594793,strict_delta_max,1,cross_layer_handoff_executed
grid-treasure_round-robin_seed1,1,round-robin,grid-treasure,0,2,RL,4.0,3.1443999614566565,-1.0550000000000002,-1.0550000000000002,0.0,0.0,0.0,0.0,18.000773243594793,14.000773243594793,strict_delta_max,2,cross_layer_handoff_executed
grid-treasure_round-robin_seed1,1,round-robin,grid-treasure,0,3,GA,3.460774059507657,1.3531000586226583,0.0,0.0,0.5,0.0,0.7931361172545822,0.03752583778844092,14.000773243594793,10.539999184087137,strict_delta_max,1,cross_layer_handoff_executed
grid-treasure_round-robin_seed1,1,round-robin,grid-treasure,0,4,PSO,2.0008536891128346,2.3848001146689057,-1.04,-1.04,0.0,0.0,0.0,0.051395187414308784,10.539999184087137,8.539145494974303,strict_delta_max,1,cross_layer_handoff_executed
grid-treasure_round-robin_seed1,1,round-robin,grid-treasure,0,5,RL,2.7485011236861947,4.424099926836789,-1.05,-1.05,0.0,0.0,0.0,0.014553386809736208,8.539145494974303,5.790644371288108,strict_delta_max,2,cross_layer_handoff_executed
grid-treasure_round-robin_seed1,1,round-robin,grid-treasure,0,6,GA,2.7020960693144445,1.661200076341629,-1.08,-1.08,0.0,0.0,0.7008340842935765,0.032199094834929366,5.790644371288108,3.0885483019736637,strict_delta_max,1,cross_layer_handoff_executed
grid-treasure_round-robin_seed1,1,round-robin,grid-treasure,1,0,PSO,2.295104876251857,1.775900018401444,0.010000000000000009,0.010000000000000009,0.5,0.0,0.0,0.05757072288614942,22.0,19.704895123748145,strict_delta_max,1,cross_layer_handoff_executed
grid-treasure_round-robin_seed1,1,round-robin,grid-treasure,1,1,RL,3.470270163333467,2.590399933978915,-1.0550000000000002,-1.0550000000000002,0.0,0.0,0.0,0.03457944031790617,19.704895123748145,16.234624960414678,strict_delta_max,2,cross_layer_handoff_executed
grid-treasure_round-robin_seed1,1,round-robin,grid-treasure,1,2,GA,2.6446531908504545,1.3213000493124127,0.0,0.0,0.5,0.0,0.587050156845271,0.04917995822641878,16.234624960414678,13.589971769564222,strict_delta_max,1,cross_layer_handoff_executed
grid-treasure_round-robin_seed1,1,round-robin,grid-treasure,1,3,PSO,1.048953610537581,1.7682000761851668,0.010000000000000009,0.010000000000000009,0.5,0.0,0.0,0.10838583167019007,13.589971769564222,12.541018159026642,strict_delta_max,1,cross_layer_handoff_executed
grid-treasure_round-robin_seed1,1,round-robin,grid-treasure,1,4,RL,3.3464353588503535,2.6838999474421144,-1.08,-1.08,0.0,0.0,0.0,0.008964763033793169,12.541018159026642,9.194582800176288,strict_delta_max,2,cross_layer_handoff_executed
grid-treasure_round-robin_seed1,1,round-robin,grid-treasure,1,5,GA,2.9299610110861365,1.4814999885857105,-1.025,-1.025,0.0,0.0,0.594233575450996,0.043615134640600975,9.194582800176288,6.264621789090151,strict_delta_max,1,cross_layer_handoff_executed
grid-treasure_round-robin_seed1,1,round-robin,grid-treasure,1,6,PSO,3.5836735635578916,1.916700042784214,0.010000000000000009,0.010000000000000009,0.5,0.0,0.0,0.030141211367583763,6.264621789090151,2.68094822553226,strict_delta_max,1,cross_layer_handoff_executed
grid-treasure_round-robin_seed1,1,round-robin,grid-treasure,2,0,RL,1.7600278885807048,2.204800024628639,-1.08,-1.08,0.0,0.0,0.0,0.01704518445113513,22.0,20.239972111419295,strict_delta_max,2,cross_layer_handoff_executed
grid-treasure_round-robin_seed1,1,round-robin,grid-treasure,2,1,GA,1.0283804123806597,1.427799928933382,0.0050000000000000044,0.0050000000000000044,0.5,0.0,0.615860430993454,0.12422071385560951,20.239972111419295,19.211591699038635,strict_delta_max,1,cross_layer_handoff_executed
grid-treasure_round-robin_seed1,1,round-robin,grid-treasure,2,2,PSO,3.5807414256660484,1.8218999030068517,0.010000000000000009,0.010000000000000009,0.5,0.0,0.0,0.02596033294839066,19.211591699038635,15.630850273372587,strict_delta_max,1,cross_layer_handoff_executed
grid-treasure_round-robin_seed1,1,round-robin,grid-treasure,2,3,RL,3.106232181567027,3.284500096924603,-1.08,-1.08,0.0,0.0,0.0,0.0,15.630850273372587,12.52461809180556,strict_delta_max,2,cross_layer_handoff_executed
grid-treasure_round-robin_seed1,1,round-robin,grid-treasure,2,4,GA,2.410179956330361,1.7716999864205718,0.010000000000000009,0.010000000000000009,0.5,0.0,0.6457060898751952,0.053003827421019445,12.52461809180556,10.1144381354752,strict_delta_max,1,cross_layer_handoff_executed
grid-treasure_round-robin_seed1,1,round-robin,grid-treasure,2,5,PSO,3.0831472135316935,1.8404999282211065,0.010000000000000009,0.010000000000000009,0.5,0.0,0.0,0.04939743163120048,10.1144381354752,7.031290921943507,strict_delta_max,1,cross_layer_handoff_executed
grid-treasure_round-robin_seed1,1,round-robin,grid-treasure,2,6,RL,2.9658090762735356,3.597100032493472,-1.0750000000000002,-1.0750000000000002,0.0,0.0,0.0,0.0269740896809575,7.031290921943507,4.0654818456699715,strict_delta_max,2,cross_layer_handoff_executed
grid-treasure_round-robin_seed1,1,round-robin,grid-treasure,2,7,GA,2.7244855280936053,1.6347999917343259,0.010000000000000009,0.010000000000000009,0.5,0.0,0.6197168923766674,0.0392995867894561,4.0654818456699715,1.3409963175763662,strict_delta_max,1,cross_layer_handoff_executed
grid-treasure_round-robin_seed1,1,round-robin,grid-treasure,3,0,PSO,2.9371187622318797,1.7233999678865075,0.010000000000000009,0.010000000000000009,0.5,0.0,0.0,0.03785060873339655,22.0,19.06288123776812,strict_delta_max,1,cross_layer_handoff_executed
grid-treasure_round-robin_seed1,1,round-robin,grid-treasure,3,1,RL,3.6174844740033185,2.349299960769713,0.010000000000000009,0.010000000000000009,0.5,0.0,0.0,0.0,19.06288123776812,15.445396763764801,strict_delta_max,2,cross_layer_handoff_executed
grid-treasure_round-robin_seed1,1,round-robin,grid-treasure,3,2,GA,1.2826114920861778,1.3831000542268157,0.0,0.0,0.5,0.0,0.5902023103478207,0.07301314931413753,15.445396763764801,14.162785271678624,strict_delta_max,1,cross_layer_handoff_executed
grid-treasure_round-robin_seed1,1,round-robin,grid-treasure,3,3,PSO,2.430656312131491,1.7842999659478664,0.010000000000000009,0.010000000000000009,0.5,0.0,0.0,0.05597978500857115,14.162785271678624,11.732128959547133,strict_delta_max,1,cross_layer_handoff_executed
grid-treasure_round-robin_seed1,1,round-robin,grid-treasure,3,4,RL,4.0,3.0378999654203653,0.010000000000000009,0.010000000000000009,0.5,0.0,0.0,0.017500000000000016,11.732128959547133,7.732128959547133,strict_delta_max,2,cross_layer_handoff_executed
grid-treasure_round-robin_seed1,1,round-robin,grid-treasure,3,5,GA,3.9025507300998754,1.826500054448843,0.010000000000000009,0.010000000000000009,0.5,0.0,0.5762153690086328,0.02125562615495949,7.732128959547133,3.8295782294472573,strict_delta_max,1,cross_layer_handoff_executed
grid-treasure_round-robin_seed1,1,round-robin,grid-treasure,4,0,PSO,2.7306178130860688,1.8004999728873372,0.010000000000000009,0.010000000000000009,0.5,0.0,0.0,0.05362138034953934,22.0,19.26938218691393,strict_delta_max,1,cross_layer_handoff_executed
grid-treasure_round-robin_seed1,1,round-robin,grid-treasure,4,1,RL,1.1939780233250012,3.9676999440416694,0.010000000000000009,0.010000000000000009,0.5,0.0,0.0,1.6164451625544312,19.26938218691393,18.075404163588928,strict_delta_max,2,cross_layer_handoff_executed
grid-treasure_round-robin_seed1,1,round-robin,grid-treasure,4,2,GA,1.3839085336721815,1.3044000370427966,0.0,0.0,0.5,0.0,0.5458355359992891,0.08402736669551732,18.075404163588928,16.691495629916748,strict_delta_max,1,cross_layer_handoff_executed
grid-treasure_round-robin_seed1,1,round-robin,grid-treasure,4,3,PSO,3.464492318718444,2.082799910567701,0.010000000000000009,0.010000000000000009,0.5,0.0,0.0,0.05238062712661459,16.691495629916748,13.227003311198304,strict_delta_max,1,cross_layer_handoff_executed
grid-treasure_round-robin_seed1,1,round-robin,grid-treasure,4,4,RL,1.7770238141978514,3.335599903948605,0.010000000000000009,0.010000000000000009,0.5,0.0,0.0,0.0,13.227003311198304,11.449979497000452,strict_delta_max,2,cross_layer_handoff_executed
grid-treasure_round-robin_seed1,1,round-robin,grid-treasure,4,5,GA,1.4513358066635338,1.8745000706985593,0.010000000000000009,0.010000000000000009,0.5,0.0,0.5050410451060429,0.0740478752977373,11.449979497000452,9.998643690336918,strict_delta_max,1,cross_layer_handoff_executed
grid-treasure_round-robin_seed1,1,round-robin,grid-treasure,4,6,PSO,2.735678073608988,1.8656000029295683,0.010000000000000009,0.010000000000000009,0.5,0.0,0.0,0.06337640869063484,9.998643690336918,7.26296561672793,strict_delta_max,1,cross_layer_handoff_executed
grid-treasure_round-robin_seed1,1,round-robin,grid-treasure,4,7,RL,4.0,4.9094000132754445,0.010000000000000009,0.010000000000000009,0.5,0.0,0.0,0.0,7.26296561672793,3.2629656167279304,strict_delta_max,2,cross_layer_handoff_executed
grid-treasure_round-robin_seed1,1,round-robin,grid-treasure,5,0,GA,2.703258426103941,1.8881000578403473,-1.05,-1.05,0.0,0.0,0.5050410451060429,0.026628771117720145,22.0,19.29674157389606,strict_delta_max,1,cross_layer_handoff_executed
grid-treasure_round-robin_seed1,1,round-robin,grid-treasure,5,1,PSO,1.0,1.9281000131741166,0.010000000000000009,0.010000000000000009,0.5,0.0,0.0,0.1632497408234168,19.29674157389606,18.29674157389606,strict_delta_max,1,cross_layer_handoff_executed
grid-treasure_round-robin_seed1,1,round-robin,grid-treasure,5,2,RL,2.4633270942216523,2.702199970372021,0.010000000000000009,0.010000000000000009,0.5,0.0,0.0,0.08525055421693989,18.29674157389606,15.833414479674408,strict_delta_max,2,cross_layer_handoff_executed
grid-treasure_round-robin_seed1,1,round-robin,grid-treasure,5,3,GA,3.5873035180765203,1.8044000025838614,0.010000000000000009,0.010000000000000009,0.5,0.0,0.5050410451060429,0.03328235024771048,15.833414479674408,12.246110961597887,strict_delta_max,1,cross_layer_handoff_executed
grid-treasure_round-robin_seed1,1,round-robin,grid-treasure,5,4,PSO,1.0957797709644572,1.8557999283075333,0.010000000000000009,0.010000000000000009,0.5,0.0,0.0,0.12619224259937234,12.246110961597887,11.15033119063343,strict_delta_max,1,cross_layer_handoff_executed
grid-treasure_round-robin_seed1,1,round-robin,grid-treasure,5,5,RL,1.268289352077336,2.7712000301107764,0.010000000000000009,0.010000000000000009,0.5,0.0,0.0,1.7030813957888458,11.15033119063343,9.882041838556095,strict_delta_max,2,cross_layer_handoff_executed
grid-treasure_round-robin_seed1,1,round-robin,grid-treasure,5,6,GA,3.4635948921009017,1.8352000042796135,0.010000000000000009,0.010000000000000009,0.5,0.0,0.5050410451060429,0.038448517385180084,9.882041838556095,6.418446946455193,strict_delta_max,1,cross_layer_handoff_executed
grid-treasure_round-robin_seed1,1,round-robin,grid-treasure,5,7,PSO,3.081755242944325,1.9370999652892351,0.010000000000000009,0.010000000000000009,0.5,0.0,0.0,0.060556372492239725,6.418446946455193,3.336691703510868,strict_delta_max,1,cross_layer_handoff_executed
grid-treasure_round-robin_seed2,2,round-robin,grid-treasure,0,0,GA,3.9053653955254966,3.6783000687137246,-0.6500000000000001,-0.6500000000000001,0.0,0.0,0.8718432739321208,0.04391968426834987,22.0,18.094634604474503,strict_delta_max,1,cross_layer_handoff_executed
grid-treasure_round-robin_seed2,2,round-robin,grid-treasure,0,1,PSO,1.6816474976395537,2.5345999747514725,-1.12,-1.12,0.0,0.0,0.0,0.08873132629818674,18.094634604474503,16.41298710683495,strict_delta_max,1,cross_layer_handoff_executed
grid-treasure_round-robin_seed2,2,round-robin,grid-treasure,0,2,RL,1.3622580479494517,2.6738999877125025,-1.12,-1.12,0.0,0.0,0.0,0.0,16.41298710683495,15.0507290588855,strict_delta_max,2,cross_layer_handoff_executed
grid-treasure_round-robin_seed2,2,round-robin,grid-treasure,0,3,GA,3.3079688215383105,3.0369999585673213,-1.2349999999999999,-1.2349999999999999,0.0,0.0,0.8441815109289925,0.04901357931999614,15.0507290588855,11.74276023734719,strict_delta_max,1,cross_layer_handoff_executed
grid-treasure_round-robin_seed2,2,round-robin,grid-treasure,0,4,PSO,2.2659582207028057,1.8674000166356564,-0.975,-0.975,0.0,0.0,0.0,0.05362958242575609,11.74276023734719,9.476802016644385,strict_delta_max,1,cross_layer_handoff_executed
grid-treasure_round-robin_seed2,2,round-robin,grid-treasure,0,5,RL,3.281732557964693,4.224000032991171,-1.12,-1.12,0.0,0.0,0.0,0.0,9.476802016644385,6.195069458679692,strict_delta_max,2,cross_layer_handoff_executed
grid-treasure_round-robin_seed2,2,round-robin,grid-treasure,0,6,GA,2.4363648014259303,1.7341000493615866,-0.06999999999999995,-0.06999999999999995,0.5,0.010261189122978744,0.8064333509757664,0.06313669812067964,6.195069458679692,3.7587046572537615,strict_delta_max,1,cross_layer_handoff_executed
grid-treasure_round-robin_seed2,2,round-robin,grid-treasure,1,0,PSO,3.035932338780581,2.082900027744472,-1.12,-1.12,0.0,0.0,0.0,0.030053440383706644,22.0,18.964067661219417,strict_delta_max,1,cross_layer_handoff_executed
grid-treasure_round-robin_seed2,2,round-robin,grid-treasure,1,1,RL,4.0,3.2964999554678798,-1.12,-1.12,0.0,0.0,0.0,0.03250000000000003,18.964067661219417,14.964067661219417,strict_delta_max,2,cross_layer_handoff_executed
grid-treasure_round-robin_seed2,2,round-robin,grid-treasure,1,2,GA,1.5061364349955495,1.7256999853998423,-0.06999999999999995,-0.06999999999999995,0.5,0.0,0.8189175342018038,0.10717178680063962,14.964067661219417,13.457931226223867,strict_delta_max,1,cross_layer_handoff_executed
grid-treasure_round-robin_seed2,2,round-robin,grid-treasure,1,3,PSO,1.138152930681977,2.3799999617040157,-1.12,-1.12,0.0,0.0,0.0,0.05648333593767272,13.457931226223867,12.319778295541889,strict_delta_max,1,cross_layer_handoff_executed
grid-treasure_round-robin_seed2,2,round-robin,grid-treasure,1,4,RL,1.6531780555544702,2.554299891926348,-1.12,-1.12,0.0,0.0,0.0,0.0,12.319778295541889,10.66660023998742,strict_delta_max,2,cross_layer_handoff_executed
grid-treasure_round-robin_seed2,2,round-robin,grid-treasure,1,5,GA,3.89199335172641,1.901900046505034,-0.09499999999999997,-0.09499999999999997,0.5,0.0,0.7668710046910088,0.03233953276617344,10.66660023998742,6.774606888261009,strict_delta_max,1,cross_layer_handoff_executed
grid-treasure_round-robin_seed2,2,round-robin,grid-treasure,1,6,PSO,1.2598358797375702,1.9164999248459935,-1.0,-1.0,0.0,0.0,0.0,0.0897660842136489,6.774606888261009,5.514771008523439,strict_delta_max,1,cross_layer_handoff_executed
grid-treasure_round-robin_seed2,2,round-robin,grid-treasure,1,7,RL,2.293223093140829,2.5026999646797776,-1.12,-1.12,0.0,0.0,0.0,0.0,5.514771008523439,3.2215479153826103,strict_delta_max,2,cross_layer_handoff_executed
grid-treasure_round-robin_seed2,2,round-robin,grid-treasure,2,0,GA,3.0313871446115948,2.1507999626919627,-1.12,-1.12,0.0,0.0,0.7668710046910088,0.04993383289702889,22.0,18.968612855388404,strict_delta_max,1,cross_layer_handoff_executed
grid-treasure_round-robin_seed2,2,round-robin,grid-treasure,2,1,PSO,1.7612349902445743,2.257099957205355,-1.12,-1.12,0.0,0.0,0.0,0.06691824613037199,18.968612855388404,17.20737786514383,strict_delta_max,1,cross_layer_handoff_executed
grid-treasure_round-robin_seed2,2,round-robin,grid-treasure,2,2,RL,1.9013373260137705,3.6844999995082617,-1.12,-1.12,0.0,0.0,0.0,0.0,17.20737786514383,15.30604053913006,strict_delta_max,2,cross_layer_handoff_executed
grid-treasure_round-robin_seed2,2,round-robin,grid-treasure,2,3,GA,1.3462409169364309,2.772800042293966,-1.135,-1.135,0.0,0.0,0.7668710046910088,0.118975098789455,15.30604053913006,13.959799622193628,strict_delta_max,1,cross_layer_handoff_executed
grid-treasure_round-robin_seed2,2,round-robin,grid-treasure,2,4,PSO,1.1387559756188803,1.985899987630546,-0.07999999999999996,-0.07999999999999996,0.5,0.0,0.0,0.10180961841300246,13.959799622193628,12.821043646574749,strict_delta_max,1,cross_layer_handoff_executed
grid-treasure_round-robin_seed2,2,round-robin,grid-treasure,2,5,RL,1.5539695480718154,4.283900023438036,-1.12,-1.12,0.0,0.0,0.0,0.0,12.821043646574749,11.267074098502933,strict_delta_max,2,cross_layer_handoff_executed
grid-treasure_round-robin_seed2,2,round-robin,grid-treasure,2,6,GA,1.1115101470866477,2.3646000772714615,-0.08499999999999996,-0.08499999999999996,0.5,0.0,0.7467841859013832,0.096397658259096,11.267074098502933,10.155563951416285,strict_delta_max,1,cross_layer_handoff_executed
grid-treasure_round-robin_seed2,2,round-robin,grid-treasure,2,7,PSO,3.1470739495555695,2.095300005748868,-0.09499999999999997,-0.09499999999999997,0.5,0.0,0.0,0.02453543364165067,10.155563951416285,7.008490001860716,strict_delta_max,1,cross_layer_handoff_executed
grid-treasure_round-robin_seed2,2,round-robin,grid-treasure,2,8,RL,2.97630746280092,2.495099906809628,-1.12,-1.12,0.0,0.0,0.0,0.036958547251862935,7.008490001860716,4.0321825390597965,strict_delta_max,2,cross_layer_handoff_executed
grid-treasure_round-robin_seed2,2,round-robin,grid-treasure,2,9,GA,3.4451888595990283,2.2533999290317297,-0.10999999999999999,-0.10999999999999999,0.5,0.0,0.6896184569682962,0.03391612680656198,4.0321825390597965,0.5869936794607682,strict_delta_max,1,cross_layer_handoff_executed
grid-treasure_round-robin_seed2,2,round-robin,grid-treasure,3,0,PSO,3.1874809694966126,2.3178999545052648,-1.145,-1.145,0.0,0.0,0.0,0.04944306089534031,22.0,18.81251903050339,strict_delta_max,1,cross_layer_handoff_executed
grid-treasure_round-robin_seed2,2,round-robin,grid-treasure,3,1,RL,2.9088523361849923,2.9597000684589148,-0.06999999999999995,-0.06999999999999995,0.5,0.0,0.0,0.0,18.81251903050339,15.903666694318396,strict_delta_max,2,cross_layer_handoff_executed
grid-treasure_round-robin_seed2,2,round-robin,grid-treasure,3,2,GA,1.3987878776491236,1.8318999791517854,-0.06999999999999995,-0.06999999999999995,0.5,0.0,0.6038719510383954,0.10214333214408196,15.903666694318396,14.504878816669272,strict_delta_max,1,cross_layer_handoff_executed
grid-treasure_round-robin_seed2,2,round-robin,grid-treasure,3,3,PSO,1.3934486104922021,1.9023000495508313,-0.09499999999999997,-0.09499999999999997,0.5,0.0,0.0,0.06709094899247027,14.504878816669272,13.11143020617707,strict_delta_max,1,cross_layer_handoff_executed
grid-treasure_round-robin_seed2,2,round-robin,grid-treasure,3,4,RL,1.6035975270961769,3.2424000091850758,-0.06999999999999995,-0.06999999999999995,0.5,0.0,0.0,0.0,13.11143020617707,11.507832679080893,strict_delta_max,2,cross_layer_handoff_executed
grid-treasure_round-robin_seed2,2,round-robin,grid-treasure,3,5,GA,3.113041615168579,1.8884000601246953,-0.09499999999999997,-0.09499999999999997,0.5,0.0,0.5516764159936336,0.03654375351356408,11.507832679080893,8.394791063912315,strict_delta_max,1,cross_layer_handoff_executed
grid-treasure_round-robin_seed2,2,round-robin,grid-treasure,3,6,PSO,1.3584570956379494,2.0314001012593508,-0.06999999999999995,-0.06999999999999995,0.5,0.0,0.0,0.03683893078088622,8.394791063912315,7.0363339682743655,strict_delta_max,1,cross_layer_handoff_executed
grid-treasure_round-robin_seed2,2,round-robin,grid-treasure,3,7,RL,1.9969066180345878,2.2001999896019697,-0.06999999999999995,-0.06999999999999995,0.5,0.0,0.0,0.020030981738830216,7.0363339682743655,5.0394273502397775,strict_delta_max,2,cross_layer_handoff_executed
grid-treasure_round-robin_seed2,2,round-robin,grid-treasure,3,8,GA,2.5408954315293975,2.0511000184342265,-0.09499999999999997,-0.09499999999999997,0.5,0.0,0.507070306340089,0.06001179650150377,5.0394273502397775,2.49853191871038,strict_delta_max,1,cross_layer_handoff_executed
grid-treasure_round-robin_seed2,2,round-robin,grid-treasure,4,0,PSO,1.0846313290735214,1.854000031016767,-0.06999999999999995,-0.06999999999999995,0.5,0.0,0.0,0.033402943370583194,22.0,20.91536867092648,strict_delta_max,1,cross_layer_handoff_executed
grid-treasure_round-robin_seed2,2,round-robin,grid-treasure,4,1,RL,3.037994776016133,4.328100010752678,-0.13,-0.13,0.5,0.0,0.0,0.0,20.91536867092648,17.877373894910345,strict_delta_max,2,cross_layer_handoff_executed
grid-treasure_round-robin_seed2,2,round-robin,grid-treasure,4,2,GA,2.866654054784691,2.1696999901905656,-0.09499999999999997,-0.09499999999999997,0.5,0.0,0.507070306340089,0.0415671424021782,17.877373894910345,15.010719840125654,strict_delta_max,1,cross_layer_handoff_executed
grid-treasure_round-robin_seed2,2,round-robin,grid-treasure,4,3,PSO,1.5779710952029378,2.1012999350205064,-1.1,-1.1,0.0,0.0,0.0,0.05523733225647863,15.010719840125654,13.432748744922716,strict_delta_max,1,cross_layer_handoff_executed
grid-treasure_round-robin_seed2,2,round-robin,grid-treasure,4,4,RL,3.4931468294178374,3.5644000163301826,-0.10499999999999998,-0.10499999999999998,0.5,0.0,0.0,0.011450993031021938,13.432748744922716,9.939601915504879,strict_delta_max,2,cross_layer_handoff_executed
grid-treasure_round-robin_seed2,2,round-robin,grid-treasure,4,5,GA,3.531098879177328,1.9630000460892916,-0.09499999999999997,-0.09499999999999997,0.5,0.0,0.507070306340089,0.02054909193077191,9.939601915504879,6.40850303632755,strict_delta_max,1,cross_layer_handoff_executed
grid-treasure_round-robin_seed2,2,round-robin,grid-treasure,4,6,PSO,1.7520544343397648,2.3074999917298555,-1.12,-1.12,0.0,0.0,0.0,0.028630685930462724,6.40850303632755,4.656448601987785,strict_delta_max,1,cross_layer_handoff_executed
grid-treasure_round-robin_seed2,2,round-robin,grid-treasure,4,7,RL,3.6058187557076344,3.7986000534147024,-0.09499999999999997,-0.09499999999999997,0.5,0.0,0.0,0.0,4.656448601987785,1.0506298462801507,strict_delta_max,2,cross_layer_handoff_executed
grid-treasure_round-robin_seed2,2,round-robin,grid-treasure,5,0,GA,1.8271547633861547,1.7488000448793173,0.010000000000000009,0.010000000000000009,0.5,0.043783921101319755,0.5157857241307565,0.0507875360086726,22.0,20.172845236613846,strict_delta_max,1,cross_layer_handoff_executed
grid-treasure_round-robin_seed2,2,round-robin,grid-treasure,5,1,PSO,2.755038975644727,2.036800025962293,-0.09499999999999997,-0.09499999999999997,0.5,0.0,0.0,0.03237288976902153,20.172845236613846,17.41780626096912,strict_delta_max,1,cross_layer_handoff_executed
grid-treasure_round-robin_seed2,2,round-robin,grid-treasure,5,2,RL,1.621780311731351,3.4629000583663583,-0.09499999999999997,-0.09499999999999997,0.5,0.0,0.0,0.012332126524984619,17.41780626096912,15.796025949237768,strict_delta_max,2,cross_layer_handoff_executed
grid-treasure_round-robin_seed2,2,round-robin,grid-treasure,5,3,GA,2.941844489311082,1.7532999627292156,-0.06999999999999995,-0.06999999999999995,0.5,0.0,0.5056629848647204,0.04312469713026957,15.796025949237768,12.854181459926686,strict_delta_max,1,cross_layer_handoff_executed
grid-treasure_round-robin_seed2,2,round-robin,grid-treasure,5,4,PSO,3.5530345299543096,2.132899942807853,-0.09499999999999997,-0.09499999999999997,0.5,0.0,0.0,0.027740763834077756,12.854181459926686,9.301146929972376,strict_delta_max,1,cross_layer_handoff_executed
grid-treasure_round-robin_seed2,2,round-robin,grid-treasure,5,5,RL,2.278258791703387,2.2791000083088875,-0.09499999999999997,-0.09499999999999997,0.5,0.0,0.0,0.004389316980325709,9.301146929972376,7.022888138268989,strict_delta_max,2,cross_layer_handoff_executed
grid-treasure_round-robin_seed2,2,round-robin,grid-treasure,5,6,GA,3.8317668736045585,2.585900016129017,-0.13,-0.13,0.5,0.0,0.5056629848647204,0.030203980786535203,7.022888138268989,3.1911212646644307,strict_delta_max,1,cross_layer_handoff_executed
grid-treasure_greedy-improvement_seed0,0,greedy-improvement,grid-treasure,0,0,GA,3.2127778257737645,1.870499923825264,0.025000000000000022,0.025000000000000022,0.5,0.0,0.8931030542994856,0.05487385891284679,22.0,18.787222174226237,strict_delta_max,1,cross_layer_handoff_executed
grid-treasure_greedy-improvement_seed0,0,greedy-improvement,grid-treasure,0,1,GA,3.5221199679911415,1.630699960514903,0.025000000000000022,0.025000000000000022,0.5,0.0,0.8716202985283468,0.045234247938315195,18.787222174226237,15.265102206235095,strict_delta_max,1,cross_layer_handoff_executed
grid-treasure_greedy-improvement_seed0,0,greedy-improvement,grid-treasure,0,2,GA,1.2791422413487052,1.818799995817244,0.025000000000000022,0.025000000000000022,0.5,0.0,0.869587833327935,0.1378859041269557,15.265102206235095,13.98595996488639,strict_delta_max,1,cross_layer_handoff_executed
grid-treasure_greedy-improvement_seed0,0,greedy-improvement,grid-treasure,0,3,GA,1.6179289395620384,1.6422000480815768,0.025000000000000022,0.025000000000000022,0.5,0.0,0.8056684933570712,0.07892583339735855,13.98595996488639,12.368031025324353,strict_delta_max,1,cross_layer_handoff_executed
grid-treasure_greedy-improvement_seed0,0,greedy-improvement,grid-treasure,0,4,GA,1.7755865413627387,1.5567999798804522,0.025000000000000022,0.025000000000000022,0.5,0.0,0.7328984474742877,0.089592336886136,12.368031025324353,10.592444483961614,strict_delta_max,1,cross_layer_handoff_executed
grid-treasure_greedy-improvement_seed0,0,greedy-improvement,grid-treasure,0,5,GA,2.3445051467421636,1.6948999837040901,0.025000000000000022,0.025000000000000022,0.5,0.0,0.7328984474742877,0.056183197221847885,10.592444483961614,8.247939337219451,strict_delta_max,1,cross_layer_handoff_executed
grid-treasure_greedy-improvement_seed0,0,greedy-improvement,grid-treasure,0,6,GA,1.9252254512473295,1.6463000793009996,0.025000000000000022,0.025000000000000022,0.5,0.0,0.7328984474742877,0.0790403589044626,8.247939337219451,6.322713885972122,strict_delta_max,1,cross_layer_handoff_executed
grid-treasure_greedy-improvement_seed0,0,greedy-improvement,grid-treasure,0,7,GA,2.678739382026505,1.6105000395327806,0.025000000000000022,0.025000000000000022,0.5,0.0,0.7328984474742877,0.04745620969911341,6.322713885972122,3.643974503945617,strict_delta_max,1,cross_layer_handoff_executed
grid-treasure_greedy-improvement_seed0,0,greedy-improvement,grid-treasure,1,0,GA,2.9593102896109347,1.4947999734431505,0.025000000000000022,0.025000000000000022,0.5,0.0,0.7328984474742877,0.04750347811785558,22.0,19.040689710389067,strict_delta_max,1,cross_layer_handoff_executed
grid-treasure_greedy-improvement_seed0,0,greedy-improvement,grid-treasure,1,1,GA,2.1347197790668404,1.429300056770444,0.010000000000000009,0.010000000000000009,0.5,0.0,0.7328984474742877,0.05520162842354082,19.040689710389067,16.905969931322225,strict_delta_max,1,cross_layer_handoff_executed
grid-treasure_greedy-improvement_seed0,0,greedy-improvement,grid-treasure,1,2,GA,1.049789246947391,1.1986000463366508,0.030000000000000027,0.030000000000000027,0.5,0.004762860749944958,0.7591869014902193,0.14228817560248855,16.905969931322225,15.856180684374834,strict_delta_max,1,cross_layer_handoff_executed
grid-treasure_greedy-improvement_seed0,0,greedy-improvement,grid-treasure,1,3,GA,3.0276574243603855,1.582200056873262,0.025000000000000022,0.025000000000000022,0.5,0.0,0.7591869014902193,0.04170702289049015,15.856180684374834,12.82852326001445,strict_delta_max,1,cross_layer_handoff_executed
grid-treasure_greedy-improvement_seed0,0,greedy-improvement,grid-treasure,1,4,GA,1.1179103182693553,1.576900016516447,0.025000000000000022,0.025000000000000022,0.5,0.0,0.7591869014902193,0.10204583629120274,12.82852326001445,11.710612941745094,strict_delta_max,1,cross_layer_handoff_executed
grid-treasure_greedy-improvement_seed0,0,greedy-improvement,grid-treasure,1,5,GA,2.192762034067517,1.6404000343754888,0.025000000000000022,0.025000000000000022,0.5,0.0,0.7591869014902193,0.056769360117537866,11.710612941745094,9.517850907677577,strict_delta_max,1,cross_layer_handoff_executed
grid-treasure_greedy-improvement_seed0,0,greedy-improvement,grid-treasure,1,6,GA,3.094667851965138,1.4949999749660492,1.05,1.05,1.0,0.32959918440109565,0.7570074431952223,0.03556419766223814,9.517850907677577,6.423183055712439,strict_delta_max,1,cross_layer_handoff_executed
grid-treasure_greedy-improvement_seed0,0,greedy-improvement,grid-treasure,1,7,GA,3.020945986917645,1.3920000055804849,1.05,1.05,1.0,0.0,0.7608444941799686,0.037933221308276754,6.423183055712439,3.402237068794794,strict_delta_max,1,cross_layer_handoff_executed
grid-treasure_greedy-improvement_seed0,0,greedy-improvement,grid-treasure,2,0,GA,2.845077307670694,1.3476000167429447,0.015000000000000013,0.015000000000000013,0.5,0.0,0.7608444941799686,0.04751030362142755,22.0,19.154922692329308,strict_delta_max,1,cross_layer_handoff_executed
grid-treasure_greedy-improvement_seed0,0,greedy-improvement,grid-treasure,2,1,GA,2.799132498155631,1.520100049674511,0.025000000000000022,0.025000000000000022,0.5,0.0,0.7608444941799686,0.04446006794637743,19.154922692329308,16.355790194173675,strict_delta_max,1,cross_layer_handoff_executed
grid-treasure_greedy-improvement_seed0,0,greedy-improvement,grid-treasure,2,2,GA,2.4712209121490147,1.802199985831976,0.025000000000000022,0.025000000000000022,0.5,0.0,0.7608444941799686,0.03410162373255324,16.355790194173675,13.88456928202466,strict_delta_max,1,cross_layer_handoff_executed
grid-treasure_greedy-improvement_seed0,0,greedy-improvement,grid-treasure,2,3,GA,1.0605357807469415,1.9641000544652343,-1.1,-1.1,0.0,0.0,0.7608444941799686,0.123399013236235,13.88456928202466,12.824033501277718,strict_delta_max,1,cross_layer_handoff_executed
grid-treasure_greedy-improvement_seed0,0,greedy-improvement,grid-treasure,2,4,GA,2.2268260078202924,1.5792000340297818,0.025000000000000022,0.025000000000000022,0.5,0.0,0.7608444941799686,0.05797913541671382,12.824033501277718,10.597207493457425,strict_delta_max,1,cross_layer_handoff_executed
grid-treasure_greedy-improvement_seed0,0,greedy-improvement,grid-treasure,2,5,GA,3.0461532197980365,1.6843000194057822,0.025000000000000022,0.025000000000000022,0.5,0.0,0.7608444941799686,0.035868648634521376,10.597207493457425,7.551054273659389,strict_delta_max,1,cross_layer_handoff_executed
grid-treasure_greedy-improvement_seed0,0,greedy-improvement,grid-treasure,2,6,GA,3.268477095587089,1.6828000079840422,0.025000000000000022,0.025000000000000022,0.5,0.0,0.7608444941799686,0.04009410137483764,7.551054273659389,4.2825771780723,strict_delta_max,1,cross_layer_handoff_executed
grid-treasure_greedy-improvement_seed0,0,greedy-improvement,grid-treasure,2,7,GA,2.6494565831989965,1.604399993084371,0.025000000000000022,0.025000000000000022,0.5,0.0,0.7608444941799686,0.045609143748350074,4.2825771780723,1.6331205948733034,strict_delta_max,1,cross_layer_handoff_executed
grid-treasure_greedy-improvement_seed0,0,greedy-improvement,grid-treasure,3,0,GA,1.2897492549940717,1.2879000278189778,1.05,1.05,1.0,0.0,0.7392180644492159,0.0753202963357608,22.0,20.71025074500593,strict_delta_max,1,cross_layer_handoff_executed
grid-treasure_greedy-improvement_seed0,0,greedy-improvement,grid-treasure,3,1,GA,1.0432808565490914,1.7317000310868025,0.025000000000000022,0.025000000000000022,0.5,0.0,0.7392180644492159,0.0947781331412197,20.71025074500593,19.666969888456837,strict_delta_max,1,cross_layer_handoff_executed
grid-treasure_greedy-improvement_seed0,0,greedy-improvement,grid-treasure,3,2,GA,3.3018087684943405,1.5557000879198313,1.05,1.05,1.0,0.0,0.7238450462943306,0.033685645104575425,19.666969888456837,16.365161119962497,strict_delta_max,1,cross_layer_handoff_executed
grid-treasure_greedy-improvement_seed0,0,greedy-improvement,grid-treasure,3,3,GA,3.98056434733576,1.5382999554276466,1.045,1.045,1.0,0.0,0.7135837298066932,0.024773201697359616,16.365161119962497,12.384596772626738,strict_delta_max,1,cross_layer_handoff_executed
grid-treasure_greedy-improvement_seed0,0,greedy-improvement,grid-treasure,3,4,GA,3.3375839332854076,1.6058000037446618,0.025000000000000022,0.025000000000000022,0.5,0.0,0.7135837298066932,0.030991160670951135,12.384596772626738,9.047012839341331,strict_delta_max,1,cross_layer_handoff_executed
grid-treasure_greedy-improvement_seed0,0,greedy-improvement,grid-treasure,3,5,GA,2.074530555964414,1.5299000078812242,1.05,1.05,1.0,0.0,0.680175488513555,0.04669596304967269,9.047012839341331,6.972482283376918,strict_delta_max,1,cross_layer_handoff_executed
grid-treasure_greedy-improvement_seed0,0,greedy-improvement,grid-treasure,3,6,GA,2.8421108971552878,1.879099989309907,-1.08,-1.08,0.0,0.0,0.680175488513555,0.033913787787430386,6.972482283376918,4.13037138622163,strict_delta_max,1,cross_layer_handoff_executed
grid-treasure_greedy-improvement_seed0,0,greedy-improvement,grid-treasure,3,7,GA,1.1969168090071092,1.379600027576089,1.05,1.05,1.0,0.0,0.6398798386643947,0.07343572969378281,4.13037138622163,2.933454577214521,strict_delta_max,1,cross_layer_handoff_executed
grid-treasure_greedy-improvement_seed0,0,greedy-improvement,grid-treasure,4,0,GA,1.271419343909364,1.4320999616757035,1.05,1.05,1.0,0.0,0.5796563197999883,0.06495571837744052,22.0,20.728580656090635,strict_delta_max,1,cross_layer_handoff_executed
grid-treasure_greedy-improvement_seed0,0,greedy-improvement,grid-treasure,4,1,GA,1.7927451215278905,2.685299958102405,-1.195,-1.195,0.0,0.0,0.5796563197999883,0.06273627744847245,20.728580656090635,18.935835534562745,strict_delta_max,1,cross_layer_handoff_executed
grid-treasure_greedy-improvement_seed0,0,greedy-improvement,grid-treasure,4,2,GA,1.006372864523525,1.6816999996080995,0.025000000000000022,0.025000000000000022,0.5,0.0,0.5796563197999883,0.09998258654973831,18.935835534562745,17.92946267003922,strict_delta_max,1,cross_layer_handoff_executed
grid-treasure_greedy-improvement_seed0,0,greedy-improvement,grid-treasure,4,3,GA,2.196962151030742,1.6371000092476606,0.025000000000000022,0.025000000000000022,0.5,0.0,0.5796563197999883,0.038815378355598396,17.92946267003922,15.732500519008479,strict_delta_max,1,cross_layer_handoff_executed
grid-treasure_greedy-improvement_seed0,0,greedy-improvement,grid-treasure,4,4,GA,2.6949070716688475,2.0534000359475613,-1.1,-1.1,0.0,0.0,0.5796563197999883,0.04342035393291614,15.732500519008479,13.037593447339631,strict_delta_max,1,cross_layer_handoff_executed
grid-treasure_greedy-improvement_seed0,0,greedy-improvement,grid-treasure,4,5,GA,3.8146562793306398,1.6338999848812819,0.025000000000000022,0.025000000000000022,0.5,0.0,0.5796563197999883,0.026904249530952745,13.037593447339631,9.222937168008992,strict_delta_max,1,cross_layer_handoff_executed
grid-treasure_greedy-improvement_seed0,0,greedy-improvement,grid-treasure,4,6,GA,1.1927506073272716,1.6389999072998762,0.025000000000000022,0.025000000000000022,0.5,0.0,0.5796563197999883,0.06627877474436131,9.222937168008992,8.03018656068172,strict_delta_max,1,cross_layer_handoff_executed
grid-treasure_greedy-improvement_seed0,0,greedy-improvement,grid-treasure,4,7,GA,2.826310145554583,1.6255000373348594,1.05,1.05,1.0,0.0,0.5019761164103912,0.031011680082303705,8.03018656068172,5.203876415127137,strict_delta_max,1,cross_layer_handoff_executed
grid-treasure_greedy-improvement_seed0,0,greedy-improvement,grid-treasure,4,8,GA,2.263645356731006,1.2744000414386392,0.030000000000000027,0.030000000000000027,0.5,0.0,0.5019761164103912,0.044588069847663045,5.203876415127137,2.9402310583961313,strict_delta_max,1,cross_layer_handoff_executed
grid-treasure_greedy-improvement_seed0,0,greedy-improvement,grid-treasure,5,0,GA,3.7079078885449066,1.3970000436529517,1.05,1.05,1.0,0.0,0.4870031626783414,0.028271706774373295,22.0,18.292092111455094,strict_delta_max,1,cross_layer_handoff_executed
grid-treasure_greedy-improvement_seed0,0,greedy-improvement,grid-treasure,5,1,GA,3.212666274229473,2.231399994343519,-1.065,-1.065,0.0,0.0,0.4870031626783414,0.03669658850860258,18.292092111455094,15.079425837225621,strict_delta_max,1,cross_layer_handoff_executed
grid-treasure_greedy-improvement_seed0,0,greedy-improvement,grid-treasure,5,2,GA,3.2426888999681123,1.3682999415323138,1.05,1.05,1.0,0.0,0.4937719583395937,0.033003417355535684,15.079425837225621,11.836736937257509,strict_delta_max,1,cross_layer_handoff_executed
grid-treasure_greedy-improvement_seed0,0,greedy-improvement,grid-treasure,5,3,GA,3.0828396205540014,2.4104000767692924,-1.205,-1.205,0.0,0.0,0.4937719583395937,0.034425466753312144,11.836736937257509,8.753897316703508,strict_delta_max,1,cross_layer_handoff_executed
grid-treasure_greedy-improvement_seed0,0,greedy-improvement,grid-treasure,5,4,GA,1.3334075573104787,2.12309998460114,-1.1,-1.1,0.0,0.0,0.4937719583395937,0.06326592913497442,8.753897316703508,7.420489759393029,strict_delta_max,1,cross_layer_handoff_executed
grid-treasure_greedy-improvement_seed0,0,greedy-improvement,grid-treasure,5,5,GA,2.470255884021893,1.7361999489367008,0.025000000000000022,0.025000000000000022,0.5,0.0,0.4937719583395937,0.03271864185574736,7.420489759393029,4.950233875371136,strict_delta_max,1,cross_layer_handoff_executed
grid-treasure_greedy-improvement_seed0,0,greedy-improvement,grid-treasure,5,6,GA,3.9662008964416904,1.6050999984145164,0.025000000000000022,0.025000000000000022,0.5,0.0,0.4937719583395937,0.016852266717410982,4.950233875371136,0.984032978929446,strict_delta_max,1,cross_layer_handoff_executed
grid-treasure_greedy-improvement_seed1,1,greedy-improvement,grid-treasure,0,0,GA,1.824988789829238,2.2410000674426556,-1.05,-1.05,0.0,0.0,0.8643655984494946,0.08235453439285725,22.0,20.175011210170762,strict_delta_max,1,cross_layer_handoff_executed
grid-treasure_greedy-improvement_seed1,1,greedy-improvement,grid-treasure,0,1,GA,2.157453571044023,1.983499969355762,0.010000000000000009,0.010000000000000009,0.5,0.0,0.8386960735132042,0.061908755814642565,20.175011210170762,18.01755763912674,strict_delta_max,1,cross_layer_handoff_executed
grid-treasure_greedy-improvement_seed1,1,greedy-improvement,grid-treasure,0,2,GA,1.5853477314847222,1.594899920746684,0.0,0.0,0.5,0.0,0.7996318624163499,0.0977247096616392,18.01755763912674,16.43220990764202,strict_delta_max,1,cross_layer_handoff_executed
grid-treasure_greedy-improvement_seed1,1,greedy-improvement,grid-treasure,0,3,GA,2.27420097886176,1.628599944524467,0.0,0.0,0.5,0.0,0.7677885932144511,0.0616445043036751,16.43220990764202,14.158008928780259,strict_delta_max,1,cross_layer_handoff_executed
grid-treasure_greedy-improvement_seed1,1,greedy-improvement,grid-treasure,0,4,GA,1.2992741399651955,1.8741999519988894,0.010000000000000009,0.010000000000000009,0.5,0.0,0.771574976407978,0.13795365850866434,14.158008928780259,12.858734788815063,strict_delta_max,1,cross_layer_handoff_executed
grid-treasure_greedy-improvement_seed1,1,greedy-improvement,grid-treasure,0,5,GA,2.5011147310219464,1.6885999357327819,0.0,0.0,0.5,0.0,0.7448022248096569,0.06872653817606263,12.858734788815063,10.357620057793117,strict_delta_max,1,cross_layer_handoff_executed
grid-treasure_greedy-improvement_seed1,1,greedy-improvement,grid-treasure,0,6,GA,1.0622897383164795,1.9537999760359526,0.010000000000000009,0.010000000000000009,0.5,0.0,0.6966165814672267,0.1215856758608736,10.357620057793117,9.295330319476637,strict_delta_max,1,cross_layer_handoff_executed
grid-treasure_greedy-improvement_seed1,1,greedy-improvement,grid-treasure,0,7,GA,3.5000334455194375,2.009900053963065,0.010000000000000009,0.010000000000000009,0.5,0.0,0.6769834678629403,0.04284588773717419,9.295330319476637,5.7952968739571995,strict_delta_max,1,cross_layer_handoff_executed
grid-treasure_greedy-improvement_seed1,1,greedy-improvement,grid-treasure,0,8,GA,1.8746535038726546,1.5241000801324844,0.0,0.0,0.5,0.0,0.6769834678629403,0.0774446404747527,5.7952968739571995,3.920643370084545,strict_delta_max,1,cross_layer_handoff_executed
grid-treasure_greedy-improvement_seed1,1,greedy-improvement,grid-treasure,1,0,GA,2.4106716758292404,1.8931999802589417,0.010000000000000009,0.010000000000000009,0.5,0.0,0.6515480846478969,0.059966086230489136,22.0,19.589328324170758,strict_delta_max,1,cross_layer_handoff_executed
grid-treasure_greedy-improvement_seed1,1,greedy-improvement,grid-treasure,1,1,GA,3.91367453433013,2.02519993763417,0.010000000000000009,0.010000000000000009,0.5,0.0,0.6296077587395043,0.028934987054915533,19.589328324170758,15.675653789840627,strict_delta_max,1,cross_layer_handoff_executed
grid-treasure_greedy-improvement_seed1,1,greedy-improvement,grid-treasure,1,2,GA,2.8547718829211686,2.182199968956411,-1.02,-1.02,0.0,0.0,0.6296077587395043,0.038291533538040094,15.675653789840627,12.820881906919459,strict_delta_max,1,cross_layer_handoff_executed
grid-treasure_greedy-improvement_seed1,1,greedy-improvement,grid-treasure,1,3,GA,3.3624148768577857,2.185499994084239,0.0,0.0,0.5,0.0,0.6296077587395043,0.029071680901047173,12.820881906919459,9.458467030061673,strict_delta_max,1,cross_layer_handoff_executed
grid-treasure_greedy-improvement_seed1,1,greedy-improvement,grid-treasure,1,4,GA,3.922188758492613,2.5064999936148524,0.010000000000000009,0.010000000000000009,0.5,0.0,0.6204291842344423,0.035016781361354,9.458467030061673,5.53627827156906,strict_delta_max,1,cross_layer_handoff_executed
grid-treasure_greedy-improvement_seed1,1,greedy-improvement,grid-treasure,1,5,GA,2.6897626217203654,2.346099936403334,0.010000000000000009,0.010000000000000009,0.5,0.0,0.6204291842344423,0.03542986205404338,5.53627827156906,2.8465156498486945,strict_delta_max,1,cross_layer_handoff_executed
grid-treasure_greedy-improvement_seed1,1,greedy-improvement,grid-treasure,2,0,GA,1.3603771893577763,1.9942999351769686,0.010000000000000009,0.010000000000000009,0.5,0.0,0.6204291842344423,0.09892984874071149,22.0,20.639622810642223,strict_delta_max,1,cross_layer_handoff_executed
grid-treasure_greedy-improvement_seed1,1,greedy-improvement,grid-treasure,2,1,GA,2.8238474377882063,1.7871999880298972,0.0,0.0,0.5,0.0,0.6204291842344423,0.06447752648678634,20.639622810642223,17.815775372854016,strict_delta_max,1,cross_layer_handoff_executed
grid-treasure_greedy-improvement_seed1,1,greedy-improvement,grid-treasure,2,2,GA,2.410179956330361,2.112400019541383,0.010000000000000009,0.010000000000000009,0.5,0.0,0.6204291842344423,0.05913914336512478,17.815775372854016,15.405595416523656,strict_delta_max,1,cross_layer_handoff_executed
grid-treasure_greedy-improvement_seed1,1,greedy-improvement,grid-treasure,2,3,GA,2.212682807783297,2.192300045862794,0.010000000000000009,0.010000000000000009,0.5,0.0,0.6204291842344423,0.049149388265564024,15.405595416523656,13.19291260874036,strict_delta_max,1,cross_layer_handoff_executed
grid-treasure_greedy-improvement_seed1,1,greedy-improvement,grid-treasure,2,4,GA,3.4772050016394647,1.842399942688644,0.0,0.0,0.5,0.0,0.6204291842344423,0.03446953778363974,13.19291260874036,9.715707607100894,strict_delta_max,1,cross_layer_handoff_executed
grid-treasure_greedy-improvement_seed1,1,greedy-improvement,grid-treasure,2,5,GA,1.4550638152758775,1.940100104548037,0.010000000000000009,0.010000000000000009,0.5,0.0,0.6204291842344423,0.08332812224665034,9.715707607100894,8.260643791825016,strict_delta_max,1,cross_layer_handoff_executed
grid-treasure_greedy-improvement_seed1,1,greedy-improvement,grid-treasure,2,6,GA,1.6927069794322795,1.8158999737352133,0.0,0.0,0.5,0.0,0.6204291842344423,0.07685250515187535,8.260643791825016,6.567936812392737,strict_delta_max,1,cross_layer_handoff_executed
grid-treasure_greedy-improvement_seed1,1,greedy-improvement,grid-treasure,2,7,GA,2.7921987965269914,2.0831000292673707,0.010000000000000009,0.010000000000000009,0.5,0.0,0.6204291842344423,0.03440365428503654,6.567936812392737,3.775738015865745,strict_delta_max,1,cross_layer_handoff_executed
grid-treasure_greedy-improvement_seed1,1,greedy-improvement,grid-treasure,3,0,GA,3.12394551347376,2.167999977245927,0.010000000000000009,0.010000000000000009,0.5,0.0,0.6204291842344423,0.039961353861807554,22.0,18.87605448652624,strict_delta_max,1,cross_layer_handoff_executed
grid-treasure_greedy-improvement_seed1,1,greedy-improvement,grid-treasure,3,1,GA,2.895094997341174,2.26690003182739,0.010000000000000009,0.010000000000000009,0.5,0.0,0.6204291842344423,0.03530112285950518,18.87605448652624,15.980959489185066,strict_delta_max,1,cross_layer_handoff_executed
grid-treasure_greedy-improvement_seed1,1,greedy-improvement,grid-treasure,3,2,GA,3.641842756726703,2.2098999470472336,0.010000000000000009,0.010000000000000009,0.5,0.0,0.6204291842344423,0.027135717681587044,15.980959489185066,12.339116732458363,strict_delta_max,1,cross_layer_handoff_executed
grid-treasure_greedy-improvement_seed1,1,greedy-improvement,grid-treasure,3,3,GA,1.665525568709917,2.240200061351061,0.010000000000000009,0.010000000000000009,0.5,0.0,0.6204291842344423,0.06402643140856198,12.339116732458363,10.673591163748446,strict_delta_max,1,cross_layer_handoff_executed
grid-treasure_greedy-improvement_seed1,1,greedy-improvement,grid-treasure,3,4,GA,2.529567284521296,1.9281000131741166,-1.03,-1.03,0.0,0.0,0.6204291842344423,0.04154984094672821,10.673591163748446,8.14402387922715,strict_delta_max,1,cross_layer_handoff_executed
grid-treasure_greedy-improvement_seed1,1,greedy-improvement,grid-treasure,3,5,GA,2.970130057222815,2.3210999788716435,0.010000000000000009,0.010000000000000009,0.5,0.0,0.6204291842344423,0.03142141228436051,8.14402387922715,5.173893822004335,strict_delta_max,1,cross_layer_handoff_executed
grid-treasure_greedy-improvement_seed1,1,greedy-improvement,grid-treasure,3,6,GA,1.533604682689079,2.3750000400468707,0.010000000000000009,0.010000000000000009,0.5,0.0,0.6204291842344423,0.061966699632498054,5.173893822004335,3.6402891393152563,strict_delta_max,1,cross_layer_handoff_executed
grid-treasure_greedy-improvement_seed1,1,greedy-improvement,grid-treasure,4,0,GA,2.661094459647861,1.89220008905977,0.010000000000000009,0.010000000000000009,0.5,0.0,0.6204291842344423,0.03504814312876186,22.0,19.33890554035214,strict_delta_max,1,cross_layer_handoff_executed
grid-treasure_greedy-improvement_seed1,1,greedy-improvement,grid-treasure,4,1,GA,2.4352134438174864,2.1214999724179506,0.010000000000000009,0.010000000000000009,0.5,0.0,0.6204291842344423,0.03649197691477858,19.33890554035214,16.903692096534655,strict_delta_max,1,cross_layer_handoff_executed
grid-treasure_greedy-improvement_seed1,1,greedy-improvement,grid-treasure,4,2,GA,1.926658935882183,1.6259000403806567,0.0,0.0,0.5,0.0,0.6204291842344423,0.04767752497000055,16.903692096534655,14.977033160652471,strict_delta_max,1,cross_layer_handoff_executed
grid-treasure_greedy-improvement_seed1,1,greedy-improvement,grid-treasure,4,3,GA,1.9412481572220335,1.9824000773951411,-1.06,-1.06,0.0,0.0,0.6204291842344423,0.05976543276065173,14.977033160652471,13.035785003430437,strict_delta_max,1,cross_layer_handoff_executed
grid-treasure_greedy-improvement_seed1,1,greedy-improvement,grid-treasure,4,4,GA,3.7041303898235007,2.9101999243721366,0.010000000000000009,0.010000000000000009,0.5,0.0,0.6204291842344423,0.03434607402036571,13.035785003430437,9.331654613606936,strict_delta_max,1,cross_layer_handoff_executed
grid-treasure_greedy-improvement_seed1,1,greedy-improvement,grid-treasure,4,5,GA,2.305056471997492,2.0839000353589654,0.010000000000000009,0.010000000000000009,0.5,0.0,0.6204291842344423,0.047617061900233244,9.331654613606936,7.026598141609444,strict_delta_max,1,cross_layer_handoff_executed
grid-treasure_greedy-improvement_seed1,1,greedy-improvement,grid-treasure,4,6,GA,3.2773475356411352,2.1181999472901225,0.010000000000000009,0.010000000000000009,0.5,0.0,0.6204291842344423,0.03687069052074305,7.026598141609444,3.749250605968309,strict_delta_max,1,cross_layer_handoff_executed
grid-treasure_greedy-improvement_seed1,1,greedy-improvement,grid-treasure,5,0,GA,1.567283592575561,1.9126000115647912,0.010000000000000009,0.010000000000000009,0.5,0.0,0.6204291842344423,0.049393264442852546,22.0,20.43271640742444,strict_delta_max,1,cross_layer_handoff_executed
grid-treasure_greedy-improvement_seed1,1,greedy-improvement,grid-treasure,5,1,GA,2.621266196801659,1.9801000598818064,-1.04,-1.04,0.0,0.0,0.6204291842344423,0.03486488711903099,20.43271640742444,17.81145021062278,strict_delta_max,1,cross_layer_handoff_executed
grid-treasure_greedy-improvement_seed1,1,greedy-improvement,grid-treasure,5,2,GA,2.533757978219624,2.0185000030323863,0.010000000000000009,0.010000000000000009,0.5,0.0,0.6204291842344423,0.03221211439962023,17.81145021062278,15.277692232403156,strict_delta_max,1,cross_layer_handoff_executed
grid-treasure_greedy-improvement_seed1,1,greedy-improvement,grid-treasure,5,3,GA,2.871750137069073,1.6348999924957752,0.0,0.0,0.5,0.0,0.6204291842344423,0.0461697363258615,15.277692232403156,12.405942095334083,strict_delta_max,1,cross_layer_handoff_executed
grid-treasure_greedy-improvement_seed1,1,greedy-improvement,grid-treasure,5,4,GA,1.5180514911045124,2.014499972574413,0.010000000000000009,0.010000000000000009,0.5,0.0,0.6204291842344423,0.045748641197729534,12.405942095334083,10.887890604229572,strict_delta_max,1,cross_layer_handoff_executed
grid-treasure_greedy-improvement_seed1,1,greedy-improvement,grid-treasure,5,5,GA,1.5716342596142954,1.5957000432536006,0.0,0.0,0.5,0.0,0.6204291842344423,0.06330151726177041,10.887890604229572,9.316256344615276,strict_delta_max,1,cross_layer_handoff_executed
grid-treasure_greedy-improvement_seed1,1,greedy-improvement,grid-treasure,5,6,GA,3.2549049890792467,1.6441999468952417,0.0,0.0,0.5,0.0,0.6204291842344423,0.02830997077885928,9.316256344615276,6.061351355536029,strict_delta_max,1,cross_layer_handoff_executed
grid-treasure_greedy-improvement_seed1,1,greedy-improvement,grid-treasure,5,7,GA,1.3535922122170594,1.9652999471873045,0.010000000000000009,0.010000000000000009,0.5,0.0,0.6204291842344423,0.06945598770398448,6.061351355536029,4.70775914331897,strict_delta_max,1,cross_layer_handoff_executed
grid-treasure_greedy-improvement_seed1,1,greedy-improvement,grid-treasure,5,8,GA,2.0362510216939596,1.6119999345391989,0.0,0.0,0.5,0.0,0.6204291842344423,0.05284861155309992,4.70775914331897,2.6715081216250107,strict_delta_max,1,cross_layer_handoff_executed
grid-treasure_greedy-improvement_seed2,2,greedy-improvement,grid-treasure,0,0,GA,3.9053653955254966,3.851999994367361,-0.6500000000000001,-0.6500000000000001,0.0,0.0,0.8718432739321208,0.04391968426834987,22.0,18.094634604474503,strict_delta_max,1,cross_layer_handoff_executed
grid-treasure_greedy-improvement_seed2,2,greedy-improvement,grid-treasure,0,1,GA,1.4956316206822053,2.2541999351233244,-0.09499999999999997,-0.09499999999999997,0.5,0.0,0.8476131485123842,0.08404952550697707,18.094634604474503,16.5990029837923,strict_delta_max,1,cross_layer_handoff_executed
grid-treasure_greedy-improvement_seed2,2,greedy-improvement,grid-treasure,0,2,GA,3.2343446338780675,3.1159999780356884,-0.13,-0.13,0.5,0.0,0.8050254321672382,0.03514867677963218,16.5990029837923,13.364658349914233,strict_delta_max,1,cross_layer_handoff_executed
grid-treasure_greedy-improvement_seed2,2,greedy-improvement,grid-treasure,0,3,GA,1.433185864447942,2.439000061713159,-1.105,-1.105,0.0,0.0,0.8050254321672382,0.09598534478124351,13.364658349914233,11.93147248546629,strict_delta_max,1,cross_layer_handoff_executed
grid-treasure_greedy-improvement_seed2,2,greedy-improvement,grid-treasure,0,4,GA,3.058286705164339,2.1407000022009015,-0.09499999999999997,-0.09499999999999997,0.5,0.0,0.7564481121746757,0.04200950245614174,11.93147248546629,8.873185780301952,strict_delta_max,1,cross_layer_handoff_executed
grid-treasure_greedy-improvement_seed2,2,greedy-improvement,grid-treasure,0,5,GA,3.694327291023837,2.3119000252336264,-0.06999999999999995,-0.06999999999999995,0.5,0.006767131883724244,0.7374918716881371,0.03776104833488673,8.873185780301952,5.178858489278115,strict_delta_max,1,cross_layer_handoff_executed
grid-treasure_greedy-improvement_seed2,2,greedy-improvement,grid-treasure,0,6,GA,2.639303433725926,2.390800043940544,-0.09499999999999997,-0.09499999999999997,0.5,0.0,0.6968178089568409,0.04719582484185867,5.178858489278115,2.539555055552189,strict_delta_max,1,cross_layer_handoff_executed
grid-treasure_greedy-improvement_seed2,2,greedy-improvement,grid-treasure,1,0,GA,3.886921007373951,2.5174999609589577,-0.08499999999999996,-0.08499999999999996,0.5,0.0,0.6581393137793173,0.03314847951266317,22.0,18.11307899262605,strict_delta_max,1,cross_layer_handoff_executed
grid-treasure_greedy-improvement_seed2,2,greedy-improvement,grid-treasure,1,1,GA,1.4467484594268698,1.9395999843254685,-0.06999999999999995,-0.06999999999999995,0.5,0.0,0.6297610817126345,0.0871967013773655,18.11307899262605,16.66633053319918,strict_delta_max,1,cross_layer_handoff_executed
grid-treasure_greedy-improvement_seed2,2,greedy-improvement,grid-treasure,1,2,GA,3.554418391917593,2.441600081510842,-0.10999999999999999,-0.10999999999999999,0.5,0.0,0.5833263704528967,0.033636794896372856,16.66633053319918,13.111912141281586,strict_delta_max,1,cross_layer_handoff_executed
grid-treasure_greedy-improvement_seed2,2,greedy-improvement,grid-treasure,1,3,GA,1.4878687279934035,2.4037000257521868,-0.09499999999999997,-0.09499999999999997,0.5,0.0,0.5853730908370977,0.0780909097586351,13.111912141281586,11.624043413288183,strict_delta_max,1,cross_layer_handoff_executed
grid-treasure_greedy-improvement_seed2,2,greedy-improvement,grid-treasure,1,4,GA,3.5604558170223997,2.638000063598156,-0.10999999999999999,-0.10999999999999999,0.5,0.0,0.5853730908370977,0.02996502102158816,11.624043413288183,8.063587596265783,strict_delta_max,1,cross_layer_handoff_executed
grid-treasure_greedy-improvement_seed2,2,greedy-improvement,grid-treasure,1,5,GA,1.0003974757857894,2.4714000755921006,-0.09499999999999997,-0.09499999999999997,0.5,0.0,0.5803527357158597,0.11533711990073174,8.063587596265783,7.0631901204799945,strict_delta_max,1,cross_layer_handoff_executed
grid-treasure_greedy-improvement_seed2,2,greedy-improvement,grid-treasure,1,6,GA,2.626071423372124,2.2031000116840005,-0.06999999999999995,-0.06999999999999995,0.5,0.0,0.56419455217573,0.052200138804218706,7.0631901204799945,4.43711869710787,strict_delta_max,1,cross_layer_handoff_executed
grid-treasure_greedy-improvement_seed2,2,greedy-improvement,grid-treasure,1,7,GA,2.3375325352233784,3.1814000103622675,-0.13,-0.13,0.5,0.0,0.56419455217573,0.050457712042451634,4.43711869710787,2.0995861618844915,strict_delta_max,1,cross_layer_handoff_executed
grid-treasure_greedy-improvement_seed2,2,greedy-improvement,grid-treasure,2,0,GA,2.6545449193943087,2.143799909390509,-0.06999999999999995,-0.06999999999999995,0.5,0.0,0.5859298814884426,0.049961563664153365,22.0,19.345455080605692,strict_delta_max,1,cross_layer_handoff_executed
grid-treasure_greedy-improvement_seed2,2,greedy-improvement,grid-treasure,2,1,GA,3.9540036376497714,2.8559999773278832,-1.12,-1.12,0.0,0.0,0.5859298814884426,0.027144559789037095,19.345455080605692,15.39145144295592,strict_delta_max,1,cross_layer_handoff_executed
grid-treasure_greedy-improvement_seed2,2,greedy-improvement,grid-treasure,2,2,GA,1.1472145570708139,2.1490000654011965,-0.06999999999999995,-0.06999999999999995,0.5,0.0,0.6102112795186397,0.11605187106191092,15.39145144295592,14.244236885885107,strict_delta_max,1,cross_layer_handoff_executed
grid-treasure_greedy-improvement_seed2,2,greedy-improvement,grid-treasure,2,3,GA,3.9356003594585838,3.5538000520318747,-1.21,-1.21,0.0,0.0,0.6102112795186397,0.03453714590805337,14.244236885885107,10.308636526426522,strict_delta_max,1,cross_layer_handoff_executed
grid-treasure_greedy-improvement_seed2,2,greedy-improvement,grid-treasure,2,4,GA,1.5928629010609505,2.5780999567359686,-0.10999999999999999,-0.10999999999999999,0.5,0.0,0.6102112795186397,0.07605449597069622,10.308636526426522,8.715773625365571,strict_delta_max,1,cross_layer_handoff_executed
grid-treasure_greedy-improvement_seed2,2,greedy-improvement,grid-treasure,2,5,GA,3.541341656708042,2.25360004696995,-0.09499999999999997,-0.09499999999999997,0.5,0.0,0.6102112795186397,0.029418107987846758,8.715773625365571,5.1744319686575295,strict_delta_max,1,cross_layer_handoff_executed
grid-treasure_greedy-improvement_seed2,2,greedy-improvement,grid-treasure,2,6,GA,1.0516114501735605,2.588000032119453,-0.10999999999999999,-0.10999999999999999,0.5,0.0,0.6102112795186397,0.0931021314125912,5.1744319686575295,4.1228205184839695,strict_delta_max,1,cross_layer_handoff_executed
grid-treasure_greedy-improvement_seed2,2,greedy-improvement,grid-treasure,2,7,GA,1.9321236620724744,2.159399911761284,-0.09499999999999997,-0.09499999999999997,0.5,0.0,0.6102112795186397,0.06958798889026244,4.1228205184839695,2.190696856411495,strict_delta_max,1,cross_layer_handoff_executed
grid-treasure_greedy-improvement_seed2,2,greedy-improvement,grid-treasure,3,0,GA,3.739850374267561,1.8984000198543072,-0.06999999999999995,-0.06999999999999995,0.5,0.0,0.5704602606069714,0.03491914964585788,22.0,18.26014962573244,strict_delta_max,1,cross_layer_handoff_executed
grid-treasure_greedy-improvement_seed2,2,greedy-improvement,grid-treasure,3,1,GA,2.8770210087316967,2.2582000819966197,-0.09499999999999997,-0.09499999999999997,0.5,0.0,0.5704602606069714,0.03108603083723169,18.26014962573244,15.383128617000741,strict_delta_max,1,cross_layer_handoff_executed
grid-treasure_greedy-improvement_seed2,2,greedy-improvement,grid-treasure,3,2,GA,1.915911428095249,2.1469000494107604,-0.09499999999999997,-0.09499999999999997,0.5,0.0,0.5704602606069714,0.05187373359575193,15.383128617000741,13.467217188905492,strict_delta_max,1,cross_layer_handoff_executed
grid-treasure_greedy-improvement_seed2,2,greedy-improvement,grid-treasure,3,3,GA,1.4787064094038416,1.9518999615684152,-0.06999999999999995,-0.06999999999999995,0.5,0.0,0.5374138894595469,0.09690610256553019,13.467217188905492,11.98851077950165,strict_delta_max,1,cross_layer_handoff_executed
grid-treasure_greedy-improvement_seed2,2,greedy-improvement,grid-treasure,3,4,GA,2.579157018985171,3.113499958999455,-1.135,-1.135,0.0,0.0,0.5374138894595469,0.048529095817541126,11.98851077950165,9.40935376051648,strict_delta_max,1,cross_layer_handoff_executed
grid-treasure_greedy-improvement_seed2,2,greedy-improvement,grid-treasure,3,5,GA,3.735157245210992,3.2784000504761934,-0.13,-0.13,0.5,0.0,0.5374138894595469,0.03335542085147393,9.40935376051648,5.674196515305487,strict_delta_max,1,cross_layer_handoff_executed
grid-treasure_greedy-improvement_seed2,2,greedy-improvement,grid-treasure,3,6,GA,3.328180970132345,2.6153000071644783,-0.08499999999999996,-0.08499999999999996,0.5,0.0,0.5374138894595469,0.03109597018002063,5.674196515305487,2.3460155451731426,strict_delta_max,1,cross_layer_handoff_executed
grid-treasure_greedy-improvement_seed2,2,greedy-improvement,grid-treasure,4,0,GA,3.0099464377671694,1.7945000436156988,-0.06999999999999995,-0.06999999999999995,0.5,0.0,0.5764225640641605,0.056915212136915506,22.0,18.99005356223283,strict_delta_max,1,cross_layer_handoff_executed
grid-treasure_greedy-improvement_seed2,2,greedy-improvement,grid-treasure,4,1,GA,3.6067835891786926,1.8839000258594751,-0.06999999999999995,-0.06999999999999995,0.5,0.0,0.5764225640641605,0.026110015467795067,18.99005356223283,15.383269973054137,strict_delta_max,1,cross_layer_handoff_executed
grid-treasure_greedy-improvement_seed2,2,greedy-improvement,grid-treasure,4,2,GA,2.1514505015101686,2.5870000245049596,-0.08499999999999996,-0.08499999999999996,0.5,0.0,0.5764225640641605,0.04584544153715235,15.383269973054137,13.231819471543968,strict_delta_max,1,cross_layer_handoff_executed
grid-treasure_greedy-improvement_seed2,2,greedy-improvement,grid-treasure,4,3,GA,1.9709517934513396,1.907799975015223,-0.06999999999999995,-0.06999999999999995,0.5,0.0,0.5764225640641605,0.05593723281509721,13.231819471543968,11.260867678092628,strict_delta_max,1,cross_layer_handoff_executed
grid-treasure_greedy-improvement_seed2,2,greedy-improvement,grid-treasure,4,4,GA,1.3688793293671315,2.170399995520711,-0.06999999999999995,-0.06999999999999995,0.5,0.0,0.5764225640641605,0.08134743297802147,11.260867678092628,9.891988348725498,strict_delta_max,1,cross_layer_handoff_executed
grid-treasure_greedy-improvement_seed2,2,greedy-improvement,grid-treasure,4,5,GA,2.049914296211412,2.444799989461899,-0.040000000000000036,-0.040000000000000036,0.5,0.014634758172790434,0.5943153528049001,0.054236687125339016,9.891988348725498,7.842074052514086,strict_delta_max,1,cross_layer_handoff_executed
grid-treasure_greedy-improvement_seed2,2,greedy-improvement,grid-treasure,4,6,GA,3.8162376588640283,2.1186000667512417,-0.09499999999999997,-0.09499999999999997,0.5,0.0,0.5943153528049001,0.027383281961221112,7.842074052514086,4.025836393650057,strict_delta_max,1,cross_layer_handoff_executed
grid-treasure_greedy-improvement_seed2,2,greedy-improvement,grid-treasure,4,7,GA,2.319963890849973,2.6952000334858894,-0.10999999999999999,-0.10999999999999999,0.5,0.0,0.5943153528049001,0.04095619614323322,4.025836393650057,1.7058725028000845,strict_delta_max,1,cross_layer_handoff_executed
grid-treasure_greedy-improvement_seed2,2,greedy-improvement,grid-treasure,5,0,GA,1.5545341754417712,2.096800017170608,-0.09499999999999997,-0.09499999999999997,0.5,0.0,0.5943153528049001,0.07031083734462101,22.0,20.44546582455823,strict_delta_max,1,cross_layer_handoff_executed
grid-treasure_greedy-improvement_seed2,2,greedy-improvement,grid-treasure,5,1,GA,3.5023132130444985,2.1120000164955854,-0.06999999999999995,-0.06999999999999995,0.5,0.0,0.5943153528049001,0.03683581419140498,20.44546582455823,16.94315261151373,strict_delta_max,1,cross_layer_handoff_executed
grid-treasure_greedy-improvement_seed2,2,greedy-improvement,grid-treasure,5,2,GA,3.0380786406391573,2.2971000289544463,-0.07999999999999996,-0.07999999999999996,0.5,0.0,0.5943153528049001,0.03830394393950459,16.94315261151373,13.905073970874575,strict_delta_max,1,cross_layer_handoff_executed
grid-treasure_greedy-improvement_seed2,2,greedy-improvement,grid-treasure,5,3,GA,1.5677126835871673,2.1560000022873282,-0.09499999999999997,-0.09499999999999997,0.5,0.0,0.5943153528049001,0.06692890388753533,13.905073970874575,12.337361287287408,strict_delta_max,1,cross_layer_handoff_executed
grid-treasure_greedy-improvement_seed2,2,greedy-improvement,grid-treasure,5,4,GA,1.5098981243310234,2.3471000604331493,-0.09499999999999997,-0.09499999999999997,0.5,0.0,0.5943153528049001,0.06887330847105386,12.337361287287408,10.827463162956384,strict_delta_max,1,cross_layer_handoff_executed
grid-treasure_greedy-improvement_seed2,2,greedy-improvement,grid-treasure,5,5,GA,1.315757745315015,2.332699950784445,-0.09499999999999997,-0.09499999999999997,0.5,0.0,0.5943153528049001,0.08497495426972781,10.827463162956384,9.51170541764137,strict_delta_max,1,cross_layer_handoff_executed
grid-treasure_greedy-improvement_seed2,2,greedy-improvement,grid-treasure,5,6,GA,3.0511744270929615,2.3361999774351716,-0.09499999999999997,-0.09499999999999997,0.5,0.0,0.5943153528049001,0.04204034854055675,9.51170541764137,6.460530990548408,strict_delta_max,1,cross_layer_handoff_executed
grid-treasure_greedy-improvement_seed2,2,greedy-improvement,grid-treasure,5,7,GA,3.790545857000227,2.131299930624664,-0.06999999999999995,-0.06999999999999995,0.5,0.0,0.5943153528049001,0.02457109575372209,6.460530990548408,2.669985133548181,strict_delta_max,1,cross_layer_handoff_executed
resource-defense_DLGPR-full_seed0,0,DLGPR-full,resource-defense,0,0,GA,2.900117049606808,2.938500023446977,0.675128,0.675128,0.0,0.0,0.9088272647789373,0.05260290404668859,22.0,19.09988295039319,strict_delta_max,1,cross_layer_handoff_executed
resource-defense_DLGPR-full_seed0,0,DLGPR-full,resource-defense,0,1,PSO,1.5305249378732895,2.2827000357210636,0.10590799999999989,0.10590799999999989,0.0,0.0,0.0,0.10043349719174326,19.09988295039319,17.569358012519903,strict_delta_max,1,cross_layer_handoff_executed
resource-defense_DLGPR-full_seed0,0,DLGPR-full,resource-defense,0,2,RL,2.1785896675980054,4.25230001565069,0.7029200000000002,0.7029200000000002,0.0,0.0006022244663662349,0.0,0.17213062449408242,17.569358012519903,15.390768344921897,strict_delta_max,2,cross_layer_handoff_executed
resource-defense_DLGPR-full_seed0,0,DLGPR-full,resource-defense,0,3,GA,2.857045352822311,2.2981000365689397,0.6965199999999998,0.6965199999999998,0.0,0.0,0.8406604725099949,0.04059936913562151,15.390768344921897,12.533722992099586,strict_delta_max,1,cross_layer_handoff_executed
resource-defense_DLGPR-full_seed0,0,DLGPR-full,resource-defense,0,4,GA,3.400313148130356,2.533599967136979,0.701608,0.701608,0.0,0.0,0.8190293695423023,0.04974043985351009,12.533722992099586,9.133409843969229,strict_delta_max,1,cross_layer_handoff_executed
resource-defense_DLGPR-full_seed0,0,DLGPR-full,resource-defense,0,5,GA,1.470595010827022,2.458099974319339,0.8315079999999999,0.8315079999999999,0.0,0.08743943713482705,0.7849621959632657,0.1005601436279026,9.133409843969229,7.662814833142207,strict_delta_max,1,cross_layer_handoff_executed
resource-defense_DLGPR-full_seed0,0,DLGPR-full,resource-defense,0,6,GA,1.6699428688975164,2.63590004760772,0.696717,0.696717,0.0,0.0,0.7228575153903288,0.08302919676356103,7.662814833142207,5.99287196424469,strict_delta_max,1,cross_layer_handoff_executed
resource-defense_DLGPR-full_seed0,0,DLGPR-full,resource-defense,0,7,GA,2.1717963860559193,2.7869000332430005,0.701608,0.701608,0.0,0.0,0.6614133014114374,0.06939196202361914,5.99287196424469,3.821075578188771,strict_delta_max,1,cross_layer_handoff_executed
resource-defense_DLGPR-full_seed0,0,DLGPR-full,resource-defense,1,0,GA,2.299430251829624,2.392000053077936,0.701608,0.701608,0.0,0.0,0.6176996281832416,0.07615814822098746,22.0,19.700569748170377,strict_delta_max,1,cross_layer_handoff_executed
resource-defense_DLGPR-full_seed0,0,DLGPR-full,resource-defense,1,1,PSO,1.237289968110288,2.387200016528368,0.701608,0.701608,0.0,0.0,0.0,0.13642722836265986,19.700569748170377,18.463279780060088,strict_delta_max,1,cross_layer_handoff_executed
resource-defense_DLGPR-full_seed0,0,DLGPR-full,resource-defense,1,2,RL,1.7320202678317602,4.047100082971156,0.6898519999999999,0.6898519999999999,0.0,0.0,0.0,0.21661871224502535,18.463279780060088,16.731259512228327,strict_delta_max,2,cross_layer_handoff_executed
resource-defense_DLGPR-full_seed0,0,DLGPR-full,resource-defense,1,3,GA,3.9283130895239617,2.127000014297664,-0.05659399999999992,-0.05659399999999992,0.0,0.0,0.5298175158762792,0.018276009672019315,16.731259512228327,12.802946422704366,strict_delta_max,1,cross_layer_handoff_executed
resource-defense_DLGPR-full_seed0,0,DLGPR-full,resource-defense,1,4,GA,1.6919913713001402,2.6286999927833676,0.701608,0.701608,0.0,0.0,0.5316635508964535,0.09461542566681949,12.802946422704366,11.110955051404225,strict_delta_max,1,cross_layer_handoff_executed
resource-defense_DLGPR-full_seed0,0,DLGPR-full,resource-defense,1,5,GA,2.2301128225412055,2.516699954867363,0.7013240000000001,0.7013240000000001,0.0,0.0,0.5537046045720471,0.06785220683738545,11.110955051404225,8.88084222886302,strict_delta_max,1,cross_layer_handoff_executed
resource-defense_DLGPR-full_seed0,0,DLGPR-full,resource-defense,1,6,GA,1.91032693400253,2.226299955509603,0.018907999999999925,0.018907999999999925,0.0,0.0,0.5537046045720471,0.07491699063207352,8.88084222886302,6.9705152948604905,strict_delta_max,1,cross_layer_handoff_executed
resource-defense_DLGPR-full_seed0,0,DLGPR-full,resource-defense,1,7,GA,1.4719223585807706,2.4910999927669764,0.701608,0.701608,0.0,0.0,0.5616800378181296,0.09451678694829753,6.9705152948604905,5.49859293627972,strict_delta_max,1,cross_layer_handoff_executed
resource-defense_DLGPR-full_seed0,0,DLGPR-full,resource-defense,1,8,GA,1.9398716897707473,2.4666000390425324,0.586848,0.586848,0.0,0.0,0.5616800378181296,0.06449509865580665,5.49859293627972,3.5587212465089726,strict_delta_max,1,cross_layer_handoff_executed
resource-defense_DLGPR-full_seed0,0,DLGPR-full,resource-defense,2,0,GA,2.1618330873732887,2.393399947322905,0.5692560000000001,0.5692560000000001,0.0,0.0,0.5616800378181296,0.06468997661498044,22.0,19.83816691262671,strict_delta_max,1,cross_layer_handoff_executed
resource-defense_DLGPR-full_seed0,0,DLGPR-full,resource-defense,2,1,PSO,2.7840185189206106,2.180099952965975,0.8986719999999999,0.8986719999999999,0.0,0.02412483952371125,0.0,0.06205952261612223,19.83816691262671,17.0541483937061,strict_delta_max,1,cross_layer_handoff_executed
resource-defense_DLGPR-full_seed0,0,DLGPR-full,resource-defense,2,2,RL,1.9636478203245133,4.046599962748587,0.701608,0.701608,0.0,0.0,0.0,0.0005876817564003294,17.0541483937061,15.090500573381586,strict_delta_max,2,cross_layer_handoff_executed
resource-defense_DLGPR-full_seed0,0,DLGPR-full,resource-defense,2,3,GA,3.952461447747271,2.2256000665947795,0.17629200000000003,0.17629200000000003,0.0,0.0,0.5486424648333619,0.02012457310059377,15.090500573381586,11.138039125634315,strict_delta_max,1,cross_layer_handoff_executed
resource-defense_DLGPR-full_seed0,0,DLGPR-full,resource-defense,2,4,GA,1.864751313856478,2.4637000169605017,0.681584,0.681584,0.0,0.0,0.5486424648333619,0.0800911339512197,11.138039125634315,9.273287811777836,strict_delta_max,1,cross_layer_handoff_executed
resource-defense_DLGPR-full_seed0,0,DLGPR-full,resource-defense,2,5,GA,2.4531892213480706,2.3577999090775847,0.89486,0.89486,0.0,0.0,0.5253104438828106,0.05050677330732565,9.273287811777836,6.820098590429765,strict_delta_max,1,cross_layer_handoff_executed
resource-defense_DLGPR-full_seed0,0,DLGPR-full,resource-defense,2,6,GA,1.456507118745285,2.549300086684525,0.701608,0.701608,0.0,0.0,0.5253104438828106,0.1012991424504055,6.820098590429765,5.36359147168448,strict_delta_max,1,cross_layer_handoff_executed
resource-defense_DLGPR-full_seed0,0,DLGPR-full,resource-defense,2,7,GA,2.721034476997341,2.3427000269293785,0.701608,0.701608,0.0,0.0,0.5253104438828106,0.04503243703342426,5.36359147168448,2.6425569946871392,strict_delta_max,1,cross_layer_handoff_executed
resource-defense_DLGPR-full_seed0,0,DLGPR-full,resource-defense,3,0,GA,2.10407164234069,2.336899982765317,0.6524840000000001,0.6524840000000001,0.0,0.0,0.5253104438828106,0.06584195858576343,22.0,19.895928357659308,strict_delta_max,1,cross_layer_handoff_executed
resource-defense_DLGPR-full_seed0,0,DLGPR-full,resource-defense,3,1,PSO,1.510615438613577,2.3758000461384654,0.886422,0.886422,0.0,0.0,0.0,0.09382053729828274,19.895928357659308,18.38531291904573,strict_delta_max,1,cross_layer_handoff_executed
resource-defense_DLGPR-full_seed0,0,DLGPR-full,resource-defense,3,2,RL,3.491981016151539,3.992200014181435,0.701608,0.701608,0.0,0.0,0.0,0.0,18.38531291904573,14.893331902894191,strict_delta_max,2,cross_layer_handoff_executed
resource-defense_DLGPR-full_seed0,0,DLGPR-full,resource-defense,3,3,GA,2.312037323216491,2.3478000657632947,0.701608,0.701608,0.0,0.0,0.5253104438828106,0.05746232690318425,14.893331902894191,12.5812945796777,strict_delta_max,1,cross_layer_handoff_executed
resource-defense_DLGPR-full_seed0,0,DLGPR-full,resource-defense,3,4,GA,1.8123878874087374,2.4282000958919525,0.701608,0.701608,0.0,0.0,0.5253104438828106,0.04467391139085156,12.5812945796777,10.768906692268962,strict_delta_max,1,cross_layer_handoff_executed
resource-defense_DLGPR-full_seed0,0,DLGPR-full,resource-defense,3,5,GA,3.780520559344634,2.559000044129789,0.701608,0.701608,0.0,0.0,0.5253104438828106,0.037491736517021444,10.768906692268962,6.988386132924328,strict_delta_max,1,cross_layer_handoff_executed
resource-defense_DLGPR-full_seed0,0,DLGPR-full,resource-defense,3,6,GA,1.6047235987108972,2.429199987091124,0.845628,0.845628,0.0,0.0,0.5397878185914475,0.046772461092317655,6.988386132924328,5.38366253421343,strict_delta_max,1,cross_layer_handoff_executed
resource-defense_DLGPR-full_seed0,0,DLGPR-full,resource-defense,3,7,GA,3.314378261454106,2.3804999655112624,0.701608,0.701608,0.0,0.0,0.5397878185914475,0.02384303625079165,5.38366253421343,2.069284272759324,strict_delta_max,1,cross_layer_handoff_executed
resource-defense_DLGPR-full_seed0,0,DLGPR-full,resource-defense,4,0,GA,2.8543826143201976,2.2942000068724155,0.7219439999999999,0.7219439999999999,0.0,0.0,0.5329550789894334,0.038312097010739427,22.0,19.145617385679802,strict_delta_max,1,cross_layer_handoff_executed
resource-defense_DLGPR-full_seed0,0,DLGPR-full,resource-defense,4,1,PSO,1.2117688924994816,2.3674999829381704,0.9509719999999998,0.9509719999999998,0.0,0.043160045057867566,0.0,0.10390411172547065,19.145617385679802,17.93384849318032,strict_delta_max,1,cross_layer_handoff_executed
resource-defense_DLGPR-full_seed0,0,DLGPR-full,resource-defense,4,2,RL,3.2194079461914926,3.9685999508947134,0.701608,0.701608,0.0,0.0,0.0,0.14901373420771968,17.93384849318032,14.714440546988829,strict_delta_max,2,cross_layer_handoff_executed
resource-defense_DLGPR-full_seed0,0,DLGPR-full,resource-defense,4,3,GA,3.8730777425326743,2.3714000126346946,0.701608,0.701608,0.0,0.0,0.5329550789894334,0.024911918730053186,14.714440546988829,10.841362804456155,strict_delta_max,1,cross_layer_handoff_executed
resource-defense_DLGPR-full_seed0,0,DLGPR-full,resource-defense,4,4,GA,3.171116821064508,2.8948000399395823,0.6740679999999999,0.6740679999999999,0.0,0.0,0.5329550789894334,0.0451584365609101,10.841362804456155,7.670245983391647,strict_delta_max,1,cross_layer_handoff_executed
resource-defense_DLGPR-full_seed0,0,DLGPR-full,resource-defense,4,5,GA,1.6676173328921822,2.358200028538704,0.7911079999999999,0.7911079999999999,0.0,0.0,0.526518082780354,0.08216738200768248,7.670245983391647,6.002628650499465,strict_delta_max,1,cross_layer_handoff_executed
resource-defense_DLGPR-full_seed0,0,DLGPR-full,resource-defense,4,6,GA,3.431139298081073,2.4652000283822417,0.701608,0.701608,0.0,0.0,0.526518082780354,0.01976598528585313,6.002628650499465,2.5714893524183915,strict_delta_max,1,cross_layer_handoff_executed
resource-defense_DLGPR-full_seed0,0,DLGPR-full,resource-defense,5,0,GA,1.9956619847847945,2.3845999967306852,0.9476399999999998,0.9476399999999998,0.0,0.0,0.5317816812727156,0.062155682679199936,22.0,20.004338015215204,strict_delta_max,1,cross_layer_handoff_executed
resource-defense_DLGPR-full_seed0,0,DLGPR-full,resource-defense,5,1,PSO,1.029133721656413,2.364699961617589,0.7776239999999999,0.7776239999999999,0.0,0.0,0.0,0.1412043373417579,20.004338015215204,18.97520429355879,strict_delta_max,1,cross_layer_handoff_executed
resource-defense_DLGPR-full_seed0,0,DLGPR-full,resource-defense,5,2,RL,3.846664800052656,4.003499983809888,0.701608,0.701608,0.0,0.0,0.0,0.0,18.97520429355879,15.128539493506134,strict_delta_max,2,cross_layer_handoff_executed
resource-defense_DLGPR-full_seed0,0,DLGPR-full,resource-defense,5,3,GA,1.9590737674948593,2.188200014643371,0.7944079999999999,0.7944079999999999,0.0,0.0,0.5419261379308247,0.060986735574171495,15.128539493506134,13.169465726011275,strict_delta_max,1,cross_layer_handoff_executed
resource-defense_DLGPR-full_seed0,0,DLGPR-full,resource-defense,5,4,GA,2.0364007329593976,2.4744999827817082,0.8693519999999999,0.8693519999999999,0.0,0.0,0.558403939103258,0.06798195693752833,13.169465726011275,11.133064993051878,strict_delta_max,1,cross_layer_handoff_executed
resource-defense_DLGPR-full_seed0,0,DLGPR-full,resource-defense,5,5,GA,2.7192524662213264,2.293199999257922,0.9115719999999999,0.9115719999999999,0.0,0.0,0.5377033554478791,0.049312656891601934,11.133064993051878,8.41381252683055,strict_delta_max,1,cross_layer_handoff_executed
resource-defense_DLGPR-full_seed0,0,DLGPR-full,resource-defense,5,6,GA,2.107607865690741,2.46519991196692,0.8214279999999998,0.8214279999999998,0.0,0.0,0.5083959056195069,0.05809536193125867,8.41381252683055,6.30620466113981,strict_delta_max,1,cross_layer_handoff_executed
resource-defense_DLGPR-full_seed0,0,DLGPR-full,resource-defense,5,7,GA,2.8551994257613424,2.4544999469071627,0.9368119999999999,0.9368119999999999,0.0,0.0,0.500907729053841,0.04563020246180933,6.30620466113981,3.4510052353784673,strict_delta_max,1,cross_layer_handoff_executed
resource-defense_DLGPR-full_seed1,1,DLGPR-full,resource-defense,0,0,GA,1.9020835094768749,2.648700028657913,0.7475840000000001,0.7475840000000001,0.0,0.0,0.9187276469971314,0.10320116966747558,22.0,20.097916490523126,strict_delta_max,1,cross_layer_handoff_executed
resource-defense_DLGPR-full_seed1,1,DLGPR-full,resource-defense,0,1,PSO,1.753787846213536,2.3243000032380223,0.7298560000000001,0.7298560000000001,0.0,0.0,0.0,0.07933765931040297,20.097916490523126,18.34412864430959,strict_delta_max,1,cross_layer_handoff_executed
resource-defense_DLGPR-full_seed1,1,DLGPR-full,resource-defense,0,2,RL,4.0,4.031500080600381,0.9027639999999999,0.9027639999999999,0.0,0.012604000000000004,0.0,0.0,18.34412864430959,14.344128644309588,strict_delta_max,2,cross_layer_handoff_executed
resource-defense_DLGPR-full_seed1,1,DLGPR-full,resource-defense,0,3,GA,3.4809483824350433,2.264500013552606,0.854968,0.854968,0.0,0.0,0.8325725896037208,0.02900098157656912,14.344128644309588,10.863180261874545,strict_delta_max,1,cross_layer_handoff_executed
resource-defense_DLGPR-full_seed1,1,DLGPR-full,resource-defense,0,4,GA,2.8712549085496537,2.328600035980344,0.6304719999999999,0.6304719999999999,0.0,0.0,0.7847072863218921,0.04197955335833807,10.863180261874545,7.991925353324891,strict_delta_max,1,cross_layer_handoff_executed
resource-defense_DLGPR-full_seed1,1,DLGPR-full,resource-defense,0,5,GA,1.8746535038726546,3.130099968984723,0.8882079999999999,0.8882079999999999,0.0,0.0,0.7852799130792669,0.0580519545616368,7.991925353324891,6.117271849452237,strict_delta_max,1,cross_layer_handoff_executed
resource-defense_DLGPR-full_seed1,1,DLGPR-full,resource-defense,0,6,GA,2.6704134998623594,2.7403999119997025,0.854968,0.854968,0.0,0.0,0.7378153438105569,0.05122103162624485,6.117271849452237,3.4468583495898777,strict_delta_max,1,cross_layer_handoff_executed
resource-defense_DLGPR-full_seed1,1,DLGPR-full,resource-defense,1,0,GA,3.215108286477906,2.271000063046813,0.854968,0.854968,0.0,0.0,0.7008805239600717,0.027029546483565956,22.0,18.784891713522093,strict_delta_max,1,cross_layer_handoff_executed
resource-defense_DLGPR-full_seed1,1,DLGPR-full,resource-defense,1,1,PSO,1.4044678959234382,2.4391000624746084,0.854968,0.854968,0.0,0.0,0.0,0.06695357689467975,18.784891713522093,17.380423817598654,strict_delta_max,1,cross_layer_handoff_executed
resource-defense_DLGPR-full_seed1,1,DLGPR-full,resource-defense,1,2,RL,1.987654698221389,3.9817000506445765,0.8945679999999999,0.8945679999999999,0.0,0.0,0.0,0.7071328844279213,17.380423817598654,15.392769119377265,strict_delta_max,2,cross_layer_handoff_executed
resource-defense_DLGPR-full_seed1,1,DLGPR-full,resource-defense,1,3,GA,2.269521690373412,2.2854999406263232,0.81076,0.81076,0.0,0.0,0.6509031274096796,0.07289081884259153,15.392769119377265,13.123247429003854,strict_delta_max,1,cross_layer_handoff_executed
resource-defense_DLGPR-full_seed1,1,DLGPR-full,resource-defense,1,4,GA,3.85145114539582,2.4405999574810266,0.854968,0.854968,0.0,0.0,0.6509031274096796,0.03443726183992126,13.123247429003854,9.271796283608033,strict_delta_max,1,cross_layer_handoff_executed
resource-defense_DLGPR-full_seed1,1,DLGPR-full,resource-defense,1,5,GA,2.9726982675901548,2.4794999044388533,0.41209600000000013,0.41209600000000013,0.0,0.0,0.6509031274096796,0.04686786650658081,9.271796283608033,6.299098016017878,strict_delta_max,1,cross_layer_handoff_executed
resource-defense_DLGPR-full_seed1,1,DLGPR-full,resource-defense,1,6,GA,3.2425608575293285,2.387499902397394,0.8980439999999998,0.8980439999999998,0.0,0.0,0.6669501918878397,0.027712488735907346,6.299098016017878,3.05653715848855,strict_delta_max,1,cross_layer_handoff_executed
resource-defense_DLGPR-full_seed1,1,DLGPR-full,resource-defense,2,0,GA,2.0751302069512096,2.289299969561398,0.775352,0.775352,0.0,0.0,0.6669501918878397,0.03771974814956169,22.0,19.924869793048792,strict_delta_max,1,cross_layer_handoff_executed
resource-defense_DLGPR-full_seed1,1,DLGPR-full,resource-defense,2,1,PSO,2.547199294100376,2.356200013309717,0.8700479999999999,0.8700479999999999,0.0,0.0,0.0,0.01071270232209453,19.924869793048792,17.377670498948415,strict_delta_max,1,cross_layer_handoff_executed
resource-defense_DLGPR-full_seed1,1,DLGPR-full,resource-defense,2,2,RL,1.6005701968034654,4.632700001820922,0.8700479999999999,0.8700479999999999,0.0,0.0,0.0,0.0,17.377670498948415,15.77710030214495,strict_delta_max,2,cross_layer_handoff_executed
resource-defense_DLGPR-full_seed1,1,DLGPR-full,resource-defense,2,3,GA,1.0727472364540003,2.160899923183024,0.8732719999999998,0.8732719999999998,0.0,0.0,0.6315116085468042,0.073483403467915,15.77710030214495,14.704353065690949,strict_delta_max,1,cross_layer_handoff_executed
resource-defense_DLGPR-full_seed1,1,DLGPR-full,resource-defense,2,4,GA,2.2572854887870513,2.381599973887205,0.9174559999999998,0.9174559999999998,0.0,0.006508702631094594,0.6662954610944604,0.048750637822504446,14.704353065690949,12.447067576903898,strict_delta_max,1,cross_layer_handoff_executed
resource-defense_DLGPR-full_seed1,1,DLGPR-full,resource-defense,2,5,GA,1.1558135288120392,2.5813999818637967,0.854968,0.854968,0.0,0.0,0.6662954610944604,0.09458573395537134,12.447067576903898,11.291254048091858,strict_delta_max,1,cross_layer_handoff_executed
resource-defense_DLGPR-full_seed1,1,DLGPR-full,resource-defense,2,6,GA,2.472254386822897,2.4713000748306513,0.8636879999999999,0.8636879999999999,0.0,0.0,0.6662954610944604,0.04956260312810921,11.291254048091858,8.818999661268961,strict_delta_max,1,cross_layer_handoff_executed
resource-defense_DLGPR-full_seed1,1,DLGPR-full,resource-defense,2,7,GA,1.961332878476562,2.5037999730557203,0.684758,0.684758,0.0,0.0,0.6662954610944604,0.06850019502201486,8.818999661268961,6.857666782792399,strict_delta_max,1,cross_layer_handoff_executed
resource-defense_DLGPR-full_seed1,1,DLGPR-full,resource-defense,2,8,GA,1.6653985033665495,2.4408999597653747,0.7443679999999999,0.7443679999999999,0.0,0.0,0.6662954610944604,0.06659655814117155,6.857666782792399,5.19226827942585,strict_delta_max,1,cross_layer_handoff_executed
resource-defense_DLGPR-full_seed1,1,DLGPR-full,resource-defense,2,9,GA,1.038530464617741,2.47119995765388,0.854968,0.854968,0.0,0.0,0.6662954610944604,0.1342683955510051,5.19226827942585,4.1537378148081086,strict_delta_max,1,cross_layer_handoff_executed
resource-defense_DLGPR-full_seed1,1,DLGPR-full,resource-defense,2,10,GA,2.6911838102111068,2.4383999407291412,0.87652,0.87652,0.0,0.0,0.6678561325096019,0.0340218130215335,4.1537378148081086,1.4625540045970018,strict_delta_max,1,cross_layer_handoff_executed
resource-defense_DLGPR-full_seed1,1,DLGPR-full,resource-defense,3,0,GA,3.2057075660640106,2.2728999610990286,0.854968,0.854968,0.0,0.0,0.6678561325096019,0.030861004322061503,22.0,18.79429243393599,strict_delta_max,1,cross_layer_handoff_executed
resource-defense_DLGPR-full_seed1,1,DLGPR-full,resource-defense,3,1,PSO,1.8399413926773462,2.594800083898008,0.9661759999999998,0.9661759999999998,0.0,0.02647910427685213,0.0,0.04452711393178672,18.79429243393599,16.954351041258644,strict_delta_max,1,cross_layer_handoff_executed
resource-defense_DLGPR-full_seed1,1,DLGPR-full,resource-defense,3,2,RL,2.59708235849809,4.002099973149598,0.883488,0.883488,0.0,0.0,0.0,0.0,16.954351041258644,14.357268682760553,strict_delta_max,2,cross_layer_handoff_executed
resource-defense_DLGPR-full_seed1,1,DLGPR-full,resource-defense,3,3,GA,2.8485290123299376,2.2857999429106712,0.854968,0.854968,0.0,0.0,0.6379653608656772,0.026691463643733395,14.357268682760553,11.508739670430616,strict_delta_max,1,cross_layer_handoff_executed
resource-defense_DLGPR-full_seed1,1,DLGPR-full,resource-defense,3,4,GA,3.137531213104668,2.3367999820038676,0.7964080000000002,0.7964080000000002,0.0,0.0,0.6379653608656772,0.029559720971500184,11.508739670430616,8.371208457325949,strict_delta_max,1,cross_layer_handoff_executed
resource-defense_DLGPR-full_seed1,1,DLGPR-full,resource-defense,3,5,GA,1.3331225614126947,2.4392999475821853,0.7943680000000001,0.7943680000000001,0.0,0.0,0.6379653608656772,0.09414765219907366,8.371208457325949,7.038085895913254,strict_delta_max,1,cross_layer_handoff_executed
resource-defense_DLGPR-full_seed1,1,DLGPR-full,resource-defense,3,6,GA,1.0976776072850893,2.5737000396475196,0.6236480000000001,0.6236480000000001,0.0,0.0,0.6379653608656772,0.0928689430239676,7.038085895913254,5.940408288628165,strict_delta_max,1,cross_layer_handoff_executed
resource-defense_DLGPR-full_seed1,1,DLGPR-full,resource-defense,3,7,GA,3.5873035180765203,2.395399962551892,0.6828879999999999,0.6828879999999999,0.0,0.0,0.6379653608656772,0.02942922343423778,5.940408288628165,2.3531047705516444,strict_delta_max,1,cross_layer_handoff_executed
resource-defense_DLGPR-full_seed1,1,DLGPR-full,resource-defense,4,0,GA,2.156894509780655,2.2096000611782074,0.8611779999999999,0.8611779999999999,0.0,0.0,0.6379653608656772,0.03770803299809863,22.0,19.843105490219344,strict_delta_max,1,cross_layer_handoff_executed
resource-defense_DLGPR-full_seed1,1,DLGPR-full,resource-defense,4,1,PSO,2.6641232604693443,2.3617000551894307,0.854968,0.854968,0.0,0.0,0.0,0.03188009689154636,19.843105490219344,17.178982229749998,strict_delta_max,1,cross_layer_handoff_executed
resource-defense_DLGPR-full_seed1,1,DLGPR-full,resource-defense,4,2,RL,3.023790402904699,4.031799966469407,0.883488,0.883488,0.0,0.0,0.0,0.023144461313447086,17.178982229749998,14.1551918268453,strict_delta_max,2,cross_layer_handoff_executed
resource-defense_DLGPR-full_seed1,1,DLGPR-full,resource-defense,4,3,GA,1.8867662168429438,2.3181999567896128,0.7760079999999999,0.7760079999999999,0.0,0.0,0.6379653608656772,0.04032843167605641,14.1551918268453,12.268425610002357,strict_delta_max,1,cross_layer_handoff_executed
resource-defense_DLGPR-full_seed1,1,DLGPR-full,resource-defense,4,4,GA,3.5503982701434373,2.3592000361531973,0.6304719999999999,0.6304719999999999,0.0,0.0,0.6379653608656772,0.029672471955986403,12.268425610002357,8.718027339858919,strict_delta_max,1,cross_layer_handoff_executed
resource-defense_DLGPR-full_seed1,1,DLGPR-full,resource-defense,4,5,GA,1.7084248378214038,2.424999955110252,0.854968,0.854968,0.0,0.0,0.6379653608656772,0.05179783983838887,8.718027339858919,7.009602502037515,strict_delta_max,1,cross_layer_handoff_executed
resource-defense_DLGPR-full_seed1,1,DLGPR-full,resource-defense,4,6,GA,1.1815399003461238,2.28930008597672,0.730508,0.730508,0.0,0.0,0.6379653608656772,0.13472250048924295,7.009602502037515,5.828062601691391,strict_delta_max,1,cross_layer_handoff_executed
resource-defense_DLGPR-full_seed1,1,DLGPR-full,resource-defense,4,7,GA,1.891412173547974,2.7145000640302896,0.231688,0.231688,0.0,0.0,0.6379653608656772,0.05137310032635082,5.828062601691391,3.936650428143417,strict_delta_max,1,cross_layer_handoff_executed
resource-defense_DLGPR-full_seed1,1,DLGPR-full,resource-defense,5,0,GA,2.0240002439308733,2.2344000171869993,0.94102,0.94102,0.0,0.0,0.666031114484565,0.03830721143692983,22.0,19.975999756069125,strict_delta_max,1,cross_layer_handoff_executed
resource-defense_DLGPR-full_seed1,1,DLGPR-full,resource-defense,5,1,PSO,2.4553560515489234,2.264700015075505,0.8992879999999999,0.8992879999999999,0.0,0.0,0.0,0.02424393016896595,19.975999756069125,17.520643704520204,strict_delta_max,1,cross_layer_handoff_executed
resource-defense_DLGPR-full_seed1,1,DLGPR-full,resource-defense,5,2,RL,3.8565797245760916,3.987399977631867,0.8945679999999999,0.8945679999999999,0.0,0.0,0.0,0.09012701015488676,17.520643704520204,13.664063979944112,strict_delta_max,2,cross_layer_handoff_executed
resource-defense_DLGPR-full_seed1,1,DLGPR-full,resource-defense,5,3,GA,1.668375824679852,2.3883000249043107,0.9043159999999999,0.9043159999999999,0.0,0.0,0.591815163191763,0.06496011033303632,13.664063979944112,11.99568815526426,strict_delta_max,1,cross_layer_handoff_executed
resource-defense_DLGPR-full_seed1,1,DLGPR-full,resource-defense,5,4,GA,1.499973523468337,2.3845999967306852,0.9733279999999997,0.9733279999999997,0.0,0.004768084161554141,0.5349590720780867,0.05451757658342851,11.99568815526426,10.495714631795924,strict_delta_max,1,cross_layer_handoff_executed
resource-defense_DLGPR-full_seed1,1,DLGPR-full,resource-defense,5,5,GA,1.4029337880491861,2.6165000163018703,0.6304719999999999,0.6304719999999999,0.0,0.0,0.5349590720780867,0.06990997425957594,10.495714631795924,9.092780843746738,strict_delta_max,1,cross_layer_handoff_executed
resource-defense_DLGPR-full_seed1,1,DLGPR-full,resource-defense,5,6,GA,3.352699569934222,2.3630999494343996,0.8494879999999999,0.8494879999999999,0.0,0.0,0.5349590720780867,0.030029417998092084,9.092780843746738,5.740081273812516,strict_delta_max,1,cross_layer_handoff_executed
resource-defense_DLGPR-full_seed1,1,DLGPR-full,resource-defense,5,7,GA,2.516507922364972,2.5191999739035964,0.524645,0.524645,0.0,0.0,0.5349590720780867,0.036189747523963284,5.740081273812516,3.223573351447544,strict_delta_max,1,cross_layer_handoff_executed
resource-defense_DLGPR-full_seed2,2,DLGPR-full,resource-defense,0,0,GA,3.9051999001172466,2.6980999391525984,0.26544600000000007,0.26544600000000007,0.0,0.0,0.9221321296069481,0.03772849699813911,22.0,18.094800099882754,strict_delta_max,1,cross_layer_handoff_executed
resource-defense_DLGPR-full_seed2,2,DLGPR-full,resource-defense,0,1,PSO,1.0477483033184853,2.5061999913305044,0.12172799999999984,0.12172799999999984,0.0,0.0,0.0,0.14499387204475772,18.094800099882754,17.04705179656427,strict_delta_max,1,cross_layer_handoff_executed
resource-defense_DLGPR-full_seed2,2,DLGPR-full,resource-defense,0,2,RL,2.0715315278143036,4.317499930039048,-0.29552199999999995,-0.29552199999999995,0.0,0.0,0.0,0.32114596908980075,17.04705179656427,14.975520268749964,strict_delta_max,2,cross_layer_handoff_executed
resource-defense_DLGPR-full_seed2,2,DLGPR-full,resource-defense,0,3,GA,2.929206743654812,2.4145999923348427,0.1216279999999999,0.1216279999999999,0.0,0.0,0.9091336900778896,0.04864995141401914,14.975520268749964,12.046313525095151,strict_delta_max,1,cross_layer_handoff_executed
resource-defense_DLGPR-full_seed2,2,DLGPR-full,resource-defense,0,4,GA,3.096933392334994,2.572300028987229,-0.5327419999999999,-0.5327419999999999,0.0,0.0,0.9091336900778896,0.04432555781248093,12.046313525095151,8.949380132760156,strict_delta_max,1,cross_layer_handoff_executed
resource-defense_DLGPR-full_seed2,2,DLGPR-full,resource-defense,0,5,GA,1.4467484594268698,2.461399999447167,0.12149600000000008,0.12149600000000008,0.0,0.0,0.8877192807451773,0.11086768786610811,8.949380132760156,7.502631673333287,strict_delta_max,1,cross_layer_handoff_executed
resource-defense_DLGPR-full_seed2,2,DLGPR-full,resource-defense,0,6,GA,1.9499474915653248,2.578799962066114,-0.30910399999999993,-0.30910399999999993,0.0,0.0,0.8877192807451773,0.06828148215058347,7.502631673333287,5.552684181767962,strict_delta_max,1,cross_layer_handoff_executed
resource-defense_DLGPR-full_seed2,2,DLGPR-full,resource-defense,0,7,GA,1.4593377546230952,2.5797999696806073,-0.30910399999999993,-0.30910399999999993,0.0,0.0,0.8877192807451773,0.10538773388542763,5.552684181767962,4.0933464271448665,strict_delta_max,1,cross_layer_handoff_executed
resource-defense_DLGPR-full_seed2,2,DLGPR-full,resource-defense,0,8,GA,1.0725007232287036,2.616100013256073,0.616105,0.616105,0.0,0.0,0.8476170056932398,0.1410446302421343,4.0933464271448665,3.020845703916163,strict_delta_max,1,cross_layer_handoff_executed
resource-defense_DLGPR-full_seed2,2,DLGPR-full,resource-defense,1,0,GA,1.8232764114874906,2.4365000426769257,-0.30910399999999993,-0.30910399999999993,0.0,0.0,0.8476170056932398,0.07494595535153156,22.0,20.17672358851251,strict_delta_max,1,cross_layer_handoff_executed
resource-defense_DLGPR-full_seed2,2,DLGPR-full,resource-defense,1,1,PSO,3.045044325331314,2.362599945627153,-0.20641199999999987,-0.20641199999999987,0.0,0.0,0.0,0.04053004135285305,20.17672358851251,17.131679263181194,strict_delta_max,1,cross_layer_handoff_executed
resource-defense_DLGPR-full_seed2,2,DLGPR-full,resource-defense,1,2,RL,1.6920866175641018,4.4698999263346195,0.5945739999999999,0.5945739999999999,0.0,0.0,0.0,0.0,17.131679263181194,15.439592645617093,strict_delta_max,2,cross_layer_handoff_executed
resource-defense_DLGPR-full_seed2,2,DLGPR-full,resource-defense,1,3,GA,3.145722403154823,2.6857999619096518,0.657472,0.657472,0.0,0.0,0.8516722857684619,0.05341920325416308,15.439592645617093,12.29387024246227,strict_delta_max,1,cross_layer_handoff_executed
resource-defense_DLGPR-full_seed2,2,DLGPR-full,resource-defense,1,4,GA,2.103250204052476,2.852100064046681,0.6819680000000001,0.6819680000000001,0.0,0.011646736062500822,0.8539337601979017,0.07177178945733505,12.29387024246227,10.190620038409795,strict_delta_max,1,cross_layer_handoff_executed
resource-defense_DLGPR-full_seed2,2,DLGPR-full,resource-defense,1,5,GA,1.091482891654961,2.736099995672703,0.7291560000000001,0.7291560000000001,0.0,0.043232926838139625,0.7940566684429375,0.14703155578404625,10.190620038409795,9.099137146754835,strict_delta_max,1,cross_layer_handoff_executed
resource-defense_DLGPR-full_seed2,2,DLGPR-full,resource-defense,1,6,GA,2.6801934108727554,2.326300018467009,0.7358640000000001,0.7358640000000001,0.0,0.0025028044516442567,0.7518387650952192,0.050569456969449485,9.099137146754835,6.418943735882079,strict_delta_max,1,cross_layer_handoff_executed
resource-defense_DLGPR-full_seed2,2,DLGPR-full,resource-defense,1,7,GA,2.2278986877298292,2.5189999723806977,0.39669999999999994,0.39669999999999994,0.0,0.0,0.6731145038488545,0.06007450484643003,6.418943735882079,4.19104504815225,strict_delta_max,1,cross_layer_handoff_executed
resource-defense_DLGPR-full_seed2,2,DLGPR-full,resource-defense,1,8,GA,2.708512300060965,2.388299908488989,0.657472,0.657472,0.0,0.0,0.6183731842103248,0.06250657932802528,4.19104504815225,1.4825327480912849,strict_delta_max,1,cross_layer_handoff_executed
resource-defense_DLGPR-full_seed2,2,DLGPR-full,resource-defense,2,0,GA,1.237341055567371,2.5119000347331166,0.715539,0.715539,0.0,0.0,0.6196656204390798,0.10778441515169336,22.0,20.76265894443263,strict_delta_max,1,cross_layer_handoff_executed
resource-defense_DLGPR-full_seed2,2,DLGPR-full,resource-defense,2,1,PSO,2.8928783561590308,2.230099984444678,0.09872799999999987,0.09872799999999987,0.0,0.0,0.0,0.03732961227127624,20.76265894443263,17.8697805882736,strict_delta_max,1,cross_layer_handoff_executed
resource-defense_DLGPR-full_seed2,2,DLGPR-full,resource-defense,2,2,RL,1.1668843639396265,4.2131999507546425,0.657472,0.657472,0.0,0.0,0.0,0.2700867453017874,17.8697805882736,16.702896224333973,strict_delta_max,2,cross_layer_handoff_executed
resource-defense_DLGPR-full_seed2,2,DLGPR-full,resource-defense,2,3,GA,2.5531647359266763,2.332800067961216,0.657472,0.657472,0.0,0.0,0.5175682668887251,0.06009368528460617,16.702896224333973,14.149731488407296,strict_delta_max,1,cross_layer_handoff_executed
resource-defense_DLGPR-full_seed2,2,DLGPR-full,resource-defense,2,4,GA,2.7291328743319974,2.632899908348918,0.5527920000000001,0.5527920000000001,0.0,0.0,0.5175682668887251,0.04646525416753501,14.149731488407296,11.420598614075299,strict_delta_max,1,cross_layer_handoff_executed
resource-defense_DLGPR-full_seed2,2,DLGPR-full,resource-defense,2,5,GA,3.533750343445801,2.5030000833794475,0.6765120000000001,0.6765120000000001,0.0,0.0,0.5359363340431725,0.04381258512404849,11.420598614075299,7.886848270629498,strict_delta_max,1,cross_layer_handoff_executed
resource-defense_DLGPR-full_seed2,2,DLGPR-full,resource-defense,2,6,GA,3.587515738519951,2.4021000135689974,0.657472,0.657472,0.0,0.0,0.5434253688309547,0.03984541634533896,7.886848270629498,4.299332532109547,strict_delta_max,1,cross_layer_handoff_executed
resource-defense_DLGPR-full_seed2,2,DLGPR-full,resource-defense,2,7,GA,2.896645461982981,2.4872999638319016,0.6765120000000001,0.6765120000000001,0.0,0.0,0.5440544683814494,0.051543824164222665,4.299332532109547,1.4026870701265661,strict_delta_max,1,cross_layer_handoff_executed
resource-defense_DLGPR-full_seed2,2,DLGPR-full,resource-defense,3,0,GA,2.8244306217281006,2.451599924825132,0.6762220000000001,0.6762220000000001,0.0,0.0,0.5570614521814016,0.050481077929610825,22.0,19.1755693782719,strict_delta_max,1,cross_layer_handoff_executed
resource-defense_DLGPR-full_seed2,2,DLGPR-full,resource-defense,3,1,PSO,1.6919926250676023,2.266499912366271,0.12172799999999984,0.12172799999999984,0.0,0.0,0.0,0.09683580434140318,19.1755693782719,17.483576753204296,strict_delta_max,1,cross_layer_handoff_executed
resource-defense_DLGPR-full_seed2,2,DLGPR-full,resource-defense,3,2,RL,2.897098594249636,4.069300019182265,0.657472,0.657472,0.0,0.0,0.0,0.0,17.483576753204296,14.58647815895466,strict_delta_max,2,cross_layer_handoff_executed
resource-defense_DLGPR-full_seed2,2,DLGPR-full,resource-defense,3,3,GA,3.0597359315723343,2.4111999664455652,0.699368,0.699368,0.0,0.0,0.5505243838183439,0.043648641223163503,14.58647815895466,11.526742227382327,strict_delta_max,1,cross_layer_handoff_executed
resource-defense_DLGPR-full_seed2,2,DLGPR-full,resource-defense,3,4,GA,1.0988509452974684,2.3610000498592854,0.9417639999999998,0.9417639999999998,0.0,0.1873775518701136,0.5525447528119768,0.11176462596251525,11.526742227382327,10.427891282084857,strict_delta_max,1,cross_layer_handoff_executed
resource-defense_DLGPR-full_seed2,2,DLGPR-full,resource-defense,3,5,GA,2.6950178884365057,2.5143999373540282,0.657472,0.657472,0.0,0.0,0.5525447528119768,0.05335292774453523,10.427891282084857,7.732873393648352,strict_delta_max,1,cross_layer_handoff_executed
resource-defense_DLGPR-full_seed2,2,DLGPR-full,resource-defense,3,6,GA,3.7390792225768394,2.4157000007107854,0.70224,0.70224,0.0,0.0,0.5291846934733687,0.029809892839136546,7.732873393648352,3.9937941710715124,strict_delta_max,1,cross_layer_handoff_executed
resource-defense_DLGPR-full_seed2,2,DLGPR-full,resource-defense,4,0,GA,2.7828388746514183,2.356100012548268,0.657472,0.657472,0.0,0.0,0.5291846934733687,0.045867400185955046,22.0,19.217161125348582,strict_delta_max,1,cross_layer_handoff_executed
resource-defense_DLGPR-full_seed2,2,DLGPR-full,resource-defense,4,1,PSO,3.475957850807292,2.273599966429174,0.4226580000000001,0.4226580000000001,0.0,0.0,0.0,0.04007429671205755,19.217161125348582,15.74120327454129,strict_delta_max,1,cross_layer_handoff_executed
resource-defense_DLGPR-full_seed2,2,DLGPR-full,resource-defense,4,2,RL,2.6167290931674754,4.113800008781254,0.657472,0.657472,0.0,0.0,0.0,0.0,15.74120327454129,13.124474181373815,strict_delta_max,2,cross_layer_handoff_executed
resource-defense_DLGPR-full_seed2,2,DLGPR-full,resource-defense,4,3,GA,3.3039690394294814,2.4898999836295843,0.657472,0.657472,0.0,0.0,0.5291846934733687,0.03526785477160394,13.124474181373815,9.820505141944334,strict_delta_max,1,cross_layer_handoff_executed
resource-defense_DLGPR-full_seed2,2,DLGPR-full,resource-defense,4,4,GA,2.0437615003193246,2.5215999921783805,0.703732,0.703732,0.0,0.0,0.5400609686775476,0.07077983266769972,9.820505141944334,7.77674364162501,strict_delta_max,1,cross_layer_handoff_executed
resource-defense_DLGPR-full_seed2,2,DLGPR-full,resource-defense,4,5,GA,2.210835820717797,2.5200999807566404,0.6791320000000001,0.6791320000000001,0.0,0.0,0.541427667451392,0.04677104603444535,7.77674364162501,5.565907820907213,strict_delta_max,1,cross_layer_handoff_executed
resource-defense_DLGPR-full_seed2,2,DLGPR-full,resource-defense,4,6,GA,3.726079157192123,2.483000047504902,0.633072,0.633072,0.0,0.0,0.541427667451392,0.037440859913836104,5.565907820907213,1.8398286637150898,strict_delta_max,1,cross_layer_handoff_executed
resource-defense_DLGPR-full_seed2,2,DLGPR-full,resource-defense,5,0,GA,3.576038776347705,2.2683999268338084,0.4717840000000001,0.4717840000000001,0.0,0.0,0.541427667451392,0.04051004652536541,22.0,18.423961223652295,strict_delta_max,1,cross_layer_handoff_executed
resource-defense_DLGPR-full_seed2,2,DLGPR-full,resource-defense,5,1,PSO,1.8290869542874302,2.230499987490475,0.557768,0.557768,0.0,0.0,0.0,0.07354598860226047,18.423961223652295,16.594874269364865,strict_delta_max,1,cross_layer_handoff_executed
resource-defense_DLGPR-full_seed2,2,DLGPR-full,resource-defense,5,2,RL,2.2388360178725146,4.029500065371394,0.657472,0.657472,0.0,0.0,0.0,0.15903442554865785,16.594874269364865,14.35603825149235,strict_delta_max,2,cross_layer_handoff_executed
resource-defense_DLGPR-full_seed2,2,DLGPR-full,resource-defense,5,3,GA,3.9292163996249014,2.3885000264272094,0.43247199999999997,0.43247199999999997,0.0,0.0,0.541427667451392,0.031579274619463,14.35603825149235,10.426821851867448,strict_delta_max,1,cross_layer_handoff_executed
resource-defense_DLGPR-full_seed2,2,DLGPR-full,resource-defense,5,4,GA,3.8422802741657183,2.7592999394983053,0.9563279999999998,0.9563279999999998,0.0,0.003790457478576919,0.5249738875210539,0.028026171818575737,10.426821851867448,6.58454157770173,strict_delta_max,1,cross_layer_handoff_executed
resource-defense_DLGPR-full_seed2,2,DLGPR-full,resource-defense,5,5,GA,1.5195580413038532,2.5784000754356384,0.660938,0.660938,0.0,0.0,0.5249738875210539,0.07761167211845517,6.58454157770173,5.064983536397877,strict_delta_max,1,cross_layer_handoff_executed
resource-defense_DLGPR-full_seed2,2,DLGPR-full,resource-defense,5,6,GA,3.5057597908622595,2.608200069516897,0.8709879999999999,0.8709879999999999,0.0,0.0,0.5429248781322195,0.03257273515930182,5.064983536397877,1.5592237455356175,strict_delta_max,1,cross_layer_handoff_executed
resource-defense_fixed-split_seed0,0,fixed-split,resource-defense,0,0,GA,2.900117049606808,2.8298000106588006,0.675128,0.675128,0.0,0.0,0.9088272647789373,0.05260290404668859,22.0,19.09988295039319,strict_delta_max,1,cross_layer_handoff_executed
resource-defense_fixed-split_seed0,0,fixed-split,resource-defense,0,1,PSO,1.5305249378732895,2.039099927060306,0.10590799999999989,0.10590799999999989,0.0,0.0,0.0,0.10043349719174326,19.09988295039319,17.569358012519903,strict_delta_max,1,cross_layer_handoff_executed
resource-defense_fixed-split_seed0,0,fixed-split,resource-defense,0,2,RL,2.1785896675980054,4.103699931874871,0.7029200000000002,0.7029200000000002,0.0,0.0006022244663662349,0.0,0.17213062449408242,17.569358012519903,15.390768344921897,strict_delta_max,2,cross_layer_handoff_executed
resource-defense_fixed-split_seed0,0,fixed-split,resource-defense,0,3,GA,2.857045352822311,2.436000038869679,0.6965199999999998,0.6965199999999998,0.0,0.0,0.8406604725099949,0.04059936913562151,15.390768344921897,12.533722992099586,strict_delta_max,1,cross_layer_handoff_executed
resource-defense_fixed-split_seed0,0,fixed-split,resource-defense,0,4,PSO,1.147541053257409,2.24910001270473,0.9066799999999999,0.9066799999999999,0.0,0.1775622749370114,0.0,0.12318006669310327,12.533722992099586,11.386181938842176,strict_delta_max,1,cross_layer_handoff_executed
resource-defense_fixed-split_seed0,0,fixed-split,resource-defense,0,5,RL,3.859466596758335,4.0596999460831285,0.7068960000000002,0.7068960000000002,0.0,0.0,0.0,0.0,11.386181938842176,7.5267153420838415,strict_delta_max,2,cross_layer_handoff_executed
resource-defense_fixed-split_seed0,0,fixed-split,resource-defense,0,6,GA,1.0387709778599095,2.011000062339008,-0.21203000000000005,-0.21203000000000005,0.0,0.0,0.7485042278260132,0.12112416710660337,7.5267153420838415,6.487944364223932,strict_delta_max,1,cross_layer_handoff_executed
resource-defense_fixed-split_seed0,0,fixed-split,resource-defense,0,7,PSO,1.8453991154895528,2.422100049443543,0.8214279999999998,0.8214279999999998,0.0,0.0,0.0,0.07405402769062312,6.487944364223932,4.642545248734379,strict_delta_max,1,cross_layer_handoff_executed
resource-defense_fixed-split_seed0,0,fixed-split,resource-defense,0,8,RL,2.928738647300359,4.123200080357492,0.758896,0.758896,0.0,0.0,0.0,0.23211699023626856,4.642545248734379,1.7138066014340199,strict_delta_max,2,cross_layer_handoff_executed
resource-defense_fixed-split_seed0,0,fixed-split,resource-defense,1,0,GA,2.446390967044077,2.321799984201789,0.701608,0.701608,0.0,0.0,0.6799484534242094,0.0691265158963363,22.0,19.553609032955922,strict_delta_max,1,cross_layer_handoff_executed
resource-defense_fixed-split_seed0,0,fixed-split,resource-defense,1,1,PSO,3.0968142867002966,2.4133999831974506,0.858628,0.858628,0.0,0.0,0.0,0.03343312183384014,19.553609032955922,16.456794746255625,strict_delta_max,1,cross_layer_handoff_executed
resource-defense_fixed-split_seed0,0,fixed-split,resource-defense,1,2,RL,2.3426868247028754,4.091999959200621,0.7350940000000001,0.7350940000000001,0.0,0.0,0.0,0.0,16.456794746255625,14.11410792155275,strict_delta_max,2,cross_layer_handoff_executed
resource-defense_fixed-split_seed0,0,fixed-split,resource-defense,1,3,GA,1.7443722188962705,2.0800000056624413,-0.21921599999999997,-0.21921599999999997,0.0,0.0,0.5908100786316843,0.07029564442885632,14.11410792155275,12.36973570265648,strict_delta_max,1,cross_layer_handoff_executed
resource-defense_fixed-split_seed0,0,fixed-split,resource-defense,1,4,PSO,1.8877925074864896,2.2674999199807644,0.7911079999999999,0.7911079999999999,0.0,0.0,0.0,0.05357176613343724,12.36973570265648,10.48194319516999,strict_delta_max,1,cross_layer_handoff_executed
resource-defense_fixed-split_seed0,0,fixed-split,resource-defense,1,5,RL,3.8148213742841017,4.114800016395748,0.7350940000000001,0.7350940000000001,0.0,0.0,0.0,0.02658368244542807,10.48194319516999,6.667121820885888,strict_delta_max,2,cross_layer_handoff_executed
resource-defense_fixed-split_seed0,0,fixed-split,resource-defense,1,6,GA,2.1141661161604968,2.3933000629767776,0.701608,0.701608,0.0,0.0,0.46422248121535015,0.0748632470996692,6.667121820885888,4.552955704725392,strict_delta_max,1,cross_layer_handoff_executed
resource-defense_fixed-split_seed0,0,fixed-split,resource-defense,1,7,PSO,2.0871350118071144,2.406100044026971,0.8078919999999998,0.8078919999999998,0.0,0.0,0.0,0.05590731083140581,4.552955704725392,2.4658206929182773,strict_delta_max,1,cross_layer_handoff_executed
resource-defense_fixed-split_seed0,0,fixed-split,resource-defense,2,0,RL,4.0,4.1010999120771885,0.726196,0.726196,0.0,0.0,0.0,0.0,22.0,18.0,strict_delta_max,2,cross_layer_handoff_executed
resource-defense_fixed-split_seed0,0,fixed-split,resource-defense,2,1,GA,3.742623707715902,2.2713999496772885,0.701608,0.701608,0.0,0.0,0.421510814450338,0.020506159221624118,18.0,14.257376292284098,strict_delta_max,1,cross_layer_handoff_executed
resource-defense_fixed-split_seed0,0,fixed-split,resource-defense,2,2,PSO,1.5725020609651414,2.3390999995172024,0.842432,0.842432,0.0,0.0,0.0,0.05755619750482654,14.257376292284098,12.684874231318958,strict_delta_max,1,cross_layer_handoff_executed
resource-defense_fixed-split_seed0,0,fixed-split,resource-defense,2,3,RL,4.0,4.063299973495305,0.726196,0.726196,0.0,0.0,0.0,0.042269500000000015,12.684874231318958,8.684874231318958,strict_delta_max,2,cross_layer_handoff_executed
resource-defense_fixed-split_seed0,0,fixed-split,resource-defense,2,4,GA,2.082256637816921,2.347799949347973,0.7407600000000001,0.7407600000000001,0.0,0.0,0.3305026815904769,0.03715962210978182,8.684874231318958,6.602617593502036,strict_delta_max,1,cross_layer_handoff_executed
resource-defense_fixed-split_seed0,0,fixed-split,resource-defense,2,5,PSO,2.181001103088103,2.2504000226035714,0.855664,0.855664,0.0,0.0,0.0,0.03288562606495464,6.602617593502036,4.421616490413934,strict_delta_max,1,cross_layer_handoff_executed
resource-defense_fixed-split_seed0,0,fixed-split,resource-defense,2,6,RL,4.0,4.0843000169843435,0.728468,0.728468,0.0,0.0,0.0,0.0,4.421616490413934,0.4216164904139337,strict_delta_max,2,cross_layer_handoff_executed
resource-defense_fixed-split_seed0,0,fixed-split,resource-defense,3,0,GA,2.5242909841781027,2.2755999816581607,-0.11494999999999977,-0.11494999999999977,0.0,0.0,0.2246010555385666,0.028931054982472476,22.0,19.4757090158219,strict_delta_max,1,cross_layer_handoff_executed
resource-defense_fixed-split_seed0,0,fixed-split,resource-defense,3,1,PSO,2.666698163112854,2.2837999276816845,0.8022179999999999,0.8022179999999999,0.0,0.0,0.0,0.05247173923737774,19.4757090158219,16.809010852709044,strict_delta_max,1,cross_layer_handoff_executed
resource-defense_fixed-split_seed0,0,fixed-split,resource-defense,3,2,RL,1.3436769145139917,4.040000028908253,0.7591749999999998,0.7591749999999998,0.0,0.0,0.0,0.0,16.809010852709044,15.465333938195052,strict_delta_max,2,cross_layer_handoff_executed
resource-defense_fixed-split_seed0,0,fixed-split,resource-defense,3,3,GA,1.8051708872793644,2.355900011025369,0.692868,0.692868,0.0,0.0,0.2171243002092402,0.043794703253789855,15.465333938195052,13.660163050915687,strict_delta_max,1,cross_layer_handoff_executed
resource-defense_fixed-split_seed0,0,fixed-split,resource-defense,3,4,PSO,3.2305823023580538,2.0869000582024455,0.18358799999999992,0.18358799999999992,0.0,0.0,0.0,0.04698564770794893,13.660163050915687,10.429580748557633,strict_delta_max,1,cross_layer_handoff_executed
resource-defense_fixed-split_seed0,0,fixed-split,resource-defense,3,5,RL,1.1593904813240952,4.145000013522804,0.7714279999999998,0.7714279999999998,0.0,0.0,0.0,0.4914789358536352,10.429580748557633,9.270190267233538,strict_delta_max,2,cross_layer_handoff_executed
resource-defense_fixed-split_seed0,0,fixed-split,resource-defense,3,6,GA,3.6779086670399126,2.412299974821508,0.2778480000000001,0.2778480000000001,0.0,0.0,0.21255719577268908,0.025131307577656237,9.270190267233538,5.592281600193625,strict_delta_max,1,cross_layer_handoff_executed
resource-defense_fixed-split_seed0,0,fixed-split,resource-defense,3,7,PSO,1.5415836889167582,2.230399986729026,0.7086559999999998,0.7086559999999998,0.0,0.0,0.0,0.08455720108290656,5.592281600193625,4.050697911276867,strict_delta_max,1,cross_layer_handoff_executed
resource-defense_fixed-split_seed0,0,fixed-split,resource-defense,3,8,RL,3.158893195203189,4.230599966831505,0.7599519999999998,0.7599519999999998,0.0,0.0,0.0,0.0,4.050697911276867,0.8918047160736777,strict_delta_max,2,cross_layer_handoff_executed
resource-defense_fixed-split_seed0,0,fixed-split,resource-defense,4,0,GA,2.757960904203098,2.4571999674662948,0.701608,0.701608,0.0,0.0,0.11311324424760497,0.029811787089798574,22.0,19.2420390957969,strict_delta_max,1,cross_layer_handoff_executed
resource-defense_fixed-split_seed0,0,fixed-split,resource-defense,4,1,PSO,2.5751173593540466,2.475100103765726,0.863358,0.863358,0.0,0.0,0.0,0.061731581696614427,19.2420390957969,16.666921736442855,strict_delta_max,1,cross_layer_handoff_executed
resource-defense_fixed-split_seed0,0,fixed-split,resource-defense,4,2,RL,2.7611405204313084,4.232599982060492,0.7734359999999998,0.7734359999999998,0.0,0.0,0.0,0.023995881234487287,16.666921736442855,13.905781216011547,strict_delta_max,2,cross_layer_handoff_executed
resource-defense_fixed-split_seed0,0,fixed-split,resource-defense,4,3,GA,2.5521851950283625,2.313000033609569,0.701608,0.701608,0.0,0.0,0.12250005525042117,0.028797123108754395,13.905781216011547,11.353596020983185,strict_delta_max,1,cross_layer_handoff_executed
resource-defense_fixed-split_seed0,0,fixed-split,resource-defense,4,4,PSO,1.2463066720193832,2.992599969729781,0.8811239999999998,0.8811239999999998,0.0,0.0,0.0,0.11784559657472464,11.353596020983185,10.107289348963802,strict_delta_max,1,cross_layer_handoff_executed
resource-defense_fixed-split_seed0,0,fixed-split,resource-defense,4,5,RL,4.0,4.3836000841110945,0.7734359999999998,0.7734359999999998,0.0,0.0,0.0,0.0,10.107289348963802,6.107289348963802,strict_delta_max,2,cross_layer_handoff_executed
resource-defense_fixed-split_seed0,0,fixed-split,resource-defense,4,6,GA,3.8120485142322798,2.646800014190376,0.6984999999999999,0.6984999999999999,0.0,0.0,0.12998834998804937,0.020196865822847337,6.107289348963802,2.295240834731522,strict_delta_max,1,cross_layer_handoff_executed
resource-defense_fixed-split_seed0,0,fixed-split,resource-defense,5,0,PSO,1.8821062837554927,2.710200031287968,0.841248,0.841248,0.0,0.0,0.0,0.06619345829130212,22.0,20.117893716244506,strict_delta_max,1,cross_layer_handoff_executed
resource-defense_fixed-split_seed0,0,fixed-split,resource-defense,5,1,RL,3.794250104190311,3.9918000111356378,0.7734359999999998,0.7734359999999998,0.0,0.0,0.0,0.037883638677707526,20.117893716244506,16.323643612054195,strict_delta_max,2,cross_layer_handoff_executed
resource-defense_fixed-split_seed0,0,fixed-split,resource-defense,5,2,GA,1.8752906652708443,2.378899953328073,0.5002300000000002,0.5002300000000002,0.0,0.0,0.13776563816548315,0.03239437265718382,16.323643612054195,14.44835294678335,strict_delta_max,1,cross_layer_handoff_executed
resource-defense_fixed-split_seed0,0,fixed-split,resource-defense,5,3,PSO,1.8327606596634578,2.2366000339388847,0.814648,0.814648,0.0,0.0,0.0,0.07212248258704179,14.44835294678335,12.615592287119892,strict_delta_max,1,cross_layer_handoff_executed
resource-defense_fixed-split_seed0,0,fixed-split,resource-defense,5,4,RL,2.471357470727972,3.9935000240802765,0.7734359999999998,0.7734359999999998,0.0,0.0,0.0,0.07551153655850112,12.615592287119892,10.14423481639192,strict_delta_max,2,cross_layer_handoff_executed
resource-defense_fixed-split_seed0,0,fixed-split,resource-defense,5,5,GA,1.0327382435887429,2.386000007390976,0.35681700000000005,0.35681700000000005,0.0,0.0,0.14248365981012906,0.07315071739394681,10.14423481639192,9.111496572803178,strict_delta_max,1,cross_layer_handoff_executed
resource-defense_fixed-split_seed0,0,fixed-split,resource-defense,5,6,PSO,1.8824271727524184,2.2430000826716423,0.845628,0.845628,0.0,0.0,0.0,0.05563002270802785,9.111496572803178,7.22906940005076,strict_delta_max,1,cross_layer_handoff_executed
resource-defense_fixed-split_seed0,0,fixed-split,resource-defense,5,7,RL,1.511750497238473,4.007500014267862,0.7734359999999998,0.7734359999999998,0.0,0.0,0.0,0.0,7.22906940005076,5.717318902812287,strict_delta_max,2,cross_layer_handoff_executed
resource-defense_fixed-split_seed0,0,fixed-split,resource-defense,5,8,GA,3.088583893293185,2.1747000282630324,0.8754559999999999,0.8754559999999999,0.0,0.0,0.14110155911260244,0.024692138866627,5.717318902812287,2.6287350095191018,strict_delta_max,1,cross_layer_handoff_executed
resource-defense_fixed-split_seed1,1,fixed-split,resource-defense,0,0,GA,1.9020835094768749,2.7275000466033816,0.7475840000000001,0.7475840000000001,0.0,0.0,0.9187276469971314,0.10320116966747558,22.0,20.097916490523126,strict_delta_max,1,cross_layer_handoff_executed
resource-defense_fixed-split_seed1,1,fixed-split,resource-defense,0,1,PSO,1.753787846213536,2.231899998150766,0.7298560000000001,0.7298560000000001,0.0,0.0,0.0,0.07933765931040297,20.097916490523126,18.34412864430959,strict_delta_max,1,cross_layer_handoff_executed
resource-defense_fixed-split_seed1,1,fixed-split,resource-defense,0,2,RL,4.0,4.0611999575048685,0.9027639999999999,0.9027639999999999,0.0,0.012604000000000004,0.0,0.0,18.34412864430959,14.344128644309588,strict_delta_max,2,cross_layer_handoff_executed
resource-defense_fixed-split_seed1,1,fixed-split,resource-defense,0,3,GA,3.4809483824350433,2.2070000413805246,0.854968,0.854968,0.0,0.0,0.8325725896037208,0.02900098157656912,14.344128644309588,10.863180261874545,strict_delta_max,1,cross_layer_handoff_executed
resource-defense_fixed-split_seed1,1,fixed-split,resource-defense,0,4,PSO,1.4038699271845236,2.363499952480197,0.12170400000000003,0.12170400000000003,0.0,0.0,0.0,0.06255193535273662,10.863180261874545,9.459310334690022,strict_delta_max,1,cross_layer_handoff_executed
resource-defense_fixed-split_seed1,1,fixed-split,resource-defense,0,5,RL,4.0,3.790799994021654,0.9027639999999999,0.9027639999999999,0.0,0.0,0.0,0.290659,9.459310334690022,5.459310334690022,strict_delta_max,2,cross_layer_handoff_executed
resource-defense_fixed-split_seed1,1,fixed-split,resource-defense,0,6,GA,2.9511296279430206,2.359400037676096,0.8402479999999999,0.8402479999999999,0.0,0.0,0.713969529193905,0.021636768912543132,5.459310334690022,2.508180706747001,strict_delta_max,1,cross_layer_handoff_executed
resource-defense_fixed-split_seed1,1,fixed-split,resource-defense,1,0,PSO,2.110202535127694,2.1332999458536506,0.889848,0.889848,0.0,0.0,0.0,0.00804828438752089,22.0,19.889797464872306,strict_delta_max,1,cross_layer_handoff_executed
resource-defense_fixed-split_seed1,1,fixed-split,resource-defense,1,1,RL,3.5372519470062302,4.011300043202937,0.9027639999999999,0.9027639999999999,0.0,0.0,0.0,0.0,19.889797464872306,16.352545517866076,strict_delta_max,2,cross_layer_handoff_executed
resource-defense_fixed-split_seed1,1,fixed-split,resource-defense,1,2,GA,3.1931275460903046,2.337799989618361,0.889848,0.889848,0.0,0.0,0.6095297573028537,0.021230215267887535,16.352545517866076,13.159417971775772,strict_delta_max,1,cross_layer_handoff_executed
resource-defense_fixed-split_seed1,1,fixed-split,resource-defense,1,3,PSO,3.2688546333497266,2.309100003913045,0.41209600000000013,0.41209600000000013,0.0,0.0,0.0,0.02481465226372821,13.159417971775772,9.890563338426045,strict_delta_max,1,cross_layer_handoff_executed
resource-defense_fixed-split_seed1,1,fixed-split,resource-defense,1,4,RL,3.021897131031914,4.113100003451109,0.9027639999999999,0.9027639999999999,0.0,0.0,0.0,0.0,9.890563338426045,6.868666207394131,strict_delta_max,2,cross_layer_handoff_executed
resource-defense_fixed-split_seed1,1,fixed-split,resource-defense,1,5,GA,2.394460925684707,2.174000022932887,0.622792,0.622792,0.0,0.0,0.5849407798060527,0.029946928564862363,6.868666207394131,4.474205281709424,strict_delta_max,1,cross_layer_handoff_executed
resource-defense_fixed-split_seed1,1,fixed-split,resource-defense,1,6,PSO,2.8017412077881034,2.3195999674499035,0.854968,0.854968,0.0,0.0,0.0,0.023909200819865386,4.474205281709424,1.6724640739213208,strict_delta_max,1,cross_layer_handoff_executed
resource-defense_fixed-split_seed1,1,fixed-split,resource-defense,2,0,RL,4.0,4.355099983513355,0.9027639999999999,0.9027639999999999,0.0,0.0,0.0,0.013001500000000062,22.0,18.0,strict_delta_max,2,cross_layer_handoff_executed
resource-defense_fixed-split_seed1,1,fixed-split,resource-defense,2,1,GA,3.4772050016394647,2.220899914391339,0.854968,0.854968,0.0,0.0,0.5446873685535536,0.036346460417774826,18.0,14.522794998360535,strict_delta_max,1,cross_layer_handoff_executed
resource-defense_fixed-split_seed1,1,fixed-split,resource-defense,2,2,PSO,2.8624173430218938,2.320699975825846,0.889848,0.889848,0.0,0.0,0.0,0.006032029716831812,14.522794998360535,11.66037765533864,strict_delta_max,1,cross_layer_handoff_executed
resource-defense_fixed-split_seed1,1,fixed-split,resource-defense,2,3,RL,1.122210409896033,4.024600028060377,0.8945679999999999,0.8945679999999999,0.0,0.0,0.0,0.30218575501488837,11.66037765533864,10.538167245442608,strict_delta_max,2,cross_layer_handoff_executed
resource-defense_fixed-split_seed1,1,fixed-split,resource-defense,2,4,GA,3.8136033046499365,2.1246999967843294,0.852968,0.852968,0.0,0.0,0.5113252085758064,0.01782891385391078,10.538167245442608,6.724563940792672,strict_delta_max,1,cross_layer_handoff_executed
resource-defense_fixed-split_seed1,1,fixed-split,resource-defense,2,5,PSO,1.2865526167477672,2.2589999716728926,0.91228,0.91228,0.0,0.007396510547742116,0.0,0.06321310433349706,6.724563940792672,5.438011324044905,strict_delta_max,1,cross_layer_handoff_executed
resource-defense_fixed-split_seed1,1,fixed-split,resource-defense,2,6,RL,4.0,4.042599932290614,0.8945679999999999,0.8945679999999999,0.0,0.0,0.0,0.059742500000000004,5.438011324044905,1.438011324044905,strict_delta_max,2,cross_layer_handoff_executed
resource-defense_fixed-split_seed1,1,fixed-split,resource-defense,3,0,GA,3.3427080385879195,2.3294000420719385,0.6304719999999999,0.6304719999999999,0.0,0.0,0.39979681068997,0.022680902818723727,22.0,18.65729196141208,strict_delta_max,1,cross_layer_handoff_executed
resource-defense_fixed-split_seed1,1,fixed-split,resource-defense,3,1,PSO,2.497969978354465,2.419399912469089,0.92222,0.92222,0.0,0.003979231170163231,0.0,0.023203267306547825,18.65729196141208,16.159321983057616,strict_delta_max,1,cross_layer_handoff_executed
resource-defense_fixed-split_seed1,1,fixed-split,resource-defense,3,2,RL,1.155933396391025,3.967100055888295,0.9027639999999999,0.9027639999999999,0.0,0.0,0.0,0.0,16.159321983057616,15.003388586666592,strict_delta_max,2,cross_layer_handoff_executed
resource-defense_fixed-split_seed1,1,fixed-split,resource-defense,3,3,GA,3.5714878861528216,2.318299957551062,0.8677999999999999,0.8677999999999999,0.0,0.0,0.28208836338198373,0.022246770633737332,15.003388586666592,11.43190070051377,strict_delta_max,1,cross_layer_handoff_executed
resource-defense_fixed-split_seed1,1,fixed-split,resource-defense,3,4,PSO,1.0,2.182300086133182,0.8613279999999999,0.8613279999999999,0.0,0.0,0.0,0.08286470548104408,11.43190070051377,10.43190070051377,strict_delta_max,1,cross_layer_handoff_executed
resource-defense_fixed-split_seed1,1,fixed-split,resource-defense,3,5,RL,2.860745536466986,4.052600008435547,0.9027639999999999,0.9027639999999999,0.0,0.0,0.0,0.08583356921121042,10.43190070051377,7.571155164046784,strict_delta_max,2,cross_layer_handoff_executed
resource-defense_fixed-split_seed1,1,fixed-split,resource-defense,3,6,GA,2.2549047364175645,2.306699985638261,0.12170400000000003,0.12170400000000003,0.0,0.0,0.1609778625380336,0.03171686143235012,7.571155164046784,5.316250427629219,strict_delta_max,1,cross_layer_handoff_executed
resource-defense_fixed-split_seed1,1,fixed-split,resource-defense,3,7,PSO,3.3600420251679135,2.16599996201694,0.8402479999999999,0.8402479999999999,0.0,0.0,0.0,0.023787425604004132,5.316250427629219,1.9562084024613058,strict_delta_max,1,cross_layer_handoff_executed
resource-defense_fixed-split_seed1,1,fixed-split,resource-defense,4,0,RL,3.314787552277961,4.130200017243624,0.9027639999999999,0.9027639999999999,0.0,0.0,0.0,0.0,22.0,18.685212447722037,strict_delta_max,2,cross_layer_handoff_executed
resource-defense_fixed-split_seed1,1,fixed-split,resource-defense,4,1,GA,3.4966485748995852,2.376000047661364,0.854968,0.854968,0.0,0.0,0.16327074973795352,0.02302239230287375,18.685212447722037,15.188563872822453,strict_delta_max,1,cross_layer_handoff_executed
resource-defense_fixed-split_seed1,1,fixed-split,resource-defense,4,2,PSO,1.8128140052230923,2.18079995829612,0.900552,0.900552,0.0,0.0,0.0,0.02336302984740225,15.188563872822453,13.37574986759936,strict_delta_max,1,cross_layer_handoff_executed
resource-defense_fixed-split_seed1,1,fixed-split,resource-defense,4,3,RL,1.6910843379903804,4.083900013938546,0.9027639999999999,0.9027639999999999,0.0,0.0,0.0,0.02499934453312899,13.37574986759936,11.68466552960898,strict_delta_max,2,cross_layer_handoff_executed
resource-defense_fixed-split_seed1,1,fixed-split,resource-defense,4,4,GA,2.667391049095386,2.3093000054359436,0.8613279999999999,0.8613279999999999,0.0,0.0,0.1653107186890449,0.026051003260447656,11.68466552960898,9.017274480513594,strict_delta_max,1,cross_layer_handoff_executed
resource-defense_fixed-split_seed1,1,fixed-split,resource-defense,4,5,PSO,2.3442585519611705,2.1880998974666,0.8613279999999999,0.8613279999999999,0.0,0.0,0.0,0.030855638152181706,9.017274480513594,6.673015928552424,strict_delta_max,1,cross_layer_handoff_executed
resource-defense_fixed-split_seed1,1,fixed-split,resource-defense,4,6,RL,1.9144903126222734,3.766800044104457,0.9027639999999999,0.9027639999999999,0.0,0.0,0.0,0.0,6.673015928552424,4.75852561593015,strict_delta_max,2,cross_layer_handoff_executed
resource-defense_fixed-split_seed1,1,fixed-split,resource-defense,4,7,GA,2.55566517160596,2.356400014832616,0.9248319999999999,0.9248319999999999,0.0,0.0010220431177838825,0.08800238279346487,0.023923745881540375,4.75852561593015,2.20286044432419,strict_delta_max,1,cross_layer_handoff_executed
resource-defense_fixed-split_seed1,1,fixed-split,resource-defense,5,0,PSO,2.8415882320734718,2.105399966239929,0.704008,0.704008,0.0,0.0,0.0,0.030627996458488824,22.0,19.158411767926527,strict_delta_max,1,cross_layer_handoff_executed
resource-defense_fixed-split_seed1,1,fixed-split,resource-defense,5,1,RL,2.5036175369745926,3.9404999697580934,0.9201159999999998,0.9201159999999998,0.0,0.0,0.0,0.0,19.158411767926527,16.654794230951936,strict_delta_max,2,cross_layer_handoff_executed
resource-defense_fixed-split_seed1,1,fixed-split,resource-defense,5,2,GA,3.2419910320648158,2.335999975912273,0.16135200000000002,0.16135200000000002,0.0,0.0,0.08971244380780342,0.03180843754692269,16.654794230951936,13.41280319888712,strict_delta_max,1,cross_layer_handoff_executed
resource-defense_fixed-split_seed1,1,fixed-split,resource-defense,5,3,PSO,3.5503910537404058,2.2115999599918723,0.9093199999999999,0.9093199999999999,0.0,0.0,0.0,0.010818518853108071,13.41280319888712,9.862412145146715,strict_delta_max,1,cross_layer_handoff_executed
resource-defense_fixed-split_seed1,1,fixed-split,resource-defense,5,4,RL,2.815519217786527,4.044499946758151,0.9224759999999999,0.9224759999999999,0.0,0.0,0.0,0.6165392120337552,9.862412145146715,7.046892927360188,strict_delta_max,2,cross_layer_handoff_executed
resource-defense_fixed-split_seed1,1,fixed-split,resource-defense,5,5,GA,2.286324288847343,2.177800051867962,0.9080079999999999,0.9080079999999999,0.0,0.0,0.15055241695437196,0.034488862664242954,7.046892927360188,4.760568638512845,strict_delta_max,1,cross_layer_handoff_executed
resource-defense_fixed-split_seed1,1,fixed-split,resource-defense,5,6,PSO,2.287274740221504,2.238400047644973,0.12170400000000003,0.12170400000000003,0.0,0.0,0.0,0.029838550893889218,4.760568638512845,2.4732938982913413,strict_delta_max,1,cross_layer_handoff_executed
resource-defense_fixed-split_seed2,2,fixed-split,resource-defense,0,0,GA,3.9051999001172466,2.7120999293401837,0.26544600000000007,0.26544600000000007,0.0,0.0,0.9221321296069481,0.03772849699813911,22.0,18.094800099882754,strict_delta_max,1,cross_layer_handoff_executed
resource-defense_fixed-split_seed2,2,fixed-split,resource-defense,0,1,PSO,1.0477483033184853,2.2484000073745847,0.12172799999999984,0.12172799999999984,0.0,0.0,0.0,0.14499387204475772,18.094800099882754,17.04705179656427,strict_delta_max,1,cross_layer_handoff_executed
resource-defense_fixed-split_seed2,2,fixed-split,resource-defense,0,2,RL,2.0715315278143036,3.9235999574884772,-0.29552199999999995,-0.29552199999999995,0.0,0.0,0.0,0.32114596908980075,17.04705179656427,14.975520268749964,strict_delta_max,2,cross_layer_handoff_executed
resource-defense_fixed-split_seed2,2,fixed-split,resource-defense,0,3,GA,2.929206743654812,2.2042999044060707,0.1216279999999999,0.1216279999999999,0.0,0.0,0.9091336900778896,0.04864995141401914,14.975520268749964,12.046313525095151,strict_delta_max,1,cross_layer_handoff_executed
resource-defense_fixed-split_seed2,2,fixed-split,resource-defense,0,4,PSO,1.2040818476112218,2.2581000812351704,0.12172799999999984,0.12172799999999984,0.0,0.0,0.0,0.11687578326066757,12.046313525095151,10.842231677483928,strict_delta_max,1,cross_layer_handoff_executed
resource-defense_fixed-split_seed2,2,fixed-split,resource-defense,0,5,RL,1.104152196523844,4.008800024166703,-0.222992,-0.222992,0.0,0.0,0.0,0.0,10.842231677483928,9.738079480960085,strict_delta_max,2,cross_layer_handoff_executed
resource-defense_fixed-split_seed2,2,fixed-split,resource-defense,0,6,GA,3.5060691506154504,2.373000024817884,0.657472,0.657472,0.0,0.0,0.9031393577729832,0.04976998442690581,9.738079480960085,6.232010330344634,strict_delta_max,1,cross_layer_handoff_executed
resource-defense_fixed-split_seed2,2,fixed-split,resource-defense,0,7,PSO,3.2964373236457085,2.1893999073654413,0.04307799999999995,0.04307799999999995,0.0,0.0,0.0,0.03816598684789514,6.232010330344634,2.9355730066989256,strict_delta_max,1,cross_layer_handoff_executed
resource-defense_fixed-split_seed2,2,fixed-split,resource-defense,1,0,RL,3.5803501118292886,4.0917000733315945,-0.07732199999999997,-0.07732199999999997,0.0,0.0,0.0,0.0,22.0,18.41964988817071,strict_delta_max,2,cross_layer_handoff_executed
resource-defense_fixed-split_seed2,2,fixed-split,resource-defense,1,1,GA,2.3272677848466587,2.339300001040101,0.526882,0.526882,0.0,0.0,0.8900692926057706,0.07106040493439252,18.41964988817071,16.092382103324052,strict_delta_max,1,cross_layer_handoff_executed
resource-defense_fixed-split_seed2,2,fixed-split,resource-defense,1,2,PSO,3.519720276980774,2.2441999753937125,0.12172799999999984,0.12172799999999984,0.0,0.0,0.0,0.03548146890232629,16.092382103324052,12.572661826343278,strict_delta_max,1,cross_layer_handoff_executed
resource-defense_fixed-split_seed2,2,fixed-split,resource-defense,1,3,RL,3.4045179352849386,4.06249996740371,0.677516,0.677516,0.0,0.005887470819953984,0.0,0.0,12.572661826343278,9.168143891058339,strict_delta_max,2,cross_layer_handoff_executed
resource-defense_fixed-split_seed2,2,fixed-split,resource-defense,1,4,GA,3.8049898325274754,2.3598000407218933,0.657472,0.657472,0.0,0.0,0.8787079747592791,0.0420513290881972,9.168143891058339,5.3631540585308635,strict_delta_max,1,cross_layer_handoff_executed
resource-defense_fixed-split_seed2,2,fixed-split,resource-defense,1,5,PSO,3.554799386212883,2.253799932077527,0.15024799999999983,0.15024799999999983,0.0,0.0,0.0,0.03660608418710082,5.3631540585308635,1.8083546723179804,strict_delta_max,1,cross_layer_handoff_executed
resource-defense_fixed-split_seed2,2,fixed-split,resource-defense,2,0,RL,2.1014485342469094,4.010400036349893,0.7161119999999999,0.7161119999999999,0.0,0.018366378891040223,0.0,0.10573849246307172,22.0,19.89855146575309,strict_delta_max,2,cross_layer_handoff_executed
resource-defense_fixed-split_seed2,2,fixed-split,resource-defense,2,1,GA,1.5757689899186331,2.225999953225255,0.657472,0.657472,0.0,0.0,0.8084814045500452,0.12413067857199601,19.89855146575309,18.322782475834458,strict_delta_max,1,cross_layer_handoff_executed
resource-defense_fixed-split_seed2,2,fixed-split,resource-defense,2,2,PSO,1.7196731665175935,2.388700027950108,0.8006059999999999,0.8006059999999999,0.0,0.049133754974559365,0.0,0.04557908232919515,18.322782475834458,16.603109309316864,strict_delta_max,1,cross_layer_handoff_executed
resource-defense_fixed-split_seed2,2,fixed-split,resource-defense,2,3,RL,1.5382874624470662,4.080199985764921,0.7161119999999999,0.7161119999999999,0.0,0.0,0.0,0.0,16.603109309316864,15.064821846869798,strict_delta_max,2,cross_layer_handoff_executed
resource-defense_fixed-split_seed2,2,fixed-split,resource-defense,2,4,GA,3.172897865185073,2.310499898158014,0.59117,0.59117,0.0,0.0,0.6722370594113442,0.028523304288160183,15.064821846869798,11.891923981684725,strict_delta_max,1,cross_layer_handoff_executed
resource-defense_fixed-split_seed2,2,fixed-split,resource-defense,2,5,PSO,2.061633490747105,2.1072999807074666,0.06502800000000014,0.06502800000000014,0.0,0.0,0.0,0.05900387287653524,11.891923981684725,9.830290490937621,strict_delta_max,1,cross_layer_handoff_executed
resource-defense_fixed-split_seed2,2,fixed-split,resource-defense,2,6,RL,3.560243772669269,3.4175000619143248,0.646258,0.646258,0.0,0.0,0.0,0.0,9.830290490937621,6.270046718268352,strict_delta_max,2,cross_layer_handoff_executed
resource-defense_fixed-split_seed2,2,fixed-split,resource-defense,2,7,GA,3.9680375939724826,2.23399989772588,-0.27447199999999994,-0.27447199999999994,0.0,0.0,0.6174481967390001,0.01690469704325449,6.270046718268352,2.3020091242958696,strict_delta_max,1,cross_layer_handoff_executed
resource-defense_fixed-split_seed2,2,fixed-split,resource-defense,3,0,PSO,2.5127679717935427,2.122600097209215,0.7161119999999999,0.7161119999999999,0.0,0.0,0.0,0.01668407580018685,22.0,19.487232028206456,strict_delta_max,1,cross_layer_handoff_executed
resource-defense_fixed-split_seed2,2,fixed-split,resource-defense,3,1,RL,3.7100201692069317,3.9474000222980976,0.646258,0.646258,0.0,0.0,0.0,0.43280249884550953,19.487232028206456,15.777211858999525,strict_delta_max,2,cross_layer_handoff_executed
resource-defense_fixed-split_seed2,2,fixed-split,resource-defense,3,2,GA,3.3824575939200088,2.2255999501794577,0.5903740000000001,0.5903740000000001,0.0,0.0,0.5240588612819085,0.023081794692141125,15.777211858999525,12.394754265079516,strict_delta_max,1,cross_layer_handoff_executed
resource-defense_fixed-split_seed2,2,fixed-split,resource-defense,3,3,PSO,3.266358304072535,2.3101000115275383,0.12172799999999984,0.12172799999999984,0.0,0.0,0.0,0.028165308382382535,12.394754265079516,9.128395961006982,strict_delta_max,1,cross_layer_handoff_executed
resource-defense_fixed-split_seed2,2,fixed-split,resource-defense,3,4,RL,2.175327078120747,4.1476000333204865,0.7161119999999999,0.7161119999999999,0.0,0.0,0.0,0.17457512657272253,9.128395961006982,6.953068882886235,strict_delta_max,2,cross_layer_handoff_executed
resource-defense_fixed-split_seed2,2,fixed-split,resource-defense,3,5,GA,2.0424889183393113,2.362599945627153,0.876954,0.876954,0.0,0.03737988456851772,0.49627931923502183,0.07966320395306985,6.953068882886235,4.910579964546924,strict_delta_max,1,cross_layer_handoff_executed
resource-defense_fixed-split_seed2,2,fixed-split,resource-defense,3,6,PSO,2.6977349717159167,2.2853000555187464,0.12172799999999984,0.12172799999999984,0.0,0.0,0.0,0.036302547511656805,4.910579964546924,2.2128449928310077,strict_delta_max,1,cross_layer_handoff_executed
resource-defense_fixed-split_seed2,2,fixed-split,resource-defense,4,0,RL,3.7593806483771783,3.904900047928095,0.769536,0.769536,0.0,0.0,0.0,0.0,22.0,18.240619351622822,strict_delta_max,2,cross_layer_handoff_executed
resource-defense_fixed-split_seed2,2,fixed-split,resource-defense,4,1,GA,3.2349575119500504,2.4358000373467803,0.6494319999999999,0.6494319999999999,0.0,0.0,0.5251568580611614,0.023499507881574795,18.240619351622822,15.005661839672772,strict_delta_max,1,cross_layer_handoff_executed
resource-defense_fixed-split_seed2,2,fixed-split,resource-defense,4,2,PSO,2.0346978017001054,2.4191999109461904,-0.04767199999999999,-0.04767199999999999,0.0,0.0,0.0,0.043206156947297555,15.005661839672772,12.970964037972667,strict_delta_max,1,cross_layer_handoff_executed
resource-defense_fixed-split_seed2,2,fixed-split,resource-defense,4,3,RL,1.880697326028395,4.145100014284253,0.762052,0.762052,0.0,0.0,0.0,0.0,12.970964037972667,11.090266711944272,strict_delta_max,2,cross_layer_handoff_executed
resource-defense_fixed-split_seed2,2,fixed-split,resource-defense,4,4,GA,3.278017050643304,2.248200005851686,0.89228,0.89228,0.0,0.004675387517277329,0.4569115934526864,0.04035748968466969,11.090266711944272,7.812249661300968,strict_delta_max,1,cross_layer_handoff_executed
resource-defense_fixed-split_seed2,2,fixed-split,resource-defense,4,5,PSO,1.403445459556437,2.224600058980286,0.12172799999999984,0.12172799999999984,0.0,0.0,0.0,0.06772114894713505,7.812249661300968,6.408804201744531,strict_delta_max,1,cross_layer_handoff_executed
resource-defense_fixed-split_seed2,2,fixed-split,resource-defense,4,6,RL,3.514506895236044,4.279499989934266,0.7626820000000001,0.7626820000000001,0.0,0.0,0.0,0.14432977800885263,6.408804201744531,2.8942973065084874,strict_delta_max,2,cross_layer_handoff_executed
resource-defense_fixed-split_seed2,2,fixed-split,resource-defense,5,0,GA,2.6083196198147713,2.3981999838724732,0.657472,0.657472,0.0,0.0,0.37647959164251177,0.02589623888647757,22.0,19.391680380185228,strict_delta_max,1,cross_layer_handoff_executed
resource-defense_fixed-split_seed2,2,fixed-split,resource-defense,5,1,PSO,3.1249966526067303,3.373200073838234,0.12172799999999984,0.12172799999999984,0.0,0.0,0.0,0.028677562008157607,19.391680380185228,16.2666837275785,strict_delta_max,1,cross_layer_handoff_executed
resource-defense_fixed-split_seed2,2,fixed-split,resource-defense,5,2,RL,4.0,4.149300046265125,0.7399519999999999,0.7399519999999999,0.0,0.0,0.0,0.0,16.2666837275785,12.2666837275785,strict_delta_max,2,cross_layer_handoff_executed
resource-defense_fixed-split_seed2,2,fixed-split,resource-defense,5,3,GA,2.5974939077598416,2.3255000123754144,0.791088,0.791088,0.0,0.0,0.3620055029198635,0.06198200029203866,12.2666837275785,9.669189819818659,strict_delta_max,1,cross_layer_handoff_executed
resource-defense_fixed-split_seed2,2,fixed-split,resource-defense,5,4,PSO,1.8378656582745352,2.363500068895519,0.794128,0.794128,0.0,0.0,0.0,0.03874745280181861,9.669189819818659,7.831324161544123,strict_delta_max,1,cross_layer_handoff_executed
resource-defense_fixed-split_seed2,2,fixed-split,resource-defense,5,5,RL,1.6995289819634751,4.1467000264674425,0.7967479999999999,0.7967479999999999,0.0,0.0,0.0,0.07341798893940932,7.831324161544123,6.1317951795806485,strict_delta_max,2,cross_layer_handoff_executed
resource-defense_fixed-split_seed2,2,fixed-split,resource-defense,5,6,GA,1.730400970030689,2.471699961461127,0.5141060000000001,0.5141060000000001,0.0,0.0,0.3542313929353083,0.05035281717211945,6.1317951795806485,4.401394209549959,strict_delta_max,1,cross_layer_handoff_executed
resource-defense_fixed-split_seed2,2,fixed-split,resource-defense,5,7,PSO,1.6390597320561227,2.2720000706613064,0.5928960000000001,0.5928960000000001,0.0,0.0,0.0,0.049612652814669776,4.401394209549959,2.7623344774938365,strict_delta_max,1,cross_layer_handoff_executed
resource-defense_round-robin_seed0,0,round-robin,resource-defense,0,0,GA,2.900117049606808,2.7465999592095613,0.675128,0.675128,0.0,0.0,0.9088272647789373,0.05260290404668859,22.0,19.09988295039319,strict_delta_max,1,cross_layer_handoff_executed
resource-defense_round-robin_seed0,0,round-robin,resource-defense,0,1,PSO,1.5305249378732895,1.956299995072186,0.10590799999999989,0.10590799999999989,0.0,0.0,0.0,0.10043349719174326,19.09988295039319,17.569358012519903,strict_delta_max,1,cross_layer_handoff_executed
resource-defense_round-robin_seed0,0,round-robin,resource-defense,0,2,RL,2.1785896675980054,4.175600013695657,0.7029200000000002,0.7029200000000002,0.0,0.0006022244663662349,0.0,0.17213062449408242,17.569358012519903,15.390768344921897,strict_delta_max,2,cross_layer_handoff_executed
resource-defense_round-robin_seed0,0,round-robin,resource-defense,0,3,GA,2.857045352822311,2.4608999956399202,0.6965199999999998,0.6965199999999998,0.0,0.0,0.8406604725099949,0.04059936913562151,15.390768344921897,12.533722992099586,strict_delta_max,1,cross_layer_handoff_executed
resource-defense_round-robin_seed0,0,round-robin,resource-defense,0,4,PSO,1.147541053257409,2.4258000776171684,0.9066799999999999,0.9066799999999999,0.0,0.1775622749370114,0.0,0.12318006669310327,12.533722992099586,11.386181938842176,strict_delta_max,1,cross_layer_handoff_executed
resource-defense_round-robin_seed0,0,round-robin,resource-defense,0,5,RL,3.859466596758335,4.218800109811127,0.7068960000000002,0.7068960000000002,0.0,0.0,0.0,0.0,11.386181938842176,7.5267153420838415,strict_delta_max,2,cross_layer_handoff_executed
resource-defense_round-robin_seed0,0,round-robin,resource-defense,0,6,GA,1.0387709778599095,2.0136000821366906,-0.21203000000000005,-0.21203000000000005,0.0,0.0,0.7485042278260132,0.12112416710660337,7.5267153420838415,6.487944364223932,strict_delta_max,1,cross_layer_handoff_executed
resource-defense_round-robin_seed0,0,round-robin,resource-defense,0,7,PSO,1.8453991154895528,2.371500013396144,0.8214279999999998,0.8214279999999998,0.0,0.0,0.0,0.07405402769062312,6.487944364223932,4.642545248734379,strict_delta_max,1,cross_layer_handoff_executed
resource-defense_round-robin_seed0,0,round-robin,resource-defense,0,8,RL,2.928738647300359,4.071200033649802,0.758896,0.758896,0.0,0.0,0.0,0.23211699023626856,4.642545248734379,1.7138066014340199,strict_delta_max,2,cross_layer_handoff_executed
resource-defense_round-robin_seed0,0,round-robin,resource-defense,1,0,GA,2.446390967044077,2.440200070850551,0.701608,0.701608,0.0,0.0,0.6799484534242094,0.0691265158963363,22.0,19.553609032955922,strict_delta_max,1,cross_layer_handoff_executed
resource-defense_round-robin_seed0,0,round-robin,resource-defense,1,1,PSO,3.0968142867002966,2.2814000258222222,0.858628,0.858628,0.0,0.0,0.0,0.03343312183384014,19.553609032955922,16.456794746255625,strict_delta_max,1,cross_layer_handoff_executed
resource-defense_round-robin_seed0,0,round-robin,resource-defense,1,2,RL,2.3426868247028754,4.178799921646714,0.7350940000000001,0.7350940000000001,0.0,0.0,0.0,0.0,16.456794746255625,14.11410792155275,strict_delta_max,2,cross_layer_handoff_executed
resource-defense_round-robin_seed0,0,round-robin,resource-defense,1,3,GA,1.7443722188962705,2.0712000550702214,-0.21921599999999997,-0.21921599999999997,0.0,0.0,0.5908100786316843,0.07029564442885632,14.11410792155275,12.36973570265648,strict_delta_max,1,cross_layer_handoff_executed
resource-defense_round-robin_seed0,0,round-robin,resource-defense,1,4,PSO,1.8877925074864896,2.3576999083161354,0.7911079999999999,0.7911079999999999,0.0,0.0,0.0,0.05357176613343724,12.36973570265648,10.48194319516999,strict_delta_max,1,cross_layer_handoff_executed
resource-defense_round-robin_seed0,0,round-robin,resource-defense,1,5,RL,3.8148213742841017,4.443200072273612,0.7350940000000001,0.7350940000000001,0.0,0.0,0.0,0.02658368244542807,10.48194319516999,6.667121820885888,strict_delta_max,2,cross_layer_handoff_executed
resource-defense_round-robin_seed0,0,round-robin,resource-defense,1,6,GA,2.1141661161604968,2.919499995186925,0.701608,0.701608,0.0,0.0,0.46422248121535015,0.0748632470996692,6.667121820885888,4.552955704725392,strict_delta_max,1,cross_layer_handoff_executed
resource-defense_round-robin_seed0,0,round-robin,resource-defense,1,7,PSO,2.0871350118071144,2.684699953533709,0.8078919999999998,0.8078919999999998,0.0,0.0,0.0,0.05590731083140581,4.552955704725392,2.4658206929182773,strict_delta_max,1,cross_layer_handoff_executed
resource-defense_round-robin_seed0,0,round-robin,resource-defense,2,0,RL,4.0,4.290299955755472,0.726196,0.726196,0.0,0.0,0.0,0.0,22.0,18.0,strict_delta_max,2,cross_layer_handoff_executed
resource-defense_round-robin_seed0,0,round-robin,resource-defense,2,1,GA,3.742623707715902,2.2104999516159296,0.701608,0.701608,0.0,0.0,0.421510814450338,0.020506159221624118,18.0,14.257376292284098,strict_delta_max,1,cross_layer_handoff_executed
resource-defense_round-robin_seed0,0,round-robin,resource-defense,2,2,PSO,1.5725020609651414,2.3205000907182693,0.842432,0.842432,0.0,0.0,0.0,0.05755619750482654,14.257376292284098,12.684874231318958,strict_delta_max,1,cross_layer_handoff_executed
resource-defense_round-robin_seed0,0,round-robin,resource-defense,2,3,RL,4.0,4.172599990852177,0.726196,0.726196,0.0,0.0,0.0,0.042269500000000015,12.684874231318958,8.684874231318958,strict_delta_max,2,cross_layer_handoff_executed
resource-defense_round-robin_seed0,0,round-robin,resource-defense,2,4,GA,2.082256637816921,2.3063000990077853,0.7407600000000001,0.7407600000000001,0.0,0.0,0.3305026815904769,0.03715962210978182,8.684874231318958,6.602617593502036,strict_delta_max,1,cross_layer_handoff_executed
resource-defense_round-robin_seed0,0,round-robin,resource-defense,2,5,PSO,2.181001103088103,2.2208000300452113,0.855664,0.855664,0.0,0.0,0.0,0.03288562606495464,6.602617593502036,4.421616490413934,strict_delta_max,1,cross_layer_handoff_executed
resource-defense_round-robin_seed0,0,round-robin,resource-defense,2,6,RL,4.0,4.003099980764091,0.728468,0.728468,0.0,0.0,0.0,0.0,4.421616490413934,0.4216164904139337,strict_delta_max,2,cross_layer_handoff_executed
resource-defense_round-robin_seed0,0,round-robin,resource-defense,3,0,GA,2.5242909841781027,2.181999967433512,-0.11494999999999977,-0.11494999999999977,0.0,0.0,0.2246010555385666,0.028931054982472476,22.0,19.4757090158219,strict_delta_max,1,cross_layer_handoff_executed
resource-defense_round-robin_seed0,0,round-robin,resource-defense,3,1,PSO,2.666698163112854,2.344899927265942,0.8022179999999999,0.8022179999999999,0.0,0.0,0.0,0.05247173923737774,19.4757090158219,16.809010852709044,strict_delta_max,1,cross_layer_handoff_executed
resource-defense_round-robin_seed0,0,round-robin,resource-defense,3,2,RL,1.3436769145139917,4.127099993638694,0.7591749999999998,0.7591749999999998,0.0,0.0,0.0,0.0,16.809010852709044,15.465333938195052,strict_delta_max,2,cross_layer_handoff_executed
resource-defense_round-robin_seed0,0,round-robin,resource-defense,3,3,GA,1.8051708872793644,2.2983000380918384,0.692868,0.692868,0.0,0.0,0.2171243002092402,0.043794703253789855,15.465333938195052,13.660163050915687,strict_delta_max,1,cross_layer_handoff_executed
resource-defense_round-robin_seed0,0,round-robin,resource-defense,3,4,PSO,3.2305823023580538,1.984099973924458,0.18358799999999992,0.18358799999999992,0.0,0.0,0.0,0.04698564770794893,13.660163050915687,10.429580748557633,strict_delta_max,1,cross_layer_handoff_executed
resource-defense_round-robin_seed0,0,round-robin,resource-defense,3,5,RL,1.1593904813240952,4.058499936945736,0.7714279999999998,0.7714279999999998,0.0,0.0,0.0,0.4914789358536352,10.429580748557633,9.270190267233538,strict_delta_max,2,cross_layer_handoff_executed
resource-defense_round-robin_seed0,0,round-robin,resource-defense,3,6,GA,3.6779086670399126,2.339300001040101,0.2778480000000001,0.2778480000000001,0.0,0.0,0.21255719577268908,0.025131307577656237,9.270190267233538,5.592281600193625,strict_delta_max,1,cross_layer_handoff_executed
resource-defense_round-robin_seed0,0,round-robin,resource-defense,3,7,PSO,1.5415836889167582,2.185499994084239,0.7086559999999998,0.7086559999999998,0.0,0.0,0.0,0.08455720108290656,5.592281600193625,4.050697911276867,strict_delta_max,1,cross_layer_handoff_executed
resource-defense_round-robin_seed0,0,round-robin,resource-defense,3,8,RL,3.158893195203189,3.9921000134199858,0.7599519999999998,0.7599519999999998,0.0,0.0,0.0,0.0,4.050697911276867,0.8918047160736777,strict_delta_max,2,cross_layer_handoff_executed
resource-defense_round-robin_seed0,0,round-robin,resource-defense,4,0,GA,2.757960904203098,2.31859995983541,0.701608,0.701608,0.0,0.0,0.11311324424760497,0.029811787089798574,22.0,19.2420390957969,strict_delta_max,1,cross_layer_handoff_executed
resource-defense_round-robin_seed0,0,round-robin,resource-defense,4,1,PSO,2.5751173593540466,2.208600053563714,0.863358,0.863358,0.0,0.0,0.0,0.061731581696614427,19.2420390957969,16.666921736442855,strict_delta_max,1,cross_layer_handoff_executed
resource-defense_round-robin_seed0,0,round-robin,resource-defense,4,2,RL,2.7611405204313084,4.078599973581731,0.7734359999999998,0.7734359999999998,0.0,0.0,0.0,0.023995881234487287,16.666921736442855,13.905781216011547,strict_delta_max,2,cross_layer_handoff_executed
resource-defense_round-robin_seed0,0,round-robin,resource-defense,4,3,GA,2.5521851950283625,2.2873999550938606,0.701608,0.701608,0.0,0.0,0.12250005525042117,0.028797123108754395,13.905781216011547,11.353596020983185,strict_delta_max,1,cross_layer_handoff_executed
resource-defense_round-robin_seed0,0,round-robin,resource-defense,4,4,PSO,1.2463066720193832,2.2973999148234725,0.8811239999999998,0.8811239999999998,0.0,0.0,0.0,0.11784559657472464,11.353596020983185,10.107289348963802,strict_delta_max,1,cross_layer_handoff_executed
resource-defense_round-robin_seed0,0,round-robin,resource-defense,4,5,RL,4.0,4.005800001323223,0.7734359999999998,0.7734359999999998,0.0,0.0,0.0,0.0,10.107289348963802,6.107289348963802,strict_delta_max,2,cross_layer_handoff_executed
resource-defense_round-robin_seed0,0,round-robin,resource-defense,4,6,GA,3.8120485142322798,2.3333000717684627,0.6984999999999999,0.6984999999999999,0.0,0.0,0.12998834998804937,0.020196865822847337,6.107289348963802,2.295240834731522,strict_delta_max,1,cross_layer_handoff_executed
resource-defense_round-robin_seed0,0,round-robin,resource-defense,5,0,PSO,1.8821062837554927,2.2459999890998006,0.841248,0.841248,0.0,0.0,0.0,0.06619345829130212,22.0,20.117893716244506,strict_delta_max,1,cross_layer_handoff_executed
resource-defense_round-robin_seed0,0,round-robin,resource-defense,5,1,RL,3.794250104190311,4.012199933640659,0.7734359999999998,0.7734359999999998,0.0,0.0,0.0,0.037883638677707526,20.117893716244506,16.323643612054195,strict_delta_max,2,cross_layer_handoff_executed
resource-defense_round-robin_seed0,0,round-robin,resource-defense,5,2,GA,1.8752906652708443,2.2677999222651124,0.5002300000000002,0.5002300000000002,0.0,0.0,0.13776563816548315,0.03239437265718382,16.323643612054195,14.44835294678335,strict_delta_max,1,cross_layer_handoff_executed
resource-defense_round-robin_seed0,0,round-robin,resource-defense,5,3,PSO,1.8327606596634578,2.287199953570962,0.814648,0.814648,0.0,0.0,0.0,0.07212248258704179,14.44835294678335,12.615592287119892,strict_delta_max,1,cross_layer_handoff_executed
resource-defense_round-robin_seed0,0,round-robin,resource-defense,5,4,RL,2.471357470727972,3.9793000323697925,0.7734359999999998,0.7734359999999998,0.0,0.0,0.0,0.07551153655850112,12.615592287119892,10.14423481639192,strict_delta_max,2,cross_layer_handoff_executed
resource-defense_round-robin_seed0,0,round-robin,resource-defense,5,5,GA,1.0327382435887429,2.5149999419227242,0.35681700000000005,0.35681700000000005,0.0,0.0,0.14248365981012906,0.07315071739394681,10.14423481639192,9.111496572803178,strict_delta_max,1,cross_layer_handoff_executed
resource-defense_round-robin_seed0,0,round-robin,resource-defense,5,6,PSO,1.8824271727524184,2.217400004155934,0.845628,0.845628,0.0,0.0,0.0,0.05563002270802785,9.111496572803178,7.22906940005076,strict_delta_max,1,cross_layer_handoff_executed
resource-defense_round-robin_seed0,0,round-robin,resource-defense,5,7,RL,1.511750497238473,3.978000022470951,0.7734359999999998,0.7734359999999998,0.0,0.0,0.0,0.0,7.22906940005076,5.717318902812287,strict_delta_max,2,cross_layer_handoff_executed
resource-defense_round-robin_seed0,0,round-robin,resource-defense,5,8,GA,3.088583893293185,2.3313999408856034,0.8754559999999999,0.8754559999999999,0.0,0.0,0.14110155911260244,0.024692138866627,5.717318902812287,2.6287350095191018,strict_delta_max,1,cross_layer_handoff_executed
resource-defense_round-robin_seed1,1,round-robin,resource-defense,0,0,GA,1.9020835094768749,2.612799988128245,0.7475840000000001,0.7475840000000001,0.0,0.0,0.9187276469971314,0.10320116966747558,22.0,20.097916490523126,strict_delta_max,1,cross_layer_handoff_executed
resource-defense_round-robin_seed1,1,round-robin,resource-defense,0,1,PSO,1.753787846213536,2.4817000376060605,0.7298560000000001,0.7298560000000001,0.0,0.0,0.0,0.07933765931040297,20.097916490523126,18.34412864430959,strict_delta_max,1,cross_layer_handoff_executed
resource-defense_round-robin_seed1,1,round-robin,resource-defense,0,2,RL,4.0,4.1338000446558,0.9027639999999999,0.9027639999999999,0.0,0.012604000000000004,0.0,0.0,18.34412864430959,14.344128644309588,strict_delta_max,2,cross_layer_handoff_executed
resource-defense_round-robin_seed1,1,round-robin,resource-defense,0,3,GA,3.4809483824350433,2.156799891963601,0.854968,0.854968,0.0,0.0,0.8325725896037208,0.02900098157656912,14.344128644309588,10.863180261874545,strict_delta_max,1,cross_layer_handoff_executed
resource-defense_round-robin_seed1,1,round-robin,resource-defense,0,4,PSO,1.4038699271845236,2.46700004208833,0.12170400000000003,0.12170400000000003,0.0,0.0,0.0,0.06255193535273662,10.863180261874545,9.459310334690022,strict_delta_max,1,cross_layer_handoff_executed
resource-defense_round-robin_seed1,1,round-robin,resource-defense,0,5,RL,4.0,4.139999975450337,0.9027639999999999,0.9027639999999999,0.0,0.0,0.0,0.290659,9.459310334690022,5.459310334690022,strict_delta_max,2,cross_layer_handoff_executed
resource-defense_round-robin_seed1,1,round-robin,resource-defense,0,6,GA,2.9511296279430206,2.2917999885976315,0.8402479999999999,0.8402479999999999,0.0,0.0,0.713969529193905,0.021636768912543132,5.459310334690022,2.508180706747001,strict_delta_max,1,cross_layer_handoff_executed
resource-defense_round-robin_seed1,1,round-robin,resource-defense,1,0,PSO,2.110202535127694,2.2363000316545367,0.889848,0.889848,0.0,0.0,0.0,0.00804828438752089,22.0,19.889797464872306,strict_delta_max,1,cross_layer_handoff_executed
resource-defense_round-robin_seed1,1,round-robin,resource-defense,1,1,RL,3.5372519470062302,4.304999951273203,0.9027639999999999,0.9027639999999999,0.0,0.0,0.0,0.0,19.889797464872306,16.352545517866076,strict_delta_max,2,cross_layer_handoff_executed
resource-defense_round-robin_seed1,1,round-robin,resource-defense,1,2,GA,3.1931275460903046,2.4211000418290496,0.889848,0.889848,0.0,0.0,0.6095297573028537,0.021230215267887535,16.352545517866076,13.159417971775772,strict_delta_max,1,cross_layer_handoff_executed
resource-defense_round-robin_seed1,1,round-robin,resource-defense,1,3,PSO,3.2688546333497266,2.2217000368982553,0.41209600000000013,0.41209600000000013,0.0,0.0,0.0,0.02481465226372821,13.159417971775772,9.890563338426045,strict_delta_max,1,cross_layer_handoff_executed
resource-defense_round-robin_seed1,1,round-robin,resource-defense,1,4,RL,3.021897131031914,4.123799968510866,0.9027639999999999,0.9027639999999999,0.0,0.0,0.0,0.0,9.890563338426045,6.868666207394131,strict_delta_max,2,cross_layer_handoff_executed
resource-defense_round-robin_seed1,1,round-robin,resource-defense,1,5,GA,2.394460925684707,2.506099990569055,0.622792,0.622792,0.0,0.0,0.5849407798060527,0.029946928564862363,6.868666207394131,4.474205281709424,strict_delta_max,1,cross_layer_handoff_executed
resource-defense_round-robin_seed1,1,round-robin,resource-defense,1,6,PSO,2.8017412077881034,2.237800043076277,0.854968,0.854968,0.0,0.0,0.0,0.023909200819865386,4.474205281709424,1.6724640739213208,strict_delta_max,1,cross_layer_handoff_executed
resource-defense_round-robin_seed1,1,round-robin,resource-defense,2,0,RL,4.0,4.3218000791966915,0.9027639999999999,0.9027639999999999,0.0,0.0,0.0,0.013001500000000062,22.0,18.0,strict_delta_max,2,cross_layer_handoff_executed
resource-defense_round-robin_seed1,1,round-robin,resource-defense,2,1,GA,3.4772050016394647,2.311500022187829,0.854968,0.854968,0.0,0.0,0.5446873685535536,0.036346460417774826,18.0,14.522794998360535,strict_delta_max,1,cross_layer_handoff_executed
resource-defense_round-robin_seed1,1,round-robin,resource-defense,2,2,PSO,2.8624173430218938,2.4532999377697706,0.889848,0.889848,0.0,0.0,0.0,0.006032029716831812,14.522794998360535,11.66037765533864,strict_delta_max,1,cross_layer_handoff_executed
resource-defense_round-robin_seed1,1,round-robin,resource-defense,2,3,RL,1.122210409896033,4.112299997359514,0.8945679999999999,0.8945679999999999,0.0,0.0,0.0,0.30218575501488837,11.66037765533864,10.538167245442608,strict_delta_max,2,cross_layer_handoff_executed
resource-defense_round-robin_seed1,1,round-robin,resource-defense,2,4,GA,3.8136033046499365,2.399899996817112,0.852968,0.852968,0.0,0.0,0.5113252085758064,0.01782891385391078,10.538167245442608,6.724563940792672,strict_delta_max,1,cross_layer_handoff_executed
resource-defense_round-robin_seed1,1,round-robin,resource-defense,2,5,PSO,1.2865526167477672,2.2923999931663275,0.91228,0.91228,0.0,0.007396510547742116,0.0,0.06321310433349706,6.724563940792672,5.438011324044905,strict_delta_max,1,cross_layer_handoff_executed
resource-defense_round-robin_seed1,1,round-robin,resource-defense,2,6,RL,4.0,4.2628999799489975,0.8945679999999999,0.8945679999999999,0.0,0.0,0.0,0.059742500000000004,5.438011324044905,1.438011324044905,strict_delta_max,2,cross_layer_handoff_executed
resource-defense_round-robin_seed1,1,round-robin,resource-defense,3,0,GA,3.3427080385879195,2.3312000557780266,0.6304719999999999,0.6304719999999999,0.0,0.0,0.39979681068997,0.022680902818723727,22.0,18.65729196141208,strict_delta_max,1,cross_layer_handoff_executed
resource-defense_round-robin_seed1,1,round-robin,resource-defense,3,1,PSO,2.497969978354465,2.4401999544352293,0.92222,0.92222,0.0,0.003979231170163231,0.0,0.023203267306547825,18.65729196141208,16.159321983057616,strict_delta_max,1,cross_layer_handoff_executed
resource-defense_round-robin_seed1,1,round-robin,resource-defense,3,2,RL,1.155933396391025,4.362099920399487,0.9027639999999999,0.9027639999999999,0.0,0.0,0.0,0.0,16.159321983057616,15.003388586666592,strict_delta_max,2,cross_layer_handoff_executed
resource-defense_round-robin_seed1,1,round-robin,resource-defense,3,3,GA,3.5714878861528216,2.248500008136034,0.8677999999999999,0.8677999999999999,0.0,0.0,0.28208836338198373,0.022246770633737332,15.003388586666592,11.43190070051377,strict_delta_max,1,cross_layer_handoff_executed
resource-defense_round-robin_seed1,1,round-robin,resource-defense,3,4,PSO,1.0,2.2082000505179167,0.8613279999999999,0.8613279999999999,0.0,0.0,0.0,0.08286470548104408,11.43190070051377,10.43190070051377,strict_delta_max,1,cross_layer_handoff_executed
resource-defense_round-robin_seed1,1,round-robin,resource-defense,3,5,RL,2.860745536466986,4.087400040589273,0.9027639999999999,0.9027639999999999,0.0,0.0,0.0,0.08583356921121042,10.43190070051377,7.571155164046784,strict_delta_max,2,cross_layer_handoff_executed
resource-defense_round-robin_seed1,1,round-robin,resource-defense,3,6,GA,2.2549047364175645,2.55430000834167,0.12170400000000003,0.12170400000000003,0.0,0.0,0.1609778625380336,0.03171686143235012,7.571155164046784,5.316250427629219,strict_delta_max,1,cross_layer_handoff_executed
resource-defense_round-robin_seed1,1,round-robin,resource-defense,3,7,PSO,3.3600420251679135,2.314999932423234,0.8402479999999999,0.8402479999999999,0.0,0.0,0.0,0.023787425604004132,5.316250427629219,1.9562084024613058,strict_delta_max,1,cross_layer_handoff_executed
resource-defense_round-robin_seed1,1,round-robin,resource-defense,4,0,RL,3.314787552277961,4.228999954648316,0.9027639999999999,0.9027639999999999,0.0,0.0,0.0,0.0,22.0,18.685212447722037,strict_delta_max,2,cross_layer_handoff_executed
resource-defense_round-robin_seed1,1,round-robin,resource-defense,4,1,GA,3.4966485748995852,2.215599990449846,0.854968,0.854968,0.0,0.0,0.16327074973795352,0.02302239230287375,18.685212447722037,15.188563872822453,strict_delta_max,1,cross_layer_handoff_executed
resource-defense_round-robin_seed1,1,round-robin,resource-defense,4,2,PSO,1.8128140052230923,2.3880000226199627,0.900552,0.900552,0.0,0.0,0.0,0.02336302984740225,15.188563872822453,13.37574986759936,strict_delta_max,1,cross_layer_handoff_executed
resource-defense_round-robin_seed1,1,round-robin,resource-defense,4,3,RL,1.6910843379903804,4.145999904721975,0.9027639999999999,0.9027639999999999,0.0,0.0,0.0,0.02499934453312899,13.37574986759936,11.68466552960898,strict_delta_max,2,cross_layer_handoff_executed
resource-defense_round-robin_seed1,1,round-robin,resource-defense,4,4,GA,2.667391049095386,2.4654000299051404,0.8613279999999999,0.8613279999999999,0.0,0.0,0.1653107186890449,0.026051003260447656,11.68466552960898,9.017274480513594,strict_delta_max,1,cross_layer_handoff_executed
resource-defense_round-robin_seed1,1,round-robin,resource-defense,4,5,PSO,2.3442585519611705,2.2843999322503805,0.8613279999999999,0.8613279999999999,0.0,0.0,0.0,0.030855638152181706,9.017274480513594,6.673015928552424,strict_delta_max,1,cross_layer_handoff_executed
resource-defense_round-robin_seed1,1,round-robin,resource-defense,4,6,RL,1.9144903126222734,3.9851999608799815,0.9027639999999999,0.9027639999999999,0.0,0.0,0.0,0.0,6.673015928552424,4.75852561593015,strict_delta_max,2,cross_layer_handoff_executed
resource-defense_round-robin_seed1,1,round-robin,resource-defense,4,7,GA,2.55566517160596,2.3629999486729503,0.9248319999999999,0.9248319999999999,0.0,0.0010220431177838825,0.08800238279346487,0.023923745881540375,4.75852561593015,2.20286044432419,strict_delta_max,1,cross_layer_handoff_executed
resource-defense_round-robin_seed1,1,round-robin,resource-defense,5,0,PSO,2.8415882320734718,2.2406999487429857,0.704008,0.704008,0.0,0.0,0.0,0.030627996458488824,22.0,19.158411767926527,strict_delta_max,1,cross_layer_handoff_executed
resource-defense_round-robin_seed1,1,round-robin,resource-defense,5,1,RL,2.5036175369745926,4.060300067067146,0.9201159999999998,0.9201159999999998,0.0,0.0,0.0,0.0,19.158411767926527,16.654794230951936,strict_delta_max,2,cross_layer_handoff_executed
resource-defense_round-robin_seed1,1,round-robin,resource-defense,5,2,GA,3.2419910320648158,2.3856000043451786,0.16135200000000002,0.16135200000000002,0.0,0.0,0.08971244380780342,0.03180843754692269,16.654794230951936,13.41280319888712,strict_delta_max,1,cross_layer_handoff_executed
resource-defense_round-robin_seed1,1,round-robin,resource-defense,5,3,PSO,3.5503910537404058,2.337799989618361,0.9093199999999999,0.9093199999999999,0.0,0.0,0.0,0.010818518853108071,13.41280319888712,9.862412145146715,strict_delta_max,1,cross_layer_handoff_executed
resource-defense_round-robin_seed1,1,round-robin,resource-defense,5,4,RL,2.815519217786527,4.102999926544726,0.9224759999999999,0.9224759999999999,0.0,0.0,0.0,0.6165392120337552,9.862412145146715,7.046892927360188,strict_delta_max,2,cross_layer_handoff_executed
resource-defense_round-robin_seed1,1,round-robin,resource-defense,5,5,GA,2.286324288847343,2.334499964490533,0.9080079999999999,0.9080079999999999,0.0,0.0,0.15055241695437196,0.034488862664242954,7.046892927360188,4.760568638512845,strict_delta_max,1,cross_layer_handoff_executed
resource-defense_round-robin_seed1,1,round-robin,resource-defense,5,6,PSO,2.287274740221504,2.3310999386012554,0.12170400000000003,0.12170400000000003,0.0,0.0,0.0,0.029838550893889218,4.760568638512845,2.4732938982913413,strict_delta_max,1,cross_layer_handoff_executed
resource-defense_round-robin_seed2,2,round-robin,resource-defense,0,0,GA,3.9051999001172466,2.9058000072836876,0.26544600000000007,0.26544600000000007,0.0,0.0,0.9221321296069481,0.03772849699813911,22.0,18.094800099882754,strict_delta_max,1,cross_layer_handoff_executed
resource-defense_round-robin_seed2,2,round-robin,resource-defense,0,1,PSO,1.0477483033184853,2.099699922837317,0.12172799999999984,0.12172799999999984,0.0,0.0,0.0,0.14499387204475772,18.094800099882754,17.04705179656427,strict_delta_max,1,cross_layer_handoff_executed
resource-defense_round-robin_seed2,2,round-robin,resource-defense,0,2,RL,2.0715315278143036,4.034699988551438,-0.29552199999999995,-0.29552199999999995,0.0,0.0,0.0,0.32114596908980075,17.04705179656427,14.975520268749964,strict_delta_max,2,cross_layer_handoff_executed
resource-defense_round-robin_seed2,2,round-robin,resource-defense,0,3,GA,2.929206743654812,2.1778999362140894,0.1216279999999999,0.1216279999999999,0.0,0.0,0.9091336900778896,0.04864995141401914,14.975520268749964,12.046313525095151,strict_delta_max,1,cross_layer_handoff_executed
resource-defense_round-robin_seed2,2,round-robin,resource-defense,0,4,PSO,1.2040818476112218,2.274000085890293,0.12172799999999984,0.12172799999999984,0.0,0.0,0.0,0.11687578326066757,12.046313525095151,10.842231677483928,strict_delta_max,1,cross_layer_handoff_executed
resource-defense_round-robin_seed2,2,round-robin,resource-defense,0,5,RL,1.104152196523844,4.035699996165931,-0.222992,-0.222992,0.0,0.0,0.0,0.0,10.842231677483928,9.738079480960085,strict_delta_max,2,cross_layer_handoff_executed
resource-defense_round-robin_seed2,2,round-robin,resource-defense,0,6,GA,3.5060691506154504,2.2224000422284007,0.657472,0.657472,0.0,0.0,0.9031393577729832,0.04976998442690581,9.738079480960085,6.232010330344634,strict_delta_max,1,cross_layer_handoff_executed
resource-defense_round-robin_seed2,2,round-robin,resource-defense,0,7,PSO,3.2964373236457085,2.40470003336668,0.04307799999999995,0.04307799999999995,0.0,0.0,0.0,0.03816598684789514,6.232010330344634,2.9355730066989256,strict_delta_max,1,cross_layer_handoff_executed
resource-defense_round-robin_seed2,2,round-robin,resource-defense,1,0,RL,3.5803501118292886,4.074100055731833,-0.07732199999999997,-0.07732199999999997,0.0,0.0,0.0,0.0,22.0,18.41964988817071,strict_delta_max,2,cross_layer_handoff_executed
resource-defense_round-robin_seed2,2,round-robin,resource-defense,1,1,GA,2.3272677848466587,2.245199983008206,0.526882,0.526882,0.0,0.0,0.8900692926057706,0.07106040493439252,18.41964988817071,16.092382103324052,strict_delta_max,1,cross_layer_handoff_executed
resource-defense_round-robin_seed2,2,round-robin,resource-defense,1,2,PSO,3.519720276980774,2.368199988268316,0.12172799999999984,0.12172799999999984,0.0,0.0,0.0,0.03548146890232629,16.092382103324052,12.572661826343278,strict_delta_max,1,cross_layer_handoff_executed
resource-defense_round-robin_seed2,2,round-robin,resource-defense,1,3,RL,3.4045179352849386,4.174900008365512,0.677516,0.677516,0.0,0.005887470819953984,0.0,0.0,12.572661826343278,9.168143891058339,strict_delta_max,2,cross_layer_handoff_executed
resource-defense_round-robin_seed2,2,round-robin,resource-defense,1,4,GA,3.8049898325274754,2.3001000517979264,0.657472,0.657472,0.0,0.0,0.8787079747592791,0.0420513290881972,9.168143891058339,5.3631540585308635,strict_delta_max,1,cross_layer_handoff_executed
resource-defense_round-robin_seed2,2,round-robin,resource-defense,1,5,PSO,3.554799386212883,2.1834999788552523,0.15024799999999983,0.15024799999999983,0.0,0.0,0.0,0.03660608418710082,5.3631540585308635,1.8083546723179804,strict_delta_max,1,cross_layer_handoff_executed
resource-defense_round-robin_seed2,2,round-robin,resource-defense,2,0,RL,2.1014485342469094,4.130600020289421,0.7161119999999999,0.7161119999999999,0.0,0.018366378891040223,0.0,0.10573849246307172,22.0,19.89855146575309,strict_delta_max,2,cross_layer_handoff_executed
resource-defense_round-robin_seed2,2,round-robin,resource-defense,2,1,GA,1.5757689899186331,2.3636999540030956,0.657472,0.657472,0.0,0.0,0.8084814045500452,0.12413067857199601,19.89855146575309,18.322782475834458,strict_delta_max,1,cross_layer_handoff_executed
resource-defense_round-robin_seed2,2,round-robin,resource-defense,2,2,PSO,1.7196731665175935,2.1918000420555472,0.8006059999999999,0.8006059999999999,0.0,0.049133754974559365,0.0,0.04557908232919515,18.322782475834458,16.603109309316864,strict_delta_max,1,cross_layer_handoff_executed
resource-defense_round-robin_seed2,2,round-robin,resource-defense,2,3,RL,1.5382874624470662,4.026600043289363,0.7161119999999999,0.7161119999999999,0.0,0.0,0.0,0.0,16.603109309316864,15.064821846869798,strict_delta_max,2,cross_layer_handoff_executed
resource-defense_round-robin_seed2,2,round-robin,resource-defense,2,4,GA,3.172897865185073,2.23430001642555,0.59117,0.59117,0.0,0.0,0.6722370594113442,0.028523304288160183,15.064821846869798,11.891923981684725,strict_delta_max,1,cross_layer_handoff_executed
resource-defense_round-robin_seed2,2,round-robin,resource-defense,2,5,PSO,2.061633490747105,2.4393999483436346,0.06502800000000014,0.06502800000000014,0.0,0.0,0.0,0.05900387287653524,11.891923981684725,9.830290490937621,strict_delta_max,1,cross_layer_handoff_executed
resource-defense_round-robin_seed2,2,round-robin,resource-defense,2,6,RL,3.560243772669269,3.3881000708788633,0.646258,0.646258,0.0,0.0,0.0,0.0,9.830290490937621,6.270046718268352,strict_delta_max,2,cross_layer_handoff_executed
resource-defense_round-robin_seed2,2,round-robin,resource-defense,2,7,GA,3.9680375939724826,2.156200003810227,-0.27447199999999994,-0.27447199999999994,0.0,0.0,0.6174481967390001,0.01690469704325449,6.270046718268352,2.3020091242958696,strict_delta_max,1,cross_layer_handoff_executed
resource-defense_round-robin_seed2,2,round-robin,resource-defense,3,0,PSO,2.5127679717935427,2.2270999616011977,0.7161119999999999,0.7161119999999999,0.0,0.0,0.0,0.01668407580018685,22.0,19.487232028206456,strict_delta_max,1,cross_layer_handoff_executed
resource-defense_round-robin_seed2,2,round-robin,resource-defense,3,1,RL,3.7100201692069317,4.079099977388978,0.646258,0.646258,0.0,0.0,0.0,0.43280249884550953,19.487232028206456,15.777211858999525,strict_delta_max,2,cross_layer_handoff_executed
resource-defense_round-robin_seed2,2,round-robin,resource-defense,3,2,GA,3.3824575939200088,2.3811000864952803,0.5903740000000001,0.5903740000000001,0.0,0.0,0.5240588612819085,0.023081794692141125,15.777211858999525,12.394754265079516,strict_delta_max,1,cross_layer_handoff_executed
resource-defense_round-robin_seed2,2,round-robin,resource-defense,3,3,PSO,3.266358304072535,2.23430001642555,0.12172799999999984,0.12172799999999984,0.0,0.0,0.0,0.028165308382382535,12.394754265079516,9.128395961006982,strict_delta_max,1,cross_layer_handoff_executed
resource-defense_round-robin_seed2,2,round-robin,resource-defense,3,4,RL,2.175327078120747,4.017299972474575,0.7161119999999999,0.7161119999999999,0.0,0.0,0.0,0.17457512657272253,9.128395961006982,6.953068882886235,strict_delta_max,2,cross_layer_handoff_executed
resource-defense_round-robin_seed2,2,round-robin,resource-defense,3,5,GA,2.0424889183393113,2.2984000388532877,0.876954,0.876954,0.0,0.03737988456851772,0.49627931923502183,0.07966320395306985,6.953068882886235,4.910579964546924,strict_delta_max,1,cross_layer_handoff_executed
resource-defense_round-robin_seed2,2,round-robin,resource-defense,3,6,PSO,2.6977349717159167,2.219200017862022,0.12172799999999984,0.12172799999999984,0.0,0.0,0.0,0.036302547511656805,4.910579964546924,2.2128449928310077,strict_delta_max,1,cross_layer_handoff_executed
resource-defense_round-robin_seed2,2,round-robin,resource-defense,4,0,RL,3.7593806483771783,4.076300072483718,0.769536,0.769536,0.0,0.0,0.0,0.0,22.0,18.240619351622822,strict_delta_max,2,cross_layer_handoff_executed
resource-defense_round-robin_seed2,2,round-robin,resource-defense,4,1,GA,3.2349575119500504,2.368899993598461,0.6494319999999999,0.6494319999999999,0.0,0.0,0.5251568580611614,0.023499507881574795,18.240619351622822,15.005661839672772,strict_delta_max,1,cross_layer_handoff_executed
resource-defense_round-robin_seed2,2,round-robin,resource-defense,4,2,PSO,2.0346978017001054,2.3201999720185995,-0.04767199999999999,-0.04767199999999999,0.0,0.0,0.0,0.043206156947297555,15.005661839672772,12.970964037972667,strict_delta_max,1,cross_layer_handoff_executed
resource-defense_round-robin_seed2,2,round-robin,resource-defense,4,3,RL,1.880697326028395,4.223100026138127,0.762052,0.762052,0.0,0.0,0.0,0.0,12.970964037972667,11.090266711944272,strict_delta_max,2,cross_layer_handoff_executed
resource-defense_round-robin_seed2,2,round-robin,resource-defense,4,4,GA,3.278017050643304,2.209399943239987,0.89228,0.89228,0.0,0.004675387517277329,0.4569115934526864,0.04035748968466969,11.090266711944272,7.812249661300968,strict_delta_max,1,cross_layer_handoff_executed
resource-defense_round-robin_seed2,2,round-robin,resource-defense,4,5,PSO,1.403445459556437,2.266600029543042,0.12172799999999984,0.12172799999999984,0.0,0.0,0.0,0.06772114894713505,7.812249661300968,6.408804201744531,strict_delta_max,1,cross_layer_handoff_executed
resource-defense_round-robin_seed2,2,round-robin,resource-defense,4,6,RL,3.514506895236044,3.9766000118106604,0.7626820000000001,0.7626820000000001,0.0,0.0,0.0,0.14432977800885263,6.408804201744531,2.8942973065084874,strict_delta_max,2,cross_layer_handoff_executed
resource-defense_round-robin_seed2,2,round-robin,resource-defense,5,0,GA,2.6083196198147713,2.377399941906333,0.657472,0.657472,0.0,0.0,0.37647959164251177,0.02589623888647757,22.0,19.391680380185228,strict_delta_max,1,cross_layer_handoff_executed
resource-defense_round-robin_seed2,2,round-robin,resource-defense,5,1,PSO,3.1249966526067303,2.1057999692857265,0.12172799999999984,0.12172799999999984,0.0,0.0,0.0,0.028677562008157607,19.391680380185228,16.2666837275785,strict_delta_max,1,cross_layer_handoff_executed
resource-defense_round-robin_seed2,2,round-robin,resource-defense,5,2,RL,4.0,3.9241999620571733,0.7399519999999999,0.7399519999999999,0.0,0.0,0.0,0.0,16.2666837275785,12.2666837275785,strict_delta_max,2,cross_layer_handoff_executed
resource-defense_round-robin_seed2,2,round-robin,resource-defense,5,3,GA,2.5974939077598416,2.3357000900432467,0.791088,0.791088,0.0,0.0,0.3620055029198635,0.06198200029203866,12.2666837275785,9.669189819818659,strict_delta_max,1,cross_layer_handoff_executed
resource-defense_round-robin_seed2,2,round-robin,resource-defense,5,4,PSO,1.8378656582745352,2.2987000411376357,0.794128,0.794128,0.0,0.0,0.0,0.03874745280181861,9.669189819818659,7.831324161544123,strict_delta_max,1,cross_layer_handoff_executed
resource-defense_round-robin_seed2,2,round-robin,resource-defense,5,5,RL,1.6995289819634751,3.9989000651985407,0.7967479999999999,0.7967479999999999,0.0,0.0,0.0,0.07341798893940932,7.831324161544123,6.1317951795806485,strict_delta_max,2,cross_layer_handoff_executed
resource-defense_round-robin_seed2,2,round-robin,resource-defense,5,6,GA,1.730400970030689,2.2340998984873295,0.5141060000000001,0.5141060000000001,0.0,0.0,0.3542313929353083,0.05035281717211945,6.1317951795806485,4.401394209549959,strict_delta_max,1,cross_layer_handoff_executed
resource-defense_round-robin_seed2,2,round-robin,resource-defense,5,7,PSO,1.6390597320561227,2.3392000002786517,0.5928960000000001,0.5928960000000001,0.0,0.0,0.0,0.049612652814669776,4.401394209549959,2.7623344774938365,strict_delta_max,1,cross_layer_handoff_executed
resource-defense_greedy-improvement_seed0,0,greedy-improvement,resource-defense,0,0,GA,2.900117049606808,2.71419994533062,0.675128,0.675128,0.0,0.0,0.9088272647789373,0.05260290404668859,22.0,19.09988295039319,strict_delta_max,1,cross_layer_handoff_executed
resource-defense_greedy-improvement_seed0,0,greedy-improvement,resource-defense,0,1,GA,3.6351463334126546,2.372700022533536,0.701608,0.701608,0.0,0.0,0.8696735103891018,0.041017804875248864,19.09988295039319,15.464736616980536,strict_delta_max,1,cross_layer_handoff_executed
resource-defense_greedy-improvement_seed0,0,greedy-improvement,resource-defense,0,2,GA,1.4434714017931365,2.3165999446064234,0.701608,0.701608,0.0,0.0,0.8547887410980215,0.11084482323348006,15.464736616980536,14.0212652151874,strict_delta_max,1,cross_layer_handoff_executed
resource-defense_greedy-improvement_seed0,0,greedy-improvement,resource-defense,0,3,GA,3.0286414282957237,2.2444999776780605,-0.2166160000000002,-0.2166160000000002,0.0,0.0,0.8594749012039006,0.045851458007010404,14.0212652151874,10.992623786891677,strict_delta_max,1,cross_layer_handoff_executed
resource-defense_greedy-improvement_seed0,0,greedy-improvement,resource-defense,0,4,GA,2.045413609487858,2.5184000842273235,0.701608,0.701608,0.0,0.0,0.8019161559329542,0.06794007233679307,10.992623786891677,8.94721017740382,strict_delta_max,1,cross_layer_handoff_executed
resource-defense_greedy-improvement_seed0,0,greedy-improvement,resource-defense,0,5,GA,3.4349216369536,2.6560999685898423,0.701608,0.701608,0.0,0.0,0.7436136139990157,0.04359945595748709,8.94721017740382,5.5122885404502195,strict_delta_max,1,cross_layer_handoff_executed
resource-defense_greedy-improvement_seed0,0,greedy-improvement,resource-defense,0,6,GA,3.74160563721957,2.2926999954506755,0.683308,0.683308,0.0,0.0,0.6814405459516506,0.03646517063249983,5.5122885404502195,1.7706829032306497,strict_delta_max,1,cross_layer_handoff_executed
resource-defense_greedy-improvement_seed0,0,greedy-improvement,resource-defense,1,0,GA,1.981209273983283,2.27719999384135,0.701608,0.701608,0.0,0.0,0.6037424751567013,0.0775259390539189,22.0,20.018790726016718,strict_delta_max,1,cross_layer_handoff_executed
resource-defense_greedy-improvement_seed0,0,greedy-improvement,resource-defense,1,1,GA,2.0245567891429643,2.714900067076087,0.701608,0.701608,0.0,0.0,0.539276493887666,0.06629666747912574,20.018790726016718,17.994233936873755,strict_delta_max,1,cross_layer_handoff_executed
resource-defense_greedy-improvement_seed0,0,greedy-improvement,resource-defense,1,2,GA,2.6534672406885096,2.469100058078766,0.701608,0.701608,0.0,0.0,0.4590469754394006,0.052943160786129075,17.994233936873755,15.340766696185245,strict_delta_max,1,cross_layer_handoff_executed
resource-defense_greedy-improvement_seed0,0,greedy-improvement,resource-defense,1,3,GA,3.7739728835304605,2.4727999698370695,0.7085679999999999,0.7085679999999999,0.0,0.001844210389102993,0.46775535855912037,0.03506130760374121,15.340766696185245,11.566793812654785,strict_delta_max,1,cross_layer_handoff_executed
resource-defense_greedy-improvement_seed0,0,greedy-improvement,resource-defense,1,4,GA,2.073997571545312,2.458399976603687,0.701608,0.701608,0.0,0.0,0.4759144618475732,0.0650178449409525,11.566793812654785,9.492796241109474,strict_delta_max,1,cross_layer_handoff_executed
resource-defense_greedy-improvement_seed0,0,greedy-improvement,resource-defense,1,5,GA,2.211953045830299,2.3325999500229955,0.701608,0.701608,0.0,0.0,0.4759144618475732,0.060472321562880425,9.492796241109474,7.280843195279175,strict_delta_max,1,cross_layer_handoff_executed
resource-defense_greedy-improvement_seed0,0,greedy-improvement,resource-defense,1,6,GA,3.4593107775741263,2.6151000056415796,0.6965199999999998,0.6965199999999998,0.0,0.0,0.4759144618475732,0.0404424974909286,7.280843195279175,3.8215324177050487,strict_delta_max,1,cross_layer_handoff_executed
resource-defense_greedy-improvement_seed0,0,greedy-improvement,resource-defense,2,0,GA,1.7077750270474974,2.4338000221177936,0.701608,0.701608,0.0,0.0,0.4759144618475732,0.07223402023760249,22.0,20.292224972952503,strict_delta_max,1,cross_layer_handoff_executed
resource-defense_greedy-improvement_seed0,0,greedy-improvement,resource-defense,2,1,GA,3.502685248848432,3.296899958513677,0.701608,0.701608,0.0,0.0,0.4759144618475732,0.03478856817574283,20.292224972952503,16.78953972410407,strict_delta_max,1,cross_layer_handoff_executed
resource-defense_greedy-improvement_seed0,0,greedy-improvement,resource-defense,2,2,GA,1.5959601187479744,2.397799980826676,0.701608,0.701608,0.0,0.0,0.4759144618475732,0.07869830909648355,16.78953972410407,15.193579605356096,strict_delta_max,1,cross_layer_handoff_executed
resource-defense_greedy-improvement_seed0,0,greedy-improvement,resource-defense,2,3,GA,1.5293730955052056,2.414699993096292,0.701608,0.701608,0.0,0.0,0.4759144618475732,0.07819729602476942,15.193579605356096,13.66420650985089,strict_delta_max,1,cross_layer_handoff_executed
resource-defense_greedy-improvement_seed0,0,greedy-improvement,resource-defense,2,4,GA,2.193588710845586,2.5894000427797437,0.701608,0.701608,0.0,0.0,0.4759144618475732,0.0522068793890852,13.66420650985089,11.470617799005304,strict_delta_max,1,cross_layer_handoff_executed
resource-defense_greedy-improvement_seed0,0,greedy-improvement,resource-defense,2,5,GA,3.1926635892745114,2.417100011371076,0.701608,0.701608,0.0,0.0,0.4759144618475732,0.03858708204213633,11.470617799005304,8.277954209730792,strict_delta_max,1,cross_layer_handoff_executed
resource-defense_greedy-improvement_seed0,0,greedy-improvement,resource-defense,2,6,GA,2.9122325945126515,2.4235000601038337,0.701608,0.701608,0.0,0.0,0.4759144618475732,0.040998693224747626,8.277954209730792,5.36572161521814,strict_delta_max,1,cross_layer_handoff_executed
resource-defense_greedy-improvement_seed0,0,greedy-improvement,resource-defense,2,7,GA,3.742440587258419,2.3492000764235854,0.7082759999999999,0.7082759999999999,0.0,0.0,0.5048954661835012,0.029814991248126838,5.36572161521814,1.6232810279597212,strict_delta_max,1,cross_layer_handoff_executed
resource-defense_greedy-improvement_seed0,0,greedy-improvement,resource-defense,3,0,GA,1.669689480747334,2.4899999843910336,0.701608,0.701608,0.0,0.0,0.5048954661835012,0.06378376607349347,22.0,20.330310519252667,strict_delta_max,1,cross_layer_handoff_executed
resource-defense_greedy-improvement_seed0,0,greedy-improvement,resource-defense,3,1,GA,3.6452637288696725,2.354900003410876,0.701608,0.701608,0.0,0.0,0.5048954661835012,0.03130620991114672,20.330310519252667,16.685046790382994,strict_delta_max,1,cross_layer_handoff_executed
resource-defense_greedy-improvement_seed0,0,greedy-improvement,resource-defense,3,2,GA,2.724532011505043,2.5263000279664993,0.701608,0.701608,0.0,0.0,0.5048954661835012,0.03564843044256725,16.685046790382994,13.96051477887795,strict_delta_max,1,cross_layer_handoff_executed
resource-defense_greedy-improvement_seed0,0,greedy-improvement,resource-defense,3,3,GA,3.355139676646471,2.411399967968464,0.701608,0.701608,0.0,0.0,0.5048954661835012,0.03334184758067239,13.96051477887795,10.605375102231479,strict_delta_max,1,cross_layer_handoff_executed
resource-defense_greedy-improvement_seed0,0,greedy-improvement,resource-defense,3,4,GA,1.450734803113157,2.4987999349832535,0.701608,0.701608,0.0,0.0,0.5048954661835012,0.07396136988812124,10.605375102231479,9.154640299118322,strict_delta_max,1,cross_layer_handoff_executed
resource-defense_greedy-improvement_seed0,0,greedy-improvement,resource-defense,3,5,GA,3.6377663203344937,2.495200023986399,0.7082759999999999,0.7082759999999999,0.0,0.0,0.49145583094227685,0.027849303792689722,9.154640299118322,5.516873978783828,strict_delta_max,1,cross_layer_handoff_executed
resource-defense_greedy-improvement_seed0,0,greedy-improvement,resource-defense,3,6,GA,1.7927451215278905,2.3490000749006867,0.0169399999999999,0.0169399999999999,0.0,0.0,0.49145583094227685,0.060464705119066944,5.516873978783828,3.7241288572559372,strict_delta_max,1,cross_layer_handoff_executed
resource-defense_greedy-improvement_seed0,0,greedy-improvement,resource-defense,4,0,GA,1.8173698892178831,2.376499935053289,0.701608,0.701608,0.0,0.0,0.49145583094227685,0.05478459145725549,22.0,20.182630110782117,strict_delta_max,1,cross_layer_handoff_executed
resource-defense_greedy-improvement_seed0,0,greedy-improvement,resource-defense,4,1,GA,3.939683278342272,2.3629999486729503,0.683308,0.683308,0.0,0.0,0.49145583094227685,0.022592782178004076,20.182630110782117,16.242946832439845,strict_delta_max,1,cross_layer_handoff_executed
resource-defense_greedy-improvement_seed0,0,greedy-improvement,resource-defense,4,2,GA,1.7677778989538373,2.4776000063866377,0.6965199999999998,0.6965199999999998,0.0,0.0,0.49145583094227685,0.05918238666292856,16.242946832439845,14.475168933486007,strict_delta_max,1,cross_layer_handoff_executed
resource-defense_greedy-improvement_seed0,0,greedy-improvement,resource-defense,4,3,GA,3.131179853810412,2.440399955958128,0.355722,0.355722,0.0,0.0,0.49145583094227685,0.036346010631630676,14.475168933486007,11.343989079675595,strict_delta_max,1,cross_layer_handoff_executed
resource-defense_greedy-improvement_seed0,0,greedy-improvement,resource-defense,4,4,GA,2.7912699988376373,2.0764999790117145,-0.19000000000000006,-0.19000000000000006,0.0,0.0,0.49145583094227685,0.03908721399769933,11.343989079675595,8.552719080837957,strict_delta_max,1,cross_layer_handoff_executed
resource-defense_greedy-improvement_seed0,0,greedy-improvement,resource-defense,4,5,GA,1.4166001357268714,2.4382000556215644,0.701608,0.701608,0.0,0.0,0.49145583094227685,0.07075004297599315,8.552719080837957,7.136118945111085,strict_delta_max,1,cross_layer_handoff_executed
resource-defense_greedy-improvement_seed0,0,greedy-improvement,resource-defense,4,6,GA,2.6814781014780413,2.4134999839589,0.7525159999999997,0.7525159999999997,0.0,0.01638946817271249,0.49156230357332775,0.03668353068247251,7.136118945111085,4.454640843633044,strict_delta_max,1,cross_layer_handoff_executed
resource-defense_greedy-improvement_seed0,0,greedy-improvement,resource-defense,4,7,GA,2.246542353648355,2.5052999844774604,0.701608,0.701608,0.0,0.0,0.49156230357332775,0.041167870807935575,4.454640843633044,2.208098489984689,strict_delta_max,1,cross_layer_handoff_executed
resource-defense_greedy-improvement_seed0,0,greedy-improvement,resource-defense,5,0,GA,1.188492353022427,2.4704999523237348,0.701608,0.701608,0.0,0.0,0.49156230357332775,0.09008602859885854,22.0,20.811507646977574,strict_delta_max,1,cross_layer_handoff_executed
resource-defense_greedy-improvement_seed0,0,greedy-improvement,resource-defense,5,1,GA,1.4040951229866976,2.52470001578331,0.701608,0.701608,0.0,0.0,0.49156230357332775,0.06580299034466876,20.811507646977574,19.407412523990878,strict_delta_max,1,cross_layer_handoff_executed
resource-defense_greedy-improvement_seed0,0,greedy-improvement,resource-defense,5,2,GA,1.3334075573104787,2.4109999649226665,0.612592,0.612592,0.0,0.0,0.49156230357332775,0.09035240006062091,19.407412523990878,18.0740049666804,strict_delta_max,1,cross_layer_handoff_executed
resource-defense_greedy-improvement_seed0,0,greedy-improvement,resource-defense,5,3,GA,2.2250965491639647,2.429300104267895,0.701608,0.701608,0.0,0.0,0.49156230357332775,0.051560995396194,18.0740049666804,15.848908417516434,strict_delta_max,1,cross_layer_handoff_executed
resource-defense_greedy-improvement_seed0,0,greedy-improvement,resource-defense,5,4,GA,2.559592677779158,2.242199960164726,-0.07835199999999998,-0.07835199999999998,0.0,0.0,0.49156230357332775,0.03609573110693735,15.848908417516434,13.289315739737276,strict_delta_max,1,cross_layer_handoff_executed
resource-defense_greedy-improvement_seed0,0,greedy-improvement,resource-defense,5,5,GA,2.760946439429236,2.493700012564659,0.7017599999999999,0.7017599999999999,0.0,0.0,0.4970143153170886,0.03675306867657759,13.289315739737276,10.52836930030804,strict_delta_max,1,cross_layer_handoff_executed
resource-defense_greedy-improvement_seed0,0,greedy-improvement,resource-defense,5,6,GA,3.338804366828029,2.298199920915067,0.701608,0.701608,0.0,0.0,0.4970143153170886,0.03007082119847212,10.52836930030804,7.1895649334800105,strict_delta_max,1,cross_layer_handoff_executed
resource-defense_greedy-improvement_seed0,0,greedy-improvement,resource-defense,5,7,GA,2.1218395033903006,2.525600022636354,0.701608,0.701608,0.0,0.0,0.4970143153170886,0.04350519502430185,7.1895649334800105,5.06772543008971,strict_delta_max,1,cross_layer_handoff_executed
resource-defense_greedy-improvement_seed0,0,greedy-improvement,resource-defense,5,8,GA,2.012906277766147,2.502499963156879,0.7475879999999999,0.7475879999999999,0.0,0.0,0.5248146832749382,0.05398373320917826,5.06772543008971,3.054819152323563,strict_delta_max,1,cross_layer_handoff_executed
resource-defense_greedy-improvement_seed1,1,greedy-improvement,resource-defense,0,0,GA,1.9020835094768749,1.9812999526038766,0.7475840000000001,0.7475840000000001,0.0,0.0,0.9187276469971314,0.10320116966747558,22.0,20.097916490523126,strict_delta_max,1,cross_layer_handoff_executed
resource-defense_greedy-improvement_seed1,1,greedy-improvement,resource-defense,0,1,GA,3.0254970734362936,2.3735000286251307,0.854968,0.854968,0.0,0.0008659734041733274,0.8910766176290544,0.048547767505483536,20.097916490523126,17.07241941708683,strict_delta_max,1,cross_layer_handoff_executed
resource-defense_greedy-improvement_seed1,1,greedy-improvement,resource-defense,0,2,GA,1.9189506843568034,2.4480000138282776,0.854968,0.854968,0.0,0.0,0.8322375303245185,0.06689813851842107,17.07241941708683,15.153468732730028,strict_delta_max,1,cross_layer_handoff_executed
resource-defense_greedy-improvement_seed1,1,greedy-improvement,resource-defense,0,3,GA,2.507802145643157,2.246999996714294,0.854968,0.854968,0.0,0.0,0.798125219337948,0.06538431340414862,15.153468732730028,12.645666587086872,strict_delta_max,1,cross_layer_handoff_executed
resource-defense_greedy-improvement_seed1,1,greedy-improvement,resource-defense,0,4,GA,2.2134525862106624,2.2613999899476767,0.6304719999999999,0.6304719999999999,0.0,0.0,0.798125219337948,0.04816626566971457,12.645666587086872,10.43221400087621,strict_delta_max,1,cross_layer_handoff_executed
resource-defense_greedy-improvement_seed1,1,greedy-improvement,resource-defense,0,5,GA,2.145382450534985,2.363499952480197,0.854968,0.854968,0.0,0.0,0.7638461793283378,0.06469636117152495,10.43221400087621,8.286831550341224,strict_delta_max,1,cross_layer_handoff_executed
resource-defense_greedy-improvement_seed1,1,greedy-improvement,resource-defense,0,6,GA,2.4106716758292404,2.0441999658942223,0.8901759999999999,0.8901759999999999,0.0,0.014605058147492774,0.7543817870870401,0.06140292989030209,8.286831550341224,5.876159874511984,strict_delta_max,1,cross_layer_handoff_executed
resource-defense_greedy-improvement_seed1,1,greedy-improvement,resource-defense,0,7,GA,3.737632519477067,1.5573999844491482,0.6304719999999999,0.6304719999999999,0.0,0.0,0.7543817870870401,0.041799258261332975,5.876159874511984,2.138527355034917,strict_delta_max,1,cross_layer_handoff_executed
resource-defense_greedy-improvement_seed1,1,greedy-improvement,resource-defense,1,0,GA,3.3898362460908786,1.5223999507725239,0.8523479999999999,0.8523479999999999,0.0,0.0,0.7422883567523676,0.044824286639767286,22.0,18.61016375390912,strict_delta_max,1,cross_layer_handoff_executed
resource-defense_greedy-improvement_seed1,1,greedy-improvement,resource-defense,1,1,GA,3.624219255389079,1.6928999684751034,0.6657679999999999,0.6657679999999999,0.0,0.0,0.7422883567523676,0.03536510272766172,18.61016375390912,14.985944498520041,strict_delta_max,1,cross_layer_handoff_executed
resource-defense_greedy-improvement_seed1,1,greedy-improvement,resource-defense,1,2,GA,2.0243894678858108,1.8520000157877803,0.854968,0.854968,0.0,0.0,0.7072418876015917,0.06003423172029399,14.985944498520041,12.96155503063423,strict_delta_max,1,cross_layer_handoff_executed
resource-defense_greedy-improvement_seed1,1,greedy-improvement,resource-defense,1,3,GA,1.2541300037475702,2.299599931575358,0.41809600000000013,0.41809600000000013,0.0,0.0,0.7072418876015917,0.12844353181658977,12.96155503063423,11.70742502688666,strict_delta_max,1,cross_layer_handoff_executed
resource-defense_greedy-improvement_seed1,1,greedy-improvement,resource-defense,1,4,GA,1.7334072305149562,2.4744999827817082,0.854968,0.854968,0.0,0.0,0.7072418876015917,0.0691213223792596,11.70742502688666,9.974017796371704,strict_delta_max,1,cross_layer_handoff_executed
resource-defense_greedy-improvement_seed1,1,greedy-improvement,resource-defense,1,5,GA,3.4346116006456775,2.6784000219777226,0.854968,0.854968,0.0,0.0,0.7072418876015917,0.04186793953338533,9.974017796371704,6.539406195726027,strict_delta_max,1,cross_layer_handoff_executed
resource-defense_greedy-improvement_seed1,1,greedy-improvement,resource-defense,1,6,GA,3.7710822854607207,2.4202000349760056,0.690044,0.690044,0.0,0.0,0.7072418876015917,0.032926694166984405,6.539406195726027,2.7683239102653063,strict_delta_max,1,cross_layer_handoff_executed
resource-defense_greedy-improvement_seed1,1,greedy-improvement,resource-defense,2,0,GA,3.4931234334360743,2.232200000435114,0.926168,0.926168,0.0,0.010303672540021281,0.7482701837009401,0.04214296488500059,22.0,18.506876566563925,strict_delta_max,1,cross_layer_handoff_executed
resource-defense_greedy-improvement_seed1,1,greedy-improvement,resource-defense,2,1,GA,3.3541438888881836,2.452000044286251,0.854968,0.854968,0.0,0.0,0.7482701837009401,0.031244991190948708,18.506876566563925,15.152732677675742,strict_delta_max,1,cross_layer_handoff_executed
resource-defense_greedy-improvement_seed1,1,greedy-improvement,resource-defense,2,2,GA,2.2575985922682644,2.590400050394237,0.934008,0.934008,0.0,0.003472716552380075,0.7593105646963385,0.07403982815228391,15.152732677675742,12.895134085407477,strict_delta_max,1,cross_layer_handoff_executed
resource-defense_greedy-improvement_seed1,1,greedy-improvement,resource-defense,2,3,GA,1.4983896268477768,2.360600046813488,0.854968,0.854968,0.0,0.0,0.7593105646963385,0.10191336104167134,12.895134085407477,11.3967444585597,strict_delta_max,1,cross_layer_handoff_executed
resource-defense_greedy-improvement_seed1,1,greedy-improvement,resource-defense,2,4,GA,1.9961801672767252,2.512799925170839,0.6469960000000001,0.6469960000000001,0.0,0.0,0.7593105646963385,0.07666245640144759,11.3967444585597,9.400564291282976,strict_delta_max,1,cross_layer_handoff_executed
resource-defense_greedy-improvement_seed1,1,greedy-improvement,resource-defense,2,5,GA,3.1496770620896597,2.5491000851616263,0.5657340000000001,0.5657340000000001,0.0,0.0,0.7593105646963385,0.04354401312807182,9.400564291282976,6.2508872291933155,strict_delta_max,1,cross_layer_handoff_executed
resource-defense_greedy-improvement_seed1,1,greedy-improvement,resource-defense,2,6,GA,2.3467955124705626,2.3892000317573547,0.9143680000000001,0.9143680000000001,0.0,0.0,0.7608623979198105,0.04511107333535736,6.2508872291933155,3.904091716722753,strict_delta_max,1,cross_layer_handoff_executed
resource-defense_greedy-improvement_seed1,1,greedy-improvement,resource-defense,3,0,GA,3.8893449426749886,2.3577000247314572,0.8350479999999998,0.8350479999999998,0.0,0.0,0.7608623979198105,0.02845007948719348,22.0,18.110655057325012,strict_delta_max,1,cross_layer_handoff_executed
resource-defense_greedy-improvement_seed1,1,greedy-improvement,resource-defense,3,1,GA,2.5494926850308284,2.644499996677041,0.9214479999999999,0.9214479999999999,0.0,0.0,0.7570972444237205,0.04375885024185218,18.110655057325012,15.561162372294184,strict_delta_max,1,cross_layer_handoff_executed
resource-defense_greedy-improvement_seed1,1,greedy-improvement,resource-defense,3,2,GA,2.465503082218685,2.3214000975713134,0.926168,0.926168,0.0,0.0,0.7187133898218796,0.05349321461224059,15.561162372294184,13.0956592900755,strict_delta_max,1,cross_layer_handoff_executed
resource-defense_greedy-improvement_seed1,1,greedy-improvement,resource-defense,3,3,GA,1.546535138630106,2.5420000310987234,0.8834879999999999,0.8834879999999999,0.0,0.0,0.7187133898218796,0.10603438026014855,13.0956592900755,11.549124151445394,strict_delta_max,1,cross_layer_handoff_executed
resource-defense_greedy-improvement_seed1,1,greedy-improvement,resource-defense,3,4,GA,3.3863555191448236,2.368599991314113,0.928528,0.928528,0.0,0.0,0.7012380656535109,0.03351867106108966,11.549124151445394,8.16276863230057,strict_delta_max,1,cross_layer_handoff_executed
resource-defense_greedy-improvement_seed1,1,greedy-improvement,resource-defense,3,5,GA,3.9809595070441817,2.5469999527558684,0.889848,0.889848,0.0,0.0,0.7012380656535109,0.03734326854970022,8.16276863230057,4.18180912525639,strict_delta_max,1,cross_layer_handoff_executed
resource-defense_greedy-improvement_seed1,1,greedy-improvement,resource-defense,3,6,GA,2.4502125925384743,2.39719997625798,0.9540919999999999,0.9540919999999999,0.0,0.008196839760419534,0.6259950065956892,0.04735143092923738,4.18180912525639,1.7315965327179152,strict_delta_max,1,cross_layer_handoff_executed
resource-defense_greedy-improvement_seed1,1,greedy-improvement,resource-defense,4,0,GA,2.2114727752040686,2.2329000057652593,0.910592,0.910592,0.0,0.0,0.6070512027979247,0.04962733008750656,22.0,19.78852722479593,strict_delta_max,1,cross_layer_handoff_executed
resource-defense_greedy-improvement_seed1,1,greedy-improvement,resource-defense,4,1,GA,2.8210365353826283,2.7965999906882644,0.4383610000000001,0.4383610000000001,0.0,0.0,0.6070512027979247,0.03998639253690258,19.78852722479593,16.967490689413303,strict_delta_max,1,cross_layer_handoff_executed
resource-defense_greedy-improvement_seed1,1,greedy-improvement,resource-defense,4,2,GA,2.3634073021141924,2.5766000617295504,0.901704,0.901704,0.0,0.0,0.5409342024428689,0.05284639122786397,16.967490689413303,14.604083387299111,strict_delta_max,1,cross_layer_handoff_executed
resource-defense_greedy-improvement_seed1,1,greedy-improvement,resource-defense,4,3,GA,1.2533445355395403,2.3289999226108193,0.6992879999999999,0.6992879999999999,0.0,0.0,0.5409342024428689,0.0930596295151814,14.604083387299111,13.350738851759571,strict_delta_max,1,cross_layer_handoff_executed
resource-defense_greedy-improvement_seed1,1,greedy-improvement,resource-defense,4,4,GA,3.253361055357622,2.522599999792874,0.854968,0.854968,0.0,0.0,0.5409342024428689,0.0374616534854791,13.350738851759571,10.097377796401949,strict_delta_max,1,cross_layer_handoff_executed
resource-defense_greedy-improvement_seed1,1,greedy-improvement,resource-defense,4,5,GA,3.8847889832795093,2.464400022290647,0.9251959999999999,0.9251959999999999,0.0,0.0,0.485883019987978,0.028165372806421268,10.097377796401949,6.212588813122439,strict_delta_max,1,cross_layer_handoff_executed
resource-defense_greedy-improvement_seed1,1,greedy-improvement,resource-defense,4,6,GA,3.6918006104878285,2.458699978888035,0.903288,0.903288,0.0,0.0,0.48893963770751514,0.027816727140986115,6.212588813122439,2.5207882026346105,strict_delta_max,1,cross_layer_handoff_executed
resource-defense_greedy-improvement_seed1,1,greedy-improvement,resource-defense,5,0,GA,2.360272694050117,2.3935000644996762,0.6481199999999999,0.6481199999999999,0.0,0.0,0.48893963770751514,0.049756472565062326,22.0,19.639727305949883,strict_delta_max,1,cross_layer_handoff_executed
resource-defense_greedy-improvement_seed1,1,greedy-improvement,resource-defense,5,1,GA,1.0709261013250084,2.39869998767972,0.946688,0.946688,0.0,0.0,0.4898187658358171,0.09305239659391969,19.639727305949883,18.568801204624876,strict_delta_max,1,cross_layer_handoff_executed
resource-defense_greedy-improvement_seed1,1,greedy-improvement,resource-defense,5,2,GA,1.6467175525346351,2.3179000709205866,0.9773679999999999,0.9773679999999999,0.0,0.014134785873979079,0.4884520641045275,0.06131727828045069,18.568801204624876,16.92208365209024,strict_delta_max,1,cross_layer_handoff_executed
resource-defense_greedy-improvement_seed1,1,greedy-improvement,resource-defense,5,3,GA,1.0039756226934242,2.380399964749813,0.6304719999999999,0.6304719999999999,0.0,0.0,0.4884520641045275,0.12404627246714418,16.92208365209024,15.918108029396816,strict_delta_max,1,cross_layer_handoff_executed
resource-defense_greedy-improvement_seed1,1,greedy-improvement,resource-defense,5,4,GA,1.2338504439569784,2.431000000797212,0.7381119999999999,0.7381119999999999,0.0,0.0,0.4884520641045275,0.10127973318182228,15.918108029396816,14.684257585439838,strict_delta_max,1,cross_layer_handoff_executed
resource-defense_greedy-improvement_seed1,1,greedy-improvement,resource-defense,5,5,GA,2.909657884084077,2.381599973887205,1.0091639999999997,1.0091639999999997,0.0,0.010927745208096447,0.48575790803916485,0.040122798085952795,14.684257585439838,11.774599701355761,strict_delta_max,1,cross_layer_handoff_executed
resource-defense_greedy-improvement_seed1,1,greedy-improvement,resource-defense,5,6,GA,3.9350867696774103,2.307099988684058,0.928528,0.928528,0.0,0.0,0.49022341313630163,0.03314089706684387,11.774599701355761,7.839512931678351,strict_delta_max,1,cross_layer_handoff_executed
resource-defense_greedy-improvement_seed1,1,greedy-improvement,resource-defense,5,7,GA,2.5708735816352988,2.3617999395355582,0.554726,0.554726,0.0,0.0,0.49022341313630163,0.04169035695642406,7.839512931678351,5.268639350043053,strict_delta_max,1,cross_layer_handoff_executed
resource-defense_greedy-improvement_seed1,1,greedy-improvement,resource-defense,5,8,GA,2.241765379749357,2.406700048595667,0.4943000000000001,0.4943000000000001,0.0,0.0,0.49022341313630163,0.049150459228008,5.268639350043053,3.0268739702936958,strict_delta_max,1,cross_layer_handoff_executed
resource-defense_greedy-improvement_seed2,2,greedy-improvement,resource-defense,0,0,GA,3.9051999001172466,2.7289000572636724,0.26544600000000007,0.26544600000000007,0.0,0.0,0.9221321296069481,0.03772849699813911,22.0,18.094800099882754,strict_delta_max,1,cross_layer_handoff_executed
resource-defense_greedy-improvement_seed2,2,greedy-improvement,resource-defense,0,1,GA,1.0487937550372526,2.421200042590499,0.4893950000000001,0.4893950000000001,0.0,0.0,0.8915283738666642,0.12083361600815357,18.094800099882754,17.0460063448455,strict_delta_max,1,cross_layer_handoff_executed
resource-defense_greedy-improvement_seed2,2,greedy-improvement,resource-defense,0,2,GA,3.5566656234211957,2.378599951043725,0.563631,0.563631,0.0,0.0,0.8630708519109553,0.04072410928441301,17.0460063448455,13.489340721424306,strict_delta_max,1,cross_layer_handoff_executed
resource-defense_greedy-improvement_seed2,2,greedy-improvement,resource-defense,0,3,GA,2.4363648014259303,2.470900071784854,0.466584,0.466584,0.0,0.0,0.8250511165725389,0.063007601832216,13.489340721424306,11.052975919998374,strict_delta_max,1,cross_layer_handoff_executed
resource-defense_greedy-improvement_seed2,2,greedy-improvement,resource-defense,0,4,GA,3.740484792257108,2.405200037173927,0.5467520000000001,0.5467520000000001,0.0,0.0,0.8388973103425893,0.03999196562768238,11.052975919998374,7.312491127741266,strict_delta_max,1,cross_layer_handoff_executed
resource-defense_greedy-improvement_seed2,2,greedy-improvement,resource-defense,0,5,GA,2.5341580171525386,2.353799995034933,0.4570040000000001,0.4570040000000001,0.0,0.0,0.7896746615419015,0.0653510904018965,7.312491127741266,4.7783331105887275,strict_delta_max,1,cross_layer_handoff_executed
resource-defense_greedy-improvement_seed2,2,greedy-improvement,resource-defense,0,6,GA,1.0031229565211865,2.5215999921783805,0.515796,0.515796,0.0,0.0,0.7345014610069321,0.136818802803279,4.7783331105887275,3.775210154067541,strict_delta_max,1,cross_layer_handoff_executed
resource-defense_greedy-improvement_seed2,2,greedy-improvement,resource-defense,1,0,GA,1.749104304800324,2.293800003826618,0.949608,0.949608,0.0,0.1670203424679982,0.6665751759463677,0.09443462365312144,22.0,20.250895695199677,strict_delta_max,1,cross_layer_handoff_executed
resource-defense_greedy-improvement_seed2,2,greedy-improvement,resource-defense,1,1,GA,3.353915533847288,2.4343000259250402,0.4093650000000001,0.4093650000000001,0.0,0.0,0.6244181993397953,0.033218378271485174,20.250895695199677,16.89698016135239,strict_delta_max,1,cross_layer_handoff_executed
resource-defense_greedy-improvement_seed2,2,greedy-improvement,resource-defense,1,2,GA,3.1137997058210907,2.5164999533444643,0.657472,0.657472,0.0,0.0,0.5544452285494965,0.04351459537059179,16.89698016135239,13.783180455531298,strict_delta_max,1,cross_layer_handoff_executed
resource-defense_greedy-improvement_seed2,2,greedy-improvement,resource-defense,1,3,GA,2.046730220709815,2.404000028036535,0.596908,0.596908,0.0,0.0,0.5263883571059931,0.061404117849243614,13.783180455531298,11.736450234821483,strict_delta_max,1,cross_layer_handoff_executed
resource-defense_greedy-improvement_seed2,2,greedy-improvement,resource-defense,1,4,GA,2.6803277970004626,2.6944000273942947,0.678472,0.678472,0.0,0.0,0.5243447756607084,0.0445950772889921,11.736450234821483,9.05612243782102,strict_delta_max,1,cross_layer_handoff_executed
resource-defense_greedy-improvement_seed2,2,greedy-improvement,resource-defense,1,5,GA,3.4999308173336123,2.4251999566331506,0.657472,0.657472,0.0,0.0,0.5503848520952874,0.03464396908756328,9.05612243782102,5.556191620487408,strict_delta_max,1,cross_layer_handoff_executed
resource-defense_greedy-improvement_seed2,2,greedy-improvement,resource-defense,1,6,GA,2.729380956478172,2.3514999775215983,0.7534479999999999,0.7534479999999999,0.0,0.0,0.5584225930627067,0.06242231752603865,5.556191620487408,2.826810664009236,strict_delta_max,1,cross_layer_handoff_executed
resource-defense_greedy-improvement_seed2,2,greedy-improvement,resource-defense,2,0,GA,3.949777095792092,2.3888000287115574,0.3761840000000001,0.3761840000000001,0.0,0.0,0.5584225930627067,0.03560936648790745,22.0,18.050222904207907,strict_delta_max,1,cross_layer_handoff_executed
resource-defense_greedy-improvement_seed2,2,greedy-improvement,resource-defense,2,1,GA,2.123846224777633,2.4664999218657613,0.8749919999999998,0.8749919999999998,0.0,0.0,0.5830515549240682,0.07341567426633003,18.050222904207907,15.926376679430273,strict_delta_max,1,cross_layer_handoff_executed
resource-defense_greedy-improvement_seed2,2,greedy-improvement,resource-defense,2,2,GA,2.5894360098186966,2.3793999571353197,0.506082,0.506082,0.0,0.0,0.5830515549240682,0.04160010750411708,15.926376679430273,13.336940669611577,strict_delta_max,1,cross_layer_handoff_executed
resource-defense_greedy-improvement_seed2,2,greedy-improvement,resource-defense,2,3,GA,2.819202244015359,2.4682999355718493,0.657472,0.657472,0.0,0.0,0.6070971203553547,0.05639193829451686,13.336940669611577,10.517738425596217,strict_delta_max,1,cross_layer_handoff_executed
resource-defense_greedy-improvement_seed2,2,greedy-improvement,resource-defense,2,4,GA,3.7627226973839383,2.433100016787648,0.790472,0.790472,0.0,0.0,0.5782578406949954,0.03296109228955637,10.517738425596217,6.755015728212279,strict_delta_max,1,cross_layer_handoff_executed
resource-defense_greedy-improvement_seed2,2,greedy-improvement,resource-defense,2,5,GA,2.0059632165006955,2.311500022187829,0.590017,0.590017,0.0,0.0,0.5782578406949954,0.06366793950870958,6.755015728212279,4.749052511711584,strict_delta_max,1,cross_layer_handoff_executed
resource-defense_greedy-improvement_seed2,2,greedy-improvement,resource-defense,2,6,GA,2.142815599763403,2.4536000564694405,0.5384040000000001,0.5384040000000001,0.0,0.0,0.5782578406949954,0.061929411692554566,4.749052511711584,2.606236911948181,strict_delta_max,1,cross_layer_handoff_executed
resource-defense_greedy-improvement_seed2,2,greedy-improvement,resource-defense,3,0,GA,2.6618786465699817,2.3349999682977796,0.657472,0.657472,0.0,0.0,0.5706189822958373,0.049268047479706506,22.0,19.33812135343002,strict_delta_max,1,cross_layer_handoff_executed
resource-defense_greedy-improvement_seed2,2,greedy-improvement,resource-defense,3,1,GA,3.266531254923978,2.367399982176721,0.8712880000000001,0.8712880000000001,0.0,0.0,0.580417349096643,0.04815916733840851,19.33812135343002,16.07159009850604,strict_delta_max,1,cross_layer_handoff_executed
resource-defense_greedy-improvement_seed2,2,greedy-improvement,resource-defense,3,2,GA,1.4906908230499698,2.404300030320883,0.9137679999999999,0.9137679999999999,0.0,0.0,0.5533122976045386,0.11402120860170448,16.07159009850604,14.58089927545607,strict_delta_max,1,cross_layer_handoff_executed
resource-defense_greedy-improvement_seed2,2,greedy-improvement,resource-defense,3,3,GA,3.125446309521131,2.3590000346302986,0.866568,0.866568,0.0,0.0,0.5418308452021364,0.05465423683191487,14.58089927545607,11.455452965934938,strict_delta_max,1,cross_layer_handoff_executed
resource-defense_greedy-improvement_seed2,2,greedy-improvement,resource-defense,3,4,GA,3.32925483626837,2.292499993927777,0.803368,0.803368,0.0,0.0,0.5511864320338186,0.03127642193289066,11.455452965934938,8.12619812966657,strict_delta_max,1,cross_layer_handoff_executed
resource-defense_greedy-improvement_seed2,2,greedy-improvement,resource-defense,3,5,GA,1.6623840432690828,2.620800049044192,0.9317959999999998,0.9317959999999998,0.0,0.0,0.5929782043374824,0.09405873319159291,8.12619812966657,6.463814086397487,strict_delta_max,1,cross_layer_handoff_executed
resource-defense_greedy-improvement_seed2,2,greedy-improvement,resource-defense,3,6,GA,1.0122181169966988,2.45520006865263,0.8832719999999998,0.8832719999999998,0.0,0.0,0.5514261455229728,0.14387052017733645,6.463814086397487,5.451595969400788,strict_delta_max,1,cross_layer_handoff_executed
resource-defense_greedy-improvement_seed2,2,greedy-improvement,resource-defense,3,7,GA,3.341487191923412,2.324500004760921,0.9161279999999998,0.9161279999999998,0.0,0.0,0.551887388914564,0.04306340045265749,5.451595969400788,2.110108777477376,strict_delta_max,1,cross_layer_handoff_executed
resource-defense_greedy-improvement_seed2,2,greedy-improvement,resource-defense,4,0,GA,1.3688793293671315,2.2867999505251646,0.9326479999999999,0.9326479999999999,0.0,0.0,0.531288526325496,0.08786242924561424,22.0,20.631120670632868,strict_delta_max,1,cross_layer_handoff_executed
resource-defense_greedy-improvement_seed2,2,greedy-improvement,resource-defense,4,1,GA,2.398766763121283,3.2200999557971954,0.77248,0.77248,0.0,0.0,0.531288526325496,0.05354759697534079,20.631120670632868,18.232353907511584,strict_delta_max,1,cross_layer_handoff_executed
resource-defense_greedy-improvement_seed2,2,greedy-improvement,resource-defense,4,2,GA,3.175588026743488,3.1482999911531806,0.67568,0.67568,0.0,0.0,0.531288526325496,0.05108973045858622,18.232353907511584,15.056765880768095,strict_delta_max,1,cross_layer_handoff_executed
resource-defense_greedy-improvement_seed2,2,greedy-improvement,resource-defense,4,3,GA,3.381699366789166,2.455600071698427,0.657472,0.657472,0.0,0.0,0.531288526325496,0.035036955445849734,15.056765880768095,11.67506651397893,strict_delta_max,1,cross_layer_handoff_executed
resource-defense_greedy-improvement_seed2,2,greedy-improvement,resource-defense,4,4,GA,1.2849055348421672,2.5886999210342765,0.868312,0.868312,0.0,0.0,0.5173299376315476,0.11769264822259165,11.67506651397893,10.390160979136763,strict_delta_max,1,cross_layer_handoff_executed
resource-defense_greedy-improvement_seed2,2,greedy-improvement,resource-defense,4,5,GA,2.9188861325956705,2.4970999220386147,0.940132,0.940132,0.0,0.0,0.5190836383668004,0.038665901891425804,10.390160979136763,7.4712748465410925,strict_delta_max,1,cross_layer_handoff_executed
resource-defense_greedy-improvement_seed2,2,greedy-improvement,resource-defense,4,6,GA,2.3199961062112826,2.4933000095188618,0.7870079999999998,0.7870079999999998,0.0,0.0,0.5190836383668004,0.04998649295988306,7.4712748465410925,5.1512787403298095,strict_delta_max,1,cross_layer_handoff_executed
resource-defense_greedy-improvement_seed2,2,greedy-improvement,resource-defense,4,7,GA,2.3428117485938227,2.6346000377088785,0.9471399999999999,0.9471399999999999,0.0,0.0,0.5094572001048397,0.0471480677970154,5.1512787403298095,2.808466991735987,strict_delta_max,1,cross_layer_handoff_executed
resource-defense_greedy-improvement_seed2,2,greedy-improvement,resource-defense,5,0,GA,2.7951314000826013,2.3128000320866704,0.9137679999999999,0.9137679999999999,0.0,0.0,0.5195833032302265,0.04347867533471737,22.0,19.204868599917397,strict_delta_max,1,cross_layer_handoff_executed
resource-defense_greedy-improvement_seed2,2,greedy-improvement,resource-defense,5,1,GA,2.8683358185009578,2.414099988527596,0.9161279999999998,0.9161279999999998,0.0,0.0,0.5387580151590556,0.04502603063810938,19.204868599917397,16.336532781416437,strict_delta_max,1,cross_layer_handoff_executed
resource-defense_greedy-improvement_seed2,2,greedy-improvement,resource-defense,5,2,GA,1.225465745140193,2.2864999482408166,0.880112,0.880112,0.0,0.0,0.5387580151590556,0.11188807634894088,16.336532781416437,15.111067036276244,strict_delta_max,1,cross_layer_handoff_executed
resource-defense_greedy-improvement_seed2,2,greedy-improvement,resource-defense,5,3,GA,3.074741566588332,2.512000035494566,0.9066879999999999,0.9066879999999999,0.0,0.0,0.5490512222467828,0.03989366785057386,15.111067036276244,12.036325469687913,strict_delta_max,1,cross_layer_handoff_executed
resource-defense_greedy-improvement_seed2,2,greedy-improvement,resource-defense,5,4,GA,2.7784898962127174,2.6881000958383083,0.9355839999999999,0.9355839999999999,0.0,0.0,0.5423008964618484,0.034717550845574846,12.036325469687913,9.257835573475196,strict_delta_max,1,cross_layer_handoff_executed
resource-defense_greedy-improvement_seed2,2,greedy-improvement,resource-defense,5,5,GA,3.875376774794353,2.4781000101938844,0.5960240000000001,0.5960240000000001,0.0,0.0,0.5423008964618484,0.025705999083634103,9.257835573475196,5.382458798680844,strict_delta_max,1,cross_layer_handoff_executed
resource-defense_greedy-improvement_seed2,2,greedy-improvement,resource-defense,5,6,GA,3.714531973380063,2.4648000253364444,0.887308,0.887308,0.0,0.0,0.5423008964618484,0.0242197269595553,5.382458798680844,1.667926825300781,strict_delta_max,1,cross_layer_handoff_executed
