run_id,seed,method,task_name,interval,atomic_index,module,charged_ms,cpu_ms,value,score,win_rate,improvement_rate,diversity,learning_progress,remaining_before_ms,remaining_after_ms,do_not_start_rule,handshake_events,note
line-duel_DLGPR-full_seed0,0,DLGPR-full,line-duel,0,0,GA,1.6893344512949398,1.6814999980852008,-1.0350000000000001,-1.0350000000000001,0.0,0.0,0.8116122098641232,0.0646168400523651,28.0,26.31066554870506,strict_delta_max,1,cross_layer_handoff_executed
line-duel_DLGPR-full_seed0,0,DLGPR-full,line-duel,0,1,PSO,1.20651110410417,1.3043999206274748,-1.04,-1.04,0.0,0.0,0.0,0.07826905056619649,26.31066554870506,25.10415444460089,strict_delta_max,1,cross_layer_handoff_executed
line-duel_DLGPR-full_seed0,0,DLGPR-full,line-duel,0,2,RL,4.0,1.477499958127737,-0.04500000000000004,-0.04500000000000004,0.5,0.24750000000000003,0.0,0.0,25.10415444460089,21.10415444460089,strict_delta_max,2,cross_layer_handoff_executed
line-duel_DLGPR-full_seed0,0,DLGPR-full,line-duel,0,3,RL,4.0,1.968099968507886,-0.04500000000000004,-0.04500000000000004,0.5,0.0,0.0,0.0,21.10415444460089,17.10415444460089,strict_delta_max,2,cross_layer_handoff_executed
line-duel_DLGPR-full_seed0,0,DLGPR-full,line-duel,0,4,GA,2.789233237263689,0.9053000248968601,0.015000000000000013,0.015000000000000013,0.5,0.021511288191467855,0.711090923988706,0.02769050566929943,17.10415444460089,14.314921207337202,strict_delta_max,1,cross_layer_handoff_executed
line-duel_DLGPR-full_seed0,0,DLGPR-full,line-duel,0,5,GA,3.307601273445197,1.4630999648943543,-0.04500000000000004,-0.04500000000000004,0.5,0.0,0.6518435789771772,0.026829558184357262,14.314921207337202,11.007319933892004,strict_delta_max,1,cross_layer_handoff_executed
line-duel_DLGPR-full_seed0,0,DLGPR-full,line-duel,0,6,GA,3.498440008079683,1.299499999731779,-1.04,-1.04,0.0,0.0,0.6093654511265194,0.011483178708737387,11.007319933892004,7.508879925812321,strict_delta_max,1,cross_layer_handoff_executed
line-duel_DLGPR-full_seed0,0,DLGPR-full,line-duel,0,7,GA,2.3108352725228674,1.334400032646954,-1.02,-1.02,0.0,0.0,0.5869056551787977,0.03824753156685189,7.508879925812321,5.198044653289454,strict_delta_max,1,cross_layer_handoff_executed
line-duel_DLGPR-full_seed0,0,DLGPR-full,line-duel,0,8,PSO,2.18881862883631,1.3149000005796552,-0.04500000000000004,-0.04500000000000004,0.5,0.0,0.0,0.05141137198210845,5.198044653289454,3.009226024453144,strict_delta_max,1,cross_layer_handoff_executed
line-duel_DLGPR-full_seed0,0,DLGPR-full,line-duel,1,0,GA,2.071859821694708,1.3318000128492713,-0.04500000000000004,-0.04500000000000004,0.5,0.0,0.5586763390444964,0.04323136010554683,28.0,25.92814017830529,strict_delta_max,1,cross_layer_handoff_executed
line-duel_DLGPR-full_seed0,0,DLGPR-full,line-duel,1,1,PSO,1.37630963933025,1.5431999927386642,-0.04500000000000004,-0.04500000000000004,0.5,0.0,0.0,0.07517428059238959,25.92814017830529,24.55183053897504,strict_delta_max,1,cross_layer_handoff_executed
line-duel_DLGPR-full_seed0,0,DLGPR-full,line-duel,1,2,RL,2.1984568758442045,2.0185000030323863,-0.04500000000000004,-0.04500000000000004,0.5,0.0,0.0,0.0,24.55183053897504,22.353373663130835,strict_delta_max,2,cross_layer_handoff_executed
line-duel_DLGPR-full_seed0,0,DLGPR-full,line-duel,1,3,RL,3.693938049586494,1.6471999697387218,-0.04500000000000004,-0.04500000000000004,0.5,0.0,0.0,0.013535689913802731,22.353373663130835,18.65943561354434,strict_delta_max,2,cross_layer_handoff_executed
line-duel_DLGPR-full_seed0,0,DLGPR-full,line-duel,1,4,GA,2.1467999260590287,1.2868000194430351,0.0,0.0,0.5,0.0,0.4183881800055078,0.02823085253326586,18.65943561354434,16.51263568748531,strict_delta_max,1,cross_layer_handoff_executed
line-duel_DLGPR-full_seed0,0,DLGPR-full,line-duel,1,5,GA,1.8345391556221617,1.5172000275924802,-1.0350000000000001,-1.0350000000000001,0.0,0.0,0.4183881800055078,0.03830530607879678,16.51263568748531,14.678096531863149,strict_delta_max,1,cross_layer_handoff_executed
line-duel_DLGPR-full_seed0,0,DLGPR-full,line-duel,1,6,GA,2.6655559746913347,1.3494000304490328,0.0,0.0,0.5,0.0,0.3936628587186561,0.032304107500422743,14.678096531863149,12.012540557171814,strict_delta_max,1,cross_layer_handoff_executed
line-duel_DLGPR-full_seed0,0,DLGPR-full,line-duel,1,7,GA,3.3909911441278306,1.6412000404670835,-1.065,-1.065,0.0,0.0,0.3936628587186561,0.01892689567495302,12.012540557171814,8.621549413043983,strict_delta_max,1,cross_layer_handoff_executed
line-duel_DLGPR-full_seed0,0,DLGPR-full,line-duel,1,8,GA,1.5631967181990496,1.2354999780654907,0.015000000000000013,0.015000000000000013,0.5,0.0,0.3985268455696481,0.045076532044370586,8.621549413043983,7.058352694844933,strict_delta_max,1,cross_layer_handoff_executed
line-duel_DLGPR-full_seed0,0,DLGPR-full,line-duel,1,9,GA,2.9634572546127838,1.394400023855269,-0.015000000000000013,-0.015000000000000013,0.5,0.0,0.4092048769758857,0.02459328357414689,7.058352694844933,4.094895440232149,strict_delta_max,1,cross_layer_handoff_executed
line-duel_DLGPR-full_seed0,0,DLGPR-full,line-duel,1,10,GA,1.8653585564343254,1.474499935284257,-0.04500000000000004,-0.04500000000000004,0.5,0.0,0.4092048769758857,0.023172691473791987,4.094895440232149,2.2295368837978233,strict_delta_max,1,cross_layer_handoff_executed
line-duel_DLGPR-full_seed0,0,DLGPR-full,line-duel,2,0,GA,1.037571232247139,1.2635000748559833,-0.04500000000000004,-0.04500000000000004,0.5,0.0,0.4092048769758857,0.06961127805714547,28.0,26.96242876775286,strict_delta_max,1,cross_layer_handoff_executed
line-duel_DLGPR-full_seed0,0,DLGPR-full,line-duel,2,1,PSO,1.5104700110685483,1.2639999622479081,-0.04500000000000004,-0.04500000000000004,0.5,0.0,0.0,0.04108237563133777,26.96242876775286,25.451958756684313,strict_delta_max,1,cross_layer_handoff_executed
line-duel_DLGPR-full_seed0,0,DLGPR-full,line-duel,2,2,RL,3.981455569270632,1.6439000610262156,-0.04500000000000004,-0.04500000000000004,0.5,0.0,0.0,0.0,25.451958756684313,21.47050318741368,strict_delta_max,2,cross_layer_handoff_executed
line-duel_DLGPR-full_seed0,0,DLGPR-full,line-duel,2,3,GA,2.3562853015965253,1.1295999865978956,-1.04,-1.04,0.0,0.0,0.4092048769758857,0.033584622339313655,21.47050318741368,19.114217885817155,strict_delta_max,1,cross_layer_handoff_executed
line-duel_DLGPR-full_seed0,0,DLGPR-full,line-duel,2,4,GA,1.3184984232654127,1.4663999900221825,-0.04500000000000004,-0.04500000000000004,0.5,0.0,0.4092048769758857,0.0722652357371042,19.114217885817155,17.79571946255174,strict_delta_max,1,cross_layer_handoff_executed
line-duel_DLGPR-full_seed0,0,DLGPR-full,line-duel,2,5,GA,3.1956330491270086,1.3352000387385488,-1.025,-1.025,0.0,0.0,0.4092048769758857,0.02284001639399762,17.79571946255174,14.600086413424732,strict_delta_max,1,cross_layer_handoff_executed
line-duel_DLGPR-full_seed0,0,DLGPR-full,line-duel,2,6,GA,3.5966551743499915,1.4573000371456146,-0.04500000000000004,-0.04500000000000004,0.5,0.0,0.4092048769758857,0.012380982059598075,14.600086413424732,11.00343123907474,strict_delta_max,1,cross_layer_handoff_executed
line-duel_DLGPR-full_seed0,0,DLGPR-full,line-duel,2,7,GA,3.5426599027345005,1.2086000060662627,0.015000000000000013,0.015000000000000013,0.5,0.0,0.40966735290251866,0.019618290261613634,11.00343123907474,7.460771336340239,strict_delta_max,1,cross_layer_handoff_executed
line-duel_DLGPR-full_seed0,0,DLGPR-full,line-duel,2,8,GA,3.494543522843922,1.3549999566748738,-0.04500000000000004,-0.04500000000000004,0.5,0.0,0.40966735290251866,0.0189686537332157,7.460771336340239,3.9662278134963165,strict_delta_max,1,cross_layer_handoff_executed
line-duel_DLGPR-full_seed0,0,DLGPR-full,line-duel,3,0,GA,3.007771186781455,1.310699968598783,-0.04500000000000004,-0.04500000000000004,0.5,0.0,0.40966735290251866,0.02007859064046304,28.0,24.992228813218546,strict_delta_max,1,cross_layer_handoff_executed
line-duel_DLGPR-full_seed0,0,DLGPR-full,line-duel,3,1,PSO,2.793308131660434,1.4890000456944108,-0.04500000000000004,-0.04500000000000004,0.5,0.0,0.0,0.026695380411514622,24.992228813218546,22.19892068155811,strict_delta_max,1,cross_layer_handoff_executed
line-duel_DLGPR-full_seed0,0,DLGPR-full,line-duel,3,2,RL,2.4648089616471656,1.5371000627055764,-0.04500000000000004,-0.04500000000000004,0.5,0.0,0.0,0.0,22.19892068155811,19.734111719910945,strict_delta_max,2,cross_layer_handoff_executed
line-duel_DLGPR-full_seed0,0,DLGPR-full,line-duel,3,3,GA,2.628118577587226,1.1065000435337424,-0.04500000000000004,-0.04500000000000004,0.5,0.0,0.40966735290251866,0.01721750817474157,19.734111719910945,17.10599314232372,strict_delta_max,1,cross_layer_handoff_executed
line-duel_DLGPR-full_seed0,0,DLGPR-full,line-duel,3,4,GA,1.4484152022440822,1.2573999119922519,-1.02,-1.02,0.0,0.0,0.40966735290251866,0.058528926423590234,17.10599314232372,15.657577940079637,strict_delta_max,1,cross_layer_handoff_executed
line-duel_DLGPR-full_seed0,0,DLGPR-full,line-duel,3,5,GA,2.6912297418033067,1.376100000925362,-1.02,-1.02,0.0,0.0,0.40966735290251866,0.01977364363066788,15.657577940079637,12.96634819827633,strict_delta_max,1,cross_layer_handoff_executed
line-duel_DLGPR-full_seed0,0,DLGPR-full,line-duel,3,6,GA,1.2846859058892357,1.2761999387294054,-1.02,-1.02,0.0,0.0,0.40966735290251866,0.07258552372575547,12.96634819827633,11.681662292387095,strict_delta_max,1,cross_layer_handoff_executed
line-duel_DLGPR-full_seed0,0,DLGPR-full,line-duel,3,7,GA,1.2595648649817193,1.2641000794246793,0.0,0.0,0.5,0.0,0.45350480129148446,0.07251154067954255,11.681662292387095,10.422097427405376,strict_delta_max,1,cross_layer_handoff_executed
line-duel_DLGPR-full_seed0,0,DLGPR-full,line-duel,3,8,GA,1.9252254512473295,1.2808999745175242,0.015000000000000013,0.015000000000000013,0.5,0.0,0.4795846583646936,0.03235992380944727,10.422097427405376,8.496871976158047,strict_delta_max,1,cross_layer_handoff_executed
line-duel_DLGPR-full_seed0,0,DLGPR-full,line-duel,3,9,GA,2.1628862196409737,1.2104000197723508,-1.04,-1.04,0.0,0.0,0.4795846583646936,0.026818452400717743,8.496871976158047,6.333985756517073,strict_delta_max,1,cross_layer_handoff_executed
line-duel_DLGPR-full_seed0,0,DLGPR-full,line-duel,3,10,GA,1.371447399382053,1.6012999694794416,-0.04500000000000004,-0.04500000000000004,0.5,0.0,0.4795846583646936,0.045292192893292636,6.333985756517073,4.962538357135021,strict_delta_max,1,cross_layer_handoff_executed
line-duel_DLGPR-full_seed0,0,DLGPR-full,line-duel,3,11,GA,3.2943865644441606,1.5934999100863934,-0.04500000000000004,-0.04500000000000004,0.5,0.0,0.4795846583646936,0.01981524294028889,4.962538357135021,1.66815179269086,strict_delta_max,1,cross_layer_handoff_executed
line-duel_DLGPR-full_seed0,0,DLGPR-full,line-duel,4,0,GA,1.4772854479410795,1.044799922965467,0.015000000000000013,0.015000000000000013,0.5,0.0,0.504392070489838,0.05160844407422021,28.0,26.522714552058922,strict_delta_max,1,cross_layer_handoff_executed
line-duel_DLGPR-full_seed0,0,DLGPR-full,line-duel,4,1,PSO,1.5991035442627652,1.3093999586999416,-0.04500000000000004,-0.04500000000000004,0.5,0.0,0.0,0.04956425291953877,26.522714552058922,24.923611007796158,strict_delta_max,1,cross_layer_handoff_executed
line-duel_DLGPR-full_seed0,0,DLGPR-full,line-duel,4,2,RL,1.8369371557872682,1.678299973718822,-0.04500000000000004,-0.04500000000000004,0.5,0.0,0.0,1.1159880965668736,24.923611007796158,23.08667385200889,strict_delta_max,2,cross_layer_handoff_executed
line-duel_DLGPR-full_seed0,0,DLGPR-full,line-duel,4,3,RL,2.739459953890824,2.0186000037938356,-0.04500000000000004,-0.04500000000000004,0.5,0.0,0.0,0.0,23.08667385200889,20.347213898118063,strict_delta_max,2,cross_layer_handoff_executed
line-duel_DLGPR-full_seed0,0,DLGPR-full,line-duel,4,4,RL,2.966158654891066,1.8541000317782164,-0.04500000000000004,-0.04500000000000004,0.5,0.0,0.0,0.701243676419726,20.347213898118063,17.381055243226996,strict_delta_max,2,cross_layer_handoff_executed
line-duel_DLGPR-full_seed0,0,DLGPR-full,line-duel,4,5,RL,3.894575791315556,1.5129001112654805,-0.04500000000000004,-0.04500000000000004,0.5,0.0,0.0,0.0,17.381055243226996,13.486479451911439,strict_delta_max,2,cross_layer_handoff_executed
line-duel_DLGPR-full_seed0,0,DLGPR-full,line-duel,4,6,RL,3.1406769666246257,1.828900072723627,-0.04500000000000004,-0.04500000000000004,0.5,0.0,0.0,0.0,13.486479451911439,10.345802485286814,strict_delta_max,2,cross_layer_handoff_executed
line-duel_DLGPR-full_seed0,0,DLGPR-full,line-duel,4,7,RL,3.9444191834813895,2.016599988564849,-0.04500000000000004,-0.04500000000000004,0.5,0.0,0.0,0.0,10.345802485286814,6.401383301805424,strict_delta_max,2,cross_layer_handoff_executed
line-duel_DLGPR-full_seed0,0,DLGPR-full,line-duel,4,8,RL,1.5180597527107045,2.1764999255537987,-0.04500000000000004,-0.04500000000000004,0.5,0.0,0.0,0.01976206795973011,6.401383301805424,4.88332354909472,strict_delta_max,2,cross_layer_handoff_executed
line-duel_DLGPR-full_seed0,0,DLGPR-full,line-duel,4,9,RL,4.0,2.0810000132769346,-0.04500000000000004,-0.04500000000000004,0.5,0.0,0.0,0.0025000000000000022,4.88332354909472,0.8833235490947198,strict_delta_max,2,cross_layer_handoff_executed
line-duel_DLGPR-full_seed0,0,DLGPR-full,line-duel,5,0,GA,1.0339163289889401,1.1411000741645694,-0.030000000000000027,-0.030000000000000027,0.5,0.0,0.49092138698208854,0.07556420411409366,28.0,26.96608367101106,strict_delta_max,1,cross_layer_handoff_executed
line-duel_DLGPR-full_seed0,0,DLGPR-full,line-duel,5,1,PSO,1.4807449938481558,1.4295000582933426,-0.04500000000000004,-0.04500000000000004,0.5,0.0,0.0,0.042044549167049076,26.96608367101106,25.485338677162904,strict_delta_max,1,cross_layer_handoff_executed
line-duel_DLGPR-full_seed0,0,DLGPR-full,line-duel,5,2,RL,3.3336469200406316,1.4324999647215009,-0.04500000000000004,-0.04500000000000004,0.5,0.0,0.0,0.6209415842919472,25.485338677162904,22.151691757122272,strict_delta_max,2,cross_layer_handoff_executed
line-duel_DLGPR-full_seed0,0,DLGPR-full,line-duel,5,3,RL,1.688393184748864,1.6041999915614724,-0.04500000000000004,-0.04500000000000004,0.5,0.0,0.0,0.0,22.151691757122272,20.463298572373407,strict_delta_max,2,cross_layer_handoff_executed
line-duel_DLGPR-full_seed0,0,DLGPR-full,line-duel,5,4,RL,1.9257977449108405,1.3768000062555075,-0.04500000000000004,-0.04500000000000004,0.5,0.0,0.0,0.03115591975250646,20.463298572373407,18.537500827462566,strict_delta_max,2,cross_layer_handoff_executed
line-duel_DLGPR-full_seed0,0,DLGPR-full,line-duel,5,5,RL,1.311503621714548,1.6813999973237514,-0.04500000000000004,-0.04500000000000004,0.5,0.0,0.0,0.0,18.537500827462566,17.22599720574802,strict_delta_max,2,cross_layer_handoff_executed
line-duel_DLGPR-full_seed0,0,DLGPR-full,line-duel,5,6,PSO,3.2499212924326635,1.2308999430388212,-0.04500000000000004,-0.04500000000000004,0.5,0.0,0.0,0.020568029924851072,17.22599720574802,13.976075913315356,strict_delta_max,1,cross_layer_handoff_executed
line-duel_DLGPR-full_seed0,0,DLGPR-full,line-duel,5,7,PSO,2.062393913253425,0.9949998930096626,-0.04500000000000004,-0.04500000000000004,0.5,0.0,0.0,0.04951869013838937,13.976075913315356,11.91368200006193,strict_delta_max,1,cross_layer_handoff_executed
line-duel_DLGPR-full_seed0,0,DLGPR-full,line-duel,5,8,RL,1.4741364042238758,1.7870999872684479,-0.04500000000000004,-0.04500000000000004,0.5,0.0,0.0,0.02035089827104219,11.91368200006193,10.439545595838055,strict_delta_max,2,cross_layer_handoff_executed
line-duel_DLGPR-full_seed0,0,DLGPR-full,line-duel,5,9,PSO,1.256742598144519,1.0056999744847417,-0.04500000000000004,-0.04500000000000004,0.5,0.0,0.0,0.07240374842584124,10.439545595838055,9.182802997693535,strict_delta_max,1,cross_layer_handoff_executed
line-duel_DLGPR-full_seed0,0,DLGPR-full,line-duel,5,10,RL,3.6195050567713127,1.653200015425682,-0.04500000000000004,-0.04500000000000004,0.5,0.0,0.0,0.005525617366546935,9.182802997693535,5.563297940922222,strict_delta_max,2,cross_layer_handoff_executed
line-duel_DLGPR-full_seed0,0,DLGPR-full,line-duel,5,11,PSO,2.5708427092679567,0.8731000125408173,-0.015000000000000013,-0.015000000000000013,0.5,0.0,0.0,0.025677538366636037,5.563297940922222,2.9924552316542656,strict_delta_max,1,cross_layer_handoff_executed
line-duel_DLGPR-full_seed1,1,DLGPR-full,line-duel,0,0,GA,2.9420915853436957,1.6885000513866544,-1.04,-1.04,0.0,0.0,0.9222503083015591,0.04079385976487518,28.0,25.057908414656303,strict_delta_max,1,cross_layer_handoff_executed
line-duel_DLGPR-full_seed1,1,DLGPR-full,line-duel,0,1,PSO,1.0478464117356086,1.360399997793138,-1.04,-1.04,0.0,0.0,0.0,0.07191417322099722,25.057908414656303,24.010062002920694,strict_delta_max,1,cross_layer_handoff_executed
line-duel_DLGPR-full_seed1,1,DLGPR-full,line-duel,0,2,RL,3.4847291488855876,2.1924000466242433,-1.09,-1.09,0.0,0.0,0.0,0.0,24.010062002920694,20.525332854035106,strict_delta_max,2,cross_layer_handoff_executed
line-duel_DLGPR-full_seed1,1,DLGPR-full,line-duel,0,3,GA,3.3528046698476497,1.393500017002225,-1.04,-1.04,0.0,0.0,0.8604127127874946,0.02728321313387214,20.525332854035106,17.172528184187456,strict_delta_max,1,cross_layer_handoff_executed
line-duel_DLGPR-full_seed1,1,DLGPR-full,line-duel,0,4,GA,1.638230672215212,1.4336000895127654,-1.025,-1.025,0.0,0.009156219728029604,0.8233593182171755,0.06188131429757374,17.172528184187456,15.534297511972245,strict_delta_max,1,cross_layer_handoff_executed
line-duel_DLGPR-full_seed1,1,DLGPR-full,line-duel,0,5,GA,1.8560707346468086,1.4891000464558601,-1.04,-1.04,0.0,0.0,0.7942710361878224,0.05097401548252652,15.534297511972245,13.678226777325436,strict_delta_max,1,cross_layer_handoff_executed
line-duel_DLGPR-full_seed1,1,DLGPR-full,line-duel,0,6,GA,2.462978385731129,1.3903999933972955,-1.025,-1.025,0.0,0.0,0.8115700590224146,0.036679131685953145,13.678226777325436,11.215248391594308,strict_delta_max,1,cross_layer_handoff_executed
line-duel_DLGPR-full_seed1,1,DLGPR-full,line-duel,0,7,GA,3.7117947863258833,1.6463999636471272,-1.1,-1.1,0.0,0.0,0.8115700590224146,0.02436371388898794,11.215248391594308,7.503453605268424,strict_delta_max,1,cross_layer_handoff_executed
line-duel_DLGPR-full_seed1,1,DLGPR-full,line-duel,0,8,GA,1.1548233962139158,1.4730999246239662,-1.04,-1.04,0.0,0.0,0.8115700590224146,0.08089658930675933,7.503453605268424,6.348630209054509,strict_delta_max,1,cross_layer_handoff_executed
line-duel_DLGPR-full_seed1,1,DLGPR-full,line-duel,0,9,GA,2.748756718281964,1.494100084528327,-1.04,-1.04,0.0,0.0,0.8115700590224146,0.025646358869680308,6.348630209054509,3.599873490772545,strict_delta_max,1,cross_layer_handoff_executed
line-duel_DLGPR-full_seed1,1,DLGPR-full,line-duel,1,0,GA,1.362346866043156,1.4080998953431845,-1.04,-1.04,0.0,0.0,0.8115700590224146,0.05526396886823466,28.0,26.637653133956846,strict_delta_max,1,cross_layer_handoff_executed
line-duel_DLGPR-full_seed1,1,DLGPR-full,line-duel,1,1,PSO,1.0718559310655977,1.5309000154957175,-1.04,-1.04,0.0,0.0,0.0,0.06764268938106383,26.637653133956846,25.565797202891247,strict_delta_max,1,cross_layer_handoff_executed
line-duel_DLGPR-full_seed1,1,DLGPR-full,line-duel,1,2,RL,1.4569772443717455,1.958100008778274,-1.1,-1.1,0.0,0.0,0.0,0.006863525177644109,25.565797202891247,24.1088199585195,strict_delta_max,2,cross_layer_handoff_executed
line-duel_DLGPR-full_seed1,1,DLGPR-full,line-duel,1,3,GA,3.105708563045404,1.3407999649643898,-1.04,-1.04,0.0,0.0,0.8115700590224146,0.03815832154656333,24.1088199585195,21.003111395474097,strict_delta_max,1,cross_layer_handoff_executed
line-duel_DLGPR-full_seed1,1,DLGPR-full,line-duel,1,4,GA,1.141004977853553,1.6470999689772725,-1.04,-1.04,0.0,0.0,0.8115700590224146,0.06902997586170471,21.003111395474097,19.862106417620545,strict_delta_max,1,cross_layer_handoff_executed
line-duel_DLGPR-full_seed1,1,DLGPR-full,line-duel,1,5,GA,3.549355692752714,1.7233999678865075,-1.04,-1.04,0.0,0.0,0.8115700590224146,0.024651698873756893,19.862106417620545,16.312750724867833,strict_delta_max,1,cross_layer_handoff_executed
line-duel_DLGPR-full_seed1,1,DLGPR-full,line-duel,1,6,GA,1.4849030958967493,1.9636000506579876,-1.085,-1.085,0.0,0.0,0.8115700590224146,0.061010090081343026,16.312750724867833,14.827847628971083,strict_delta_max,1,cross_layer_handoff_executed
line-duel_DLGPR-full_seed1,1,DLGPR-full,line-duel,1,7,GA,2.2901630209884827,1.6280999407172203,-1.04,-1.04,0.0,0.0,0.8115700590224146,0.03650699176700542,14.827847628971083,12.537684607982602,strict_delta_max,1,cross_layer_handoff_executed
line-duel_DLGPR-full_seed1,1,DLGPR-full,line-duel,1,8,GA,3.841624453852155,1.6454999567940831,-1.04,-1.04,0.0,0.0,0.8115700590224146,0.0257155323642173,12.537684607982602,8.696060154130446,strict_delta_max,1,cross_layer_handoff_executed
line-duel_DLGPR-full_seed1,1,DLGPR-full,line-duel,1,9,GA,2.6981213495133702,1.7111999914050102,-1.04,-1.04,0.0,0.0,0.8115700590224146,0.031157606959045764,8.696060154130446,5.9979388046170765,strict_delta_max,1,cross_layer_handoff_executed
line-duel_DLGPR-full_seed1,1,DLGPR-full,line-duel,1,10,GA,1.055811970123361,1.7921000253409147,-1.1,-1.1,0.0,0.0,0.8115700590224146,0.12180458698750654,5.9979388046170765,4.942126834493715,strict_delta_max,1,cross_layer_handoff_executed
line-duel_DLGPR-full_seed1,1,DLGPR-full,line-duel,1,11,GA,1.4286262908883705,1.4211999950930476,-1.025,-1.025,0.0,0.0,0.7797754174472316,0.0549547590850403,4.942126834493715,3.5135005436053444,strict_delta_max,1,cross_layer_handoff_executed
line-duel_DLGPR-full_seed1,1,DLGPR-full,line-duel,2,0,GA,2.2138669153760215,1.3517000479623675,-1.04,-1.04,0.0,0.0,0.7797754174472316,0.041299804570889075,28.0,25.786133084623977,strict_delta_max,1,cross_layer_handoff_executed
line-duel_DLGPR-full_seed1,1,DLGPR-full,line-duel,2,1,PSO,3.58227449482536,1.3648999156430364,-1.04,-1.04,0.0,0.0,0.0,0.014386938872103992,25.786133084623977,22.203858589798617,strict_delta_max,1,cross_layer_handoff_executed
line-duel_DLGPR-full_seed1,1,DLGPR-full,line-duel,2,2,RL,3.662537423117456,1.6553000314161181,-1.04,-1.04,0.0,0.0,0.0,0.5624515908008338,22.203858589798617,18.54132116668116,strict_delta_max,2,cross_layer_handoff_executed
line-duel_DLGPR-full_seed1,1,DLGPR-full,line-duel,2,3,GA,3.978497858353011,1.2410999042913318,-1.04,-1.04,0.0,0.0,0.7797754174472316,0.023987784114124236,18.54132116668116,14.56282330832815,strict_delta_max,1,cross_layer_handoff_executed
line-duel_DLGPR-full_seed1,1,DLGPR-full,line-duel,2,4,GA,3.7204411260530614,1.701700035482645,-1.1,-1.1,0.0,0.0,0.7797754174472316,0.019624370059949627,14.56282330832815,10.842382182275088,strict_delta_max,1,cross_layer_handoff_executed
line-duel_DLGPR-full_seed1,1,DLGPR-full,line-duel,2,5,GA,1.6694557705999142,1.4594000531360507,-1.04,-1.04,0.0,0.0,0.7797754174472316,0.06327074796161994,10.842382182275088,9.172926411675174,strict_delta_max,1,cross_layer_handoff_executed
line-duel_DLGPR-full_seed1,1,DLGPR-full,line-duel,2,6,GA,2.2844967797813562,1.420999993570149,-1.04,-1.04,0.0,0.0,0.7797754174472316,0.04523117656877044,9.172926411675174,6.888429631893818,strict_delta_max,1,cross_layer_handoff_executed
line-duel_DLGPR-full_seed1,1,DLGPR-full,line-duel,2,7,GA,1.5689297749486686,1.5072999522089958,-1.04,-1.04,0.0,0.0,0.7797754174472316,0.0614104704512678,6.888429631893818,5.319499856945149,strict_delta_max,1,cross_layer_handoff_executed
line-duel_DLGPR-full_seed1,1,DLGPR-full,line-duel,2,8,GA,2.944807140271103,1.4794999733567238,-1.04,-1.04,0.0,0.0,0.7797754174472316,0.022140641263900952,5.319499856945149,2.374692716674046,strict_delta_max,1,cross_layer_handoff_executed
line-duel_DLGPR-full_seed1,1,DLGPR-full,line-duel,3,0,GA,3.9275957508067965,1.4470999594777822,-1.04,-1.04,0.0,0.0,0.7797754174472316,0.018956454074252383,28.0,24.072404249193205,strict_delta_max,1,cross_layer_handoff_executed
line-duel_DLGPR-full_seed1,1,DLGPR-full,line-duel,3,1,PSO,2.4305212912871355,1.6367000062018633,-1.04,-1.04,0.0,0.0,0.0,0.03225399031701744,24.072404249193205,21.64188295790607,strict_delta_max,1,cross_layer_handoff_executed
line-duel_DLGPR-full_seed1,1,DLGPR-full,line-duel,3,2,RL,1.1378716014543417,2.0019999938085675,-1.04,-1.04,0.0,0.0,0.0,0.0,21.64188295790607,20.504011356451727,strict_delta_max,2,cross_layer_handoff_executed
line-duel_DLGPR-full_seed1,1,DLGPR-full,line-duel,3,3,GA,2.2705825926191383,1.2942999601364136,-1.0550000000000002,-1.0550000000000002,0.0,0.0,0.7797754174472316,0.034382296717064637,20.504011356451727,18.23342876383259,strict_delta_max,1,cross_layer_handoff_executed
line-duel_DLGPR-full_seed1,1,DLGPR-full,line-duel,3,4,GA,3.799501801129481,1.4888000441715121,-1.04,-1.04,0.0,0.0,0.7797754174472316,0.02808984606643664,18.23342876383259,14.433926962703108,strict_delta_max,1,cross_layer_handoff_executed
line-duel_DLGPR-full_seed1,1,DLGPR-full,line-duel,3,5,GA,1.1078178700176906,1.4374000020325184,-1.04,-1.04,0.0,0.0,0.7797754174472316,0.09345672897422462,14.433926962703108,13.326109092685417,strict_delta_max,1,cross_layer_handoff_executed
line-duel_DLGPR-full_seed1,1,DLGPR-full,line-duel,3,6,GA,3.344855304055115,1.3744999887421727,-1.04,-1.04,0.0,0.0,0.7797754174472316,0.019282110751136353,13.326109092685417,9.981253788630301,strict_delta_max,1,cross_layer_handoff_executed
line-duel_DLGPR-full_seed1,1,DLGPR-full,line-duel,3,7,GA,3.5000334455194375,1.4101999113336205,-1.04,-1.04,0.0,0.0,0.7797754174472316,0.022859661276188263,9.981253788630301,6.481220343110864,strict_delta_max,1,cross_layer_handoff_executed
line-duel_DLGPR-full_seed1,1,DLGPR-full,line-duel,3,8,GA,2.6018542747234177,2.214499982073903,-1.1,-1.1,0.0,0.0,0.7797754174472316,0.025929258921674,6.481220343110864,3.879366068387446,strict_delta_max,1,cross_layer_handoff_executed
line-duel_DLGPR-full_seed1,1,DLGPR-full,line-duel,4,0,GA,2.758326607167644,1.4182999730110168,-1.1,-1.1,0.0,0.0,0.7797754174472316,0.026293848702790057,28.0,25.241673392832357,strict_delta_max,1,cross_layer_handoff_executed
line-duel_DLGPR-full_seed1,1,DLGPR-full,line-duel,4,1,PSO,2.6575865542937587,1.180600025691092,-1.04,-1.04,0.0,0.0,0.0,0.015092993981553048,25.241673392832357,22.5840868385386,strict_delta_max,1,cross_layer_handoff_executed
line-duel_DLGPR-full_seed1,1,DLGPR-full,line-duel,4,2,RL,2.7326451712785396,1.6344999894499779,-1.04,-1.04,0.0,0.0,0.0,0.761167246249837,22.5840868385386,19.85144166726006,strict_delta_max,2,cross_layer_handoff_executed
line-duel_DLGPR-full_seed1,1,DLGPR-full,line-duel,4,3,GA,2.5398837763081747,1.049300073646009,-1.04,-1.04,0.0,0.0,0.7797754174472316,0.029598643264216004,19.85144166726006,17.31155789095189,strict_delta_max,1,cross_layer_handoff_executed
line-duel_DLGPR-full_seed1,1,DLGPR-full,line-duel,4,4,GA,2.5546768342389066,1.258400036022067,-1.04,-1.04,0.0,0.0,0.7797754174472316,0.025342124734318742,17.31155789095189,14.756881056712983,strict_delta_max,1,cross_layer_handoff_executed
line-duel_DLGPR-full_seed1,1,DLGPR-full,line-duel,4,5,GA,3.4300989729315923,1.9953999435529113,-1.04,-1.04,0.0,0.0,0.7797754174472316,0.022294577975232616,14.756881056712983,11.32678208378139,strict_delta_max,1,cross_layer_handoff_executed
line-duel_DLGPR-full_seed1,1,DLGPR-full,line-duel,4,6,GA,3.7862231485688733,1.4504999853670597,-1.04,-1.04,0.0,0.0,0.7797754174472316,0.02752278702038154,11.32678208378139,7.540558935212517,strict_delta_max,1,cross_layer_handoff_executed
line-duel_DLGPR-full_seed1,1,DLGPR-full,line-duel,4,7,GA,1.8803021147472363,1.4513999922201037,-1.04,-1.04,0.0,0.0,0.7797754174472316,0.043141108264116726,7.540558935212517,5.660256820465281,strict_delta_max,1,cross_layer_handoff_executed
line-duel_DLGPR-full_seed1,1,DLGPR-full,line-duel,4,8,GA,1.9016652649534325,1.81940000038594,-1.1,-1.1,0.0,0.0,0.7797754174472316,0.055189739216035705,5.660256820465281,3.7585915555118485,strict_delta_max,1,cross_layer_handoff_executed
line-duel_DLGPR-full_seed1,1,DLGPR-full,line-duel,5,0,GA,3.182507885430259,1.3753999955952168,-1.04,-1.04,0.0,0.0,0.7797754174472316,0.019429941567452945,28.0,24.817492114569742,strict_delta_max,1,cross_layer_handoff_executed
line-duel_DLGPR-full_seed1,1,DLGPR-full,line-duel,5,1,PSO,2.6672885905557773,1.3704999582841992,-1.04,-1.04,0.0,0.0,0.0,0.03066096736377278,24.817492114569742,22.150203524013964,strict_delta_max,1,cross_layer_handoff_executed
line-duel_DLGPR-full_seed1,1,DLGPR-full,line-duel,5,2,RL,4.0,1.9298000261187553,-1.04,-1.04,0.0,0.0,0.0,0.0,22.150203524013964,18.150203524013964,strict_delta_max,2,cross_layer_handoff_executed
line-duel_DLGPR-full_seed1,1,DLGPR-full,line-duel,5,3,GA,3.2922867642093516,1.2481999583542347,-1.04,-1.04,0.0,0.0,0.7797754174472316,0.02552316345258373,18.150203524013964,14.857916759804613,strict_delta_max,1,cross_layer_handoff_executed
line-duel_DLGPR-full_seed1,1,DLGPR-full,line-duel,5,4,GA,3.5270668828475236,1.5703999670222402,-1.0550000000000002,-1.0550000000000002,0.0,0.0,0.7797754174472316,0.021227615781519157,14.857916759804613,11.330849876957089,strict_delta_max,1,cross_layer_handoff_executed
line-duel_DLGPR-full_seed1,1,DLGPR-full,line-duel,5,5,GA,3.8499956809783704,1.476299948990345,-1.04,-1.04,0.0,0.0,0.7797754174472316,0.02138564300609405,11.330849876957089,7.4808541959787185,strict_delta_max,1,cross_layer_handoff_executed
line-duel_DLGPR-full_seed1,1,DLGPR-full,line-duel,5,6,GA,3.6664360876391573,1.3805999187752604,-1.04,-1.04,0.0,0.0,0.7797754174472316,0.014943402206025715,7.4808541959787185,3.814418108339561,strict_delta_max,1,cross_layer_handoff_executed
line-duel_DLGPR-full_seed2,2,DLGPR-full,line-duel,0,0,GA,2.282163808635265,1.6843000194057822,-0.0050000000000000044,-0.0050000000000000044,0.5,0.43818064076566016,0.8841395898889056,0.059171347775251876,28.0,25.717836191364736,strict_delta_max,1,cross_layer_handoff_executed
line-duel_DLGPR-full_seed2,2,DLGPR-full,line-duel,0,1,PSO,1.6878748875696683,1.5101999742910266,-0.039999999999999925,-0.039999999999999925,0.5,0.0,0.0,0.05743481707658332,25.717836191364736,24.02996130379507,strict_delta_max,1,cross_layer_handoff_executed
line-duel_DLGPR-full_seed2,2,DLGPR-full,line-duel,0,2,RL,2.2195134993315166,1.8235999159514904,-1.005,-1.005,0.0,0.0,0.0,0.0,24.02996130379507,21.810447804463553,strict_delta_max,2,cross_layer_handoff_executed
line-duel_DLGPR-full_seed2,2,DLGPR-full,line-duel,0,3,GA,2.5458951316609566,1.059599919244647,-1.03,-1.03,0.0,0.0,0.8205222274787475,0.035383290517440956,21.810447804463553,19.264552672802598,strict_delta_max,1,cross_layer_handoff_executed
line-duel_DLGPR-full_seed2,2,DLGPR-full,line-duel,0,4,GA,2.3246963811722035,1.2408000184223056,-1.005,-1.005,0.0,0.0,0.8180698351834279,0.04665933347019414,19.264552672802598,16.939856291630395,strict_delta_max,1,cross_layer_handoff_executed
line-duel_DLGPR-full_seed2,2,DLGPR-full,line-duel,0,5,GA,2.3598755340478395,1.624500029720366,-1.0350000000000001,-1.0350000000000001,0.0,0.0,0.7613611695881136,0.0391291596246282,16.939856291630395,14.579980757582556,strict_delta_max,1,cross_layer_handoff_executed
line-duel_DLGPR-full_seed2,2,DLGPR-full,line-duel,0,6,GA,1.2086574891905308,1.2959999730810523,-1.005,-1.005,0.0,0.0,0.7592924244178799,0.12162630563039699,14.579980757582556,13.371323268392025,strict_delta_max,1,cross_layer_handoff_executed
line-duel_DLGPR-full_seed2,2,DLGPR-full,line-duel,0,7,GA,1.7295073282686193,1.3979000505059958,-1.005,-1.005,0.0,0.0,0.7921542587254701,0.08438917663843092,13.371323268392025,11.641815940123406,strict_delta_max,1,cross_layer_handoff_executed
line-duel_DLGPR-full_seed2,2,DLGPR-full,line-duel,0,8,GA,2.0594812437619225,1.7787000397220254,-1.0699999999999998,-1.0699999999999998,0.0,0.0,0.7921542587254701,0.050794785623719606,11.641815940123406,9.582334696361483,strict_delta_max,1,cross_layer_handoff_executed
line-duel_DLGPR-full_seed2,2,DLGPR-full,line-duel,0,9,GA,1.4510045488894203,1.1837000492960215,-1.005,-1.005,0.0,0.0,0.7812314952078258,0.05340507626506844,9.582334696361483,8.131330147472063,strict_delta_max,1,cross_layer_handoff_executed
line-duel_DLGPR-full_seed2,2,DLGPR-full,line-duel,0,10,GA,2.806667098139971,1.6937999753281474,-1.0699999999999998,-1.0699999999999998,0.0,0.0,0.7812314952078258,0.03137025178030413,8.131330147472063,5.324663049332092,strict_delta_max,1,cross_layer_handoff_executed
line-duel_DLGPR-full_seed2,2,DLGPR-full,line-duel,0,11,GA,1.0772790165255315,1.2131000403314829,-1.005,-1.005,0.0,0.0,0.7812314952078258,0.10109750348128271,5.324663049332092,4.247384032806561,strict_delta_max,1,cross_layer_handoff_executed
line-duel_DLGPR-full_seed2,2,DLGPR-full,line-duel,0,12,GA,2.963810074078382,1.1810000287368894,-1.005,-1.005,0.0,0.0,0.7812314952078258,0.03552784188573753,4.247384032806561,1.2835739587281791,strict_delta_max,1,cross_layer_handoff_executed
line-duel_DLGPR-full_seed2,2,DLGPR-full,line-duel,1,0,GA,2.632540586226138,0.8422000100836158,-0.025000000000000022,-0.025000000000000022,0.5,0.0,0.8027430300884049,0.03375792067614902,28.0,25.36745941377386,strict_delta_max,1,cross_layer_handoff_executed
line-duel_DLGPR-full_seed2,2,DLGPR-full,line-duel,1,1,PSO,1.0,0.9807000169530511,-1.065,-1.065,0.0,0.0,0.0,0.07354320383337631,25.36745941377386,24.36745941377386,strict_delta_max,1,cross_layer_handoff_executed
line-duel_DLGPR-full_seed2,2,DLGPR-full,line-duel,1,2,RL,2.351302384385595,1.221999991685152,-1.005,-1.005,0.0,0.0,0.0,0.0,24.36745941377386,22.016157029388268,strict_delta_max,2,cross_layer_handoff_executed
line-duel_DLGPR-full_seed2,2,DLGPR-full,line-duel,1,3,GA,3.5751884503724174,0.5798999918624759,-1.005,-1.005,0.0,0.0,0.8027430300884049,0.027558007605381758,22.016157029388268,18.440968579015852,strict_delta_max,1,cross_layer_handoff_executed
line-duel_DLGPR-full_seed2,2,DLGPR-full,line-duel,1,4,GA,1.0715952163112357,0.8462000405415893,-0.0050000000000000044,-0.0050000000000000044,0.5,0.0,0.8062475184939394,0.09226819870559616,18.440968579015852,17.369373362704618,strict_delta_max,1,cross_layer_handoff_executed
line-duel_DLGPR-full_seed2,2,DLGPR-full,line-duel,1,5,GA,2.5774423090079197,0.8560999995097518,-0.0050000000000000044,-0.0050000000000000044,0.5,0.0,0.8025459841165118,0.0467213861300869,17.369373362704618,14.791931053696699,strict_delta_max,1,cross_layer_handoff_executed
line-duel_DLGPR-full_seed2,2,DLGPR-full,line-duel,1,6,GA,2.561352638446624,0.8735000155866146,-0.0050000000000000044,-0.0050000000000000044,0.5,0.0,0.8076614228871307,0.04239084981053355,14.791931053696699,12.230578415250076,strict_delta_max,1,cross_layer_handoff_executed
line-duel_DLGPR-full_seed2,2,DLGPR-full,line-duel,1,7,GA,2.0551760273572337,1.2076999992132187,-1.0350000000000001,-1.0350000000000001,0.0,0.0,0.8076614228871307,0.03853568592044357,12.230578415250076,10.175402387892841,strict_delta_max,1,cross_layer_handoff_executed
line-duel_DLGPR-full_seed2,2,DLGPR-full,line-duel,1,8,GA,2.3738209082640243,1.5159999020397663,-0.0050000000000000044,-0.0050000000000000044,0.5,0.0,0.7333370347040062,0.044123311580652795,10.175402387892841,7.801581479628817,strict_delta_max,1,cross_layer_handoff_executed
line-duel_DLGPR-full_seed2,2,DLGPR-full,line-duel,1,9,GA,2.4194385256430477,1.5056999400258064,-0.0050000000000000044,-0.0050000000000000044,0.5,0.0,0.6341529133620913,0.045557489323960434,7.801581479628817,5.3821429539857695,strict_delta_max,1,cross_layer_handoff_executed
line-duel_DLGPR-full_seed2,2,DLGPR-full,line-duel,1,10,GA,1.8703373874483629,1.406800001859665,-1.03,-1.03,0.0,0.0,0.6341529133620913,0.06115409802883833,5.3821429539857695,3.5118055665374066,strict_delta_max,1,cross_layer_handoff_executed
line-duel_DLGPR-full_seed2,2,DLGPR-full,line-duel,2,0,GA,2.3016702189026885,1.3850999530404806,-0.025000000000000022,-0.025000000000000022,0.5,0.0,0.6142412168168916,0.03966948414306266,28.0,25.69832978109731,strict_delta_max,1,cross_layer_handoff_executed
line-duel_DLGPR-full_seed2,2,DLGPR-full,line-duel,2,1,PSO,3.4630832609728515,1.1185999028384686,0.025000000000000022,0.025000000000000022,0.5,0.008662800671899644,0.0,0.026042304510374346,25.69832978109731,22.23524652012446,strict_delta_max,1,cross_layer_handoff_executed
line-duel_DLGPR-full_seed2,2,DLGPR-full,line-duel,2,2,RL,2.805084157435971,1.6686999006196856,-1.005,-1.005,0.0,0.0,0.0,0.021389732582869796,22.23524652012446,19.43016236268849,strict_delta_max,2,cross_layer_handoff_executed
line-duel_DLGPR-full_seed2,2,DLGPR-full,line-duel,2,3,GA,3.7114499498161013,1.1570999631658196,-0.0050000000000000044,-0.0050000000000000044,0.5,0.0,0.508738703914042,0.024925105161423523,19.43016236268849,15.718712412872387,strict_delta_max,1,cross_layer_handoff_executed
line-duel_DLGPR-full_seed2,2,DLGPR-full,line-duel,2,4,GA,1.1447968753880127,1.4097000239416957,-0.0050000000000000044,-0.0050000000000000044,0.5,0.0,0.43647359370024447,0.0759909710591263,15.718712412872387,14.573915537484375,strict_delta_max,1,cross_layer_handoff_executed
line-duel_DLGPR-full_seed2,2,DLGPR-full,line-duel,2,5,GA,3.9570677355944217,1.474799937568605,-0.0050000000000000044,-0.0050000000000000044,0.5,0.0,0.43605438212572095,0.02543089178486604,14.573915537484375,10.616847801889953,strict_delta_max,1,cross_layer_handoff_executed
line-duel_DLGPR-full_seed2,2,DLGPR-full,line-duel,2,6,GA,1.3369948230142574,1.4403000241145492,-0.0050000000000000044,-0.0050000000000000044,0.5,0.0,0.44849760687166584,0.06836191717410779,10.616847801889953,9.279852978875695,strict_delta_max,1,cross_layer_handoff_executed
line-duel_DLGPR-full_seed2,2,DLGPR-full,line-duel,2,7,GA,2.5210834246960725,1.4597999397665262,-0.0050000000000000044,-0.0050000000000000044,0.5,0.0,0.44849760687166584,0.036983677523745775,9.279852978875695,6.758769554179622,strict_delta_max,1,cross_layer_handoff_executed
line-duel_DLGPR-full_seed2,2,DLGPR-full,line-duel,2,8,GA,1.8946635668369436,1.4681000029668212,-0.0050000000000000044,-0.0050000000000000044,0.5,0.0,0.44849760687166584,0.05149002229092122,6.758769554179622,4.864105987342679,strict_delta_max,1,cross_layer_handoff_executed
line-duel_DLGPR-full_seed2,2,DLGPR-full,line-duel,2,9,GA,1.883210479831185,1.462699961848557,-0.0050000000000000044,-0.0050000000000000044,0.5,0.0,0.44849760687166584,0.045952712202506685,4.864105987342679,2.980895507511494,strict_delta_max,1,cross_layer_handoff_executed
line-duel_DLGPR-full_seed2,2,DLGPR-full,line-duel,3,0,GA,3.1151459030239055,1.2771999463438988,-0.0050000000000000044,-0.0050000000000000044,0.5,0.0,0.44849760687166584,0.029099090257896525,28.0,24.884854096976095,strict_delta_max,1,cross_layer_handoff_executed
line-duel_DLGPR-full_seed2,2,DLGPR-full,line-duel,3,1,PSO,2.138133774632287,1.1127000907436013,-0.995,-0.995,0.0,0.0,0.0,0.04661438181166977,24.884854096976095,22.74672032234381,strict_delta_max,1,cross_layer_handoff_executed
line-duel_DLGPR-full_seed2,2,DLGPR-full,line-duel,3,2,RL,4.0,1.4904000563547015,-0.0050000000000000044,-0.0050000000000000044,0.5,0.0,0.0,0.51,22.74672032234381,18.74672032234381,strict_delta_max,2,cross_layer_handoff_executed
line-duel_DLGPR-full_seed2,2,DLGPR-full,line-duel,3,3,RL,2.2008453085790314,1.4416000340133905,-0.0050000000000000044,-0.0050000000000000044,0.5,0.0,0.0,0.0,18.74672032234381,16.54587501376478,strict_delta_max,2,cross_layer_handoff_executed
line-duel_DLGPR-full_seed2,2,DLGPR-full,line-duel,3,4,GA,3.6219873803141396,1.213700044900179,-0.0050000000000000044,-0.0050000000000000044,0.5,0.0,0.44849760687166584,0.025012914630881084,16.54587501376478,12.923887633450638,strict_delta_max,1,cross_layer_handoff_executed
line-duel_DLGPR-full_seed2,2,DLGPR-full,line-duel,3,5,GA,3.232942505512532,1.449399976991117,-0.0050000000000000044,-0.0050000000000000044,0.5,0.0,0.44849760687166584,0.02851416713508875,12.923887633450638,9.690945127938107,strict_delta_max,1,cross_layer_handoff_executed
line-duel_DLGPR-full_seed2,2,DLGPR-full,line-duel,3,6,GA,1.8677457225946332,1.393500017002225,-0.0050000000000000044,-0.0050000000000000044,0.5,0.0,0.44849760687166584,0.04369343516381013,9.690945127938107,7.823199405343474,strict_delta_max,1,cross_layer_handoff_executed
line-duel_DLGPR-full_seed2,2,DLGPR-full,line-duel,3,7,GA,1.3433878316157268,1.3691999483853579,-0.0050000000000000044,-0.0050000000000000044,0.5,0.0,0.44849760687166584,0.06852891738898424,7.823199405343474,6.479811573727748,strict_delta_max,1,cross_layer_handoff_executed
line-duel_DLGPR-full_seed2,2,DLGPR-full,line-duel,3,8,GA,2.498498279482663,1.5124999918043613,-0.0050000000000000044,-0.0050000000000000044,0.5,0.0,0.44849760687166584,0.026296225035469925,6.479811573727748,3.981313294245085,strict_delta_max,1,cross_layer_handoff_executed
line-duel_DLGPR-full_seed2,2,DLGPR-full,line-duel,4,0,GA,2.3672917419889083,1.4088000170886517,-0.0050000000000000044,-0.0050000000000000044,0.5,0.0,0.44849760687166584,0.02228124966034528,28.0,25.632708258011093,strict_delta_max,1,cross_layer_handoff_executed
line-duel_DLGPR-full_seed2,2,DLGPR-full,line-duel,4,1,PSO,3.320259214392205,1.2266000267118216,0.025000000000000022,0.025000000000000022,0.5,0.0,0.0,0.030341846184090845,25.632708258011093,22.312449043618887,strict_delta_max,1,cross_layer_handoff_executed
line-duel_DLGPR-full_seed2,2,DLGPR-full,line-duel,4,2,RL,3.249555406953824,1.7897000070661306,-0.0050000000000000044,-0.0050000000000000044,0.5,0.0,0.0,0.0,22.312449043618887,19.062893636665063,strict_delta_max,2,cross_layer_handoff_executed
line-duel_DLGPR-full_seed2,2,DLGPR-full,line-duel,4,3,GA,1.2720519498757632,1.1369000421836972,-0.0050000000000000044,-0.0050000000000000044,0.5,0.0,0.44849760687166584,0.0492025039144667,19.062893636665063,17.7908416867893,strict_delta_max,1,cross_layer_handoff_executed
line-duel_DLGPR-full_seed2,2,DLGPR-full,line-duel,4,4,GA,3.89199335172641,1.51119998190552,-0.0050000000000000044,-0.0050000000000000044,0.5,0.0,0.44849760687166584,0.0236565831477693,17.7908416867893,13.89884833506289,strict_delta_max,1,cross_layer_handoff_executed
line-duel_DLGPR-full_seed2,2,DLGPR-full,line-duel,4,5,GA,2.90521662392441,2.2277000825852156,-0.0050000000000000044,-0.0050000000000000044,0.5,0.0,0.44849760687166584,0.02711392744227914,13.89884833506289,10.99363171113848,strict_delta_max,1,cross_layer_handoff_executed
line-duel_DLGPR-full_seed2,2,DLGPR-full,line-duel,4,6,GA,2.7265148571764812,2.189000020734966,-0.039999999999999925,-0.039999999999999925,0.5,0.0,0.44849760687166584,0.027102009761322217,10.99363171113848,8.267116853962,strict_delta_max,1,cross_layer_handoff_executed
line-duel_DLGPR-full_seed2,2,DLGPR-full,line-duel,4,7,GA,3.288955394177158,1.842500059865415,-0.039999999999999925,-0.039999999999999925,0.5,0.0,0.44849760687166584,0.01598265919268773,8.267116853962,4.978161459784841,strict_delta_max,1,cross_layer_handoff_executed
line-duel_DLGPR-full_seed2,2,DLGPR-full,line-duel,4,8,GA,3.3783304316076426,1.7484999261796474,-0.039999999999999925,-0.039999999999999925,0.5,0.0,0.44849760687166584,0.018741848938148453,4.978161459784841,1.5998310281771988,strict_delta_max,1,cross_layer_handoff_executed
line-duel_DLGPR-full_seed2,2,DLGPR-full,line-duel,5,0,GA,3.4448526302720754,1.4239000156521797,-0.0050000000000000044,-0.0050000000000000044,0.5,0.0,0.44849760687166584,0.014069574235026468,28.0,24.555147369727926,strict_delta_max,1,cross_layer_handoff_executed
line-duel_DLGPR-full_seed2,2,DLGPR-full,line-duel,5,1,PSO,1.477133928659536,1.485200016759336,-0.039999999999999925,-0.039999999999999925,0.5,0.0,0.0,0.04987659418800941,24.555147369727926,23.07801344106839,strict_delta_max,1,cross_layer_handoff_executed
line-duel_DLGPR-full_seed2,2,DLGPR-full,line-duel,5,2,RL,2.9199994113337397,1.5428999904543161,-0.0050000000000000044,-0.0050000000000000044,0.5,0.0,0.0,0.017123291123254725,23.07801344106839,20.158014029734648,strict_delta_max,2,cross_layer_handoff_executed
line-duel_DLGPR-full_seed2,2,DLGPR-full,line-duel,5,3,GA,1.704799628745417,1.2032999657094479,-0.0050000000000000044,-0.0050000000000000044,0.5,0.0,0.44849760687166584,0.04941335582845675,20.158014029734648,18.453214400989232,strict_delta_max,1,cross_layer_handoff_executed
line-duel_DLGPR-full_seed2,2,DLGPR-full,line-duel,5,4,GA,3.2061094027265398,1.541399979032576,-0.0050000000000000044,-0.0050000000000000044,0.5,0.0,0.44849760687166584,0.02164412916885374,18.453214400989232,15.247104998262692,strict_delta_max,1,cross_layer_handoff_executed
line-duel_DLGPR-full_seed2,2,DLGPR-full,line-duel,5,5,GA,3.6442458264507582,1.4666999923065305,-1.025,-1.025,0.0,0.0,0.44849760687166584,0.022594512316820546,15.247104998262692,11.602859171811934,strict_delta_max,1,cross_layer_handoff_executed
line-duel_DLGPR-full_seed2,2,DLGPR-full,line-duel,5,6,GA,3.584781053779426,1.6026999801397324,-0.025000000000000022,-0.025000000000000022,0.5,0.0,0.44849760687166584,0.019992480100039754,11.602859171811934,8.01807811803251,strict_delta_max,1,cross_layer_handoff_executed
line-duel_DLGPR-full_seed2,2,DLGPR-full,line-duel,5,7,GA,3.602715175884147,1.3908999972045422,-0.0050000000000000044,-0.0050000000000000044,0.5,0.0,0.44849760687166584,0.020590935350943813,8.01807811803251,4.415362942148362,strict_delta_max,1,cross_layer_handoff_executed
line-duel_DLGPR-full_seed2,2,DLGPR-full,line-duel,5,8,GA,2.554883574494971,1.4819999923929572,-0.0050000000000000044,-0.0050000000000000044,0.5,0.0,0.44849760687166584,0.027988902879289367,4.415362942148362,1.860479367653391,strict_delta_max,1,cross_layer_handoff_executed
line-duel_fixed-split_seed0,0,fixed-split,line-duel,0,0,GA,1.6893344512949398,1.6584000550210476,-1.0350000000000001,-1.0350000000000001,0.0,0.0,0.8116122098641232,0.0646168400523651,28.0,26.31066554870506,strict_delta_max,1,cross_layer_handoff_executed
line-duel_fixed-split_seed0,0,fixed-split,line-duel,0,1,PSO,1.20651110410417,1.117300009354949,-1.04,-1.04,0.0,0.0,0.0,0.07826905056619649,26.31066554870506,25.10415444460089,strict_delta_max,1,cross_layer_handoff_executed
line-duel_fixed-split_seed0,0,fixed-split,line-duel,0,2,RL,4.0,1.671800040639937,-0.04500000000000004,-0.04500000000000004,0.5,0.24750000000000003,0.0,0.0,25.10415444460089,21.10415444460089,strict_delta_max,2,cross_layer_handoff_executed
line-duel_fixed-split_seed0,0,fixed-split,line-duel,0,3,GA,3.523322366777626,1.387899974361062,-1.0350000000000001,-1.0350000000000001,0.0,0.0,0.7735835699401835,0.032048148152888374,21.10415444460089,17.580832077823263,strict_delta_max,1,cross_layer_handoff_executed
line-duel_fixed-split_seed0,0,fixed-split,line-duel,0,4,PSO,2.703496397418464,1.348600024357438,-0.04500000000000004,-0.04500000000000004,0.5,0.0,0.0,0.04239642359119411,17.580832077823263,14.8773356804048,strict_delta_max,1,cross_layer_handoff_executed
line-duel_fixed-split_seed0,0,fixed-split,line-duel,0,5,RL,2.243997127921444,2.042699954472482,-0.04500000000000004,-0.04500000000000004,0.5,0.0,0.0,0.0,14.8773356804048,12.633338552483355,strict_delta_max,2,cross_layer_handoff_executed
line-duel_fixed-split_seed0,0,fixed-split,line-duel,0,6,GA,3.924209213763715,1.3131999876350164,-1.08,-1.08,0.0,0.0,0.7403203080779661,0.01411084932269532,12.633338552483355,8.70912933871964,strict_delta_max,1,cross_layer_handoff_executed
line-duel_fixed-split_seed0,0,fixed-split,line-duel,0,7,PSO,2.361335149931503,1.3061999343335629,-0.04500000000000004,-0.04500000000000004,0.5,0.0,0.0,0.0440728624036507,8.70912933871964,6.347794188788137,strict_delta_max,1,cross_layer_handoff_executed
line-duel_fixed-split_seed0,0,fixed-split,line-duel,0,8,RL,1.411636959521183,1.5451000072062016,-0.04500000000000004,-0.04500000000000004,0.5,0.0,0.0,1.4663826885788886,6.347794188788137,4.9361572292669535,strict_delta_max,2,cross_layer_handoff_executed
line-duel_fixed-split_seed0,0,fixed-split,line-duel,0,9,GA,2.654586248440353,1.1144999880343676,-1.0350000000000001,-1.0350000000000001,0.0,0.0,0.6490609342461647,0.034627087082184475,4.9361572292669535,2.2815709808266007,strict_delta_max,1,cross_layer_handoff_executed
line-duel_fixed-split_seed0,0,fixed-split,line-duel,1,0,PSO,1.20081091851997,1.124699949286878,-0.04500000000000004,-0.04500000000000004,0.5,0.0,0.0,0.0725800156241015,28.0,26.79918908148003,strict_delta_max,1,cross_layer_handoff_executed
line-duel_fixed-split_seed0,0,fixed-split,line-duel,1,1,RL,4.0,1.4405000256374478,-0.04500000000000004,-0.04500000000000004,0.5,0.0,0.0,0.0,26.79918908148003,22.79918908148003,strict_delta_max,2,cross_layer_handoff_executed
line-duel_fixed-split_seed0,0,fixed-split,line-duel,1,2,GA,2.097532685563981,0.9750999743118882,-1.04,-1.04,0.0,0.0,0.5671891136379335,0.03020290659132687,22.79918908148003,20.70165639591605,strict_delta_max,1,cross_layer_handoff_executed
line-duel_fixed-split_seed0,0,fixed-split,line-duel,1,3,PSO,2.53756010606733,1.340300077572465,-0.04500000000000004,-0.04500000000000004,0.5,0.0,0.0,0.02995867107179076,20.70165639591605,18.16409628984872,strict_delta_max,1,cross_layer_handoff_executed
line-duel_fixed-split_seed0,0,fixed-split,line-duel,1,4,RL,2.8205132788370633,1.491999952122569,-0.04500000000000004,-0.04500000000000004,0.5,0.0,0.0,0.0,18.16409628984872,15.343583011011658,strict_delta_max,2,cross_layer_handoff_executed
line-duel_fixed-split_seed0,0,fixed-split,line-duel,1,5,GA,2.0990268401584924,1.2601000489667058,-0.04500000000000004,-0.04500000000000004,0.5,0.0,0.44437913161737186,0.025131603009612074,15.343583011011658,13.244556170853166,strict_delta_max,1,cross_layer_handoff_executed
line-duel_fixed-split_seed0,0,fixed-split,line-duel,1,6,PSO,1.0399865744093875,1.7564999870955944,-0.04500000000000004,-0.04500000000000004,0.5,0.0,0.0,0.08309780309268605,13.244556170853166,12.204569596443779,strict_delta_max,1,cross_layer_handoff_executed
line-duel_fixed-split_seed0,0,fixed-split,line-duel,1,7,RL,2.379883104191103,1.588699989952147,-0.04500000000000004,-0.04500000000000004,0.5,0.0,0.0,0.0,12.204569596443779,9.824686492252676,strict_delta_max,2,cross_layer_handoff_executed
line-duel_fixed-split_seed0,0,fixed-split,line-duel,1,8,GA,2.548029451099217,1.1497000232338905,-1.0350000000000001,-1.0350000000000001,0.0,0.0,0.4028031910196516,0.018714036830088574,9.824686492252676,7.276657041153459,strict_delta_max,1,cross_layer_handoff_executed
line-duel_fixed-split_seed0,0,fixed-split,line-duel,1,9,PSO,2.8847966278489108,1.534000039100647,-0.04500000000000004,-0.04500000000000004,0.5,0.0,0.0,0.01915967463226501,7.276657041153459,4.391860413304547,strict_delta_max,1,cross_layer_handoff_executed
line-duel_fixed-split_seed0,0,fixed-split,line-duel,1,10,RL,2.4922441904741928,1.6014999710023403,-0.04500000000000004,-0.04500000000000004,0.5,0.0,0.0,0.0,4.391860413304547,1.8996162228303546,strict_delta_max,2,cross_layer_handoff_executed
line-duel_fixed-split_seed0,0,fixed-split,line-duel,2,0,GA,1.786591104312534,1.3765000039711595,-0.04500000000000004,-0.04500000000000004,0.5,0.0,0.2932153999852377,0.02894146878802346,28.0,26.213408895687465,strict_delta_max,1,cross_layer_handoff_executed
line-duel_fixed-split_seed0,0,fixed-split,line-duel,2,1,PSO,1.0,1.4770000707358122,-0.04500000000000004,-0.04500000000000004,0.5,0.0,0.0,0.050697307113666934,26.213408895687465,25.213408895687465,strict_delta_max,1,cross_layer_handoff_executed
line-duel_fixed-split_seed0,0,fixed-split,line-duel,2,2,RL,2.1289674854272405,1.625700038857758,-0.04500000000000004,-0.04500000000000004,0.5,0.0,0.0,0.018788450398514588,25.213408895687465,23.084441410260226,strict_delta_max,2,cross_layer_handoff_executed
line-duel_fixed-split_seed0,0,fixed-split,line-duel,2,3,GA,1.1363288563976364,1.1213000398129225,-0.04500000000000004,-0.04500000000000004,0.5,0.0,0.16492998018967,0.047726301665997437,23.084441410260226,21.94811255386259,strict_delta_max,1,cross_layer_handoff_executed
line-duel_fixed-split_seed0,0,fixed-split,line-duel,2,4,PSO,2.37566668731714,1.4530000044032931,-0.04500000000000004,-0.04500000000000004,0.5,0.0,0.0,0.04213595726220504,21.94811255386259,19.57244586654545,strict_delta_max,1,cross_layer_handoff_executed
line-duel_fixed-split_seed0,0,fixed-split,line-duel,2,5,RL,1.7364855485135349,2.2511999122798443,-0.04500000000000004,-0.04500000000000004,0.5,0.0,0.0,1.1459928369133152,19.57244586654545,17.835960318031916,strict_delta_max,2,cross_layer_handoff_executed
line-duel_fixed-split_seed0,0,fixed-split,line-duel,2,6,GA,1.2891509851708727,1.1403000680729747,-0.04500000000000004,-0.04500000000000004,0.5,0.0,0.16492998018967,0.042351749416161114,17.835960318031916,16.54680933286104,strict_delta_max,1,cross_layer_handoff_executed
line-duel_fixed-split_seed0,0,fixed-split,line-duel,2,7,PSO,2.9397033454976556,1.3075999449938536,-0.04500000000000004,-0.04500000000000004,0.5,0.0,0.0,0.03158555187092455,16.54680933286104,13.607105987363386,strict_delta_max,1,cross_layer_handoff_executed
line-duel_fixed-split_seed0,0,fixed-split,line-duel,2,8,RL,2.5002734324824254,2.0081999246031046,-0.04500000000000004,-0.04500000000000004,0.5,0.0,0.0,0.0,13.607105987363386,11.106832554880961,strict_delta_max,2,cross_layer_handoff_executed
line-duel_fixed-split_seed0,0,fixed-split,line-duel,2,9,GA,1.37837716363411,0.9625999955460429,-1.04,-1.04,0.0,0.0,0.16492998018967,0.04223734662455496,11.106832554880961,9.728455391246852,strict_delta_max,1,cross_layer_handoff_executed
line-duel_fixed-split_seed0,0,fixed-split,line-duel,2,10,PSO,1.6051348264760161,1.5272999880835414,-0.04500000000000004,-0.04500000000000004,0.5,0.0,0.0,0.05992598055783183,9.728455391246852,8.123320564770836,strict_delta_max,1,cross_layer_handoff_executed
line-duel_fixed-split_seed0,0,fixed-split,line-duel,2,11,RL,3.414043272029419,1.4798999764025211,-0.04500000000000004,-0.04500000000000004,0.5,0.0,0.0,0.0,8.123320564770836,4.709277292741417,strict_delta_max,2,cross_layer_handoff_executed
line-duel_fixed-split_seed0,0,fixed-split,line-duel,2,12,GA,1.5058339404330447,1.1363000376150012,-0.04500000000000004,-0.04500000000000004,0.5,0.0,0.16492998018967,0.036859923516276524,4.709277292741417,3.2034433523083723,strict_delta_max,1,cross_layer_handoff_executed
line-duel_fixed-split_seed0,0,fixed-split,line-duel,3,0,PSO,1.7269256370131338,1.2848000042140484,-0.04500000000000004,-0.04500000000000004,0.5,0.0,0.0,0.045035460323613996,28.0,26.273074362986865,strict_delta_max,1,cross_layer_handoff_executed
line-duel_fixed-split_seed0,0,fixed-split,line-duel,3,1,RL,1.5176720657918539,1.7643999308347702,-0.04500000000000004,-0.04500000000000004,0.5,0.0,0.0,0.0,26.273074362986865,24.755402297195012,strict_delta_max,2,cross_layer_handoff_executed
line-duel_fixed-split_seed0,0,fixed-split,line-duel,3,2,GA,1.980536061452732,1.117000007070601,-0.04500000000000004,-0.04500000000000004,0.5,0.0,0.16492998018967,0.0269358665822086,24.755402297195012,22.77486623574228,strict_delta_max,1,cross_layer_handoff_executed
line-duel_fixed-split_seed0,0,fixed-split,line-duel,3,3,PSO,2.3072668014201403,1.2490000808611512,-0.04500000000000004,-0.04500000000000004,0.5,0.0,0.0,0.028841704029243437,22.77486623574228,20.46759943432214,strict_delta_max,1,cross_layer_handoff_executed
line-duel_fixed-split_seed0,0,fixed-split,line-duel,3,4,RL,3.9752843497438857,1.9066000822931528,-0.04500000000000004,-0.04500000000000004,0.5,0.0,0.0,0.005031086644478288,20.46759943432214,16.49231508457825,strict_delta_max,2,cross_layer_handoff_executed
line-duel_fixed-split_seed0,0,fixed-split,line-duel,3,5,GA,2.6698961798497995,1.3900999911129475,-1.08,-1.08,0.0,0.0,0.16492998018967,0.018665676561576316,16.49231508457825,13.822418904728451,strict_delta_max,1,cross_layer_handoff_executed
line-duel_fixed-split_seed0,0,fixed-split,line-duel,3,6,PSO,3.0251749353308357,1.3870999682694674,-0.04500000000000004,-0.04500000000000004,0.5,0.0,0.0,0.026561770270137484,13.822418904728451,10.797243969397616,strict_delta_max,1,cross_layer_handoff_executed
line-duel_fixed-split_seed0,0,fixed-split,line-duel,3,7,RL,2.462908053540581,1.5092999674379826,-0.04500000000000004,-0.04500000000000004,0.5,0.0,0.0,0.0,10.797243969397616,8.334335915857036,strict_delta_max,2,cross_layer_handoff_executed
line-duel_fixed-split_seed0,0,fixed-split,line-duel,3,8,GA,1.5609885885878367,1.0985999833792448,-0.04500000000000004,-0.04500000000000004,0.5,0.0,0.16492998018967,0.0398111068312063,8.334335915857036,6.7733473272691995,strict_delta_max,1,cross_layer_handoff_executed
line-duel_fixed-split_seed0,0,fixed-split,line-duel,3,9,PSO,3.4986549709484467,1.2484999606385827,-0.04500000000000004,-0.04500000000000004,0.5,0.0,0.0,0.015520151013188236,6.7733473272691995,3.274692356320753,strict_delta_max,1,cross_layer_handoff_executed
line-duel_fixed-split_seed0,0,fixed-split,line-duel,4,0,RL,3.0161130853191267,1.5789000317454338,-0.04500000000000004,-0.04500000000000004,0.5,0.0,0.0,0.6863137891200718,28.0,24.983886914680873,strict_delta_max,2,cross_layer_handoff_executed
line-duel_fixed-split_seed0,0,fixed-split,line-duel,4,1,GA,1.5199112350105475,1.276100054383278,-0.04500000000000004,-0.04500000000000004,0.5,0.0,0.16492998018967,0.04336107343577223,24.983886914680873,23.463975679670327,strict_delta_max,1,cross_layer_handoff_executed
line-duel_fixed-split_seed0,0,fixed-split,line-duel,4,2,PSO,1.4914330914471092,1.4813999878242612,-0.04500000000000004,-0.04500000000000004,0.5,0.0,0.0,0.03762860331852237,23.463975679670327,21.972542588223217,strict_delta_max,1,cross_layer_handoff_executed
line-duel_fixed-split_seed0,0,fixed-split,line-duel,4,3,RL,3.7432501845837765,1.3908999972045422,-0.04500000000000004,-0.04500000000000004,0.5,0.0,0.0,0.0,21.972542588223217,18.22929240363944,strict_delta_max,2,cross_layer_handoff_executed
line-duel_fixed-split_seed0,0,fixed-split,line-duel,4,4,GA,2.3669659532124103,1.1579999700188637,-0.04500000000000004,-0.04500000000000004,0.5,0.0,0.16492998018967,0.022537953806133063,18.22929240363944,15.86232645042703,strict_delta_max,1,cross_layer_handoff_executed
line-duel_fixed-split_seed0,0,fixed-split,line-duel,4,5,PSO,3.439543938640419,1.4479999663308263,-0.04500000000000004,-0.04500000000000004,0.5,0.0,0.0,0.026180547229799084,15.86232645042703,12.422782511786611,strict_delta_max,1,cross_layer_handoff_executed
line-duel_fixed-split_seed0,0,fixed-split,line-duel,4,6,RL,2.0897231930467703,1.5217999462038279,-0.04500000000000004,-0.04500000000000004,0.5,0.0,0.0,0.0,12.422782511786611,10.33305931873984,strict_delta_max,2,cross_layer_handoff_executed
line-duel_fixed-split_seed0,0,fixed-split,line-duel,4,7,GA,1.8457797093209276,1.1063000420108438,-0.04500000000000004,-0.04500000000000004,0.5,0.0,0.16492998018967,0.027636359288683444,10.33305931873984,8.487279609418913,strict_delta_max,1,cross_layer_handoff_executed
line-duel_fixed-split_seed0,0,fixed-split,line-duel,4,8,PSO,3.57075345246006,1.2780000688508153,-0.04500000000000004,-0.04500000000000004,0.5,0.0,0.0,0.022457048645661223,8.487279609418913,4.916526156958852,strict_delta_max,1,cross_layer_handoff_executed
line-duel_fixed-split_seed0,0,fixed-split,line-duel,4,9,RL,2.604917554706675,1.449699979275465,-0.04500000000000004,-0.04500000000000004,0.5,0.0,0.0,0.0,4.916526156958852,2.311608602252177,strict_delta_max,2,cross_layer_handoff_executed
line-duel_fixed-split_seed0,0,fixed-split,line-duel,5,0,GA,3.7739728835304605,1.4661999884992838,-0.06000000000000005,-0.06000000000000005,0.5,0.0,0.16492998018967,0.019277666927534506,28.0,24.226027116469538,strict_delta_max,1,cross_layer_handoff_executed
line-duel_fixed-split_seed0,0,fixed-split,line-duel,5,1,PSO,3.1417451275823174,1.36009999550879,-0.04500000000000004,-0.04500000000000004,0.5,0.0,0.0,0.022785608099754762,24.226027116469538,21.08428198888722,strict_delta_max,1,cross_layer_handoff_executed
line-duel_fixed-split_seed0,0,fixed-split,line-duel,5,2,RL,1.1774080445444033,1.5197000466287136,-0.04500000000000004,-0.04500000000000004,0.5,0.0,0.0,0.008493232270949447,21.08428198888722,19.906873944342816,strict_delta_max,2,cross_layer_handoff_executed
line-duel_fixed-split_seed0,0,fixed-split,line-duel,5,3,GA,1.4825985437323994,1.133799902163446,-0.04500000000000004,-0.04500000000000004,0.5,0.0,0.16492998018967,0.04286173476421016,19.906873944342816,18.424275400610416,strict_delta_max,1,cross_layer_handoff_executed
line-duel_fixed-split_seed0,0,fixed-split,line-duel,5,4,PSO,2.204512262974142,1.2827999889850616,-0.04500000000000004,-0.04500000000000004,0.5,0.0,0.0,0.01647869451024219,18.424275400610416,16.219763137636274,strict_delta_max,1,cross_layer_handoff_executed
line-duel_fixed-split_seed0,0,fixed-split,line-duel,5,5,RL,3.255146894236265,1.9792000530287623,-0.04500000000000004,-0.04500000000000004,0.5,0.0,0.0,0.0,16.219763137636274,12.964616243400009,strict_delta_max,2,cross_layer_handoff_executed
line-duel_fixed-split_seed0,0,fixed-split,line-duel,5,6,GA,3.009163946312715,1.357999979518354,-1.08,-1.08,0.0,0.0,0.16492998018967,0.022217801773514272,12.964616243400009,9.955452297087295,strict_delta_max,1,cross_layer_handoff_executed
line-duel_fixed-split_seed0,0,fixed-split,line-duel,5,7,PSO,1.795907649529598,1.4160999562591314,-0.04500000000000004,-0.04500000000000004,0.5,0.0,0.0,0.030105188542848462,9.955452297087295,8.159544647557697,strict_delta_max,1,cross_layer_handoff_executed
line-duel_fixed-split_seed0,0,fixed-split,line-duel,5,8,RL,4.0,1.946799922734499,-0.04500000000000004,-0.04500000000000004,0.5,0.0,0.0,0.5175000000000001,8.159544647557697,4.159544647557697,strict_delta_max,2,cross_layer_handoff_executed
line-duel_fixed-split_seed0,0,fixed-split,line-duel,5,9,GA,1.7077750270474974,0.9876999538391829,-1.03,-1.03,0.0,0.0,0.16492998018967,0.03176636011477445,4.159544647557697,2.4517696205101993,strict_delta_max,1,cross_layer_handoff_executed
line-duel_fixed-split_seed1,1,fixed-split,line-duel,0,0,GA,2.9420915853436957,1.764100044965744,-1.04,-1.04,0.0,0.0,0.9222503083015591,0.04079385976487518,28.0,25.057908414656303,strict_delta_max,1,cross_layer_handoff_executed
line-duel_fixed-split_seed1,1,fixed-split,line-duel,0,1,PSO,1.0478464117356086,1.4130999334156513,-1.04,-1.04,0.0,0.0,0.0,0.07191417322099722,25.057908414656303,24.010062002920694,strict_delta_max,1,cross_layer_handoff_executed
line-duel_fixed-split_seed1,1,fixed-split,line-duel,0,2,RL,3.4847291488855876,2.2555000614374876,-1.09,-1.09,0.0,0.0,0.0,0.0,24.010062002920694,20.525332854035106,strict_delta_max,2,cross_layer_handoff_executed
line-duel_fixed-split_seed1,1,fixed-split,line-duel,0,3,GA,3.3528046698476497,1.3216000515967607,-1.04,-1.04,0.0,0.0,0.8604127127874946,0.02728321313387214,20.525332854035106,17.172528184187456,strict_delta_max,1,cross_layer_handoff_executed
line-duel_fixed-split_seed1,1,fixed-split,line-duel,0,4,PSO,1.9404049006445716,1.4401000225916505,-1.04,-1.04,0.0,0.0,0.0,0.03887761957055909,17.172528184187456,15.232123283542885,strict_delta_max,1,cross_layer_handoff_executed
line-duel_fixed-split_seed1,1,fixed-split,line-duel,0,5,RL,2.356833638214052,1.9943000515922904,-1.1,-1.1,0.0,0.0,0.0,0.0,15.232123283542885,12.875289645328833,strict_delta_max,2,cross_layer_handoff_executed
line-duel_fixed-split_seed1,1,fixed-split,line-duel,0,6,GA,1.2301288423582677,1.2070999946445227,-1.04,-1.04,0.0,0.0,0.7466681582587485,0.06933331817003638,12.875289645328833,11.645160802970565,strict_delta_max,1,cross_layer_handoff_executed
line-duel_fixed-split_seed1,1,fixed-split,line-duel,0,7,PSO,3.5970221928725903,1.3821000466123223,-1.04,-1.04,0.0,0.0,0.0,0.014690883826041203,11.645160802970565,8.048138610097975,strict_delta_max,1,cross_layer_handoff_executed
line-duel_fixed-split_seed1,1,fixed-split,line-duel,0,8,RL,2.5002169488126262,1.9741000141948462,-1.085,-1.085,0.0,0.0,0.0,0.003999652912019932,8.048138610097975,5.547921661285349,strict_delta_max,2,cross_layer_handoff_executed
line-duel_fixed-split_seed1,1,fixed-split,line-duel,0,9,GA,3.2810987394175073,1.3081999495625496,-1.04,-1.04,0.0,0.0,0.7772472685794287,0.029940224248226906,5.547921661285349,2.2668229218678415,strict_delta_max,1,cross_layer_handoff_executed
line-duel_fixed-split_seed1,1,fixed-split,line-duel,1,0,PSO,1.5431638380787298,1.2323999544605613,-1.04,-1.04,0.0,0.0,0.0,0.044503530208175546,28.0,26.45683616192127,strict_delta_max,1,cross_layer_handoff_executed
line-duel_fixed-split_seed1,1,fixed-split,line-duel,1,1,RL,1.4985815526474717,1.9331000512465835,-1.09,-1.09,0.0,0.0,0.0,1.3746332299104427,26.45683616192127,24.958254609273798,strict_delta_max,2,cross_layer_handoff_executed
line-duel_fixed-split_seed1,1,fixed-split,line-duel,1,2,GA,2.3690587219765002,1.5224000671878457,-1.1,-1.1,0.0,0.0,0.7772472685794287,0.0337426059274851,24.958254609273798,22.589195887297297,strict_delta_max,1,cross_layer_handoff_executed
line-duel_fixed-split_seed1,1,fixed-split,line-duel,1,3,PSO,1.1794597403482425,1.429300056770444,-1.04,-1.04,0.0,0.0,0.0,0.035562423372186514,22.589195887297297,21.409736146949054,strict_delta_max,1,cross_layer_handoff_executed
line-duel_fixed-split_seed1,1,fixed-split,line-duel,1,4,RL,4.0,2.396899973973632,-1.09,-1.09,0.0,0.0,0.0,0.0,21.409736146949054,17.409736146949054,strict_delta_max,2,cross_layer_handoff_executed
line-duel_fixed-split_seed1,1,fixed-split,line-duel,1,5,GA,2.523233103732615,1.375499996356666,-1.04,-1.04,0.0,0.0,0.7725442157947201,0.022152318185992094,17.409736146949054,14.88650304321644,strict_delta_max,1,cross_layer_handoff_executed
line-duel_fixed-split_seed1,1,fixed-split,line-duel,1,6,PSO,2.234397643984236,1.37339998036623,-1.04,-1.04,0.0,0.0,0.0,0.03947618662227849,14.88650304321644,12.652105399232203,strict_delta_max,1,cross_layer_handoff_executed
line-duel_fixed-split_seed1,1,fixed-split,line-duel,1,7,RL,2.1309407510953635,1.941199996508658,-1.1,-1.1,0.0,0.0,0.0,0.023463815206639902,12.652105399232203,10.521164648136839,strict_delta_max,2,cross_layer_handoff_executed
line-duel_fixed-split_seed1,1,fixed-split,line-duel,1,8,GA,1.2506701702221128,1.202200073748827,-1.04,-1.04,0.0,0.0,0.7725442157947201,0.0960907719012553,10.521164648136839,9.270494477914726,strict_delta_max,1,cross_layer_handoff_executed
line-duel_fixed-split_seed1,1,fixed-split,line-duel,1,9,PSO,1.398281571053552,1.3488000258803368,-1.04,-1.04,0.0,0.0,0.0,0.05161909319758749,9.270494477914726,7.872212906861174,strict_delta_max,1,cross_layer_handoff_executed
line-duel_fixed-split_seed1,1,fixed-split,line-duel,1,10,RL,4.0,2.2282999707385898,-1.09,-1.09,0.0,0.0,0.0,0.007500000000000007,7.872212906861174,3.872212906861174,strict_delta_max,2,cross_layer_handoff_executed
line-duel_fixed-split_seed1,1,fixed-split,line-duel,2,0,GA,1.5005308463978229,1.2752000475302339,-1.04,-1.04,0.0,0.0,0.7725442157947201,0.06162370766996604,28.0,26.499469153602178,strict_delta_max,1,cross_layer_handoff_executed
line-duel_fixed-split_seed1,1,fixed-split,line-duel,2,1,PSO,1.2857636617995334,1.423400011844933,-1.04,-1.04,0.0,0.0,0.0,0.030033962493367535,26.499469153602178,25.213705491802646,strict_delta_max,1,cross_layer_handoff_executed
line-duel_fixed-split_seed1,1,fixed-split,line-duel,2,2,RL,2.30510724933007,1.5804999275133014,-1.04,-1.04,0.0,0.0,0.0,0.0,25.213705491802646,22.908598242472575,strict_delta_max,2,cross_layer_handoff_executed
line-duel_fixed-split_seed1,1,fixed-split,line-duel,2,3,GA,1.5873667572058012,1.5023000305518508,-1.085,-1.085,0.0,0.0,0.7725442157947201,0.06405065702522436,22.908598242472575,21.321231485266775,strict_delta_max,1,cross_layer_handoff_executed
line-duel_fixed-split_seed1,1,fixed-split,line-duel,2,4,PSO,3.055367210331745,1.3639999087899923,-1.04,-1.04,0.0,0.0,0.0,0.022715961939447776,21.321231485266775,18.26586427493503,strict_delta_max,1,cross_layer_handoff_executed
line-duel_fixed-split_seed1,1,fixed-split,line-duel,2,5,RL,1.3666576810300868,2.141500008292496,-1.1,-1.1,0.0,0.0,0.0,1.5146441049083963,18.26586427493503,16.899206593904943,strict_delta_max,2,cross_layer_handoff_executed
line-duel_fixed-split_seed1,1,fixed-split,line-duel,2,6,GA,3.7620290637750373,1.3395999558269978,-1.04,-1.04,0.0,0.0,0.7725442157947201,0.021487804284518713,16.899206593904943,13.137177530129906,strict_delta_max,1,cross_layer_handoff_executed
line-duel_fixed-split_seed1,1,fixed-split,line-duel,2,7,PSO,1.373567984883265,1.4046999858692288,-1.04,-1.04,0.0,0.0,0.0,0.0442898465934053,13.137177530129906,11.763609545246641,strict_delta_max,1,cross_layer_handoff_executed
line-duel_fixed-split_seed1,1,fixed-split,line-duel,2,8,RL,4.0,2.284600050188601,-1.1,-1.1,0.0,0.0,0.0,0.0,11.763609545246641,7.763609545246641,strict_delta_max,2,cross_layer_handoff_executed
line-duel_fixed-split_seed1,1,fixed-split,line-duel,2,9,GA,2.415819962862188,1.198299927636981,-1.04,-1.04,0.0,0.0,0.7725442157947201,0.027879026602420143,7.763609545246641,5.347789582384453,strict_delta_max,1,cross_layer_handoff_executed
line-duel_fixed-split_seed1,1,fixed-split,line-duel,2,10,PSO,2.4734668851403283,1.3042999198660254,-1.04,-1.04,0.0,0.0,0.0,0.03209500829799143,5.347789582384453,2.874322697244125,strict_delta_max,1,cross_layer_handoff_executed
line-duel_fixed-split_seed1,1,fixed-split,line-duel,3,0,RL,2.017131785699454,1.884099910967052,-1.04,-1.04,0.0,0.0,0.0,0.0,28.0,25.982868214300545,strict_delta_max,2,cross_layer_handoff_executed
line-duel_fixed-split_seed1,1,fixed-split,line-duel,3,1,GA,2.330211046457789,1.2170999543741345,-1.04,-1.04,0.0,0.0,0.7725442157947201,0.035499901790598885,25.982868214300545,23.652657167842754,strict_delta_max,1,cross_layer_handoff_executed
line-duel_fixed-split_seed1,1,fixed-split,line-duel,3,2,PSO,1.8771004401651004,1.2762999394908547,-1.04,-1.04,0.0,0.0,0.0,0.031343758256839674,23.652657167842754,21.775556727677653,strict_delta_max,1,cross_layer_handoff_executed
line-duel_fixed-split_seed1,1,fixed-split,line-duel,3,3,RL,4.0,1.8389999167993665,-1.04,-1.04,0.0,0.0,0.0,0.017500000000000016,21.775556727677653,17.775556727677653,strict_delta_max,2,cross_layer_handoff_executed
line-duel_fixed-split_seed1,1,fixed-split,line-duel,3,4,GA,2.288331030750752,1.169899944216013,-1.04,-1.04,0.0,0.0,0.7725442157947201,0.045690859172537,17.775556727677653,15.4872256969269,strict_delta_max,1,cross_layer_handoff_executed
line-duel_fixed-split_seed1,1,fixed-split,line-duel,3,5,PSO,2.140470915549341,1.380500034429133,-1.04,-1.04,0.0,0.0,0.0,0.029680930761068005,15.4872256969269,13.346754781377559,strict_delta_max,1,cross_layer_handoff_executed
line-duel_fixed-split_seed1,1,fixed-split,line-duel,3,6,RL,2.325973691962552,1.8405000446364284,-1.04,-1.04,0.0,0.0,0.0,0.0,13.346754781377559,11.020781089415006,strict_delta_max,2,cross_layer_handoff_executed
line-duel_fixed-split_seed1,1,fixed-split,line-duel,3,7,GA,3.433424312258796,1.2246000114828348,-1.04,-1.04,0.0,0.0,0.7725442157947201,0.018166715012790716,11.020781089415006,7.58735677715621,strict_delta_max,1,cross_layer_handoff_executed
line-duel_fixed-split_seed1,1,fixed-split,line-duel,3,8,PSO,2.9296764608691657,1.3428999809548259,-1.04,-1.04,0.0,0.0,0.0,0.019720294370238204,7.58735677715621,4.657680316287045,strict_delta_max,1,cross_layer_handoff_executed
line-duel_fixed-split_seed1,1,fixed-split,line-duel,3,9,RL,4.0,2.224199939519167,-1.04,-1.04,0.0,0.0,0.0,0.5175000000000001,4.657680316287045,0.6576803162870446,strict_delta_max,2,cross_layer_handoff_executed
line-duel_fixed-split_seed1,1,fixed-split,line-duel,4,0,GA,1.1985196384316321,1.3304000021889806,-1.04,-1.04,0.0,0.0,0.7725442157947201,0.0568191097309965,28.0,26.801480361568366,strict_delta_max,1,cross_layer_handoff_executed
line-duel_fixed-split_seed1,1,fixed-split,line-duel,4,1,PSO,2.5635497603603983,1.32020004093647,-1.04,-1.04,0.0,0.0,0.0,0.02821580837196529,26.801480361568366,24.237930601207967,strict_delta_max,1,cross_layer_handoff_executed
line-duel_fixed-split_seed1,1,fixed-split,line-duel,4,2,RL,1.1135398565734103,1.8029001075774431,-1.04,-1.04,0.0,0.0,0.0,0.0,24.237930601207967,23.124390744634557,strict_delta_max,2,cross_layer_handoff_executed
line-duel_fixed-split_seed1,1,fixed-split,line-duel,4,3,GA,2.655146333605134,1.4838000060990453,-1.085,-1.085,0.0,0.0,0.7725442157947201,0.02742214797128256,23.124390744634557,20.469244411029422,strict_delta_max,1,cross_layer_handoff_executed
line-duel_fixed-split_seed1,1,fixed-split,line-duel,4,4,PSO,3.191513702155528,1.5365000581368804,-1.04,-1.04,0.0,0.0,0.0,0.02029932363881466,20.469244411029422,17.277730708873893,strict_delta_max,1,cross_layer_handoff_executed
line-duel_fixed-split_seed1,1,fixed-split,line-duel,4,5,RL,2.9096448313440972,1.8037999980151653,-1.04,-1.04,0.0,0.0,0.0,0.0,17.277730708873893,14.368085877529795,strict_delta_max,2,cross_layer_handoff_executed
line-duel_fixed-split_seed1,1,fixed-split,line-duel,4,6,GA,1.9107671910970105,1.2247000122442842,-1.03,-1.03,0.0,0.005233499950487848,0.7658341937423979,0.06127130177082597,14.368085877529795,12.457318686432785,strict_delta_max,1,cross_layer_handoff_executed
line-duel_fixed-split_seed1,1,fixed-split,line-duel,4,7,PSO,2.2121538105962912,1.769999973475933,-1.04,-1.04,0.0,0.0,0.0,0.03459735981489701,12.457318686432785,10.245164875836494,strict_delta_max,1,cross_layer_handoff_executed
line-duel_fixed-split_seed1,1,fixed-split,line-duel,4,8,RL,1.3549198839662218,1.5830999473109841,-1.04,-1.04,0.0,0.0,0.0,1.5425266281294783,10.245164875836494,8.890244991870272,strict_delta_max,2,cross_layer_handoff_executed
line-duel_fixed-split_seed1,1,fixed-split,line-duel,4,9,GA,2.075241517777656,1.4010999584570527,-1.04,-1.04,0.0,0.0,0.7658341937423979,0.039039618290805954,8.890244991870272,6.815003474092617,strict_delta_max,1,cross_layer_handoff_executed
line-duel_fixed-split_seed1,1,fixed-split,line-duel,4,10,PSO,1.4616034693001132,1.4382998924702406,-1.04,-1.04,0.0,0.0,0.0,0.03775013488590036,6.815003474092617,5.353400004792503,strict_delta_max,1,cross_layer_handoff_executed
line-duel_fixed-split_seed1,1,fixed-split,line-duel,4,11,RL,2.0909921456597362,1.9119000062346458,-1.04,-1.04,0.0,0.0,0.0,0.0,5.353400004792503,3.2624078591327668,strict_delta_max,2,cross_layer_handoff_executed
line-duel_fixed-split_seed1,1,fixed-split,line-duel,5,0,GA,2.0243894678858108,1.4491999754682183,-1.04,-1.04,0.0,0.0,0.7658341937423979,0.03900022292056488,28.0,25.97561053211419,strict_delta_max,1,cross_layer_handoff_executed
line-duel_fixed-split_seed1,1,fixed-split,line-duel,5,1,PSO,2.416926657599669,1.4526000013574958,-1.04,-1.04,0.0,0.0,0.0,0.02044488246389841,25.97561053211419,23.55868387451452,strict_delta_max,1,cross_layer_handoff_executed
line-duel_fixed-split_seed1,1,fixed-split,line-duel,5,2,RL,3.99526677409411,2.0522999111562967,-1.04,-1.04,0.0,0.0,0.0,0.0,23.55868387451452,19.563417100420413,strict_delta_max,2,cross_layer_handoff_executed
line-duel_fixed-split_seed1,1,fixed-split,line-duel,5,3,GA,2.9298944757786325,1.1437999783083797,-1.025,-1.025,0.0,0.0017065461030542212,0.7469520868227956,0.02447055359699502,19.563417100420413,16.63352262464178,strict_delta_max,1,cross_layer_handoff_executed
line-duel_fixed-split_seed1,1,fixed-split,line-duel,5,4,PSO,2.7866211608179263,1.3074999442324042,-1.04,-1.04,0.0,0.0,0.0,0.0244421944721213,16.63352262464178,13.846901463823855,strict_delta_max,1,cross_layer_handoff_executed
line-duel_fixed-split_seed1,1,fixed-split,line-duel,5,5,RL,2.306965298946565,1.732699922285974,-1.04,-1.04,0.0,0.0,0.0,0.008669397848824454,13.846901463823855,11.53993616487729,strict_delta_max,2,cross_layer_handoff_executed
line-duel_fixed-split_seed1,1,fixed-split,line-duel,5,6,GA,2.1818808812578765,1.3117999769747257,-1.04,-1.04,0.0,0.0,0.7469520868227956,0.04118689109811631,11.53993616487729,9.358055283619413,strict_delta_max,1,cross_layer_handoff_executed
line-duel_fixed-split_seed1,1,fixed-split,line-duel,5,7,PSO,1.0168403865726776,1.4708000235259533,-1.04,-1.04,0.0,0.0,0.0,0.05196451037731046,9.358055283619413,8.341214897046735,strict_delta_max,1,cross_layer_handoff_executed
line-duel_fixed-split_seed1,1,fixed-split,line-duel,5,8,RL,4.0,2.0359999034553766,-1.04,-1.04,0.0,0.0,0.0,0.51,8.341214897046735,4.341214897046735,strict_delta_max,2,cross_layer_handoff_executed
line-duel_fixed-split_seed1,1,fixed-split,line-duel,5,9,GA,2.867229962546011,1.227000029757619,-1.04,-1.04,0.0,0.0,0.7469520868227956,0.04961964550033471,4.341214897046735,1.4739849345007237,strict_delta_max,1,cross_layer_handoff_executed
line-duel_fixed-split_seed2,2,fixed-split,line-duel,0,0,GA,2.282163808635265,1.741599990054965,-0.0050000000000000044,-0.0050000000000000044,0.5,0.43818064076566016,0.8841395898889056,0.059171347775251876,28.0,25.717836191364736,strict_delta_max,1,cross_layer_handoff_executed
line-duel_fixed-split_seed2,2,fixed-split,line-duel,0,1,PSO,1.6878748875696683,1.487799920141697,-0.039999999999999925,-0.039999999999999925,0.5,0.0,0.0,0.05743481707658332,25.717836191364736,24.02996130379507,strict_delta_max,1,cross_layer_handoff_executed
line-duel_fixed-split_seed2,2,fixed-split,line-duel,0,2,RL,2.2195134993315166,1.9102999940514565,-1.005,-1.005,0.0,0.0,0.0,0.0,24.02996130379507,21.810447804463553,strict_delta_max,2,cross_layer_handoff_executed
line-duel_fixed-split_seed2,2,fixed-split,line-duel,0,3,GA,2.5458951316609566,1.1508000316098332,-1.03,-1.03,0.0,0.0,0.8205222274787475,0.035383290517440956,21.810447804463553,19.264552672802598,strict_delta_max,1,cross_layer_handoff_executed
line-duel_fixed-split_seed2,2,fixed-split,line-duel,0,4,PSO,2.130052285916131,1.3696999521926045,-0.995,-0.995,0.0,0.0,0.0,0.037368985137760595,19.264552672802598,17.134500386886465,strict_delta_max,1,cross_layer_handoff_executed
line-duel_fixed-split_seed2,2,fixed-split,line-duel,0,5,RL,4.0,1.9904000218957663,-1.0150000000000001,-1.0150000000000001,0.0,0.0,0.0,0.0,17.134500386886465,13.134500386886465,strict_delta_max,2,cross_layer_handoff_executed
line-duel_fixed-split_seed2,2,fixed-split,line-duel,0,6,GA,2.4150323067393837,1.3661999255418777,-0.025000000000000022,-0.025000000000000022,0.5,0.0,0.7451024140204439,0.04215183245311486,13.134500386886465,10.719468080147081,strict_delta_max,1,cross_layer_handoff_executed
line-duel_fixed-split_seed2,2,fixed-split,line-duel,0,7,PSO,2.004153722654829,1.4912000624462962,-0.039999999999999925,-0.039999999999999925,0.5,0.0,0.0,0.030642406765961982,10.719468080147081,8.715314357492252,strict_delta_max,1,cross_layer_handoff_executed
line-duel_fixed-split_seed2,2,fixed-split,line-duel,0,8,RL,2.045475539907869,2.049200003966689,-1.02,-1.02,0.0,0.0,0.0,0.014666516130205727,8.715314357492252,6.669838817584383,strict_delta_max,2,cross_layer_handoff_executed
line-duel_fixed-split_seed2,2,fixed-split,line-duel,0,9,GA,2.689317696034336,1.317500020377338,-0.025000000000000022,-0.025000000000000022,0.5,0.0,0.6858479521469404,0.03966767612242961,6.669838817584383,3.980521121550047,strict_delta_max,1,cross_layer_handoff_executed
line-duel_fixed-split_seed2,2,fixed-split,line-duel,1,0,PSO,2.079777602089377,1.0520999785512686,0.025000000000000022,0.025000000000000022,0.5,0.014424619233259151,0.0,0.04232826919880885,28.0,25.920222397910624,strict_delta_max,1,cross_layer_handoff_executed
line-duel_fixed-split_seed2,2,fixed-split,line-duel,1,1,RL,2.2742440826800014,1.8574000569060445,-1.0150000000000001,-1.0150000000000001,0.0,0.0,0.0,0.0,25.920222397910624,23.64597831523062,strict_delta_max,2,cross_layer_handoff_executed
line-duel_fixed-split_seed2,2,fixed-split,line-duel,1,2,GA,1.653990125779971,0.865899957716465,-1.005,-1.005,0.0,0.0,0.7168907274086378,0.06819754099444528,23.64597831523062,21.99198818945065,strict_delta_max,1,cross_layer_handoff_executed
line-duel_fixed-split_seed2,2,fixed-split,line-duel,1,3,PSO,1.2126006187469156,1.1409999569877982,-1.005,-1.005,0.0,0.0,0.0,0.0792468200295538,21.99198818945065,20.779387570703737,strict_delta_max,1,cross_layer_handoff_executed
line-duel_fixed-split_seed2,2,fixed-split,line-duel,1,4,RL,3.2237143450462598,1.5639999182894826,-1.0,-1.0,0.0,0.0,0.0,0.01240804727672794,20.779387570703737,17.555673225657475,strict_delta_max,2,cross_layer_handoff_executed
line-duel_fixed-split_seed2,2,fixed-split,line-duel,1,5,GA,2.951792649727747,1.1077000526711345,-0.0050000000000000044,-0.0050000000000000044,0.5,0.0,0.6986228367753551,0.036700909050571884,17.555673225657475,14.603880575929729,strict_delta_max,1,cross_layer_handoff_executed
line-duel_fixed-split_seed2,2,fixed-split,line-duel,1,6,PSO,1.9726544890718023,1.2344999704509974,0.025000000000000022,0.025000000000000022,0.5,0.0,0.0,0.026453071635013713,14.603880575929729,12.631226086857927,strict_delta_max,1,cross_layer_handoff_executed
line-duel_fixed-split_seed2,2,fixed-split,line-duel,1,7,RL,4.0,1.990600023418665,-1.005,-1.005,0.0,0.0,0.0,0.4975,12.631226086857927,8.631226086857927,strict_delta_max,2,cross_layer_handoff_executed
line-duel_fixed-split_seed2,2,fixed-split,line-duel,1,8,GA,1.7047239118650173,1.3149000005796552,-1.0699999999999998,-1.0699999999999998,0.0,0.0,0.6986228367753551,0.06688230310454468,8.631226086857927,6.92650217499291,strict_delta_max,1,cross_layer_handoff_executed
line-duel_fixed-split_seed2,2,fixed-split,line-duel,1,9,PSO,1.4175367443951943,1.124100061133504,-1.0,-1.0,0.0,0.0,0.0,0.04198797662463175,6.92650217499291,5.508965430597716,strict_delta_max,1,cross_layer_handoff_executed
line-duel_fixed-split_seed2,2,fixed-split,line-duel,1,10,RL,2.1317991423535707,1.436099992133677,-1.005,-1.005,0.0,0.0,0.0,0.03283611415788354,5.508965430597716,3.377166288244145,strict_delta_max,2,cross_layer_handoff_executed
line-duel_fixed-split_seed2,2,fixed-split,line-duel,2,0,GA,2.9993591848062944,1.5165000222623348,-0.039999999999999925,-0.039999999999999925,0.5,0.0,0.6865541737938474,0.03433576182646738,28.0,25.000640815193705,strict_delta_max,1,cross_layer_handoff_executed
line-duel_fixed-split_seed2,2,fixed-split,line-duel,2,1,PSO,3.1265044469543124,1.2779999524354935,0.025000000000000022,0.025000000000000022,0.5,0.0,0.0,0.02534377616124307,25.000640815193705,21.87413636823939,strict_delta_max,1,cross_layer_handoff_executed
line-duel_fixed-split_seed2,2,fixed-split,line-duel,2,2,RL,2.5106882039155964,1.6121999360620975,-1.005,-1.005,0.0,0.0,0.0,0.0,21.87413636823939,19.363448164323795,strict_delta_max,2,cross_layer_handoff_executed
line-duel_fixed-split_seed2,2,fixed-split,line-duel,2,3,GA,2.278068313357978,0.8654999546706676,-1.005,-1.005,0.0,0.0,0.6865541737938474,0.03313891413554785,19.363448164323795,17.08537985096582,strict_delta_max,1,cross_layer_handoff_executed
line-duel_fixed-split_seed2,2,fixed-split,line-duel,2,4,PSO,2.677749376044401,1.1913999915122986,0.025000000000000022,0.025000000000000022,0.5,0.0,0.0,0.04347852359487389,17.08537985096582,14.407630474921417,strict_delta_max,1,cross_layer_handoff_executed
line-duel_fixed-split_seed2,2,fixed-split,line-duel,2,5,RL,1.4720122036609424,1.9838999724015594,-1.005,-1.005,0.0,0.0,0.0,0.0,14.407630474921417,12.935618271260475,strict_delta_max,2,cross_layer_handoff_executed
line-duel_fixed-split_seed2,2,fixed-split,line-duel,2,6,GA,1.5013716867526667,0.9472999954596162,-1.0350000000000001,-1.0350000000000001,0.0,0.0,0.6865541737938474,0.09298804867358942,12.935618271260475,11.43424658450781,strict_delta_max,1,cross_layer_handoff_executed
line-duel_fixed-split_seed2,2,fixed-split,line-duel,2,7,PSO,1.4307910429688628,1.1183000169694424,0.025000000000000022,0.025000000000000022,0.5,0.0,0.0,0.09528095430894507,11.43424658450781,10.003455541538946,strict_delta_max,1,cross_layer_handoff_executed
line-duel_fixed-split_seed2,2,fixed-split,line-duel,2,8,RL,2.9762476836110316,1.3683999422937632,-1.005,-1.005,0.0,0.0,0.0,0.020159612498111323,10.003455541538946,7.027207857927914,strict_delta_max,2,cross_layer_handoff_executed
line-duel_fixed-split_seed2,2,fixed-split,line-duel,2,9,GA,2.463984622808558,1.2508999789133668,-0.039999999999999925,-0.039999999999999925,0.5,0.0,0.692658370450033,0.03224008605510531,7.027207857927914,4.563223235119356,strict_delta_max,1,cross_layer_handoff_executed
line-duel_fixed-split_seed2,2,fixed-split,line-duel,2,10,PSO,1.3467604633095096,1.1433999752625823,0.025000000000000022,0.025000000000000022,0.5,0.0,0.0,0.09436792002165693,4.563223235119356,3.216462771809846,strict_delta_max,1,cross_layer_handoff_executed
line-duel_fixed-split_seed2,2,fixed-split,line-duel,3,0,RL,1.5765044508927364,1.7500999383628368,-1.005,-1.005,0.0,0.0,0.0,0.038058883986038544,28.0,26.423495549107265,strict_delta_max,2,cross_layer_handoff_executed
line-duel_fixed-split_seed2,2,fixed-split,line-duel,3,1,GA,2.935977182784148,1.091300044208765,0.025000000000000022,0.025000000000000022,0.5,0.0,0.5829731609330029,0.031816515606654695,26.423495549107265,23.487518366323116,strict_delta_max,1,cross_layer_handoff_executed
line-duel_fixed-split_seed2,2,fixed-split,line-duel,3,2,PSO,1.1101383335022357,1.3885999796912074,0.025000000000000022,0.025000000000000022,0.5,0.0,0.0,0.09139296612104834,23.487518366323116,22.37738003282088,strict_delta_max,1,cross_layer_handoff_executed
line-duel_fixed-split_seed2,2,fixed-split,line-duel,3,3,RL,2.5937969268144236,1.5011000214144588,-1.005,-1.005,0.0,0.0,0.0,0.0,22.37738003282088,19.783583106006457,strict_delta_max,2,cross_layer_handoff_executed
line-duel_fixed-split_seed2,2,fixed-split,line-duel,3,4,GA,3.694327291023837,1.1731000849977136,-1.0350000000000001,-1.0350000000000001,0.0,0.0,0.5829731609330029,0.02284371969500888,19.783583106006457,16.08925581498262,strict_delta_max,1,cross_layer_handoff_executed
line-duel_fixed-split_seed2,2,fixed-split,line-duel,3,5,PSO,2.9544285258396186,1.2351999757811427,0.025000000000000022,0.025000000000000022,0.5,0.0,0.0,0.03503031212568177,16.08925581498262,13.134827289143002,strict_delta_max,1,cross_layer_handoff_executed
line-duel_fixed-split_seed2,2,fixed-split,line-duel,3,6,RL,1.371160559687179,1.7402999801561236,-1.005,-1.005,0.0,0.0,0.0,0.0,13.134827289143002,11.763666729455824,strict_delta_max,2,cross_layer_handoff_executed
line-duel_fixed-split_seed2,2,fixed-split,line-duel,3,7,GA,3.298412578235587,1.03859999217093,0.025000000000000022,0.025000000000000022,0.5,0.0,0.5854315863749808,0.03187605104913013,11.763666729455824,8.465254151220238,strict_delta_max,1,cross_layer_handoff_executed
line-duel_fixed-split_seed2,2,fixed-split,line-duel,3,8,PSO,2.069658628546931,1.13800005055964,0.025000000000000022,0.025000000000000022,0.5,0.0,0.0,0.06030401920474089,8.465254151220238,6.395595522673307,strict_delta_max,1,cross_layer_handoff_executed
line-duel_fixed-split_seed2,2,fixed-split,line-duel,3,9,RL,3.7105839696207106,2.096499898470938,-1.005,-1.005,0.0,0.0,0.0,0.0,6.395595522673307,2.685011553052597,strict_delta_max,2,cross_layer_handoff_executed
line-duel_fixed-split_seed2,2,fixed-split,line-duel,4,0,GA,2.586259972489908,1.3438999885693192,-1.03,-1.03,0.0,0.0,0.5854315863749808,0.03736771512432363,28.0,25.41374002751009,strict_delta_max,1,cross_layer_handoff_executed
line-duel_fixed-split_seed2,2,fixed-split,line-duel,4,1,PSO,2.2486484515343967,1.1905999854207039,-1.005,-1.005,0.0,0.0,0.0,0.03896865518045023,25.41374002751009,23.165091575975694,strict_delta_max,1,cross_layer_handoff_executed
line-duel_fixed-split_seed2,2,fixed-split,line-duel,4,2,RL,1.9407447727941056,1.6354999970644712,-1.005,-1.005,0.0,0.0,0.0,0.030915966303811077,23.165091575975694,21.22434680318159,strict_delta_max,2,cross_layer_handoff_executed
line-duel_fixed-split_seed2,2,fixed-split,line-duel,4,3,GA,3.0075501703379928,1.2389000039547682,-0.025000000000000022,-0.025000000000000022,0.5,0.0,0.5224427422567688,0.03534354281057951,21.22434680318159,18.216796632843597,strict_delta_max,1,cross_layer_handoff_executed
line-duel_fixed-split_seed2,2,fixed-split,line-duel,4,4,PSO,1.138152930681977,1.3649000320583582,0.025000000000000022,0.025000000000000022,0.5,0.0,0.0,0.11347271687054185,18.216796632843597,17.07864370216162,strict_delta_max,1,cross_layer_handoff_executed
line-duel_fixed-split_seed2,2,fixed-split,line-duel,4,5,RL,3.935530919482546,1.3128999853506684,-1.005,-1.005,0.0,0.0,0.0,0.5158135056062296,17.07864370216162,13.143112782679076,strict_delta_max,2,cross_layer_handoff_executed
line-duel_fixed-split_seed2,2,fixed-split,line-duel,4,6,GA,1.7632304463513475,0.9462999878451228,-1.005,-1.005,0.0,0.0,0.5224427422567688,0.05166886013824802,13.143112782679076,11.379882336327729,strict_delta_max,1,cross_layer_handoff_executed
line-duel_fixed-split_seed2,2,fixed-split,line-duel,4,7,PSO,2.881380434483164,1.1171000078320503,-1.005,-1.005,0.0,0.0,0.0,0.044740653118205284,11.379882336327729,8.498501901844564,strict_delta_max,1,cross_layer_handoff_executed
line-duel_fixed-split_seed2,2,fixed-split,line-duel,4,8,RL,3.6659153063169754,1.1202999157831073,-1.005,-1.005,0.0,0.0,0.0,0.0,8.498501901844564,4.832586595527589,strict_delta_max,2,cross_layer_handoff_executed
line-duel_fixed-split_seed2,2,fixed-split,line-duel,4,9,GA,1.1940633338985955,1.2913000537082553,-0.015000000000000013,-0.015000000000000013,0.5,0.0,0.4995192726139319,0.06780905229795453,4.832586595527589,3.6385232616289933,strict_delta_max,1,cross_layer_handoff_executed
line-duel_fixed-split_seed2,2,fixed-split,line-duel,5,0,PSO,3.4048257519419223,0.9468999924138188,0.025000000000000022,0.025000000000000022,0.5,0.0,0.0,0.043815283421087925,28.0,24.59517424805808,strict_delta_max,1,cross_layer_handoff_executed
line-duel_fixed-split_seed2,2,fixed-split,line-duel,5,1,RL,4.0,1.9743000157177448,0.025000000000000022,0.025000000000000022,0.5,0.0,0.0,0.0,24.59517424805808,20.59517424805808,strict_delta_max,2,cross_layer_handoff_executed
line-duel_fixed-split_seed2,2,fixed-split,line-duel,5,2,GA,1.2040738205228327,1.2561000185087323,-1.065,-1.065,0.0,0.0,0.5323110596904651,0.03728972046520281,20.59517424805808,19.391100427535246,strict_delta_max,1,cross_layer_handoff_executed
line-duel_fixed-split_seed2,2,fixed-split,line-duel,5,3,PSO,2.1966659080806337,1.1442999821156263,0.025000000000000022,0.025000000000000022,0.5,0.0,0.0,0.06777377418043488,19.391100427535246,17.194434519454614,strict_delta_max,1,cross_layer_handoff_executed
line-duel_fixed-split_seed2,2,fixed-split,line-duel,5,4,RL,1.1713939411456384,1.795699936337769,0.025000000000000022,0.025000000000000022,0.5,0.0,0.0,0.05975786414904891,17.194434519454614,16.023040578308976,strict_delta_max,2,cross_layer_handoff_executed
line-duel_fixed-split_seed2,2,fixed-split,line-duel,5,5,GA,2.441964359655481,1.1073000496253371,0.025000000000000022,0.025000000000000022,0.5,0.0,0.5572765780777098,0.023996135210477037,16.023040578308976,13.581076218653495,strict_delta_max,1,cross_layer_handoff_executed
line-duel_fixed-split_seed2,2,fixed-split,line-duel,5,6,PSO,2.818176744303476,1.358899986371398,0.025000000000000022,0.025000000000000022,0.5,0.0,0.0,0.029834342167684144,13.581076218653495,10.762899474350018,strict_delta_max,1,cross_layer_handoff_executed
line-duel_fixed-split_seed2,2,fixed-split,line-duel,5,7,RL,1.7257753200003463,1.7469000304117799,0.025000000000000022,0.025000000000000022,0.5,0.0,0.0,0.0,10.762899474350018,9.037124154349671,strict_delta_max,2,cross_layer_handoff_executed
line-duel_fixed-split_seed2,2,fixed-split,line-duel,5,8,GA,2.103250204052476,1.017299946397543,-1.005,-1.005,0.0,0.0,0.5476745962481662,0.0671853499773246,9.037124154349671,6.933873950297196,strict_delta_max,1,cross_layer_handoff_executed
line-duel_fixed-split_seed2,2,fixed-split,line-duel,5,9,PSO,2.063629618626652,1.339999958872795,0.025000000000000022,0.025000000000000022,0.5,0.0,0.0,0.05866828000947291,6.933873950297196,4.870244331670544,strict_delta_max,1,cross_layer_handoff_executed
line-duel_fixed-split_seed2,2,fixed-split,line-duel,5,10,RL,2.7995073587195543,2.13520007673651,0.025000000000000022,0.025000000000000022,0.5,0.0,0.0,0.0,4.870244331670544,2.0707369729509897,strict_delta_max,2,cross_layer_handoff_executed
line-duel_round-robin_seed0,0,round-robin,line-duel,0,0,GA,1.6893344512949398,1.7449000151827931,-1.0350000000000001,-1.0350000000000001,0.0,0.0,0.8116122098641232,0.0646168400523651,28.0,26.31066554870506,strict_delta_max,1,cross_layer_handoff_executed
line-duel_round-robin_seed0,0,round-robin,line-duel,0,1,PSO,1.20651110410417,1.1875999625772238,-1.04,-1.04,0.0,0.0,0.0,0.07826905056619649,26.31066554870506,25.10415444460089,strict_delta_max,1,cross_layer_handoff_executed
line-duel_round-robin_seed0,0,round-robin,line-duel,0,2,RL,4.0,1.4361999928951263,-0.04500000000000004,-0.04500000000000004,0.5,0.24750000000000003,0.0,0.0,25.10415444460089,21.10415444460089,strict_delta_max,2,cross_layer_handoff_executed
line-duel_round-robin_seed0,0,round-robin,line-duel,0,3,GA,3.523322366777626,1.1236999416723847,-1.0350000000000001,-1.0350000000000001,0.0,0.0,0.7735835699401835,0.032048148152888374,21.10415444460089,17.580832077823263,strict_delta_max,1,cross_layer_handoff_executed
line-duel_round-robin_seed0,0,round-robin,line-duel,0,4,PSO,2.703496397418464,1.2938999570906162,-0.04500000000000004,-0.04500000000000004,0.5,0.0,0.0,0.04239642359119411,17.580832077823263,14.8773356804048,strict_delta_max,1,cross_layer_handoff_executed
line-duel_round-robin_seed0,0,round-robin,line-duel,0,5,RL,2.243997127921444,1.9647000590339303,-0.04500000000000004,-0.04500000000000004,0.5,0.0,0.0,0.0,14.8773356804048,12.633338552483355,strict_delta_max,2,cross_layer_handoff_executed
line-duel_round-robin_seed0,0,round-robin,line-duel,0,6,GA,3.924209213763715,1.3422999763861299,-1.08,-1.08,0.0,0.0,0.7403203080779661,0.01411084932269532,12.633338552483355,8.70912933871964,strict_delta_max,1,cross_layer_handoff_executed
line-duel_round-robin_seed0,0,round-robin,line-duel,0,7,PSO,2.361335149931503,1.3942000223323703,-0.04500000000000004,-0.04500000000000004,0.5,0.0,0.0,0.0440728624036507,8.70912933871964,6.347794188788137,strict_delta_max,1,cross_layer_handoff_executed
line-duel_round-robin_seed0,0,round-robin,line-duel,0,8,RL,1.411636959521183,1.3154000043869019,-0.04500000000000004,-0.04500000000000004,0.5,0.0,0.0,1.4663826885788886,6.347794188788137,4.9361572292669535,strict_delta_max,2,cross_layer_handoff_executed
line-duel_round-robin_seed0,0,round-robin,line-duel,0,9,GA,2.654586248440353,1.1672000400722027,-1.0350000000000001,-1.0350000000000001,0.0,0.0,0.6490609342461647,0.034627087082184475,4.9361572292669535,2.2815709808266007,strict_delta_max,1,cross_layer_handoff_executed
line-duel_round-robin_seed0,0,round-robin,line-duel,1,0,PSO,1.20081091851997,1.1184000177308917,-0.04500000000000004,-0.04500000000000004,0.5,0.0,0.0,0.0725800156241015,28.0,26.79918908148003,strict_delta_max,1,cross_layer_handoff_executed
line-duel_round-robin_seed0,0,round-robin,line-duel,1,1,RL,4.0,1.3768000062555075,-0.04500000000000004,-0.04500000000000004,0.5,0.0,0.0,0.0,26.79918908148003,22.79918908148003,strict_delta_max,2,cross_layer_handoff_executed
line-duel_round-robin_seed0,0,round-robin,line-duel,1,2,GA,2.097532685563981,0.9175000013783574,-1.04,-1.04,0.0,0.0,0.5671891136379335,0.03020290659132687,22.79918908148003,20.70165639591605,strict_delta_max,1,cross_layer_handoff_executed
line-duel_round-robin_seed0,0,round-robin,line-duel,1,3,PSO,2.53756010606733,1.341200084425509,-0.04500000000000004,-0.04500000000000004,0.5,0.0,0.0,0.02995867107179076,20.70165639591605,18.16409628984872,strict_delta_max,1,cross_layer_handoff_executed
line-duel_round-robin_seed0,0,round-robin,line-duel,1,4,RL,2.8205132788370633,1.5005999011918902,-0.04500000000000004,-0.04500000000000004,0.5,0.0,0.0,0.0,18.16409628984872,15.343583011011658,strict_delta_max,2,cross_layer_handoff_executed
line-duel_round-robin_seed0,0,round-robin,line-duel,1,5,GA,2.0990268401584924,1.0724000167101622,-0.04500000000000004,-0.04500000000000004,0.5,0.0,0.44437913161737186,0.025131603009612074,15.343583011011658,13.244556170853166,strict_delta_max,1,cross_layer_handoff_executed
line-duel_round-robin_seed0,0,round-robin,line-duel,1,6,PSO,1.0399865744093875,1.2719000224024057,-0.04500000000000004,-0.04500000000000004,0.5,0.0,0.0,0.08309780309268605,13.244556170853166,12.204569596443779,strict_delta_max,1,cross_layer_handoff_executed
line-duel_round-robin_seed0,0,round-robin,line-duel,1,7,RL,2.379883104191103,1.5100999735295773,-0.04500000000000004,-0.04500000000000004,0.5,0.0,0.0,0.0,12.204569596443779,9.824686492252676,strict_delta_max,2,cross_layer_handoff_executed
line-duel_round-robin_seed0,0,round-robin,line-duel,1,8,GA,2.548029451099217,1.1132999788969755,-1.0350000000000001,-1.0350000000000001,0.0,0.0,0.4028031910196516,0.018714036830088574,9.824686492252676,7.276657041153459,strict_delta_max,1,cross_layer_handoff_executed
line-duel_round-robin_seed0,0,round-robin,line-duel,1,9,PSO,2.8847966278489108,1.3044000370427966,-0.04500000000000004,-0.04500000000000004,0.5,0.0,0.0,0.01915967463226501,7.276657041153459,4.391860413304547,strict_delta_max,1,cross_layer_handoff_executed
line-duel_round-robin_seed0,0,round-robin,line-duel,1,10,RL,2.4922441904741928,1.3464000076055527,-0.04500000000000004,-0.04500000000000004,0.5,0.0,0.0,0.0,4.391860413304547,1.8996162228303546,strict_delta_max,2,cross_layer_handoff_executed
line-duel_round-robin_seed0,0,round-robin,line-duel,2,0,GA,1.786591104312534,1.1889999732375145,-0.04500000000000004,-0.04500000000000004,0.5,0.0,0.2932153999852377,0.02894146878802346,28.0,26.213408895687465,strict_delta_max,1,cross_layer_handoff_executed
line-duel_round-robin_seed0,0,round-robin,line-duel,2,1,PSO,1.0,1.2723999097943306,-0.04500000000000004,-0.04500000000000004,0.5,0.0,0.0,0.050697307113666934,26.213408895687465,25.213408895687465,strict_delta_max,1,cross_layer_handoff_executed
line-duel_round-robin_seed0,0,round-robin,line-duel,2,2,RL,2.1289674854272405,1.514200004749,-0.04500000000000004,-0.04500000000000004,0.5,0.0,0.0,0.018788450398514588,25.213408895687465,23.084441410260226,strict_delta_max,2,cross_layer_handoff_executed
line-duel_round-robin_seed0,0,round-robin,line-duel,2,3,GA,1.1363288563976364,1.1638000141829252,-0.04500000000000004,-0.04500000000000004,0.5,0.0,0.16492998018967,0.047726301665997437,23.084441410260226,21.94811255386259,strict_delta_max,1,cross_layer_handoff_executed
line-duel_round-robin_seed0,0,round-robin,line-duel,2,4,PSO,2.37566668731714,1.28030008636415,-0.04500000000000004,-0.04500000000000004,0.5,0.0,0.0,0.04213595726220504,21.94811255386259,19.57244586654545,strict_delta_max,1,cross_layer_handoff_executed
line-duel_round-robin_seed0,0,round-robin,line-duel,2,5,RL,1.7364855485135349,2.294900012202561,-0.04500000000000004,-0.04500000000000004,0.5,0.0,0.0,1.1459928369133152,19.57244586654545,17.835960318031916,strict_delta_max,2,cross_layer_handoff_executed
line-duel_round-robin_seed0,0,round-robin,line-duel,2,6,GA,1.2891509851708727,1.1127999750897288,-0.04500000000000004,-0.04500000000000004,0.5,0.0,0.16492998018967,0.042351749416161114,17.835960318031916,16.54680933286104,strict_delta_max,1,cross_layer_handoff_executed
line-duel_round-robin_seed0,0,round-robin,line-duel,2,7,PSO,2.9397033454976556,1.3270999770611525,-0.04500000000000004,-0.04500000000000004,0.5,0.0,0.0,0.03158555187092455,16.54680933286104,13.607105987363386,strict_delta_max,1,cross_layer_handoff_executed
line-duel_round-robin_seed0,0,round-robin,line-duel,2,8,RL,2.5002734324824254,1.8123999470844865,-0.04500000000000004,-0.04500000000000004,0.5,0.0,0.0,0.0,13.607105987363386,11.106832554880961,strict_delta_max,2,cross_layer_handoff_executed
line-duel_round-robin_seed0,0,round-robin,line-duel,2,9,GA,1.37837716363411,0.9806000161916018,-1.04,-1.04,0.0,0.0,0.16492998018967,0.04223734662455496,11.106832554880961,9.728455391246852,strict_delta_max,1,cross_layer_handoff_executed
line-duel_round-robin_seed0,0,round-robin,line-duel,2,10,PSO,1.6051348264760161,1.2774999486282468,-0.04500000000000004,-0.04500000000000004,0.5,0.0,0.0,0.05992598055783183,9.728455391246852,8.123320564770836,strict_delta_max,1,cross_layer_handoff_executed
line-duel_round-robin_seed0,0,round-robin,line-duel,2,11,RL,3.414043272029419,1.5195999294519424,-0.04500000000000004,-0.04500000000000004,0.5,0.0,0.0,0.0,8.123320564770836,4.709277292741417,strict_delta_max,2,cross_layer_handoff_executed
line-duel_round-robin_seed0,0,round-robin,line-duel,2,12,GA,1.5058339404330447,1.102200010791421,-0.04500000000000004,-0.04500000000000004,0.5,0.0,0.16492998018967,0.036859923516276524,4.709277292741417,3.2034433523083723,strict_delta_max,1,cross_layer_handoff_executed
line-duel_round-robin_seed0,0,round-robin,line-duel,3,0,PSO,1.7269256370131338,1.068499987013638,-0.04500000000000004,-0.04500000000000004,0.5,0.0,0.0,0.045035460323613996,28.0,26.273074362986865,strict_delta_max,1,cross_layer_handoff_executed
line-duel_round-robin_seed0,0,round-robin,line-duel,3,1,RL,1.5176720657918539,1.9253999926149845,-0.04500000000000004,-0.04500000000000004,0.5,0.0,0.0,0.0,26.273074362986865,24.755402297195012,strict_delta_max,2,cross_layer_handoff_executed
line-duel_round-robin_seed0,0,round-robin,line-duel,3,2,GA,1.980536061452732,1.1000999948009849,-0.04500000000000004,-0.04500000000000004,0.5,0.0,0.16492998018967,0.0269358665822086,24.755402297195012,22.77486623574228,strict_delta_max,1,cross_layer_handoff_executed
line-duel_round-robin_seed0,0,round-robin,line-duel,3,3,PSO,2.3072668014201403,1.4185000909492373,-0.04500000000000004,-0.04500000000000004,0.5,0.0,0.0,0.028841704029243437,22.77486623574228,20.46759943432214,strict_delta_max,1,cross_layer_handoff_executed
line-duel_round-robin_seed0,0,round-robin,line-duel,3,4,RL,3.9752843497438857,1.890899962745607,-0.04500000000000004,-0.04500000000000004,0.5,0.0,0.0,0.005031086644478288,20.46759943432214,16.49231508457825,strict_delta_max,2,cross_layer_handoff_executed
line-duel_round-robin_seed0,0,round-robin,line-duel,3,5,GA,2.6698961798497995,1.270800014026463,-1.08,-1.08,0.0,0.0,0.16492998018967,0.018665676561576316,16.49231508457825,13.822418904728451,strict_delta_max,1,cross_layer_handoff_executed
line-duel_round-robin_seed0,0,round-robin,line-duel,3,6,PSO,3.0251749353308357,1.180600025691092,-0.04500000000000004,-0.04500000000000004,0.5,0.0,0.0,0.026561770270137484,13.822418904728451,10.797243969397616,strict_delta_max,1,cross_layer_handoff_executed
line-duel_round-robin_seed0,0,round-robin,line-duel,3,7,RL,2.462908053540581,1.3817999279126525,-0.04500000000000004,-0.04500000000000004,0.5,0.0,0.0,0.0,10.797243969397616,8.334335915857036,strict_delta_max,2,cross_layer_handoff_executed
line-duel_round-robin_seed0,0,round-robin,line-duel,3,8,GA,1.5609885885878367,1.1229000519961119,-0.04500000000000004,-0.04500000000000004,0.5,0.0,0.16492998018967,0.0398111068312063,8.334335915857036,6.7733473272691995,strict_delta_max,1,cross_layer_handoff_executed
line-duel_round-robin_seed0,0,round-robin,line-duel,3,9,PSO,3.4986549709484467,2.035900019109249,-0.04500000000000004,-0.04500000000000004,0.5,0.0,0.0,0.015520151013188236,6.7733473272691995,3.274692356320753,strict_delta_max,1,cross_layer_handoff_executed
line-duel_round-robin_seed0,0,round-robin,line-duel,4,0,RL,3.0161130853191267,1.429300056770444,-0.04500000000000004,-0.04500000000000004,0.5,0.0,0.0,0.6863137891200718,28.0,24.983886914680873,strict_delta_max,2,cross_layer_handoff_executed
line-duel_round-robin_seed0,0,round-robin,line-duel,4,1,GA,1.5199112350105475,1.237100106664002,-0.04500000000000004,-0.04500000000000004,0.5,0.0,0.16492998018967,0.04336107343577223,24.983886914680873,23.463975679670327,strict_delta_max,1,cross_layer_handoff_executed
line-duel_round-robin_seed0,0,round-robin,line-duel,4,2,PSO,1.4914330914471092,1.474499935284257,-0.04500000000000004,-0.04500000000000004,0.5,0.0,0.0,0.03762860331852237,23.463975679670327,21.972542588223217,strict_delta_max,1,cross_layer_handoff_executed
line-duel_round-robin_seed0,0,round-robin,line-duel,4,3,RL,3.7432501845837765,1.5619000187143683,-0.04500000000000004,-0.04500000000000004,0.5,0.0,0.0,0.0,21.972542588223217,18.22929240363944,strict_delta_max,2,cross_layer_handoff_executed
line-duel_round-robin_seed0,0,round-robin,line-duel,4,4,GA,2.3669659532124103,1.3544000685214996,-0.04500000000000004,-0.04500000000000004,0.5,0.0,0.16492998018967,0.022537953806133063,18.22929240363944,15.86232645042703,strict_delta_max,1,cross_layer_handoff_executed
line-duel_round-robin_seed0,0,round-robin,line-duel,4,5,PSO,3.439543938640419,1.2965000933036208,-0.04500000000000004,-0.04500000000000004,0.5,0.0,0.0,0.026180547229799084,15.86232645042703,12.422782511786611,strict_delta_max,1,cross_layer_handoff_executed
line-duel_round-robin_seed0,0,round-robin,line-duel,4,6,RL,2.0897231930467703,1.4375000027939677,-0.04500000000000004,-0.04500000000000004,0.5,0.0,0.0,0.0,12.422782511786611,10.33305931873984,strict_delta_max,2,cross_layer_handoff_executed
line-duel_round-robin_seed0,0,round-robin,line-duel,4,7,GA,1.8457797093209276,1.0819999733939767,-0.04500000000000004,-0.04500000000000004,0.5,0.0,0.16492998018967,0.027636359288683444,10.33305931873984,8.487279609418913,strict_delta_max,1,cross_layer_handoff_executed
line-duel_round-robin_seed0,0,round-robin,line-duel,4,8,PSO,3.57075345246006,1.2419000267982483,-0.04500000000000004,-0.04500000000000004,0.5,0.0,0.0,0.022457048645661223,8.487279609418913,4.916526156958852,strict_delta_max,1,cross_layer_handoff_executed
line-duel_round-robin_seed0,0,round-robin,line-duel,4,9,RL,2.604917554706675,1.7044000560417771,-0.04500000000000004,-0.04500000000000004,0.5,0.0,0.0,0.0,4.916526156958852,2.311608602252177,strict_delta_max,2,cross_layer_handoff_executed
line-duel_round-robin_seed0,0,round-robin,line-duel,5,0,GA,3.7739728835304605,1.5652000438421965,-0.06000000000000005,-0.06000000000000005,0.5,0.0,0.16492998018967,0.019277666927534506,28.0,24.226027116469538,strict_delta_max,1,cross_layer_handoff_executed
line-duel_round-robin_seed0,0,round-robin,line-duel,5,1,PSO,3.1417451275823174,1.4602000592276454,-0.04500000000000004,-0.04500000000000004,0.5,0.0,0.0,0.022785608099754762,24.226027116469538,21.08428198888722,strict_delta_max,1,cross_layer_handoff_executed
line-duel_round-robin_seed0,0,round-robin,line-duel,5,2,RL,1.1774080445444033,1.5675000613555312,-0.04500000000000004,-0.04500000000000004,0.5,0.0,0.0,0.008493232270949447,21.08428198888722,19.906873944342816,strict_delta_max,2,cross_layer_handoff_executed
line-duel_round-robin_seed0,0,round-robin,line-duel,5,3,GA,1.4825985437323994,1.2310000602155924,-0.04500000000000004,-0.04500000000000004,0.5,0.0,0.16492998018967,0.04286173476421016,19.906873944342816,18.424275400610416,strict_delta_max,1,cross_layer_handoff_executed
line-duel_round-robin_seed0,0,round-robin,line-duel,5,4,PSO,2.204512262974142,1.3087999541312456,-0.04500000000000004,-0.04500000000000004,0.5,0.0,0.0,0.01647869451024219,18.424275400610416,16.219763137636274,strict_delta_max,1,cross_layer_handoff_executed
line-duel_round-robin_seed0,0,round-robin,line-duel,5,5,RL,3.255146894236265,1.9293000223115087,-0.04500000000000004,-0.04500000000000004,0.5,0.0,0.0,0.0,16.219763137636274,12.964616243400009,strict_delta_max,2,cross_layer_handoff_executed
line-duel_round-robin_seed0,0,round-robin,line-duel,5,6,GA,3.009163946312715,1.2782999547198415,-1.08,-1.08,0.0,0.0,0.16492998018967,0.022217801773514272,12.964616243400009,9.955452297087295,strict_delta_max,1,cross_layer_handoff_executed
line-duel_round-robin_seed0,0,round-robin,line-duel,5,7,PSO,1.795907649529598,1.3009000103920698,-0.04500000000000004,-0.04500000000000004,0.5,0.0,0.0,0.030105188542848462,9.955452297087295,8.159544647557697,strict_delta_max,1,cross_layer_handoff_executed
line-duel_round-robin_seed0,0,round-robin,line-duel,5,8,RL,4.0,1.8097999272868037,-0.04500000000000004,-0.04500000000000004,0.5,0.0,0.0,0.5175000000000001,8.159544647557697,4.159544647557697,strict_delta_max,2,cross_layer_handoff_executed
line-duel_round-robin_seed0,0,round-robin,line-duel,5,9,GA,1.7077750270474974,0.9246999397873878,-1.03,-1.03,0.0,0.0,0.16492998018967,0.03176636011477445,4.159544647557697,2.4517696205101993,strict_delta_max,1,cross_layer_handoff_executed
line-duel_round-robin_seed1,1,round-robin,line-duel,0,0,GA,2.9420915853436957,1.799300080165267,-1.04,-1.04,0.0,0.0,0.9222503083015591,0.04079385976487518,28.0,25.057908414656303,strict_delta_max,1,cross_layer_handoff_executed
line-duel_round-robin_seed1,1,round-robin,line-duel,0,1,PSO,1.0478464117356086,1.3627000153064728,-1.04,-1.04,0.0,0.0,0.0,0.07191417322099722,25.057908414656303,24.010062002920694,strict_delta_max,1,cross_layer_handoff_executed
line-duel_round-robin_seed1,1,round-robin,line-duel,0,2,RL,3.4847291488855876,2.2709000622853637,-1.09,-1.09,0.0,0.0,0.0,0.0,24.010062002920694,20.525332854035106,strict_delta_max,2,cross_layer_handoff_executed
line-duel_round-robin_seed1,1,round-robin,line-duel,0,3,GA,3.3528046698476497,1.194500015117228,-1.04,-1.04,0.0,0.0,0.8604127127874946,0.02728321313387214,20.525332854035106,17.172528184187456,strict_delta_max,1,cross_layer_handoff_executed
line-duel_round-robin_seed1,1,round-robin,line-duel,0,4,PSO,1.9404049006445716,1.4356999890878797,-1.04,-1.04,0.0,0.0,0.0,0.03887761957055909,17.172528184187456,15.232123283542885,strict_delta_max,1,cross_layer_handoff_executed
line-duel_round-robin_seed1,1,round-robin,line-duel,0,5,RL,2.356833638214052,2.1233001025393605,-1.1,-1.1,0.0,0.0,0.0,0.0,15.232123283542885,12.875289645328833,strict_delta_max,2,cross_layer_handoff_executed
line-duel_round-robin_seed1,1,round-robin,line-duel,0,6,GA,1.2301288423582677,1.382300048135221,-1.04,-1.04,0.0,0.0,0.7466681582587485,0.06933331817003638,12.875289645328833,11.645160802970565,strict_delta_max,1,cross_layer_handoff_executed
line-duel_round-robin_seed1,1,round-robin,line-duel,0,7,PSO,3.5970221928725903,1.5654999297112226,-1.04,-1.04,0.0,0.0,0.0,0.014690883826041203,11.645160802970565,8.048138610097975,strict_delta_max,1,cross_layer_handoff_executed
line-duel_round-robin_seed1,1,round-robin,line-duel,0,8,RL,2.5002169488126262,1.917799934744835,-1.085,-1.085,0.0,0.0,0.0,0.003999652912019932,8.048138610097975,5.547921661285349,strict_delta_max,2,cross_layer_handoff_executed
line-duel_round-robin_seed1,1,round-robin,line-duel,0,9,GA,3.2810987394175073,1.2206999817863107,-1.04,-1.04,0.0,0.0,0.7772472685794287,0.029940224248226906,5.547921661285349,2.2668229218678415,strict_delta_max,1,cross_layer_handoff_executed
line-duel_round-robin_seed1,1,round-robin,line-duel,1,0,PSO,1.5431638380787298,1.192399999126792,-1.04,-1.04,0.0,0.0,0.0,0.044503530208175546,28.0,26.45683616192127,strict_delta_max,1,cross_layer_handoff_executed
line-duel_round-robin_seed1,1,round-robin,line-duel,1,1,RL,1.4985815526474717,2.1285999100655317,-1.09,-1.09,0.0,0.0,0.0,1.3746332299104427,26.45683616192127,24.958254609273798,strict_delta_max,2,cross_layer_handoff_executed
line-duel_round-robin_seed1,1,round-robin,line-duel,1,2,GA,2.3690587219765002,1.4025999698787928,-1.1,-1.1,0.0,0.0,0.7772472685794287,0.0337426059274851,24.958254609273798,22.589195887297297,strict_delta_max,1,cross_layer_handoff_executed
line-duel_round-robin_seed1,1,round-robin,line-duel,1,3,PSO,1.1794597403482425,1.3592999894171953,-1.04,-1.04,0.0,0.0,0.0,0.035562423372186514,22.589195887297297,21.409736146949054,strict_delta_max,1,cross_layer_handoff_executed
line-duel_round-robin_seed1,1,round-robin,line-duel,1,4,RL,4.0,2.7411000337451696,-1.09,-1.09,0.0,0.0,0.0,0.0,21.409736146949054,17.409736146949054,strict_delta_max,2,cross_layer_handoff_executed
line-duel_round-robin_seed1,1,round-robin,line-duel,1,5,GA,2.523233103732615,1.320500043220818,-1.04,-1.04,0.0,0.0,0.7725442157947201,0.022152318185992094,17.409736146949054,14.88650304321644,strict_delta_max,1,cross_layer_handoff_executed
line-duel_round-robin_seed1,1,round-robin,line-duel,1,6,PSO,2.234397643984236,1.694599981419742,-1.04,-1.04,0.0,0.0,0.0,0.03947618662227849,14.88650304321644,12.652105399232203,strict_delta_max,1,cross_layer_handoff_executed
line-duel_round-robin_seed1,1,round-robin,line-duel,1,7,RL,2.1309407510953635,2.0249999361112714,-1.1,-1.1,0.0,0.0,0.0,0.023463815206639902,12.652105399232203,10.521164648136839,strict_delta_max,2,cross_layer_handoff_executed
line-duel_round-robin_seed1,1,round-robin,line-duel,1,8,GA,1.2506701702221128,1.1792000150308013,-1.04,-1.04,0.0,0.0,0.7725442157947201,0.0960907719012553,10.521164648136839,9.270494477914726,strict_delta_max,1,cross_layer_handoff_executed
line-duel_round-robin_seed1,1,round-robin,line-duel,1,9,PSO,1.398281571053552,1.3699999544769526,-1.04,-1.04,0.0,0.0,0.0,0.05161909319758749,9.270494477914726,7.872212906861174,strict_delta_max,1,cross_layer_handoff_executed
line-duel_round-robin_seed1,1,round-robin,line-duel,1,10,RL,4.0,2.2257999517023563,-1.09,-1.09,0.0,0.0,0.0,0.007500000000000007,7.872212906861174,3.872212906861174,strict_delta_max,2,cross_layer_handoff_executed
line-duel_round-robin_seed1,1,round-robin,line-duel,2,0,GA,1.5005308463978229,1.2858000118285418,-1.04,-1.04,0.0,0.0,0.7725442157947201,0.06162370766996604,28.0,26.499469153602178,strict_delta_max,1,cross_layer_handoff_executed
line-duel_round-robin_seed1,1,round-robin,line-duel,2,1,PSO,1.2857636617995334,1.3098999625071883,-1.04,-1.04,0.0,0.0,0.0,0.030033962493367535,26.499469153602178,25.213705491802646,strict_delta_max,1,cross_layer_handoff_executed
line-duel_round-robin_seed1,1,round-robin,line-duel,2,2,RL,2.30510724933007,1.4538000104948878,-1.04,-1.04,0.0,0.0,0.0,0.0,25.213705491802646,22.908598242472575,strict_delta_max,2,cross_layer_handoff_executed
line-duel_round-robin_seed1,1,round-robin,line-duel,2,3,GA,1.5873667572058012,1.3370000524446368,-1.085,-1.085,0.0,0.0,0.7725442157947201,0.06405065702522436,22.908598242472575,21.321231485266775,strict_delta_max,1,cross_layer_handoff_executed
line-duel_round-robin_seed1,1,round-robin,line-duel,2,4,PSO,3.055367210331745,1.2724000262096524,-1.04,-1.04,0.0,0.0,0.0,0.022715961939447776,21.321231485266775,18.26586427493503,strict_delta_max,1,cross_layer_handoff_executed
line-duel_round-robin_seed1,1,round-robin,line-duel,2,5,RL,1.3666576810300868,2.175200032070279,-1.1,-1.1,0.0,0.0,0.0,1.5146441049083963,18.26586427493503,16.899206593904943,strict_delta_max,2,cross_layer_handoff_executed
line-duel_round-robin_seed1,1,round-robin,line-duel,2,6,GA,3.7620290637750373,1.173500088043511,-1.04,-1.04,0.0,0.0,0.7725442157947201,0.021487804284518713,16.899206593904943,13.137177530129906,strict_delta_max,1,cross_layer_handoff_executed
line-duel_round-robin_seed1,1,round-robin,line-duel,2,7,PSO,1.373567984883265,1.255700015462935,-1.04,-1.04,0.0,0.0,0.0,0.0442898465934053,13.137177530129906,11.763609545246641,strict_delta_max,1,cross_layer_handoff_executed
line-duel_round-robin_seed1,1,round-robin,line-duel,2,8,RL,4.0,2.396899973973632,-1.1,-1.1,0.0,0.0,0.0,0.0,11.763609545246641,7.763609545246641,strict_delta_max,2,cross_layer_handoff_executed
line-duel_round-robin_seed1,1,round-robin,line-duel,2,9,GA,2.415819962862188,1.1952000204473734,-1.04,-1.04,0.0,0.0,0.7725442157947201,0.027879026602420143,7.763609545246641,5.347789582384453,strict_delta_max,1,cross_layer_handoff_executed
line-duel_round-robin_seed1,1,round-robin,line-duel,2,10,PSO,2.4734668851403283,1.3907999964430928,-1.04,-1.04,0.0,0.0,0.0,0.03209500829799143,5.347789582384453,2.874322697244125,strict_delta_max,1,cross_layer_handoff_executed
line-duel_round-robin_seed1,1,round-robin,line-duel,3,0,RL,2.017131785699454,1.8640999915078282,-1.04,-1.04,0.0,0.0,0.0,0.0,28.0,25.982868214300545,strict_delta_max,2,cross_layer_handoff_executed
line-duel_round-robin_seed1,1,round-robin,line-duel,3,1,GA,2.330211046457789,1.2692000018432736,-1.04,-1.04,0.0,0.0,0.7725442157947201,0.035499901790598885,25.982868214300545,23.652657167842754,strict_delta_max,1,cross_layer_handoff_executed
line-duel_round-robin_seed1,1,round-robin,line-duel,3,2,PSO,1.8771004401651004,1.3225000584498048,-1.04,-1.04,0.0,0.0,0.0,0.031343758256839674,23.652657167842754,21.775556727677653,strict_delta_max,1,cross_layer_handoff_executed
line-duel_round-robin_seed1,1,round-robin,line-duel,3,3,RL,4.0,1.7909000162035227,-1.04,-1.04,0.0,0.0,0.0,0.017500000000000016,21.775556727677653,17.775556727677653,strict_delta_max,2,cross_layer_handoff_executed
line-duel_round-robin_seed1,1,round-robin,line-duel,3,4,GA,2.288331030750752,1.3068000553175807,-1.04,-1.04,0.0,0.0,0.7725442157947201,0.045690859172537,17.775556727677653,15.4872256969269,strict_delta_max,1,cross_layer_handoff_executed
line-duel_round-robin_seed1,1,round-robin,line-duel,3,5,PSO,2.140470915549341,1.4027999714016914,-1.04,-1.04,0.0,0.0,0.0,0.029680930761068005,15.4872256969269,13.346754781377559,strict_delta_max,1,cross_layer_handoff_executed
line-duel_round-robin_seed1,1,round-robin,line-duel,3,6,RL,2.325973691962552,1.784199965186417,-1.04,-1.04,0.0,0.0,0.0,0.0,13.346754781377559,11.020781089415006,strict_delta_max,2,cross_layer_handoff_executed
line-duel_round-robin_seed1,1,round-robin,line-duel,3,7,GA,3.433424312258796,1.1639000149443746,-1.04,-1.04,0.0,0.0,0.7725442157947201,0.018166715012790716,11.020781089415006,7.58735677715621,strict_delta_max,1,cross_layer_handoff_executed
line-duel_round-robin_seed1,1,round-robin,line-duel,3,8,PSO,2.9296764608691657,1.2436999240890145,-1.04,-1.04,0.0,0.0,0.0,0.019720294370238204,7.58735677715621,4.657680316287045,strict_delta_max,1,cross_layer_handoff_executed
line-duel_round-robin_seed1,1,round-robin,line-duel,3,9,RL,4.0,2.3255000123754144,-1.04,-1.04,0.0,0.0,0.0,0.5175000000000001,4.657680316287045,0.6576803162870446,strict_delta_max,2,cross_layer_handoff_executed
line-duel_round-robin_seed1,1,round-robin,line-duel,4,0,GA,1.1985196384316321,1.3514000456780195,-1.04,-1.04,0.0,0.0,0.7725442157947201,0.0568191097309965,28.0,26.801480361568366,strict_delta_max,1,cross_layer_handoff_executed
line-duel_round-robin_seed1,1,round-robin,line-duel,4,1,PSO,2.5635497603603983,1.3981000520288944,-1.04,-1.04,0.0,0.0,0.0,0.02821580837196529,26.801480361568366,24.237930601207967,strict_delta_max,1,cross_layer_handoff_executed
line-duel_round-robin_seed1,1,round-robin,line-duel,4,2,RL,1.1135398565734103,1.766500063240528,-1.04,-1.04,0.0,0.0,0.0,0.0,24.237930601207967,23.124390744634557,strict_delta_max,2,cross_layer_handoff_executed
line-duel_round-robin_seed1,1,round-robin,line-duel,4,3,GA,2.655146333605134,1.3457000022754073,-1.085,-1.085,0.0,0.0,0.7725442157947201,0.02742214797128256,23.124390744634557,20.469244411029422,strict_delta_max,1,cross_layer_handoff_executed
line-duel_round-robin_seed1,1,round-robin,line-duel,4,4,PSO,3.191513702155528,1.2934999540448189,-1.04,-1.04,0.0,0.0,0.0,0.02029932363881466,20.469244411029422,17.277730708873893,strict_delta_max,1,cross_layer_handoff_executed
line-duel_round-robin_seed1,1,round-robin,line-duel,4,5,RL,2.9096448313440972,1.9050000701099634,-1.04,-1.04,0.0,0.0,0.0,0.0,17.277730708873893,14.368085877529795,strict_delta_max,2,cross_layer_handoff_executed
line-duel_round-robin_seed1,1,round-robin,line-duel,4,6,GA,1.9107671910970105,1.2841999996453524,-1.03,-1.03,0.0,0.005233499950487848,0.7658341937423979,0.06127130177082597,14.368085877529795,12.457318686432785,strict_delta_max,1,cross_layer_handoff_executed
line-duel_round-robin_seed1,1,round-robin,line-duel,4,7,PSO,2.2121538105962912,1.4132000505924225,-1.04,-1.04,0.0,0.0,0.0,0.03459735981489701,12.457318686432785,10.245164875836494,strict_delta_max,1,cross_layer_handoff_executed
line-duel_round-robin_seed1,1,round-robin,line-duel,4,8,RL,1.3549198839662218,1.433399971574545,-1.04,-1.04,0.0,0.0,0.0,1.5425266281294783,10.245164875836494,8.890244991870272,strict_delta_max,2,cross_layer_handoff_executed
line-duel_round-robin_seed1,1,round-robin,line-duel,4,9,GA,2.075241517777656,1.2707000132650137,-1.04,-1.04,0.0,0.0,0.7658341937423979,0.039039618290805954,8.890244991870272,6.815003474092617,strict_delta_max,1,cross_layer_handoff_executed
line-duel_round-robin_seed1,1,round-robin,line-duel,4,10,PSO,1.4616034693001132,1.3034000294283032,-1.04,-1.04,0.0,0.0,0.0,0.03775013488590036,6.815003474092617,5.353400004792503,strict_delta_max,1,cross_layer_handoff_executed
line-duel_round-robin_seed1,1,round-robin,line-duel,4,11,RL,2.0909921456597362,1.8341999966651201,-1.04,-1.04,0.0,0.0,0.0,0.0,5.353400004792503,3.2624078591327668,strict_delta_max,2,cross_layer_handoff_executed
line-duel_round-robin_seed1,1,round-robin,line-duel,5,0,GA,2.0243894678858108,1.3067000545561314,-1.04,-1.04,0.0,0.0,0.7658341937423979,0.03900022292056488,28.0,25.97561053211419,strict_delta_max,1,cross_layer_handoff_executed
line-duel_round-robin_seed1,1,round-robin,line-duel,5,1,PSO,2.416926657599669,1.3418999733403325,-1.04,-1.04,0.0,0.0,0.0,0.02044488246389841,25.97561053211419,23.55868387451452,strict_delta_max,1,cross_layer_handoff_executed
line-duel_round-robin_seed1,1,round-robin,line-duel,5,2,RL,3.99526677409411,2.2214000346139073,-1.04,-1.04,0.0,0.0,0.0,0.0,23.55868387451452,19.563417100420413,strict_delta_max,2,cross_layer_handoff_executed
line-duel_round-robin_seed1,1,round-robin,line-duel,5,3,GA,2.9298944757786325,1.204799977131188,-1.025,-1.025,0.0,0.0017065461030542212,0.7469520868227956,0.02447055359699502,19.563417100420413,16.63352262464178,strict_delta_max,1,cross_layer_handoff_executed
line-duel_round-robin_seed1,1,round-robin,line-duel,5,4,PSO,2.7866211608179263,1.36009999550879,-1.04,-1.04,0.0,0.0,0.0,0.0244421944721213,16.63352262464178,13.846901463823855,strict_delta_max,1,cross_layer_handoff_executed
line-duel_round-robin_seed1,1,round-robin,line-duel,5,5,RL,2.306965298946565,1.5394999645650387,-1.04,-1.04,0.0,0.0,0.0,0.008669397848824454,13.846901463823855,11.53993616487729,strict_delta_max,2,cross_layer_handoff_executed
line-duel_round-robin_seed1,1,round-robin,line-duel,5,6,GA,2.1818808812578765,1.3060999335721135,-1.04,-1.04,0.0,0.0,0.7469520868227956,0.04118689109811631,11.53993616487729,9.358055283619413,strict_delta_max,1,cross_layer_handoff_executed
line-duel_round-robin_seed1,1,round-robin,line-duel,5,7,PSO,1.0168403865726776,1.3692000648006797,-1.04,-1.04,0.0,0.0,0.0,0.05196451037731046,9.358055283619413,8.341214897046735,strict_delta_max,1,cross_layer_handoff_executed
line-duel_round-robin_seed1,1,round-robin,line-duel,5,8,RL,4.0,2.271799952723086,-1.04,-1.04,0.0,0.0,0.0,0.51,8.341214897046735,4.341214897046735,strict_delta_max,2,cross_layer_handoff_executed
line-duel_round-robin_seed1,1,round-robin,line-duel,5,9,GA,2.867229962546011,1.3110999716445804,-1.04,-1.04,0.0,0.0,0.7469520868227956,0.04961964550033471,4.341214897046735,1.4739849345007237,strict_delta_max,1,cross_layer_handoff_executed
line-duel_round-robin_seed2,2,round-robin,line-duel,0,0,GA,2.282163808635265,1.806700020097196,-0.0050000000000000044,-0.0050000000000000044,0.5,0.43818064076566016,0.8841395898889056,0.059171347775251876,28.0,25.717836191364736,strict_delta_max,1,cross_layer_handoff_executed
line-duel_round-robin_seed2,2,round-robin,line-duel,0,1,PSO,1.6878748875696683,1.4815999893471599,-0.039999999999999925,-0.039999999999999925,0.5,0.0,0.0,0.05743481707658332,25.717836191364736,24.02996130379507,strict_delta_max,1,cross_layer_handoff_executed
line-duel_round-robin_seed2,2,round-robin,line-duel,0,2,RL,2.2195134993315166,1.7019000370055437,-1.005,-1.005,0.0,0.0,0.0,0.0,24.02996130379507,21.810447804463553,strict_delta_max,2,cross_layer_handoff_executed
line-duel_round-robin_seed2,2,round-robin,line-duel,0,3,GA,2.5458951316609566,1.0231999913230538,-1.03,-1.03,0.0,0.0,0.8205222274787475,0.035383290517440956,21.810447804463553,19.264552672802598,strict_delta_max,1,cross_layer_handoff_executed
line-duel_round-robin_seed2,2,round-robin,line-duel,0,4,PSO,2.130052285916131,1.404800103046,-0.995,-0.995,0.0,0.0,0.0,0.037368985137760595,19.264552672802598,17.134500386886465,strict_delta_max,1,cross_layer_handoff_executed
line-duel_round-robin_seed2,2,round-robin,line-duel,0,5,RL,4.0,2.059499965980649,-1.0150000000000001,-1.0150000000000001,0.0,0.0,0.0,0.0,17.134500386886465,13.134500386886465,strict_delta_max,2,cross_layer_handoff_executed
line-duel_round-robin_seed2,2,round-robin,line-duel,0,6,GA,2.4150323067393837,1.2374999932944775,-0.025000000000000022,-0.025000000000000022,0.5,0.0,0.7451024140204439,0.04215183245311486,13.134500386886465,10.719468080147081,strict_delta_max,1,cross_layer_handoff_executed
line-duel_round-robin_seed2,2,round-robin,line-duel,0,7,PSO,2.004153722654829,1.740399980917573,-0.039999999999999925,-0.039999999999999925,0.5,0.0,0.0,0.030642406765961982,10.719468080147081,8.715314357492252,strict_delta_max,1,cross_layer_handoff_executed
line-duel_round-robin_seed2,2,round-robin,line-duel,0,8,RL,2.045475539907869,2.042299951426685,-1.02,-1.02,0.0,0.0,0.0,0.014666516130205727,8.715314357492252,6.669838817584383,strict_delta_max,2,cross_layer_handoff_executed
line-duel_round-robin_seed2,2,round-robin,line-duel,0,9,GA,2.689317696034336,1.3063999358564615,-0.025000000000000022,-0.025000000000000022,0.5,0.0,0.6858479521469404,0.03966767612242961,6.669838817584383,3.980521121550047,strict_delta_max,1,cross_layer_handoff_executed
line-duel_round-robin_seed2,2,round-robin,line-duel,1,0,PSO,2.079777602089377,1.0979999788105488,0.025000000000000022,0.025000000000000022,0.5,0.014424619233259151,0.0,0.04232826919880885,28.0,25.920222397910624,strict_delta_max,1,cross_layer_handoff_executed
line-duel_round-robin_seed2,2,round-robin,line-duel,1,1,RL,2.2742440826800014,2.061299979686737,-1.0150000000000001,-1.0150000000000001,0.0,0.0,0.0,0.0,25.920222397910624,23.64597831523062,strict_delta_max,2,cross_layer_handoff_executed
line-duel_round-robin_seed2,2,round-robin,line-duel,1,2,GA,1.653990125779971,0.9087999351322651,-1.005,-1.005,0.0,0.0,0.7168907274086378,0.06819754099444528,23.64597831523062,21.99198818945065,strict_delta_max,1,cross_layer_handoff_executed
line-duel_round-robin_seed2,2,round-robin,line-duel,1,3,PSO,1.2126006187469156,1.1274999706074595,-1.005,-1.005,0.0,0.0,0.0,0.0792468200295538,21.99198818945065,20.779387570703737,strict_delta_max,1,cross_layer_handoff_executed
line-duel_round-robin_seed2,2,round-robin,line-duel,1,4,RL,3.2237143450462598,1.6485999803990126,-1.0,-1.0,0.0,0.0,0.0,0.01240804727672794,20.779387570703737,17.555673225657475,strict_delta_max,2,cross_layer_handoff_executed
line-duel_round-robin_seed2,2,round-robin,line-duel,1,5,GA,2.951792649727747,1.1887999717146158,-0.0050000000000000044,-0.0050000000000000044,0.5,0.0,0.6986228367753551,0.036700909050571884,17.555673225657475,14.603880575929729,strict_delta_max,1,cross_layer_handoff_executed
line-duel_round-robin_seed2,2,round-robin,line-duel,1,6,PSO,1.9726544890718023,1.2719000224024057,0.025000000000000022,0.025000000000000022,0.5,0.0,0.0,0.026453071635013713,14.603880575929729,12.631226086857927,strict_delta_max,1,cross_layer_handoff_executed
line-duel_round-robin_seed2,2,round-robin,line-duel,1,7,RL,4.0,2.071700058877468,-1.005,-1.005,0.0,0.0,0.0,0.4975,12.631226086857927,8.631226086857927,strict_delta_max,2,cross_layer_handoff_executed
line-duel_round-robin_seed2,2,round-robin,line-duel,1,8,GA,1.7047239118650173,1.2703000102192163,-1.0699999999999998,-1.0699999999999998,0.0,0.0,0.6986228367753551,0.06688230310454468,8.631226086857927,6.92650217499291,strict_delta_max,1,cross_layer_handoff_executed
line-duel_round-robin_seed2,2,round-robin,line-duel,1,9,PSO,1.4175367443951943,1.190700102597475,-1.0,-1.0,0.0,0.0,0.0,0.04198797662463175,6.92650217499291,5.508965430597716,strict_delta_max,1,cross_layer_handoff_executed
line-duel_round-robin_seed2,2,round-robin,line-duel,1,10,RL,2.1317991423535707,1.6348999924957752,-1.005,-1.005,0.0,0.0,0.0,0.03283611415788354,5.508965430597716,3.377166288244145,strict_delta_max,2,cross_layer_handoff_executed
line-duel_round-robin_seed2,2,round-robin,line-duel,2,0,GA,2.9993591848062944,1.6308999620378017,-0.039999999999999925,-0.039999999999999925,0.5,0.0,0.6865541737938474,0.03433576182646738,28.0,25.000640815193705,strict_delta_max,1,cross_layer_handoff_executed
line-duel_round-robin_seed2,2,round-robin,line-duel,2,1,PSO,3.1265044469543124,1.3609000016003847,0.025000000000000022,0.025000000000000022,0.5,0.0,0.0,0.02534377616124307,25.000640815193705,21.87413636823939,strict_delta_max,1,cross_layer_handoff_executed
line-duel_round-robin_seed2,2,round-robin,line-duel,2,2,RL,2.5106882039155964,1.671200036071241,-1.005,-1.005,0.0,0.0,0.0,0.0,21.87413636823939,19.363448164323795,strict_delta_max,2,cross_layer_handoff_executed
line-duel_round-robin_seed2,2,round-robin,line-duel,2,3,GA,2.278068313357978,1.0412000119686127,-1.005,-1.005,0.0,0.0,0.6865541737938474,0.03313891413554785,19.363448164323795,17.08537985096582,strict_delta_max,1,cross_layer_handoff_executed
line-duel_round-robin_seed2,2,round-robin,line-duel,2,4,PSO,2.677749376044401,1.1932000052183867,0.025000000000000022,0.025000000000000022,0.5,0.0,0.0,0.04347852359487389,17.08537985096582,14.407630474921417,strict_delta_max,1,cross_layer_handoff_executed
line-duel_round-robin_seed2,2,round-robin,line-duel,2,5,RL,1.4720122036609424,2.066300017759204,-1.005,-1.005,0.0,0.0,0.0,0.0,14.407630474921417,12.935618271260475,strict_delta_max,2,cross_layer_handoff_executed
line-duel_round-robin_seed2,2,round-robin,line-duel,2,6,GA,1.5013716867526667,1.2129999231547117,-1.0350000000000001,-1.0350000000000001,0.0,0.0,0.6865541737938474,0.09298804867358942,12.935618271260475,11.43424658450781,strict_delta_max,1,cross_layer_handoff_executed
line-duel_round-robin_seed2,2,round-robin,line-duel,2,7,PSO,1.4307910429688628,1.2768000597134233,0.025000000000000022,0.025000000000000022,0.5,0.0,0.0,0.09528095430894507,11.43424658450781,10.003455541538946,strict_delta_max,1,cross_layer_handoff_executed
line-duel_round-robin_seed2,2,round-robin,line-duel,2,8,RL,2.9762476836110316,1.4755999436601996,-1.005,-1.005,0.0,0.0,0.0,0.020159612498111323,10.003455541538946,7.027207857927914,strict_delta_max,2,cross_layer_handoff_executed
line-duel_round-robin_seed2,2,round-robin,line-duel,2,9,GA,2.463984622808558,1.4739000471308827,-0.039999999999999925,-0.039999999999999925,0.5,0.0,0.692658370450033,0.03224008605510531,7.027207857927914,4.563223235119356,strict_delta_max,1,cross_layer_handoff_executed
line-duel_round-robin_seed2,2,round-robin,line-duel,2,10,PSO,1.3467604633095096,1.2254000175744295,0.025000000000000022,0.025000000000000022,0.5,0.0,0.0,0.09436792002165693,4.563223235119356,3.216462771809846,strict_delta_max,1,cross_layer_handoff_executed
line-duel_round-robin_seed2,2,round-robin,line-duel,3,0,RL,1.5765044508927364,1.825600047595799,-1.005,-1.005,0.0,0.0,0.0,0.038058883986038544,28.0,26.423495549107265,strict_delta_max,2,cross_layer_handoff_executed
line-duel_round-robin_seed2,2,round-robin,line-duel,3,1,GA,2.935977182784148,1.029500039294362,0.025000000000000022,0.025000000000000022,0.5,0.0,0.5829731609330029,0.031816515606654695,26.423495549107265,23.487518366323116,strict_delta_max,1,cross_layer_handoff_executed
line-duel_round-robin_seed2,2,round-robin,line-duel,3,2,PSO,1.1101383335022357,1.3861999614164233,0.025000000000000022,0.025000000000000022,0.5,0.0,0.0,0.09139296612104834,23.487518366323116,22.37738003282088,strict_delta_max,1,cross_layer_handoff_executed
line-duel_round-robin_seed2,2,round-robin,line-duel,3,3,RL,2.5937969268144236,1.5769999008625746,-1.005,-1.005,0.0,0.0,0.0,0.0,22.37738003282088,19.783583106006457,strict_delta_max,2,cross_layer_handoff_executed
line-duel_round-robin_seed2,2,round-robin,line-duel,3,4,GA,3.694327291023837,1.06519996188581,-1.0350000000000001,-1.0350000000000001,0.0,0.0,0.5829731609330029,0.02284371969500888,19.783583106006457,16.08925581498262,strict_delta_max,1,cross_layer_handoff_executed
line-duel_round-robin_seed2,2,round-robin,line-duel,3,5,PSO,2.9544285258396186,1.3265999732539058,0.025000000000000022,0.025000000000000022,0.5,0.0,0.0,0.03503031212568177,16.08925581498262,13.134827289143002,strict_delta_max,1,cross_layer_handoff_executed
line-duel_round-robin_seed2,2,round-robin,line-duel,3,6,RL,1.371160559687179,1.7386000836268067,-1.005,-1.005,0.0,0.0,0.0,0.0,13.134827289143002,11.763666729455824,strict_delta_max,2,cross_layer_handoff_executed
line-duel_round-robin_seed2,2,round-robin,line-duel,3,7,GA,3.298412578235587,0.9911999804899096,0.025000000000000022,0.025000000000000022,0.5,0.0,0.5854315863749808,0.03187605104913013,11.763666729455824,8.465254151220238,strict_delta_max,1,cross_layer_handoff_executed
line-duel_round-robin_seed2,2,round-robin,line-duel,3,8,PSO,2.069658628546931,1.4130000490695238,0.025000000000000022,0.025000000000000022,0.5,0.0,0.0,0.06030401920474089,8.465254151220238,6.395595522673307,strict_delta_max,1,cross_layer_handoff_executed
line-duel_round-robin_seed2,2,round-robin,line-duel,3,9,RL,3.7105839696207106,1.9283000146970153,-1.005,-1.005,0.0,0.0,0.0,0.0,6.395595522673307,2.685011553052597,strict_delta_max,2,cross_layer_handoff_executed
line-duel_round-robin_seed2,2,round-robin,line-duel,4,0,GA,2.586259972489908,1.165500027127564,-1.03,-1.03,0.0,0.0,0.5854315863749808,0.03736771512432363,28.0,25.41374002751009,strict_delta_max,1,cross_layer_handoff_executed
line-duel_round-robin_seed2,2,round-robin,line-duel,4,1,PSO,2.2486484515343967,1.285000005736947,-1.005,-1.005,0.0,0.0,0.0,0.03896865518045023,25.41374002751009,23.165091575975694,strict_delta_max,1,cross_layer_handoff_executed
line-duel_round-robin_seed2,2,round-robin,line-duel,4,2,RL,1.9407447727941056,1.6971000004559755,-1.005,-1.005,0.0,0.0,0.0,0.030915966303811077,23.165091575975694,21.22434680318159,strict_delta_max,2,cross_layer_handoff_executed
line-duel_round-robin_seed2,2,round-robin,line-duel,4,3,GA,3.0075501703379928,1.3006998924538493,-0.025000000000000022,-0.025000000000000022,0.5,0.0,0.5224427422567688,0.03534354281057951,21.22434680318159,18.216796632843597,strict_delta_max,1,cross_layer_handoff_executed
line-duel_round-robin_seed2,2,round-robin,line-duel,4,4,PSO,1.138152930681977,1.4549000188708305,0.025000000000000022,0.025000000000000022,0.5,0.0,0.0,0.11347271687054185,18.216796632843597,17.07864370216162,strict_delta_max,1,cross_layer_handoff_executed
line-duel_round-robin_seed2,2,round-robin,line-duel,4,5,RL,3.935530919482546,1.2827999889850616,-1.005,-1.005,0.0,0.0,0.0,0.5158135056062296,17.07864370216162,13.143112782679076,strict_delta_max,2,cross_layer_handoff_executed
line-duel_round-robin_seed2,2,round-robin,line-duel,4,6,GA,1.7632304463513475,0.9263999527320266,-1.005,-1.005,0.0,0.0,0.5224427422567688,0.05166886013824802,13.143112782679076,11.379882336327729,strict_delta_max,1,cross_layer_handoff_executed
line-duel_round-robin_seed2,2,round-robin,line-duel,4,7,PSO,2.881380434483164,1.1275999713689089,-1.005,-1.005,0.0,0.0,0.0,0.044740653118205284,11.379882336327729,8.498501901844564,strict_delta_max,1,cross_layer_handoff_executed
line-duel_round-robin_seed2,2,round-robin,line-duel,4,8,RL,3.6659153063169754,1.1768999975174665,-1.005,-1.005,0.0,0.0,0.0,0.0,8.498501901844564,4.832586595527589,strict_delta_max,2,cross_layer_handoff_executed
line-duel_round-robin_seed2,2,round-robin,line-duel,4,9,GA,1.1940633338985955,1.2849000049754977,-0.015000000000000013,-0.015000000000000013,0.5,0.0,0.4995192726139319,0.06780905229795453,4.832586595527589,3.6385232616289933,strict_delta_max,1,cross_layer_handoff_executed
line-duel_round-robin_seed2,2,round-robin,line-duel,5,0,PSO,3.4048257519419223,1.0103000095114112,0.025000000000000022,0.025000000000000022,0.5,0.0,0.0,0.043815283421087925,28.0,24.59517424805808,strict_delta_max,1,cross_layer_handoff_executed
line-duel_round-robin_seed2,2,round-robin,line-duel,5,1,RL,4.0,2.001499990001321,0.025000000000000022,0.025000000000000022,0.5,0.0,0.0,0.0,24.59517424805808,20.59517424805808,strict_delta_max,2,cross_layer_handoff_executed
line-duel_round-robin_seed2,2,round-robin,line-duel,5,2,GA,1.2040738205228327,1.4009999576956034,-1.065,-1.065,0.0,0.0,0.5323110596904651,0.03728972046520281,20.59517424805808,19.391100427535246,strict_delta_max,1,cross_layer_handoff_executed
line-duel_round-robin_seed2,2,round-robin,line-duel,5,3,PSO,2.1966659080806337,1.256300020031631,0.025000000000000022,0.025000000000000022,0.5,0.0,0.0,0.06777377418043488,19.391100427535246,17.194434519454614,strict_delta_max,1,cross_layer_handoff_executed
line-duel_round-robin_seed2,2,round-robin,line-duel,5,4,RL,1.1713939411456384,1.6885999357327819,0.025000000000000022,0.025000000000000022,0.5,0.0,0.0,0.05975786414904891,17.194434519454614,16.023040578308976,strict_delta_max,2,cross_layer_handoff_executed
line-duel_round-robin_seed2,2,round-robin,line-duel,5,5,GA,2.441964359655481,1.0224999859929085,0.025000000000000022,0.025000000000000022,0.5,0.0,0.5572765780777098,0.023996135210477037,16.023040578308976,13.581076218653495,strict_delta_max,1,cross_layer_handoff_executed
line-duel_round-robin_seed2,2,round-robin,line-duel,5,6,PSO,2.818176744303476,1.221099984832108,0.025000000000000022,0.025000000000000022,0.5,0.0,0.0,0.029834342167684144,13.581076218653495,10.762899474350018,strict_delta_max,1,cross_layer_handoff_executed
line-duel_round-robin_seed2,2,round-robin,line-duel,5,7,RL,1.7257753200003463,1.671200036071241,0.025000000000000022,0.025000000000000022,0.5,0.0,0.0,0.0,10.762899474350018,9.037124154349671,strict_delta_max,2,cross_layer_handoff_executed
line-duel_round-robin_seed2,2,round-robin,line-duel,5,8,GA,2.103250204052476,0.8885000133886933,-1.005,-1.005,0.0,0.0,0.5476745962481662,0.0671853499773246,9.037124154349671,6.933873950297196,strict_delta_max,1,cross_layer_handoff_executed
line-duel_round-robin_seed2,2,round-robin,line-duel,5,9,PSO,2.063629618626652,1.1634000111371279,0.025000000000000022,0.025000000000000022,0.5,0.0,0.0,0.05866828000947291,6.933873950297196,4.870244331670544,strict_delta_max,1,cross_layer_handoff_executed
line-duel_round-robin_seed2,2,round-robin,line-duel,5,10,RL,2.7995073587195543,2.210900071077049,0.025000000000000022,0.025000000000000022,0.5,0.0,0.0,0.0,4.870244331670544,2.0707369729509897,strict_delta_max,2,cross_layer_handoff_executed
line-duel_greedy-improvement_seed0,0,greedy-improvement,line-duel,0,0,GA,1.6893344512949398,2.017499995417893,-1.0350000000000001,-1.0350000000000001,0.0,0.0,0.8116122098641232,0.0646168400523651,28.0,26.31066554870506,strict_delta_max,1,cross_layer_handoff_executed
line-duel_greedy-improvement_seed0,0,greedy-improvement,line-duel,0,1,GA,2.5056547673116434,1.4507999876514077,-1.0350000000000001,-1.0350000000000001,0.0,0.0,0.8311453459131665,0.048610042225809315,26.31066554870506,23.805010781393417,strict_delta_max,1,cross_layer_handoff_executed
line-duel_greedy-improvement_seed0,0,greedy-improvement,line-duel,0,2,GA,3.2133130574313404,2.3745999205857515,-1.0350000000000001,-1.0350000000000001,0.0,0.0,0.7829156664470321,0.031784489138668576,23.805010781393417,20.591697723962078,strict_delta_max,1,cross_layer_handoff_executed
line-duel_greedy-improvement_seed0,0,greedy-improvement,line-duel,0,3,GA,3.1578918407829324,2.281600027345121,-1.0350000000000001,-1.0350000000000001,0.0,0.0,0.7561446778792801,0.03252146195437233,20.591697723962078,17.433805883179147,strict_delta_max,1,cross_layer_handoff_executed
line-duel_greedy-improvement_seed0,0,greedy-improvement,line-duel,0,4,GA,2.937698729694839,1.8066999036818743,-1.0350000000000001,-1.0350000000000001,0.0,0.0,0.6989703687729832,0.038251989956807654,17.433805883179147,14.496107153484308,strict_delta_max,1,cross_layer_handoff_executed
line-duel_greedy-improvement_seed0,0,greedy-improvement,line-duel,0,5,GA,1.6346523690022985,1.5262000961229205,-1.02,-1.02,0.0,0.009176262968471575,0.6828797477966819,0.055282636525476096,14.496107153484308,12.86145478448201,strict_delta_max,1,cross_layer_handoff_executed
line-duel_greedy-improvement_seed0,0,greedy-improvement,line-duel,0,6,GA,3.5495492749357096,1.2922000605612993,0.015000000000000013,0.015000000000000013,0.5,0.29158631697506054,0.6948509863091249,0.02783827176302636,12.86145478448201,9.3119055095463,strict_delta_max,1,cross_layer_handoff_executed
line-duel_greedy-improvement_seed0,0,greedy-improvement,line-duel,0,7,GA,2.6237057221461146,1.3722999719902873,-1.0350000000000001,-1.0350000000000001,0.0,0.0,0.6684738604233517,0.03842066196569583,9.3119055095463,6.688199787400185,strict_delta_max,1,cross_layer_handoff_executed
line-duel_greedy-improvement_seed0,0,greedy-improvement,line-duel,0,8,GA,2.944785666803855,1.3982000527903438,-1.0350000000000001,-1.0350000000000001,0.0,0.0,0.629872737374901,0.025245448390572398,6.688199787400185,3.7434141205963303,strict_delta_max,1,cross_layer_handoff_executed
line-duel_greedy-improvement_seed0,0,greedy-improvement,line-duel,1,0,GA,3.719590782306286,1.1014000046998262,-1.04,-1.04,0.0,0.0,0.6111318557515489,0.02934947749294064,28.0,24.280409217693713,strict_delta_max,1,cross_layer_handoff_executed
line-duel_greedy-improvement_seed0,0,greedy-improvement,line-duel,1,1,GA,1.0556594859765283,1.2814999790862203,-1.04,-1.04,0.0,0.0,0.6111318557515489,0.09094043402403203,24.280409217693713,23.224749731717186,strict_delta_max,1,cross_layer_handoff_executed
line-duel_greedy-improvement_seed0,0,greedy-improvement,line-duel,1,2,GA,1.9044975975937155,1.5081999590620399,-1.0350000000000001,-1.0350000000000001,0.0,0.0,0.6078617440956903,0.05399554787781659,23.224749731717186,21.32025213412347,strict_delta_max,1,cross_layer_handoff_executed
line-duel_greedy-improvement_seed0,0,greedy-improvement,line-duel,1,3,GA,2.8839562712709403,1.4413000317290425,-1.04,-1.04,0.0,0.0,0.6078617440956903,0.019695626830235773,21.32025213412347,18.436295862852532,strict_delta_max,1,cross_layer_handoff_executed
line-duel_greedy-improvement_seed0,0,greedy-improvement,line-duel,1,4,GA,2.3422281044168525,1.7397000920027494,-1.0350000000000001,-1.0350000000000001,0.0,0.0,0.6078617440956903,0.041272284195477425,18.436295862852532,16.094067758435678,strict_delta_max,1,cross_layer_handoff_executed
line-duel_greedy-improvement_seed0,0,greedy-improvement,line-duel,1,5,GA,1.422297174935895,1.2622999493032694,0.015000000000000013,0.015000000000000013,0.5,0.0,0.6284792604807337,0.06965279853456886,16.094067758435678,14.671770583499782,strict_delta_max,1,cross_layer_handoff_executed
line-duel_greedy-improvement_seed0,0,greedy-improvement,line-duel,1,6,GA,1.9919546239943542,1.5160000184550881,-1.0350000000000001,-1.0350000000000001,0.0,0.0,0.6284792604807337,0.03499774158770174,14.671770583499782,12.679815959505428,strict_delta_max,1,cross_layer_handoff_executed
line-duel_greedy-improvement_seed0,0,greedy-improvement,line-duel,1,7,GA,1.5887227229157082,1.4150000642985106,0.015000000000000013,0.015000000000000013,0.5,0.0,0.6487426136929986,0.05673500467921454,12.679815959505428,11.09109323658972,strict_delta_max,1,cross_layer_handoff_executed
line-duel_greedy-improvement_seed0,0,greedy-improvement,line-duel,1,8,GA,2.262717038275114,1.2531999964267015,0.015000000000000013,0.015000000000000013,0.5,0.0,0.6528146563471748,0.04474702443389324,11.09109323658972,8.828376198314604,strict_delta_max,1,cross_layer_handoff_executed
line-duel_greedy-improvement_seed0,0,greedy-improvement,line-duel,1,9,GA,2.4656462958721406,1.2480000732466578,0.015000000000000013,0.015000000000000013,0.5,0.0,0.6581485889270445,0.040588325077624596,8.828376198314604,6.362729902442464,strict_delta_max,1,cross_layer_handoff_executed
line-duel_greedy-improvement_seed0,0,greedy-improvement,line-duel,1,10,GA,3.617056485066973,1.276400056667626,0.015000000000000013,0.015000000000000013,0.5,0.0,0.585947675557486,0.025055160081651994,6.362729902442464,2.7456734173754906,strict_delta_max,1,cross_layer_handoff_executed
line-duel_greedy-improvement_seed0,0,greedy-improvement,line-duel,2,0,GA,3.6195050629733014,0.9816000238060951,0.015000000000000013,0.015000000000000013,0.5,0.0,0.5804624807012194,0.0317491396663662,28.0,24.380494937026697,strict_delta_max,1,cross_layer_handoff_executed
line-duel_greedy-improvement_seed0,0,greedy-improvement,line-duel,2,1,GA,2.3562853015965253,1.2326999567449093,0.015000000000000013,0.015000000000000013,0.5,0.0,0.5287794361718773,0.048083416177672804,24.380494937026697,22.02420963543017,strict_delta_max,1,cross_layer_handoff_executed
line-duel_greedy-improvement_seed0,0,greedy-improvement,line-duel,2,2,GA,1.3184984232654127,1.2585000367835164,0.015000000000000013,0.015000000000000013,0.5,0.0,0.5229060167285209,0.07555851910190726,22.02420963543017,20.705711212164758,strict_delta_max,1,cross_layer_handoff_executed
line-duel_greedy-improvement_seed0,0,greedy-improvement,line-duel,2,3,GA,3.1956330491270086,1.1895999778062105,0.015000000000000013,0.015000000000000013,0.5,0.0,0.46888634094355536,0.02755227621952123,20.705711212164758,17.51007816303775,strict_delta_max,1,cross_layer_handoff_executed
line-duel_greedy-improvement_seed0,0,greedy-improvement,line-duel,2,4,GA,3.5966551743499915,1.179700018838048,0.015000000000000013,0.015000000000000013,0.5,0.0,0.46888634094355536,0.02245583105116616,17.51007816303775,13.91342298868776,strict_delta_max,1,cross_layer_handoff_executed
line-duel_greedy-improvement_seed0,0,greedy-improvement,line-duel,2,5,GA,3.5426599027345005,1.102200010791421,0.015000000000000013,0.015000000000000013,0.5,0.0,0.46888634094355536,0.024666815596730483,13.91342298868776,10.370763085953259,strict_delta_max,1,cross_layer_handoff_executed
line-duel_greedy-improvement_seed0,0,greedy-improvement,line-duel,2,6,GA,3.494543522843922,1.1502000270411372,0.015000000000000013,0.015000000000000013,0.5,0.0,0.46888634094355536,0.02090554337673835,10.370763085953259,6.876219563109337,strict_delta_max,1,cross_layer_handoff_executed
line-duel_greedy-improvement_seed0,0,greedy-improvement,line-duel,2,7,GA,3.007771186781455,1.1491000186651945,0.015000000000000013,0.015000000000000013,0.5,0.0,0.46888634094355536,0.027421656986500686,6.876219563109337,3.8684483763278816,strict_delta_max,1,cross_layer_handoff_executed
line-duel_greedy-improvement_seed0,0,greedy-improvement,line-duel,3,0,GA,1.79730069436155,0.9981000330299139,0.015000000000000013,0.015000000000000013,0.5,0.0,0.46888634094355536,0.04166330858284027,28.0,26.20269930563845,strict_delta_max,1,cross_layer_handoff_executed
line-duel_greedy-improvement_seed0,0,greedy-improvement,line-duel,3,1,GA,3.3131135544809656,1.1760999914258718,0.015000000000000013,0.015000000000000013,0.5,0.0,0.46888634094355536,0.029861516498371078,26.20269930563845,22.889585751157483,strict_delta_max,1,cross_layer_handoff_executed
line-duel_greedy-improvement_seed0,0,greedy-improvement,line-duel,3,2,GA,3.946364865848617,1.0650999611243606,0.015000000000000013,0.015000000000000013,0.5,0.0,0.46888634094355536,0.020269761756056912,22.889585751157483,18.943220885308868,strict_delta_max,1,cross_layer_handoff_executed
line-duel_greedy-improvement_seed0,0,greedy-improvement,line-duel,3,3,GA,1.7755865413627387,1.5576999867334962,0.015000000000000013,0.015000000000000013,0.5,0.0,0.46888634094355536,0.05435572775945704,18.943220885308868,17.16763434394613,strict_delta_max,1,cross_layer_handoff_executed
line-duel_greedy-improvement_seed0,0,greedy-improvement,line-duel,3,4,GA,3.6499806262153633,1.4121000422164798,0.015000000000000013,0.015000000000000013,0.5,0.0,0.46888634094355536,0.014083909073375095,17.16763434394613,13.517653717730767,strict_delta_max,1,cross_layer_handoff_executed
line-duel_greedy-improvement_seed0,0,greedy-improvement,line-duel,3,5,GA,3.3476142783244343,1.446399954147637,0.015000000000000013,0.015000000000000013,0.5,0.0,0.46888634094355536,0.024868537550872028,13.517653717730767,10.170039439406333,strict_delta_max,1,cross_layer_handoff_executed
line-duel_greedy-improvement_seed0,0,greedy-improvement,line-duel,3,6,GA,1.1546368468332595,1.2777999509125948,0.0,0.0,0.5,0.0,0.46888634094355536,0.06317297293566843,10.170039439406333,9.015402592573073,strict_delta_max,1,cross_layer_handoff_executed
line-duel_greedy-improvement_seed0,0,greedy-improvement,line-duel,3,7,GA,2.1905412747400526,1.2688999995589256,-1.04,-1.04,0.0,0.0,0.46888634094355536,0.03795218457032581,9.015402592573073,6.824861317833021,strict_delta_max,1,cross_layer_handoff_executed
line-duel_greedy-improvement_seed0,0,greedy-improvement,line-duel,3,8,GA,3.4987018011053794,1.1877999641001225,0.015000000000000013,0.015000000000000013,0.5,0.0,0.46888634094355536,0.016707940214708967,6.824861317833021,3.326159516727641,strict_delta_max,1,cross_layer_handoff_executed
line-duel_greedy-improvement_seed0,0,greedy-improvement,line-duel,4,0,GA,1.4429606143778075,0.9841000428423285,0.015000000000000013,0.015000000000000013,0.5,0.0,0.46888634094355536,0.049185926067488873,28.0,26.557039385622193,strict_delta_max,1,cross_layer_handoff_executed
line-duel_greedy-improvement_seed0,0,greedy-improvement,line-duel,4,1,GA,2.4340872470413952,1.470400020480156,0.0,0.0,0.5,0.0,0.46888634094355536,0.02841886491524682,26.557039385622193,24.1229521385808,strict_delta_max,1,cross_layer_handoff_executed
line-duel_greedy-improvement_seed0,0,greedy-improvement,line-duel,4,2,GA,2.206377793583529,1.3760000001639128,0.015000000000000013,0.015000000000000013,0.5,0.0,0.46888634094355536,0.022953678495140094,24.1229521385808,21.916574344997272,strict_delta_max,1,cross_layer_handoff_executed
line-duel_greedy-improvement_seed0,0,greedy-improvement,line-duel,4,3,GA,1.8135256795824188,1.1850000591948628,0.015000000000000013,0.015000000000000013,0.5,0.0,0.46888634094355536,0.044641449806895085,21.916574344997272,20.103048665414853,strict_delta_max,1,cross_layer_handoff_executed
line-duel_greedy-improvement_seed0,0,greedy-improvement,line-duel,4,4,GA,1.7231401431947888,1.0145999258384109,0.015000000000000013,0.015000000000000013,0.5,0.0,0.46888634094355536,0.03804912646298885,20.103048665414853,18.379908522220063,strict_delta_max,1,cross_layer_handoff_executed
line-duel_greedy-improvement_seed0,0,greedy-improvement,line-duel,4,5,GA,1.994959764033267,1.1759999906644225,0.015000000000000013,0.015000000000000013,0.5,0.0,0.46888634094355536,0.03969711738913368,18.379908522220063,16.384948758186795,strict_delta_max,1,cross_layer_handoff_executed
line-duel_greedy-improvement_seed0,0,greedy-improvement,line-duel,4,6,GA,3.082664504163634,1.0786999482661486,0.015000000000000013,0.015000000000000013,0.5,0.0,0.46888634094355536,0.023142607752203188,16.384948758186795,13.30228425402316,strict_delta_max,1,cross_layer_handoff_executed
line-duel_greedy-improvement_seed0,0,greedy-improvement,line-duel,4,7,GA,1.985659906496301,1.1623000027611852,0.015000000000000013,0.015000000000000013,0.5,0.0,0.46888634094355536,0.03399602970707201,13.30228425402316,11.31662434752686,strict_delta_max,1,cross_layer_handoff_executed
line-duel_greedy-improvement_seed0,0,greedy-improvement,line-duel,4,8,GA,2.412005339917835,1.1508000316098332,0.015000000000000013,0.015000000000000013,0.5,0.0,0.46888634094355536,0.024872152779770916,11.31662434752686,8.904619007609025,strict_delta_max,1,cross_layer_handoff_executed
line-duel_greedy-improvement_seed0,0,greedy-improvement,line-duel,4,9,GA,2.920084480194498,1.2085000053048134,0.015000000000000013,0.015000000000000013,0.5,0.0,0.46888634094355536,0.02001107804174961,8.904619007609025,5.984534527414526,strict_delta_max,1,cross_layer_handoff_executed
line-duel_greedy-improvement_seed0,0,greedy-improvement,line-duel,4,10,GA,3.46581859022326,1.1787000112235546,0.015000000000000013,0.015000000000000013,0.5,0.0,0.46888634094355536,0.021062519759437435,5.984534527414526,2.518715937191266,strict_delta_max,1,cross_layer_handoff_executed
line-duel_greedy-improvement_seed0,0,greedy-improvement,line-duel,5,0,GA,3.0218905944389354,0.9451000951230526,0.015000000000000013,0.015000000000000013,0.5,0.0,0.46888634094355536,0.022157148532034196,28.0,24.978109405561064,strict_delta_max,1,cross_layer_handoff_executed
line-duel_greedy-improvement_seed0,0,greedy-improvement,line-duel,5,1,GA,2.144820086644688,1.0840999893844128,0.015000000000000013,0.015000000000000013,0.5,0.0,0.46888634094355536,0.028063654055268,24.978109405561064,22.833289318916375,strict_delta_max,1,cross_layer_handoff_executed
line-duel_greedy-improvement_seed0,0,greedy-improvement,line-duel,5,2,GA,3.352743270521195,1.0976999765262008,0.015000000000000013,0.015000000000000013,0.5,0.0,0.46888634094355536,0.020394052402764505,22.833289318916375,19.48054604839518,strict_delta_max,1,cross_layer_handoff_executed
line-duel_greedy-improvement_seed0,0,greedy-improvement,line-duel,5,3,GA,1.5062972872432812,1.8711000448092818,0.0,0.0,0.5,0.0,0.46888634094355536,0.04044401828101992,19.48054604839518,17.974248761151898,strict_delta_max,1,cross_layer_handoff_executed
line-duel_greedy-improvement_seed0,0,greedy-improvement,line-duel,5,4,GA,1.1184725545434517,1.1434000916779041,0.015000000000000013,0.015000000000000013,0.5,0.0,0.46888634094355536,0.05535669330024581,17.974248761151898,16.855776206608446,strict_delta_max,1,cross_layer_handoff_executed
line-duel_greedy-improvement_seed0,0,greedy-improvement,line-duel,5,5,GA,1.3267054549596202,1.4306999510154128,-0.04500000000000004,-0.04500000000000004,0.5,0.0,0.46888634094355536,0.05264606300657936,16.855776206608446,15.529070751648826,strict_delta_max,1,cross_layer_handoff_executed
line-duel_greedy-improvement_seed0,0,greedy-improvement,line-duel,5,6,GA,3.1157266348810646,1.2798999669030309,0.015000000000000013,0.015000000000000013,0.5,0.0,0.46888634094355536,0.014665222685395626,15.529070751648826,12.41334411676776,strict_delta_max,1,cross_layer_handoff_executed
line-duel_greedy-improvement_seed0,0,greedy-improvement,line-duel,5,7,GA,2.8673476418056483,1.321400050073862,0.0,0.0,0.5,0.0,0.46888634094355536,0.02187649886565214,12.41334411676776,9.545996474962113,strict_delta_max,1,cross_layer_handoff_executed
line-duel_greedy-improvement_seed0,0,greedy-improvement,line-duel,5,8,GA,2.564044214598356,1.3558999635279179,0.015000000000000013,0.015000000000000013,0.5,0.0,0.46888634094355536,0.021170337604921888,9.545996474962113,6.981952260363757,strict_delta_max,1,cross_layer_handoff_executed
line-duel_greedy-improvement_seed0,0,greedy-improvement,line-duel,5,9,GA,3.191832606418024,1.326699974015355,0.015000000000000013,0.015000000000000013,0.5,0.0,0.46888634094355536,0.020583981154581252,6.981952260363757,3.790119653945733,strict_delta_max,1,cross_layer_handoff_executed
line-duel_greedy-improvement_seed1,1,greedy-improvement,line-duel,0,0,GA,2.9420915853436957,1.66379997972399,-1.04,-1.04,0.0,0.0,0.9222503083015591,0.04079385976487518,28.0,25.057908414656303,strict_delta_max,1,cross_layer_handoff_executed
line-duel_greedy-improvement_seed1,1,greedy-improvement,line-duel,0,1,GA,3.3607143190151323,1.545800012536347,-1.04,-1.04,0.0,0.0,0.8797117752526203,0.024814093669612465,25.057908414656303,21.697194095641173,strict_delta_max,1,cross_layer_handoff_executed
line-duel_greedy-improvement_seed1,1,greedy-improvement,line-duel,0,2,GA,1.8588173421450245,1.5080999583005905,-1.04,-1.04,0.0,0.0,0.8535850363623821,0.0467106620636739,21.697194095641173,19.83837675349615,strict_delta_max,1,cross_layer_handoff_executed
line-duel_greedy-improvement_seed1,1,greedy-improvement,line-duel,0,3,GA,3.8270937485719205,1.6427000518888235,-1.07,-1.07,0.0,0.0,0.8604573902389677,0.030864695128723835,19.83837675349615,16.01128300492423,strict_delta_max,1,cross_layer_handoff_executed
line-duel_greedy-improvement_seed1,1,greedy-improvement,line-duel,0,4,GA,2.2352911094680827,1.469199894927442,-1.04,-1.04,0.0,0.0,0.8212819453590211,0.04351751902763511,16.01128300492423,13.775991895456148,strict_delta_max,1,cross_layer_handoff_executed
line-duel_greedy-improvement_seed1,1,greedy-improvement,line-duel,0,5,GA,1.6440610059960552,1.5809000469744205,-1.0550000000000002,-1.0550000000000002,0.0,0.0,0.7797741007340931,0.0550106157436788,13.775991895456148,12.131930889460092,strict_delta_max,1,cross_layer_handoff_executed
line-duel_greedy-improvement_seed1,1,greedy-improvement,line-duel,0,6,GA,3.6013386276995325,1.6052999999374151,-1.04,-1.04,0.0,0.0,0.7947423919546869,0.023202563388732753,12.131930889460092,8.53059226176056,strict_delta_max,1,cross_layer_handoff_executed
line-duel_greedy-improvement_seed1,1,greedy-improvement,line-duel,0,7,GA,3.359252499970606,1.8174001015722752,-1.0550000000000002,-1.0550000000000002,0.0,0.0,0.7947423919546869,0.03234314119114962,8.53059226176056,5.171339761789954,strict_delta_max,1,cross_layer_handoff_executed
line-duel_greedy-improvement_seed1,1,greedy-improvement,line-duel,0,8,GA,3.880593776600343,1.5377999516204,-1.04,-1.04,0.0,0.0,0.7947423919546869,0.030370586676992665,5.171339761789954,1.2907459851896115,strict_delta_max,1,cross_layer_handoff_executed
line-duel_greedy-improvement_seed1,1,greedy-improvement,line-duel,1,0,GA,3.9163815312324846,1.5357999363914132,-1.1,-1.1,0.0,0.0,0.7947423919546869,0.021196025898293627,28.0,24.083618468767515,strict_delta_max,1,cross_layer_handoff_executed
line-duel_greedy-improvement_seed1,1,greedy-improvement,line-duel,1,1,GA,2.309200993567363,1.409200020134449,-1.04,-1.04,0.0,0.0,0.7947423919546869,0.03171269090573321,24.083618468767515,21.774417475200153,strict_delta_max,1,cross_layer_handoff_executed
line-duel_greedy-improvement_seed1,1,greedy-improvement,line-duel,1,2,GA,2.8759720728384104,1.596400048583746,-1.04,-1.04,0.0,0.0,0.7947423919546869,0.027701700819170182,21.774417475200153,18.89844540236174,strict_delta_max,1,cross_layer_handoff_executed
line-duel_greedy-improvement_seed1,1,greedy-improvement,line-duel,1,3,GA,2.0155533696076047,1.5782000264152884,-1.07,-1.07,0.0,0.0,0.7947423919546869,0.04207179710368125,18.89844540236174,16.882892032754135,strict_delta_max,1,cross_layer_handoff_executed
line-duel_greedy-improvement_seed1,1,greedy-improvement,line-duel,1,4,GA,3.950715051081146,1.4387000119313598,-1.04,-1.04,0.0,0.0,0.7947423919546869,0.0262265439624122,16.882892032754135,12.932176981672988,strict_delta_max,1,cross_layer_handoff_executed
line-duel_greedy-improvement_seed1,1,greedy-improvement,line-duel,1,5,GA,3.357074073939343,1.498800003901124,-1.04,-1.04,0.0,0.0,0.7947423919546869,0.025669234105829154,12.932176981672988,9.575102907733646,strict_delta_max,1,cross_layer_handoff_executed
line-duel_greedy-improvement_seed1,1,greedy-improvement,line-duel,1,6,GA,2.5825734701822594,1.4455000637099147,-1.04,-1.04,0.0,0.0,0.7947423919546869,0.04135276805130617,9.575102907733646,6.9925294375513865,strict_delta_max,1,cross_layer_handoff_executed
line-duel_greedy-improvement_seed1,1,greedy-improvement,line-duel,1,7,GA,3.709297983720855,1.3488000258803368,-1.04,-1.04,0.0,0.0,0.7947423919546869,0.01809071996715426,6.9925294375513865,3.2832314538305316,strict_delta_max,1,cross_layer_handoff_executed
line-duel_greedy-improvement_seed1,1,greedy-improvement,line-duel,2,0,GA,3.197161736800089,1.418400090187788,-1.04,-1.04,0.0,0.0,0.7947423919546869,0.03547040198996498,28.0,24.80283826319991,strict_delta_max,1,cross_layer_handoff_executed
line-duel_greedy-improvement_seed1,1,greedy-improvement,line-duel,2,1,GA,3.613821226837455,1.807199907489121,-1.085,-1.085,0.0,0.0,0.7947423919546869,0.02299902816169593,24.80283826319991,21.189017036362454,strict_delta_max,1,cross_layer_handoff_executed
line-duel_greedy-improvement_seed1,1,greedy-improvement,line-duel,2,2,GA,2.215234227705039,1.5923999017104506,-1.04,-1.04,0.0,0.0,0.7947423919546869,0.03155469200562989,21.189017036362454,18.973782808657415,strict_delta_max,1,cross_layer_handoff_executed
line-duel_greedy-improvement_seed1,1,greedy-improvement,line-duel,2,3,GA,3.6837615572861377,1.934699947014451,-1.085,-1.085,0.0,0.0,0.7947423919546869,0.026035118983522135,18.973782808657415,15.290021251371277,strict_delta_max,1,cross_layer_handoff_executed
line-duel_greedy-improvement_seed1,1,greedy-improvement,line-duel,2,4,GA,1.2147407382861002,1.42959994263947,-1.04,-1.04,0.0,0.0,0.7947423919546869,0.06356882460850613,15.290021251371277,14.075280513085177,strict_delta_max,1,cross_layer_handoff_executed
line-duel_greedy-improvement_seed1,1,greedy-improvement,line-duel,2,5,GA,2.6604781389742813,1.500600017607212,-1.04,-1.04,0.0,0.0,0.7947423919546869,0.046345279738291126,14.075280513085177,11.414802374110895,strict_delta_max,1,cross_layer_handoff_executed
line-duel_greedy-improvement_seed1,1,greedy-improvement,line-duel,2,6,GA,3.6150834715109212,1.5799000393599272,-1.04,-1.04,0.0,0.0,0.7947423919546869,0.020391319413831283,11.414802374110895,7.799718902599974,strict_delta_max,1,cross_layer_handoff_executed
line-duel_greedy-improvement_seed1,1,greedy-improvement,line-duel,2,7,GA,1.564786151400059,1.4480999670922756,-1.04,-1.04,0.0,0.0,0.7947423919546869,0.04029975432634618,7.799718902599974,6.234932751199915,strict_delta_max,1,cross_layer_handoff_executed
line-duel_greedy-improvement_seed1,1,greedy-improvement,line-duel,2,8,GA,2.866365385803378,1.3382999459281564,-1.04,-1.04,0.0,0.0,0.7947423919546869,0.020408516729743278,6.234932751199915,3.368567365396537,strict_delta_max,1,cross_layer_handoff_executed
line-duel_greedy-improvement_seed1,1,greedy-improvement,line-duel,3,0,GA,3.6942125629593603,1.332300016656518,-1.04,-1.04,0.0,0.0,0.7947423919546869,0.022273783336206124,28.0,24.30578743704064,strict_delta_max,1,cross_layer_handoff_executed
line-duel_greedy-improvement_seed1,1,greedy-improvement,line-duel,3,1,GA,1.0734018156637932,1.4548000181093812,-1.025,-1.025,0.0,0.013974263673780078,0.7863103456639433,0.06427115370765903,24.30578743704064,23.232385621376846,strict_delta_max,1,cross_layer_handoff_executed
line-duel_greedy-improvement_seed1,1,greedy-improvement,line-duel,3,2,GA,2.4386258163807715,1.5440999995917082,-1.04,-1.04,0.0,0.0,0.7863103456639433,0.034283919980031365,23.232385621376846,20.793759804996075,strict_delta_max,1,cross_layer_handoff_executed
line-duel_greedy-improvement_seed1,1,greedy-improvement,line-duel,3,3,GA,3.879420775025518,1.4359999913722277,-1.04,-1.04,0.0,0.0,0.7863103456639433,0.017582857032176775,20.793759804996075,16.914339029970556,strict_delta_max,1,cross_layer_handoff_executed
line-duel_greedy-improvement_seed1,1,greedy-improvement,line-duel,3,4,GA,2.8884930439931678,1.3466000091284513,-1.04,-1.04,0.0,0.0,0.7863103456639433,0.021221160608354737,16.914339029970556,14.025845985977387,strict_delta_max,1,cross_layer_handoff_executed
line-duel_greedy-improvement_seed1,1,greedy-improvement,line-duel,3,5,GA,2.2689602486189586,1.3031999114900827,-1.0150000000000001,-1.0150000000000001,0.0,0.004407305066753134,0.794443307638502,0.029080016066352292,14.025845985977387,11.756885737358429,strict_delta_max,1,cross_layer_handoff_executed
line-duel_greedy-improvement_seed1,1,greedy-improvement,line-duel,3,6,GA,1.9357498624644423,1.3433999847620726,-1.04,-1.04,0.0,0.0,0.794443307638502,0.03354114996212704,11.756885737358429,9.821135874893987,strict_delta_max,1,cross_layer_handoff_executed
line-duel_greedy-improvement_seed1,1,greedy-improvement,line-duel,3,7,GA,1.3717950392780822,1.3642000267282128,-1.04,-1.04,0.0,0.0,0.794443307638502,0.060787041274949855,9.821135874893987,8.449340835615905,strict_delta_max,1,cross_layer_handoff_executed
line-duel_greedy-improvement_seed1,1,greedy-improvement,line-duel,3,8,GA,2.114521538147774,1.3518000487238169,-1.04,-1.04,0.0,0.0,0.794443307638502,0.04477351723738687,8.449340835615905,6.3348192974681306,strict_delta_max,1,cross_layer_handoff_executed
line-duel_greedy-improvement_seed1,1,greedy-improvement,line-duel,3,9,GA,3.433424312258796,1.5068999491631985,-1.04,-1.04,0.0,0.0,0.794443307638502,0.014384710226831906,6.3348192974681306,2.9013949852093344,strict_delta_max,1,cross_layer_handoff_executed
line-duel_greedy-improvement_seed1,1,greedy-improvement,line-duel,4,0,GA,1.2170356501205126,1.3084999518468976,-1.04,-1.04,0.0,0.0,0.794443307638502,0.042191058314034385,28.0,26.78296434987949,strict_delta_max,1,cross_layer_handoff_executed
line-duel_greedy-improvement_seed1,1,greedy-improvement,line-duel,4,1,GA,2.882422081323646,1.7642000457271934,-1.1,-1.1,0.0,0.0,0.794443307638502,0.018361177933747738,26.78296434987949,23.900542268555842,strict_delta_max,1,cross_layer_handoff_executed
line-duel_greedy-improvement_seed1,1,greedy-improvement,line-duel,4,2,GA,1.487846059359614,1.3617000076919794,-1.04,-1.04,0.0,0.0,0.794443307638502,0.053809313234376106,23.900542268555842,22.412696209196227,strict_delta_max,1,cross_layer_handoff_executed
line-duel_greedy-improvement_seed1,1,greedy-improvement,line-duel,4,3,GA,1.978107096130266,1.3306000037118793,-1.04,-1.04,0.0,0.0,0.794443307638502,0.03486461192026573,22.412696209196227,20.43458911306596,strict_delta_max,1,cross_layer_handoff_executed
line-duel_greedy-improvement_seed1,1,greedy-improvement,line-duel,4,4,GA,1.5974069264642425,1.5460000140592456,-1.0750000000000002,-1.0750000000000002,0.0,0.0,0.794443307638502,0.06246367784428253,20.43458911306596,18.83718218660172,strict_delta_max,1,cross_layer_handoff_executed
line-duel_greedy-improvement_seed1,1,greedy-improvement,line-duel,4,5,GA,3.0042837805976434,1.6015000874176621,-1.045,-1.045,0.0,0.0,0.794443307638502,0.021728167758777145,18.83718218660172,15.832898406004077,strict_delta_max,1,cross_layer_handoff_executed
line-duel_greedy-improvement_seed1,1,greedy-improvement,line-duel,4,6,GA,2.64513166485827,1.4630999648943543,-1.04,-1.04,0.0,0.0,0.794443307638502,0.03545351852932067,15.832898406004077,13.187766741145808,strict_delta_max,1,cross_layer_handoff_executed
line-duel_greedy-improvement_seed1,1,greedy-improvement,line-duel,4,7,GA,1.9107671910970105,1.4669999945908785,-1.03,-1.03,0.0,0.0,0.8039066354672313,0.05251543835787136,13.187766741145808,11.276999550048798,strict_delta_max,1,cross_layer_handoff_executed
line-duel_greedy-improvement_seed1,1,greedy-improvement,line-duel,4,8,GA,2.236520075858849,1.406800001859665,-1.04,-1.04,0.0,0.0,0.8039066354672313,0.030479871943043982,11.276999550048798,9.040479474189949,strict_delta_max,1,cross_layer_handoff_executed
line-duel_greedy-improvement_seed1,1,greedy-improvement,line-duel,4,9,GA,1.97149767907674,1.3907999964430928,-1.04,-1.04,0.0,0.0,0.8039066354672313,0.026524765067563013,9.040479474189949,7.068981795113209,strict_delta_max,1,cross_layer_handoff_executed
line-duel_greedy-improvement_seed1,1,greedy-improvement,line-duel,4,10,GA,1.55403271745101,1.4021999668329954,-1.04,-1.04,0.0,0.0,0.8039066354672313,0.042542313214130635,7.068981795113209,5.514949077662199,strict_delta_max,1,cross_layer_handoff_executed
line-duel_greedy-improvement_seed1,1,greedy-improvement,line-duel,4,11,GA,1.152778797430605,1.348199904896319,-1.04,-1.04,0.0,0.0,0.8039066354672313,0.05226601882721801,5.514949077662199,4.362170280231594,strict_delta_max,1,cross_layer_handoff_executed
line-duel_greedy-improvement_seed1,1,greedy-improvement,line-duel,4,12,GA,2.0541326229632113,1.455900026485324,-1.04,-1.04,0.0,0.0,0.8039066354672313,0.027877681620482583,4.362170280231594,2.308037657268383,strict_delta_max,1,cross_layer_handoff_executed
line-duel_greedy-improvement_seed1,1,greedy-improvement,line-duel,5,0,GA,1.6510811358414044,1.7967000603675842,-1.04,-1.04,0.0,0.0,0.8039066354672313,0.04566116780380306,28.0,26.348918864158595,strict_delta_max,1,cross_layer_handoff_executed
line-duel_greedy-improvement_seed1,1,greedy-improvement,line-duel,5,1,GA,1.0750272816539868,1.4927999582141638,-1.04,-1.04,0.0,0.0,0.8039066354672313,0.050398072690542035,26.348918864158595,25.273891582504607,strict_delta_max,1,cross_layer_handoff_executed
line-duel_greedy-improvement_seed1,1,greedy-improvement,line-duel,5,2,GA,1.3567235658237171,1.3882000930607319,-1.04,-1.04,0.0,0.0,0.8039066354672313,0.08863820013169593,25.273891582504607,23.91716801668089,strict_delta_max,1,cross_layer_handoff_executed
line-duel_greedy-improvement_seed1,1,greedy-improvement,line-duel,5,3,GA,3.93175329772338,1.6842000186443329,-1.085,-1.085,0.0,0.0,0.8039066354672313,0.018850844937142577,23.91716801668089,19.98541471895751,strict_delta_max,1,cross_layer_handoff_executed
line-duel_greedy-improvement_seed1,1,greedy-improvement,line-duel,5,4,GA,3.45822206992559,1.4797999756410718,-1.04,-1.04,0.0,0.0,0.8039066354672313,0.023012400423241132,19.98541471895751,16.52719264903192,strict_delta_max,1,cross_layer_handoff_executed
line-duel_greedy-improvement_seed1,1,greedy-improvement,line-duel,5,5,GA,3.9686119408251783,1.5055000549182296,-1.04,-1.04,0.0,0.0,0.8039066354672313,0.02579181722309721,16.52719264903192,12.558580708206742,strict_delta_max,1,cross_layer_handoff_executed
line-duel_greedy-improvement_seed1,1,greedy-improvement,line-duel,5,6,GA,2.410179956330361,1.3994999462738633,-1.04,-1.04,0.0,0.0,0.8039066354672313,0.042711648817941095,12.558580708206742,10.14840075187638,strict_delta_max,1,cross_layer_handoff_executed
line-duel_greedy-improvement_seed1,1,greedy-improvement,line-duel,5,7,GA,1.752159957820529,1.5956999268382788,-1.1,-1.1,0.0,0.0,0.8039066354672313,0.04701226284662163,10.14840075187638,8.396240794055851,strict_delta_max,1,cross_layer_handoff_executed
line-duel_greedy-improvement_seed1,1,greedy-improvement,line-duel,5,8,GA,3.5066778296627685,1.4518999960273504,-1.04,-1.04,0.0,0.0,0.8039066354672313,0.022969641536996436,8.396240794055851,4.8895629643930825,strict_delta_max,1,cross_layer_handoff_executed
line-duel_greedy-improvement_seed1,1,greedy-improvement,line-duel,5,9,GA,3.9991205201942557,1.5113999834284186,-1.04,-1.04,0.0,0.0,0.8039066354672313,0.015294991729222515,4.8895629643930825,0.8904424441988268,strict_delta_max,1,cross_layer_handoff_executed
line-duel_greedy-improvement_seed2,2,greedy-improvement,line-duel,0,0,GA,2.282163808635265,1.5329000307247043,-0.0050000000000000044,-0.0050000000000000044,0.5,0.43818064076566016,0.8841395898889056,0.059171347775251876,28.0,25.717836191364736,strict_delta_max,1,cross_layer_handoff_executed
line-duel_greedy-improvement_seed2,2,greedy-improvement,line-duel,0,1,GA,2.3457061389960696,1.518299919553101,-0.039999999999999925,-0.039999999999999925,0.5,0.0,0.8550986097773818,0.04185667719227862,25.717836191364736,23.372130052368668,strict_delta_max,1,cross_layer_handoff_executed
line-duel_greedy-improvement_seed2,2,greedy-improvement,line-duel,0,2,GA,1.0097943010049981,1.256900024600327,-1.005,-1.005,0.0,0.0,0.843153020769063,0.108499091426562,23.372130052368668,22.36233575136367,strict_delta_max,1,cross_layer_handoff_executed
line-duel_greedy-improvement_seed2,2,greedy-improvement,line-duel,0,3,GA,2.3741746921163296,1.2136000441387296,-1.005,-1.005,0.0,0.0,0.8272933751285919,0.046259753751451846,22.36233575136367,19.98816105924734,strict_delta_max,1,cross_layer_handoff_executed
line-duel_greedy-improvement_seed2,2,greedy-improvement,line-duel,0,4,GA,3.6699719444740504,1.5986999496817589,-0.039999999999999925,-0.039999999999999925,0.5,0.0,0.7632706403381906,0.027238797707611808,19.98816105924734,16.31818911477329,strict_delta_max,1,cross_layer_handoff_executed
line-duel_greedy-improvement_seed2,2,greedy-improvement,line-duel,0,5,GA,3.131754768012165,1.420399989001453,-1.0699999999999998,-1.0699999999999998,0.0,0.0,0.7632706403381906,0.026819493238345687,16.31818911477329,13.186434346761125,strict_delta_max,1,cross_layer_handoff_executed
line-duel_greedy-improvement_seed2,2,greedy-improvement,line-duel,0,6,GA,2.6212060637442876,1.3210000470280647,-0.0050000000000000044,-0.0050000000000000044,0.5,0.0,0.7131486876000706,0.04358920381757448,13.186434346761125,10.565228283016838,strict_delta_max,1,cross_layer_handoff_executed
line-duel_greedy-improvement_seed2,2,greedy-improvement,line-duel,0,7,GA,1.629106602101527,1.4839000068604946,-0.025000000000000022,-0.025000000000000022,0.5,0.0,0.7154568587181707,0.09098800687969989,10.565228283016838,8.93612168091531,strict_delta_max,1,cross_layer_handoff_executed
line-duel_greedy-improvement_seed2,2,greedy-improvement,line-duel,0,8,GA,3.5917721889106433,1.3021000195294619,-0.0050000000000000044,-0.0050000000000000044,0.5,0.0,0.6997638420786222,0.03138481747048119,8.93612168091531,5.344349492004667,strict_delta_max,1,cross_layer_handoff_executed
line-duel_greedy-improvement_seed2,2,greedy-improvement,line-duel,0,9,GA,1.8155566597074992,1.5674999449402094,-1.025,-1.025,0.0,0.0,0.6997638420786222,0.06240222532756143,5.344349492004667,3.5287928322971673,strict_delta_max,1,cross_layer_handoff_executed
line-duel_greedy-improvement_seed2,2,greedy-improvement,line-duel,1,0,GA,2.8738047095599057,1.2268000282347202,-0.0050000000000000044,-0.0050000000000000044,0.5,0.0,0.6130026042811695,0.036537458772236193,28.0,25.126195290440094,strict_delta_max,1,cross_layer_handoff_executed
line-duel_greedy-improvement_seed2,2,greedy-improvement,line-duel,1,1,GA,3.890952203227826,1.3259000843390822,-0.0050000000000000044,-0.0050000000000000044,0.5,0.0,0.597615862582006,0.030123962955007796,25.126195290440094,21.235243087212268,strict_delta_max,1,cross_layer_handoff_executed
line-duel_greedy-improvement_seed2,2,greedy-improvement,line-duel,1,2,GA,1.9090093023260253,1.4217999996617436,-0.0050000000000000044,-0.0050000000000000044,0.5,0.0,0.5219966874276593,0.06273874691011609,21.235243087212268,19.32623378488624,strict_delta_max,1,cross_layer_handoff_executed
line-duel_greedy-improvement_seed2,2,greedy-improvement,line-duel,1,3,GA,2.0919206249131546,1.53929996304214,-0.025000000000000022,-0.025000000000000022,0.5,0.0,0.45184107539693913,0.05173727592039331,19.32623378488624,17.234313159973087,strict_delta_max,1,cross_layer_handoff_executed
line-duel_greedy-improvement_seed2,2,greedy-improvement,line-duel,1,4,GA,2.4785371143929305,1.6603999538347125,-0.039999999999999925,-0.039999999999999925,0.5,0.0,0.45184107539693913,0.03746041168498666,17.234313159973087,14.755776045580157,strict_delta_max,1,cross_layer_handoff_executed
line-duel_greedy-improvement_seed2,2,greedy-improvement,line-duel,1,5,GA,2.857246273792712,1.4624999603256583,-0.025000000000000022,-0.025000000000000022,0.5,0.0,0.43072124848159543,0.031110328116791985,14.755776045580157,11.898529771787445,strict_delta_max,1,cross_layer_handoff_executed
line-duel_greedy-improvement_seed2,2,greedy-improvement,line-duel,1,6,GA,1.8157146720504387,1.5360000543296337,-0.025000000000000022,-0.025000000000000022,0.5,0.0,0.411808597065815,0.04208616613650808,11.898529771787445,10.082815099737006,strict_delta_max,1,cross_layer_handoff_executed
line-duel_greedy-improvement_seed2,2,greedy-improvement,line-duel,1,7,GA,3.287860306283523,1.325799967162311,-0.0050000000000000044,-0.0050000000000000044,0.5,0.0,0.4154190737092517,0.027142128137705855,10.082815099737006,6.794954793453483,strict_delta_max,1,cross_layer_handoff_executed
line-duel_greedy-improvement_seed2,2,greedy-improvement,line-duel,1,8,GA,2.160982271170146,1.4801999786868691,-0.0050000000000000044,-0.0050000000000000044,0.5,0.0,0.4339470072584767,0.05660541430590291,6.794954793453483,4.633972522283337,strict_delta_max,1,cross_layer_handoff_executed
line-duel_greedy-improvement_seed2,2,greedy-improvement,line-duel,1,9,GA,3.5482159429541262,1.4055999927222729,-0.0050000000000000044,-0.0050000000000000044,0.5,0.0,0.4169513110045364,0.031006341518334552,4.633972522283337,1.0857565793292103,strict_delta_max,1,cross_layer_handoff_executed
line-duel_greedy-improvement_seed2,2,greedy-improvement,line-duel,2,0,GA,1.0343585544606988,1.3241999549791217,-1.025,-1.025,0.0,0.0,0.4169513110045364,0.10701697397558094,28.0,26.9656414455393,strict_delta_max,1,cross_layer_handoff_executed
line-duel_greedy-improvement_seed2,2,greedy-improvement,line-duel,2,1,GA,1.22695902144976,1.5953000402078032,-0.025000000000000022,-0.025000000000000022,0.5,0.0,0.4169513110045364,0.08717143953561432,26.9656414455393,25.73868242408954,strict_delta_max,1,cross_layer_handoff_executed
line-duel_greedy-improvement_seed2,2,greedy-improvement,line-duel,2,2,GA,2.784390448438287,1.4855999033898115,-0.0050000000000000044,-0.0050000000000000044,0.5,0.0,0.43078802384298653,0.03386452282887225,25.73868242408954,22.954291975651252,strict_delta_max,1,cross_layer_handoff_executed
line-duel_greedy-improvement_seed2,2,greedy-improvement,line-duel,2,3,GA,1.0415783996307042,1.3659000396728516,-0.0050000000000000044,-0.0050000000000000044,0.5,0.0,0.43078802384298653,0.09895684773390077,22.954291975651252,21.912713576020547,strict_delta_max,1,cross_layer_handoff_executed
line-duel_greedy-improvement_seed2,2,greedy-improvement,line-duel,2,4,GA,1.4400444620905253,1.410100026987493,-0.025000000000000022,-0.025000000000000022,0.5,0.0,0.43078802384298653,0.07812146595934616,21.912713576020547,20.47266911393002,strict_delta_max,1,cross_layer_handoff_executed
line-duel_greedy-improvement_seed2,2,greedy-improvement,line-duel,2,5,GA,2.8917912114656987,1.2895999243482947,-1.03,-1.03,0.0,0.0,0.43078802384298653,0.027717678860880512,20.47266911393002,17.580877902464323,strict_delta_max,1,cross_layer_handoff_executed
line-duel_greedy-improvement_seed2,2,greedy-improvement,line-duel,2,6,GA,3.0795722679005326,1.5004000160843134,-0.025000000000000022,-0.025000000000000022,0.5,0.0,0.43078802384298653,0.017085301264498053,17.580877902464323,14.50130563456379,strict_delta_max,1,cross_layer_handoff_executed
line-duel_greedy-improvement_seed2,2,greedy-improvement,line-duel,2,7,GA,3.421472115284686,1.3213000493124127,-0.0050000000000000044,-0.0050000000000000044,0.5,0.0,0.43078802384298653,0.02561298384912828,14.50130563456379,11.079833519279104,strict_delta_max,1,cross_layer_handoff_executed
line-duel_greedy-improvement_seed2,2,greedy-improvement,line-duel,2,8,GA,1.960064947371068,1.3113999739289284,-0.0050000000000000044,-0.0050000000000000044,0.5,0.0,0.43078802384298653,0.052410241179897864,11.079833519279104,9.119768571908036,strict_delta_max,1,cross_layer_handoff_executed
line-duel_greedy-improvement_seed2,2,greedy-improvement,line-duel,2,9,GA,2.527122647139648,1.4281000476330519,-0.0050000000000000044,-0.0050000000000000044,0.5,0.0,0.43078802384298653,0.031077000005866214,9.119768571908036,6.592645924768388,strict_delta_max,1,cross_layer_handoff_executed
line-duel_greedy-improvement_seed2,2,greedy-improvement,line-duel,2,10,GA,2.3133281697665424,1.4014000771567225,-0.0050000000000000044,-0.0050000000000000044,0.5,0.0,0.43078802384298653,0.029015695456887612,6.592645924768388,4.279317755001846,strict_delta_max,1,cross_layer_handoff_executed
line-duel_greedy-improvement_seed2,2,greedy-improvement,line-duel,2,11,GA,3.058286705164339,1.3586999848484993,-1.03,-1.03,0.0,0.0,0.43078802384298653,0.02091583411560469,4.279317755001846,1.2210310498375065,strict_delta_max,1,cross_layer_handoff_executed
line-duel_greedy-improvement_seed2,2,greedy-improvement,line-duel,3,0,GA,1.7902350748319058,1.3813000405207276,-0.025000000000000022,-0.025000000000000022,0.5,0.0,0.43078802384298653,0.04211526047823772,28.0,26.209764925168095,strict_delta_max,1,cross_layer_handoff_executed
line-duel_greedy-improvement_seed2,2,greedy-improvement,line-duel,3,1,GA,1.1555369680229948,1.4636999694630504,-0.0050000000000000044,-0.0050000000000000044,0.5,0.0,0.43078802384298653,0.06238430851907733,26.209764925168095,25.054227957145102,strict_delta_max,1,cross_layer_handoff_executed
line-duel_greedy-improvement_seed2,2,greedy-improvement,line-duel,3,2,GA,2.386338058194454,1.4831000007689,-1.03,-1.03,0.0,0.0,0.43078802384298653,0.022039101151970535,25.054227957145102,22.667889898950648,strict_delta_max,1,cross_layer_handoff_executed
line-duel_greedy-improvement_seed2,2,greedy-improvement,line-duel,3,3,GA,2.721951550366123,1.4711000258103013,-0.0050000000000000044,-0.0050000000000000044,0.5,0.0,0.43078802384298653,0.03041491348098144,22.667889898950648,19.945938348584527,strict_delta_max,1,cross_layer_handoff_executed
line-duel_greedy-improvement_seed2,2,greedy-improvement,line-duel,3,4,GA,1.6757074517088808,1.4167000772431493,-1.025,-1.025,0.0,0.0,0.43078802384298653,0.04745392979278371,19.945938348584527,18.270230896875645,strict_delta_max,1,cross_layer_handoff_executed
line-duel_greedy-improvement_seed2,2,greedy-improvement,line-duel,3,5,GA,3.3022410589846434,1.3419999741017818,-0.0050000000000000044,-0.0050000000000000044,0.5,0.0,0.43078802384298653,0.02209921875679319,18.270230896875645,14.967989837891002,strict_delta_max,1,cross_layer_handoff_executed
line-duel_greedy-improvement_seed2,2,greedy-improvement,line-duel,3,6,GA,3.497661668737015,1.3822999317198992,-0.0050000000000000044,-0.0050000000000000044,0.5,0.0,0.43078802384298653,0.017817726797654827,14.967989837891002,11.470328169153987,strict_delta_max,1,cross_layer_handoff_executed
line-duel_greedy-improvement_seed2,2,greedy-improvement,line-duel,3,7,GA,2.681797641145649,1.4168999623507261,-0.025000000000000022,-0.025000000000000022,0.5,0.0,0.43078802384298653,0.03163640461168499,11.470328169153987,8.788530528008337,strict_delta_max,1,cross_layer_handoff_executed
line-duel_greedy-improvement_seed2,2,greedy-improvement,line-duel,3,8,GA,2.2356695157369737,1.5919000143185258,-0.025000000000000022,-0.025000000000000022,0.5,0.0,0.43078802384298653,0.019929841151537633,8.788530528008337,6.5528610122713635,strict_delta_max,1,cross_layer_handoff_executed
line-duel_greedy-improvement_seed2,2,greedy-improvement,line-duel,3,9,GA,2.162944082353137,1.540199969895184,-0.0050000000000000044,-0.0050000000000000044,0.5,0.0,0.43078802384298653,0.030008316958181805,6.5528610122713635,4.389916929918226,strict_delta_max,1,cross_layer_handoff_executed
line-duel_greedy-improvement_seed2,2,greedy-improvement,line-duel,3,10,GA,1.4878687279934035,1.5577999874949455,-0.039999999999999925,-0.039999999999999925,0.5,0.0,0.43078802384298653,0.03425653018882695,4.389916929918226,2.902048201924823,strict_delta_max,1,cross_layer_handoff_executed
line-duel_greedy-improvement_seed2,2,greedy-improvement,line-duel,4,0,GA,3.5821826538944377,1.1692000553011894,-1.0350000000000001,-1.0350000000000001,0.0,0.0,0.43078802384298653,0.018377027056450605,28.0,24.41781734610556,strict_delta_max,1,cross_layer_handoff_executed
line-duel_greedy-improvement_seed2,2,greedy-improvement,line-duel,4,1,GA,3.7617744658227728,1.6160000814124942,-0.025000000000000022,-0.025000000000000022,0.5,0.0,0.43078802384298653,0.020927145595758596,24.41781734610556,20.65604288028279,strict_delta_max,1,cross_layer_handoff_executed
line-duel_greedy-improvement_seed2,2,greedy-improvement,line-duel,4,2,GA,3.9642979177881172,1.381100038997829,-0.0050000000000000044,-0.0050000000000000044,0.5,0.0,0.43078802384298653,0.01726208081987895,20.65604288028279,16.691744962494674,strict_delta_max,1,cross_layer_handoff_executed
line-duel_greedy-improvement_seed2,2,greedy-improvement,line-duel,4,3,GA,2.760987553804757,1.5941000310704112,-1.025,-1.025,0.0,0.0,0.43078802384298653,0.030155907268694358,16.691744962494674,13.930757408689917,strict_delta_max,1,cross_layer_handoff_executed
line-duel_greedy-improvement_seed2,2,greedy-improvement,line-duel,4,4,GA,2.0875182890155886,1.4389000134542584,-0.0050000000000000044,-0.0050000000000000044,0.5,0.0,0.43078802384298653,0.03566816854793673,13.930757408689917,11.84323911967433,strict_delta_max,1,cross_layer_handoff_executed
line-duel_greedy-improvement_seed2,2,greedy-improvement,line-duel,4,5,GA,1.4696616104042781,1.361000002361834,-0.0050000000000000044,-0.0050000000000000044,0.5,0.0,0.43078802384298653,0.057285930289650094,11.84323911967433,10.373577509270051,strict_delta_max,1,cross_layer_handoff_executed
line-duel_greedy-improvement_seed2,2,greedy-improvement,line-duel,4,6,GA,2.210146995119303,1.3598999939858913,-0.0050000000000000044,-0.0050000000000000044,0.5,0.0,0.43078802384298653,0.024688666205802637,10.373577509270051,8.163430514150749,strict_delta_max,1,cross_layer_handoff_executed
line-duel_greedy-improvement_seed2,2,greedy-improvement,line-duel,4,7,GA,2.1598443343906104,1.3686999445781112,-0.0050000000000000044,-0.0050000000000000044,0.5,0.0,0.43078802384298653,0.030034818796372424,8.163430514150749,6.003586179760138,strict_delta_max,1,cross_layer_handoff_executed
line-duel_greedy-improvement_seed2,2,greedy-improvement,line-duel,4,8,GA,1.4184757873916736,1.412399928085506,-0.0050000000000000044,-0.0050000000000000044,0.5,0.0,0.43078802384298653,0.050843838348165075,6.003586179760138,4.585110392368464,strict_delta_max,1,cross_layer_handoff_executed
line-duel_greedy-improvement_seed2,2,greedy-improvement,line-duel,4,9,GA,2.816339697197972,1.5703999670222402,-0.025000000000000022,-0.025000000000000022,0.5,0.0,0.43078802384298653,0.021789168628090057,4.585110392368464,1.7687706951704922,strict_delta_max,1,cross_layer_handoff_executed
line-duel_greedy-improvement_seed2,2,greedy-improvement,line-duel,5,0,GA,1.0499789365677348,1.200100057758391,-0.0050000000000000044,-0.0050000000000000044,0.5,0.0,0.43078802384298653,0.05222547850855993,28.0,26.950021063432267,strict_delta_max,1,cross_layer_handoff_executed
line-duel_greedy-improvement_seed2,2,greedy-improvement,line-duel,5,1,GA,2.051947507554298,1.3402999611571431,-0.0050000000000000044,-0.0050000000000000044,0.5,0.0,0.43078802384298653,0.04478752274765235,26.950021063432267,24.898073555877968,strict_delta_max,1,cross_layer_handoff_executed
line-duel_greedy-improvement_seed2,2,greedy-improvement,line-duel,5,2,GA,1.3462409169364309,1.312499982304871,-0.0050000000000000044,-0.0050000000000000044,0.5,0.0,0.43078802384298653,0.058186810181113366,24.898073555877968,23.551832638941537,strict_delta_max,1,cross_layer_handoff_executed
line-duel_greedy-improvement_seed2,2,greedy-improvement,line-duel,5,3,GA,2.542397506762879,1.5481000300496817,-0.025000000000000022,-0.025000000000000022,0.5,0.0,0.43078802384298653,0.02674361805836603,23.551832638941537,21.00943513217866,strict_delta_max,1,cross_layer_handoff_executed
line-duel_greedy-improvement_seed2,2,greedy-improvement,line-duel,5,4,GA,2.623206562300439,1.4123000437393785,-0.0050000000000000044,-0.0050000000000000044,0.5,0.0,0.43078802384298653,0.02027934508626236,21.00943513217866,18.38622856987822,strict_delta_max,1,cross_layer_handoff_executed
line-duel_greedy-improvement_seed2,2,greedy-improvement,line-duel,5,5,GA,1.6961779008856768,1.4339000917971134,-0.0050000000000000044,-0.0050000000000000044,0.5,0.0,0.43078802384298653,0.043327828171600455,18.38622856987822,16.690050668992544,strict_delta_max,1,cross_layer_handoff_executed
line-duel_greedy-improvement_seed2,2,greedy-improvement,line-duel,5,6,GA,3.796101599548487,1.3526000548154116,-0.0050000000000000044,-0.0050000000000000044,0.5,0.0,0.43078802384298653,0.014537077386941634,16.690050668992544,12.893949069444057,strict_delta_max,1,cross_layer_handoff_executed
line-duel_greedy-improvement_seed2,2,greedy-improvement,line-duel,5,7,GA,2.8412613736962364,1.2972999829798937,-1.03,-1.03,0.0,0.0,0.43078802384298653,0.020001599092372566,12.893949069444057,10.05268769574782,strict_delta_max,1,cross_layer_handoff_executed
line-duel_greedy-improvement_seed2,2,greedy-improvement,line-duel,5,8,GA,2.392581219012623,1.3070999411866069,-0.0050000000000000044,-0.0050000000000000044,0.5,0.0,0.43078802384298653,0.028494879949025286,10.05268769574782,7.660106476735198,strict_delta_max,1,cross_layer_handoff_executed
line-duel_greedy-improvement_seed2,2,greedy-improvement,line-duel,5,9,GA,1.5406056202784864,1.619500108063221,-0.039999999999999925,-0.039999999999999925,0.5,0.0,0.43078802384298653,0.03867881400113856,7.660106476735198,6.119500856456711,strict_delta_max,1,cross_layer_handoff_executed
line-duel_greedy-improvement_seed2,2,greedy-improvement,line-duel,5,10,GA,3.265519671863714,1.5349999302998185,-0.0050000000000000044,-0.0050000000000000044,0.5,0.0,0.43078802384298653,0.019804439082593297,6.119500856456711,2.8539811845929974,strict_delta_max,1,cross_layer_handoff_executed
grid-treasure_DLGPR-full_seed0,0,DLGPR-full,grid-treasure,0,0,GA,3.2127778257737645,1.9145000260323286,0.025000000000000022,0.025000000000000022,0.5,0.0,0.8931030542994856,0.05487385891284679,28.0,24.787222174226237,strict_delta_max,1,cross_layer_handoff_executed
grid-treasure_DLGPR-full_seed0,0,DLGPR-full,grid-treasure,0,1,PSO,1.240539447270699,1.4279000461101532,0.010000000000000009,0.010000000000000009,0.5,0.0,0.0,0.1382138938747343,24.787222174226237,23.546682726955538,strict_delta_max,1,cross_layer_handoff_executed
grid-treasure_DLGPR-full_seed0,0,DLGPR-full,grid-treasure,0,2,RL,3.0155307486080147,2.8966000536456704,-1.135,-1.135,0.0,0.0,0.0,0.0,23.546682726955538,20.531151978347523,strict_delta_max,2,cross_layer_handoff_executed
grid-treasure_DLGPR-full_seed0,0,DLGPR-full,grid-treasure,0,3,GA,2.659460384195745,1.4759000623598695,0.025000000000000022,0.025000000000000022,0.5,0.0,0.8754084243546231,0.0546770053002769,20.531151978347523,17.871691594151777,strict_delta_max,1,cross_layer_handoff_executed
grid-treasure_DLGPR-full_seed0,0,DLGPR-full,grid-treasure,0,4,GA,2.724682374746422,1.6252000350505114,0.025000000000000022,0.025000000000000022,0.5,0.0,0.866566219619511,0.05479972206317567,17.871691594151777,15.147009219405355,strict_delta_max,1,cross_layer_handoff_executed
grid-treasure_DLGPR-full_seed0,0,DLGPR-full,grid-treasure,0,5,GA,2.2287436819278796,1.6659999964758754,0.025000000000000022,0.025000000000000022,0.5,0.0,0.8157392074345331,0.061604890988247216,15.147009219405355,12.918265537477476,strict_delta_max,1,cross_layer_handoff_executed
grid-treasure_DLGPR-full_seed0,0,DLGPR-full,grid-treasure,0,6,GA,2.9812950247505547,1.5758000081405044,0.025000000000000022,0.025000000000000022,0.5,0.0,0.7563806949435334,0.04425692675023617,12.918265537477476,9.936970512726921,strict_delta_max,1,cross_layer_handoff_executed
grid-treasure_DLGPR-full_seed0,0,DLGPR-full,grid-treasure,0,7,GA,3.400313148130356,1.5373999485746026,0.025000000000000022,0.025000000000000022,0.5,0.0,0.7563806949435334,0.03481501856770301,9.936970512726921,6.536657364596564,strict_delta_max,1,cross_layer_handoff_executed
grid-treasure_DLGPR-full_seed0,0,DLGPR-full,grid-treasure,0,8,GA,3.4349216369536,1.6768999630585313,0.025000000000000022,0.025000000000000022,0.5,0.0,0.7563806949435334,0.040294539341708915,6.536657364596564,3.1017357276429642,strict_delta_max,1,cross_layer_handoff_executed
grid-treasure_DLGPR-full_seed0,0,DLGPR-full,grid-treasure,1,0,GA,1.8135256795824188,1.604099990800023,0.025000000000000022,0.025000000000000022,0.5,0.0,0.7563806949435334,0.07582161472085905,28.0,26.18647432041758,strict_delta_max,1,cross_layer_handoff_executed
grid-treasure_DLGPR-full_seed0,0,DLGPR-full,grid-treasure,1,1,PSO,3.010853026105865,1.5245000831782818,0.025000000000000022,0.025000000000000022,0.5,0.0,0.0,0.04445484812906089,26.18647432041758,23.175621294311718,strict_delta_max,1,cross_layer_handoff_executed
grid-treasure_DLGPR-full_seed0,0,DLGPR-full,grid-treasure,1,2,RL,1.1301521421697778,2.608700073324144,0.025000000000000022,0.025000000000000022,0.5,0.0,0.0,0.026545098558502983,23.175621294311718,22.04546915214194,strict_delta_max,2,cross_layer_handoff_executed
grid-treasure_DLGPR-full_seed0,0,DLGPR-full,grid-treasure,1,3,GA,2.1671178110419094,1.4478000812232494,0.025000000000000022,0.025000000000000022,0.5,0.0,0.7563806949435334,0.05288890193034747,22.04546915214194,19.878351341100032,strict_delta_max,1,cross_layer_handoff_executed
grid-treasure_DLGPR-full_seed0,0,DLGPR-full,grid-treasure,1,4,GA,3.0418013998603324,1.6029999824240804,0.025000000000000022,0.025000000000000022,0.5,0.0,0.7563806949435334,0.04461603118973732,19.878351341100032,16.8365499412397,strict_delta_max,1,cross_layer_handoff_executed
grid-treasure_DLGPR-full_seed0,0,DLGPR-full,grid-treasure,1,5,GA,3.6773357340503416,1.7196000553667545,0.025000000000000022,0.025000000000000022,0.5,0.0,0.7563806949435334,0.03371045343243519,16.8365499412397,13.159214207189358,strict_delta_max,1,cross_layer_handoff_executed
grid-treasure_DLGPR-full_seed0,0,DLGPR-full,grid-treasure,1,6,GA,1.4332315236937863,1.608800026588142,0.025000000000000022,0.025000000000000022,0.5,0.0,0.7563806949435334,0.07435728497848938,13.159214207189358,11.725982683495571,strict_delta_max,1,cross_layer_handoff_executed
grid-treasure_DLGPR-full_seed0,0,DLGPR-full,grid-treasure,1,7,GA,1.7222837681524603,1.6595999477431178,0.025000000000000022,0.025000000000000022,0.5,0.0,0.7563806949435334,0.10447748126746784,11.725982683495571,10.003698915343112,strict_delta_max,1,cross_layer_handoff_executed
grid-treasure_DLGPR-full_seed0,0,DLGPR-full,grid-treasure,1,8,GA,2.593159237471138,1.6011000843718648,0.025000000000000022,0.025000000000000022,0.5,0.0,0.7563806949435334,0.05569520099616622,10.003698915343112,7.410539677871974,strict_delta_max,1,cross_layer_handoff_executed
grid-treasure_DLGPR-full_seed0,0,DLGPR-full,grid-treasure,1,9,GA,1.7077750270474974,1.4639999717473984,1.045,1.045,1.0,0.5972683660584008,0.7466605558870933,0.06438969665417622,7.410539677871974,5.702764650824476,strict_delta_max,1,cross_layer_handoff_executed
grid-treasure_DLGPR-full_seed0,0,DLGPR-full,grid-treasure,1,10,GA,3.7816346908140788,1.6823000041767955,0.025000000000000022,0.025000000000000022,0.5,0.0,0.7466605558870933,0.03484629564260353,5.702764650824476,1.9211299600103975,strict_delta_max,1,cross_layer_handoff_executed
grid-treasure_DLGPR-full_seed0,0,DLGPR-full,grid-treasure,2,0,GA,2.5460501228427095,1.6085999086499214,0.025000000000000022,0.025000000000000022,0.5,0.0,0.7466605558870933,0.049912569285758955,28.0,25.453949877157292,strict_delta_max,1,cross_layer_handoff_executed
grid-treasure_DLGPR-full_seed0,0,DLGPR-full,grid-treasure,2,1,PSO,1.4085178563865717,1.5026000328361988,0.025000000000000022,0.025000000000000022,0.5,0.0,0.0,0.10589943759494107,25.453949877157292,24.045432020770722,strict_delta_max,1,cross_layer_handoff_executed
grid-treasure_DLGPR-full_seed0,0,DLGPR-full,grid-treasure,2,2,RL,3.292875679553321,2.4019000120460987,0.025000000000000022,0.025000000000000022,0.5,0.0,0.0,0.6164824298120389,24.045432020770722,20.7525563412174,strict_delta_max,2,cross_layer_handoff_executed
grid-treasure_DLGPR-full_seed0,0,DLGPR-full,grid-treasure,2,3,GA,3.1661121604466467,1.4049999881535769,0.025000000000000022,0.025000000000000022,0.5,0.0,0.7466605558870933,0.03528906162318142,20.7525563412174,17.58644418077075,strict_delta_max,1,cross_layer_handoff_executed
grid-treasure_DLGPR-full_seed0,0,DLGPR-full,grid-treasure,2,4,GA,1.270194339103859,1.575400005094707,0.025000000000000022,0.025000000000000022,0.5,0.0,0.7466605558870933,0.0964329616754447,17.58644418077075,16.31624984166689,strict_delta_max,1,cross_layer_handoff_executed
grid-treasure_DLGPR-full_seed0,0,DLGPR-full,grid-treasure,2,5,GA,1.0046358820411512,1.5311000170186162,1.05,1.05,1.0,0.004976927550946572,0.7450733054213199,0.12018611167417734,16.31624984166689,15.31161395962574,strict_delta_max,1,cross_layer_handoff_executed
grid-treasure_DLGPR-full_seed0,0,DLGPR-full,grid-treasure,2,6,GA,2.082256637816921,1.5704999677836895,0.025000000000000022,0.025000000000000022,0.5,0.0,0.7450733054213199,0.06469893356387063,15.31161395962574,13.22935732180882,strict_delta_max,1,cross_layer_handoff_executed
grid-treasure_DLGPR-full_seed0,0,DLGPR-full,grid-treasure,2,7,GA,2.4531892213480706,1.5484999166801572,0.025000000000000022,0.025000000000000022,0.5,0.0,0.7450733054213199,0.0416349084895043,13.22935732180882,10.77616810046075,strict_delta_max,1,cross_layer_handoff_executed
grid-treasure_DLGPR-full_seed0,0,DLGPR-full,grid-treasure,2,8,GA,3.2469323262720327,1.6988000134006143,0.025000000000000022,0.025000000000000022,0.5,0.0,0.7450733054213199,0.03718364956033002,10.77616810046075,7.529235774188717,strict_delta_max,1,cross_layer_handoff_executed
grid-treasure_DLGPR-full_seed0,0,DLGPR-full,grid-treasure,2,9,GA,2.724532011505043,1.5377999516204,0.025000000000000022,0.025000000000000022,0.5,0.0,0.7450733054213199,0.03750476087149542,7.529235774188717,4.8047037626836735,strict_delta_max,1,cross_layer_handoff_executed
grid-treasure_DLGPR-full_seed0,0,DLGPR-full,grid-treasure,2,10,GA,3.517217787635061,2.0391999278217554,-1.1,-1.1,0.0,0.0,0.7450733054213199,0.030206144622206776,4.8047037626836735,1.2874859750486123,strict_delta_max,1,cross_layer_handoff_executed
grid-treasure_DLGPR-full_seed0,0,DLGPR-full,grid-treasure,3,0,GA,1.5915247296814043,1.6206000000238419,0.025000000000000022,0.025000000000000022,0.5,0.0,0.7450733054213199,0.06580553302071974,28.0,26.408475270318597,strict_delta_max,1,cross_layer_handoff_executed
grid-treasure_DLGPR-full_seed0,0,DLGPR-full,grid-treasure,3,1,PSO,3.3639702556928226,1.621500006876886,0.025000000000000022,0.025000000000000022,0.5,0.0,0.0,0.03673799647664862,26.408475270318597,23.044505014625773,strict_delta_max,1,cross_layer_handoff_executed
grid-treasure_DLGPR-full_seed0,0,DLGPR-full,grid-treasure,3,2,RL,1.454436216623124,2.118999953381717,0.025000000000000022,0.025000000000000022,0.5,0.0,0.0,0.0,23.044505014625773,21.59006879800265,strict_delta_max,2,cross_layer_handoff_executed
grid-treasure_DLGPR-full_seed0,0,DLGPR-full,grid-treasure,3,3,GA,3.3295993208139842,1.8466999754309654,-1.0699999999999998,-1.0699999999999998,0.0,0.0,0.7450733054213199,0.0346253699637379,21.59006879800265,18.260469477188668,strict_delta_max,1,cross_layer_handoff_executed
grid-treasure_DLGPR-full_seed0,0,DLGPR-full,grid-treasure,3,4,GA,1.6558180128476299,1.4262000331655145,1.05,1.05,1.0,0.0,0.7403219179445799,0.07827690005106529,18.260469477188668,16.60465146434104,strict_delta_max,1,cross_layer_handoff_executed
grid-treasure_DLGPR-full_seed0,0,DLGPR-full,grid-treasure,3,5,GA,2.3091341521660373,1.676499960012734,0.025000000000000022,0.025000000000000022,0.5,0.0,0.7403219179445799,0.05094923626571651,16.60465146434104,14.295517312175,strict_delta_max,1,cross_layer_handoff_executed
grid-treasure_DLGPR-full_seed0,0,DLGPR-full,grid-treasure,3,6,GA,1.6510213296072673,1.6680000117048621,0.025000000000000022,0.025000000000000022,0.5,0.0,0.7403219179445799,0.06945114958989555,14.295517312175,12.644495982567733,strict_delta_max,1,cross_layer_handoff_executed
grid-treasure_DLGPR-full_seed0,0,DLGPR-full,grid-treasure,3,7,GA,1.7128707654630646,1.5272999880835414,0.025000000000000022,0.025000000000000022,0.5,0.0,0.7403219179445799,0.06765332076061507,12.644495982567733,10.931625217104669,strict_delta_max,1,cross_layer_handoff_executed
grid-treasure_DLGPR-full_seed0,0,DLGPR-full,grid-treasure,3,8,GA,1.5582039349987347,1.6595000633969903,0.025000000000000022,0.025000000000000022,0.5,0.0,0.7403219179445799,0.07312099125776104,10.931625217104669,9.373421282105934,strict_delta_max,1,cross_layer_handoff_executed
grid-treasure_DLGPR-full_seed0,0,DLGPR-full,grid-treasure,3,9,GA,2.3872959512553944,1.8445000750944018,-1.08,-1.08,0.0,0.0,0.7403219179445799,0.04970684099708886,9.373421282105934,6.986125330850539,strict_delta_max,1,cross_layer_handoff_executed
grid-treasure_DLGPR-full_seed0,0,DLGPR-full,grid-treasure,3,10,GA,2.28485972960883,1.697800005786121,0.025000000000000022,0.025000000000000022,0.5,0.0,0.7403219179445799,0.051958901900919244,6.986125330850539,4.701265601241709,strict_delta_max,1,cross_layer_handoff_executed
grid-treasure_DLGPR-full_seed0,0,DLGPR-full,grid-treasure,3,11,GA,2.1621450273807556,1.1841000523418188,0.030000000000000027,0.030000000000000027,0.5,0.0,0.7402617860867151,0.042683765008167375,4.701265601241709,2.5391205738609535,strict_delta_max,1,cross_layer_handoff_executed
grid-treasure_DLGPR-full_seed0,0,DLGPR-full,grid-treasure,4,0,GA,3.2706636327968264,1.8087999196723104,-0.08499999999999996,-0.08499999999999996,0.5,0.0,0.7402617860867151,0.03756505718037668,28.0,24.729336367203175,strict_delta_max,1,cross_layer_handoff_executed
grid-treasure_DLGPR-full_seed0,0,DLGPR-full,grid-treasure,4,1,PSO,3.0257489028468605,1.5169000253081322,0.025000000000000022,0.025000000000000022,0.5,0.0,0.0,0.05442892667487759,24.729336367203175,21.703587464356314,strict_delta_max,1,cross_layer_handoff_executed
grid-treasure_DLGPR-full_seed0,0,DLGPR-full,grid-treasure,4,2,RL,4.0,2.672299975529313,0.025000000000000022,0.025000000000000022,0.5,0.0,0.0,0.5075000000000001,21.703587464356314,17.703587464356314,strict_delta_max,2,cross_layer_handoff_executed
grid-treasure_DLGPR-full_seed0,0,DLGPR-full,grid-treasure,4,3,GA,1.823991195556951,1.3424999779090285,0.025000000000000022,0.025000000000000022,0.5,0.0,0.7402617860867151,0.04600966831817908,17.703587464356314,15.879596268799363,strict_delta_max,1,cross_layer_handoff_executed
grid-treasure_DLGPR-full_seed0,0,DLGPR-full,grid-treasure,4,4,GA,1.096301339774634,1.6271999338641763,0.025000000000000022,0.025000000000000022,0.5,0.0,0.7402617860867151,0.10631561171400387,15.879596268799363,14.783294929024729,strict_delta_max,1,cross_layer_handoff_executed
grid-treasure_DLGPR-full_seed0,0,DLGPR-full,grid-treasure,4,5,GA,1.320409004928572,1.6450999537482858,0.025000000000000022,0.025000000000000022,0.5,0.0,0.7402617860867151,0.07605098825846252,14.783294929024729,13.462885924096156,strict_delta_max,1,cross_layer_handoff_executed
grid-treasure_DLGPR-full_seed0,0,DLGPR-full,grid-treasure,4,6,GA,1.0955313696135964,1.575700007379055,0.025000000000000022,0.025000000000000022,0.5,0.0,0.7402617860867151,0.09555828766692634,13.462885924096156,12.36735455448256,strict_delta_max,1,cross_layer_handoff_executed
grid-treasure_DLGPR-full_seed0,0,DLGPR-full,grid-treasure,4,7,GA,3.338804366828029,1.1968000326305628,0.030000000000000027,0.030000000000000027,0.5,0.0,0.7420945135521093,0.04291439190617275,12.36735455448256,9.028550187654531,strict_delta_max,1,cross_layer_handoff_executed
grid-treasure_DLGPR-full_seed0,0,DLGPR-full,grid-treasure,4,8,GA,3.382293091797308,1.9422000041231513,-1.1,-1.1,0.0,0.0,0.7420945135521093,0.028832179235147908,9.028550187654531,5.646257095857223,strict_delta_max,1,cross_layer_handoff_executed
grid-treasure_DLGPR-full_seed0,0,DLGPR-full,grid-treasure,4,9,GA,3.275918222102856,1.5591999981552362,0.025000000000000022,0.025000000000000022,0.5,0.0,0.7420945135521093,0.03469602793846407,5.646257095857223,2.370338873754367,strict_delta_max,1,cross_layer_handoff_executed
grid-treasure_DLGPR-full_seed0,0,DLGPR-full,grid-treasure,5,0,GA,3.7222576602841726,1.4822999946773052,0.025000000000000022,0.025000000000000022,0.5,0.0,0.7420945135521093,0.032665747558484066,28.0,24.27774233971583,strict_delta_max,1,cross_layer_handoff_executed
grid-treasure_DLGPR-full_seed0,0,DLGPR-full,grid-treasure,5,1,PSO,2.180481876630659,1.3628000160679221,-0.015000000000000013,-0.015000000000000013,0.5,0.0,0.0,0.06141871763710684,24.27774233971583,22.09726046308517,strict_delta_max,1,cross_layer_handoff_executed
grid-treasure_DLGPR-full_seed0,0,DLGPR-full,grid-treasure,5,2,RL,2.52780343164887,2.433000016026199,0.025000000000000022,0.025000000000000022,0.5,0.0,0.0,0.0,22.09726046308517,19.5694570314363,strict_delta_max,2,cross_layer_handoff_executed
grid-treasure_DLGPR-full_seed0,0,DLGPR-full,grid-treasure,5,3,GA,1.53911026134779,2.6636000256985426,-1.2000000000000002,-1.2000000000000002,0.0,0.0,0.7420945135521093,0.06654516136082964,19.5694570314363,18.03034677008851,strict_delta_max,1,cross_layer_handoff_executed
grid-treasure_DLGPR-full_seed0,0,DLGPR-full,grid-treasure,5,4,GA,1.497894001106394,1.6093000303953886,1.05,1.05,1.0,0.0,0.7414968458058784,0.08168684496976865,18.03034677008851,16.532452768982115,strict_delta_max,1,cross_layer_handoff_executed
grid-treasure_DLGPR-full_seed0,0,DLGPR-full,grid-treasure,5,5,GA,2.676585195718804,1.4658999862149358,0.020000000000000018,0.020000000000000018,0.5,0.0,0.7414968458058784,0.04162242097904009,16.532452768982115,13.85586757326331,strict_delta_max,1,cross_layer_handoff_executed
grid-treasure_DLGPR-full_seed0,0,DLGPR-full,grid-treasure,5,6,GA,1.174628952792473,1.5789999160915613,0.025000000000000022,0.025000000000000022,0.5,0.0,0.7414968458058784,0.07259641436447513,13.85586757326331,12.681238620470838,strict_delta_max,1,cross_layer_handoff_executed
grid-treasure_DLGPR-full_seed0,0,DLGPR-full,grid-treasure,5,7,GA,3.555645613160776,1.6948999837040901,0.025000000000000022,0.025000000000000022,0.5,0.0,0.7414968458058784,0.028510578247894918,12.681238620470838,9.125593007310062,strict_delta_max,1,cross_layer_handoff_executed
grid-treasure_DLGPR-full_seed0,0,DLGPR-full,grid-treasure,5,8,GA,2.1773970659227917,2.4525999324396253,-0.10999999999999999,-0.10999999999999999,0.5,0.0,0.7414968458058784,0.04961188034359906,9.125593007310062,6.9481959413872705,strict_delta_max,1,cross_layer_handoff_executed
grid-treasure_DLGPR-full_seed0,0,DLGPR-full,grid-treasure,5,9,GA,2.8840899345953614,1.6828000079840422,0.025000000000000022,0.025000000000000022,0.5,0.0,0.7414968458058784,0.03856883646849673,6.9481959413872705,4.064106006791909,strict_delta_max,1,cross_layer_handoff_executed
grid-treasure_DLGPR-full_seed0,0,DLGPR-full,grid-treasure,5,10,GA,1.5243321707907587,2.7516999980434775,-1.225,-1.225,0.0,0.0,0.7414968458058784,0.06686956765530558,4.064106006791909,2.5397738360011504,strict_delta_max,1,cross_layer_handoff_executed
grid-treasure_DLGPR-full_seed1,1,DLGPR-full,grid-treasure,0,0,GA,1.824988789829238,2.206800039857626,-1.05,-1.05,0.0,0.0,0.8643655984494946,0.08235453439285725,28.0,26.175011210170762,strict_delta_max,1,cross_layer_handoff_executed
grid-treasure_DLGPR-full_seed1,1,DLGPR-full,grid-treasure,0,1,PSO,2.1742379665759692,1.8967000069096684,0.010000000000000009,0.010000000000000009,0.5,0.0,0.0,0.07738612075064231,26.175011210170762,24.000773243594793,strict_delta_max,1,cross_layer_handoff_executed
grid-treasure_DLGPR-full_seed1,1,DLGPR-full,grid-treasure,0,2,RL,4.0,3.10850003734231,-1.0550000000000002,-1.0550000000000002,0.0,0.0,0.0,0.0,24.000773243594793,20.000773243594793,strict_delta_max,2,cross_layer_handoff_executed
grid-treasure_DLGPR-full_seed1,1,DLGPR-full,grid-treasure,0,3,GA,3.460774059507657,1.2567000230774283,0.0,0.0,0.5,0.0,0.7931361172545822,0.03752583778844092,20.000773243594793,16.539999184087137,strict_delta_max,1,cross_layer_handoff_executed
grid-treasure_DLGPR-full_seed1,1,DLGPR-full,grid-treasure,0,4,GA,2.855612249299627,1.9006000366061926,-1.03,-1.03,0.0,0.0,0.7957040923505982,0.06043677339554088,16.539999184087137,13.68438693478751,strict_delta_max,1,cross_layer_handoff_executed
grid-treasure_DLGPR-full_seed1,1,DLGPR-full,grid-treasure,0,5,GA,2.4986373851692676,2.357100020162761,-1.1,-1.1,0.0,0.0,0.7797323295051072,0.05145925194405685,13.68438693478751,11.185749549618242,strict_delta_max,1,cross_layer_handoff_executed
grid-treasure_DLGPR-full_seed1,1,DLGPR-full,grid-treasure,0,6,GA,2.7020960693144445,2.008400042541325,-1.05,-1.05,0.0,0.0,0.746450933979001,0.05276125798999862,11.185749549618242,8.483653480303797,strict_delta_max,1,cross_layer_handoff_executed
grid-treasure_DLGPR-full_seed1,1,DLGPR-full,grid-treasure,0,7,GA,1.899850427498707,1.4983000000938773,0.0,0.0,0.5,0.0,0.7312762052400384,0.08155545991155197,8.483653480303797,6.58380305280509,strict_delta_max,1,cross_layer_handoff_executed
grid-treasure_DLGPR-full_seed1,1,DLGPR-full,grid-treasure,0,8,GA,1.5554925780431041,2.0689000375568867,-1.08,-1.08,0.0,0.0,0.7241117892162839,0.09198413539403301,6.58380305280509,5.028310474761986,strict_delta_max,1,cross_layer_handoff_executed
grid-treasure_DLGPR-full_seed1,1,DLGPR-full,grid-treasure,0,9,GA,1.5974069264642425,1.9541000947356224,-1.08,-1.08,0.0,0.0,0.7241117892162839,0.08085037117942938,5.028310474761986,3.430903548297743,strict_delta_max,1,cross_layer_handoff_executed
grid-treasure_DLGPR-full_seed1,1,DLGPR-full,grid-treasure,1,0,GA,3.5461263357283643,1.7720999894663692,0.010000000000000009,0.010000000000000009,0.5,0.0,0.7206289971731094,0.03547631355045038,28.0,24.453873664271637,strict_delta_max,1,cross_layer_handoff_executed
grid-treasure_DLGPR-full_seed1,1,DLGPR-full,grid-treasure,1,1,PSO,1.012904359284889,1.9261999987065792,0.010000000000000009,0.010000000000000009,0.5,0.0,0.0,0.0979954715364604,24.453873664271637,23.440969304986748,strict_delta_max,1,cross_layer_handoff_executed
grid-treasure_DLGPR-full_seed1,1,DLGPR-full,grid-treasure,1,2,RL,2.2827656695554217,4.661699989810586,-1.08,-1.08,0.0,0.0,0.0,0.01314195337703779,23.440969304986748,21.158203635431327,strict_delta_max,2,cross_layer_handoff_executed
grid-treasure_DLGPR-full_seed1,1,DLGPR-full,grid-treasure,1,3,GA,2.2699350058806584,1.256600022315979,0.0,0.0,0.5,0.0,0.7194548129683301,0.0424657310252665,21.158203635431327,18.88826862955067,strict_delta_max,1,cross_layer_handoff_executed
grid-treasure_DLGPR-full_seed1,1,DLGPR-full,grid-treasure,1,4,GA,1.5265303981526077,1.793299918062985,-1.025,-1.025,0.0,0.0,0.7076255167066476,0.07983509651926915,18.88826862955067,17.36173823139806,strict_delta_max,1,cross_layer_handoff_executed
grid-treasure_DLGPR-full_seed1,1,DLGPR-full,grid-treasure,1,5,GA,2.352783960709948,1.761400024406612,-1.06,-1.06,0.0,0.0,0.7076255167066476,0.04953328736051463,17.36173823139806,15.008954270688113,strict_delta_max,1,cross_layer_handoff_executed
grid-treasure_DLGPR-full_seed1,1,DLGPR-full,grid-treasure,1,6,GA,3.45822206992559,1.7259999876841903,0.0050000000000000044,0.0050000000000000044,0.5,0.0,0.7080795995965731,0.03900920374477232,15.008954270688113,11.550732200762523,strict_delta_max,1,cross_layer_handoff_executed
grid-treasure_DLGPR-full_seed1,1,DLGPR-full,grid-treasure,1,7,GA,3.799619051038352,1.9682999700307846,0.010000000000000009,0.010000000000000009,0.5,0.0,0.6735675403630964,0.030473852802450203,11.550732200762523,7.751113149724171,strict_delta_max,1,cross_layer_handoff_executed
grid-treasure_DLGPR-full_seed1,1,DLGPR-full,grid-treasure,1,8,GA,3.821648722141484,1.84630008880049,0.010000000000000009,0.010000000000000009,0.5,0.0,0.6507720460478812,0.02835730830747125,7.751113149724171,3.929464427582687,strict_delta_max,1,cross_layer_handoff_executed
grid-treasure_DLGPR-full_seed1,1,DLGPR-full,grid-treasure,2,0,GA,1.385242907831031,1.8832000205293298,0.010000000000000009,0.010000000000000009,0.5,0.0,0.640365550019679,0.07390352946074956,28.0,26.61475709216897,strict_delta_max,1,cross_layer_handoff_executed
grid-treasure_DLGPR-full_seed1,1,DLGPR-full,grid-treasure,2,1,PSO,2.5196039012329554,1.817599986679852,-1.08,-1.08,0.0,0.0,0.0,0.051964969403989654,26.61475709216897,24.095153190936013,strict_delta_max,1,cross_layer_handoff_executed
grid-treasure_DLGPR-full_seed1,1,DLGPR-full,grid-treasure,2,2,RL,1.9169227240170412,2.8545999666675925,0.0,0.0,0.5,0.0,0.0,0.005216694379335403,24.095153190936013,22.178230466918972,strict_delta_max,2,cross_layer_handoff_executed
grid-treasure_DLGPR-full_seed1,1,DLGPR-full,grid-treasure,2,3,GA,1.2034140417160133,1.8140000756829977,-1.03,-1.03,0.0,0.0,0.640365550019679,0.11806418947210985,22.178230466918972,20.97481642520296,strict_delta_max,1,cross_layer_handoff_executed
grid-treasure_DLGPR-full_seed1,1,DLGPR-full,grid-treasure,2,4,GA,3.407352794381647,1.657600048929453,0.0,0.0,0.5,0.0,0.640365550019679,0.02735988169624025,20.97481642520296,17.56746363082131,strict_delta_max,1,cross_layer_handoff_executed
grid-treasure_DLGPR-full_seed1,1,DLGPR-full,grid-treasure,2,5,GA,3.7324223929049447,1.5968999359756708,-0.0050000000000000044,-0.0050000000000000044,0.5,0.0,0.640365550019679,0.02946921549223449,17.56746363082131,13.835041237916368,strict_delta_max,1,cross_layer_handoff_executed
grid-treasure_DLGPR-full_seed1,1,DLGPR-full,grid-treasure,2,6,GA,1.1032612776691915,1.9892000127583742,-1.02,-1.02,0.0,0.0,0.640365550019679,0.10011469430756743,13.835041237916368,12.731779960247177,strict_delta_max,1,cross_layer_handoff_executed
grid-treasure_DLGPR-full_seed1,1,DLGPR-full,grid-treasure,2,7,GA,2.0613177890383128,1.8989000236615539,0.010000000000000009,0.010000000000000009,0.5,0.0,0.6347750840866092,0.06132494114185015,12.731779960247177,10.670462171208865,strict_delta_max,1,cross_layer_handoff_executed
grid-treasure_DLGPR-full_seed1,1,DLGPR-full,grid-treasure,2,8,GA,3.4855543949783683,2.2641000105068088,-1.0750000000000002,-1.0750000000000002,0.0,0.0,0.6347750840866092,0.04848007268451735,10.670462171208865,7.184907776230496,strict_delta_max,1,cross_layer_handoff_executed
grid-treasure_DLGPR-full_seed1,1,DLGPR-full,grid-treasure,2,9,GA,1.0366911250578335,1.8765999702736735,0.010000000000000009,0.010000000000000009,0.5,0.0,0.6344158969861509,0.09109412758977947,7.184907776230496,6.148216651172662,strict_delta_max,1,cross_layer_handoff_executed
grid-treasure_DLGPR-full_seed1,1,DLGPR-full,grid-treasure,2,10,GA,3.4329579346278902,1.8418999388813972,0.010000000000000009,0.010000000000000009,0.5,0.0,0.6479169565095577,0.043354610337194094,6.148216651172662,2.715258716544772,strict_delta_max,1,cross_layer_handoff_executed
grid-treasure_DLGPR-full_seed1,1,DLGPR-full,grid-treasure,3,0,GA,1.2825451616891346,1.8986000213772058,-1.02,-1.02,0.0,0.0,0.6479169565095577,0.128111635308072,28.0,26.717454838310864,strict_delta_max,1,cross_layer_handoff_executed
grid-treasure_DLGPR-full_seed1,1,DLGPR-full,grid-treasure,3,1,PSO,1.4923995480936194,1.9107999978587031,0.010000000000000009,0.010000000000000009,0.5,0.0,0.0,0.06847849879143449,26.717454838310864,25.225055290217245,strict_delta_max,1,cross_layer_handoff_executed
grid-treasure_DLGPR-full_seed1,1,DLGPR-full,grid-treasure,3,2,RL,2.1731946590745164,3.593200002796948,0.010000000000000009,0.010000000000000009,0.5,0.0,0.0,0.0,25.225055290217245,23.05186063114273,strict_delta_max,2,cross_layer_handoff_executed
grid-treasure_DLGPR-full_seed1,1,DLGPR-full,grid-treasure,3,3,GA,3.9733501219835476,1.671199919655919,0.010000000000000009,0.010000000000000009,0.5,0.0,0.6479169565095577,0.02583470577011898,23.05186063114273,19.078510509159184,strict_delta_max,1,cross_layer_handoff_executed
grid-treasure_DLGPR-full_seed1,1,DLGPR-full,grid-treasure,3,4,GA,3.775120179073867,1.967199961654842,0.010000000000000009,0.010000000000000009,0.5,0.0,0.6479169565095577,0.03528923013280471,19.078510509159184,15.303390330085318,strict_delta_max,1,cross_layer_handoff_executed
grid-treasure_DLGPR-full_seed1,1,DLGPR-full,grid-treasure,3,5,GA,2.765433805266932,1.8789999885484576,0.010000000000000009,0.010000000000000009,0.5,0.0,0.6479169565095577,0.03941452565320775,15.303390330085318,12.537956524818386,strict_delta_max,1,cross_layer_handoff_executed
grid-treasure_DLGPR-full_seed1,1,DLGPR-full,grid-treasure,3,6,GA,2.8951157164435783,2.0318999886512756,-1.0350000000000001,-1.0350000000000001,0.0,0.0,0.6479169565095577,0.06148301560447671,12.537956524818386,9.642840808374807,strict_delta_max,1,cross_layer_handoff_executed
grid-treasure_DLGPR-full_seed1,1,DLGPR-full,grid-treasure,3,7,GA,3.157420264850821,2.6448999997228384,-1.095,-1.095,0.0,0.0,0.6479169565095577,0.03538947312731646,9.642840808374807,6.485420543523986,strict_delta_max,1,cross_layer_handoff_executed
grid-treasure_DLGPR-full_seed1,1,DLGPR-full,grid-treasure,3,8,GA,1.1587712403291612,2.5875000283122063,-1.065,-1.065,0.0,0.0,0.6479169565095577,0.10243522939610647,6.485420543523986,5.326649303194825,strict_delta_max,1,cross_layer_handoff_executed
grid-treasure_DLGPR-full_seed1,1,DLGPR-full,grid-treasure,3,9,GA,3.4344381055816493,1.9370999652892351,0.010000000000000009,0.010000000000000009,0.5,0.0,0.6479169565095577,0.04360811564774896,5.326649303194825,1.8922111976131761,strict_delta_max,1,cross_layer_handoff_executed
grid-treasure_DLGPR-full_seed1,1,DLGPR-full,grid-treasure,4,0,GA,2.9552527025265585,1.5739999944344163,0.0,0.0,0.5,0.0,0.6479169565095577,0.03003058802936639,28.0,25.044747297473442,strict_delta_max,1,cross_layer_handoff_executed
grid-treasure_DLGPR-full_seed1,1,DLGPR-full,grid-treasure,4,1,PSO,1.583868884503265,1.8984000198543072,0.010000000000000009,0.010000000000000009,0.5,0.0,0.0,0.07151958638940452,25.044747297473442,23.460878412970178,strict_delta_max,1,cross_layer_handoff_executed
grid-treasure_DLGPR-full_seed1,1,DLGPR-full,grid-treasure,4,2,RL,3.276046719992481,2.1498999558389187,0.010000000000000009,0.010000000000000009,0.5,0.0,0.0,0.05494427136875914,23.460878412970178,20.184831692977696,strict_delta_max,2,cross_layer_handoff_executed
grid-treasure_DLGPR-full_seed1,1,DLGPR-full,grid-treasure,4,3,GA,2.0142547812541736,1.7622000304982066,-1.05,-1.05,0.0,0.0,0.6479169565095577,0.08790771063530467,20.184831692977696,18.170576911723522,strict_delta_max,1,cross_layer_handoff_executed
grid-treasure_DLGPR-full_seed1,1,DLGPR-full,grid-treasure,4,4,GA,2.2412945952743875,1.6545000253245234,0.0050000000000000044,0.0050000000000000044,0.5,0.0,0.6479169565095577,0.044610577881531735,18.170576911723522,15.929282316449134,strict_delta_max,1,cross_layer_handoff_executed
grid-treasure_DLGPR-full_seed1,1,DLGPR-full,grid-treasure,4,5,GA,3.515644487897341,1.63569999858737,0.0,0.0,0.5,0.0,0.6479169565095577,0.027351649807648228,15.929282316449134,12.413637828551792,strict_delta_max,1,cross_layer_handoff_executed
grid-treasure_DLGPR-full_seed1,1,DLGPR-full,grid-treasure,4,6,GA,3.2210660453048128,1.8838999094441533,0.010000000000000009,0.010000000000000009,0.5,0.0,0.6479169565095577,0.037114894780945304,12.413637828551792,9.19257178324698,strict_delta_max,1,cross_layer_handoff_executed
grid-treasure_DLGPR-full_seed1,1,DLGPR-full,grid-treasure,4,7,GA,1.2515515163331177,2.1039999555796385,0.010000000000000009,0.010000000000000009,0.5,0.0,0.6479169565095577,0.07347184753272286,9.19257178324698,7.941020266913862,strict_delta_max,1,cross_layer_handoff_executed
grid-treasure_DLGPR-full_seed1,1,DLGPR-full,grid-treasure,4,8,GA,1.676655435399753,1.9518999615684152,-1.08,-1.08,0.0,0.0,0.6479169565095577,0.07162007274108927,7.941020266913862,6.264364831514109,strict_delta_max,1,cross_layer_handoff_executed
grid-treasure_DLGPR-full_seed1,1,DLGPR-full,grid-treasure,4,9,GA,3.175429881744786,2.028399962000549,0.010000000000000009,0.010000000000000009,0.5,0.0,0.6479169565095577,0.037225090566887824,6.264364831514109,3.088934949769323,strict_delta_max,1,cross_layer_handoff_executed
grid-treasure_DLGPR-full_seed1,1,DLGPR-full,grid-treasure,5,0,GA,3.5059815677964465,1.8226999090984464,0.010000000000000009,0.010000000000000009,0.5,0.0,0.6479169565095577,0.03975336366243394,28.0,24.494018432203553,strict_delta_max,1,cross_layer_handoff_executed
grid-treasure_DLGPR-full_seed1,1,DLGPR-full,grid-treasure,5,1,PSO,1.174906821082319,2.334499964490533,-1.04,-1.04,0.0,0.0,0.0,0.1060171653907279,24.494018432203553,23.319111611121233,strict_delta_max,1,cross_layer_handoff_executed
grid-treasure_DLGPR-full_seed1,1,DLGPR-full,grid-treasure,5,2,RL,4.0,3.0104999896138906,0.010000000000000009,0.010000000000000009,0.5,0.0,0.0,0.0,23.319111611121233,19.319111611121233,strict_delta_max,2,cross_layer_handoff_executed
grid-treasure_DLGPR-full_seed1,1,DLGPR-full,grid-treasure,5,3,GA,1.4944255935719386,1.4543000143021345,0.0,0.0,0.5,0.0,0.6479169565095577,0.06901794777492185,19.319111611121233,17.824686017549293,strict_delta_max,1,cross_layer_handoff_executed
grid-treasure_DLGPR-full_seed1,1,DLGPR-full,grid-treasure,5,4,GA,2.9425550921995587,1.8505000043660402,0.010000000000000009,0.010000000000000009,0.5,0.0,0.6479169565095577,0.029509003147011086,17.824686017549293,14.882130925349735,strict_delta_max,1,cross_layer_handoff_executed
grid-treasure_DLGPR-full_seed1,1,DLGPR-full,grid-treasure,5,5,GA,3.6931817094198673,1.6694000223651528,0.0,0.0,0.5,0.0,0.6479169565095577,0.022913776447275852,14.882130925349735,11.188949215929867,strict_delta_max,1,cross_layer_handoff_executed
grid-treasure_DLGPR-full_seed1,1,DLGPR-full,grid-treasure,5,6,GA,1.521053462069978,1.7012000316753983,0.0,0.0,0.5,0.0,0.6479169565095577,0.08442994896296357,11.188949215929867,9.667895753859888,strict_delta_max,1,cross_layer_handoff_executed
grid-treasure_DLGPR-full_seed1,1,DLGPR-full,grid-treasure,5,7,GA,1.3840149341256711,1.9604000262916088,0.010000000000000009,0.010000000000000009,0.5,0.0,0.6479169565095577,0.0712799928391948,9.667895753859888,8.283880819734216,strict_delta_max,1,cross_layer_handoff_executed
grid-treasure_DLGPR-full_seed1,1,DLGPR-full,grid-treasure,5,8,GA,2.858148166995253,1.9262999994680285,0.010000000000000009,0.010000000000000009,0.5,0.0,0.6479169565095577,0.033089030545023636,8.283880819734216,5.425732652738963,strict_delta_max,1,cross_layer_handoff_executed
grid-treasure_DLGPR-full_seed1,1,DLGPR-full,grid-treasure,5,9,GA,3.819934077714983,2.0797000033780932,0.010000000000000009,0.010000000000000009,0.5,0.0,0.6479169565095577,0.029818529652304523,5.425732652738963,1.6057985750239805,strict_delta_max,1,cross_layer_handoff_executed
grid-treasure_DLGPR-full_seed2,2,DLGPR-full,grid-treasure,0,0,GA,3.9053653955254966,3.7640000227838755,-0.6500000000000001,-0.6500000000000001,0.0,0.0,0.8718432739321208,0.04391968426834987,28.0,24.094634604474503,strict_delta_max,1,cross_layer_handoff_executed
grid-treasure_DLGPR-full_seed2,2,DLGPR-full,grid-treasure,0,1,PSO,1.6816474976395537,2.450800035148859,-1.12,-1.12,0.0,0.0,0.0,0.08873132629818674,24.094634604474503,22.41298710683495,strict_delta_max,1,cross_layer_handoff_executed
grid-treasure_DLGPR-full_seed2,2,DLGPR-full,grid-treasure,0,2,RL,1.3622580479494517,2.859800006262958,-1.12,-1.12,0.0,0.0,0.0,0.0,22.41298710683495,21.050729058885498,strict_delta_max,2,cross_layer_handoff_executed
grid-treasure_DLGPR-full_seed2,2,DLGPR-full,grid-treasure,0,3,GA,3.3079688215383105,3.092800034210086,-1.2349999999999999,-1.2349999999999999,0.0,0.0,0.8441815109289925,0.04901357931999614,21.050729058885498,17.742760237347188,strict_delta_max,1,cross_layer_handoff_executed
grid-treasure_DLGPR-full_seed2,2,DLGPR-full,grid-treasure,0,4,GA,1.2647531072632963,2.830200013704598,-0.12,-0.12,0.5,0.0,0.7893992672097868,0.10537769007532313,17.742760237347188,16.478007130083892,strict_delta_max,1,cross_layer_handoff_executed
grid-treasure_DLGPR-full_seed2,2,DLGPR-full,grid-treasure,0,5,GA,3.4762739439628696,2.4938000133261085,-0.10999999999999999,-0.10999999999999999,0.5,0.0,0.7857552850322262,0.03930323124540112,16.478007130083892,13.001733186121022,strict_delta_max,1,cross_layer_handoff_executed
grid-treasure_DLGPR-full_seed2,2,DLGPR-full,grid-treasure,0,6,GA,1.1954839939561188,2.3946999572217464,-0.08999999999999997,-0.08999999999999997,0.5,0.004182406477441749,0.7419046016899835,0.10076546212493463,13.001733186121022,11.806249192164904,strict_delta_max,1,cross_layer_handoff_executed
grid-treasure_DLGPR-full_seed2,2,DLGPR-full,grid-treasure,0,7,GA,1.099943883282399,2.077599987387657,-0.06999999999999995,-0.06999999999999995,0.5,0.018182745778190967,0.7316887230737651,0.15052619387871627,11.806249192164904,10.706305308882506,strict_delta_max,1,cross_layer_handoff_executed
grid-treasure_DLGPR-full_seed2,2,DLGPR-full,grid-treasure,0,8,GA,1.8677457225946332,2.559100044891238,-0.10999999999999999,-0.10999999999999999,0.5,0.0,0.6720508655165711,0.05381518542912657,10.706305308882506,8.838559586287872,strict_delta_max,1,cross_layer_handoff_executed
grid-treasure_DLGPR-full_seed2,2,DLGPR-full,grid-treasure,0,9,GA,3.6305076549415296,2.452199929393828,-0.10999999999999999,-0.10999999999999999,0.5,0.0,0.6148023343507034,0.02850292735021861,8.838559586287872,5.208051931346342,strict_delta_max,1,cross_layer_handoff_executed
grid-treasure_DLGPR-full_seed2,2,DLGPR-full,grid-treasure,0,10,GA,2.13913177404589,2.5214001070708036,-0.10999999999999999,-0.10999999999999999,0.5,0.0,0.579575590818771,0.04595590374351621,5.208051931346342,3.0689201573004516,strict_delta_max,1,cross_layer_handoff_executed
grid-treasure_DLGPR-full_seed2,2,DLGPR-full,grid-treasure,1,0,GA,3.964953848354425,2.1834999788552523,-0.09499999999999997,-0.09499999999999997,0.5,0.0,0.5595347229609957,0.028894741625619533,28.0,24.035046151645574,strict_delta_max,1,cross_layer_handoff_executed
grid-treasure_DLGPR-full_seed2,2,DLGPR-full,grid-treasure,1,1,PSO,2.453863371458833,2.298200037330389,-1.12,-1.12,0.0,0.0,0.0,0.05090458100298167,24.035046151645574,21.58118278018674,strict_delta_max,1,cross_layer_handoff_executed
grid-treasure_DLGPR-full_seed2,2,DLGPR-full,grid-treasure,1,2,RL,3.3841915557824853,4.725800012238324,-0.10999999999999999,-0.10999999999999999,0.5,0.0,0.0,0.0,21.58118278018674,18.196991224404254,strict_delta_max,2,cross_layer_handoff_executed
grid-treasure_DLGPR-full_seed2,2,DLGPR-full,grid-treasure,1,3,GA,2.2301243088679494,2.018700004555285,-0.09499999999999997,-0.09499999999999997,0.5,0.0,0.5697317444065876,0.05501225386532585,18.196991224404254,15.966866915536304,strict_delta_max,1,cross_layer_handoff_executed
grid-treasure_DLGPR-full_seed2,2,DLGPR-full,grid-treasure,1,4,GA,1.5967697182589466,2.422399935312569,-0.10999999999999999,-0.10999999999999999,0.5,0.0,0.5697317444065876,0.08213734291750581,15.966866915536304,14.370097197277357,strict_delta_max,1,cross_layer_handoff_executed
grid-treasure_DLGPR-full_seed2,2,DLGPR-full,grid-treasure,1,5,GA,3.471344973770239,2.0276999566704035,-0.06999999999999995,-0.06999999999999995,0.5,0.0,0.5955828188455079,0.04457908064836115,14.370097197277357,10.898752223507117,strict_delta_max,1,cross_layer_handoff_executed
grid-treasure_DLGPR-full_seed2,2,DLGPR-full,grid-treasure,1,6,GA,2.103250204052476,2.521799993701279,-0.08499999999999996,-0.08499999999999996,0.5,0.0,0.6449944543854034,0.08408596408891549,10.898752223507117,8.795502019454641,strict_delta_max,1,cross_layer_handoff_executed
grid-treasure_DLGPR-full_seed2,2,DLGPR-full,grid-treasure,1,7,GA,2.268587664051058,2.7293000603094697,-1.135,-1.135,0.0,0.0,0.6449944543854034,0.06525794077333089,8.795502019454641,6.526914355403584,strict_delta_max,1,cross_layer_handoff_executed
grid-treasure_DLGPR-full_seed2,2,DLGPR-full,grid-treasure,1,8,GA,1.578230287869522,2.172800013795495,-0.09499999999999997,-0.09499999999999997,0.5,0.0,0.6427811915864249,0.0488245865175605,6.526914355403584,4.948684067534062,strict_delta_max,1,cross_layer_handoff_executed
grid-treasure_DLGPR-full_seed2,2,DLGPR-full,grid-treasure,1,9,GA,2.5583737059791805,2.5001000612974167,-0.10999999999999999,-0.10999999999999999,0.5,0.0,0.6427811915864249,0.03821079569700223,4.948684067534062,2.3903103615548815,strict_delta_max,1,cross_layer_handoff_executed
grid-treasure_DLGPR-full_seed2,2,DLGPR-full,grid-treasure,2,0,GA,2.6242599551232755,2.2086999379098415,-1.12,-1.12,0.0,0.0,0.6427811915864249,0.04806618672800672,28.0,25.375740044876725,strict_delta_max,1,cross_layer_handoff_executed
grid-treasure_DLGPR-full_seed2,2,DLGPR-full,grid-treasure,2,1,PSO,2.2287690075834137,1.9533999729901552,-0.06999999999999995,-0.06999999999999995,0.5,0.0,0.0,0.013919189927404079,25.375740044876725,23.146971037293312,strict_delta_max,1,cross_layer_handoff_executed
grid-treasure_DLGPR-full_seed2,2,DLGPR-full,grid-treasure,2,2,RL,2.104907291479978,3.8256000261753798,-0.10999999999999999,-0.10999999999999999,0.5,0.0,0.0,0.004750803059344683,23.146971037293312,21.042063745813333,strict_delta_max,2,cross_layer_handoff_executed
grid-treasure_DLGPR-full_seed2,2,DLGPR-full,grid-treasure,2,3,GA,1.2128139749071847,3.3985000336542726,-1.1350000000000002,-1.1350000000000002,0.0,0.0,0.6427811915864249,0.10865421642986765,21.042063745813333,19.82924977090615,strict_delta_max,1,cross_layer_handoff_executed
grid-treasure_DLGPR-full_seed2,2,DLGPR-full,grid-treasure,2,4,GA,1.077924715928823,2.407899941317737,-0.09499999999999997,-0.09499999999999997,0.5,0.0,0.6385017407328324,0.08986224713954993,19.82924977090615,18.751325054977325,strict_delta_max,1,cross_layer_handoff_executed
grid-treasure_DLGPR-full_seed2,2,DLGPR-full,grid-treasure,2,5,GA,3.524208590449206,2.2421000758185983,-0.06999999999999995,-0.06999999999999995,0.5,0.0,0.6111839055364836,0.033321543024348366,18.751325054977325,15.22711646452812,strict_delta_max,1,cross_layer_handoff_executed
grid-treasure_DLGPR-full_seed2,2,DLGPR-full,grid-treasure,2,6,GA,3.6466334851736644,2.1214999724179506,-0.06999999999999995,-0.06999999999999995,0.5,0.0,0.583264274669488,0.03570015195836847,15.22711646452812,11.580482979354455,strict_delta_max,1,cross_layer_handoff_executed
grid-treasure_DLGPR-full_seed2,2,DLGPR-full,grid-treasure,2,7,GA,2.3466937193154536,2.122300094924867,-0.09499999999999997,-0.09499999999999997,0.5,0.0,0.583264274669488,0.03995792711017044,11.580482979354455,9.233789260039002,strict_delta_max,1,cross_layer_handoff_executed
grid-treasure_DLGPR-full_seed2,2,DLGPR-full,grid-treasure,2,8,GA,3.125446309521131,1.933499937877059,-0.06999999999999995,-0.06999999999999995,0.5,0.0,0.5670294923990654,0.0414937821235452,9.233789260039002,6.108342950517871,strict_delta_max,1,cross_layer_handoff_executed
grid-treasure_DLGPR-full_seed2,2,DLGPR-full,grid-treasure,2,9,GA,3.8477844742641505,2.6285999920219183,-0.08499999999999996,-0.08499999999999996,0.5,0.0,0.6114253281760895,0.028910011872923698,6.108342950517871,2.2605584762537205,strict_delta_max,1,cross_layer_handoff_executed
grid-treasure_DLGPR-full_seed2,2,DLGPR-full,grid-treasure,3,0,GA,3.088048160672474,2.271000063046813,-1.12,-1.12,0.0,0.0,0.6114253281760895,0.04679527047785595,28.0,24.911951839327525,strict_delta_max,1,cross_layer_handoff_executed
grid-treasure_DLGPR-full_seed2,2,DLGPR-full,grid-treasure,3,1,PSO,1.471463819439491,2.076099975965917,-0.06999999999999995,-0.06999999999999995,0.5,0.0,0.0,0.03188798843441204,24.911951839327525,23.440488019888033,strict_delta_max,1,cross_layer_handoff_executed
grid-treasure_DLGPR-full_seed2,2,DLGPR-full,grid-treasure,3,2,RL,2.398593302690465,3.418699954636395,-0.10999999999999999,-0.10999999999999999,0.5,0.0,0.0,0.03752199253581182,23.440488019888033,21.041894717197568,strict_delta_max,2,cross_layer_handoff_executed
grid-treasure_DLGPR-full_seed2,2,DLGPR-full,grid-treasure,3,3,GA,1.2356359942116408,2.208299934864044,-0.08499999999999996,-0.08499999999999996,0.5,0.0,0.6036553150695185,0.0725888015277539,21.041894717197568,19.806258722985927,strict_delta_max,1,cross_layer_handoff_executed
grid-treasure_DLGPR-full_seed2,2,DLGPR-full,grid-treasure,3,4,GA,3.3414515471386186,1.9517000764608383,-0.06999999999999995,-0.06999999999999995,0.5,0.0,0.5831420223616932,0.03779896883898891,19.806258722985927,16.46480717584731,strict_delta_max,1,cross_layer_handoff_executed
grid-treasure_DLGPR-full_seed2,2,DLGPR-full,grid-treasure,3,5,GA,2.376988708974899,2.3824000963941216,-0.09499999999999997,-0.09499999999999997,0.5,0.0,0.5831420223616932,0.03547215720120844,16.46480717584731,14.08781846687241,strict_delta_max,1,cross_layer_handoff_executed
grid-treasure_DLGPR-full_seed2,2,DLGPR-full,grid-treasure,3,6,GA,2.589146561625467,2.5198999792337418,-0.09499999999999997,-0.09499999999999997,0.5,0.0,0.5831420223616932,0.0550458737514833,14.08781846687241,11.498671905246942,strict_delta_max,1,cross_layer_handoff_executed
grid-treasure_DLGPR-full_seed2,2,DLGPR-full,grid-treasure,3,7,GA,2.200461494125401,2.4739999789744616,-1.1,-1.1,0.0,0.0,0.5831420223616932,0.058402060711240475,11.498671905246942,9.298210411121541,strict_delta_max,1,cross_layer_handoff_executed
grid-treasure_DLGPR-full_seed2,2,DLGPR-full,grid-treasure,3,8,GA,2.136481072775099,2.2115999599918723,-0.06999999999999995,-0.06999999999999995,0.5,0.0,0.5609239763631493,0.06067550686313457,9.298210411121541,7.161729338346442,strict_delta_max,1,cross_layer_handoff_executed
grid-treasure_DLGPR-full_seed2,2,DLGPR-full,grid-treasure,3,9,GA,3.19523063110261,2.1661000791937113,-0.06999999999999995,-0.06999999999999995,0.5,0.0,0.5054926092795292,0.04033806206879941,7.161729338346442,3.9664987072438316,strict_delta_max,1,cross_layer_handoff_executed
grid-treasure_DLGPR-full_seed2,2,DLGPR-full,grid-treasure,4,0,GA,2.4822399662678336,2.1256000036373734,-1.1,-1.1,0.0,0.0,0.5054926092795292,0.04685568021953382,28.0,25.517760033732166,strict_delta_max,1,cross_layer_handoff_executed
grid-treasure_DLGPR-full_seed2,2,DLGPR-full,grid-treasure,4,1,PSO,1.0764224937047746,2.2049000253900886,-0.09499999999999997,-0.09499999999999997,0.5,0.0,0.0,0.0887848222559296,25.517760033732166,24.44133754002739,strict_delta_max,1,cross_layer_handoff_executed
grid-treasure_DLGPR-full_seed2,2,DLGPR-full,grid-treasure,4,2,RL,3.182695086372094,2.862100023776293,-0.10999999999999999,-0.10999999999999999,0.5,0.0,0.0,0.0,24.44133754002739,21.2586424536553,strict_delta_max,2,cross_layer_handoff_executed
grid-treasure_DLGPR-full_seed2,2,DLGPR-full,grid-treasure,4,3,GA,2.503462235146585,2.342000021599233,-0.10999999999999999,-0.10999999999999999,0.5,0.0,0.5054926092795292,0.03571176206615203,21.2586424536553,18.755180218508713,strict_delta_max,1,cross_layer_handoff_executed
grid-treasure_DLGPR-full_seed2,2,DLGPR-full,grid-treasure,4,4,GA,2.210835820717797,2.5634000776335597,-0.10999999999999999,-0.10999999999999999,0.5,0.0,0.5054926092795292,0.05374637947085516,18.755180218508713,16.544344397790915,strict_delta_max,1,cross_layer_handoff_executed
grid-treasure_DLGPR-full_seed2,2,DLGPR-full,grid-treasure,4,5,GA,1.7103956253947312,2.507500001229346,-0.07999999999999996,-0.07999999999999996,0.5,0.0,0.5054926092795292,0.06102606442470691,16.544344397790915,14.833948772396184,strict_delta_max,1,cross_layer_handoff_executed
grid-treasure_DLGPR-full_seed2,2,DLGPR-full,grid-treasure,4,6,GA,2.1816295012455273,2.3956000804901123,-0.10999999999999999,-0.10999999999999999,0.5,0.0,0.5054926092795292,0.0650690591172177,14.833948772396184,12.652319271150656,strict_delta_max,1,cross_layer_handoff_executed
grid-treasure_DLGPR-full_seed2,2,DLGPR-full,grid-treasure,4,7,GA,1.1021800326367295,2.558999927714467,-0.10999999999999999,-0.10999999999999999,0.5,0.0,0.5054926092795292,0.08890373589532873,12.652319271150656,11.550139238513927,strict_delta_max,1,cross_layer_handoff_executed
grid-treasure_DLGPR-full_seed2,2,DLGPR-full,grid-treasure,4,8,GA,2.530710567067216,3.119700006209314,-1.21,-1.21,0.0,0.0,0.5054926092795292,0.04882527787409502,11.550139238513927,9.019428671446711,strict_delta_max,1,cross_layer_handoff_executed
grid-treasure_DLGPR-full_seed2,2,DLGPR-full,grid-treasure,4,9,GA,1.2017580757818997,2.1167000522837043,-0.07499999999999996,-0.07499999999999996,0.5,0.0,0.5054926092795292,0.07500907132001278,9.019428671446711,7.817670595664811,strict_delta_max,1,cross_layer_handoff_executed
grid-treasure_DLGPR-full_seed2,2,DLGPR-full,grid-treasure,4,10,GA,1.422089768796055,2.343099913559854,-1.12,-1.12,0.0,0.0,0.5054926092795292,0.07048594541994446,7.817670595664811,6.395580826868756,strict_delta_max,1,cross_layer_handoff_executed
grid-treasure_DLGPR-full_seed2,2,DLGPR-full,grid-treasure,4,11,GA,1.2090900731723253,2.2568999556824565,-0.09499999999999997,-0.09499999999999997,0.5,0.0,0.5054926092795292,0.1245863379851668,6.395580826868756,5.186490753696431,strict_delta_max,1,cross_layer_handoff_executed
grid-treasure_DLGPR-full_seed2,2,DLGPR-full,grid-treasure,4,12,GA,2.544884050698196,1.90550007391721,-0.06999999999999995,-0.06999999999999995,0.5,0.0,0.5054926092795292,0.048723559231177514,5.186490753696431,2.6416067029982346,strict_delta_max,1,cross_layer_handoff_executed
grid-treasure_DLGPR-full_seed2,2,DLGPR-full,grid-treasure,5,0,GA,1.6990833569669113,2.5896000443026423,-1.1949999999999998,-1.1949999999999998,0.0,0.0,0.5054926092795292,0.09061287797402039,28.0,26.300916643033087,strict_delta_max,1,cross_layer_handoff_executed
grid-treasure_DLGPR-full_seed2,2,DLGPR-full,grid-treasure,5,1,PSO,1.0996697316007493,2.0305000944063067,-0.06999999999999995,-0.06999999999999995,0.5,0.0,0.0,0.09853903087215185,26.300916643033087,25.20124691143234,strict_delta_max,1,cross_layer_handoff_executed
grid-treasure_DLGPR-full_seed2,2,DLGPR-full,grid-treasure,5,2,RL,3.2088668498766526,4.04019991401583,-0.10999999999999999,-0.10999999999999999,0.5,0.0,0.0,0.012465459575406694,25.20124691143234,21.992380061555686,strict_delta_max,2,cross_layer_handoff_executed
grid-treasure_DLGPR-full_seed2,2,DLGPR-full,grid-treasure,5,3,GA,3.7901773941630994,1.944500021636486,-0.06999999999999995,-0.06999999999999995,0.5,0.0,0.5054926092795292,0.030077411490841924,21.992380061555686,18.202202667392587,strict_delta_max,1,cross_layer_handoff_executed
grid-treasure_DLGPR-full_seed2,2,DLGPR-full,grid-treasure,5,4,GA,1.0080227021356278,2.147599938325584,-1.1,-1.1,0.0,0.0,0.5054926092795292,0.11895682868507583,18.202202667392587,17.19417996525696,strict_delta_max,1,cross_layer_handoff_executed
grid-treasure_DLGPR-full_seed2,2,DLGPR-full,grid-treasure,5,5,GA,1.0759835758342409,2.5448999367654324,-0.08999999999999997,-0.08999999999999997,0.5,0.0,0.5054926092795292,0.0714506316160363,17.19417996525696,16.11819638942272,strict_delta_max,1,cross_layer_handoff_executed
grid-treasure_DLGPR-full_seed2,2,DLGPR-full,grid-treasure,5,6,GA,2.974011236391817,1.4807999832555652,0.04500000000000004,0.04500000000000004,0.5,0.038668313889601284,0.5140080532453299,0.04209763068681979,16.11819638942272,13.144185153030904,strict_delta_max,1,cross_layer_handoff_executed
grid-treasure_DLGPR-full_seed2,2,DLGPR-full,grid-treasure,5,7,GA,1.4229969261710433,3.024300094693899,-1.1949999999999998,-1.1949999999999998,0.0,0.0,0.5140080532453299,0.09334669403049319,13.144185153030904,11.72118822685986,strict_delta_max,1,cross_layer_handoff_executed
grid-treasure_DLGPR-full_seed2,2,DLGPR-full,grid-treasure,5,8,GA,1.1058445813708144,1.9783000461757183,-0.06999999999999995,-0.06999999999999995,0.5,0.0,0.5140080532453299,0.12036091539942091,11.72118822685986,10.615343645489046,strict_delta_max,1,cross_layer_handoff_executed
grid-treasure_DLGPR-full_seed2,2,DLGPR-full,grid-treasure,5,9,GA,1.1629933558251593,2.0926999859511852,-0.09499999999999997,-0.09499999999999997,0.5,0.0,0.5140080532453299,0.11170500009707497,10.615343645489046,9.452350289663887,strict_delta_max,1,cross_layer_handoff_executed
grid-treasure_DLGPR-full_seed2,2,DLGPR-full,grid-treasure,5,10,GA,1.4028480094004268,2.1046000765636563,-0.09499999999999997,-0.09499999999999997,0.5,0.0,0.5140080532453299,0.10224606864985172,9.452350289663887,8.04950228026346,strict_delta_max,1,cross_layer_handoff_executed
grid-treasure_DLGPR-full_seed2,2,DLGPR-full,grid-treasure,5,11,GA,1.5601020400605599,1.990600023418665,-0.06999999999999995,-0.06999999999999995,0.5,0.0,0.5140080532453299,0.10187650156197807,8.04950228026346,6.489400240202901,strict_delta_max,1,cross_layer_handoff_executed
grid-treasure_DLGPR-full_seed2,2,DLGPR-full,grid-treasure,5,12,GA,2.2919755782966584,1.671500038355589,0.050000000000000044,0.050000000000000044,0.5,0.0021815241171617913,0.5319281827627561,0.05673957924522704,6.489400240202901,4.1974246619062425,strict_delta_max,1,cross_layer_handoff_executed
grid-treasure_DLGPR-full_seed2,2,DLGPR-full,grid-treasure,5,13,GA,3.9927497012107835,1.4669999945908785,0.050000000000000044,0.050000000000000044,0.5,0.0,0.5414554124400442,0.031772313173262186,4.1974246619062425,0.20467496069545899,strict_delta_max,1,cross_layer_handoff_executed
grid-treasure_fixed-split_seed0,0,fixed-split,grid-treasure,0,0,GA,3.2127778257737645,1.7815999453887343,0.025000000000000022,0.025000000000000022,0.5,0.0,0.8931030542994856,0.05487385891284679,28.0,24.787222174226237,strict_delta_max,1,cross_layer_handoff_executed
grid-treasure_fixed-split_seed0,0,fixed-split,grid-treasure,0,1,PSO,1.240539447270699,1.3240000698715448,0.010000000000000009,0.010000000000000009,0.5,0.0,0.0,0.1382138938747343,24.787222174226237,23.546682726955538,strict_delta_max,1,cross_layer_handoff_executed
grid-treasure_fixed-split_seed0,0,fixed-split,grid-treasure,0,2,RL,3.0155307486080147,3.047000034712255,-1.135,-1.135,0.0,0.0,0.0,0.0,23.546682726955538,20.531151978347523,strict_delta_max,2,cross_layer_handoff_executed
grid-treasure_fixed-split_seed0,0,fixed-split,grid-treasure,0,3,GA,2.659460384195745,1.4929999597370625,0.025000000000000022,0.025000000000000022,0.5,0.0,0.8754084243546231,0.0546770053002769,20.531151978347523,17.871691594151777,strict_delta_max,1,cross_layer_handoff_executed
grid-treasure_fixed-split_seed0,0,fixed-split,grid-treasure,0,4,PSO,3.298536398613016,2.769600017927587,-1.225,-1.225,0.0,0.0,0.0,0.037742041008579905,17.871691594151777,14.57315519553876,strict_delta_max,1,cross_layer_handoff_executed
grid-treasure_fixed-split_seed0,0,fixed-split,grid-treasure,0,5,RL,3.619879158304743,2.322999993339181,-0.07499999999999996,-0.07499999999999996,0.5,0.0,0.0,0.01105009262760384,14.57315519553876,10.953276037234017,strict_delta_max,2,cross_layer_handoff_executed
grid-treasure_fixed-split_seed0,0,fixed-split,grid-treasure,0,6,GA,2.986903711950858,1.5818000538274646,0.025000000000000022,0.025000000000000022,0.5,0.0,0.8089314407145728,0.04448334011898654,10.953276037234017,7.966372325283159,strict_delta_max,1,cross_layer_handoff_executed
grid-treasure_fixed-split_seed0,0,fixed-split,grid-treasure,0,7,PSO,1.6663911333067114,2.0152999786660075,-1.0699999999999998,-1.0699999999999998,0.0,0.0,0.0,0.09014254428411451,7.966372325283159,6.299981191976448,strict_delta_max,1,cross_layer_handoff_executed
grid-treasure_fixed-split_seed0,0,fixed-split,grid-treasure,0,8,RL,1.911591196405813,2.075799973681569,0.010000000000000009,0.010000000000000009,0.5,0.0,0.0,1.051480046455129,6.299981191976448,4.388389995570635,strict_delta_max,2,cross_layer_handoff_executed
grid-treasure_fixed-split_seed0,0,fixed-split,grid-treasure,0,9,GA,1.2021036244648466,1.3087999541312456,0.025000000000000022,0.025000000000000022,0.5,0.0,0.7337264185087455,0.11969196506391623,4.388389995570635,3.1862863711057883,strict_delta_max,1,cross_layer_handoff_executed
grid-treasure_fixed-split_seed0,0,fixed-split,grid-treasure,1,0,PSO,1.588517437152293,1.4446000568568707,0.025000000000000022,0.025000000000000022,0.5,0.0,0.0,0.08334409797848809,28.0,26.411482562847706,strict_delta_max,1,cross_layer_handoff_executed
grid-treasure_fixed-split_seed0,0,fixed-split,grid-treasure,1,1,RL,1.7652171229546167,1.5138998860493302,0.030000000000000027,0.030000000000000027,0.5,0.0028325127458717456,0.0,0.0,26.411482562847706,24.64626543989309,strict_delta_max,2,cross_layer_handoff_executed
grid-treasure_fixed-split_seed0,0,fixed-split,grid-treasure,1,2,GA,1.192276019740498,1.310099964030087,0.025000000000000022,0.025000000000000022,0.5,0.0,0.7296562057328728,0.10560968736444179,24.64626543989309,23.453989420152592,strict_delta_max,1,cross_layer_handoff_executed
grid-treasure_fixed-split_seed0,0,fixed-split,grid-treasure,1,3,PSO,1.2078564187023542,1.5966000501066446,0.025000000000000022,0.025000000000000022,0.5,0.0,0.0,0.13205147628888905,23.453989420152592,22.24613300145024,strict_delta_max,1,cross_layer_handoff_executed
grid-treasure_fixed-split_seed0,0,fixed-split,grid-treasure,1,4,RL,2.4784460018601084,3.715099999681115,0.030000000000000027,0.030000000000000027,0.5,0.0,0.0,0.7787137579561985,22.24613300145024,19.767686999590133,strict_delta_max,2,cross_layer_handoff_executed
grid-treasure_fixed-split_seed0,0,fixed-split,grid-treasure,1,5,GA,3.4409047630003293,1.4506001025438309,0.025000000000000022,0.025000000000000022,0.5,0.0,0.7157842771858526,0.04292567567179621,19.767686999590133,16.326782236589803,strict_delta_max,1,cross_layer_handoff_executed
grid-treasure_fixed-split_seed0,0,fixed-split,grid-treasure,1,6,PSO,2.503447681985216,1.4518999960273504,0.020000000000000018,0.020000000000000018,0.5,0.0,0.0,0.05086813826889947,16.326782236589803,13.823334554604587,strict_delta_max,1,cross_layer_handoff_executed
grid-treasure_fixed-split_seed0,0,fixed-split,grid-treasure,1,7,RL,1.1778177618203227,1.8527999054640532,0.025000000000000022,0.025000000000000022,0.5,0.0,0.0,0.0,13.823334554604587,12.645516792784264,strict_delta_max,2,cross_layer_handoff_executed
grid-treasure_fixed-split_seed0,0,fixed-split,grid-treasure,1,8,GA,3.338838565311309,1.3930000131949782,0.025000000000000022,0.025000000000000022,0.5,0.0,0.7157842771858526,0.027484559993904353,12.645516792784264,9.306678227472954,strict_delta_max,1,cross_layer_handoff_executed
grid-treasure_fixed-split_seed0,0,fixed-split,grid-treasure,1,9,PSO,3.152416723963589,1.837700023315847,-1.06,-1.06,0.0,0.0,0.0,0.038081492699909195,9.306678227472954,6.154261503509365,strict_delta_max,1,cross_layer_handoff_executed
grid-treasure_fixed-split_seed0,0,fixed-split,grid-treasure,1,10,RL,3.083842197612888,2.3529999889433384,0.025000000000000022,0.025000000000000022,0.5,0.0,0.0,0.6712405717783896,6.154261503509365,3.070419305896477,strict_delta_max,2,cross_layer_handoff_executed
grid-treasure_fixed-split_seed0,0,fixed-split,grid-treasure,2,0,GA,1.5959601187479744,1.4446999412029982,0.025000000000000022,0.025000000000000022,0.5,0.0,0.7157842771858526,0.0902195029468794,28.0,26.404039881252025,strict_delta_max,1,cross_layer_handoff_executed
grid-treasure_fixed-split_seed0,0,fixed-split,grid-treasure,2,1,PSO,1.3583915449176174,1.7095999792218208,0.025000000000000022,0.025000000000000022,0.5,0.0,0.0,0.06801663008843986,26.404039881252025,25.04564833633441,strict_delta_max,1,cross_layer_handoff_executed
grid-treasure_fixed-split_seed0,0,fixed-split,grid-treasure,2,2,RL,1.9769083868079425,2.535899984650314,0.025000000000000022,0.025000000000000022,0.5,0.0,0.0,0.0,25.04564833633441,23.068739949526467,strict_delta_max,2,cross_layer_handoff_executed
grid-treasure_fixed-split_seed0,0,fixed-split,grid-treasure,2,3,GA,2.3504844981250144,1.408600015565753,0.025000000000000022,0.025000000000000022,0.5,0.0,0.7157842771858526,0.059377812992479274,23.068739949526467,20.718255451401454,strict_delta_max,1,cross_layer_handoff_executed
grid-treasure_fixed-split_seed0,0,fixed-split,grid-treasure,2,4,PSO,1.361028059531196,1.4814999885857105,0.025000000000000022,0.025000000000000022,0.5,0.0,0.0,0.12369540121194694,20.718255451401454,19.357227391870257,strict_delta_max,1,cross_layer_handoff_executed
grid-treasure_fixed-split_seed0,0,fixed-split,grid-treasure,2,5,RL,4.0,2.3569000186398625,0.025000000000000022,0.025000000000000022,0.5,0.0,0.0,0.04000000000000001,19.357227391870257,15.357227391870257,strict_delta_max,2,cross_layer_handoff_executed
grid-treasure_fixed-split_seed0,0,fixed-split,grid-treasure,2,6,GA,1.3320942750459381,2.1901000291109085,-1.225,-1.225,0.0,0.0,0.7157842771858526,0.11157714590188063,15.357227391870257,14.02513311682432,strict_delta_max,1,cross_layer_handoff_executed
grid-treasure_fixed-split_seed0,0,fixed-split,grid-treasure,2,7,PSO,1.6967719168408875,1.6290000639855862,0.025000000000000022,0.025000000000000022,0.5,0.0,0.0,0.1008681866268687,14.02513311682432,12.328361199983432,strict_delta_max,1,cross_layer_handoff_executed
grid-treasure_fixed-split_seed0,0,fixed-split,grid-treasure,2,8,RL,2.7107205683670657,2.7129000518471003,0.025000000000000022,0.025000000000000022,0.5,0.0,0.0,0.0,12.328361199983432,9.617640631616366,strict_delta_max,2,cross_layer_handoff_executed
grid-treasure_fixed-split_seed0,0,fixed-split,grid-treasure,2,9,GA,3.3052494332797067,1.191300107166171,0.019999999999999962,0.019999999999999962,0.5,0.0,0.7157842771858526,0.04920160548833136,9.617640631616366,6.312391198336659,strict_delta_max,1,cross_layer_handoff_executed
grid-treasure_fixed-split_seed0,0,fixed-split,grid-treasure,2,10,PSO,3.019263165813034,1.474499935284257,0.025000000000000022,0.025000000000000022,0.5,0.0,0.0,0.05341304204742464,6.312391198336659,3.293128032523625,strict_delta_max,1,cross_layer_handoff_executed
grid-treasure_fixed-split_seed0,0,fixed-split,grid-treasure,3,0,RL,3.897749239844337,2.1598999155685306,0.025000000000000022,0.025000000000000022,0.5,0.0,0.0,0.04104933133317468,28.0,24.102250760155663,strict_delta_max,2,cross_layer_handoff_executed
grid-treasure_fixed-split_seed0,0,fixed-split,grid-treasure,3,1,GA,1.8542049927961244,1.4739000471308827,0.025000000000000022,0.025000000000000022,0.5,0.0,0.7157842771858526,0.07735509978739423,24.102250760155663,22.24804576735954,strict_delta_max,1,cross_layer_handoff_executed
grid-treasure_fixed-split_seed0,0,fixed-split,grid-treasure,3,2,PSO,1.716641844108974,1.6463000793009996,0.025000000000000022,0.025000000000000022,0.5,0.0,0.0,0.08683063784779903,22.24804576735954,20.531403923250565,strict_delta_max,1,cross_layer_handoff_executed
grid-treasure_fixed-split_seed0,0,fixed-split,grid-treasure,3,3,RL,2.3795360195566517,2.294600009918213,0.025000000000000022,0.025000000000000022,0.5,0.0,0.0,0.0,20.531403923250565,18.151867903693912,strict_delta_max,2,cross_layer_handoff_executed
grid-treasure_fixed-split_seed0,0,fixed-split,grid-treasure,3,4,GA,1.3348441587492532,1.3698999537155032,0.025000000000000022,0.025000000000000022,0.5,0.0,0.7157842771858526,0.0840824874376289,18.151867903693912,16.81702374494466,strict_delta_max,1,cross_layer_handoff_executed
grid-treasure_fixed-split_seed0,0,fixed-split,grid-treasure,3,5,PSO,3.3924134257242198,1.6253000358119607,0.025000000000000022,0.025000000000000022,0.5,0.0,0.0,0.03658154813203386,16.81702374494466,13.42461031922044,strict_delta_max,1,cross_layer_handoff_executed
grid-treasure_fixed-split_seed0,0,fixed-split,grid-treasure,3,6,RL,2.3441406536096365,2.6721999747678638,0.025000000000000022,0.025000000000000022,0.5,0.0,0.0,0.0,13.42461031922044,11.080469665610803,strict_delta_max,2,cross_layer_handoff_executed
grid-treasure_fixed-split_seed0,0,fixed-split,grid-treasure,3,7,GA,1.8227593698697802,1.4553000219166279,0.025000000000000022,0.025000000000000022,0.5,0.0,0.7157842771858526,0.0640903054874271,11.080469665610803,9.257710295741022,strict_delta_max,1,cross_layer_handoff_executed
grid-treasure_fixed-split_seed0,0,fixed-split,grid-treasure,3,8,PSO,3.1836319525237773,1.6138999490067363,0.025000000000000022,0.025000000000000022,0.5,0.0,0.0,0.03343670310757019,9.257710295741022,6.074078343217245,strict_delta_max,1,cross_layer_handoff_executed
grid-treasure_fixed-split_seed0,0,fixed-split,grid-treasure,3,9,RL,1.61035046258269,2.5302000576630235,0.025000000000000022,0.025000000000000022,0.5,0.0,0.0,1.3102737876176154,6.074078343217245,4.463727880634555,strict_delta_max,2,cross_layer_handoff_executed
grid-treasure_fixed-split_seed0,0,fixed-split,grid-treasure,3,10,GA,1.1387097874724046,1.4821999939158559,0.025000000000000022,0.025000000000000022,0.5,0.0,0.7157842771858526,0.14554145960533849,4.463727880634555,3.3250180931621505,strict_delta_max,1,cross_layer_handoff_executed
grid-treasure_fixed-split_seed0,0,fixed-split,grid-treasure,4,0,PSO,1.0,1.474900054745376,0.025000000000000022,0.025000000000000022,0.5,0.0,0.0,0.1344690667654005,28.0,27.0,strict_delta_max,1,cross_layer_handoff_executed
grid-treasure_fixed-split_seed0,0,fixed-split,grid-treasure,4,1,RL,2.4711965890131906,3.0953000532463193,0.025000000000000022,0.025000000000000022,0.5,0.0,0.0,0.0,27.0,24.52880341098681,strict_delta_max,2,cross_layer_handoff_executed
grid-treasure_fixed-split_seed0,0,fixed-split,grid-treasure,4,2,GA,2.913519751830174,1.5891999937593937,-0.08000000000000002,-0.08000000000000002,0.5,0.0,0.7157842771858526,0.03594936909362616,24.52880341098681,21.61528365915664,strict_delta_max,1,cross_layer_handoff_executed
grid-treasure_fixed-split_seed0,0,fixed-split,grid-treasure,4,3,PSO,3.49162539950328,1.590800005942583,0.025000000000000022,0.025000000000000022,0.5,0.0,0.0,0.03088650669238966,21.61528365915664,18.123658259653357,strict_delta_max,1,cross_layer_handoff_executed
grid-treasure_fixed-split_seed0,0,fixed-split,grid-treasure,4,4,RL,2.4634860929091675,2.4837999371811748,0.025000000000000022,0.025000000000000022,0.5,0.0,0.0,0.060889322830665095,18.123658259653357,15.66017216674419,strict_delta_max,2,cross_layer_handoff_executed
grid-treasure_fixed-split_seed0,0,fixed-split,grid-treasure,4,5,GA,1.6531298835912762,1.4983000000938773,0.025000000000000022,0.025000000000000022,0.5,0.0,0.7157842771858526,0.08444910807209037,15.66017216674419,14.007042283152913,strict_delta_max,1,cross_layer_handoff_executed
grid-treasure_fixed-split_seed0,0,fixed-split,grid-treasure,4,6,PSO,3.5138667201637035,1.7038000514730811,0.025000000000000022,0.025000000000000022,0.5,0.0,0.0,0.03700143135896763,14.007042283152913,10.49317556298921,strict_delta_max,1,cross_layer_handoff_executed
grid-treasure_fixed-split_seed0,0,fixed-split,grid-treasure,4,7,RL,3.592065099384594,2.9017000924795866,0.025000000000000022,0.025000000000000022,0.5,0.0,0.0,0.5679184378783949,10.49317556298921,6.901110463604615,strict_delta_max,2,cross_layer_handoff_executed
grid-treasure_fixed-split_seed0,0,fixed-split,grid-treasure,4,8,GA,3.4440321481599216,1.2783999554812908,-0.010000000000000009,-0.010000000000000009,0.5,0.0,0.7157842771858526,0.02856900918336737,6.901110463604615,3.4570783154446936,strict_delta_max,1,cross_layer_handoff_executed
grid-treasure_fixed-split_seed0,0,fixed-split,grid-treasure,5,0,PSO,3.347450744201483,3.6486999597400427,-1.2800000000000002,-1.2800000000000002,0.0,0.0,0.0,0.039437733197162705,28.0,24.65254925579852,strict_delta_max,1,cross_layer_handoff_executed
grid-treasure_fixed-split_seed0,0,fixed-split,grid-treasure,5,1,RL,1.652732441201768,2.8341999277472496,0.025000000000000022,0.025000000000000022,0.5,0.0,0.0,0.0,24.65254925579852,22.999816814596752,strict_delta_max,2,cross_layer_handoff_executed
grid-treasure_fixed-split_seed0,0,fixed-split,grid-treasure,5,2,GA,3.423174096214922,1.455899910070002,0.025000000000000022,0.025000000000000022,0.5,0.0,0.7157842771858526,0.04313080405226978,22.999816814596752,19.57664271838183,strict_delta_max,1,cross_layer_handoff_executed
grid-treasure_fixed-split_seed0,0,fixed-split,grid-treasure,5,3,PSO,2.4052353873363317,1.5342000406235456,0.025000000000000022,0.025000000000000022,0.5,0.0,0.0,0.05607564984231776,19.57664271838183,17.171407331045497,strict_delta_max,1,cross_layer_handoff_executed
grid-treasure_fixed-split_seed0,0,fixed-split,grid-treasure,5,4,RL,2.327421760994824,2.4562999606132507,0.025000000000000022,0.025000000000000022,0.5,0.0,0.0,0.8979893696218852,17.171407331045497,14.843985570050673,strict_delta_max,2,cross_layer_handoff_executed
grid-treasure_fixed-split_seed0,0,fixed-split,grid-treasure,5,5,GA,2.4227576407007323,1.5040000434964895,0.025000000000000022,0.025000000000000022,0.5,0.0,0.7157842771858526,0.05797299717125035,14.843985570050673,12.421227929349941,strict_delta_max,1,cross_layer_handoff_executed
grid-treasure_fixed-split_seed0,0,fixed-split,grid-treasure,5,6,PSO,2.052843965873764,1.5995000721886754,0.025000000000000022,0.025000000000000022,0.5,0.0,0.0,0.056530424741329535,12.421227929349941,10.368383963476177,strict_delta_max,1,cross_layer_handoff_executed
grid-treasure_fixed-split_seed0,0,fixed-split,grid-treasure,5,7,RL,3.314727681053981,3.1931999837979674,0.025000000000000022,0.025000000000000022,0.5,0.0,0.0,0.0,10.368383963476177,7.053656282422196,strict_delta_max,2,cross_layer_handoff_executed
grid-treasure_fixed-split_seed0,0,fixed-split,grid-treasure,5,8,GA,1.4924796938703013,1.3826999347656965,0.025000000000000022,0.025000000000000022,0.5,0.0,0.7157842771858526,0.08343820825016462,7.053656282422196,5.561176588551895,strict_delta_max,1,cross_layer_handoff_executed
grid-treasure_fixed-split_seed0,0,fixed-split,grid-treasure,5,9,PSO,2.711562205030032,1.519200042821467,0.025000000000000022,0.025000000000000022,0.5,0.0,0.0,0.03885731331890001,5.561176588551895,2.849614383521863,strict_delta_max,1,cross_layer_handoff_executed
grid-treasure_fixed-split_seed1,1,fixed-split,grid-treasure,0,0,GA,1.824988789829238,2.323299995623529,-1.05,-1.05,0.0,0.0,0.8643655984494946,0.08235453439285725,28.0,26.175011210170762,strict_delta_max,1,cross_layer_handoff_executed
grid-treasure_fixed-split_seed1,1,fixed-split,grid-treasure,0,1,PSO,2.1742379665759692,1.7549999756738544,0.010000000000000009,0.010000000000000009,0.5,0.0,0.0,0.07738612075064231,26.175011210170762,24.000773243594793,strict_delta_max,1,cross_layer_handoff_executed
grid-treasure_fixed-split_seed1,1,fixed-split,grid-treasure,0,2,RL,4.0,3.141299937851727,-1.0550000000000002,-1.0550000000000002,0.0,0.0,0.0,0.0,24.000773243594793,20.000773243594793,strict_delta_max,2,cross_layer_handoff_executed
grid-treasure_fixed-split_seed1,1,fixed-split,grid-treasure,0,3,GA,3.460774059507657,1.2895000400021672,0.0,0.0,0.5,0.0,0.7931361172545822,0.03752583778844092,20.000773243594793,16.539999184087137,strict_delta_max,1,cross_layer_handoff_executed
grid-treasure_fixed-split_seed1,1,fixed-split,grid-treasure,0,4,PSO,2.0008536891128346,2.3322999477386475,-1.04,-1.04,0.0,0.0,0.0,0.051395187414308784,16.539999184087137,14.539145494974303,strict_delta_max,1,cross_layer_handoff_executed
grid-treasure_fixed-split_seed1,1,fixed-split,grid-treasure,0,5,RL,2.7485011236861947,4.134200047701597,-1.05,-1.05,0.0,0.0,0.0,0.014553386809736208,14.539145494974303,11.790644371288108,strict_delta_max,2,cross_layer_handoff_executed
grid-treasure_fixed-split_seed1,1,fixed-split,grid-treasure,0,6,GA,2.7020960693144445,1.7074999632313848,-1.08,-1.08,0.0,0.0,0.7008340842935765,0.032199094834929366,11.790644371288108,9.088548301973663,strict_delta_max,1,cross_layer_handoff_executed
grid-treasure_fixed-split_seed1,1,fixed-split,grid-treasure,0,7,PSO,2.295104876251857,1.9012999255210161,0.010000000000000009,0.010000000000000009,0.5,0.0,0.0,0.05757072288614942,9.088548301973663,6.793443425721806,strict_delta_max,1,cross_layer_handoff_executed
grid-treasure_fixed-split_seed1,1,fixed-split,grid-treasure,0,8,RL,3.470270163333467,2.4018000112846494,-1.0550000000000002,-1.0550000000000002,0.0,0.0,0.0,0.03457944031790617,6.793443425721806,3.323173262388339,strict_delta_max,2,cross_layer_handoff_executed
grid-treasure_fixed-split_seed1,1,fixed-split,grid-treasure,1,0,GA,2.6446531908504545,1.447299961000681,0.0,0.0,0.5,0.0,0.587050156845271,0.04917995822641878,28.0,25.355346809149545,strict_delta_max,1,cross_layer_handoff_executed
grid-treasure_fixed-split_seed1,1,fixed-split,grid-treasure,1,1,PSO,1.048953610537581,1.8666000105440617,0.010000000000000009,0.010000000000000009,0.5,0.0,0.0,0.10838583167019007,25.355346809149545,24.306393198611964,strict_delta_max,1,cross_layer_handoff_executed
grid-treasure_fixed-split_seed1,1,fixed-split,grid-treasure,1,2,RL,3.3464353588503535,2.893999917432666,-1.08,-1.08,0.0,0.0,0.0,0.008964763033793169,24.306393198611964,20.95995783976161,strict_delta_max,2,cross_layer_handoff_executed
grid-treasure_fixed-split_seed1,1,fixed-split,grid-treasure,1,3,GA,2.9299610110861365,1.5584999928250909,-1.025,-1.025,0.0,0.0,0.594233575450996,0.043615134640600975,20.95995783976161,18.029996828675475,strict_delta_max,1,cross_layer_handoff_executed
grid-treasure_fixed-split_seed1,1,fixed-split,grid-treasure,1,4,PSO,3.5836735635578916,1.8276999471709132,0.010000000000000009,0.010000000000000009,0.5,0.0,0.0,0.030141211367583763,18.029996828675475,14.446323265117584,strict_delta_max,1,cross_layer_handoff_executed
grid-treasure_fixed-split_seed1,1,fixed-split,grid-treasure,1,5,RL,1.7600278885807048,2.4200999177992344,-1.08,-1.08,0.0,0.0,0.0,0.01704518445113513,14.446323265117584,12.68629537653688,strict_delta_max,2,cross_layer_handoff_executed
grid-treasure_fixed-split_seed1,1,fixed-split,grid-treasure,1,6,GA,1.0283804123806597,1.4593999367207289,0.0050000000000000044,0.0050000000000000044,0.5,0.0,0.615860430993454,0.12422071385560951,12.68629537653688,11.65791496415622,strict_delta_max,1,cross_layer_handoff_executed
grid-treasure_fixed-split_seed1,1,fixed-split,grid-treasure,1,7,PSO,3.5807414256660484,1.9315999234095216,0.010000000000000009,0.010000000000000009,0.5,0.0,0.0,0.02596033294839066,11.65791496415622,8.077173538490172,strict_delta_max,1,cross_layer_handoff_executed
grid-treasure_fixed-split_seed1,1,fixed-split,grid-treasure,1,8,RL,3.106232181567027,3.2424000091850758,-1.08,-1.08,0.0,0.0,0.0,0.0,8.077173538490172,4.970941356923145,strict_delta_max,2,cross_layer_handoff_executed
grid-treasure_fixed-split_seed1,1,fixed-split,grid-treasure,1,9,GA,2.410179956330361,1.6793999820947647,0.010000000000000009,0.010000000000000009,0.5,0.0,0.6457060898751952,0.053003827421019445,4.970941356923145,2.560761400592784,strict_delta_max,1,cross_layer_handoff_executed
grid-treasure_fixed-split_seed1,1,fixed-split,grid-treasure,2,0,PSO,3.0831472135316935,1.8322999821975827,0.010000000000000009,0.010000000000000009,0.5,0.0,0.0,0.04939743163120048,28.0,24.916852786468308,strict_delta_max,1,cross_layer_handoff_executed
grid-treasure_fixed-split_seed1,1,fixed-split,grid-treasure,2,1,RL,2.9658090762735356,3.2639000564813614,-1.0750000000000002,-1.0750000000000002,0.0,0.0,0.0,0.0269740896809575,24.916852786468308,21.95104371019477,strict_delta_max,2,cross_layer_handoff_executed
grid-treasure_fixed-split_seed1,1,fixed-split,grid-treasure,2,2,GA,2.7244855280936053,1.6290000639855862,0.010000000000000009,0.010000000000000009,0.5,0.0,0.6197168923766674,0.0392995867894561,21.95104371019477,19.226558182101165,strict_delta_max,1,cross_layer_handoff_executed
grid-treasure_fixed-split_seed1,1,fixed-split,grid-treasure,2,3,PSO,2.9371187622318797,1.9220999674871564,0.010000000000000009,0.010000000000000009,0.5,0.0,0.0,0.03785060873339655,19.226558182101165,16.289439419869286,strict_delta_max,1,cross_layer_handoff_executed
grid-treasure_fixed-split_seed1,1,fixed-split,grid-treasure,2,4,RL,3.6174844740033185,2.323900000192225,0.010000000000000009,0.010000000000000009,0.5,0.0,0.0,0.0,16.289439419869286,12.671954945865966,strict_delta_max,2,cross_layer_handoff_executed
grid-treasure_fixed-split_seed1,1,fixed-split,grid-treasure,2,5,GA,1.2826114920861778,1.4758999459445477,0.0,0.0,0.5,0.0,0.5902023103478207,0.07301314931413753,12.671954945865966,11.389343453779789,strict_delta_max,1,cross_layer_handoff_executed
grid-treasure_fixed-split_seed1,1,fixed-split,grid-treasure,2,6,PSO,2.430656312131491,1.7758000176399946,0.010000000000000009,0.010000000000000009,0.5,0.0,0.0,0.05597978500857115,11.389343453779789,8.958687141648298,strict_delta_max,1,cross_layer_handoff_executed
grid-treasure_fixed-split_seed1,1,fixed-split,grid-treasure,2,7,RL,4.0,2.9817000031471252,0.010000000000000009,0.010000000000000009,0.5,0.0,0.0,0.017500000000000016,8.958687141648298,4.958687141648298,strict_delta_max,2,cross_layer_handoff_executed
grid-treasure_fixed-split_seed1,1,fixed-split,grid-treasure,2,8,GA,3.9025507300998754,1.7880999948829412,0.010000000000000009,0.010000000000000009,0.5,0.0,0.5762153690086328,0.02125562615495949,4.958687141648298,1.0561364115484224,strict_delta_max,1,cross_layer_handoff_executed
grid-treasure_fixed-split_seed1,1,fixed-split,grid-treasure,3,0,PSO,2.7306178130860688,1.8121000612154603,0.010000000000000009,0.010000000000000009,0.5,0.0,0.0,0.05362138034953934,28.0,25.26938218691393,strict_delta_max,1,cross_layer_handoff_executed
grid-treasure_fixed-split_seed1,1,fixed-split,grid-treasure,3,1,RL,1.1939780233250012,4.140899982303381,0.010000000000000009,0.010000000000000009,0.5,0.0,0.0,1.6164451625544312,25.26938218691393,24.075404163588928,strict_delta_max,2,cross_layer_handoff_executed
grid-treasure_fixed-split_seed1,1,fixed-split,grid-treasure,3,2,GA,1.3839085336721815,1.3497000327333808,0.0,0.0,0.5,0.0,0.5458355359992891,0.08402736669551732,24.075404163588928,22.691495629916748,strict_delta_max,1,cross_layer_handoff_executed
grid-treasure_fixed-split_seed1,1,fixed-split,grid-treasure,3,3,PSO,3.464492318718444,1.8829000182449818,0.010000000000000009,0.010000000000000009,0.5,0.0,0.0,0.05238062712661459,22.691495629916748,19.227003311198303,strict_delta_max,1,cross_layer_handoff_executed
grid-treasure_fixed-split_seed1,1,fixed-split,grid-treasure,3,4,RL,1.7770238141978514,3.408099990338087,0.010000000000000009,0.010000000000000009,0.5,0.0,0.0,0.0,19.227003311198303,17.449979497000452,strict_delta_max,2,cross_layer_handoff_executed
grid-treasure_fixed-split_seed1,1,fixed-split,grid-treasure,3,5,GA,1.4513358066635338,1.7506999429315329,0.010000000000000009,0.010000000000000009,0.5,0.0,0.5050410451060429,0.0740478752977373,17.449979497000452,15.998643690336918,strict_delta_max,1,cross_layer_handoff_executed
grid-treasure_fixed-split_seed1,1,fixed-split,grid-treasure,3,6,PSO,2.735678073608988,1.792099908925593,0.010000000000000009,0.010000000000000009,0.5,0.0,0.0,0.06337640869063484,15.998643690336918,13.26296561672793,strict_delta_max,1,cross_layer_handoff_executed
grid-treasure_fixed-split_seed1,1,fixed-split,grid-treasure,3,7,RL,4.0,4.972799913957715,0.010000000000000009,0.010000000000000009,0.5,0.0,0.0,0.0,13.26296561672793,9.26296561672793,strict_delta_max,2,cross_layer_handoff_executed
grid-treasure_fixed-split_seed1,1,fixed-split,grid-treasure,3,8,GA,2.703258426103941,1.765799941495061,-1.05,-1.05,0.0,0.0,0.5050410451060429,0.026628771117720145,9.26296561672793,6.559707190623989,strict_delta_max,1,cross_layer_handoff_executed
grid-treasure_fixed-split_seed1,1,fixed-split,grid-treasure,3,9,PSO,1.0,1.8752999603748322,0.010000000000000009,0.010000000000000009,0.5,0.0,0.0,0.1632497408234168,6.559707190623989,5.559707190623989,strict_delta_max,1,cross_layer_handoff_executed
grid-treasure_fixed-split_seed1,1,fixed-split,grid-treasure,3,10,RL,2.4633270942216523,2.5568000273779035,0.010000000000000009,0.010000000000000009,0.5,0.0,0.0,0.08525055421693989,5.559707190623989,3.0963800964023367,strict_delta_max,2,cross_layer_handoff_executed
grid-treasure_fixed-split_seed1,1,fixed-split,grid-treasure,4,0,GA,3.5873035180765203,1.756099984049797,0.010000000000000009,0.010000000000000009,0.5,0.0,0.5050410451060429,0.03328235024771048,28.0,24.41269648192348,strict_delta_max,1,cross_layer_handoff_executed
grid-treasure_fixed-split_seed1,1,fixed-split,grid-treasure,4,1,PSO,1.0957797709644572,1.9352000672370195,0.010000000000000009,0.010000000000000009,0.5,0.0,0.0,0.12619224259937234,24.41269648192348,23.31691671095902,strict_delta_max,1,cross_layer_handoff_executed
grid-treasure_fixed-split_seed1,1,fixed-split,grid-treasure,4,2,RL,1.268289352077336,2.765999990515411,0.010000000000000009,0.010000000000000009,0.5,0.0,0.0,1.7030813957888458,23.31691671095902,22.048627358881685,strict_delta_max,2,cross_layer_handoff_executed
grid-treasure_fixed-split_seed1,1,fixed-split,grid-treasure,4,3,GA,3.4635948921009017,1.7411999870091677,0.010000000000000009,0.010000000000000009,0.5,0.0,0.5050410451060429,0.038448517385180084,22.048627358881685,18.585032466780785,strict_delta_max,1,cross_layer_handoff_executed
grid-treasure_fixed-split_seed1,1,fixed-split,grid-treasure,4,4,PSO,3.081755242944325,1.7367999535053968,0.010000000000000009,0.010000000000000009,0.5,0.0,0.0,0.060556372492239725,18.585032466780785,15.50327722383646,strict_delta_max,1,cross_layer_handoff_executed
grid-treasure_fixed-split_seed1,1,fixed-split,grid-treasure,4,5,RL,1.3671619385906906,3.2634000526741147,0.010000000000000009,0.010000000000000009,0.5,0.0,0.0,0.0,15.50327722383646,14.136115285245769,strict_delta_max,2,cross_layer_handoff_executed
grid-treasure_fixed-split_seed1,1,fixed-split,grid-treasure,4,6,GA,1.7445741962022625,1.907499972730875,-1.05,-1.05,0.0,0.0,0.5050410451060429,0.07931154889963167,14.136115285245769,12.391541089043507,strict_delta_max,1,cross_layer_handoff_executed
grid-treasure_fixed-split_seed1,1,fixed-split,grid-treasure,4,7,PSO,1.0,1.4599000569432974,0.0,0.0,0.5,0.0,0.0,0.09139174437993924,12.391541089043507,11.391541089043507,strict_delta_max,1,cross_layer_handoff_executed
grid-treasure_fixed-split_seed1,1,fixed-split,grid-treasure,4,8,RL,1.2996938903807362,3.1373000238090754,0.010000000000000009,0.010000000000000009,0.5,0.0,0.0,0.0,11.391541089043507,10.091847198662771,strict_delta_max,2,cross_layer_handoff_executed
grid-treasure_fixed-split_seed1,1,fixed-split,grid-treasure,4,9,GA,1.1607220517550392,1.629499951377511,0.0050000000000000044,0.0050000000000000044,0.5,0.0,0.5050410451060429,0.11233149897569505,10.091847198662771,8.931125146907732,strict_delta_max,1,cross_layer_handoff_executed
grid-treasure_fixed-split_seed1,1,fixed-split,grid-treasure,4,10,PSO,3.0179807797030076,1.8654000014066696,0.010000000000000009,0.010000000000000009,0.5,0.0,0.0,0.03618538011883943,8.931125146907732,5.913144367204724,strict_delta_max,1,cross_layer_handoff_executed
grid-treasure_fixed-split_seed1,1,fixed-split,grid-treasure,4,11,RL,2.815519217786527,2.8707999736070633,0.010000000000000009,0.010000000000000009,0.5,0.0,0.0,0.05327614141377632,5.913144367204724,3.097625149418197,strict_delta_max,2,cross_layer_handoff_executed
grid-treasure_fixed-split_seed1,1,fixed-split,grid-treasure,5,0,GA,3.080697345077759,1.750200055539608,0.0050000000000000044,0.0050000000000000044,0.5,0.0,0.5050410451060429,0.03809626836109201,28.0,24.91930265492224,strict_delta_max,1,cross_layer_handoff_executed
grid-treasure_fixed-split_seed1,1,fixed-split,grid-treasure,5,1,PSO,1.429344446562018,1.844799960963428,0.010000000000000009,0.010000000000000009,0.5,0.0,0.0,0.06809622106596148,24.91930265492224,23.48995820836022,strict_delta_max,1,cross_layer_handoff_executed
grid-treasure_fixed-split_seed1,1,fixed-split,grid-treasure,5,2,RL,2.838408666838054,3.316099988296628,0.010000000000000009,0.010000000000000009,0.5,0.0,0.0,0.0,23.48995820836022,20.65154954152217,strict_delta_max,2,cross_layer_handoff_executed
grid-treasure_fixed-split_seed1,1,fixed-split,grid-treasure,5,3,GA,1.8841090657553434,1.7588000046089292,0.010000000000000009,0.010000000000000009,0.5,0.0,0.5050410451060429,0.06852851427349073,20.65154954152217,18.767440475766826,strict_delta_max,1,cross_layer_handoff_executed
grid-treasure_fixed-split_seed1,1,fixed-split,grid-treasure,5,4,PSO,1.7542209275373648,1.795999938622117,0.010000000000000009,0.010000000000000009,0.5,0.0,0.0,0.07889466176627023,18.767440475766826,17.01321954822946,strict_delta_max,1,cross_layer_handoff_executed
grid-treasure_fixed-split_seed1,1,fixed-split,grid-treasure,5,5,RL,2.425260315966421,3.08159994892776,0.010000000000000009,0.010000000000000009,0.5,0.0,0.0,0.0453559559259794,17.01321954822946,14.58795923226304,strict_delta_max,2,cross_layer_handoff_executed
grid-treasure_fixed-split_seed1,1,fixed-split,grid-treasure,5,6,GA,1.6196523491775519,1.65200000628829,0.010000000000000009,0.010000000000000009,0.5,0.0,0.5050410451060429,0.05583173506764376,14.58795923226304,12.96830688308549,strict_delta_max,1,cross_layer_handoff_executed
grid-treasure_fixed-split_seed1,1,fixed-split,grid-treasure,5,7,PSO,2.203797966774364,1.959300017915666,0.010000000000000009,0.010000000000000009,0.5,0.0,0.0,0.05217217848550123,12.96830688308549,10.764508916311126,strict_delta_max,1,cross_layer_handoff_executed
grid-treasure_fixed-split_seed1,1,fixed-split,grid-treasure,5,8,RL,2.1383651030772914,2.3675999836996198,0.010000000000000009,0.010000000000000009,0.5,0.0,0.0,0.0,10.764508916311126,8.626143813233835,strict_delta_max,2,cross_layer_handoff_executed
grid-treasure_fixed-split_seed1,1,fixed-split,grid-treasure,5,9,GA,3.8895070716574907,1.8668000120669603,0.010000000000000009,0.010000000000000009,0.5,0.0,0.5050410451060429,0.03814590210035159,8.626143813233835,4.736636741576344,strict_delta_max,1,cross_layer_handoff_executed
grid-treasure_fixed-split_seed1,1,fixed-split,grid-treasure,5,10,PSO,1.4445862002248762,2.161300042644143,0.010000000000000009,0.010000000000000009,0.5,0.0,0.0,0.06511230341079766,4.736636741576344,3.2920505413514682,strict_delta_max,1,cross_layer_handoff_executed
grid-treasure_fixed-split_seed2,2,fixed-split,grid-treasure,0,0,GA,3.9053653955254966,3.7067000521346927,-0.6500000000000001,-0.6500000000000001,0.0,0.0,0.8718432739321208,0.04391968426834987,28.0,24.094634604474503,strict_delta_max,1,cross_layer_handoff_executed
grid-treasure_fixed-split_seed2,2,fixed-split,grid-treasure,0,1,PSO,1.6816474976395537,2.3138999240472913,-1.12,-1.12,0.0,0.0,0.0,0.08873132629818674,24.094634604474503,22.41298710683495,strict_delta_max,1,cross_layer_handoff_executed
grid-treasure_fixed-split_seed2,2,fixed-split,grid-treasure,0,2,RL,1.3622580479494517,2.928100060671568,-1.12,-1.12,0.0,0.0,0.0,0.0,22.41298710683495,21.050729058885498,strict_delta_max,2,cross_layer_handoff_executed
grid-treasure_fixed-split_seed2,2,fixed-split,grid-treasure,0,3,GA,3.3079688215383105,3.3184000058099627,-1.2349999999999999,-1.2349999999999999,0.0,0.0,0.8441815109289925,0.04901357931999614,21.050729058885498,17.742760237347188,strict_delta_max,1,cross_layer_handoff_executed
grid-treasure_fixed-split_seed2,2,fixed-split,grid-treasure,0,4,PSO,2.2659582207028057,1.6380000161007047,-0.975,-0.975,0.0,0.0,0.0,0.05362958242575609,17.742760237347188,15.476802016644381,strict_delta_max,1,cross_layer_handoff_executed
grid-treasure_fixed-split_seed2,2,fixed-split,grid-treasure,0,5,RL,3.281732557964693,4.345200024545193,-1.12,-1.12,0.0,0.0,0.0,0.0,15.476802016644381,12.195069458679688,strict_delta_max,2,cross_layer_handoff_executed
grid-treasure_fixed-split_seed2,2,fixed-split,grid-treasure,0,6,GA,2.4363648014259303,1.7655000556260347,-0.06999999999999995,-0.06999999999999995,0.5,0.010261189122978744,0.8064333509757664,0.06313669812067964,12.195069458679688,9.758704657253759,strict_delta_max,1,cross_layer_handoff_executed
grid-treasure_fixed-split_seed2,2,fixed-split,grid-treasure,0,7,PSO,3.035932338780581,2.3807999677956104,-1.12,-1.12,0.0,0.0,0.0,0.030053440383706644,9.758704657253759,6.722772318473178,strict_delta_max,1,cross_layer_handoff_executed
grid-treasure_fixed-split_seed2,2,fixed-split,grid-treasure,0,8,RL,4.0,3.404199960641563,-1.12,-1.12,0.0,0.0,0.0,0.03250000000000003,6.722772318473178,2.7227723184731776,strict_delta_max,2,cross_layer_handoff_executed
grid-treasure_fixed-split_seed2,2,fixed-split,grid-treasure,1,0,GA,1.5061364349955495,2.1724000107496977,-0.06999999999999995,-0.06999999999999995,0.5,0.0,0.8189175342018038,0.10717178680063962,28.0,26.49386356500445,strict_delta_max,1,cross_layer_handoff_executed
grid-treasure_fixed-split_seed2,2,fixed-split,grid-treasure,1,1,PSO,1.138152930681977,2.4474000092595816,-1.12,-1.12,0.0,0.0,0.0,0.05648333593767272,26.49386356500445,25.355710634322474,strict_delta_max,1,cross_layer_handoff_executed
grid-treasure_fixed-split_seed2,2,fixed-split,grid-treasure,1,2,RL,1.6531780555544702,2.4748999858275056,-1.12,-1.12,0.0,0.0,0.0,0.0,25.355710634322474,23.702532578768004,strict_delta_max,2,cross_layer_handoff_executed
grid-treasure_fixed-split_seed2,2,fixed-split,grid-treasure,1,3,GA,3.89199335172641,2.015500096604228,-0.09499999999999997,-0.09499999999999997,0.5,0.0,0.7668710046910088,0.03233953276617344,23.702532578768004,19.810539227041595,strict_delta_max,1,cross_layer_handoff_executed
grid-treasure_fixed-split_seed2,2,fixed-split,grid-treasure,1,4,PSO,1.2598358797375702,1.9283000146970153,-1.0,-1.0,0.0,0.0,0.0,0.0897660842136489,19.810539227041595,18.550703347304026,strict_delta_max,1,cross_layer_handoff_executed
grid-treasure_fixed-split_seed2,2,fixed-split,grid-treasure,1,5,RL,2.293223093140829,2.7674000011757016,-1.12,-1.12,0.0,0.0,0.0,0.0,18.550703347304026,16.257480254163198,strict_delta_max,2,cross_layer_handoff_executed
grid-treasure_fixed-split_seed2,2,fixed-split,grid-treasure,1,6,GA,3.0313871446115948,2.3022000677883625,-1.12,-1.12,0.0,0.0,0.7668710046910088,0.04993383289702889,16.257480254163198,13.226093109551604,strict_delta_max,1,cross_layer_handoff_executed
grid-treasure_fixed-split_seed2,2,fixed-split,grid-treasure,1,7,PSO,1.7612349902445743,2.6456000050529838,-1.12,-1.12,0.0,0.0,0.0,0.06691824613037199,13.226093109551604,11.46485811930703,strict_delta_max,1,cross_layer_handoff_executed
grid-treasure_fixed-split_seed2,2,fixed-split,grid-treasure,1,8,RL,1.9013373260137705,3.881199983879924,-1.12,-1.12,0.0,0.0,0.0,0.0,11.46485811930703,9.563520793293259,strict_delta_max,2,cross_layer_handoff_executed
grid-treasure_fixed-split_seed2,2,fixed-split,grid-treasure,1,9,GA,1.3462409169364309,2.4677999317646027,-1.135,-1.135,0.0,0.0,0.7668710046910088,0.118975098789455,9.563520793293259,8.217279876356828,strict_delta_max,1,cross_layer_handoff_executed
grid-treasure_fixed-split_seed2,2,fixed-split,grid-treasure,1,10,PSO,1.1387559756188803,2.047999994829297,-0.07999999999999996,-0.07999999999999996,0.5,0.0,0.0,0.10180961841300246,8.217279876356828,7.078523900737948,strict_delta_max,1,cross_layer_handoff_executed
grid-treasure_fixed-split_seed2,2,fixed-split,grid-treasure,1,11,RL,1.5539695480718154,4.255500040017068,-1.12,-1.12,0.0,0.0,0.0,0.0,7.078523900737948,5.524554352666133,strict_delta_max,2,cross_layer_handoff_executed
grid-treasure_fixed-split_seed2,2,fixed-split,grid-treasure,1,12,GA,1.1115101470866477,2.611099975183606,-0.08499999999999996,-0.08499999999999996,0.5,0.0,0.7467841859013832,0.096397658259096,5.524554352666133,4.413044205579485,strict_delta_max,1,cross_layer_handoff_executed
grid-treasure_fixed-split_seed2,2,fixed-split,grid-treasure,1,13,PSO,3.1470739495555695,2.206999924965203,-0.09499999999999997,-0.09499999999999997,0.5,0.0,0.0,0.02453543364165067,4.413044205579485,1.2659702560239157,strict_delta_max,1,cross_layer_handoff_executed
grid-treasure_fixed-split_seed2,2,fixed-split,grid-treasure,2,0,RL,2.97630746280092,2.84319999627769,-1.12,-1.12,0.0,0.0,0.0,0.036958547251862935,28.0,25.02369253719908,strict_delta_max,2,cross_layer_handoff_executed
grid-treasure_fixed-split_seed2,2,fixed-split,grid-treasure,2,1,GA,3.4451888595990283,2.5171999586746097,-0.10999999999999999,-0.10999999999999999,0.5,0.0,0.6896184569682962,0.03391612680656198,25.02369253719908,21.57850367760005,strict_delta_max,1,cross_layer_handoff_executed
grid-treasure_fixed-split_seed2,2,fixed-split,grid-treasure,2,2,PSO,3.1874809694966126,2.7788999723270535,-1.145,-1.145,0.0,0.0,0.0,0.04944306089534031,21.57850367760005,18.39102270810344,strict_delta_max,1,cross_layer_handoff_executed
grid-treasure_fixed-split_seed2,2,fixed-split,grid-treasure,2,3,RL,2.9088523361849923,3.4159000497311354,-0.06999999999999995,-0.06999999999999995,0.5,0.0,0.0,0.0,18.39102270810344,15.482170371918446,strict_delta_max,2,cross_layer_handoff_executed
grid-treasure_fixed-split_seed2,2,fixed-split,grid-treasure,2,4,GA,1.3987878776491236,1.8137999577447772,-0.06999999999999995,-0.06999999999999995,0.5,0.0,0.6038719510383954,0.10214333214408196,15.482170371918446,14.083382494269323,strict_delta_max,1,cross_layer_handoff_executed
grid-treasure_fixed-split_seed2,2,fixed-split,grid-treasure,2,5,PSO,1.3934486104922021,2.292199991643429,-0.09499999999999997,-0.09499999999999997,0.5,0.0,0.0,0.06709094899247027,14.083382494269323,12.68993388377712,strict_delta_max,1,cross_layer_handoff_executed
grid-treasure_fixed-split_seed2,2,fixed-split,grid-treasure,2,6,RL,1.6035975270961769,3.4713000059127808,-0.06999999999999995,-0.06999999999999995,0.5,0.0,0.0,0.0,12.68993388377712,11.086336356680944,strict_delta_max,2,cross_layer_handoff_executed
grid-treasure_fixed-split_seed2,2,fixed-split,grid-treasure,2,7,GA,3.113041615168579,1.869299914687872,-0.09499999999999997,-0.09499999999999997,0.5,0.0,0.5516764159936336,0.03654375351356408,11.086336356680944,7.9732947415123645,strict_delta_max,1,cross_layer_handoff_executed
grid-treasure_fixed-split_seed2,2,fixed-split,grid-treasure,2,8,PSO,1.3584570956379494,1.9210000755265355,-0.06999999999999995,-0.06999999999999995,0.5,0.0,0.0,0.03683893078088622,7.9732947415123645,6.614837645874415,strict_delta_max,1,cross_layer_handoff_executed
grid-treasure_fixed-split_seed2,2,fixed-split,grid-treasure,2,9,RL,1.9969066180345878,2.283999929204583,-0.06999999999999995,-0.06999999999999995,0.5,0.0,0.0,0.020030981738830216,6.614837645874415,4.617931027839827,strict_delta_max,2,cross_layer_handoff_executed
grid-treasure_fixed-split_seed2,2,fixed-split,grid-treasure,2,10,GA,2.5408954315293975,1.93060003221035,-0.09499999999999997,-0.09499999999999997,0.5,0.0,0.507070306340089,0.06001179650150377,4.617931027839827,2.0770355963104294,strict_delta_max,1,cross_layer_handoff_executed
grid-treasure_fixed-split_seed2,2,fixed-split,grid-treasure,3,0,PSO,1.0846313290735214,1.8126999493688345,-0.06999999999999995,-0.06999999999999995,0.5,0.0,0.0,0.033402943370583194,28.0,26.91536867092648,strict_delta_max,1,cross_layer_handoff_executed
grid-treasure_fixed-split_seed2,2,fixed-split,grid-treasure,3,1,RL,3.037994776016133,4.41209995187819,-0.13,-0.13,0.5,0.0,0.0,0.0,26.91536867092648,23.877373894910345,strict_delta_max,2,cross_layer_handoff_executed
grid-treasure_fixed-split_seed2,2,fixed-split,grid-treasure,3,2,GA,2.866654054784691,2.015199977904558,-0.09499999999999997,-0.09499999999999997,0.5,0.0,0.507070306340089,0.0415671424021782,23.877373894910345,21.010719840125653,strict_delta_max,1,cross_layer_handoff_executed
grid-treasure_fixed-split_seed2,2,fixed-split,grid-treasure,3,3,PSO,1.5779710952029378,2.2163999965414405,-1.1,-1.1,0.0,0.0,0.0,0.05523733225647863,21.010719840125653,19.432748744922716,strict_delta_max,1,cross_layer_handoff_executed
grid-treasure_fixed-split_seed2,2,fixed-split,grid-treasure,3,4,RL,3.4931468294178374,3.7270000902935863,-0.10499999999999998,-0.10499999999999998,0.5,0.0,0.0,0.011450993031021938,19.432748744922716,15.939601915504879,strict_delta_max,2,cross_layer_handoff_executed
grid-treasure_fixed-split_seed2,2,fixed-split,grid-treasure,3,5,GA,3.531098879177328,2.027899958193302,-0.09499999999999997,-0.09499999999999997,0.5,0.0,0.507070306340089,0.02054909193077191,15.939601915504879,12.40850303632755,strict_delta_max,1,cross_layer_handoff_executed
grid-treasure_fixed-split_seed2,2,fixed-split,grid-treasure,3,6,PSO,1.7520544343397648,2.273299964144826,-1.12,-1.12,0.0,0.0,0.0,0.028630685930462724,12.40850303632755,10.656448601987785,strict_delta_max,1,cross_layer_handoff_executed
grid-treasure_fixed-split_seed2,2,fixed-split,grid-treasure,3,7,RL,3.6058187557076344,3.7650999147444963,-0.09499999999999997,-0.09499999999999997,0.5,0.0,0.0,0.0,10.656448601987785,7.050629846280151,strict_delta_max,2,cross_layer_handoff_executed
grid-treasure_fixed-split_seed2,2,fixed-split,grid-treasure,3,8,GA,1.8271547633861547,1.5896999975666404,0.010000000000000009,0.010000000000000009,0.5,0.043783921101319755,0.5157857241307565,0.0507875360086726,7.050629846280151,5.223475082893996,strict_delta_max,1,cross_layer_handoff_executed
grid-treasure_fixed-split_seed2,2,fixed-split,grid-treasure,3,9,PSO,2.755038975644727,2.1002000430598855,-0.09499999999999997,-0.09499999999999997,0.5,0.0,0.0,0.03237288976902153,5.223475082893996,2.468436107249269,strict_delta_max,1,cross_layer_handoff_executed
grid-treasure_fixed-split_seed2,2,fixed-split,grid-treasure,4,0,RL,1.621780311731351,3.115100087597966,-0.09499999999999997,-0.09499999999999997,0.5,0.0,0.0,0.012332126524984619,28.0,26.37821968826865,strict_delta_max,2,cross_layer_handoff_executed
grid-treasure_fixed-split_seed2,2,fixed-split,grid-treasure,4,1,GA,2.941844489311082,1.8125999486073852,-0.06999999999999995,-0.06999999999999995,0.5,0.0,0.5056629848647204,0.04312469713026957,26.37821968826865,23.43637519895757,strict_delta_max,1,cross_layer_handoff_executed
grid-treasure_fixed-split_seed2,2,fixed-split,grid-treasure,4,2,PSO,3.5530345299543096,2.072300063446164,-0.09499999999999997,-0.09499999999999997,0.5,0.0,0.0,0.027740763834077756,23.43637519895757,19.88334066900326,strict_delta_max,1,cross_layer_handoff_executed
grid-treasure_fixed-split_seed2,2,fixed-split,grid-treasure,4,3,RL,2.278258791703387,2.3102000122889876,-0.09499999999999997,-0.09499999999999997,0.5,0.0,0.0,0.004389316980325709,19.88334066900326,17.605081877299874,strict_delta_max,2,cross_layer_handoff_executed
grid-treasure_fixed-split_seed2,2,fixed-split,grid-treasure,4,4,GA,3.8317668736045585,2.6230000657960773,-0.13,-0.13,0.5,0.0,0.5056629848647204,0.030203980786535203,17.605081877299874,13.773315003695316,strict_delta_max,1,cross_layer_handoff_executed
grid-treasure_fixed-split_seed2,2,fixed-split,grid-treasure,4,5,PSO,2.606432785488221,2.5562000228092074,-1.145,-1.145,0.0,0.0,0.0,0.019305359186707678,13.773315003695316,11.166882218207096,strict_delta_max,1,cross_layer_handoff_executed
grid-treasure_fixed-split_seed2,2,fixed-split,grid-treasure,4,6,RL,3.686492604489432,2.5812999811023474,-0.09499999999999997,-0.09499999999999997,0.5,0.0,0.0,0.0054252109378013945,11.166882218207096,7.480389613717664,strict_delta_max,2,cross_layer_handoff_executed
grid-treasure_fixed-split_seed2,2,fixed-split,grid-treasure,4,7,GA,1.4766306569183678,1.694599981419742,-0.06999999999999995,-0.06999999999999995,0.5,0.0,0.5056629848647204,0.08533353079045283,7.480389613717664,6.003758956799296,strict_delta_max,1,cross_layer_handoff_executed
grid-treasure_fixed-split_seed2,2,fixed-split,grid-treasure,4,8,PSO,1.715060792157137,1.896600006148219,-0.06999999999999995,-0.06999999999999995,0.5,0.0,0.0,0.04140410452428784,6.003758956799296,4.28869816464216,strict_delta_max,1,cross_layer_handoff_executed
grid-treasure_fixed-split_seed2,2,fixed-split,grid-treasure,4,9,RL,3.3142213603151944,3.571700071915984,-0.09499999999999997,-0.09499999999999997,0.5,0.0,0.0,0.0,4.28869816464216,0.9744768043269652,strict_delta_max,2,cross_layer_handoff_executed
grid-treasure_fixed-split_seed2,2,fixed-split,grid-treasure,5,0,GA,1.9280126472604011,2.739100018516183,-1.1600000000000001,-1.1600000000000001,0.0,0.0,0.5056629848647204,0.04434699834802393,28.0,26.071987352739598,strict_delta_max,1,cross_layer_handoff_executed
grid-treasure_fixed-split_seed2,2,fixed-split,grid-treasure,5,1,PSO,2.7459474796562544,1.8382999114692211,-0.06999999999999995,-0.06999999999999995,0.5,0.0,0.0,0.010626023096494732,26.071987352739598,23.326039873083342,strict_delta_max,1,cross_layer_handoff_executed
grid-treasure_fixed-split_seed2,2,fixed-split,grid-treasure,5,2,RL,3.019074497423222,4.342200001701713,-0.09499999999999997,-0.09499999999999997,0.5,0.0,0.0,0.0,23.326039873083342,20.30696537566012,strict_delta_max,2,cross_layer_handoff_executed
grid-treasure_fixed-split_seed2,2,fixed-split,grid-treasure,5,3,GA,3.667635541816155,2.231599995866418,-1.13,-1.13,0.0,0.0,0.5056629848647204,0.023295579555357267,20.30696537566012,16.639329833843966,strict_delta_max,1,cross_layer_handoff_executed
grid-treasure_fixed-split_seed2,2,fixed-split,grid-treasure,5,4,PSO,2.857583775058234,1.9372999668121338,-0.06999999999999995,-0.06999999999999995,0.5,0.0,0.0,0.011185380657711269,16.639329833843966,13.781746058785732,strict_delta_max,1,cross_layer_handoff_executed
grid-treasure_fixed-split_seed2,2,fixed-split,grid-treasure,5,5,RL,2.194248792950548,3.7302999990060925,-0.09499999999999997,-0.09499999999999997,0.5,0.0,0.0,0.07291789359257315,13.781746058785732,11.587497265835184,strict_delta_max,2,cross_layer_handoff_executed
grid-treasure_fixed-split_seed2,2,fixed-split,grid-treasure,5,6,GA,1.104294173391021,2.2481000050902367,-0.10999999999999999,-0.10999999999999999,0.5,0.0,0.5056629848647204,0.09487516567539601,11.587497265835184,10.483203092444164,strict_delta_max,1,cross_layer_handoff_executed
grid-treasure_fixed-split_seed2,2,fixed-split,grid-treasure,5,7,PSO,2.7179530103883476,1.9676999654620886,-0.06999999999999995,-0.06999999999999995,0.5,0.0,0.0,0.019126966159707767,10.483203092444164,7.765250082055816,strict_delta_max,1,cross_layer_handoff_executed
grid-treasure_fixed-split_seed2,2,fixed-split,grid-treasure,5,8,RL,4.0,4.800599999725819,-0.10499999999999998,-0.10499999999999998,0.5,0.0,0.0,0.0,7.765250082055816,3.7652500820558163,strict_delta_max,2,cross_layer_handoff_executed
grid-treasure_round-robin_seed0,0,round-robin,grid-treasure,0,0,GA,3.2127778257737645,2.0074000349268317,0.025000000000000022,0.025000000000000022,0.5,0.0,0.8931030542994856,0.05487385891284679,28.0,24.787222174226237,strict_delta_max,1,cross_layer_handoff_executed
grid-treasure_round-robin_seed0,0,round-robin,grid-treasure,0,1,PSO,1.240539447270699,1.3176000211387873,0.010000000000000009,0.010000000000000009,0.5,0.0,0.0,0.1382138938747343,24.787222174226237,23.546682726955538,strict_delta_max,1,cross_layer_handoff_executed
grid-treasure_round-robin_seed0,0,round-robin,grid-treasure,0,2,RL,3.0155307486080147,2.9961999971419573,-1.135,-1.135,0.0,0.0,0.0,0.0,23.546682726955538,20.531151978347523,strict_delta_max,2,cross_layer_handoff_executed
grid-treasure_round-robin_seed0,0,round-robin,grid-treasure,0,3,GA,2.659460384195745,1.3919000048190355,0.025000000000000022,0.025000000000000022,0.5,0.0,0.8754084243546231,0.0546770053002769,20.531151978347523,17.871691594151777,strict_delta_max,1,cross_layer_handoff_executed
grid-treasure_round-robin_seed0,0,round-robin,grid-treasure,0,4,PSO,3.298536398613016,2.6771000120788813,-1.225,-1.225,0.0,0.0,0.0,0.037742041008579905,17.871691594151777,14.57315519553876,strict_delta_max,1,cross_layer_handoff_executed
grid-treasure_round-robin_seed0,0,round-robin,grid-treasure,0,5,RL,3.619879158304743,2.3674999829381704,-0.07499999999999996,-0.07499999999999996,0.5,0.0,0.0,0.01105009262760384,14.57315519553876,10.953276037234017,strict_delta_max,2,cross_layer_handoff_executed
grid-treasure_round-robin_seed0,0,round-robin,grid-treasure,0,6,GA,2.986903711950858,1.4662999892607331,0.025000000000000022,0.025000000000000022,0.5,0.0,0.8089314407145728,0.04448334011898654,10.953276037234017,7.966372325283159,strict_delta_max,1,cross_layer_handoff_executed
grid-treasure_round-robin_seed0,0,round-robin,grid-treasure,0,7,PSO,1.6663911333067114,2.0122999558225274,-1.0699999999999998,-1.0699999999999998,0.0,0.0,0.0,0.09014254428411451,7.966372325283159,6.299981191976448,strict_delta_max,1,cross_layer_handoff_executed
grid-treasure_round-robin_seed0,0,round-robin,grid-treasure,0,8,RL,1.911591196405813,2.1382999839261174,0.010000000000000009,0.010000000000000009,0.5,0.0,0.0,1.051480046455129,6.299981191976448,4.388389995570635,strict_delta_max,2,cross_layer_handoff_executed
grid-treasure_round-robin_seed0,0,round-robin,grid-treasure,0,9,GA,1.2021036244648466,1.344699994660914,0.025000000000000022,0.025000000000000022,0.5,0.0,0.7337264185087455,0.11969196506391623,4.388389995570635,3.1862863711057883,strict_delta_max,1,cross_layer_handoff_executed
grid-treasure_round-robin_seed0,0,round-robin,grid-treasure,1,0,PSO,1.588517437152293,1.4123000437393785,0.025000000000000022,0.025000000000000022,0.5,0.0,0.0,0.08334409797848809,28.0,26.411482562847706,strict_delta_max,1,cross_layer_handoff_executed
grid-treasure_round-robin_seed0,0,round-robin,grid-treasure,1,1,RL,1.7652171229546167,1.5797000378370285,0.030000000000000027,0.030000000000000027,0.5,0.0028325127458717456,0.0,0.0,26.411482562847706,24.64626543989309,strict_delta_max,2,cross_layer_handoff_executed
grid-treasure_round-robin_seed0,0,round-robin,grid-treasure,1,2,GA,1.192276019740498,1.2983999913558364,0.025000000000000022,0.025000000000000022,0.5,0.0,0.7296562057328728,0.10560968736444179,24.64626543989309,23.453989420152592,strict_delta_max,1,cross_layer_handoff_executed
grid-treasure_round-robin_seed0,0,round-robin,grid-treasure,1,3,PSO,1.2078564187023542,1.6123999375849962,0.025000000000000022,0.025000000000000022,0.5,0.0,0.0,0.13205147628888905,23.453989420152592,22.24613300145024,strict_delta_max,1,cross_layer_handoff_executed
grid-treasure_round-robin_seed0,0,round-robin,grid-treasure,1,4,RL,2.4784460018601084,3.671300015412271,0.030000000000000027,0.030000000000000027,0.5,0.0,0.0,0.7787137579561985,22.24613300145024,19.767686999590133,strict_delta_max,2,cross_layer_handoff_executed
grid-treasure_round-robin_seed0,0,round-robin,grid-treasure,1,5,GA,3.4409047630003293,1.3809999218210578,0.025000000000000022,0.025000000000000022,0.5,0.0,0.7157842771858526,0.04292567567179621,19.767686999590133,16.326782236589803,strict_delta_max,1,cross_layer_handoff_executed
grid-treasure_round-robin_seed0,0,round-robin,grid-treasure,1,6,PSO,2.503447681985216,1.347400015220046,0.020000000000000018,0.020000000000000018,0.5,0.0,0.0,0.05086813826889947,16.326782236589803,13.823334554604587,strict_delta_max,1,cross_layer_handoff_executed
grid-treasure_round-robin_seed0,0,round-robin,grid-treasure,1,7,RL,1.1778177618203227,1.9075999734923244,0.025000000000000022,0.025000000000000022,0.5,0.0,0.0,0.0,13.823334554604587,12.645516792784264,strict_delta_max,2,cross_layer_handoff_executed
grid-treasure_round-robin_seed0,0,round-robin,grid-treasure,1,8,GA,3.338838565311309,1.4918000670149922,0.025000000000000022,0.025000000000000022,0.5,0.0,0.7157842771858526,0.027484559993904353,12.645516792784264,9.306678227472954,strict_delta_max,1,cross_layer_handoff_executed
grid-treasure_round-robin_seed0,0,round-robin,grid-treasure,1,9,PSO,3.152416723963589,1.6867000376805663,-1.06,-1.06,0.0,0.0,0.0,0.038081492699909195,9.306678227472954,6.154261503509365,strict_delta_max,1,cross_layer_handoff_executed
grid-treasure_round-robin_seed0,0,round-robin,grid-treasure,1,10,RL,3.083842197612888,2.283100038766861,0.025000000000000022,0.025000000000000022,0.5,0.0,0.0,0.6712405717783896,6.154261503509365,3.070419305896477,strict_delta_max,2,cross_layer_handoff_executed
grid-treasure_round-robin_seed0,0,round-robin,grid-treasure,2,0,GA,1.5959601187479744,1.3882999774068594,0.025000000000000022,0.025000000000000022,0.5,0.0,0.7157842771858526,0.0902195029468794,28.0,26.404039881252025,strict_delta_max,1,cross_layer_handoff_executed
grid-treasure_round-robin_seed0,0,round-robin,grid-treasure,2,1,PSO,1.3583915449176174,1.5987999504432082,0.025000000000000022,0.025000000000000022,0.5,0.0,0.0,0.06801663008843986,26.404039881252025,25.04564833633441,strict_delta_max,1,cross_layer_handoff_executed
grid-treasure_round-robin_seed0,0,round-robin,grid-treasure,2,2,RL,1.9769083868079425,2.5403000181540847,0.025000000000000022,0.025000000000000022,0.5,0.0,0.0,0.0,25.04564833633441,23.068739949526467,strict_delta_max,2,cross_layer_handoff_executed
grid-treasure_round-robin_seed0,0,round-robin,grid-treasure,2,3,GA,2.3504844981250144,1.355400076135993,0.025000000000000022,0.025000000000000022,0.5,0.0,0.7157842771858526,0.059377812992479274,23.068739949526467,20.718255451401454,strict_delta_max,1,cross_layer_handoff_executed
grid-treasure_round-robin_seed0,0,round-robin,grid-treasure,2,4,PSO,1.361028059531196,1.603199983946979,0.025000000000000022,0.025000000000000022,0.5,0.0,0.0,0.12369540121194694,20.718255451401454,19.357227391870257,strict_delta_max,1,cross_layer_handoff_executed
grid-treasure_round-robin_seed0,0,round-robin,grid-treasure,2,5,RL,4.0,2.246200107038021,0.025000000000000022,0.025000000000000022,0.5,0.0,0.0,0.04000000000000001,19.357227391870257,15.357227391870257,strict_delta_max,2,cross_layer_handoff_executed
grid-treasure_round-robin_seed0,0,round-robin,grid-treasure,2,6,GA,1.3320942750459381,2.367699984461069,-1.225,-1.225,0.0,0.0,0.7157842771858526,0.11157714590188063,15.357227391870257,14.02513311682432,strict_delta_max,1,cross_layer_handoff_executed
grid-treasure_round-robin_seed0,0,round-robin,grid-treasure,2,7,PSO,1.6967719168408875,1.600000075995922,0.025000000000000022,0.025000000000000022,0.5,0.0,0.0,0.1008681866268687,14.02513311682432,12.328361199983432,strict_delta_max,1,cross_layer_handoff_executed
grid-treasure_round-robin_seed0,0,round-robin,grid-treasure,2,8,RL,2.7107205683670657,2.6440999936312437,0.025000000000000022,0.025000000000000022,0.5,0.0,0.0,0.0,12.328361199983432,9.617640631616366,strict_delta_max,2,cross_layer_handoff_executed
grid-treasure_round-robin_seed0,0,round-robin,grid-treasure,2,9,GA,3.3052494332797067,1.2166000669822097,0.019999999999999962,0.019999999999999962,0.5,0.0,0.7157842771858526,0.04920160548833136,9.617640631616366,6.312391198336659,strict_delta_max,1,cross_layer_handoff_executed
grid-treasure_round-robin_seed0,0,round-robin,grid-treasure,2,10,PSO,3.019263165813034,1.5483000315725803,0.025000000000000022,0.025000000000000022,0.5,0.0,0.0,0.05341304204742464,6.312391198336659,3.293128032523625,strict_delta_max,1,cross_layer_handoff_executed
grid-treasure_round-robin_seed0,0,round-robin,grid-treasure,3,0,RL,3.897749239844337,2.293199999257922,0.025000000000000022,0.025000000000000022,0.5,0.0,0.0,0.04104933133317468,28.0,24.102250760155663,strict_delta_max,2,cross_layer_handoff_executed
grid-treasure_round-robin_seed0,0,round-robin,grid-treasure,3,1,GA,1.8542049927961244,1.4139000559225678,0.025000000000000022,0.025000000000000022,0.5,0.0,0.7157842771858526,0.07735509978739423,24.102250760155663,22.24804576735954,strict_delta_max,1,cross_layer_handoff_executed
grid-treasure_round-robin_seed0,0,round-robin,grid-treasure,3,2,PSO,1.716641844108974,1.6612999606877565,0.025000000000000022,0.025000000000000022,0.5,0.0,0.0,0.08683063784779903,22.24804576735954,20.531403923250565,strict_delta_max,1,cross_layer_handoff_executed
grid-treasure_round-robin_seed0,0,round-robin,grid-treasure,3,3,RL,2.3795360195566517,2.2782000014558434,0.025000000000000022,0.025000000000000022,0.5,0.0,0.0,0.0,20.531403923250565,18.151867903693912,strict_delta_max,2,cross_layer_handoff_executed
grid-treasure_round-robin_seed0,0,round-robin,grid-treasure,3,4,GA,1.3348441587492532,1.3096999609842896,0.025000000000000022,0.025000000000000022,0.5,0.0,0.7157842771858526,0.0840824874376289,18.151867903693912,16.81702374494466,strict_delta_max,1,cross_layer_handoff_executed
grid-treasure_round-robin_seed0,0,round-robin,grid-treasure,3,5,PSO,3.3924134257242198,1.6599999507889152,0.025000000000000022,0.025000000000000022,0.5,0.0,0.0,0.03658154813203386,16.81702374494466,13.42461031922044,strict_delta_max,1,cross_layer_handoff_executed
grid-treasure_round-robin_seed0,0,round-robin,grid-treasure,3,6,RL,2.3441406536096365,2.568800002336502,0.025000000000000022,0.025000000000000022,0.5,0.0,0.0,0.0,13.42461031922044,11.080469665610803,strict_delta_max,2,cross_layer_handoff_executed
grid-treasure_round-robin_seed0,0,round-robin,grid-treasure,3,7,GA,1.8227593698697802,1.482499996200204,0.025000000000000022,0.025000000000000022,0.5,0.0,0.7157842771858526,0.0640903054874271,11.080469665610803,9.257710295741022,strict_delta_max,1,cross_layer_handoff_executed
grid-treasure_round-robin_seed0,0,round-robin,grid-treasure,3,8,PSO,3.1836319525237773,1.487000030465424,0.025000000000000022,0.025000000000000022,0.5,0.0,0.0,0.03343670310757019,9.257710295741022,6.074078343217245,strict_delta_max,1,cross_layer_handoff_executed
grid-treasure_round-robin_seed0,0,round-robin,grid-treasure,3,9,RL,1.61035046258269,2.3609999334439635,0.025000000000000022,0.025000000000000022,0.5,0.0,0.0,1.3102737876176154,6.074078343217245,4.463727880634555,strict_delta_max,2,cross_layer_handoff_executed
grid-treasure_round-robin_seed0,0,round-robin,grid-treasure,3,10,GA,1.1387097874724046,1.5247000847011805,0.025000000000000022,0.025000000000000022,0.5,0.0,0.7157842771858526,0.14554145960533849,4.463727880634555,3.3250180931621505,strict_delta_max,1,cross_layer_handoff_executed
grid-treasure_round-robin_seed0,0,round-robin,grid-treasure,4,0,PSO,1.0,1.3909999979659915,0.025000000000000022,0.025000000000000022,0.5,0.0,0.0,0.1344690667654005,28.0,27.0,strict_delta_max,1,cross_layer_handoff_executed
grid-treasure_round-robin_seed0,0,round-robin,grid-treasure,4,1,RL,2.4711965890131906,3.1467999797314405,0.025000000000000022,0.025000000000000022,0.5,0.0,0.0,0.0,27.0,24.52880341098681,strict_delta_max,2,cross_layer_handoff_executed
grid-treasure_round-robin_seed0,0,round-robin,grid-treasure,4,2,GA,2.913519751830174,1.7188999336212873,-0.08000000000000002,-0.08000000000000002,0.5,0.0,0.7157842771858526,0.03594936909362616,24.52880341098681,21.61528365915664,strict_delta_max,1,cross_layer_handoff_executed
grid-treasure_round-robin_seed0,0,round-robin,grid-treasure,4,3,PSO,3.49162539950328,1.614999957382679,0.025000000000000022,0.025000000000000022,0.5,0.0,0.0,0.03088650669238966,21.61528365915664,18.123658259653357,strict_delta_max,1,cross_layer_handoff_executed
grid-treasure_round-robin_seed0,0,round-robin,grid-treasure,4,4,RL,2.4634860929091675,2.5718999095261097,0.025000000000000022,0.025000000000000022,0.5,0.0,0.0,0.060889322830665095,18.123658259653357,15.66017216674419,strict_delta_max,2,cross_layer_handoff_executed
grid-treasure_round-robin_seed0,0,round-robin,grid-treasure,4,5,GA,1.6531298835912762,1.4489999739453197,0.025000000000000022,0.025000000000000022,0.5,0.0,0.7157842771858526,0.08444910807209037,15.66017216674419,14.007042283152913,strict_delta_max,1,cross_layer_handoff_executed
grid-treasure_round-robin_seed0,0,round-robin,grid-treasure,4,6,PSO,3.5138667201637035,1.5382000710815191,0.025000000000000022,0.025000000000000022,0.5,0.0,0.0,0.03700143135896763,14.007042283152913,10.49317556298921,strict_delta_max,1,cross_layer_handoff_executed
grid-treasure_round-robin_seed0,0,round-robin,grid-treasure,4,7,RL,3.592065099384594,3.2157000387087464,0.025000000000000022,0.025000000000000022,0.5,0.0,0.0,0.5679184378783949,10.49317556298921,6.901110463604615,strict_delta_max,2,cross_layer_handoff_executed
grid-treasure_round-robin_seed0,0,round-robin,grid-treasure,4,8,GA,3.4440321481599216,1.1781000066548586,-0.010000000000000009,-0.010000000000000009,0.5,0.0,0.7157842771858526,0.02856900918336737,6.901110463604615,3.4570783154446936,strict_delta_max,1,cross_layer_handoff_executed
grid-treasure_round-robin_seed0,0,round-robin,grid-treasure,5,0,PSO,3.347450744201483,3.578999894671142,-1.2800000000000002,-1.2800000000000002,0.0,0.0,0.0,0.039437733197162705,28.0,24.65254925579852,strict_delta_max,1,cross_layer_handoff_executed
grid-treasure_round-robin_seed0,0,round-robin,grid-treasure,5,1,RL,1.652732441201768,2.636200049892068,0.025000000000000022,0.025000000000000022,0.5,0.0,0.0,0.0,24.65254925579852,22.999816814596752,strict_delta_max,2,cross_layer_handoff_executed
grid-treasure_round-robin_seed0,0,round-robin,grid-treasure,5,2,GA,3.423174096214922,1.3832999393343925,0.025000000000000022,0.025000000000000022,0.5,0.0,0.7157842771858526,0.04313080405226978,22.999816814596752,19.57664271838183,strict_delta_max,1,cross_layer_handoff_executed
grid-treasure_round-robin_seed0,0,round-robin,grid-treasure,5,3,PSO,2.4052353873363317,1.5112999826669693,0.025000000000000022,0.025000000000000022,0.5,0.0,0.0,0.05607564984231776,19.57664271838183,17.171407331045497,strict_delta_max,1,cross_layer_handoff_executed
grid-treasure_round-robin_seed0,0,round-robin,grid-treasure,5,4,RL,2.327421760994824,2.4118999717757106,0.025000000000000022,0.025000000000000022,0.5,0.0,0.0,0.8979893696218852,17.171407331045497,14.843985570050673,strict_delta_max,2,cross_layer_handoff_executed
grid-treasure_round-robin_seed0,0,round-robin,grid-treasure,5,5,GA,2.4227576407007323,1.3406999642029405,0.025000000000000022,0.025000000000000022,0.5,0.0,0.7157842771858526,0.05797299717125035,14.843985570050673,12.421227929349941,strict_delta_max,1,cross_layer_handoff_executed
grid-treasure_round-robin_seed0,0,round-robin,grid-treasure,5,6,PSO,2.052843965873764,1.6729999333620071,0.025000000000000022,0.025000000000000022,0.5,0.0,0.0,0.056530424741329535,12.421227929349941,10.368383963476177,strict_delta_max,1,cross_layer_handoff_executed
grid-treasure_round-robin_seed0,0,round-robin,grid-treasure,5,7,RL,3.314727681053981,3.2161999261006713,0.025000000000000022,0.025000000000000022,0.5,0.0,0.0,0.0,10.368383963476177,7.053656282422196,strict_delta_max,2,cross_layer_handoff_executed
grid-treasure_round-robin_seed0,0,round-robin,grid-treasure,5,8,GA,1.4924796938703013,1.4590999344363809,0.025000000000000022,0.025000000000000022,0.5,0.0,0.7157842771858526,0.08343820825016462,7.053656282422196,5.561176588551895,strict_delta_max,1,cross_layer_handoff_executed
grid-treasure_round-robin_seed0,0,round-robin,grid-treasure,5,9,PSO,2.711562205030032,1.5674999449402094,0.025000000000000022,0.025000000000000022,0.5,0.0,0.0,0.03885731331890001,5.561176588551895,2.849614383521863,strict_delta_max,1,cross_layer_handoff_executed
grid-treasure_round-robin_seed1,1,round-robin,grid-treasure,0,0,GA,1.824988789829238,2.1340000675991178,-1.05,-1.05,0.0,0.0,0.8643655984494946,0.08235453439285725,28.0,26.175011210170762,strict_delta_max,1,cross_layer_handoff_executed
grid-treasure_round-robin_seed1,1,round-robin,grid-treasure,0,1,PSO,2.1742379665759692,1.8579000607132912,0.010000000000000009,0.010000000000000009,0.5,0.0,0.0,0.07738612075064231,26.175011210170762,24.000773243594793,strict_delta_max,1,cross_layer_handoff_executed
grid-treasure_round-robin_seed1,1,round-robin,grid-treasure,0,2,RL,4.0,3.0903000151738524,-1.0550000000000002,-1.0550000000000002,0.0,0.0,0.0,0.0,24.000773243594793,20.000773243594793,strict_delta_max,2,cross_layer_handoff_executed
grid-treasure_round-robin_seed1,1,round-robin,grid-treasure,0,3,GA,3.460774059507657,1.3450999977067113,0.0,0.0,0.5,0.0,0.7931361172545822,0.03752583778844092,20.000773243594793,16.539999184087137,strict_delta_max,1,cross_layer_handoff_executed
grid-treasure_round-robin_seed1,1,round-robin,grid-treasure,0,4,PSO,2.0008536891128346,2.239700057543814,-1.04,-1.04,0.0,0.0,0.0,0.051395187414308784,16.539999184087137,14.539145494974303,strict_delta_max,1,cross_layer_handoff_executed
grid-treasure_round-robin_seed1,1,round-robin,grid-treasure,0,5,RL,2.7485011236861947,4.238200024701655,-1.05,-1.05,0.0,0.0,0.0,0.014553386809736208,14.539145494974303,11.790644371288108,strict_delta_max,2,cross_layer_handoff_executed
grid-treasure_round-robin_seed1,1,round-robin,grid-treasure,0,6,GA,2.7020960693144445,1.8968000076711178,-1.08,-1.08,0.0,0.0,0.7008340842935765,0.032199094834929366,11.790644371288108,9.088548301973663,strict_delta_max,1,cross_layer_handoff_executed
grid-treasure_round-robin_seed1,1,round-robin,grid-treasure,0,7,PSO,2.295104876251857,1.768499962054193,0.010000000000000009,0.010000000000000009,0.5,0.0,0.0,0.05757072288614942,9.088548301973663,6.793443425721806,strict_delta_max,1,cross_layer_handoff_executed
grid-treasure_round-robin_seed1,1,round-robin,grid-treasure,0,8,RL,3.470270163333467,2.407300053164363,-1.0550000000000002,-1.0550000000000002,0.0,0.0,0.0,0.03457944031790617,6.793443425721806,3.323173262388339,strict_delta_max,2,cross_layer_handoff_executed
grid-treasure_round-robin_seed1,1,round-robin,grid-treasure,1,0,GA,2.6446531908504545,1.5465000178664923,0.0,0.0,0.5,0.0,0.587050156845271,0.04917995822641878,28.0,25.355346809149545,strict_delta_max,1,cross_layer_handoff_executed
grid-treasure_round-robin_seed1,1,round-robin,grid-treasure,1,1,PSO,1.048953610537581,1.9351999508216977,0.010000000000000009,0.010000000000000009,0.5,0.0,0.0,0.10838583167019007,25.355346809149545,24.306393198611964,strict_delta_max,1,cross_layer_handoff_executed
grid-treasure_round-robin_seed1,1,round-robin,grid-treasure,1,2,RL,3.3464353588503535,2.7748000575229526,-1.08,-1.08,0.0,0.0,0.0,0.008964763033793169,24.306393198611964,20.95995783976161,strict_delta_max,2,cross_layer_handoff_executed
grid-treasure_round-robin_seed1,1,round-robin,grid-treasure,1,3,GA,2.9299610110861365,1.4439000515267253,-1.025,-1.025,0.0,0.0,0.594233575450996,0.043615134640600975,20.95995783976161,18.029996828675475,strict_delta_max,1,cross_layer_handoff_executed
grid-treasure_round-robin_seed1,1,round-robin,grid-treasure,1,4,PSO,3.5836735635578916,1.8406999297440052,0.010000000000000009,0.010000000000000009,0.5,0.0,0.0,0.030141211367583763,18.029996828675475,14.446323265117584,strict_delta_max,1,cross_layer_handoff_executed
grid-treasure_round-robin_seed1,1,round-robin,grid-treasure,1,5,RL,1.7600278885807048,2.0532000344246626,-1.08,-1.08,0.0,0.0,0.0,0.01704518445113513,14.446323265117584,12.68629537653688,strict_delta_max,2,cross_layer_handoff_executed
grid-treasure_round-robin_seed1,1,round-robin,grid-treasure,1,6,GA,1.0283804123806597,1.4165000757202506,0.0050000000000000044,0.0050000000000000044,0.5,0.0,0.615860430993454,0.12422071385560951,12.68629537653688,11.65791496415622,strict_delta_max,1,cross_layer_handoff_executed
grid-treasure_round-robin_seed1,1,round-robin,grid-treasure,1,7,PSO,3.5807414256660484,1.9250999903306365,0.010000000000000009,0.010000000000000009,0.5,0.0,0.0,0.02596033294839066,11.65791496415622,8.077173538490172,strict_delta_max,1,cross_layer_handoff_executed
grid-treasure_round-robin_seed1,1,round-robin,grid-treasure,1,8,RL,3.106232181567027,3.4127000253647566,-1.08,-1.08,0.0,0.0,0.0,0.0,8.077173538490172,4.970941356923145,strict_delta_max,2,cross_layer_handoff_executed
grid-treasure_round-robin_seed1,1,round-robin,grid-treasure,1,9,GA,2.410179956330361,1.645500073209405,0.010000000000000009,0.010000000000000009,0.5,0.0,0.6457060898751952,0.053003827421019445,4.970941356923145,2.560761400592784,strict_delta_max,1,cross_layer_handoff_executed
grid-treasure_round-robin_seed1,1,round-robin,grid-treasure,2,0,PSO,3.0831472135316935,1.7809999408200383,0.010000000000000009,0.010000000000000009,0.5,0.0,0.0,0.04939743163120048,28.0,24.916852786468308,strict_delta_max,1,cross_layer_handoff_executed
grid-treasure_round-robin_seed1,1,round-robin,grid-treasure,2,1,RL,2.9658090762735356,3.170600044541061,-1.0750000000000002,-1.0750000000000002,0.0,0.0,0.0,0.0269740896809575,24.916852786468308,21.95104371019477,strict_delta_max,2,cross_layer_handoff_executed
grid-treasure_round-robin_seed1,1,round-robin,grid-treasure,2,2,GA,2.7244855280936053,1.7731999978423119,0.010000000000000009,0.010000000000000009,0.5,0.0,0.6197168923766674,0.0392995867894561,21.95104371019477,19.226558182101165,strict_delta_max,1,cross_layer_handoff_executed
grid-treasure_round-robin_seed1,1,round-robin,grid-treasure,2,3,PSO,2.9371187622318797,1.9521999638527632,0.010000000000000009,0.010000000000000009,0.5,0.0,0.0,0.03785060873339655,19.226558182101165,16.289439419869286,strict_delta_max,1,cross_layer_handoff_executed
grid-treasure_round-robin_seed1,1,round-robin,grid-treasure,2,4,RL,3.6174844740033185,2.1889000199735165,0.010000000000000009,0.010000000000000009,0.5,0.0,0.0,0.0,16.289439419869286,12.671954945865966,strict_delta_max,2,cross_layer_handoff_executed
grid-treasure_round-robin_seed1,1,round-robin,grid-treasure,2,5,GA,1.2826114920861778,1.475399942137301,0.0,0.0,0.5,0.0,0.5902023103478207,0.07301314931413753,12.671954945865966,11.389343453779789,strict_delta_max,1,cross_layer_handoff_executed
grid-treasure_round-robin_seed1,1,round-robin,grid-treasure,2,6,PSO,2.430656312131491,1.9611000316217542,0.010000000000000009,0.010000000000000009,0.5,0.0,0.0,0.05597978500857115,11.389343453779789,8.958687141648298,strict_delta_max,1,cross_layer_handoff_executed
grid-treasure_round-robin_seed1,1,round-robin,grid-treasure,2,7,RL,4.0,3.2217000843957067,0.010000000000000009,0.010000000000000009,0.5,0.0,0.0,0.017500000000000016,8.958687141648298,4.958687141648298,strict_delta_max,2,cross_layer_handoff_executed
grid-treasure_round-robin_seed1,1,round-robin,grid-treasure,2,8,GA,3.9025507300998754,1.9641000544652343,0.010000000000000009,0.010000000000000009,0.5,0.0,0.5762153690086328,0.02125562615495949,4.958687141648298,1.0561364115484224,strict_delta_max,1,cross_layer_handoff_executed
grid-treasure_round-robin_seed1,1,round-robin,grid-treasure,3,0,PSO,2.7306178130860688,1.6973000019788742,0.010000000000000009,0.010000000000000009,0.5,0.0,0.0,0.05362138034953934,28.0,25.26938218691393,strict_delta_max,1,cross_layer_handoff_executed
grid-treasure_round-robin_seed1,1,round-robin,grid-treasure,3,1,RL,1.1939780233250012,4.056299920193851,0.010000000000000009,0.010000000000000009,0.5,0.0,0.0,1.6164451625544312,25.26938218691393,24.075404163588928,strict_delta_max,2,cross_layer_handoff_executed
grid-treasure_round-robin_seed1,1,round-robin,grid-treasure,3,2,GA,1.3839085336721815,1.4544998994097114,0.0,0.0,0.5,0.0,0.5458355359992891,0.08402736669551732,24.075404163588928,22.691495629916748,strict_delta_max,1,cross_layer_handoff_executed
grid-treasure_round-robin_seed1,1,round-robin,grid-treasure,3,3,PSO,3.464492318718444,2.0183000015094876,0.010000000000000009,0.010000000000000009,0.5,0.0,0.0,0.05238062712661459,22.691495629916748,19.227003311198303,strict_delta_max,1,cross_layer_handoff_executed
grid-treasure_round-robin_seed1,1,round-robin,grid-treasure,3,4,RL,1.7770238141978514,3.41520004440099,0.010000000000000009,0.010000000000000009,0.5,0.0,0.0,0.0,19.227003311198303,17.449979497000452,strict_delta_max,2,cross_layer_handoff_executed
grid-treasure_round-robin_seed1,1,round-robin,grid-treasure,3,5,GA,1.4513358066635338,1.7193000530824065,0.010000000000000009,0.010000000000000009,0.5,0.0,0.5050410451060429,0.0740478752977373,17.449979497000452,15.998643690336918,strict_delta_max,1,cross_layer_handoff_executed
grid-treasure_round-robin_seed1,1,round-robin,grid-treasure,3,6,PSO,2.735678073608988,1.7666000640019774,0.010000000000000009,0.010000000000000009,0.5,0.0,0.0,0.06337640869063484,15.998643690336918,13.26296561672793,strict_delta_max,1,cross_layer_handoff_executed
grid-treasure_round-robin_seed1,1,round-robin,grid-treasure,3,7,RL,4.0,4.820000031031668,0.010000000000000009,0.010000000000000009,0.5,0.0,0.0,0.0,13.26296561672793,9.26296561672793,strict_delta_max,2,cross_layer_handoff_executed
grid-treasure_round-robin_seed1,1,round-robin,grid-treasure,3,8,GA,2.703258426103941,1.8971000099554658,-1.05,-1.05,0.0,0.0,0.5050410451060429,0.026628771117720145,9.26296561672793,6.559707190623989,strict_delta_max,1,cross_layer_handoff_executed
grid-treasure_round-robin_seed1,1,round-robin,grid-treasure,3,9,PSO,1.0,1.861400087364018,0.010000000000000009,0.010000000000000009,0.5,0.0,0.0,0.1632497408234168,6.559707190623989,5.559707190623989,strict_delta_max,1,cross_layer_handoff_executed
grid-treasure_round-robin_seed1,1,round-robin,grid-treasure,3,10,RL,2.4633270942216523,2.721400000154972,0.010000000000000009,0.010000000000000009,0.5,0.0,0.0,0.08525055421693989,5.559707190623989,3.0963800964023367,strict_delta_max,2,cross_layer_handoff_executed
grid-treasure_round-robin_seed1,1,round-robin,grid-treasure,4,0,GA,3.5873035180765203,1.7303999047726393,0.010000000000000009,0.010000000000000009,0.5,0.0,0.5050410451060429,0.03328235024771048,28.0,24.41269648192348,strict_delta_max,1,cross_layer_handoff_executed
grid-treasure_round-robin_seed1,1,round-robin,grid-treasure,4,1,PSO,1.0957797709644572,2.064900007098913,0.010000000000000009,0.010000000000000009,0.5,0.0,0.0,0.12619224259937234,24.41269648192348,23.31691671095902,strict_delta_max,1,cross_layer_handoff_executed
grid-treasure_round-robin_seed1,1,round-robin,grid-treasure,4,2,RL,1.268289352077336,2.703599981032312,0.010000000000000009,0.010000000000000009,0.5,0.0,0.0,1.7030813957888458,23.31691671095902,22.048627358881685,strict_delta_max,2,cross_layer_handoff_executed
grid-treasure_round-robin_seed1,1,round-robin,grid-treasure,4,3,GA,3.4635948921009017,1.7985999584197998,0.010000000000000009,0.010000000000000009,0.5,0.0,0.5050410451060429,0.038448517385180084,22.048627358881685,18.585032466780785,strict_delta_max,1,cross_layer_handoff_executed
grid-treasure_round-robin_seed1,1,round-robin,grid-treasure,4,4,PSO,3.081755242944325,1.9211000762879848,0.010000000000000009,0.010000000000000009,0.5,0.0,0.0,0.060556372492239725,18.585032466780785,15.50327722383646,strict_delta_max,1,cross_layer_handoff_executed
grid-treasure_round-robin_seed1,1,round-robin,grid-treasure,4,5,RL,1.3671619385906906,3.0399999814108014,0.010000000000000009,0.010000000000000009,0.5,0.0,0.0,0.0,15.50327722383646,14.136115285245769,strict_delta_max,2,cross_layer_handoff_executed
grid-treasure_round-robin_seed1,1,round-robin,grid-treasure,4,6,GA,1.7445741962022625,1.7602000152692199,-1.05,-1.05,0.0,0.0,0.5050410451060429,0.07931154889963167,14.136115285245769,12.391541089043507,strict_delta_max,1,cross_layer_handoff_executed
grid-treasure_round-robin_seed1,1,round-robin,grid-treasure,4,7,PSO,1.0,1.6461999621242285,0.0,0.0,0.5,0.0,0.0,0.09139174437993924,12.391541089043507,11.391541089043507,strict_delta_max,1,cross_layer_handoff_executed
grid-treasure_round-robin_seed1,1,round-robin,grid-treasure,4,8,RL,1.2996938903807362,3.127999952994287,0.010000000000000009,0.010000000000000009,0.5,0.0,0.0,0.0,11.391541089043507,10.091847198662771,strict_delta_max,2,cross_layer_handoff_executed
grid-treasure_round-robin_seed1,1,round-robin,grid-treasure,4,9,GA,1.1607220517550392,1.739000086672604,0.0050000000000000044,0.0050000000000000044,0.5,0.0,0.5050410451060429,0.11233149897569505,10.091847198662771,8.931125146907732,strict_delta_max,1,cross_layer_handoff_executed
grid-treasure_round-robin_seed1,1,round-robin,grid-treasure,4,10,PSO,3.0179807797030076,2.0394999301061034,0.010000000000000009,0.010000000000000009,0.5,0.0,0.0,0.03618538011883943,8.931125146907732,5.913144367204724,strict_delta_max,1,cross_layer_handoff_executed
grid-treasure_round-robin_seed1,1,round-robin,grid-treasure,4,11,RL,2.815519217786527,2.804500050842762,0.010000000000000009,0.010000000000000009,0.5,0.0,0.0,0.05327614141377632,5.913144367204724,3.097625149418197,strict_delta_max,2,cross_layer_handoff_executed
grid-treasure_round-robin_seed1,1,round-robin,grid-treasure,5,0,GA,3.080697345077759,1.513299997895956,0.0050000000000000044,0.0050000000000000044,0.5,0.0,0.5050410451060429,0.03809626836109201,28.0,24.91930265492224,strict_delta_max,1,cross_layer_handoff_executed
grid-treasure_round-robin_seed1,1,round-robin,grid-treasure,5,1,PSO,1.429344446562018,1.9574000034481287,0.010000000000000009,0.010000000000000009,0.5,0.0,0.0,0.06809622106596148,24.91930265492224,23.48995820836022,strict_delta_max,1,cross_layer_handoff_executed
grid-treasure_round-robin_seed1,1,round-robin,grid-treasure,5,2,RL,2.838408666838054,3.0864999862387776,0.010000000000000009,0.010000000000000009,0.5,0.0,0.0,0.0,23.48995820836022,20.65154954152217,strict_delta_max,2,cross_layer_handoff_executed
grid-treasure_round-robin_seed1,1,round-robin,grid-treasure,5,3,GA,1.8841090657553434,2.065500011667609,0.010000000000000009,0.010000000000000009,0.5,0.0,0.5050410451060429,0.06852851427349073,20.65154954152217,18.767440475766826,strict_delta_max,1,cross_layer_handoff_executed
grid-treasure_round-robin_seed1,1,round-robin,grid-treasure,5,4,PSO,1.7542209275373648,2.0040000090375543,0.010000000000000009,0.010000000000000009,0.5,0.0,0.0,0.07889466176627023,18.767440475766826,17.01321954822946,strict_delta_max,1,cross_layer_handoff_executed
grid-treasure_round-robin_seed1,1,round-robin,grid-treasure,5,5,RL,2.425260315966421,2.988999942317605,0.010000000000000009,0.010000000000000009,0.5,0.0,0.0,0.0453559559259794,17.01321954822946,14.58795923226304,strict_delta_max,2,cross_layer_handoff_executed
grid-treasure_round-robin_seed1,1,round-robin,grid-treasure,5,6,GA,1.6196523491775519,1.8261000514030457,0.010000000000000009,0.010000000000000009,0.5,0.0,0.5050410451060429,0.05583173506764376,14.58795923226304,12.96830688308549,strict_delta_max,1,cross_layer_handoff_executed
grid-treasure_round-robin_seed1,1,round-robin,grid-treasure,5,7,PSO,2.203797966774364,1.9024999346584082,0.010000000000000009,0.010000000000000009,0.5,0.0,0.0,0.05217217848550123,12.96830688308549,10.764508916311126,strict_delta_max,1,cross_layer_handoff_executed
grid-treasure_round-robin_seed1,1,round-robin,grid-treasure,5,8,RL,2.1383651030772914,2.6096999645233154,0.010000000000000009,0.010000000000000009,0.5,0.0,0.0,0.0,10.764508916311126,8.626143813233835,strict_delta_max,2,cross_layer_handoff_executed
grid-treasure_round-robin_seed1,1,round-robin,grid-treasure,5,9,GA,3.8895070716574907,1.9466000376269221,0.010000000000000009,0.010000000000000009,0.5,0.0,0.5050410451060429,0.03814590210035159,8.626143813233835,4.736636741576344,strict_delta_max,1,cross_layer_handoff_executed
grid-treasure_round-robin_seed1,1,round-robin,grid-treasure,5,10,PSO,1.4445862002248762,1.807799912057817,0.010000000000000009,0.010000000000000009,0.5,0.0,0.0,0.06511230341079766,4.736636741576344,3.2920505413514682,strict_delta_max,1,cross_layer_handoff_executed
grid-treasure_round-robin_seed2,2,round-robin,grid-treasure,0,0,GA,3.9053653955254966,3.5688000498339534,-0.6500000000000001,-0.6500000000000001,0.0,0.0,0.8718432739321208,0.04391968426834987,28.0,24.094634604474503,strict_delta_max,1,cross_layer_handoff_executed
grid-treasure_round-robin_seed2,2,round-robin,grid-treasure,0,1,PSO,1.6816474976395537,2.3265000199899077,-1.12,-1.12,0.0,0.0,0.0,0.08873132629818674,24.094634604474503,22.41298710683495,strict_delta_max,1,cross_layer_handoff_executed
grid-treasure_round-robin_seed2,2,round-robin,grid-treasure,0,2,RL,1.3622580479494517,2.759000053629279,-1.12,-1.12,0.0,0.0,0.0,0.0,22.41298710683495,21.050729058885498,strict_delta_max,2,cross_layer_handoff_executed
grid-treasure_round-robin_seed2,2,round-robin,grid-treasure,0,3,GA,3.3079688215383105,3.1095000449568033,-1.2349999999999999,-1.2349999999999999,0.0,0.0,0.8441815109289925,0.04901357931999614,21.050729058885498,17.742760237347188,strict_delta_max,1,cross_layer_handoff_executed
grid-treasure_round-robin_seed2,2,round-robin,grid-treasure,0,4,PSO,2.2659582207028057,1.6698000254109502,-0.975,-0.975,0.0,0.0,0.0,0.05362958242575609,17.742760237347188,15.476802016644381,strict_delta_max,1,cross_layer_handoff_executed
grid-treasure_round-robin_seed2,2,round-robin,grid-treasure,0,5,RL,3.281732557964693,4.174000001512468,-1.12,-1.12,0.0,0.0,0.0,0.0,15.476802016644381,12.195069458679688,strict_delta_max,2,cross_layer_handoff_executed
grid-treasure_round-robin_seed2,2,round-robin,grid-treasure,0,6,GA,2.4363648014259303,1.8408999312669039,-0.06999999999999995,-0.06999999999999995,0.5,0.010261189122978744,0.8064333509757664,0.06313669812067964,12.195069458679688,9.758704657253759,strict_delta_max,1,cross_layer_handoff_executed
grid-treasure_round-robin_seed2,2,round-robin,grid-treasure,0,7,PSO,3.035932338780581,2.173700020648539,-1.12,-1.12,0.0,0.0,0.0,0.030053440383706644,9.758704657253759,6.722772318473178,strict_delta_max,1,cross_layer_handoff_executed
grid-treasure_round-robin_seed2,2,round-robin,grid-treasure,0,8,RL,4.0,3.4447000361979008,-1.12,-1.12,0.0,0.0,0.0,0.03250000000000003,6.722772318473178,2.7227723184731776,strict_delta_max,2,cross_layer_handoff_executed
grid-treasure_round-robin_seed2,2,round-robin,grid-treasure,1,0,GA,1.5061364349955495,1.943600014783442,-0.06999999999999995,-0.06999999999999995,0.5,0.0,0.8189175342018038,0.10717178680063962,28.0,26.49386356500445,strict_delta_max,1,cross_layer_handoff_executed
grid-treasure_round-robin_seed2,2,round-robin,grid-treasure,1,1,PSO,1.138152930681977,2.313300035893917,-1.12,-1.12,0.0,0.0,0.0,0.05648333593767272,26.49386356500445,25.355710634322474,strict_delta_max,1,cross_layer_handoff_executed
grid-treasure_round-robin_seed2,2,round-robin,grid-treasure,1,2,RL,1.6531780555544702,2.591499942354858,-1.12,-1.12,0.0,0.0,0.0,0.0,25.355710634322474,23.702532578768004,strict_delta_max,2,cross_layer_handoff_executed
grid-treasure_round-robin_seed2,2,round-robin,grid-treasure,1,3,GA,3.89199335172641,2.0496000070124865,-0.09499999999999997,-0.09499999999999997,0.5,0.0,0.7668710046910088,0.03233953276617344,23.702532578768004,19.810539227041595,strict_delta_max,1,cross_layer_handoff_executed
grid-treasure_round-robin_seed2,2,round-robin,grid-treasure,1,4,PSO,1.2598358797375702,2.4112999672070146,-1.0,-1.0,0.0,0.0,0.0,0.0897660842136489,19.810539227041595,18.550703347304026,strict_delta_max,1,cross_layer_handoff_executed
grid-treasure_round-robin_seed2,2,round-robin,grid-treasure,1,5,RL,2.293223093140829,2.462000004015863,-1.12,-1.12,0.0,0.0,0.0,0.0,18.550703347304026,16.257480254163198,strict_delta_max,2,cross_layer_handoff_executed
grid-treasure_round-robin_seed2,2,round-robin,grid-treasure,1,6,GA,3.0313871446115948,2.173100016079843,-1.12,-1.12,0.0,0.0,0.7668710046910088,0.04993383289702889,16.257480254163198,13.226093109551604,strict_delta_max,1,cross_layer_handoff_executed
grid-treasure_round-robin_seed2,2,round-robin,grid-treasure,1,7,PSO,1.7612349902445743,2.222200040705502,-1.12,-1.12,0.0,0.0,0.0,0.06691824613037199,13.226093109551604,11.46485811930703,strict_delta_max,1,cross_layer_handoff_executed
grid-treasure_round-robin_seed2,2,round-robin,grid-treasure,1,8,RL,1.9013373260137705,3.743499983102083,-1.12,-1.12,0.0,0.0,0.0,0.0,11.46485811930703,9.563520793293259,strict_delta_max,2,cross_layer_handoff_executed
grid-treasure_round-robin_seed2,2,round-robin,grid-treasure,1,9,GA,1.3462409169364309,2.5748000480234623,-1.135,-1.135,0.0,0.0,0.7668710046910088,0.118975098789455,9.563520793293259,8.217279876356828,strict_delta_max,1,cross_layer_handoff_executed
grid-treasure_round-robin_seed2,2,round-robin,grid-treasure,1,10,PSO,1.1387559756188803,1.9649999449029565,-0.07999999999999996,-0.07999999999999996,0.5,0.0,0.0,0.10180961841300246,8.217279876356828,7.078523900737948,strict_delta_max,1,cross_layer_handoff_executed
grid-treasure_round-robin_seed2,2,round-robin,grid-treasure,1,11,RL,1.5539695480718154,4.342000000178814,-1.12,-1.12,0.0,0.0,0.0,0.0,7.078523900737948,5.524554352666133,strict_delta_max,2,cross_layer_handoff_executed
grid-treasure_round-robin_seed2,2,round-robin,grid-treasure,1,12,GA,1.1115101470866477,2.242599963210523,-0.08499999999999996,-0.08499999999999996,0.5,0.0,0.7467841859013832,0.096397658259096,5.524554352666133,4.413044205579485,strict_delta_max,1,cross_layer_handoff_executed
grid-treasure_round-robin_seed2,2,round-robin,grid-treasure,1,13,PSO,3.1470739495555695,2.162200049497187,-0.09499999999999997,-0.09499999999999997,0.5,0.0,0.0,0.02453543364165067,4.413044205579485,1.2659702560239157,strict_delta_max,1,cross_layer_handoff_executed
grid-treasure_round-robin_seed2,2,round-robin,grid-treasure,2,0,RL,2.97630746280092,2.660099999047816,-1.12,-1.12,0.0,0.0,0.0,0.036958547251862935,28.0,25.02369253719908,strict_delta_max,2,cross_layer_handoff_executed
grid-treasure_round-robin_seed2,2,round-robin,grid-treasure,2,1,GA,3.4451888595990283,2.3370999842882156,-0.10999999999999999,-0.10999999999999999,0.5,0.0,0.6896184569682962,0.03391612680656198,25.02369253719908,21.57850367760005,strict_delta_max,1,cross_layer_handoff_executed
grid-treasure_round-robin_seed2,2,round-robin,grid-treasure,2,2,PSO,3.1874809694966126,2.363499952480197,-1.145,-1.145,0.0,0.0,0.0,0.04944306089534031,21.57850367760005,18.39102270810344,strict_delta_max,1,cross_layer_handoff_executed
grid-treasure_round-robin_seed2,2,round-robin,grid-treasure,2,3,RL,2.9088523361849923,3.056699992157519,-0.06999999999999995,-0.06999999999999995,0.5,0.0,0.0,0.0,18.39102270810344,15.482170371918446,strict_delta_max,2,cross_layer_handoff_executed
grid-treasure_round-robin_seed2,2,round-robin,grid-treasure,2,4,GA,1.3987878776491236,1.8229000270366669,-0.06999999999999995,-0.06999999999999995,0.5,0.0,0.6038719510383954,0.10214333214408196,15.482170371918446,14.083382494269323,strict_delta_max,1,cross_layer_handoff_executed
grid-treasure_round-robin_seed2,2,round-robin,grid-treasure,2,5,PSO,1.3934486104922021,2.0477999933063984,-0.09499999999999997,-0.09499999999999997,0.5,0.0,0.0,0.06709094899247027,14.083382494269323,12.68993388377712,strict_delta_max,1,cross_layer_handoff_executed
grid-treasure_round-robin_seed2,2,round-robin,grid-treasure,2,6,RL,1.6035975270961769,3.0669999541714787,-0.06999999999999995,-0.06999999999999995,0.5,0.0,0.0,0.0,12.68993388377712,11.086336356680944,strict_delta_max,2,cross_layer_handoff_executed
grid-treasure_round-robin_seed2,2,round-robin,grid-treasure,2,7,GA,3.113041615168579,1.9058999605476856,-0.09499999999999997,-0.09499999999999997,0.5,0.0,0.5516764159936336,0.03654375351356408,11.086336356680944,7.9732947415123645,strict_delta_max,1,cross_layer_handoff_executed
grid-treasure_round-robin_seed2,2,round-robin,grid-treasure,2,8,PSO,1.3584570956379494,1.8745000706985593,-0.06999999999999995,-0.06999999999999995,0.5,0.0,0.0,0.03683893078088622,7.9732947415123645,6.614837645874415,strict_delta_max,1,cross_layer_handoff_executed
grid-treasure_round-robin_seed2,2,round-robin,grid-treasure,2,9,RL,1.9969066180345878,2.212699968367815,-0.06999999999999995,-0.06999999999999995,0.5,0.0,0.0,0.020030981738830216,6.614837645874415,4.617931027839827,strict_delta_max,2,cross_layer_handoff_executed
grid-treasure_round-robin_seed2,2,round-robin,grid-treasure,2,10,GA,2.5408954315293975,2.0073000341653824,-0.09499999999999997,-0.09499999999999997,0.5,0.0,0.507070306340089,0.06001179650150377,4.617931027839827,2.0770355963104294,strict_delta_max,1,cross_layer_handoff_executed
grid-treasure_round-robin_seed2,2,round-robin,grid-treasure,3,0,PSO,1.0846313290735214,1.8201000057160854,-0.06999999999999995,-0.06999999999999995,0.5,0.0,0.0,0.033402943370583194,28.0,26.91536867092648,strict_delta_max,1,cross_layer_handoff_executed
grid-treasure_round-robin_seed2,2,round-robin,grid-treasure,3,1,RL,3.037994776016133,4.44619997870177,-0.13,-0.13,0.5,0.0,0.0,0.0,26.91536867092648,23.877373894910345,strict_delta_max,2,cross_layer_handoff_executed
grid-treasure_round-robin_seed2,2,round-robin,grid-treasure,3,2,GA,2.866654054784691,2.0728999515995383,-0.09499999999999997,-0.09499999999999997,0.5,0.0,0.507070306340089,0.0415671424021782,23.877373894910345,21.010719840125653,strict_delta_max,1,cross_layer_handoff_executed
grid-treasure_round-robin_seed2,2,round-robin,grid-treasure,3,3,PSO,1.5779710952029378,2.0713000558316708,-1.1,-1.1,0.0,0.0,0.0,0.05523733225647863,21.010719840125653,19.432748744922716,strict_delta_max,1,cross_layer_handoff_executed
grid-treasure_round-robin_seed2,2,round-robin,grid-treasure,3,4,RL,3.4931468294178374,3.6174000706523657,-0.10499999999999998,-0.10499999999999998,0.5,0.0,0.0,0.011450993031021938,19.432748744922716,15.939601915504879,strict_delta_max,2,cross_layer_handoff_executed
grid-treasure_round-robin_seed2,2,round-robin,grid-treasure,3,5,GA,3.531098879177328,1.913400017656386,-0.09499999999999997,-0.09499999999999997,0.5,0.0,0.507070306340089,0.02054909193077191,15.939601915504879,12.40850303632755,strict_delta_max,1,cross_layer_handoff_executed
grid-treasure_round-robin_seed2,2,round-robin,grid-treasure,3,6,PSO,1.7520544343397648,2.3361999774351716,-1.12,-1.12,0.0,0.0,0.0,0.028630685930462724,12.40850303632755,10.656448601987785,strict_delta_max,1,cross_layer_handoff_executed
grid-treasure_round-robin_seed2,2,round-robin,grid-treasure,3,7,RL,3.6058187557076344,3.7353000370785594,-0.09499999999999997,-0.09499999999999997,0.5,0.0,0.0,0.0,10.656448601987785,7.050629846280151,strict_delta_max,2,cross_layer_handoff_executed
grid-treasure_round-robin_seed2,2,round-robin,grid-treasure,3,8,GA,1.8271547633861547,1.5869999770075083,0.010000000000000009,0.010000000000000009,0.5,0.043783921101319755,0.5157857241307565,0.0507875360086726,7.050629846280151,5.223475082893996,strict_delta_max,1,cross_layer_handoff_executed
grid-treasure_round-robin_seed2,2,round-robin,grid-treasure,3,9,PSO,2.755038975644727,2.1014000521972775,-0.09499999999999997,-0.09499999999999997,0.5,0.0,0.0,0.03237288976902153,5.223475082893996,2.468436107249269,strict_delta_max,1,cross_layer_handoff_executed
grid-treasure_round-robin_seed2,2,round-robin,grid-treasure,4,0,RL,1.621780311731351,3.1039000023156404,-0.09499999999999997,-0.09499999999999997,0.5,0.0,0.0,0.012332126524984619,28.0,26.37821968826865,strict_delta_max,2,cross_layer_handoff_executed
grid-treasure_round-robin_seed2,2,round-robin,grid-treasure,4,1,GA,2.941844489311082,1.8398999236524105,-0.06999999999999995,-0.06999999999999995,0.5,0.0,0.5056629848647204,0.04312469713026957,26.37821968826865,23.43637519895757,strict_delta_max,1,cross_layer_handoff_executed
grid-treasure_round-robin_seed2,2,round-robin,grid-treasure,4,2,PSO,3.5530345299543096,1.9632000476121902,-0.09499999999999997,-0.09499999999999997,0.5,0.0,0.0,0.027740763834077756,23.43637519895757,19.88334066900326,strict_delta_max,1,cross_layer_handoff_executed
grid-treasure_round-robin_seed2,2,round-robin,grid-treasure,4,3,RL,2.278258791703387,2.3499999660998583,-0.09499999999999997,-0.09499999999999997,0.5,0.0,0.0,0.004389316980325709,19.88334066900326,17.605081877299874,strict_delta_max,2,cross_layer_handoff_executed
grid-treasure_round-robin_seed2,2,round-robin,grid-treasure,4,4,GA,3.8317668736045585,2.731099957600236,-0.13,-0.13,0.5,0.0,0.5056629848647204,0.030203980786535203,17.605081877299874,13.773315003695316,strict_delta_max,1,cross_layer_handoff_executed
grid-treasure_round-robin_seed2,2,round-robin,grid-treasure,4,5,PSO,2.606432785488221,2.417599898763001,-1.145,-1.145,0.0,0.0,0.0,0.019305359186707678,13.773315003695316,11.166882218207096,strict_delta_max,1,cross_layer_handoff_executed
grid-treasure_round-robin_seed2,2,round-robin,grid-treasure,4,6,RL,3.686492604489432,2.572300028987229,-0.09499999999999997,-0.09499999999999997,0.5,0.0,0.0,0.0054252109378013945,11.166882218207096,7.480389613717664,strict_delta_max,2,cross_layer_handoff_executed
grid-treasure_round-robin_seed2,2,round-robin,grid-treasure,4,7,GA,1.4766306569183678,1.8541000317782164,-0.06999999999999995,-0.06999999999999995,0.5,0.0,0.5056629848647204,0.08533353079045283,7.480389613717664,6.003758956799296,strict_delta_max,1,cross_layer_handoff_executed
grid-treasure_round-robin_seed2,2,round-robin,grid-treasure,4,8,PSO,1.715060792157137,1.8644999945536256,-0.06999999999999995,-0.06999999999999995,0.5,0.0,0.0,0.04140410452428784,6.003758956799296,4.28869816464216,strict_delta_max,1,cross_layer_handoff_executed
grid-treasure_round-robin_seed2,2,round-robin,grid-treasure,4,9,RL,3.3142213603151944,3.5853999434038997,-0.09499999999999997,-0.09499999999999997,0.5,0.0,0.0,0.0,4.28869816464216,0.9744768043269652,strict_delta_max,2,cross_layer_handoff_executed
grid-treasure_round-robin_seed2,2,round-robin,grid-treasure,5,0,GA,1.9280126472604011,2.8162000235170126,-1.1600000000000001,-1.1600000000000001,0.0,0.0,0.5056629848647204,0.04434699834802393,28.0,26.071987352739598,strict_delta_max,1,cross_layer_handoff_executed
grid-treasure_round-robin_seed2,2,round-robin,grid-treasure,5,1,PSO,2.7459474796562544,1.8618999747559428,-0.06999999999999995,-0.06999999999999995,0.5,0.0,0.0,0.010626023096494732,26.071987352739598,23.326039873083342,strict_delta_max,1,cross_layer_handoff_executed
grid-treasure_round-robin_seed2,2,round-robin,grid-treasure,5,2,RL,3.019074497423222,4.330600029788911,-0.09499999999999997,-0.09499999999999997,0.5,0.0,0.0,0.0,23.326039873083342,20.30696537566012,strict_delta_max,2,cross_layer_handoff_executed
grid-treasure_round-robin_seed2,2,round-robin,grid-treasure,5,3,GA,3.667635541816155,2.3759000468999147,-1.13,-1.13,0.0,0.0,0.5056629848647204,0.023295579555357267,20.30696537566012,16.639329833843966,strict_delta_max,1,cross_layer_handoff_executed
grid-treasure_round-robin_seed2,2,round-robin,grid-treasure,5,4,PSO,2.857583775058234,1.931800041347742,-0.06999999999999995,-0.06999999999999995,0.5,0.0,0.0,0.011185380657711269,16.639329833843966,13.781746058785732,strict_delta_max,1,cross_layer_handoff_executed
grid-treasure_round-robin_seed2,2,round-robin,grid-treasure,5,5,RL,2.194248792950548,3.794300020672381,-0.09499999999999997,-0.09499999999999997,0.5,0.0,0.0,0.07291789359257315,13.781746058785732,11.587497265835184,strict_delta_max,2,cross_layer_handoff_executed
grid-treasure_round-robin_seed2,2,round-robin,grid-treasure,5,6,GA,1.104294173391021,2.2733999649062753,-0.10999999999999999,-0.10999999999999999,0.5,0.0,0.5056629848647204,0.09487516567539601,11.587497265835184,10.483203092444164,strict_delta_max,1,cross_layer_handoff_executed
grid-treasure_round-robin_seed2,2,round-robin,grid-treasure,5,7,PSO,2.7179530103883476,2.0166999893262982,-0.06999999999999995,-0.06999999999999995,0.5,0.0,0.0,0.019126966159707767,10.483203092444164,7.765250082055816,strict_delta_max,1,cross_layer_handoff_executed
grid-treasure_round-robin_seed2,2,round-robin,grid-treasure,5,8,RL,4.0,4.848600015975535,-0.10499999999999998,-0.10499999999999998,0.5,0.0,0.0,0.0,7.765250082055816,3.7652500820558163,strict_delta_max,2,cross_layer_handoff_executed
grid-treasure_greedy-improvement_seed0,0,greedy-improvement,grid-treasure,0,0,GA,3.2127778257737645,1.775300013832748,0.025000000000000022,0.025000000000000022,0.5,0.0,0.8931030542994856,0.05487385891284679,28.0,24.787222174226237,strict_delta_max,1,cross_layer_handoff_executed
grid-treasure_greedy-improvement_seed0,0,greedy-improvement,grid-treasure,0,1,GA,3.5221199679911415,1.736900070682168,0.025000000000000022,0.025000000000000022,0.5,0.0,0.8716202985283468,0.045234247938315195,24.787222174226237,21.265102206235095,strict_delta_max,1,cross_layer_handoff_executed
grid-treasure_greedy-improvement_seed0,0,greedy-improvement,grid-treasure,0,2,GA,1.2791422413487052,1.5154000138863921,0.025000000000000022,0.025000000000000022,0.5,0.0,0.869587833327935,0.1378859041269557,21.265102206235095,19.98595996488639,strict_delta_max,1,cross_layer_handoff_executed
grid-treasure_greedy-improvement_seed0,0,greedy-improvement,grid-treasure,0,3,GA,1.6179289395620384,1.6050999984145164,0.025000000000000022,0.025000000000000022,0.5,0.0,0.8056684933570712,0.07892583339735855,19.98595996488639,18.368031025324353,strict_delta_max,1,cross_layer_handoff_executed
grid-treasure_greedy-improvement_seed0,0,greedy-improvement,grid-treasure,0,4,GA,1.7755865413627387,1.6992000164464116,0.025000000000000022,0.025000000000000022,0.5,0.0,0.7328984474742877,0.089592336886136,18.368031025324353,16.592444483961614,strict_delta_max,1,cross_layer_handoff_executed
grid-treasure_greedy-improvement_seed0,0,greedy-improvement,grid-treasure,0,5,GA,2.3445051467421636,1.6564999241381884,0.025000000000000022,0.025000000000000022,0.5,0.0,0.7328984474742877,0.056183197221847885,16.592444483961614,14.247939337219451,strict_delta_max,1,cross_layer_handoff_executed
grid-treasure_greedy-improvement_seed0,0,greedy-improvement,grid-treasure,0,6,GA,1.9252254512473295,1.8025999888777733,0.025000000000000022,0.025000000000000022,0.5,0.0,0.7328984474742877,0.0790403589044626,14.247939337219451,12.32271388597212,strict_delta_max,1,cross_layer_handoff_executed
grid-treasure_greedy-improvement_seed0,0,greedy-improvement,grid-treasure,0,7,GA,2.678739382026505,1.5442000003531575,0.025000000000000022,0.025000000000000022,0.5,0.0,0.7328984474742877,0.04745620969911341,12.32271388597212,9.643974503945616,strict_delta_max,1,cross_layer_handoff_executed
grid-treasure_greedy-improvement_seed0,0,greedy-improvement,grid-treasure,0,8,GA,2.9593102896109347,1.7950000474229455,0.025000000000000022,0.025000000000000022,0.5,0.0,0.7328984474742877,0.04750347811785558,9.643974503945616,6.684664214334681,strict_delta_max,1,cross_layer_handoff_executed
grid-treasure_greedy-improvement_seed0,0,greedy-improvement,grid-treasure,0,9,GA,2.1347197790668404,1.3665000442415476,0.010000000000000009,0.010000000000000009,0.5,0.0,0.7328984474742877,0.05520162842354082,6.684664214334681,4.549944435267841,strict_delta_max,1,cross_layer_handoff_executed
grid-treasure_greedy-improvement_seed0,0,greedy-improvement,grid-treasure,0,10,GA,1.049789246947391,1.1658999137580395,0.030000000000000027,0.030000000000000027,0.5,0.004762860749944958,0.7591869014902193,0.14228817560248855,4.549944435267841,3.5001551883204503,strict_delta_max,1,cross_layer_handoff_executed
grid-treasure_greedy-improvement_seed0,0,greedy-improvement,grid-treasure,1,0,GA,3.0276574243603855,1.6127999406307936,0.025000000000000022,0.025000000000000022,0.5,0.0,0.7591869014902193,0.04170702289049015,28.0,24.972342575639615,strict_delta_max,1,cross_layer_handoff_executed
grid-treasure_greedy-improvement_seed0,0,greedy-improvement,grid-treasure,1,1,GA,1.1179103182693553,1.5335000352934003,0.025000000000000022,0.025000000000000022,0.5,0.0,0.7591869014902193,0.10204583629120274,24.972342575639615,23.85443225737026,strict_delta_max,1,cross_layer_handoff_executed
grid-treasure_greedy-improvement_seed0,0,greedy-improvement,grid-treasure,1,2,GA,2.192762034067517,1.7483000410720706,0.025000000000000022,0.025000000000000022,0.5,0.0,0.7591869014902193,0.056769360117537866,23.85443225737026,21.661670223302742,strict_delta_max,1,cross_layer_handoff_executed
grid-treasure_greedy-improvement_seed0,0,greedy-improvement,grid-treasure,1,3,GA,3.094667851965138,1.6305999597534537,1.05,1.05,1.0,0.32959918440109565,0.7570074431952223,0.03556419766223814,21.661670223302742,18.567002371337605,strict_delta_max,1,cross_layer_handoff_executed
grid-treasure_greedy-improvement_seed0,0,greedy-improvement,grid-treasure,1,4,GA,3.020945986917645,1.456200028769672,1.05,1.05,1.0,0.0,0.7608444941799686,0.037933221308276754,18.567002371337605,15.546056384419959,strict_delta_max,1,cross_layer_handoff_executed
grid-treasure_greedy-improvement_seed0,0,greedy-improvement,grid-treasure,1,5,GA,2.845077307670694,1.5079999575391412,0.015000000000000013,0.015000000000000013,0.5,0.0,0.7608444941799686,0.04751030362142755,15.546056384419959,12.700979076749265,strict_delta_max,1,cross_layer_handoff_executed
grid-treasure_greedy-improvement_seed0,0,greedy-improvement,grid-treasure,1,6,GA,2.799132498155631,1.6616999637335539,0.025000000000000022,0.025000000000000022,0.5,0.0,0.7608444941799686,0.04446006794637743,12.700979076749265,9.901846578593634,strict_delta_max,1,cross_layer_handoff_executed
grid-treasure_greedy-improvement_seed0,0,greedy-improvement,grid-treasure,1,7,GA,2.4712209121490147,1.624200027436018,0.025000000000000022,0.025000000000000022,0.5,0.0,0.7608444941799686,0.03410162373255324,9.901846578593634,7.4306256664446195,strict_delta_max,1,cross_layer_handoff_executed
grid-treasure_greedy-improvement_seed0,0,greedy-improvement,grid-treasure,1,8,GA,1.0605357807469415,2.033199998550117,-1.1,-1.1,0.0,0.0,0.7608444941799686,0.123399013236235,7.4306256664446195,6.370089885697678,strict_delta_max,1,cross_layer_handoff_executed
grid-treasure_greedy-improvement_seed0,0,greedy-improvement,grid-treasure,1,9,GA,2.2268260078202924,1.6223000129684806,0.025000000000000022,0.025000000000000022,0.5,0.0,0.7608444941799686,0.05797913541671382,6.370089885697678,4.143263877877386,strict_delta_max,1,cross_layer_handoff_executed
grid-treasure_greedy-improvement_seed0,0,greedy-improvement,grid-treasure,1,10,GA,3.0461532197980365,1.7006000271067023,0.025000000000000022,0.025000000000000022,0.5,0.0,0.7608444941799686,0.035868648634521376,4.143263877877386,1.0971106580793495,strict_delta_max,1,cross_layer_handoff_executed
grid-treasure_greedy-improvement_seed0,0,greedy-improvement,grid-treasure,2,0,GA,3.268477095587089,1.4526000013574958,0.025000000000000022,0.025000000000000022,0.5,0.0,0.7608444941799686,0.04009410137483764,28.0,24.731522904412913,strict_delta_max,1,cross_layer_handoff_executed
grid-treasure_greedy-improvement_seed0,0,greedy-improvement,grid-treasure,2,1,GA,2.6494565831989965,1.7197999404743314,0.025000000000000022,0.025000000000000022,0.5,0.0,0.7608444941799686,0.045609143748350074,24.731522904412913,22.082066321213915,strict_delta_max,1,cross_layer_handoff_executed
grid-treasure_greedy-improvement_seed0,0,greedy-improvement,grid-treasure,2,2,GA,1.2897492549940717,1.4350999845191836,1.05,1.05,1.0,0.0,0.7392180644492159,0.0753202963357608,22.082066321213915,20.792317066219844,strict_delta_max,1,cross_layer_handoff_executed
grid-treasure_greedy-improvement_seed0,0,greedy-improvement,grid-treasure,2,3,GA,1.0432808565490914,1.5376999508589506,0.025000000000000022,0.025000000000000022,0.5,0.0,0.7392180644492159,0.0947781331412197,20.792317066219844,19.749036209670752,strict_delta_max,1,cross_layer_handoff_executed
grid-treasure_greedy-improvement_seed0,0,greedy-improvement,grid-treasure,2,4,GA,3.3018087684943405,1.4275000430643559,1.05,1.05,1.0,0.0,0.7238450462943306,0.033685645104575425,19.749036209670752,16.447227441176413,strict_delta_max,1,cross_layer_handoff_executed
grid-treasure_greedy-improvement_seed0,0,greedy-improvement,grid-treasure,2,5,GA,3.98056434733576,1.5357999363914132,1.045,1.045,1.0,0.0,0.7135837298066932,0.024773201697359616,16.447227441176413,12.466663093840653,strict_delta_max,1,cross_layer_handoff_executed
grid-treasure_greedy-improvement_seed0,0,greedy-improvement,grid-treasure,2,6,GA,3.3375839332854076,1.572500099427998,0.025000000000000022,0.025000000000000022,0.5,0.0,0.7135837298066932,0.030991160670951135,12.466663093840653,9.129079160555246,strict_delta_max,1,cross_layer_handoff_executed
grid-treasure_greedy-improvement_seed0,0,greedy-improvement,grid-treasure,2,7,GA,2.074530555964414,1.6842000186443329,1.05,1.05,1.0,0.0,0.680175488513555,0.04669596304967269,9.129079160555246,7.054548604590833,strict_delta_max,1,cross_layer_handoff_executed
grid-treasure_greedy-improvement_seed0,0,greedy-improvement,grid-treasure,2,8,GA,2.8421108971552878,1.9130000146105886,-1.08,-1.08,0.0,0.0,0.680175488513555,0.033913787787430386,7.054548604590833,4.212437707435545,strict_delta_max,1,cross_layer_handoff_executed
grid-treasure_greedy-improvement_seed0,0,greedy-improvement,grid-treasure,2,9,GA,1.1969168090071092,1.3843999477103353,1.05,1.05,1.0,0.0,0.6398798386643947,0.07343572969378281,4.212437707435545,3.015520898428436,strict_delta_max,1,cross_layer_handoff_executed
grid-treasure_greedy-improvement_seed0,0,greedy-improvement,grid-treasure,3,0,GA,1.271419343909364,1.3026000233367085,1.05,1.05,1.0,0.0,0.5796563197999883,0.06495571837744052,28.0,26.728580656090635,strict_delta_max,1,cross_layer_handoff_executed
grid-treasure_greedy-improvement_seed0,0,greedy-improvement,grid-treasure,3,1,GA,1.7927451215278905,2.930099959485233,-1.195,-1.195,0.0,0.0,0.5796563197999883,0.06273627744847245,26.728580656090635,24.935835534562745,strict_delta_max,1,cross_layer_handoff_executed
grid-treasure_greedy-improvement_seed0,0,greedy-improvement,grid-treasure,3,2,GA,1.006372864523525,1.6051999991759658,0.025000000000000022,0.025000000000000022,0.5,0.0,0.5796563197999883,0.09998258654973831,24.935835534562745,23.92946267003922,strict_delta_max,1,cross_layer_handoff_executed
grid-treasure_greedy-improvement_seed0,0,greedy-improvement,grid-treasure,3,3,GA,2.196962151030742,1.600199961103499,0.025000000000000022,0.025000000000000022,0.5,0.0,0.5796563197999883,0.038815378355598396,23.92946267003922,21.73250051900848,strict_delta_max,1,cross_layer_handoff_executed
grid-treasure_greedy-improvement_seed0,0,greedy-improvement,grid-treasure,3,4,GA,2.6949070716688475,2.1955000702291727,-1.1,-1.1,0.0,0.0,0.5796563197999883,0.04342035393291614,21.73250051900848,19.03759344733963,strict_delta_max,1,cross_layer_handoff_executed
grid-treasure_greedy-improvement_seed0,0,greedy-improvement,grid-treasure,3,5,GA,3.8146562793306398,1.5841999556869268,0.025000000000000022,0.025000000000000022,0.5,0.0,0.5796563197999883,0.026904249530952745,19.03759344733963,15.222937168008992,strict_delta_max,1,cross_layer_handoff_executed
grid-treasure_greedy-improvement_seed0,0,greedy-improvement,grid-treasure,3,6,GA,1.1927506073272716,1.6056000022217631,0.025000000000000022,0.025000000000000022,0.5,0.0,0.5796563197999883,0.06627877474436131,15.222937168008992,14.03018656068172,strict_delta_max,1,cross_layer_handoff_executed
grid-treasure_greedy-improvement_seed0,0,greedy-improvement,grid-treasure,3,7,GA,2.826310145554583,1.4970999909564853,1.05,1.05,1.0,0.0,0.5019761164103912,0.031011680082303705,14.03018656068172,11.203876415127137,strict_delta_max,1,cross_layer_handoff_executed
grid-treasure_greedy-improvement_seed0,0,greedy-improvement,grid-treasure,3,8,GA,2.263645356731006,1.2336999643594027,0.030000000000000027,0.030000000000000027,0.5,0.0,0.5019761164103912,0.044588069847663045,11.203876415127137,8.940231058396131,strict_delta_max,1,cross_layer_handoff_executed
grid-treasure_greedy-improvement_seed0,0,greedy-improvement,grid-treasure,3,9,GA,3.7079078885449066,1.3752999948337674,1.05,1.05,1.0,0.0,0.4870031626783414,0.028271706774373295,8.940231058396131,5.232323169851225,strict_delta_max,1,cross_layer_handoff_executed
grid-treasure_greedy-improvement_seed0,0,greedy-improvement,grid-treasure,3,10,GA,3.212666274229473,2.1983999758958817,-1.065,-1.065,0.0,0.0,0.4870031626783414,0.03669658850860258,5.232323169851225,2.0196568956217518,strict_delta_max,1,cross_layer_handoff_executed
grid-treasure_greedy-improvement_seed0,0,greedy-improvement,grid-treasure,4,0,GA,3.2426888999681123,1.3784000184386969,1.05,1.05,1.0,0.0,0.4937719583395937,0.033003417355535684,28.0,24.757311100031888,strict_delta_max,1,cross_layer_handoff_executed
grid-treasure_greedy-improvement_seed0,0,greedy-improvement,grid-treasure,4,1,GA,3.0828396205540014,2.2920999908819795,-1.205,-1.205,0.0,0.0,0.4937719583395937,0.034425466753312144,24.757311100031888,21.674471479477887,strict_delta_max,1,cross_layer_handoff_executed
grid-treasure_greedy-improvement_seed0,0,greedy-improvement,grid-treasure,4,2,GA,1.3334075573104787,2.278300002217293,-1.1,-1.1,0.0,0.0,0.4937719583395937,0.06326592913497442,21.674471479477887,20.341063922167407,strict_delta_max,1,cross_layer_handoff_executed
grid-treasure_greedy-improvement_seed0,0,greedy-improvement,grid-treasure,4,3,GA,2.470255884021893,1.5840999549254775,0.025000000000000022,0.025000000000000022,0.5,0.0,0.4937719583395937,0.03271864185574736,20.341063922167407,17.870808038145515,strict_delta_max,1,cross_layer_handoff_executed
grid-treasure_greedy-improvement_seed0,0,greedy-improvement,grid-treasure,4,4,GA,3.9662008964416904,1.673900056630373,0.025000000000000022,0.025000000000000022,0.5,0.0,0.4937719583395937,0.016852266717410982,17.870808038145515,13.904607141703824,strict_delta_max,1,cross_layer_handoff_executed
grid-treasure_greedy-improvement_seed0,0,greedy-improvement,grid-treasure,4,5,GA,2.5162300645331874,1.553199952468276,1.045,1.045,1.0,0.0,0.4937719583395937,0.0435034557599232,13.904607141703824,11.388377077170636,strict_delta_max,1,cross_layer_handoff_executed
grid-treasure_greedy-improvement_seed0,0,greedy-improvement,grid-treasure,4,6,GA,2.407532609301239,1.2123999185860157,0.030000000000000027,0.030000000000000027,0.5,0.0,0.4937719583395937,0.032981063516991274,11.388377077170636,8.980844467869398,strict_delta_max,1,cross_layer_handoff_executed
grid-treasure_greedy-improvement_seed0,0,greedy-improvement,grid-treasure,4,7,GA,1.1181496368078903,1.4816999901086092,1.05,1.05,1.0,0.0,0.4937719583395937,0.08576647915839296,8.980844467869398,7.862694831061507,strict_delta_max,1,cross_layer_handoff_executed
grid-treasure_greedy-improvement_seed0,0,greedy-improvement,grid-treasure,4,8,GA,2.8083125251251393,1.729500014334917,0.025000000000000022,0.025000000000000022,0.5,0.0,0.4937719583395937,0.033845560186800724,7.862694831061507,5.054382305936368,strict_delta_max,1,cross_layer_handoff_executed
grid-treasure_greedy-improvement_seed0,0,greedy-improvement,grid-treasure,4,9,GA,1.5262200629744078,1.4282999327406287,1.05,1.05,1.0,0.0,0.4937719583395937,0.06303245962753741,5.054382305936368,3.5281622429619603,strict_delta_max,1,cross_layer_handoff_executed
grid-treasure_greedy-improvement_seed0,0,greedy-improvement,grid-treasure,5,0,GA,2.107607865690741,1.3295999960973859,1.05,1.05,1.0,0.0,0.4937719583395937,0.03567858426444423,28.0,25.892392134309258,strict_delta_max,1,cross_layer_handoff_executed
grid-treasure_greedy-improvement_seed0,0,greedy-improvement,grid-treasure,5,1,GA,1.340474172567506,1.3935999013483524,0.010000000000000009,0.010000000000000009,0.5,0.0,0.4937719583395937,0.06478611346401163,25.892392134309258,24.55191796174175,strict_delta_max,1,cross_layer_handoff_executed
grid-treasure_greedy-improvement_seed0,0,greedy-improvement,grid-treasure,5,2,GA,2.6172045555089323,1.510599977336824,1.05,1.05,1.0,0.0,0.4937719583395937,0.037105772662783726,24.55191796174175,21.934713406232817,strict_delta_max,1,cross_layer_handoff_executed
grid-treasure_greedy-improvement_seed0,0,greedy-improvement,grid-treasure,5,3,GA,1.8567997707735642,1.1267000809311867,0.030000000000000027,0.030000000000000027,0.5,0.0,0.4937719583395937,0.05161671795905006,21.934713406232817,20.077913635459254,strict_delta_max,1,cross_layer_handoff_executed
grid-treasure_greedy-improvement_seed0,0,greedy-improvement,grid-treasure,5,4,GA,3.2520193093373333,1.4345000963658094,1.05,1.05,1.0,0.0,0.4937719583395937,0.03273785485310607,20.077913635459254,16.82589432612192,strict_delta_max,1,cross_layer_handoff_executed
grid-treasure_greedy-improvement_seed0,0,greedy-improvement,grid-treasure,5,5,GA,1.5469479699551472,1.9759000279009342,-1.08,-1.08,0.0,0.0,0.4937719583395937,0.05463138198816306,16.82589432612192,15.278946356166772,strict_delta_max,1,cross_layer_handoff_executed
grid-treasure_greedy-improvement_seed0,0,greedy-improvement,grid-treasure,5,6,GA,3.1714769332469164,1.790400012396276,0.010000000000000009,0.010000000000000009,0.5,0.0,0.4937719583395937,0.029272462522504802,15.278946356166772,12.107469422919856,strict_delta_max,1,cross_layer_handoff_executed
grid-treasure_greedy-improvement_seed0,0,greedy-improvement,grid-treasure,5,7,GA,3.369599624083921,1.6044999938458204,0.025000000000000022,0.025000000000000022,0.5,0.0,0.4937719583395937,0.028639545219550738,12.107469422919856,8.737869798835934,strict_delta_max,1,cross_layer_handoff_executed
grid-treasure_greedy-improvement_seed0,0,greedy-improvement,grid-treasure,5,8,GA,1.1354114861625775,2.2157999919727445,1.045,1.045,1.0,0.0,0.4937719583395937,0.08341286689557059,8.737869798835934,7.602458312673357,strict_delta_max,1,cross_layer_handoff_executed
grid-treasure_greedy-improvement_seed0,0,greedy-improvement,grid-treasure,5,9,GA,1.7895862937091753,2.2891999687999487,1.05,1.05,1.0,0.0,0.4937719583395937,0.0415373551326201,7.602458312673357,5.812872018964182,strict_delta_max,1,cross_layer_handoff_executed
grid-treasure_greedy-improvement_seed0,0,greedy-improvement,grid-treasure,5,10,GA,3.5360111453550336,1.3472000136971474,0.030000000000000027,0.030000000000000027,0.5,0.0,0.4937719583395937,0.028554678261579983,5.812872018964182,2.2768608736091482,strict_delta_max,1,cross_layer_handoff_executed
grid-treasure_greedy-improvement_seed1,1,greedy-improvement,grid-treasure,0,0,GA,1.824988789829238,2.3083999985828996,-1.05,-1.05,0.0,0.0,0.8643655984494946,0.08235453439285725,28.0,26.175011210170762,strict_delta_max,1,cross_layer_handoff_executed
grid-treasure_greedy-improvement_seed1,1,greedy-improvement,grid-treasure,0,1,GA,2.157453571044023,2.0662000169977546,0.010000000000000009,0.010000000000000009,0.5,0.0,0.8386960735132042,0.061908755814642565,26.175011210170762,24.01755763912674,strict_delta_max,1,cross_layer_handoff_executed
grid-treasure_greedy-improvement_seed1,1,greedy-improvement,grid-treasure,0,2,GA,1.5853477314847222,1.55259994789958,0.0,0.0,0.5,0.0,0.7996318624163499,0.0977247096616392,24.01755763912674,22.43220990764202,strict_delta_max,1,cross_layer_handoff_executed
grid-treasure_greedy-improvement_seed1,1,greedy-improvement,grid-treasure,0,3,GA,2.27420097886176,1.59099989105016,0.0,0.0,0.5,0.0,0.7677885932144511,0.0616445043036751,22.43220990764202,20.15800892878026,strict_delta_max,1,cross_layer_handoff_executed
grid-treasure_greedy-improvement_seed1,1,greedy-improvement,grid-treasure,0,4,GA,1.2992741399651955,2.080500009469688,0.010000000000000009,0.010000000000000009,0.5,0.0,0.771574976407978,0.13795365850866434,20.15800892878026,18.858734788815063,strict_delta_max,1,cross_layer_handoff_executed
grid-treasure_greedy-improvement_seed1,1,greedy-improvement,grid-treasure,0,5,GA,2.5011147310219464,1.4803999802097678,0.0,0.0,0.5,0.0,0.7448022248096569,0.06872653817606263,18.858734788815063,16.357620057793117,strict_delta_max,1,cross_layer_handoff_executed
grid-treasure_greedy-improvement_seed1,1,greedy-improvement,grid-treasure,0,6,GA,1.0622897383164795,1.9715999951586127,0.010000000000000009,0.010000000000000009,0.5,0.0,0.6966165814672267,0.1215856758608736,16.357620057793117,15.295330319476637,strict_delta_max,1,cross_layer_handoff_executed
grid-treasure_greedy-improvement_seed1,1,greedy-improvement,grid-treasure,0,7,GA,3.5000334455194375,1.9053000723943114,0.010000000000000009,0.010000000000000009,0.5,0.0,0.6769834678629403,0.04284588773717419,15.295330319476637,11.795296873957199,strict_delta_max,1,cross_layer_handoff_executed
grid-treasure_greedy-improvement_seed1,1,greedy-improvement,grid-treasure,0,8,GA,1.8746535038726546,1.6416000435128808,0.0,0.0,0.5,0.0,0.6769834678629403,0.0774446404747527,11.795296873957199,9.920643370084544,strict_delta_max,1,cross_layer_handoff_executed
grid-treasure_greedy-improvement_seed1,1,greedy-improvement,grid-treasure,0,9,GA,2.4106716758292404,1.9848999800160527,0.010000000000000009,0.010000000000000009,0.5,0.0,0.6515480846478969,0.059966086230489136,9.920643370084544,7.509971694255304,strict_delta_max,1,cross_layer_handoff_executed
grid-treasure_greedy-improvement_seed1,1,greedy-improvement,grid-treasure,0,10,GA,3.91367453433013,1.847199979238212,0.010000000000000009,0.010000000000000009,0.5,0.0,0.6296077587395043,0.028934987054915533,7.509971694255304,3.5962971599251743,strict_delta_max,1,cross_layer_handoff_executed
grid-treasure_greedy-improvement_seed1,1,greedy-improvement,grid-treasure,1,0,GA,2.8547718829211686,1.79130001924932,-1.02,-1.02,0.0,0.0,0.6296077587395043,0.038291533538040094,28.0,25.14522811707883,strict_delta_max,1,cross_layer_handoff_executed
grid-treasure_greedy-improvement_seed1,1,greedy-improvement,grid-treasure,1,1,GA,3.3624148768577857,1.6021000919863582,0.0,0.0,0.5,0.0,0.6296077587395043,0.029071680901047173,25.14522811707883,21.782813240221046,strict_delta_max,1,cross_layer_handoff_executed
grid-treasure_greedy-improvement_seed1,1,greedy-improvement,grid-treasure,1,2,GA,3.922188758492613,1.9399999873712659,0.010000000000000009,0.010000000000000009,0.5,0.0,0.6204291842344423,0.035016781361354,21.782813240221046,17.860624481728433,strict_delta_max,1,cross_layer_handoff_executed
grid-treasure_greedy-improvement_seed1,1,greedy-improvement,grid-treasure,1,3,GA,2.6897626217203654,1.9391999812796712,0.010000000000000009,0.010000000000000009,0.5,0.0,0.6204291842344423,0.03542986205404338,17.860624481728433,15.170861860008067,strict_delta_max,1,cross_layer_handoff_executed
grid-treasure_greedy-improvement_seed1,1,greedy-improvement,grid-treasure,1,4,GA,1.3603771893577763,1.8488999921828508,0.010000000000000009,0.010000000000000009,0.5,0.0,0.6204291842344423,0.09892984874071149,15.170861860008067,13.81048467065029,strict_delta_max,1,cross_layer_handoff_executed
grid-treasure_greedy-improvement_seed1,1,greedy-improvement,grid-treasure,1,5,GA,2.8238474377882063,1.6629999736323953,0.0,0.0,0.5,0.0,0.6204291842344423,0.06447752648678634,13.81048467065029,10.986637232862083,strict_delta_max,1,cross_layer_handoff_executed
grid-treasure_greedy-improvement_seed1,1,greedy-improvement,grid-treasure,1,6,GA,2.410179956330361,1.841300050728023,0.010000000000000009,0.010000000000000009,0.5,0.0,0.6204291842344423,0.05913914336512478,10.986637232862083,8.576457276531723,strict_delta_max,1,cross_layer_handoff_executed
grid-treasure_greedy-improvement_seed1,1,greedy-improvement,grid-treasure,1,7,GA,2.212682807783297,1.9597000209614635,0.010000000000000009,0.010000000000000009,0.5,0.0,0.6204291842344423,0.049149388265564024,8.576457276531723,6.363774468748426,strict_delta_max,1,cross_layer_handoff_executed
grid-treasure_greedy-improvement_seed1,1,greedy-improvement,grid-treasure,1,8,GA,3.4772050016394647,1.5974000561982393,0.0,0.0,0.5,0.0,0.6204291842344423,0.03446953778363974,6.363774468748426,2.8865694671089615,strict_delta_max,1,cross_layer_handoff_executed
grid-treasure_greedy-improvement_seed1,1,greedy-improvement,grid-treasure,2,0,GA,1.4550638152758775,1.8563999328762293,0.010000000000000009,0.010000000000000009,0.5,0.0,0.6204291842344423,0.08332812224665034,28.0,26.544936184724122,strict_delta_max,1,cross_layer_handoff_executed
grid-treasure_greedy-improvement_seed1,1,greedy-improvement,grid-treasure,2,1,GA,1.6927069794322795,1.536700059659779,0.0,0.0,0.5,0.0,0.6204291842344423,0.07685250515187535,26.544936184724122,24.85222920529184,strict_delta_max,1,cross_layer_handoff_executed
grid-treasure_greedy-improvement_seed1,1,greedy-improvement,grid-treasure,2,2,GA,2.7921987965269914,1.9961000652983785,0.010000000000000009,0.010000000000000009,0.5,0.0,0.6204291842344423,0.03440365428503654,24.85222920529184,22.06003040876485,strict_delta_max,1,cross_layer_handoff_executed
grid-treasure_greedy-improvement_seed1,1,greedy-improvement,grid-treasure,2,3,GA,3.12394551347376,1.9878000020980835,0.010000000000000009,0.010000000000000009,0.5,0.0,0.6204291842344423,0.039961353861807554,22.06003040876485,18.93608489529109,strict_delta_max,1,cross_layer_handoff_executed
grid-treasure_greedy-improvement_seed1,1,greedy-improvement,grid-treasure,2,4,GA,2.895094997341174,1.9325000466778874,0.010000000000000009,0.010000000000000009,0.5,0.0,0.6204291842344423,0.03530112285950518,18.93608489529109,16.040989897949913,strict_delta_max,1,cross_layer_handoff_executed
grid-treasure_greedy-improvement_seed1,1,greedy-improvement,grid-treasure,2,5,GA,3.641842756726703,2.0097000524401665,0.010000000000000009,0.010000000000000009,0.5,0.0,0.6204291842344423,0.027135717681587044,16.040989897949913,12.39914714122321,strict_delta_max,1,cross_layer_handoff_executed
grid-treasure_greedy-improvement_seed1,1,greedy-improvement,grid-treasure,2,6,GA,1.665525568709917,1.8683000234887004,0.010000000000000009,0.010000000000000009,0.5,0.0,0.6204291842344423,0.06402643140856198,12.39914714122321,10.733621572513293,strict_delta_max,1,cross_layer_handoff_executed
grid-treasure_greedy-improvement_seed1,1,greedy-improvement,grid-treasure,2,7,GA,2.529567284521296,1.456200028769672,-1.03,-1.03,0.0,0.0,0.6204291842344423,0.04154984094672821,10.733621572513293,8.204054287991998,strict_delta_max,1,cross_layer_handoff_executed
grid-treasure_greedy-improvement_seed1,1,greedy-improvement,grid-treasure,2,8,GA,2.970130057222815,1.9798999419435859,0.010000000000000009,0.010000000000000009,0.5,0.0,0.6204291842344423,0.03142141228436051,8.204054287991998,5.2339242307691825,strict_delta_max,1,cross_layer_handoff_executed
grid-treasure_greedy-improvement_seed1,1,greedy-improvement,grid-treasure,2,9,GA,1.533604682689079,1.7905998975038528,0.010000000000000009,0.010000000000000009,0.5,0.0,0.6204291842344423,0.061966699632498054,5.2339242307691825,3.7003195480801034,strict_delta_max,1,cross_layer_handoff_executed
grid-treasure_greedy-improvement_seed1,1,greedy-improvement,grid-treasure,3,0,GA,2.661094459647861,1.80159998126328,0.010000000000000009,0.010000000000000009,0.5,0.0,0.6204291842344423,0.03504814312876186,28.0,25.33890554035214,strict_delta_max,1,cross_layer_handoff_executed
grid-treasure_greedy-improvement_seed1,1,greedy-improvement,grid-treasure,3,1,GA,2.4352134438174864,1.8864000448957086,0.010000000000000009,0.010000000000000009,0.5,0.0,0.6204291842344423,0.03649197691477858,25.33890554035214,22.903692096534655,strict_delta_max,1,cross_layer_handoff_executed
grid-treasure_greedy-improvement_seed1,1,greedy-improvement,grid-treasure,3,2,GA,1.926658935882183,1.581899938173592,0.0,0.0,0.5,0.0,0.6204291842344423,0.04767752497000055,22.903692096534655,20.97703316065247,strict_delta_max,1,cross_layer_handoff_executed
grid-treasure_greedy-improvement_seed1,1,greedy-improvement,grid-treasure,3,3,GA,1.9412481572220335,1.782699953764677,-1.06,-1.06,0.0,0.0,0.6204291842344423,0.05976543276065173,20.97703316065247,19.035785003430437,strict_delta_max,1,cross_layer_handoff_executed
grid-treasure_greedy-improvement_seed1,1,greedy-improvement,grid-treasure,3,4,GA,3.7041303898235007,1.9506000680848956,0.010000000000000009,0.010000000000000009,0.5,0.0,0.6204291842344423,0.03434607402036571,19.035785003430437,15.331654613606936,strict_delta_max,1,cross_layer_handoff_executed
grid-treasure_greedy-improvement_seed1,1,greedy-improvement,grid-treasure,3,5,GA,2.305056471997492,1.8954999977722764,0.010000000000000009,0.010000000000000009,0.5,0.0,0.6204291842344423,0.047617061900233244,15.331654613606936,13.026598141609444,strict_delta_max,1,cross_layer_handoff_executed
grid-treasure_greedy-improvement_seed1,1,greedy-improvement,grid-treasure,3,6,GA,3.2773475356411352,1.9461000338196754,0.010000000000000009,0.010000000000000009,0.5,0.0,0.6204291842344423,0.03687069052074305,13.026598141609444,9.749250605968308,strict_delta_max,1,cross_layer_handoff_executed
grid-treasure_greedy-improvement_seed1,1,greedy-improvement,grid-treasure,3,7,GA,1.567283592575561,1.87409995123744,0.010000000000000009,0.010000000000000009,0.5,0.0,0.6204291842344423,0.049393264442852546,9.749250605968308,8.181967013392747,strict_delta_max,1,cross_layer_handoff_executed
grid-treasure_greedy-improvement_seed1,1,greedy-improvement,grid-treasure,3,8,GA,2.621266196801659,1.775300013832748,-1.04,-1.04,0.0,0.0,0.6204291842344423,0.03486488711903099,8.181967013392747,5.560700816591088,strict_delta_max,1,cross_layer_handoff_executed
grid-treasure_greedy-improvement_seed1,1,greedy-improvement,grid-treasure,3,9,GA,2.533757978219624,2.013899968005717,0.010000000000000009,0.010000000000000009,0.5,0.0,0.6204291842344423,0.03221211439962023,5.560700816591088,3.026942838371464,strict_delta_max,1,cross_layer_handoff_executed
grid-treasure_greedy-improvement_seed1,1,greedy-improvement,grid-treasure,4,0,GA,2.871750137069073,1.5558999730274081,0.0,0.0,0.5,0.0,0.6204291842344423,0.0461697363258615,28.0,25.12824986293093,strict_delta_max,1,cross_layer_handoff_executed
grid-treasure_greedy-improvement_seed1,1,greedy-improvement,grid-treasure,4,1,GA,1.5180514911045124,1.9396999850869179,0.010000000000000009,0.010000000000000009,0.5,0.0,0.6204291842344423,0.045748641197729534,25.12824986293093,23.610198371826417,strict_delta_max,1,cross_layer_handoff_executed
grid-treasure_greedy-improvement_seed1,1,greedy-improvement,grid-treasure,4,2,GA,1.5716342596142954,1.6403000336140394,0.0,0.0,0.5,0.0,0.6204291842344423,0.06330151726177041,23.610198371826417,22.03856411221212,strict_delta_max,1,cross_layer_handoff_executed
grid-treasure_greedy-improvement_seed1,1,greedy-improvement,grid-treasure,4,3,GA,3.2549049890792467,1.6324999742209911,0.0,0.0,0.5,0.0,0.6204291842344423,0.02830997077885928,22.03856411221212,18.783659123132875,strict_delta_max,1,cross_layer_handoff_executed
grid-treasure_greedy-improvement_seed1,1,greedy-improvement,grid-treasure,4,4,GA,1.3535922122170594,1.8440000712871552,0.010000000000000009,0.010000000000000009,0.5,0.0,0.6204291842344423,0.06945598770398448,18.783659123132875,17.430066910915816,strict_delta_max,1,cross_layer_handoff_executed
grid-treasure_greedy-improvement_seed1,1,greedy-improvement,grid-treasure,4,5,GA,2.0362510216939596,1.7198999412357807,0.0,0.0,0.5,0.0,0.6204291842344423,0.05284861155309992,17.430066910915816,15.393815889221855,strict_delta_max,1,cross_layer_handoff_executed
grid-treasure_greedy-improvement_seed1,1,greedy-improvement,grid-treasure,4,6,GA,1.5687622326227428,1.496699987910688,0.0,0.0,0.5,0.0,0.6204291842344423,0.08545129046880853,15.393815889221855,13.825053656599113,strict_delta_max,1,cross_layer_handoff_executed
grid-treasure_greedy-improvement_seed1,1,greedy-improvement,grid-treasure,4,7,GA,1.5556243767936724,1.5197000466287136,0.0,0.0,0.5,0.0,0.6204291842344423,0.0808916352657432,13.825053656599113,12.269429279805442,strict_delta_max,1,cross_layer_handoff_executed
grid-treasure_greedy-improvement_seed1,1,greedy-improvement,grid-treasure,4,8,GA,1.8766785622762525,1.981099951080978,0.010000000000000009,0.010000000000000009,0.5,0.0,0.6204291842344423,0.05774905342319712,12.269429279805442,10.39275071752919,strict_delta_max,1,cross_layer_handoff_executed
grid-treasure_greedy-improvement_seed1,1,greedy-improvement,grid-treasure,4,9,GA,1.9350205816634858,1.8229000270366669,0.010000000000000009,0.010000000000000009,0.5,0.0,0.6204291842344423,0.06199959109310343,10.39275071752919,8.457730135865704,strict_delta_max,1,cross_layer_handoff_executed
grid-treasure_greedy-improvement_seed1,1,greedy-improvement,grid-treasure,4,10,GA,1.534625749581918,1.5178000321611762,0.0,0.0,0.5,0.0,0.6204291842344423,0.049249272753433854,8.457730135865704,6.923104386283786,strict_delta_max,1,cross_layer_handoff_executed
grid-treasure_greedy-improvement_seed1,1,greedy-improvement,grid-treasure,4,11,GA,1.2295029525916896,1.6392000252380967,0.0,0.0,0.5,0.0,0.6204291842344423,0.10776542552630211,6.923104386283786,5.693601433692097,strict_delta_max,1,cross_layer_handoff_executed
grid-treasure_greedy-improvement_seed1,1,greedy-improvement,grid-treasure,4,12,GA,1.7227885303296995,1.874700072221458,0.010000000000000009,0.010000000000000009,0.5,0.0,0.6204291842344423,0.04065141088501044,5.693601433692097,3.970812903362397,strict_delta_max,1,cross_layer_handoff_executed
grid-treasure_greedy-improvement_seed1,1,greedy-improvement,grid-treasure,5,0,GA,1.7564288242176396,1.902200048789382,-1.08,-1.08,0.0,0.0,0.6204291842344423,0.05387619767543642,28.0,26.24357117578236,strict_delta_max,1,cross_layer_handoff_executed
grid-treasure_greedy-improvement_seed1,1,greedy-improvement,grid-treasure,5,1,GA,3.1491678066141517,2.0081999246031046,-1.08,-1.08,0.0,0.0,0.6204291842344423,0.03380977453372785,26.24357117578236,23.09440336916821,strict_delta_max,1,cross_layer_handoff_executed
grid-treasure_greedy-improvement_seed1,1,greedy-improvement,grid-treasure,5,2,GA,3.8118550457987106,1.9789000507444143,0.010000000000000009,0.010000000000000009,0.5,0.0,0.6204291842344423,0.0324758845680738,23.09440336916821,19.282548323369497,strict_delta_max,1,cross_layer_handoff_executed
grid-treasure_greedy-improvement_seed1,1,greedy-improvement,grid-treasure,5,3,GA,1.8658396860451827,1.5051999362185597,0.0,0.0,0.5,0.0,0.6204291842344423,0.05373263711627524,19.282548323369497,17.416708637324312,strict_delta_max,1,cross_layer_handoff_executed
grid-treasure_greedy-improvement_seed1,1,greedy-improvement,grid-treasure,5,4,GA,2.7141609783827034,1.9694999791681767,0.010000000000000009,0.010000000000000009,0.5,0.0,0.6204291842344423,0.035871211070994585,17.416708637324312,14.702547658941608,strict_delta_max,1,cross_layer_handoff_executed
grid-treasure_greedy-improvement_seed1,1,greedy-improvement,grid-treasure,5,5,GA,2.8822680446065903,1.852800021879375,0.010000000000000009,0.010000000000000009,0.5,0.0,0.6204291842344423,0.03847244255220385,14.702547658941608,11.820279614335018,strict_delta_max,1,cross_layer_handoff_executed
grid-treasure_greedy-improvement_seed1,1,greedy-improvement,grid-treasure,5,6,GA,1.2688345625339763,1.9802000606432557,0.010000000000000009,0.010000000000000009,0.5,0.0,0.6204291842344423,0.05811369533647643,11.820279614335018,10.551445051801041,strict_delta_max,1,cross_layer_handoff_executed
grid-treasure_greedy-improvement_seed1,1,greedy-improvement,grid-treasure,5,7,GA,2.248511386857433,1.9357999553903937,0.010000000000000009,0.010000000000000009,0.5,0.0,0.6204291842344423,0.04262388950037841,10.551445051801041,8.302933664943609,strict_delta_max,1,cross_layer_handoff_executed
grid-treasure_greedy-improvement_seed1,1,greedy-improvement,grid-treasure,5,8,GA,1.903352845752702,1.9876000005751848,0.010000000000000009,0.010000000000000009,0.5,0.0,0.6204291842344423,0.061935301779183896,8.302933664943609,6.399580819190907,strict_delta_max,1,cross_layer_handoff_executed
grid-treasure_greedy-improvement_seed1,1,greedy-improvement,grid-treasure,5,9,GA,1.7378494231955248,2.25210003554821,-1.08,-1.08,0.0,0.0,0.6204291842344423,0.06373301530051462,6.399580819190907,4.661731395995383,strict_delta_max,1,cross_layer_handoff_executed
grid-treasure_greedy-improvement_seed1,1,greedy-improvement,grid-treasure,5,10,GA,2.6155834873735366,1.4967999886721373,0.0,0.0,0.5,0.0,0.6204291842344423,0.04074185745875792,4.661731395995383,2.046147908621846,strict_delta_max,1,cross_layer_handoff_executed
grid-treasure_greedy-improvement_seed2,2,greedy-improvement,grid-treasure,0,0,GA,3.9053653955254966,3.6190999671816826,-0.6500000000000001,-0.6500000000000001,0.0,0.0,0.8718432739321208,0.04391968426834987,28.0,24.094634604474503,strict_delta_max,1,cross_layer_handoff_executed
grid-treasure_greedy-improvement_seed2,2,greedy-improvement,grid-treasure,0,1,GA,1.4956316206822053,2.100400044582784,-0.09499999999999997,-0.09499999999999997,0.5,0.0,0.8476131485123842,0.08404952550697707,24.094634604474503,22.5990029837923,strict_delta_max,1,cross_layer_handoff_executed
grid-treasure_greedy-improvement_seed2,2,greedy-improvement,grid-treasure,0,2,GA,3.2343446338780675,2.814600011333823,-0.13,-0.13,0.5,0.0,0.8050254321672382,0.03514867677963218,22.5990029837923,19.364658349914233,strict_delta_max,1,cross_layer_handoff_executed
grid-treasure_greedy-improvement_seed2,2,greedy-improvement,grid-treasure,0,3,GA,1.433185864447942,2.2635000059381127,-1.105,-1.105,0.0,0.0,0.8050254321672382,0.09598534478124351,19.364658349914233,17.93147248546629,strict_delta_max,1,cross_layer_handoff_executed
grid-treasure_greedy-improvement_seed2,2,greedy-improvement,grid-treasure,0,4,GA,3.058286705164339,2.0883999532088637,-0.09499999999999997,-0.09499999999999997,0.5,0.0,0.7564481121746757,0.04200950245614174,17.93147248546629,14.873185780301952,strict_delta_max,1,cross_layer_handoff_executed
grid-treasure_greedy-improvement_seed2,2,greedy-improvement,grid-treasure,0,5,GA,3.694327291023837,2.1283000241965055,-0.06999999999999995,-0.06999999999999995,0.5,0.006767131883724244,0.7374918716881371,0.03776104833488673,14.873185780301952,11.178858489278115,strict_delta_max,1,cross_layer_handoff_executed
grid-treasure_greedy-improvement_seed2,2,greedy-improvement,grid-treasure,0,6,GA,2.639303433725926,2.049700007773936,-0.09499999999999997,-0.09499999999999997,0.5,0.0,0.6968178089568409,0.04719582484185867,11.178858489278115,8.539555055552189,strict_delta_max,1,cross_layer_handoff_executed
grid-treasure_greedy-improvement_seed2,2,greedy-improvement,grid-treasure,0,7,GA,3.886921007373951,2.2978000342845917,-0.08499999999999996,-0.08499999999999996,0.5,0.0,0.6581393137793173,0.03314847951266317,8.539555055552189,4.652634048178237,strict_delta_max,1,cross_layer_handoff_executed
grid-treasure_greedy-improvement_seed2,2,greedy-improvement,grid-treasure,0,8,GA,1.4467484594268698,1.8405999289825559,-0.06999999999999995,-0.06999999999999995,0.5,0.0,0.6297610817126345,0.0871967013773655,4.652634048178237,3.2058855887513675,strict_delta_max,1,cross_layer_handoff_executed
grid-treasure_greedy-improvement_seed2,2,greedy-improvement,grid-treasure,1,0,GA,3.554418391917593,2.3219999857246876,-0.10999999999999999,-0.10999999999999999,0.5,0.0,0.5833263704528967,0.033636794896372856,28.0,24.445581608082406,strict_delta_max,1,cross_layer_handoff_executed
grid-treasure_greedy-improvement_seed2,2,greedy-improvement,grid-treasure,1,1,GA,1.4878687279934035,2.117699943482876,-0.09499999999999997,-0.09499999999999997,0.5,0.0,0.5853730908370977,0.0780909097586351,24.445581608082406,22.957712880089,strict_delta_max,1,cross_layer_handoff_executed
grid-treasure_greedy-improvement_seed2,2,greedy-improvement,grid-treasure,1,2,GA,3.5604558170223997,2.5234000058844686,-0.10999999999999999,-0.10999999999999999,0.5,0.0,0.5853730908370977,0.02996502102158816,22.957712880089,19.3972570630666,strict_delta_max,1,cross_layer_handoff_executed
grid-treasure_greedy-improvement_seed2,2,greedy-improvement,grid-treasure,1,3,GA,1.0003974757857894,2.128100022673607,-0.09499999999999997,-0.09499999999999997,0.5,0.0,0.5803527357158597,0.11533711990073174,19.3972570630666,18.39685958728081,strict_delta_max,1,cross_layer_handoff_executed
grid-treasure_greedy-improvement_seed2,2,greedy-improvement,grid-treasure,1,4,GA,2.626071423372124,1.8613999709486961,-0.06999999999999995,-0.06999999999999995,0.5,0.0,0.56419455217573,0.052200138804218706,18.39685958728081,15.770788163908687,strict_delta_max,1,cross_layer_handoff_executed
grid-treasure_greedy-improvement_seed2,2,greedy-improvement,grid-treasure,1,5,GA,2.3375325352233784,2.8294000076130033,-0.13,-0.13,0.5,0.0,0.56419455217573,0.050457712042451634,15.770788163908687,13.433255628685309,strict_delta_max,1,cross_layer_handoff_executed
grid-treasure_greedy-improvement_seed2,2,greedy-improvement,grid-treasure,1,6,GA,2.6545449193943087,1.9715999951586127,-0.06999999999999995,-0.06999999999999995,0.5,0.0,0.5859298814884426,0.049961563664153365,13.433255628685309,10.778710709291001,strict_delta_max,1,cross_layer_handoff_executed
grid-treasure_greedy-improvement_seed2,2,greedy-improvement,grid-treasure,1,7,GA,3.9540036376497714,2.268600044772029,-1.12,-1.12,0.0,0.0,0.5859298814884426,0.027144559789037095,10.778710709291001,6.82470707164123,strict_delta_max,1,cross_layer_handoff_executed
grid-treasure_greedy-improvement_seed2,2,greedy-improvement,grid-treasure,1,8,GA,1.1472145570708139,1.9954999443143606,-0.06999999999999995,-0.06999999999999995,0.5,0.0,0.6102112795186397,0.11605187106191092,6.82470707164123,5.677492514570416,strict_delta_max,1,cross_layer_handoff_executed
grid-treasure_greedy-improvement_seed2,2,greedy-improvement,grid-treasure,1,9,GA,3.9356003594585838,3.0732000013813376,-1.21,-1.21,0.0,0.0,0.6102112795186397,0.03453714590805337,5.677492514570416,1.7418921551118318,strict_delta_max,1,cross_layer_handoff_executed
grid-treasure_greedy-improvement_seed2,2,greedy-improvement,grid-treasure,2,0,GA,1.5928629010609505,2.395800082013011,-0.10999999999999999,-0.10999999999999999,0.5,0.0,0.6102112795186397,0.07605449597069622,28.0,26.40713709893905,strict_delta_max,1,cross_layer_handoff_executed
grid-treasure_greedy-improvement_seed2,2,greedy-improvement,grid-treasure,2,1,GA,3.541341656708042,2.049700007773936,-0.09499999999999997,-0.09499999999999997,0.5,0.0,0.6102112795186397,0.029418107987846758,26.40713709893905,22.865795442231008,strict_delta_max,1,cross_layer_handoff_executed
grid-treasure_greedy-improvement_seed2,2,greedy-improvement,grid-treasure,2,2,GA,1.0516114501735605,2.4600999895483255,-0.10999999999999999,-0.10999999999999999,0.5,0.0,0.6102112795186397,0.0931021314125912,22.865795442231008,21.814183992057448,strict_delta_max,1,cross_layer_handoff_executed
grid-treasure_greedy-improvement_seed2,2,greedy-improvement,grid-treasure,2,3,GA,1.9321236620724744,2.0270999521017075,-0.09499999999999997,-0.09499999999999997,0.5,0.0,0.6102112795186397,0.06958798889026244,21.814183992057448,19.882060329984974,strict_delta_max,1,cross_layer_handoff_executed
grid-treasure_greedy-improvement_seed2,2,greedy-improvement,grid-treasure,2,4,GA,3.739850374267561,1.9432000117376447,-0.06999999999999995,-0.06999999999999995,0.5,0.0,0.5704602606069714,0.03491914964585788,19.882060329984974,16.142209955717412,strict_delta_max,1,cross_layer_handoff_executed
grid-treasure_greedy-improvement_seed2,2,greedy-improvement,grid-treasure,2,5,GA,2.8770210087316967,2.01919989194721,-0.09499999999999997,-0.09499999999999997,0.5,0.0,0.5704602606069714,0.03108603083723169,16.142209955717412,13.265188946985715,strict_delta_max,1,cross_layer_handoff_executed
grid-treasure_greedy-improvement_seed2,2,greedy-improvement,grid-treasure,2,6,GA,1.915911428095249,2.1954000694677234,-0.09499999999999997,-0.09499999999999997,0.5,0.0,0.5704602606069714,0.05187373359575193,13.265188946985715,11.349277518890466,strict_delta_max,1,cross_layer_handoff_executed
grid-treasure_greedy-improvement_seed2,2,greedy-improvement,grid-treasure,2,7,GA,1.4787064094038416,1.8470999784767628,-0.06999999999999995,-0.06999999999999995,0.5,0.0,0.5374138894595469,0.09690610256553019,11.349277518890466,9.870571109486624,strict_delta_max,1,cross_layer_handoff_executed
grid-treasure_greedy-improvement_seed2,2,greedy-improvement,grid-treasure,2,8,GA,2.579157018985171,2.6851999573409557,-1.135,-1.135,0.0,0.0,0.5374138894595469,0.048529095817541126,9.870571109486624,7.291414090501453,strict_delta_max,1,cross_layer_handoff_executed
grid-treasure_greedy-improvement_seed2,2,greedy-improvement,grid-treasure,2,9,GA,3.735157245210992,2.8916000155732036,-0.13,-0.13,0.5,0.0,0.5374138894595469,0.03335542085147393,7.291414090501453,3.556256845290461,strict_delta_max,1,cross_layer_handoff_executed
grid-treasure_greedy-improvement_seed2,2,greedy-improvement,grid-treasure,3,0,GA,3.328180970132345,2.646800014190376,-0.08499999999999996,-0.08499999999999996,0.5,0.0,0.5374138894595469,0.03109597018002063,28.0,24.671819029867656,strict_delta_max,1,cross_layer_handoff_executed
grid-treasure_greedy-improvement_seed2,2,greedy-improvement,grid-treasure,3,1,GA,3.0099464377671694,2.235500025562942,-0.06999999999999995,-0.06999999999999995,0.5,0.0,0.5764225640641605,0.056915212136915506,24.671819029867656,21.661872592100487,strict_delta_max,1,cross_layer_handoff_executed
grid-treasure_greedy-improvement_seed2,2,greedy-improvement,grid-treasure,3,2,GA,3.6067835891786926,1.895399997010827,-0.06999999999999995,-0.06999999999999995,0.5,0.0,0.5764225640641605,0.026110015467795067,21.661872592100487,18.055089002921793,strict_delta_max,1,cross_layer_handoff_executed
grid-treasure_greedy-improvement_seed2,2,greedy-improvement,grid-treasure,3,3,GA,2.1514505015101686,2.5086000096052885,-0.08499999999999996,-0.08499999999999996,0.5,0.0,0.5764225640641605,0.04584544153715235,18.055089002921793,15.903638501411624,strict_delta_max,1,cross_layer_handoff_executed
grid-treasure_greedy-improvement_seed2,2,greedy-improvement,grid-treasure,3,4,GA,1.9709517934513396,2.0506998989731073,-0.06999999999999995,-0.06999999999999995,0.5,0.0,0.5764225640641605,0.05593723281509721,15.903638501411624,13.932686707960285,strict_delta_max,1,cross_layer_handoff_executed
grid-treasure_greedy-improvement_seed2,2,greedy-improvement,grid-treasure,3,5,GA,1.3688793293671315,1.8578000599518418,-0.06999999999999995,-0.06999999999999995,0.5,0.0,0.5764225640641605,0.08134743297802147,13.932686707960285,12.563807378593154,strict_delta_max,1,cross_layer_handoff_executed
grid-treasure_greedy-improvement_seed2,2,greedy-improvement,grid-treasure,3,6,GA,2.049914296211412,2.2597999777644873,-0.040000000000000036,-0.040000000000000036,0.5,0.014634758172790434,0.5943153528049001,0.054236687125339016,12.563807378593154,10.513893082381742,strict_delta_max,1,cross_layer_handoff_executed
grid-treasure_greedy-improvement_seed2,2,greedy-improvement,grid-treasure,3,7,GA,3.8162376588640283,2.027799957431853,-0.09499999999999997,-0.09499999999999997,0.5,0.0,0.5943153528049001,0.027383281961221112,10.513893082381742,6.6976554235177135,strict_delta_max,1,cross_layer_handoff_executed
grid-treasure_greedy-improvement_seed2,2,greedy-improvement,grid-treasure,3,8,GA,2.319963890849973,2.648300025612116,-0.10999999999999999,-0.10999999999999999,0.5,0.0,0.5943153528049001,0.04095619614323322,6.6976554235177135,4.377691532667741,strict_delta_max,1,cross_layer_handoff_executed
grid-treasure_greedy-improvement_seed2,2,greedy-improvement,grid-treasure,3,9,GA,1.5545341754417712,2.111000008881092,-0.09499999999999997,-0.09499999999999997,0.5,0.0,0.5943153528049001,0.07031083734462101,4.377691532667741,2.8231573572259694,strict_delta_max,1,cross_layer_handoff_executed
grid-treasure_greedy-improvement_seed2,2,greedy-improvement,grid-treasure,4,0,GA,3.5023132130444985,1.752300071530044,-0.06999999999999995,-0.06999999999999995,0.5,0.0,0.5943153528049001,0.03683581419140498,28.0,24.4976867869555,strict_delta_max,1,cross_layer_handoff_executed
grid-treasure_greedy-improvement_seed2,2,greedy-improvement,grid-treasure,4,1,GA,3.0380786406391573,2.1971999667584896,-0.07999999999999996,-0.07999999999999996,0.5,0.0,0.5943153528049001,0.03830394393950459,24.4976867869555,21.459608146316345,strict_delta_max,1,cross_layer_handoff_executed
grid-treasure_greedy-improvement_seed2,2,greedy-improvement,grid-treasure,4,2,GA,1.5677126835871673,2.0803000079467893,-0.09499999999999997,-0.09499999999999997,0.5,0.0,0.5943153528049001,0.06692890388753533,21.459608146316345,19.891895462729178,strict_delta_max,1,cross_layer_handoff_executed
grid-treasure_greedy-improvement_seed2,2,greedy-improvement,grid-treasure,4,3,GA,1.5098981243310234,2.1692999871447682,-0.09499999999999997,-0.09499999999999997,0.5,0.0,0.5943153528049001,0.06887330847105386,19.891895462729178,18.381997338398154,strict_delta_max,1,cross_layer_handoff_executed
grid-treasure_greedy-improvement_seed2,2,greedy-improvement,grid-treasure,4,4,GA,1.315757745315015,2.1045999601483345,-0.09499999999999997,-0.09499999999999997,0.5,0.0,0.5943153528049001,0.08497495426972781,18.381997338398154,17.06623959308314,strict_delta_max,1,cross_layer_handoff_executed
grid-treasure_greedy-improvement_seed2,2,greedy-improvement,grid-treasure,4,5,GA,3.0511744270929615,2.0282999612390995,-0.09499999999999997,-0.09499999999999997,0.5,0.0,0.5943153528049001,0.04204034854055675,17.06623959308314,14.015065165990178,strict_delta_max,1,cross_layer_handoff_executed
grid-treasure_greedy-improvement_seed2,2,greedy-improvement,grid-treasure,4,6,GA,3.790545857000227,1.9200999522581697,-0.06999999999999995,-0.06999999999999995,0.5,0.0,0.5943153528049001,0.02457109575372209,14.015065165990178,10.22451930898995,strict_delta_max,1,cross_layer_handoff_executed
grid-treasure_greedy-improvement_seed2,2,greedy-improvement,grid-treasure,4,7,GA,1.9930510914638866,2.1733000176027417,-0.09499999999999997,-0.09499999999999997,0.5,0.0,0.5943153528049001,0.05356956585855465,10.22451930898995,8.231468217526064,strict_delta_max,1,cross_layer_handoff_executed
grid-treasure_greedy-improvement_seed2,2,greedy-improvement,grid-treasure,4,8,GA,2.4854642106748717,2.5058999890461564,-0.10999999999999999,-0.10999999999999999,0.5,0.0,0.5943153528049001,0.04123362072416655,8.231468217526064,5.746004006851193,strict_delta_max,1,cross_layer_handoff_executed
grid-treasure_greedy-improvement_seed2,2,greedy-improvement,grid-treasure,4,9,GA,3.2133936280451523,2.1469000494107604,-0.09499999999999997,-0.09499999999999997,0.5,0.0,0.5943153528049001,0.03064623884300103,5.746004006851193,2.5326103788060403,strict_delta_max,1,cross_layer_handoff_executed
grid-treasure_greedy-improvement_seed2,2,greedy-improvement,grid-treasure,5,0,GA,1.8036593611899356,1.9249999895691872,-0.06999999999999995,-0.06999999999999995,0.5,0.0,0.5943153528049001,0.07184813664144954,28.0,26.196340638810064,strict_delta_max,1,cross_layer_handoff_executed
grid-treasure_greedy-improvement_seed2,2,greedy-improvement,grid-treasure,5,1,GA,1.9050718237453892,2.0297999726608396,-0.09499999999999997,-0.09499999999999997,0.5,0.0,0.5943153528049001,0.044560292199396785,26.196340638810064,24.291268815064676,strict_delta_max,1,cross_layer_handoff_executed
grid-treasure_greedy-improvement_seed2,2,greedy-improvement,grid-treasure,5,2,GA,3.5179531953168386,1.9968999549746513,-0.06999999999999995,-0.06999999999999995,0.5,0.0,0.5943153528049001,0.03133280672607379,24.291268815064676,20.773315619747837,strict_delta_max,1,cross_layer_handoff_executed
grid-treasure_greedy-improvement_seed2,2,greedy-improvement,grid-treasure,5,3,GA,2.0910593367656842,2.1768000442534685,-0.09499999999999997,-0.09499999999999997,0.5,0.0,0.5943153528049001,0.06293911975083898,20.773315619747837,18.682256282982152,strict_delta_max,1,cross_layer_handoff_executed
grid-treasure_greedy-improvement_seed2,2,greedy-improvement,grid-treasure,5,4,GA,2.8799253446247155,1.880299998447299,-0.06999999999999995,-0.06999999999999995,0.5,0.0,0.5943153528049001,0.03662823405487103,18.682256282982152,15.802330938357436,strict_delta_max,1,cross_layer_handoff_executed
grid-treasure_greedy-improvement_seed2,2,greedy-improvement,grid-treasure,5,5,GA,1.6825557611434037,2.4782000109553337,-1.12,-1.12,0.0,0.0,0.5943153528049001,0.06770932785579019,15.802330938357436,14.119775177214033,strict_delta_max,1,cross_layer_handoff_executed
grid-treasure_greedy-improvement_seed2,2,greedy-improvement,grid-treasure,5,6,GA,2.1817322758648974,2.739100018516183,-1.1350000000000002,-1.1350000000000002,0.0,0.0,0.5943153528049001,0.05269311051977337,14.119775177214033,11.938042901349135,strict_delta_max,1,cross_layer_handoff_executed
grid-treasure_greedy-improvement_seed2,2,greedy-improvement,grid-treasure,5,7,GA,3.0607939356935576,2.0058000227436423,-0.06999999999999995,-0.06999999999999995,0.5,0.0,0.5943153528049001,0.030989178294928147,11.938042901349135,8.877248965655578,strict_delta_max,1,cross_layer_handoff_executed
grid-treasure_greedy-improvement_seed2,2,greedy-improvement,grid-treasure,5,8,GA,2.5372937860554146,1.8223000224679708,-0.06999999999999995,-0.06999999999999995,0.5,0.0,0.5943153528049001,0.037750286234202186,8.877248965655578,6.339955179600164,strict_delta_max,1,cross_layer_handoff_executed
grid-treasure_greedy-improvement_seed2,2,greedy-improvement,grid-treasure,5,9,GA,1.4936774249349543,2.570500015281141,-0.10999999999999999,-0.10999999999999999,0.5,0.0,0.5943153528049001,0.057811136716932575,6.339955179600164,4.846277754665209,strict_delta_max,1,cross_layer_handoff_executed
grid-treasure_greedy-improvement_seed2,2,greedy-improvement,grid-treasure,5,10,GA,2.6475984187453396,2.9856000328436494,-1.21,-1.21,0.0,0.0,0.5943153528049001,0.04827391294469747,4.846277754665209,2.1986793359198695,strict_delta_max,1,cross_layer_handoff_executed
resource-defense_DLGPR-full_seed0,0,DLGPR-full,resource-defense,0,0,GA,2.900117049606808,2.9784999787807465,0.675128,0.675128,0.0,0.0,0.9088272647789373,0.05260290404668859,28.0,25.09988295039319,strict_delta_max,1,cross_layer_handoff_executed
resource-defense_DLGPR-full_seed0,0,DLGPR-full,resource-defense,0,1,PSO,1.5305249378732895,2.3447000421583652,0.10590799999999989,0.10590799999999989,0.0,0.0,0.0,0.10043349719174326,25.09988295039319,23.569358012519903,strict_delta_max,1,cross_layer_handoff_executed
resource-defense_DLGPR-full_seed0,0,DLGPR-full,resource-defense,0,2,RL,2.1785896675980054,4.1649000486359,0.7029200000000002,0.7029200000000002,0.0,0.0006022244663662349,0.0,0.17213062449408242,23.569358012519903,21.3907683449219,strict_delta_max,2,cross_layer_handoff_executed
resource-defense_DLGPR-full_seed0,0,DLGPR-full,resource-defense,0,3,GA,2.857045352822311,2.291899989359081,0.6965199999999998,0.6965199999999998,0.0,0.0,0.8406604725099949,0.04059936913562151,21.3907683449219,18.533722992099587,strict_delta_max,1,cross_layer_handoff_executed
resource-defense_DLGPR-full_seed0,0,DLGPR-full,resource-defense,0,4,GA,3.400313148130356,2.693499904125929,0.701608,0.701608,0.0,0.0,0.8190293695423023,0.04974043985351009,18.533722992099587,15.13340984396923,strict_delta_max,1,cross_layer_handoff_executed
resource-defense_DLGPR-full_seed0,0,DLGPR-full,resource-defense,0,5,GA,1.470595010827022,2.5329000782221556,0.8315079999999999,0.8315079999999999,0.0,0.08743943713482705,0.7849621959632657,0.1005601436279026,15.13340984396923,13.662814833142209,strict_delta_max,1,cross_layer_handoff_executed
resource-defense_DLGPR-full_seed0,0,DLGPR-full,resource-defense,0,6,GA,1.6699428688975164,2.5804999750107527,0.696717,0.696717,0.0,0.0,0.7228575153903288,0.08302919676356103,13.662814833142209,11.992871964244692,strict_delta_max,1,cross_layer_handoff_executed
resource-defense_DLGPR-full_seed0,0,DLGPR-full,resource-defense,0,7,GA,2.1717963860559193,1.6302999574691057,0.701608,0.701608,0.0,0.0,0.6614133014114374,0.06939196202361914,11.992871964244692,9.821075578188772,strict_delta_max,1,cross_layer_handoff_executed
resource-defense_DLGPR-full_seed0,0,DLGPR-full,resource-defense,0,8,GA,2.299430251829624,1.4675999991595745,0.701608,0.701608,0.0,0.0,0.6176996281832416,0.07615814822098746,9.821075578188772,7.521645326359148,strict_delta_max,1,cross_layer_handoff_executed
resource-defense_DLGPR-full_seed0,0,DLGPR-full,resource-defense,0,9,GA,1.7398273212006223,1.523899962194264,0.701608,0.701608,0.0,0.0,0.5211771746888839,0.07198560138040824,7.521645326359148,5.7818180051585255,strict_delta_max,1,cross_layer_handoff_executed
resource-defense_DLGPR-full_seed0,0,DLGPR-full,resource-defense,0,10,GA,3.784074900183172,1.5072999522089958,0.645505,0.645505,0.0,0.0,0.5211771746888839,0.03657086076341847,5.7818180051585255,1.9977431049753536,strict_delta_max,1,cross_layer_handoff_executed
resource-defense_DLGPR-full_seed0,0,DLGPR-full,resource-defense,1,0,GA,3.1773453918342303,1.3795000268146396,-0.31392399999999987,-0.31392399999999987,0.0,0.0,0.5211771746888839,0.020201107646232182,28.0,24.82265460816577,strict_delta_max,1,cross_layer_handoff_executed
resource-defense_DLGPR-full_seed0,0,DLGPR-full,resource-defense,1,1,PSO,1.4527198493202356,2.4726000847294927,0.840938,0.840938,0.0,0.006491272219081047,0.0,0.11114216551378955,24.82265460816577,23.369934758845535,strict_delta_max,1,cross_layer_handoff_executed
resource-defense_DLGPR-full_seed0,0,DLGPR-full,resource-defense,1,2,RL,3.12660490026646,4.25670004915446,0.6984999999999999,0.6984999999999999,0.0,0.0,0.0,0.003036520539960401,23.369934758845535,20.243329858579074,strict_delta_max,2,cross_layer_handoff_executed
resource-defense_DLGPR-full_seed0,0,DLGPR-full,resource-defense,1,3,GA,3.468019431167365,2.374099916778505,0.701608,0.701608,0.0,0.0,0.5117387780843504,0.03605145753869547,20.243329858579074,16.77531042741171,strict_delta_max,1,cross_layer_handoff_executed
resource-defense_DLGPR-full_seed0,0,DLGPR-full,resource-defense,1,4,GA,2.1141661161604968,2.6567999739199877,0.701608,0.701608,0.0,0.0,0.49767915763399345,0.059797731142758576,16.77531042741171,14.661144311251213,strict_delta_max,1,cross_layer_handoff_executed
resource-defense_DLGPR-full_seed0,0,DLGPR-full,resource-defense,1,5,GA,2.8211247980345897,2.0821000216528773,-0.007692000000000032,-0.007692000000000032,0.0,0.0,0.49767915763399345,0.037430282570914575,14.661144311251213,11.840019513216625,strict_delta_max,1,cross_layer_handoff_executed
resource-defense_DLGPR-full_seed0,0,DLGPR-full,resource-defense,1,6,GA,3.3681491040492673,2.1368999732658267,-0.2062060000000001,-0.2062060000000001,0.0,0.0,0.49767915763399345,0.043507237117291174,11.840019513216625,8.471870409167357,strict_delta_max,1,cross_layer_handoff_executed
resource-defense_DLGPR-full_seed0,0,DLGPR-full,resource-defense,1,7,GA,1.553253890995585,2.4190000258386135,0.701608,0.701608,0.0,0.0,0.49190229201189034,0.0662253110347938,8.471870409167357,6.918616518171772,strict_delta_max,1,cross_layer_handoff_executed
resource-defense_DLGPR-full_seed0,0,DLGPR-full,resource-defense,1,8,GA,1.7851343821131938,2.162200049497187,0.09478399999999987,0.09478399999999987,0.0,0.0,0.49190229201189034,0.06004153032885859,6.918616518171772,5.1334821360585785,strict_delta_max,1,cross_layer_handoff_executed
resource-defense_DLGPR-full_seed0,0,DLGPR-full,resource-defense,1,9,GA,3.952461447747271,2.4503000313416123,0.662944,0.662944,0.0,0.0,0.49190229201189034,0.024263496558950857,5.1334821360585785,1.1810206883113077,strict_delta_max,1,cross_layer_handoff_executed
resource-defense_DLGPR-full_seed0,0,DLGPR-full,resource-defense,2,0,GA,1.864751313856478,2.409699955023825,0.681584,0.681584,0.0,0.0,0.49190229201189034,0.07694631257209716,28.0,26.135248686143523,strict_delta_max,1,cross_layer_handoff_executed
resource-defense_DLGPR-full_seed0,0,DLGPR-full,resource-defense,2,1,PSO,2.938218791859795,2.2945000091567636,0.945422,0.945422,0.0,0.03556031984053343,0.0,0.05582418286772152,26.135248686143523,23.197029894283727,strict_delta_max,1,cross_layer_handoff_executed
resource-defense_DLGPR-full_seed0,0,DLGPR-full,resource-defense,2,2,RL,3.9637982864587413,4.043900058604777,0.6898519999999999,0.6898519999999999,0.0,0.0,0.0,0.05414099923629746,23.197029894283727,19.233231607824987,strict_delta_max,2,cross_layer_handoff_executed
resource-defense_DLGPR-full_seed0,0,DLGPR-full,resource-defense,2,3,GA,1.2730079123196112,2.3390999995172024,0.7219439999999999,0.7219439999999999,0.0,0.0,0.5140200127132354,0.10232447082231604,19.233231607824987,17.960223695505377,strict_delta_max,1,cross_layer_handoff_executed
resource-defense_DLGPR-full_seed0,0,DLGPR-full,resource-defense,2,4,GA,2.1976052905590886,2.433300018310547,0.8323639999999998,0.8323639999999998,0.0,0.0,0.5256881135592114,0.054963285351855296,17.960223695505377,15.762618404946288,strict_delta_max,1,cross_layer_handoff_executed
resource-defense_DLGPR-full_seed0,0,DLGPR-full,resource-defense,2,5,GA,1.1014703921744573,2.452199929393828,0.701608,0.701608,0.0,0.0,0.5256881135592114,0.06943785947372269,15.762618404946288,14.66114801277183,strict_delta_max,1,cross_layer_handoff_executed
resource-defense_DLGPR-full_seed0,0,DLGPR-full,resource-defense,2,6,GA,1.7108858217413463,2.6169000193476677,0.2500479999999999,0.2500479999999999,0.0,0.0,0.5256881135592114,0.04873925838227339,14.66114801277183,12.950262191030484,strict_delta_max,1,cross_layer_handoff_executed
resource-defense_DLGPR-full_seed0,0,DLGPR-full,resource-defense,2,7,GA,2.312037323216491,2.3823999799788,0.701608,0.701608,0.0,0.0,0.5256881135592114,0.034189030436156724,12.950262191030484,10.638224867813992,strict_delta_max,1,cross_layer_handoff_executed
resource-defense_DLGPR-full_seed0,0,DLGPR-full,resource-defense,2,8,GA,1.8123878874087374,2.4654000299051404,0.701608,0.701608,0.0,0.0,0.5256881135592114,0.04403551236782976,10.638224867813992,8.825836980405255,strict_delta_max,1,cross_layer_handoff_executed
resource-defense_DLGPR-full_seed0,0,DLGPR-full,resource-defense,2,9,GA,3.780520559344634,2.464299905113876,0.701608,0.701608,0.0,0.0,0.5256881135592114,0.03095766011816921,8.825836980405255,5.045316421060621,strict_delta_max,1,cross_layer_handoff_executed
resource-defense_DLGPR-full_seed0,0,DLGPR-full,resource-defense,2,10,GA,1.6047235987108972,2.5010000681504607,0.8693519999999999,0.8693519999999999,0.0,0.0,0.5535688612002733,0.046319311727523994,5.045316421060621,3.4405928223497235,strict_delta_max,1,cross_layer_handoff_executed
resource-defense_DLGPR-full_seed0,0,DLGPR-full,resource-defense,3,0,GA,3.314378261454106,2.4880999699234962,0.701608,0.701608,0.0,0.0,0.5535688612002733,0.035816093792548576,28.0,24.685621738545894,strict_delta_max,1,cross_layer_handoff_executed
resource-defense_DLGPR-full_seed0,0,DLGPR-full,resource-defense,3,1,PSO,2.6869637006212543,2.343500033020973,0.9344519999999998,0.9344519999999998,0.0,0.0,0.0,0.04566555012658698,24.685621738545894,21.99865803792464,strict_delta_max,1,cross_layer_handoff_executed
resource-defense_DLGPR-full_seed0,0,DLGPR-full,resource-defense,3,2,RL,3.3619445794539757,4.093999974429607,0.701608,0.701608,0.0,0.0,0.0,0.001165991856009954,21.99865803792464,18.636713458470663,strict_delta_max,2,cross_layer_handoff_executed
resource-defense_DLGPR-full_seed0,0,DLGPR-full,resource-defense,3,3,GA,2.9267344965377204,2.3357999743893743,0.85886,0.85886,0.0,0.0,0.5473863370587523,0.03238675933952744,18.636713458470663,15.709978961932942,strict_delta_max,1,cross_layer_handoff_executed
resource-defense_DLGPR-full_seed0,0,DLGPR-full,resource-defense,3,4,GA,3.8730777425326743,2.489199978299439,0.701608,0.701608,0.0,0.0,0.5473863370587523,0.024148610137665047,15.709978961932942,11.836901219400268,strict_delta_max,1,cross_layer_handoff_executed
resource-defense_DLGPR-full_seed0,0,DLGPR-full,resource-defense,3,5,GA,3.171116821064508,2.4832000490278006,0.8041999999999998,0.8041999999999998,0.0,0.0,0.565906761069568,0.040243754010716754,11.836901219400268,8.66578439833576,strict_delta_max,1,cross_layer_handoff_executed
resource-defense_DLGPR-full_seed0,0,DLGPR-full,resource-defense,3,6,GA,1.6676173328921822,2.340200007893145,0.89486,0.89486,0.0,0.0,0.5727272448647086,0.06493919210247398,8.66578439833576,6.998167065443577,strict_delta_max,1,cross_layer_handoff_executed
resource-defense_DLGPR-full_seed0,0,DLGPR-full,resource-defense,3,7,GA,3.431139298081073,2.6551999617367983,0.7887479999999998,0.7887479999999998,0.0,0.0,0.5754926232208497,0.03747752306584086,6.998167065443577,3.567027767362504,strict_delta_max,1,cross_layer_handoff_executed
resource-defense_DLGPR-full_seed0,0,DLGPR-full,resource-defense,4,0,GA,1.9956619847847945,2.3312000557780266,0.9168159999999999,0.9168159999999999,0.0,0.0,0.5567207125542645,0.04734838456763973,28.0,26.004338015215204,strict_delta_max,1,cross_layer_handoff_executed
resource-defense_DLGPR-full_seed0,0,DLGPR-full,resource-defense,4,1,PSO,1.029133721656413,2.3619000567123294,0.9395519999999998,0.9395519999999998,0.0,0.0,0.0,0.13040114249308837,26.004338015215204,24.97520429355879,strict_delta_max,1,cross_layer_handoff_executed
resource-defense_DLGPR-full_seed0,0,DLGPR-full,resource-defense,4,2,RL,3.846664800052656,4.255499923601747,0.7413919999999998,0.7413919999999998,0.0,0.0,0.0,0.04591302054641781,24.97520429355879,21.128539493506132,strict_delta_max,2,cross_layer_handoff_executed
resource-defense_DLGPR-full_seed0,0,DLGPR-full,resource-defense,4,3,GA,1.9590737674948593,2.3632000666111708,0.85886,0.85886,0.0,0.0,0.5170116642788656,0.054944600197379484,21.128539493506132,19.16946572601127,strict_delta_max,1,cross_layer_handoff_executed
resource-defense_DLGPR-full_seed0,0,DLGPR-full,resource-defense,4,4,GA,2.0364007329593976,2.3632999509572983,0.6203279999999998,0.6203279999999998,0.0,0.0,0.5170116642788656,0.06609707300191525,19.16946572601127,17.133064993051875,strict_delta_max,1,cross_layer_handoff_executed
resource-defense_DLGPR-full_seed0,0,DLGPR-full,resource-defense,4,5,GA,2.7192524662213264,2.3545000003650784,0.1058079999999999,0.1058079999999999,0.0,0.0,0.5170116642788656,0.03463420604460121,17.133064993051875,14.413812526830547,strict_delta_max,1,cross_layer_handoff_executed
resource-defense_DLGPR-full_seed0,0,DLGPR-full,resource-defense,4,6,GA,2.107607865690741,2.4892999790608883,0.701608,0.701608,0.0,0.0,0.5170116642788656,0.05731137012723425,14.413812526830547,12.306204661139805,strict_delta_max,1,cross_layer_handoff_executed
resource-defense_DLGPR-full_seed0,0,DLGPR-full,resource-defense,4,7,GA,2.8551994257613424,2.741699921898544,0.9168159999999999,0.9168159999999999,0.0,0.0,0.5278696356403143,0.03422615241125277,12.306204661139805,9.451005235378464,strict_delta_max,1,cross_layer_handoff_executed
resource-defense_DLGPR-full_seed0,0,DLGPR-full,resource-defense,4,8,GA,1.099588246234088,2.7797999791800976,0.8654319999999999,0.8654319999999999,0.0,0.0,0.5305959865840351,0.08711079408426343,9.451005235378464,8.351416989144376,strict_delta_max,1,cross_layer_handoff_executed
resource-defense_DLGPR-full_seed0,0,DLGPR-full,resource-defense,4,9,GA,1.4708207993043185,2.304999972693622,0.20797599999999988,0.20797599999999988,0.0,0.0,0.5305959865840351,0.08280457308289461,8.351416989144376,6.880596189840057,strict_delta_max,1,cross_layer_handoff_executed
resource-defense_DLGPR-full_seed0,0,DLGPR-full,resource-defense,4,10,GA,2.5120179073785827,2.62379995547235,0.8712039999999999,0.8712039999999999,0.0,0.0,0.5334033236075132,0.04502233137305524,6.880596189840057,4.368578282461474,strict_delta_max,1,cross_layer_handoff_executed
resource-defense_DLGPR-full_seed0,0,DLGPR-full,resource-defense,4,11,GA,2.199598355409459,2.6277999859303236,0.26422,0.26422,0.0,0.0,0.5334033236075132,0.03691912129110769,4.368578282461474,2.168979927052015,strict_delta_max,1,cross_layer_handoff_executed
resource-defense_DLGPR-full_seed0,0,DLGPR-full,resource-defense,5,0,GA,2.899821362126384,2.379199955612421,0.9597999999999999,0.9597999999999999,0.0,0.00495823645821299,0.5272260697892794,0.035817949555996646,28.0,25.100178637873615,strict_delta_max,1,cross_layer_handoff_executed
resource-defense_DLGPR-full_seed0,0,DLGPR-full,resource-defense,5,1,PSO,3.3841082200764343,2.495500026270747,0.9509719999999998,0.9509719999999998,0.0,0.0,0.0,0.04597531344460649,25.100178637873615,21.71607041779718,strict_delta_max,1,cross_layer_handoff_executed
resource-defense_DLGPR-full_seed0,0,DLGPR-full,resource-defense,5,2,RL,1.9269126521178332,4.459399962797761,0.8165,0.8165,0.0,0.0,0.0,0.036477003730681835,21.71607041779718,19.78915776567935,strict_delta_max,2,cross_layer_handoff_executed
resource-defense_DLGPR-full_seed0,0,DLGPR-full,resource-defense,5,3,GA,2.1508889665545055,2.3952999617904425,0.903808,0.903808,0.0,0.0,0.5024197203749747,0.04627802864688453,19.78915776567935,17.638268799124845,strict_delta_max,1,cross_layer_handoff_executed
resource-defense_DLGPR-full_seed0,0,DLGPR-full,resource-defense,5,4,GA,2.0192869467869765,2.6554999640211463,0.9301119999999998,0.9301119999999998,0.0,0.0,0.49289578096023606,0.04708903991516718,17.638268799124845,15.618981852337868,strict_delta_max,1,cross_layer_handoff_executed
resource-defense_DLGPR-full_seed0,0,DLGPR-full,resource-defense,5,5,GA,3.881039225325792,2.5723999133333564,0.8078919999999998,0.8078919999999998,0.0,0.0,0.49289578096023606,0.029828235693625565,15.618981852337868,11.737942627012075,strict_delta_max,1,cross_layer_handoff_executed
resource-defense_DLGPR-full_seed0,0,DLGPR-full,resource-defense,5,6,GA,1.8154814996334845,2.512499922886491,0.24677999999999994,0.24677999999999994,0.0,0.0,0.49289578096023606,0.06917549724996969,11.737942627012075,9.92246112737859,strict_delta_max,1,cross_layer_handoff_executed
resource-defense_DLGPR-full_seed0,0,DLGPR-full,resource-defense,5,7,GA,3.9628515719632915,2.6239000726491213,0.7776239999999999,0.7776239999999999,0.0,0.0,0.49289578096023606,0.02354027314140573,9.92246112737859,5.959609555415298,strict_delta_max,1,cross_layer_handoff_executed
resource-defense_DLGPR-full_seed0,0,DLGPR-full,resource-defense,5,8,GA,2.646839892830358,2.599500003270805,0.9370519999999998,0.9370519999999998,0.0,0.0,0.47288098935610445,0.03479943217104847,5.959609555415298,3.31276966258494,strict_delta_max,1,cross_layer_handoff_executed
resource-defense_DLGPR-full_seed1,1,DLGPR-full,resource-defense,0,0,GA,1.9020835094768749,2.7707000263035297,0.7475840000000001,0.7475840000000001,0.0,0.0,0.9187276469971314,0.10320116966747558,28.0,26.097916490523126,strict_delta_max,1,cross_layer_handoff_executed
resource-defense_DLGPR-full_seed1,1,DLGPR-full,resource-defense,0,1,PSO,1.753787846213536,2.5169000728055835,0.7298560000000001,0.7298560000000001,0.0,0.0,0.0,0.07933765931040297,26.097916490523126,24.34412864430959,strict_delta_max,1,cross_layer_handoff_executed
resource-defense_DLGPR-full_seed1,1,DLGPR-full,resource-defense,0,2,RL,4.0,4.285000031813979,0.9027639999999999,0.9027639999999999,0.0,0.012604000000000004,0.0,0.0,24.34412864430959,20.34412864430959,strict_delta_max,2,cross_layer_handoff_executed
resource-defense_DLGPR-full_seed1,1,DLGPR-full,resource-defense,0,3,GA,3.4809483824350433,2.3889000294730067,0.854968,0.854968,0.0,0.0,0.8325725896037208,0.02900098157656912,20.34412864430959,16.863180261874547,strict_delta_max,1,cross_layer_handoff_executed
resource-defense_DLGPR-full_seed1,1,DLGPR-full,resource-defense,0,4,GA,2.8712549085496537,2.5345999747514725,0.6304719999999999,0.6304719999999999,0.0,0.0,0.7847072863218921,0.04197955335833807,16.863180261874547,13.991925353324893,strict_delta_max,1,cross_layer_handoff_executed
resource-defense_DLGPR-full_seed1,1,DLGPR-full,resource-defense,0,5,GA,1.8746535038726546,2.486899960786104,0.8882079999999999,0.8882079999999999,0.0,0.0,0.7852799130792669,0.0580519545616368,13.991925353324893,12.117271849452239,strict_delta_max,1,cross_layer_handoff_executed
resource-defense_DLGPR-full_seed1,1,DLGPR-full,resource-defense,0,6,GA,2.6704134998623594,2.459999988786876,0.854968,0.854968,0.0,0.0,0.7378153438105569,0.05122103162624485,12.117271849452239,9.44685834958988,strict_delta_max,1,cross_layer_handoff_executed
resource-defense_DLGPR-full_seed1,1,DLGPR-full,resource-defense,0,7,GA,3.215108286477906,2.757200039923191,0.854968,0.854968,0.0,0.0,0.7008805239600717,0.027029546483565956,9.44685834958988,6.231750063111973,strict_delta_max,1,cross_layer_handoff_executed
resource-defense_DLGPR-full_seed1,1,DLGPR-full,resource-defense,0,8,GA,1.9990538193680414,2.659599995240569,0.85791,0.85791,0.0,0.0,0.6816262276352125,0.06886673145036183,6.231750063111973,4.232696243743932,strict_delta_max,1,cross_layer_handoff_executed
resource-defense_DLGPR-full_seed1,1,DLGPR-full,resource-defense,0,9,GA,3.9278788299409912,2.5721999118104577,0.854968,0.854968,0.0,0.0,0.6816262276352125,0.03271926449213974,4.232696243743932,0.30481741380294114,strict_delta_max,1,cross_layer_handoff_executed
resource-defense_DLGPR-full_seed1,1,DLGPR-full,resource-defense,1,0,GA,1.1616076935928987,2.5402000173926353,0.6283,0.6283,0.0,0.0,0.6816262276352125,0.11873696456055939,28.0,26.8383923064071,strict_delta_max,1,cross_layer_handoff_executed
resource-defense_DLGPR-full_seed1,1,DLGPR-full,resource-defense,1,1,PSO,3.16251183410197,2.525000018067658,0.5263639999999999,0.5263639999999999,0.0,0.0,0.0,0.03016065522403054,26.8383923064071,23.67588047230513,strict_delta_max,1,cross_layer_handoff_executed
resource-defense_DLGPR-full_seed1,1,DLGPR-full,resource-defense,1,2,RL,2.170316743954574,4.545800038613379,0.8945679999999999,0.8945679999999999,0.0,0.0,0.0,0.6381040941869942,23.67588047230513,21.50556372835056,strict_delta_max,2,cross_layer_handoff_executed
resource-defense_DLGPR-full_seed1,1,DLGPR-full,resource-defense,1,3,GA,2.906607142104917,2.5794999673962593,0.8611779999999999,0.8611779999999999,0.0,0.0,0.6532409933858663,0.02893494844091921,21.50556372835056,18.59895658624564,strict_delta_max,1,cross_layer_handoff_executed
resource-defense_DLGPR-full_seed1,1,DLGPR-full,resource-defense,1,4,GA,3.6205112234343595,2.2989000426605344,0.928528,0.928528,0.0,0.007116122119229559,0.6552017382780624,0.03684480902914595,18.59895658624564,14.978445362811282,strict_delta_max,1,cross_layer_handoff_executed
resource-defense_DLGPR-full_seed1,1,DLGPR-full,resource-defense,1,5,GA,2.2227177585464335,2.528900047764182,0.8567679999999999,0.8567679999999999,0.0,0.0,0.6552017382780624,0.05216307661294452,14.978445362811282,12.755727604264848,strict_delta_max,1,cross_layer_handoff_executed
resource-defense_DLGPR-full_seed1,1,DLGPR-full,resource-defense,1,6,GA,3.3585460716789104,2.290000091306865,0.854968,0.854968,0.0,0.0,0.6552017382780624,0.04142943567285529,12.755727604264848,9.397181532585938,strict_delta_max,1,cross_layer_handoff_executed
resource-defense_DLGPR-full_seed1,1,DLGPR-full,resource-defense,1,7,GA,3.298007585704337,2.3921000538393855,0.8850879999999999,0.8850879999999999,0.0,0.0,0.647718603198675,0.032102699108359514,9.397181532585938,6.099173946881601,strict_delta_max,1,cross_layer_handoff_executed
resource-defense_DLGPR-full_seed1,1,DLGPR-full,resource-defense,1,8,GA,2.1098273840752024,2.365899970754981,0.8613279999999999,0.8613279999999999,0.0,0.0,0.6444385329473741,0.049259552879988004,6.099173946881601,3.9893465628063987,strict_delta_max,1,cross_layer_handoff_executed
resource-defense_DLGPR-full_seed1,1,DLGPR-full,resource-defense,2,0,GA,1.5219217418588808,2.2609999869018793,0.8613279999999999,0.8613279999999999,0.0,0.0,0.6444385329473741,0.08403504756501236,28.0,26.478078258141117,strict_delta_max,1,cross_layer_handoff_executed
resource-defense_DLGPR-full_seed1,1,DLGPR-full,resource-defense,2,1,PSO,3.5800425563951523,2.2999999346211553,0.889848,0.889848,0.0,0.0,0.0,0.011986023749779287,26.478078258141117,22.898035701745965,strict_delta_max,1,cross_layer_handoff_executed
resource-defense_DLGPR-full_seed1,1,DLGPR-full,resource-defense,2,2,RL,3.059186191861781,4.045799956656992,0.889848,0.889848,0.0,0.0,0.0,0.0,22.898035701745965,19.838849509884184,strict_delta_max,2,cross_layer_handoff_executed
resource-defense_DLGPR-full_seed1,1,DLGPR-full,resource-defense,2,3,GA,3.4088921374345063,2.3310999386012554,0.854968,0.854968,0.0,0.0,0.6208502294546854,0.022471817544435113,19.838849509884184,16.429957372449678,strict_delta_max,1,cross_layer_handoff_executed
resource-defense_DLGPR-full_seed1,1,DLGPR-full,resource-defense,2,4,GA,3.9979137202151325,2.428899984806776,0.6304719999999999,0.6304719999999999,0.0,0.0,0.6208502294546854,0.0319993915232315,16.429957372449678,12.432043652234546,strict_delta_max,1,cross_layer_handoff_executed
resource-defense_DLGPR-full_seed1,1,DLGPR-full,resource-defense,2,5,GA,1.2147657216719945,2.3219999857246876,0.8700479999999999,0.8700479999999999,0.0,0.0,0.6208502294546854,0.0642960920203846,12.432043652234546,11.21727793056255,strict_delta_max,1,cross_layer_handoff_executed
resource-defense_DLGPR-full_seed1,1,DLGPR-full,resource-defense,2,6,GA,2.8730398246590774,2.417600015178323,0.8992879999999999,0.8992879999999999,0.0,0.0,0.6311958980774379,0.03151998393668431,11.21727793056255,8.344238105903473,strict_delta_max,1,cross_layer_handoff_executed
resource-defense_DLGPR-full_seed1,1,DLGPR-full,resource-defense,2,7,GA,2.4063746910110067,2.3898999206721783,0.8383279999999999,0.8383279999999999,0.0,0.0,0.6311958980774379,0.03556985651261116,8.344238105903473,5.937863414892467,strict_delta_max,1,cross_layer_handoff_executed
resource-defense_DLGPR-full_seed1,1,DLGPR-full,resource-defense,2,8,GA,2.033734116594125,2.2894999710842967,0.854968,0.854968,0.0,0.0,0.6311958980774379,0.05715944185351511,5.937863414892467,3.904129298298342,strict_delta_max,1,cross_layer_handoff_executed
resource-defense_DLGPR-full_seed1,1,DLGPR-full,resource-defense,3,0,GA,1.9412481572220335,2.3133999202400446,0.8675379999999999,0.8675379999999999,0.0,0.0,0.6311958980774379,0.03692402366876386,28.0,26.058751842777966,strict_delta_max,1,cross_layer_handoff_executed
resource-defense_DLGPR-full_seed1,1,DLGPR-full,resource-defense,3,1,PSO,2.5945973790126757,2.24459997843951,0.8613279999999999,0.8613279999999999,0.0,0.0,0.0,0.03860817228981847,26.058751842777966,23.46415446376529,strict_delta_max,1,cross_layer_handoff_executed
resource-defense_DLGPR-full_seed1,1,DLGPR-full,resource-defense,3,2,RL,3.1927267616590735,3.6365999840199947,0.8700479999999999,0.8700479999999999,0.0,0.0,0.0,0.0,23.46415446376529,20.271427702106216,strict_delta_max,2,cross_layer_handoff_executed
resource-defense_DLGPR-full_seed1,1,DLGPR-full,resource-defense,3,3,GA,1.0976776072850893,2.2649000165984035,0.8613279999999999,0.8613279999999999,0.0,0.0,0.6311958980774379,0.07249822653728888,20.271427702106216,19.173750094821127,strict_delta_max,1,cross_layer_handoff_executed
resource-defense_DLGPR-full_seed1,1,DLGPR-full,resource-defense,3,4,GA,3.5873035180765203,2.418800024315715,0.6304719999999999,0.6304719999999999,0.0,0.0,0.6311958980774379,0.03762556244251414,19.173750094821127,15.586446576744606,strict_delta_max,1,cross_layer_handoff_executed
resource-defense_DLGPR-full_seed1,1,DLGPR-full,resource-defense,3,5,GA,2.156894509780655,2.297000028192997,0.8553179999999998,0.8553179999999998,0.0,0.0,0.6311958980774379,0.04064582766619173,15.586446576744606,13.429552066963952,strict_delta_max,1,cross_layer_handoff_executed
resource-defense_DLGPR-full_seed1,1,DLGPR-full,resource-defense,3,6,GA,1.6069367788953064,2.4492000229656696,0.854968,0.854968,0.0,0.0,0.6311958980774379,0.06769970007799009,13.429552066963952,11.822615288068645,strict_delta_max,1,cross_layer_handoff_executed
resource-defense_DLGPR-full_seed1,1,DLGPR-full,resource-defense,3,7,GA,3.7782607010629468,2.396400086581707,0.266088,0.266088,0.0,0.0,0.6311958980774379,0.02268799888631975,11.822615288068645,8.0443545870057,strict_delta_max,1,cross_layer_handoff_executed
resource-defense_DLGPR-full_seed1,1,DLGPR-full,resource-defense,3,8,GA,3.3231211545087125,2.3611000506207347,0.8402479999999999,0.8402479999999999,0.0,0.0,0.6311958980774379,0.029716874915793022,8.0443545870057,4.721233432496987,strict_delta_max,1,cross_layer_handoff_executed
resource-defense_DLGPR-full_seed1,1,DLGPR-full,resource-defense,3,9,GA,3.1994366491324273,2.3875999031588435,0.9412039999999999,0.9412039999999999,0.0,0.0039619474895485705,0.6457248506777958,0.03393233924534345,4.721233432496987,1.52179678336456,strict_delta_max,1,cross_layer_handoff_executed
resource-defense_DLGPR-full_seed1,1,DLGPR-full,resource-defense,4,0,GA,3.5515232080247916,2.2137999767437577,0.854968,0.854968,0.0,0.0,0.6457248506777958,0.0321456056793789,28.0,24.44847679197521,strict_delta_max,1,cross_layer_handoff_executed
resource-defense_DLGPR-full_seed1,1,DLGPR-full,resource-defense,4,1,PSO,2.3667091773788553,2.3294000420719385,0.854968,0.854968,0.0,0.0,0.0,0.03667673661412755,24.44847679197521,22.081767614596355,strict_delta_max,1,cross_layer_handoff_executed
resource-defense_DLGPR-full_seed1,1,DLGPR-full,resource-defense,4,2,RL,4.0,4.1995999636128545,0.878768,0.878768,0.0,0.0,0.0,0.3918395,22.081767614596355,18.081767614596355,strict_delta_max,2,cross_layer_handoff_executed
resource-defense_DLGPR-full_seed1,1,DLGPR-full,resource-defense,4,3,GA,1.0776397851342399,2.3357999743893743,0.8992879999999999,0.8992879999999999,0.0,0.0,0.6718353602571778,0.08436236146467775,18.081767614596355,17.004127829462114,strict_delta_max,1,cross_layer_handoff_executed
resource-defense_DLGPR-full_seed1,1,DLGPR-full,resource-defense,4,4,GA,2.701232231174028,2.301200060173869,0.854968,0.854968,0.0,0.0,0.6718353602571778,0.032540148285376776,17.004127829462114,14.302895598288085,strict_delta_max,1,cross_layer_handoff_executed
resource-defense_DLGPR-full_seed1,1,DLGPR-full,resource-defense,4,5,GA,1.9054430795879602,2.378700068220496,0.2791760000000001,0.2791760000000001,0.0,0.0,0.6718353602571778,0.05904215470757786,14.302895598288085,12.397452518700124,strict_delta_max,1,cross_layer_handoff_executed
resource-defense_DLGPR-full_seed1,1,DLGPR-full,resource-defense,4,6,GA,3.7520464027332587,2.402799902483821,0.6293519999999999,0.6293519999999999,0.0,0.0,0.6718353602571778,0.022707574794432493,12.397452518700124,8.645406115966866,strict_delta_max,1,cross_layer_handoff_executed
resource-defense_DLGPR-full_seed1,1,DLGPR-full,resource-defense,4,7,GA,2.9390631759602086,2.487199963070452,0.854968,0.854968,0.0,0.0,0.6718353602571778,0.021452610485952556,8.645406115966866,5.706342940006657,strict_delta_max,1,cross_layer_handoff_executed
resource-defense_DLGPR-full_seed1,1,DLGPR-full,resource-defense,4,8,GA,2.7096908043519647,2.41199997253716,0.6304719999999999,0.6304719999999999,0.0,0.0,0.6718353602571778,0.039364229426082115,5.706342940006657,2.996652135654692,strict_delta_max,1,cross_layer_handoff_executed
resource-defense_DLGPR-full_seed1,1,DLGPR-full,resource-defense,5,0,GA,1.1605132937892648,2.302900073118508,0.8613279999999999,0.8613279999999999,0.0,0.0,0.6718353602571778,0.09314632598885507,28.0,26.839486706210735,strict_delta_max,1,cross_layer_handoff_executed
resource-defense_DLGPR-full_seed1,1,DLGPR-full,resource-defense,5,1,PSO,2.7579155987775996,2.242499962449074,0.889848,0.889848,0.0,0.0,0.0,0.021748091730461307,26.839486706210735,24.081571107433135,strict_delta_max,1,cross_layer_handoff_executed
resource-defense_DLGPR-full_seed1,1,DLGPR-full,resource-defense,5,2,RL,3.7368515095293255,4.147399915382266,0.8811279999999999,0.8811279999999999,0.0,0.0,0.0,0.032653157260554094,24.081571107433135,20.344719597903808,strict_delta_max,2,cross_layer_handoff_executed
resource-defense_DLGPR-full_seed1,1,DLGPR-full,resource-defense,5,3,GA,2.4296378316205005,2.2498000180348754,0.8700479999999999,0.8700479999999999,0.0,0.0,0.6718353602571778,0.02958630275183246,20.344719597903808,17.915081766283308,strict_delta_max,1,cross_layer_handoff_executed
resource-defense_DLGPR-full_seed1,1,DLGPR-full,resource-defense,5,4,GA,2.827977769464022,2.327699912711978,0.579356,0.579356,0.0,0.0,0.6718353602571778,0.04740570120994829,17.915081766283308,15.087103996819286,strict_delta_max,1,cross_layer_handoff_executed
resource-defense_DLGPR-full_seed1,1,DLGPR-full,resource-defense,5,5,GA,2.014216325395486,2.405799925327301,0.6304719999999999,0.6304719999999999,0.0,0.0,0.6718353602571778,0.05995085751296607,15.087103996819286,13.0728876714238,strict_delta_max,1,cross_layer_handoff_executed
resource-defense_DLGPR-full_seed1,1,DLGPR-full,resource-defense,5,6,GA,1.169245115310099,2.41800001822412,0.86684,0.86684,0.0,0.0,0.6718353602571778,0.0743278080124041,13.0728876714238,11.9036425561137,strict_delta_max,1,cross_layer_handoff_executed
resource-defense_DLGPR-full_seed1,1,DLGPR-full,resource-defense,5,7,GA,1.7695120881650586,2.3865000111982226,0.854968,0.854968,0.0,0.0,0.6718353602571778,0.06310085667982272,11.9036425561137,10.134130467948642,strict_delta_max,1,cross_layer_handoff_executed
resource-defense_DLGPR-full_seed1,1,DLGPR-full,resource-defense,5,8,GA,3.704821556547467,2.326300018467009,0.8376879999999998,0.8376879999999998,0.0,0.0,0.6718353602571778,0.029736099616113322,10.134130467948642,6.429308911401176,strict_delta_max,1,cross_layer_handoff_executed
resource-defense_DLGPR-full_seed1,1,DLGPR-full,resource-defense,5,9,GA,1.8189321191930352,2.4880000855773687,0.6992879999999999,0.6992879999999999,0.0,0.0,0.6718353602571778,0.05911789246016268,6.429308911401176,4.6103767922081405,strict_delta_max,1,cross_layer_handoff_executed
resource-defense_DLGPR-full_seed1,1,DLGPR-full,resource-defense,5,10,GA,3.148890025138788,2.382500097155571,0.890358,0.890358,0.0,0.0,0.6718353602571778,0.024760612771278907,4.6103767922081405,1.4614867670693523,strict_delta_max,1,cross_layer_handoff_executed
resource-defense_DLGPR-full_seed2,2,DLGPR-full,resource-defense,0,0,GA,3.9051999001172466,2.6596999960020185,0.26544600000000007,0.26544600000000007,0.0,0.0,0.9221321296069481,0.03772849699813911,28.0,24.094800099882754,strict_delta_max,1,cross_layer_handoff_executed
resource-defense_DLGPR-full_seed2,2,DLGPR-full,resource-defense,0,1,PSO,1.0477483033184853,2.2803000174462795,0.12172799999999984,0.12172799999999984,0.0,0.0,0.0,0.14499387204475772,24.094800099882754,23.04705179656427,strict_delta_max,1,cross_layer_handoff_executed
resource-defense_DLGPR-full_seed2,2,DLGPR-full,resource-defense,0,2,RL,2.0715315278143036,3.9585999911651015,-0.29552199999999995,-0.29552199999999995,0.0,0.0,0.0,0.32114596908980075,23.04705179656427,20.975520268749964,strict_delta_max,2,cross_layer_handoff_executed
resource-defense_DLGPR-full_seed2,2,DLGPR-full,resource-defense,0,3,GA,2.929206743654812,2.5012000696733594,0.1216279999999999,0.1216279999999999,0.0,0.0,0.9091336900778896,0.04864995141401914,20.975520268749964,18.04631352509515,strict_delta_max,1,cross_layer_handoff_executed
resource-defense_DLGPR-full_seed2,2,DLGPR-full,resource-defense,0,4,GA,3.096933392334994,2.3867000127211213,-0.5327419999999999,-0.5327419999999999,0.0,0.0,0.9091336900778896,0.04432555781248093,18.04631352509515,14.949380132760156,strict_delta_max,1,cross_layer_handoff_executed
resource-defense_DLGPR-full_seed2,2,DLGPR-full,resource-defense,0,5,GA,1.4467484594268698,2.5246000150218606,0.12149600000000008,0.12149600000000008,0.0,0.0,0.8877192807451773,0.11086768786610811,14.949380132760156,13.502631673333287,strict_delta_max,1,cross_layer_handoff_executed
resource-defense_DLGPR-full_seed2,2,DLGPR-full,resource-defense,0,6,GA,1.9499474915653248,2.471999963745475,-0.30910399999999993,-0.30910399999999993,0.0,0.0,0.8877192807451773,0.06828148215058347,13.502631673333287,11.552684181767962,strict_delta_max,1,cross_layer_handoff_executed
resource-defense_DLGPR-full_seed2,2,DLGPR-full,resource-defense,0,7,GA,1.4593377546230952,2.2867999505251646,-0.30910399999999993,-0.30910399999999993,0.0,0.0,0.8877192807451773,0.10538773388542763,11.552684181767962,10.093346427144866,strict_delta_max,1,cross_layer_handoff_executed
resource-defense_DLGPR-full_seed2,2,DLGPR-full,resource-defense,0,8,GA,1.0725007232287036,2.390099922195077,0.616105,0.616105,0.0,0.0,0.8476170056932398,0.1410446302421343,10.093346427144866,9.020845703916162,strict_delta_max,1,cross_layer_handoff_executed
resource-defense_DLGPR-full_seed2,2,DLGPR-full,resource-defense,0,9,GA,1.8232764114874906,2.483899937942624,-0.30910399999999993,-0.30910399999999993,0.0,0.0,0.8476170056932398,0.07494595535153156,9.020845703916162,7.197569292428671,strict_delta_max,1,cross_layer_handoff_executed
resource-defense_DLGPR-full_seed2,2,DLGPR-full,resource-defense,0,10,GA,1.724684798922563,3.727499977685511,0.39751600000000004,0.39751600000000004,0.0,0.0,0.8395857756608982,0.07339780922122187,7.197569292428671,5.472884493506108,strict_delta_max,1,cross_layer_handoff_executed
resource-defense_DLGPR-full_seed2,2,DLGPR-full,resource-defense,0,11,GA,3.873162892062616,2.990200067870319,0.6912680000000001,0.6912680000000001,0.0,0.008725685167866105,0.8280363722162447,0.03271223985389783,5.472884493506108,1.5997216014434916,strict_delta_max,1,cross_layer_handoff_executed
resource-defense_DLGPR-full_seed2,2,DLGPR-full,resource-defense,1,0,GA,3.140589089131294,2.3885000264272094,0.5257870000000001,0.5257870000000001,0.0,0.0,0.8219738662930136,0.04066261275695886,28.0,24.859410910868707,strict_delta_max,1,cross_layer_handoff_executed
resource-defense_DLGPR-full_seed2,2,DLGPR-full,resource-defense,1,1,PSO,2.517787134724197,2.236299915239215,-0.13677199999999995,-0.13677199999999995,0.0,0.0,0.0,0.05444066209215924,24.859410910868707,22.34162377614451,strict_delta_max,1,cross_layer_handoff_executed
resource-defense_DLGPR-full_seed2,2,DLGPR-full,resource-defense,1,2,RL,3.7310634742155613,4.1192000498995185,0.575163,0.575163,0.0,0.0,0.0,0.0,22.34162377614451,18.61056030192895,strict_delta_max,2,cross_layer_handoff_executed
resource-defense_DLGPR-full_seed2,2,DLGPR-full,resource-defense,1,3,GA,2.836685002303066,2.4239999474957585,0.6097239999999999,0.6097239999999999,0.0,0.0,0.7094260666361455,0.051517865572433465,18.61056030192895,15.773875299625884,strict_delta_max,1,cross_layer_handoff_executed
resource-defense_DLGPR-full_seed2,2,DLGPR-full,resource-defense,1,4,GA,1.4372034218621301,2.40019999910146,0.5109750000000002,0.5109750000000002,0.0,0.0,0.6360113967133355,0.10219179397271222,15.773875299625884,14.336671877763754,strict_delta_max,1,cross_layer_handoff_executed
resource-defense_DLGPR-full_seed2,2,DLGPR-full,resource-defense,1,5,GA,2.6318492189802556,2.3804999655112624,0.657472,0.657472,0.0,0.0,0.5709030023478595,0.03677277903758767,14.336671877763754,11.704822658783499,strict_delta_max,1,cross_layer_handoff_executed
resource-defense_DLGPR-full_seed2,2,DLGPR-full,resource-defense,1,6,GA,1.3367234973791091,2.6639000279828906,0.657472,0.657472,0.0,0.0,0.5681038250753683,0.10372528042483715,11.704822658783499,10.36809916140439,strict_delta_max,1,cross_layer_handoff_executed
resource-defense_DLGPR-full_seed2,2,DLGPR-full,resource-defense,1,7,GA,2.0223140644676616,2.3778999457135797,0.6852840000000001,0.6852840000000001,0.0,0.0,0.5121291933616402,0.061067258142078494,10.36809916140439,8.345785096936728,strict_delta_max,1,cross_layer_handoff_executed
resource-defense_DLGPR-full_seed2,2,DLGPR-full,resource-defense,1,8,GA,2.797429744053622,2.563500078395009,0.5207400000000001,0.5207400000000001,0.0,0.0,0.5132589406878244,0.039843551213454606,8.345785096936728,5.548355352883107,strict_delta_max,1,cross_layer_handoff_executed
resource-defense_DLGPR-full_seed2,2,DLGPR-full,resource-defense,1,9,GA,3.6850883247868014,2.4833999341353774,0.5929340000000001,0.5929340000000001,0.0,0.0,0.5133319970923821,0.03223581218943622,5.548355352883107,1.8632670280963053,strict_delta_max,1,cross_layer_handoff_executed
resource-defense_DLGPR-full_seed2,2,DLGPR-full,resource-defense,2,0,GA,3.0754831510841485,2.473299973644316,0.698048,0.698048,0.0,0.0022045316676860536,0.5241889710985537,0.040367986950070524,28.0,24.92451684891585,strict_delta_max,1,cross_layer_handoff_executed
resource-defense_DLGPR-full_seed2,2,DLGPR-full,resource-defense,2,1,PSO,1.0,2.1517000859603286,0.12172799999999984,0.12172799999999984,0.0,0.0,0.0,0.13140073577466138,24.92451684891585,23.92451684891585,strict_delta_max,1,cross_layer_handoff_executed
resource-defense_DLGPR-full_seed2,2,DLGPR-full,resource-defense,2,2,RL,3.1977084116862793,4.102000035345554,0.656285,0.656285,0.0,0.0,0.0,0.04173738903529953,23.92451684891585,20.726808437229572,strict_delta_max,2,cross_layer_handoff_executed
resource-defense_DLGPR-full_seed2,2,DLGPR-full,resource-defense,2,3,GA,2.614777906102364,2.289700089022517,0.41610800000000003,0.41610800000000003,0.0,0.0,0.5027922451127952,0.03812055876554117,20.726808437229572,18.112030531127207,strict_delta_max,1,cross_layer_handoff_executed
resource-defense_DLGPR-full_seed2,2,DLGPR-full,resource-defense,2,4,GA,3.5357906545934976,2.564299968071282,0.657472,0.657472,0.0,0.0,0.5127349194143918,0.03559794453908925,18.112030531127207,14.576239876533709,strict_delta_max,1,cross_layer_handoff_executed
resource-defense_DLGPR-full_seed2,2,DLGPR-full,resource-defense,2,5,GA,1.443803523809616,2.3846999974921346,0.657472,0.657472,0.0,0.0,0.5211729364730009,0.08044211439575398,14.576239876533709,13.132436352724092,strict_delta_max,1,cross_layer_handoff_executed
resource-defense_DLGPR-full_seed2,2,DLGPR-full,resource-defense,2,6,GA,1.6449584283465044,2.4539000587537885,0.657472,0.657472,0.0,0.0,0.5309075243043242,0.06692441476856047,13.132436352724092,11.487477924377588,strict_delta_max,1,cross_layer_handoff_executed
resource-defense_DLGPR-full_seed2,2,DLGPR-full,resource-defense,2,7,GA,2.866654054784691,2.3588999174535275,0.657472,0.657472,0.0,0.0,0.5246179731490122,0.04221690506083424,11.487477924377588,8.620823869592897,strict_delta_max,1,cross_layer_handoff_executed
resource-defense_DLGPR-full_seed2,2,DLGPR-full,resource-defense,2,8,GA,1.9836918626370386,2.4980000453069806,0.633732,0.633732,0.0,0.0,0.5246179731490122,0.060735914110777625,8.620823869592897,6.637132006955858,strict_delta_max,1,cross_layer_handoff_executed
resource-defense_DLGPR-full_seed2,2,DLGPR-full,resource-defense,2,9,GA,3.6298273974200153,2.4488000199198723,0.684312,0.684312,0.0,0.0,0.5531181300676796,0.03934225217625236,6.637132006955858,3.007304609535843,strict_delta_max,1,cross_layer_handoff_executed
resource-defense_DLGPR-full_seed2,2,DLGPR-full,resource-defense,3,0,GA,2.0491999978167783,2.6913000037893653,0.678968,0.678968,0.0,0.0,0.5476847498826378,0.05743526024321118,28.0,25.95080000218322,strict_delta_max,1,cross_layer_handoff_executed
resource-defense_DLGPR-full_seed2,2,DLGPR-full,resource-defense,3,1,PSO,1.8643516718534328,2.4213000433519483,0.39713200000000004,0.39713200000000004,0.0,0.0,0.0,0.08337520747732652,25.95080000218322,24.086448330329787,strict_delta_max,1,cross_layer_handoff_executed
resource-defense_DLGPR-full_seed2,2,DLGPR-full,resource-defense,3,2,RL,3.0688914108801773,4.3200000654906034,0.657472,0.657472,0.0,0.0,0.0,0.01279680338664592,24.086448330329787,21.01755691944961,strict_delta_max,2,cross_layer_handoff_executed
resource-defense_DLGPR-full_seed2,2,DLGPR-full,resource-defense,3,3,GA,3.301588511081103,2.2276000818237662,0.657472,0.657472,0.0,0.0,0.5476847498826378,0.043313722947386966,21.01755691944961,17.715968408368507,strict_delta_max,1,cross_layer_handoff_executed
resource-defense_DLGPR-full_seed2,2,DLGPR-full,resource-defense,3,4,GA,1.4743457379375917,2.484500058926642,0.504078,0.504078,0.0,0.0,0.5476847498826378,0.07346799300952074,17.715968408368507,16.241622670430914,strict_delta_max,1,cross_layer_handoff_executed
resource-defense_DLGPR-full_seed2,2,DLGPR-full,resource-defense,3,5,GA,1.0248371141455674,2.494200016371906,0.20274400000000006,0.20274400000000006,0.0,0.0,0.5476847498826378,0.10081468031387308,16.241622670430914,15.216785556285346,strict_delta_max,1,cross_layer_handoff_executed
resource-defense_DLGPR-full_seed2,2,DLGPR-full,resource-defense,3,6,GA,2.084191379761492,2.4385000579059124,0.5217630000000001,0.5217630000000001,0.0,0.0,0.5476847498826378,0.046685059778590894,15.216785556285346,13.132594176523854,strict_delta_max,1,cross_layer_handoff_executed
resource-defense_DLGPR-full_seed2,2,DLGPR-full,resource-defense,3,7,GA,2.5479371569682594,2.571700024418533,0.699927,0.699927,0.0,0.0007374593187517032,0.5566096749336327,0.0522594927547895,13.132594176523854,10.584657019555594,strict_delta_max,1,cross_layer_handoff_executed
resource-defense_DLGPR-full_seed2,2,DLGPR-full,resource-defense,3,8,GA,1.6225319378797907,2.482500043697655,0.8997190000000002,0.8997190000000002,0.0,0.12313594286536768,0.5468415228015692,0.06733378767218824,10.584657019555594,8.962125081675804,strict_delta_max,1,cross_layer_handoff_executed
resource-defense_DLGPR-full_seed2,2,DLGPR-full,resource-defense,3,9,GA,2.152909281902616,2.437699935398996,0.9129759999999999,0.9129759999999999,0.0,0.006157714173763966,0.5655644904090089,0.05952930850584898,8.962125081675804,6.809215799773188,strict_delta_max,1,cross_layer_handoff_executed
resource-defense_DLGPR-full_seed2,2,DLGPR-full,resource-defense,3,10,GA,1.2554071242070046,2.6443999959155917,0.5533189999999999,0.5533189999999999,0.0,0.0,0.5655644904090089,0.1104653669713534,6.809215799773188,5.5538086755661835,strict_delta_max,1,cross_layer_handoff_executed
resource-defense_DLGPR-full_seed2,2,DLGPR-full,resource-defense,3,11,GA,3.942115092344275,2.4591999826952815,0.7007320000000001,0.7007320000000001,0.0,0.0,0.5682463724484434,0.029849601729536934,5.5538086755661835,1.6116935832219084,strict_delta_max,1,cross_layer_handoff_executed
resource-defense_DLGPR-full_seed2,2,DLGPR-full,resource-defense,4,0,GA,1.452219371248672,2.340200007893145,0.516532,0.516532,0.0,0.0,0.5682463724484434,0.08597170090555539,28.0,26.54778062875133,strict_delta_max,1,cross_layer_handoff_executed
resource-defense_DLGPR-full_seed2,2,DLGPR-full,resource-defense,4,1,PSO,2.989768380686166,2.3568999022245407,0.12172799999999984,0.12172799999999984,0.0,0.0,0.0,0.050701145058702136,26.54778062875133,23.558012248065165,strict_delta_max,1,cross_layer_handoff_executed
resource-defense_DLGPR-full_seed2,2,DLGPR-full,resource-defense,4,2,RL,2.095619762464074,4.13959997240454,0.6599520000000001,0.6599520000000001,0.0,0.0,0.0,0.07167617078748324,23.558012248065165,21.46239248560109,strict_delta_max,2,cross_layer_handoff_executed
resource-defense_DLGPR-full_seed2,2,DLGPR-full,resource-defense,4,3,GA,3.5578646202559168,2.2597999777644873,0.69434,0.69434,0.0,0.0,0.5467158796393988,0.03623840983405813,21.46239248560109,17.904527865345173,strict_delta_max,1,cross_layer_handoff_executed
resource-defense_DLGPR-full_seed2,2,DLGPR-full,resource-defense,4,4,GA,2.9171516817060477,2.619100036099553,0.5089110000000001,0.5089110000000001,0.0,0.0,0.5467158796393988,0.04090967075463912,17.904527865345173,14.987376183639125,strict_delta_max,1,cross_layer_handoff_executed
resource-defense_DLGPR-full_seed2,2,DLGPR-full,resource-defense,4,5,GA,2.3348388045454986,2.4660000344738364,0.6825320000000001,0.6825320000000001,0.0,0.0,0.5775716226629153,0.0567273615103188,14.987376183639125,12.652537379093626,strict_delta_max,1,cross_layer_handoff_executed
resource-defense_DLGPR-full_seed2,2,DLGPR-full,resource-defense,4,6,GA,3.815181615032832,2.6048999279737473,0.8230879999999998,0.8230879999999998,0.0,0.0,0.5664439476849282,0.03123207728532156,12.652537379093626,8.837355764060794,strict_delta_max,1,cross_layer_handoff_executed
resource-defense_DLGPR-full_seed2,2,DLGPR-full,resource-defense,4,7,GA,3.856346313901706,2.469400060363114,0.8883909999999999,0.8883909999999999,0.0,0.0,0.551318683925332,0.027522163925072524,8.837355764060794,4.981009450159088,strict_delta_max,1,cross_layer_handoff_executed
resource-defense_DLGPR-full_seed2,2,DLGPR-full,resource-defense,4,8,GA,2.7656550305659566,2.5264000287279487,0.600983,0.600983,0.0,0.0,0.551318683925332,0.040612498445002365,4.981009450159088,2.2153544195931314,strict_delta_max,1,cross_layer_handoff_executed
resource-defense_DLGPR-full_seed2,2,DLGPR-full,resource-defense,5,0,GA,1.7912496410528744,2.4104000767692924,0.9326479999999999,0.9326479999999999,0.0,0.010982277148391815,0.551761994341872,0.06881898094837151,28.0,26.208750358947125,strict_delta_max,1,cross_layer_handoff_executed
resource-defense_DLGPR-full_seed2,2,DLGPR-full,resource-defense,5,1,PSO,1.7111595941203304,2.3171999491751194,0.12172799999999984,0.12172799999999984,0.0,0.0,0.0,0.07778121697243554,26.208750358947125,24.497590764826793,strict_delta_max,1,cross_layer_handoff_executed
resource-defense_DLGPR-full_seed2,2,DLGPR-full,resource-defense,5,2,RL,3.46874130862396,4.1735999984666705,0.698056,0.698056,0.0,0.0,0.0,0.0,24.497590764826793,21.028849456202835,strict_delta_max,2,cross_layer_handoff_executed
resource-defense_DLGPR-full_seed2,2,DLGPR-full,resource-defense,5,3,GA,3.9978163821276436,2.5179999647662044,0.8321319999999998,0.8321319999999998,0.0,0.0,0.5297180497346488,0.02948899538756319,21.028849456202835,17.03103307407519,strict_delta_max,1,cross_layer_handoff_executed
resource-defense_DLGPR-full_seed2,2,DLGPR-full,resource-defense,5,4,GA,2.641826115924498,2.821299945935607,0.9197439999999999,0.9197439999999999,0.0,0.0,0.5274326477423148,0.04474224015333723,17.03103307407519,14.389206958150691,strict_delta_max,1,cross_layer_handoff_executed
resource-defense_DLGPR-full_seed2,2,DLGPR-full,resource-defense,5,5,GA,2.7744968393866083,2.3968000896275043,0.881176,0.881176,0.0,0.0,0.5157992962875904,0.03460090006899508,14.389206958150691,11.614710118764084,strict_delta_max,1,cross_layer_handoff_executed
resource-defense_DLGPR-full_seed2,2,DLGPR-full,resource-defense,5,6,GA,1.6895146162382981,2.613099990412593,0.7163679999999999,0.7163679999999999,0.0,0.0,0.4840219517295291,0.07706957590824899,11.614710118764084,9.925195502525785,strict_delta_max,1,cross_layer_handoff_executed
resource-defense_DLGPR-full_seed2,2,DLGPR-full,resource-defense,5,7,GA,2.6528491480439937,2.544199931435287,0.8672880000000001,0.8672880000000001,0.0,0.0,0.481784062577617,0.04769066760791579,9.925195502525785,7.272346354481791,strict_delta_max,1,cross_layer_handoff_executed
resource-defense_DLGPR-full_seed2,2,DLGPR-full,resource-defense,5,8,GA,2.94567054690037,2.498400048352778,0.698359,0.698359,0.0,0.0,0.481784062577617,0.031194889619609353,7.272346354481791,4.326675807581421,strict_delta_max,1,cross_layer_handoff_executed
resource-defense_DLGPR-full_seed2,2,DLGPR-full,resource-defense,5,9,GA,2.057423720857403,2.4747999850660563,0.363568,0.363568,0.0,0.0,0.481784062577617,0.04368748679239288,4.326675807581421,2.269252086724018,strict_delta_max,1,cross_layer_handoff_executed
resource-defense_fixed-split_seed0,0,fixed-split,resource-defense,0,0,GA,2.900117049606808,2.8418999863788486,0.675128,0.675128,0.0,0.0,0.9088272647789373,0.05260290404668859,28.0,25.09988295039319,strict_delta_max,1,cross_layer_handoff_executed
resource-defense_fixed-split_seed0,0,fixed-split,resource-defense,0,1,PSO,1.5305249378732895,1.9121000077575445,0.10590799999999989,0.10590799999999989,0.0,0.0,0.0,0.10043349719174326,25.09988295039319,23.569358012519903,strict_delta_max,1,cross_layer_handoff_executed
resource-defense_fixed-split_seed0,0,fixed-split,resource-defense,0,2,RL,2.1785896675980054,4.15610009804368,0.7029200000000002,0.7029200000000002,0.0,0.0006022244663662349,0.0,0.17213062449408242,23.569358012519903,21.3907683449219,strict_delta_max,2,cross_layer_handoff_executed
resource-defense_fixed-split_seed0,0,fixed-split,resource-defense,0,3,GA,2.857045352822311,2.426199964247644,0.6965199999999998,0.6965199999999998,0.0,0.0,0.8406604725099949,0.04059936913562151,21.3907683449219,18.533722992099587,strict_delta_max,1,cross_layer_handoff_executed
resource-defense_fixed-split_seed0,0,fixed-split,resource-defense,0,4,PSO,1.147541053257409,2.3381999926641583,0.9066799999999999,0.9066799999999999,0.0,0.1775622749370114,0.0,0.12318006669310327,18.533722992099587,17.386181938842178,strict_delta_max,1,cross_layer_handoff_executed
resource-defense_fixed-split_seed0,0,fixed-split,resource-defense,0,5,RL,3.859466596758335,4.231599974445999,0.7068960000000002,0.7068960000000002,0.0,0.0,0.0,0.0,17.386181938842178,13.526715342083843,strict_delta_max,2,cross_layer_handoff_executed
resource-defense_fixed-split_seed0,0,fixed-split,resource-defense,0,6,GA,1.0387709778599095,2.0886999554932117,-0.21203000000000005,-0.21203000000000005,0.0,0.0,0.7485042278260132,0.12112416710660337,13.526715342083843,12.487944364223933,strict_delta_max,1,cross_layer_handoff_executed
resource-defense_fixed-split_seed0,0,fixed-split,resource-defense,0,7,PSO,1.8453991154895528,2.3279000306501985,0.8214279999999998,0.8214279999999998,0.0,0.0,0.0,0.07405402769062312,12.487944364223933,10.64254524873438,strict_delta_max,1,cross_layer_handoff_executed
resource-defense_fixed-split_seed0,0,fixed-split,resource-defense,0,8,RL,2.928738647300359,4.144300008192658,0.758896,0.758896,0.0,0.0,0.0,0.23211699023626856,10.64254524873438,7.713806601434022,strict_delta_max,2,cross_layer_handoff_executed
resource-defense_fixed-split_seed0,0,fixed-split,resource-defense,0,9,GA,2.446390967044077,2.3659999715164304,0.701608,0.701608,0.0,0.0,0.6799484534242094,0.0691265158963363,7.713806601434022,5.267415634389945,strict_delta_max,1,cross_layer_handoff_executed
resource-defense_fixed-split_seed0,0,fixed-split,resource-defense,0,10,PSO,3.0968142867002966,2.328900038264692,0.858628,0.858628,0.0,0.0,0.0,0.03343312183384014,5.267415634389945,2.170601347689648,strict_delta_max,1,cross_layer_handoff_executed
resource-defense_fixed-split_seed0,0,fixed-split,resource-defense,1,0,RL,2.3426868247028754,4.219199996441603,0.7350940000000001,0.7350940000000001,0.0,0.0,0.0,0.0,28.0,25.657313175297126,strict_delta_max,2,cross_layer_handoff_executed
resource-defense_fixed-split_seed0,0,fixed-split,resource-defense,1,1,GA,1.7443722188962705,1.9844999769702554,-0.21921599999999997,-0.21921599999999997,0.0,0.0,0.5908100786316843,0.07029564442885632,25.657313175297126,23.912940956400856,strict_delta_max,1,cross_layer_handoff_executed
resource-defense_fixed-split_seed0,0,fixed-split,resource-defense,1,2,PSO,1.8877925074864896,2.540399902500212,0.7911079999999999,0.7911079999999999,0.0,0.0,0.0,0.05357176613343724,23.912940956400856,22.025148448914365,strict_delta_max,1,cross_layer_handoff_executed
resource-defense_fixed-split_seed0,0,fixed-split,resource-defense,1,3,RL,3.8148213742841017,4.054700024425983,0.7350940000000001,0.7350940000000001,0.0,0.0,0.0,0.02658368244542807,22.025148448914365,18.210327074630264,strict_delta_max,2,cross_layer_handoff_executed
resource-defense_fixed-split_seed0,0,fixed-split,resource-defense,1,4,GA,2.1141661161604968,2.3538999957963824,0.701608,0.701608,0.0,0.0,0.46422248121535015,0.0748632470996692,18.210327074630264,16.096160958469767,strict_delta_max,1,cross_layer_handoff_executed
resource-defense_fixed-split_seed0,0,fixed-split,resource-defense,1,5,PSO,2.0871350118071144,2.324500004760921,0.8078919999999998,0.8078919999999998,0.0,0.0,0.0,0.05590731083140581,16.096160958469767,14.009025946662653,strict_delta_max,1,cross_layer_handoff_executed
resource-defense_fixed-split_seed0,0,fixed-split,resource-defense,1,6,RL,4.0,4.084500018507242,0.726196,0.726196,0.0,0.0,0.0,0.0,14.009025946662653,10.009025946662653,strict_delta_max,2,cross_layer_handoff_executed
resource-defense_fixed-split_seed0,0,fixed-split,resource-defense,1,7,GA,3.742623707715902,2.409099950455129,0.701608,0.701608,0.0,0.0,0.421510814450338,0.020506159221624118,10.009025946662653,6.2664022389467515,strict_delta_max,1,cross_layer_handoff_executed
resource-defense_fixed-split_seed0,0,fixed-split,resource-defense,1,8,PSO,1.5725020609651414,2.231399994343519,0.842432,0.842432,0.0,0.0,0.0,0.05755619750482654,6.2664022389467515,4.69390017798161,strict_delta_max,1,cross_layer_handoff_executed
resource-defense_fixed-split_seed0,0,fixed-split,resource-defense,1,9,RL,4.0,4.109199973754585,0.726196,0.726196,0.0,0.0,0.0,0.042269500000000015,4.69390017798161,0.6939001779816101,strict_delta_max,2,cross_layer_handoff_executed
resource-defense_fixed-split_seed0,0,fixed-split,resource-defense,2,0,GA,2.082256637816921,2.5084998924285173,0.7407600000000001,0.7407600000000001,0.0,0.0,0.3305026815904769,0.03715962210978182,28.0,25.917743362183078,strict_delta_max,1,cross_layer_handoff_executed
resource-defense_fixed-split_seed0,0,fixed-split,resource-defense,2,1,PSO,2.181001103088103,2.203900017775595,0.855664,0.855664,0.0,0.0,0.0,0.03288562606495464,25.917743362183078,23.736742259094974,strict_delta_max,1,cross_layer_handoff_executed
resource-defense_fixed-split_seed0,0,fixed-split,resource-defense,2,2,RL,4.0,4.205900011584163,0.728468,0.728468,0.0,0.0,0.0,0.0,23.736742259094974,19.736742259094974,strict_delta_max,2,cross_layer_handoff_executed
resource-defense_fixed-split_seed0,0,fixed-split,resource-defense,2,3,GA,2.5242909841781027,2.329499926418066,-0.11494999999999977,-0.11494999999999977,0.0,0.0,0.2246010555385666,0.028931054982472476,19.736742259094974,17.212451274916873,strict_delta_max,1,cross_layer_handoff_executed
resource-defense_fixed-split_seed0,0,fixed-split,resource-defense,2,4,PSO,2.666698163112854,2.2242999402806163,0.8022179999999999,0.8022179999999999,0.0,0.0,0.0,0.05247173923737774,17.212451274916873,14.545753111804018,strict_delta_max,1,cross_layer_handoff_executed
resource-defense_fixed-split_seed0,0,fixed-split,resource-defense,2,5,RL,1.3436769145139917,4.230899969115853,0.7591749999999998,0.7591749999999998,0.0,0.0,0.0,0.0,14.545753111804018,13.202076197290026,strict_delta_max,2,cross_layer_handoff_executed
resource-defense_fixed-split_seed0,0,fixed-split,resource-defense,2,6,GA,1.8051708872793644,2.343200030736625,0.692868,0.692868,0.0,0.0,0.2171243002092402,0.043794703253789855,13.202076197290026,11.396905310010661,strict_delta_max,1,cross_layer_handoff_executed
resource-defense_fixed-split_seed0,0,fixed-split,resource-defense,2,7,PSO,3.2305823023580538,2.1783000556752086,0.18358799999999992,0.18358799999999992,0.0,0.0,0.0,0.04698564770794893,11.396905310010661,8.166323007652608,strict_delta_max,1,cross_layer_handoff_executed
resource-defense_fixed-split_seed0,0,fixed-split,resource-defense,2,8,RL,1.1593904813240952,4.108299966901541,0.7714279999999998,0.7714279999999998,0.0,0.0,0.0,0.4914789358536352,8.166323007652608,7.006932526328512,strict_delta_max,2,cross_layer_handoff_executed
resource-defense_fixed-split_seed0,0,fixed-split,resource-defense,2,9,GA,3.6779086670399126,2.2519000340253115,0.2778480000000001,0.2778480000000001,0.0,0.0,0.21255719577268908,0.025131307577656237,7.006932526328512,3.3290238592885997,strict_delta_max,1,cross_layer_handoff_executed
resource-defense_fixed-split_seed0,0,fixed-split,resource-defense,3,0,PSO,1.5415836889167582,2.3492000764235854,0.7086559999999998,0.7086559999999998,0.0,0.0,0.0,0.08455720108290656,28.0,26.45841631108324,strict_delta_max,1,cross_layer_handoff_executed
resource-defense_fixed-split_seed0,0,fixed-split,resource-defense,3,1,RL,3.158893195203189,4.11590002477169,0.7599519999999998,0.7599519999999998,0.0,0.0,0.0,0.0,26.45841631108324,23.299523115880053,strict_delta_max,2,cross_layer_handoff_executed
resource-defense_fixed-split_seed0,0,fixed-split,resource-defense,3,2,GA,2.757960904203098,2.2989000426605344,0.701608,0.701608,0.0,0.0,0.11311324424760497,0.029811787089798574,23.299523115880053,20.541562211676954,strict_delta_max,1,cross_layer_handoff_executed
resource-defense_fixed-split_seed0,0,fixed-split,resource-defense,3,3,PSO,2.5751173593540466,2.337199985049665,0.863358,0.863358,0.0,0.0,0.0,0.061731581696614427,20.541562211676954,17.96644485232291,strict_delta_max,1,cross_layer_handoff_executed
resource-defense_fixed-split_seed0,0,fixed-split,resource-defense,3,4,RL,2.7611405204313084,4.097099998034537,0.7734359999999998,0.7734359999999998,0.0,0.0,0.0,0.023995881234487287,17.96644485232291,15.2053043318916,strict_delta_max,2,cross_layer_handoff_executed
resource-defense_fixed-split_seed0,0,fixed-split,resource-defense,3,5,GA,2.5521851950283625,2.577099949121475,0.701608,0.701608,0.0,0.0,0.12250005525042117,0.028797123108754395,15.2053043318916,12.653119136863237,strict_delta_max,1,cross_layer_handoff_executed
resource-defense_fixed-split_seed0,0,fixed-split,resource-defense,3,6,PSO,1.2463066720193832,2.1989999804645777,0.8811239999999998,0.8811239999999998,0.0,0.0,0.0,0.11784559657472464,12.653119136863237,11.406812464843854,strict_delta_max,1,cross_layer_handoff_executed
resource-defense_fixed-split_seed0,0,fixed-split,resource-defense,3,7,RL,4.0,4.072300042025745,0.7734359999999998,0.7734359999999998,0.0,0.0,0.0,0.0,11.406812464843854,7.4068124648438545,strict_delta_max,2,cross_layer_handoff_executed
resource-defense_fixed-split_seed0,0,fixed-split,resource-defense,3,8,GA,3.8120485142322798,2.571500022895634,0.6984999999999999,0.6984999999999999,0.0,0.0,0.12998834998804937,0.020196865822847337,7.4068124648438545,3.5947639506115747,strict_delta_max,1,cross_layer_handoff_executed
resource-defense_fixed-split_seed0,0,fixed-split,resource-defense,4,0,PSO,1.8821062837554927,2.409699955023825,0.841248,0.841248,0.0,0.0,0.0,0.06619345829130212,28.0,26.117893716244506,strict_delta_max,1,cross_layer_handoff_executed
resource-defense_fixed-split_seed0,0,fixed-split,resource-defense,4,1,RL,3.794250104190311,4.289399948902428,0.7734359999999998,0.7734359999999998,0.0,0.0,0.0,0.037883638677707526,26.117893716244506,22.323643612054195,strict_delta_max,2,cross_layer_handoff_executed
resource-defense_fixed-split_seed0,0,fixed-split,resource-defense,4,2,GA,1.8752906652708443,2.2945000091567636,0.5002300000000002,0.5002300000000002,0.0,0.0,0.13776563816548315,0.03239437265718382,22.323643612054195,20.448352946783352,strict_delta_max,1,cross_layer_handoff_executed
resource-defense_fixed-split_seed0,0,fixed-split,resource-defense,4,3,PSO,1.8327606596634578,2.295800019055605,0.814648,0.814648,0.0,0.0,0.0,0.07212248258704179,20.448352946783352,18.615592287119895,strict_delta_max,1,cross_layer_handoff_executed
resource-defense_fixed-split_seed0,0,fixed-split,resource-defense,4,4,RL,2.471357470727972,4.130900022573769,0.7734359999999998,0.7734359999999998,0.0,0.0,0.0,0.07551153655850112,18.615592287119895,16.144234816391922,strict_delta_max,2,cross_layer_handoff_executed
resource-defense_fixed-split_seed0,0,fixed-split,resource-defense,4,5,GA,1.0327382435887429,2.2352999076247215,0.35681700000000005,0.35681700000000005,0.0,0.0,0.14248365981012906,0.07315071739394681,16.144234816391922,15.11149657280318,strict_delta_max,1,cross_layer_handoff_executed
resource-defense_fixed-split_seed0,0,fixed-split,resource-defense,4,6,PSO,1.8824271727524184,2.336299978196621,0.845628,0.845628,0.0,0.0,0.0,0.05563002270802785,15.11149657280318,13.229069400050761,strict_delta_max,1,cross_layer_handoff_executed
resource-defense_fixed-split_seed0,0,fixed-split,resource-defense,4,7,RL,1.511750497238473,4.2993000242859125,0.7734359999999998,0.7734359999999998,0.0,0.0,0.0,0.0,13.229069400050761,11.717318902812288,strict_delta_max,2,cross_layer_handoff_executed
resource-defense_fixed-split_seed0,0,fixed-split,resource-defense,4,8,GA,3.088583893293185,2.302000066265464,0.8754559999999999,0.8754559999999999,0.0,0.0,0.14110155911260244,0.024692138866627,11.717318902812288,8.628735009519103,strict_delta_max,1,cross_layer_handoff_executed
resource-defense_fixed-split_seed0,0,fixed-split,resource-defense,4,9,PSO,2.5133824294758345,2.395500079728663,0.75011,0.75011,0.0,0.0,0.0,0.06671230454190058,8.628735009519103,6.115352580043268,strict_delta_max,1,cross_layer_handoff_executed
resource-defense_fixed-split_seed0,0,fixed-split,resource-defense,4,10,RL,1.260023716519964,4.348599934019148,0.7911079999999999,0.7911079999999999,0.0,0.0,0.0,0.0,6.115352580043268,4.8553288635233045,strict_delta_max,2,cross_layer_handoff_executed
resource-defense_fixed-split_seed0,0,fixed-split,resource-defense,4,11,GA,3.568907640897554,2.488299971446395,0.241934,0.241934,0.0,0.0,0.12947576587888796,0.02010156271097826,4.8553288635233045,1.2864212226257505,strict_delta_max,1,cross_layer_handoff_executed
resource-defense_fixed-split_seed0,0,fixed-split,resource-defense,5,0,PSO,2.9468442294055763,2.5535000022500753,0.897128,0.897128,0.0,0.0,0.0,0.03189868032002868,28.0,25.053155770594422,strict_delta_max,1,cross_layer_handoff_executed
resource-defense_fixed-split_seed0,0,fixed-split,resource-defense,5,1,RL,2.4860863580288517,4.206000012345612,0.7911079999999999,0.7911079999999999,0.0,0.0,0.0,0.025604098503830476,25.053155770594422,22.56706941256557,strict_delta_max,2,cross_layer_handoff_executed
resource-defense_fixed-split_seed0,0,fixed-split,resource-defense,5,2,GA,2.5306195529269377,2.46669992338866,0.701608,0.701608,0.0,0.0,0.12812541693431545,0.03369547537301565,22.56706941256557,20.03644985963863,strict_delta_max,1,cross_layer_handoff_executed
resource-defense_fixed-split_seed0,0,fixed-split,resource-defense,5,3,PSO,2.782195197096999,2.4124999763444066,0.7075779999999998,0.7075779999999998,0.0,0.0,0.0,0.034248856642765,20.03644985963863,17.25425466254163,strict_delta_max,1,cross_layer_handoff_executed
resource-defense_fixed-split_seed0,0,fixed-split,resource-defense,5,4,RL,3.117948078547683,4.1322000324726105,0.8078919999999998,0.8078919999999998,0.0,0.0,0.0,0.02067192858131948,17.25425466254163,14.136306583993946,strict_delta_max,2,cross_layer_handoff_executed
resource-defense_fixed-split_seed0,0,fixed-split,resource-defense,5,5,GA,1.5992500953518372,2.3622000589966774,0.46682500000000016,0.46682500000000016,0.0,0.0,0.12974477032703055,0.053268770148587094,14.136306583993946,12.537056488642108,strict_delta_max,1,cross_layer_handoff_executed
resource-defense_fixed-split_seed0,0,fixed-split,resource-defense,5,6,PSO,1.406784365159999,2.312700031325221,0.901374,0.901374,0.0,0.0,0.0,0.09601982295790518,12.537056488642108,11.13027212348211,strict_delta_max,1,cross_layer_handoff_executed
resource-defense_fixed-split_seed0,0,fixed-split,resource-defense,5,7,RL,4.0,4.130599903874099,0.8078919999999998,0.8078919999999998,0.0,0.0,0.0,0.0,11.13027212348211,7.13027212348211,strict_delta_max,2,cross_layer_handoff_executed
resource-defense_fixed-split_seed0,0,fixed-split,resource-defense,5,8,GA,1.0025823792603383,2.4012000067159534,0.8387959999999999,0.8387959999999999,0.0,0.0,0.16189189545571664,0.07156573722457472,7.13027212348211,6.1276897442217715,strict_delta_max,1,cross_layer_handoff_executed
resource-defense_fixed-split_seed0,0,fixed-split,resource-defense,5,9,PSO,1.2916046697634342,2.242899965494871,0.8797839999999999,0.8797839999999999,0.0,0.0,0.0,0.10499718654237866,6.1276897442217715,4.836085074458337,strict_delta_max,1,cross_layer_handoff_executed
resource-defense_fixed-split_seed0,0,fixed-split,resource-defense,5,10,RL,1.2526552030073497,4.305100068449974,0.8055319999999999,0.8055319999999999,0.0,0.0,0.0,0.0,4.836085074458337,3.5834298714509876,strict_delta_max,2,cross_layer_handoff_executed
resource-defense_fixed-split_seed1,1,fixed-split,resource-defense,0,0,GA,1.9020835094768749,2.6038000360131264,0.7475840000000001,0.7475840000000001,0.0,0.0,0.9187276469971314,0.10320116966747558,28.0,26.097916490523126,strict_delta_max,1,cross_layer_handoff_executed
resource-defense_fixed-split_seed1,1,fixed-split,resource-defense,0,1,PSO,1.753787846213536,2.251200028695166,0.7298560000000001,0.7298560000000001,0.0,0.0,0.0,0.07933765931040297,26.097916490523126,24.34412864430959,strict_delta_max,1,cross_layer_handoff_executed
resource-defense_fixed-split_seed1,1,fixed-split,resource-defense,0,2,RL,4.0,4.167999955825508,0.9027639999999999,0.9027639999999999,0.0,0.012604000000000004,0.0,0.0,24.34412864430959,20.34412864430959,strict_delta_max,2,cross_layer_handoff_executed
resource-defense_fixed-split_seed1,1,fixed-split,resource-defense,0,3,GA,3.4809483824350433,2.336299978196621,0.854968,0.854968,0.0,0.0,0.8325725896037208,0.02900098157656912,20.34412864430959,16.863180261874547,strict_delta_max,1,cross_layer_handoff_executed
resource-defense_fixed-split_seed1,1,fixed-split,resource-defense,0,4,PSO,1.4038699271845236,2.235200023278594,0.12170400000000003,0.12170400000000003,0.0,0.0,0.0,0.06255193535273662,16.863180261874547,15.459310334690024,strict_delta_max,1,cross_layer_handoff_executed
resource-defense_fixed-split_seed1,1,fixed-split,resource-defense,0,5,RL,4.0,4.031999967992306,0.9027639999999999,0.9027639999999999,0.0,0.0,0.0,0.290659,15.459310334690024,11.459310334690024,strict_delta_max,2,cross_layer_handoff_executed
resource-defense_fixed-split_seed1,1,fixed-split,resource-defense,0,6,GA,2.9511296279430206,2.266000024974346,0.8402479999999999,0.8402479999999999,0.0,0.0,0.713969529193905,0.021636768912543132,11.459310334690024,8.508180706747003,strict_delta_max,1,cross_layer_handoff_executed
resource-defense_fixed-split_seed1,1,fixed-split,resource-defense,0,7,PSO,2.110202535127694,2.4400000693276525,0.889848,0.889848,0.0,0.0,0.0,0.00804828438752089,8.508180706747003,6.397978171619309,strict_delta_max,1,cross_layer_handoff_executed
resource-defense_fixed-split_seed1,1,fixed-split,resource-defense,0,8,RL,3.5372519470062302,4.034499987028539,0.9027639999999999,0.9027639999999999,0.0,0.0,0.0,0.0,6.397978171619309,2.860726224613079,strict_delta_max,2,cross_layer_handoff_executed
resource-defense_fixed-split_seed1,1,fixed-split,resource-defense,1,0,GA,3.1931275460903046,2.312299911864102,0.889848,0.889848,0.0,0.0,0.6095297573028537,0.021230215267887535,28.0,24.806872453909694,strict_delta_max,1,cross_layer_handoff_executed
resource-defense_fixed-split_seed1,1,fixed-split,resource-defense,1,1,PSO,3.2688546333497266,2.3481000680476427,0.41209600000000013,0.41209600000000013,0.0,0.0,0.0,0.02481465226372821,24.806872453909694,21.53801782055997,strict_delta_max,1,cross_layer_handoff_executed
resource-defense_fixed-split_seed1,1,fixed-split,resource-defense,1,2,RL,3.021897131031914,4.055500030517578,0.9027639999999999,0.9027639999999999,0.0,0.0,0.0,0.0,21.53801782055997,18.516120689528055,strict_delta_max,2,cross_layer_handoff_executed
resource-defense_fixed-split_seed1,1,fixed-split,resource-defense,1,3,GA,2.394460925684707,2.306499984115362,0.622792,0.622792,0.0,0.0,0.5849407798060527,0.029946928564862363,18.516120689528055,16.121659763843347,strict_delta_max,1,cross_layer_handoff_executed
resource-defense_fixed-split_seed1,1,fixed-split,resource-defense,1,4,PSO,2.8017412077881034,2.2470999974757433,0.854968,0.854968,0.0,0.0,0.0,0.023909200819865386,16.121659763843347,13.319918556055244,strict_delta_max,1,cross_layer_handoff_executed
resource-defense_fixed-split_seed1,1,fixed-split,resource-defense,1,5,RL,4.0,4.280699999071658,0.9027639999999999,0.9027639999999999,0.0,0.0,0.0,0.013001500000000062,13.319918556055244,9.319918556055244,strict_delta_max,2,cross_layer_handoff_executed
resource-defense_fixed-split_seed1,1,fixed-split,resource-defense,1,6,GA,3.4772050016394647,2.7392000192776322,0.854968,0.854968,0.0,0.0,0.5446873685535536,0.036346460417774826,9.319918556055244,5.842713554415779,strict_delta_max,1,cross_layer_handoff_executed
resource-defense_fixed-split_seed1,1,fixed-split,resource-defense,1,7,PSO,2.8624173430218938,2.628199988976121,0.889848,0.889848,0.0,0.0,0.0,0.006032029716831812,5.842713554415779,2.980296211393885,strict_delta_max,1,cross_layer_handoff_executed
resource-defense_fixed-split_seed1,1,fixed-split,resource-defense,2,0,RL,1.122210409896033,4.232799983583391,0.8945679999999999,0.8945679999999999,0.0,0.0,0.0,0.30218575501488837,28.0,26.877789590103966,strict_delta_max,2,cross_layer_handoff_executed
resource-defense_fixed-split_seed1,1,fixed-split,resource-defense,2,1,GA,3.8136033046499365,2.189899911172688,0.852968,0.852968,0.0,0.0,0.5113252085758064,0.01782891385391078,26.877789590103966,23.064186285454028,strict_delta_max,1,cross_layer_handoff_executed
resource-defense_fixed-split_seed1,1,fixed-split,resource-defense,2,2,PSO,1.2865526167477672,2.291699987836182,0.91228,0.91228,0.0,0.007396510547742116,0.0,0.06321310433349706,23.064186285454028,21.77763366870626,strict_delta_max,1,cross_layer_handoff_executed
resource-defense_fixed-split_seed1,1,fixed-split,resource-defense,2,3,RL,4.0,4.036400001496077,0.8945679999999999,0.8945679999999999,0.0,0.0,0.0,0.059742500000000004,21.77763366870626,17.77763366870626,strict_delta_max,2,cross_layer_handoff_executed
resource-defense_fixed-split_seed1,1,fixed-split,resource-defense,2,4,GA,3.3427080385879195,2.4616000009700656,0.6304719999999999,0.6304719999999999,0.0,0.0,0.39979681068997,0.022680902818723727,17.77763366870626,14.434925630118343,strict_delta_max,1,cross_layer_handoff_executed
resource-defense_fixed-split_seed1,1,fixed-split,resource-defense,2,5,PSO,2.497969978354465,2.2000999888405204,0.92222,0.92222,0.0,0.003979231170163231,0.0,0.023203267306547825,14.434925630118343,11.936955651763878,strict_delta_max,1,cross_layer_handoff_executed
resource-defense_fixed-split_seed1,1,fixed-split,resource-defense,2,6,RL,1.155933396391025,4.030999960377812,0.9027639999999999,0.9027639999999999,0.0,0.0,0.0,0.0,11.936955651763878,10.781022255372854,strict_delta_max,2,cross_layer_handoff_executed
resource-defense_fixed-split_seed1,1,fixed-split,resource-defense,2,7,GA,3.5714878861528216,2.297300030477345,0.8677999999999999,0.8677999999999999,0.0,0.0,0.28208836338198373,0.022246770633737332,10.781022255372854,7.209534369220032,strict_delta_max,1,cross_layer_handoff_executed
resource-defense_fixed-split_seed1,1,fixed-split,resource-defense,2,8,PSO,1.0,2.2966000251471996,0.8613279999999999,0.8613279999999999,0.0,0.0,0.0,0.08286470548104408,7.209534369220032,6.209534369220032,strict_delta_max,1,cross_layer_handoff_executed
resource-defense_fixed-split_seed1,1,fixed-split,resource-defense,2,9,RL,2.860745536466986,3.9788000285625458,0.9027639999999999,0.9027639999999999,0.0,0.0,0.0,0.08583356921121042,6.209534369220032,3.348788832753046,strict_delta_max,2,cross_layer_handoff_executed
resource-defense_fixed-split_seed1,1,fixed-split,resource-defense,3,0,GA,2.2549047364175645,2.3987999884411693,0.12170400000000003,0.12170400000000003,0.0,0.0,0.1609778625380336,0.03171686143235012,28.0,25.745095263582435,strict_delta_max,1,cross_layer_handoff_executed
resource-defense_fixed-split_seed1,1,fixed-split,resource-defense,3,1,PSO,3.3600420251679135,2.3261000169441104,0.8402479999999999,0.8402479999999999,0.0,0.0,0.0,0.023787425604004132,25.745095263582435,22.38505323841452,strict_delta_max,1,cross_layer_handoff_executed
resource-defense_fixed-split_seed1,1,fixed-split,resource-defense,3,2,RL,3.314787552277961,4.038199898786843,0.9027639999999999,0.9027639999999999,0.0,0.0,0.0,0.0,22.38505323841452,19.07026568613656,strict_delta_max,2,cross_layer_handoff_executed
resource-defense_fixed-split_seed1,1,fixed-split,resource-defense,3,3,GA,3.4966485748995852,2.332999953068793,0.854968,0.854968,0.0,0.0,0.16327074973795352,0.02302239230287375,19.07026568613656,15.573617111236974,strict_delta_max,1,cross_layer_handoff_executed
resource-defense_fixed-split_seed1,1,fixed-split,resource-defense,3,4,PSO,1.8128140052230923,2.206499921157956,0.900552,0.900552,0.0,0.0,0.0,0.02336302984740225,15.573617111236974,13.760803106013881,strict_delta_max,1,cross_layer_handoff_executed
resource-defense_fixed-split_seed1,1,fixed-split,resource-defense,3,5,RL,1.6910843379903804,4.176899907179177,0.9027639999999999,0.9027639999999999,0.0,0.0,0.0,0.02499934453312899,13.760803106013881,12.0697187680235,strict_delta_max,2,cross_layer_handoff_executed
resource-defense_fixed-split_seed1,1,fixed-split,resource-defense,3,6,GA,2.667391049095386,2.390200039371848,0.8613279999999999,0.8613279999999999,0.0,0.0,0.1653107186890449,0.026051003260447656,12.0697187680235,9.402327718928115,strict_delta_max,1,cross_layer_handoff_executed
resource-defense_fixed-split_seed1,1,fixed-split,resource-defense,3,7,PSO,2.3442585519611705,2.3660999722778797,0.8613279999999999,0.8613279999999999,0.0,0.0,0.0,0.030855638152181706,9.402327718928115,7.058069166966945,strict_delta_max,1,cross_layer_handoff_executed
resource-defense_fixed-split_seed1,1,fixed-split,resource-defense,3,8,RL,1.9144903126222734,3.8155000656843185,0.9027639999999999,0.9027639999999999,0.0,0.0,0.0,0.0,7.058069166966945,5.143578854344671,strict_delta_max,2,cross_layer_handoff_executed
resource-defense_fixed-split_seed1,1,fixed-split,resource-defense,3,9,GA,2.55566517160596,2.1742000244557858,0.9248319999999999,0.9248319999999999,0.0,0.0010220431177838825,0.08800238279346487,0.023923745881540375,5.143578854344671,2.5879136827387113,strict_delta_max,1,cross_layer_handoff_executed
resource-defense_fixed-split_seed1,1,fixed-split,resource-defense,4,0,PSO,2.8415882320734718,2.2184000117704272,0.704008,0.704008,0.0,0.0,0.0,0.030627996458488824,28.0,25.158411767926527,strict_delta_max,1,cross_layer_handoff_executed
resource-defense_fixed-split_seed1,1,fixed-split,resource-defense,4,1,RL,2.5036175369745926,4.036099999211729,0.9201159999999998,0.9201159999999998,0.0,0.0,0.0,0.0,25.158411767926527,22.654794230951936,strict_delta_max,2,cross_layer_handoff_executed
resource-defense_fixed-split_seed1,1,fixed-split,resource-defense,4,2,GA,3.2419910320648158,2.1977999713271856,0.16135200000000002,0.16135200000000002,0.0,0.0,0.08971244380780342,0.03180843754692269,22.654794230951936,19.41280319888712,strict_delta_max,1,cross_layer_handoff_executed
resource-defense_fixed-split_seed1,1,fixed-split,resource-defense,4,3,PSO,3.5503910537404058,2.283400041051209,0.9093199999999999,0.9093199999999999,0.0,0.0,0.0,0.010818518853108071,19.41280319888712,15.862412145146713,strict_delta_max,1,cross_layer_handoff_executed
resource-defense_fixed-split_seed1,1,fixed-split,resource-defense,4,4,RL,2.815519217786527,3.995999926701188,0.9224759999999999,0.9224759999999999,0.0,0.0,0.0,0.6165392120337552,15.862412145146713,13.046892927360187,strict_delta_max,2,cross_layer_handoff_executed
resource-defense_fixed-split_seed1,1,fixed-split,resource-defense,4,5,GA,2.286324288847343,2.2054000291973352,0.9080079999999999,0.9080079999999999,0.0,0.0,0.15055241695437196,0.034488862664242954,13.046892927360187,10.760568638512844,strict_delta_max,1,cross_layer_handoff_executed
resource-defense_fixed-split_seed1,1,fixed-split,resource-defense,4,6,PSO,2.287274740221504,2.372400020249188,0.12170400000000003,0.12170400000000003,0.0,0.0,0.0,0.029838550893889218,10.760568638512844,8.47329389829134,strict_delta_max,1,cross_layer_handoff_executed
resource-defense_fixed-split_seed1,1,fixed-split,resource-defense,4,7,RL,3.591544307835622,4.027399932965636,0.9224759999999999,0.9224759999999999,0.0,0.0,0.0,0.0,8.47329389829134,4.881749590455717,strict_delta_max,2,cross_layer_handoff_executed
resource-defense_fixed-split_seed1,1,fixed-split,resource-defense,4,8,GA,1.7392065383663797,2.27719999384135,0.7977119999999999,0.7977119999999999,0.0,0.0,0.15198792148758639,0.034956042751708376,4.881749590455717,3.1425430520893376,strict_delta_max,1,cross_layer_handoff_executed
resource-defense_fixed-split_seed1,1,fixed-split,resource-defense,5,0,PSO,2.8863193008267545,2.249400014989078,0.9127959999999999,0.9127959999999999,0.0,0.0,0.0,0.018187817391708744,28.0,25.113680699173244,strict_delta_max,1,cross_layer_handoff_executed
resource-defense_fixed-split_seed1,1,fixed-split,resource-defense,5,1,RL,2.612521307156577,4.052300006151199,0.9224759999999999,0.9224759999999999,0.0,0.0,0.0,0.0,25.113680699173244,22.501159392016667,strict_delta_max,2,cross_layer_handoff_executed
resource-defense_fixed-split_seed1,1,fixed-split,resource-defense,5,2,GA,1.3489231776450055,2.2058000322431326,0.8677999999999999,0.8677999999999999,0.0,0.0,0.15196010515835623,0.06417998907205949,22.501159392016667,21.152236214371662,strict_delta_max,1,cross_layer_handoff_executed
resource-defense_fixed-split_seed1,1,fixed-split,resource-defense,5,3,PSO,1.4791926974550555,2.3331999545916915,0.895956,0.895956,0.0,0.0,0.0,0.03141385445433703,21.152236214371662,19.673043516916607,strict_delta_max,1,cross_layer_handoff_executed
resource-defense_fixed-split_seed1,1,fixed-split,resource-defense,5,4,RL,1.3966641702922433,4.0796000976115465,0.9164759999999998,0.9164759999999998,0.0,0.0,0.0,0.2980444467999052,19.673043516916607,18.276379346624363,strict_delta_max,2,cross_layer_handoff_executed
resource-defense_fixed-split_seed1,1,fixed-split,resource-defense,5,5,GA,2.720135850058101,2.4059999268501997,0.9028320000000001,0.9028320000000001,0.0,0.0,0.2011942366197639,0.0327536786918488,18.276379346624363,15.556243496566262,strict_delta_max,1,cross_layer_handoff_executed
resource-defense_fixed-split_seed1,1,fixed-split,resource-defense,5,6,PSO,3.4908058002509557,2.1539999870583415,0.8760159999999999,0.8760159999999999,0.0,0.0,0.0,0.012396957867159074,15.556243496566262,12.065437696315307,strict_delta_max,1,cross_layer_handoff_executed
resource-defense_fixed-split_seed1,1,fixed-split,resource-defense,5,7,RL,3.964362429258881,4.087100038304925,0.9204999999999999,0.9204999999999999,0.0,0.0,0.0,0.01489419826104,12.065437696315307,8.101075267056427,strict_delta_max,2,cross_layer_handoff_executed
resource-defense_fixed-split_seed1,1,fixed-split,resource-defense,5,8,GA,1.6260379374595022,2.2594999754801393,0.9311959999999999,0.9311959999999999,0.0,0.003913807822923896,0.2424062511523703,0.049669651137837605,8.101075267056427,6.475037329596924,strict_delta_max,1,cross_layer_handoff_executed
resource-defense_fixed-split_seed1,1,fixed-split,resource-defense,5,9,PSO,2.3958894426944273,2.3204999743029475,0.900552,0.900552,0.0,0.0,0.0,0.00971199936690313,6.475037329596924,4.079147886902497,strict_delta_max,1,cross_layer_handoff_executed
resource-defense_fixed-split_seed1,1,fixed-split,resource-defense,5,10,RL,3.1251623932202817,4.084200016222894,0.9204999999999999,0.9204999999999999,0.0,0.0,0.0,0.061817587597721546,4.079147886902497,0.9539854936822154,strict_delta_max,2,cross_layer_handoff_executed
resource-defense_fixed-split_seed2,2,fixed-split,resource-defense,0,0,GA,3.9051999001172466,2.9454000759869814,0.26544600000000007,0.26544600000000007,0.0,0.0,0.9221321296069481,0.03772849699813911,28.0,24.094800099882754,strict_delta_max,1,cross_layer_handoff_executed
resource-defense_fixed-split_seed2,2,fixed-split,resource-defense,0,1,PSO,1.0477483033184853,2.3585999151691794,0.12172799999999984,0.12172799999999984,0.0,0.0,0.0,0.14499387204475772,24.094800099882754,23.04705179656427,strict_delta_max,1,cross_layer_handoff_executed
resource-defense_fixed-split_seed2,2,fixed-split,resource-defense,0,2,RL,2.0715315278143036,4.216400091536343,-0.29552199999999995,-0.29552199999999995,0.0,0.0,0.0,0.32114596908980075,23.04705179656427,20.975520268749964,strict_delta_max,2,cross_layer_handoff_executed
resource-defense_fixed-split_seed2,2,fixed-split,resource-defense,0,3,GA,2.929206743654812,2.133699948899448,0.1216279999999999,0.1216279999999999,0.0,0.0,0.9091336900778896,0.04864995141401914,20.975520268749964,18.04631352509515,strict_delta_max,1,cross_layer_handoff_executed
resource-defense_fixed-split_seed2,2,fixed-split,resource-defense,0,4,PSO,1.2040818476112218,2.350799972191453,0.12172799999999984,0.12172799999999984,0.0,0.0,0.0,0.11687578326066757,18.04631352509515,16.84223167748393,strict_delta_max,1,cross_layer_handoff_executed
resource-defense_fixed-split_seed2,2,fixed-split,resource-defense,0,5,RL,1.104152196523844,4.058600054122508,-0.222992,-0.222992,0.0,0.0,0.0,0.0,16.84223167748393,15.738079480960087,strict_delta_max,2,cross_layer_handoff_executed
resource-defense_fixed-split_seed2,2,fixed-split,resource-defense,0,6,GA,3.5060691506154504,2.382499980740249,0.657472,0.657472,0.0,0.0,0.9031393577729832,0.04976998442690581,15.738079480960087,12.232010330344636,strict_delta_max,1,cross_layer_handoff_executed
resource-defense_fixed-split_seed2,2,fixed-split,resource-defense,0,7,PSO,3.2964373236457085,2.2834999253973365,0.04307799999999995,0.04307799999999995,0.0,0.0,0.0,0.03816598684789514,12.232010330344636,8.935573006698927,strict_delta_max,1,cross_layer_handoff_executed
resource-defense_fixed-split_seed2,2,fixed-split,resource-defense,0,8,RL,3.5803501118292886,4.122200072742999,-0.07732199999999997,-0.07732199999999997,0.0,0.0,0.0,0.0,8.935573006698927,5.355222894869639,strict_delta_max,2,cross_layer_handoff_executed
resource-defense_fixed-split_seed2,2,fixed-split,resource-defense,0,9,GA,2.3272677848466587,2.3771999403834343,0.526882,0.526882,0.0,0.0,0.8900692926057706,0.07106040493439252,5.355222894869639,3.0279551100229805,strict_delta_max,1,cross_layer_handoff_executed
resource-defense_fixed-split_seed2,2,fixed-split,resource-defense,1,0,PSO,3.519720276980774,2.1304000401869416,0.12172799999999984,0.12172799999999984,0.0,0.0,0.0,0.03548146890232629,28.0,24.480279723019226,strict_delta_max,1,cross_layer_handoff_executed
resource-defense_fixed-split_seed2,2,fixed-split,resource-defense,1,1,RL,3.4045179352849386,4.0466999635100365,0.677516,0.677516,0.0,0.005887470819953984,0.0,0.0,24.480279723019226,21.075761787734287,strict_delta_max,2,cross_layer_handoff_executed
resource-defense_fixed-split_seed2,2,fixed-split,resource-defense,1,2,GA,3.8049898325274754,2.326900023035705,0.657472,0.657472,0.0,0.0,0.8787079747592791,0.0420513290881972,21.075761787734287,17.27077195520681,strict_delta_max,1,cross_layer_handoff_executed
resource-defense_fixed-split_seed2,2,fixed-split,resource-defense,1,3,PSO,3.554799386212883,2.1983999758958817,0.15024799999999983,0.15024799999999983,0.0,0.0,0.0,0.03660608418710082,17.27077195520681,13.715972568993928,strict_delta_max,1,cross_layer_handoff_executed
resource-defense_fixed-split_seed2,2,fixed-split,resource-defense,1,4,RL,2.1014485342469094,4.1325000347569585,0.7161119999999999,0.7161119999999999,0.0,0.018366378891040223,0.0,0.10573849246307172,13.715972568993928,11.614524034747019,strict_delta_max,2,cross_layer_handoff_executed
resource-defense_fixed-split_seed2,2,fixed-split,resource-defense,1,5,GA,1.5757689899186331,2.254100050777197,0.657472,0.657472,0.0,0.0,0.8084814045500452,0.12413067857199601,11.614524034747019,10.038755044828386,strict_delta_max,1,cross_layer_handoff_executed
resource-defense_fixed-split_seed2,2,fixed-split,resource-defense,1,6,PSO,1.7196731665175935,2.299100044183433,0.8006059999999999,0.8006059999999999,0.0,0.049133754974559365,0.0,0.04557908232919515,10.038755044828386,8.319081878310794,strict_delta_max,1,cross_layer_handoff_executed
resource-defense_fixed-split_seed2,2,fixed-split,resource-defense,1,7,RL,1.5382874624470662,4.162900033406913,0.7161119999999999,0.7161119999999999,0.0,0.0,0.0,0.0,8.319081878310794,6.780794415863728,strict_delta_max,2,cross_layer_handoff_executed
resource-defense_fixed-split_seed2,2,fixed-split,resource-defense,1,8,GA,3.172897865185073,2.421800047159195,0.59117,0.59117,0.0,0.0,0.6722370594113442,0.028523304288160183,6.780794415863728,3.6078965506786544,strict_delta_max,1,cross_layer_handoff_executed
resource-defense_fixed-split_seed2,2,fixed-split,resource-defense,2,0,PSO,2.061633490747105,2.3807999677956104,0.06502800000000014,0.06502800000000014,0.0,0.0,0.0,0.05900387287653524,28.0,25.938366509252894,strict_delta_max,1,cross_layer_handoff_executed
resource-defense_fixed-split_seed2,2,fixed-split,resource-defense,2,1,RL,3.560243772669269,3.5401000641286373,0.646258,0.646258,0.0,0.0,0.0,0.0,25.938366509252894,22.378122736583627,strict_delta_max,2,cross_layer_handoff_executed
resource-defense_fixed-split_seed2,2,fixed-split,resource-defense,2,2,GA,3.9680375939724826,2.2680999245494604,-0.27447199999999994,-0.27447199999999994,0.0,0.0,0.6174481967390001,0.01690469704325449,22.378122736583627,18.410085142611145,strict_delta_max,1,cross_layer_handoff_executed
resource-defense_fixed-split_seed2,2,fixed-split,resource-defense,2,3,PSO,2.5127679717935427,2.243499970063567,0.7161119999999999,0.7161119999999999,0.0,0.0,0.0,0.01668407580018685,18.410085142611145,15.897317170817601,strict_delta_max,1,cross_layer_handoff_executed
resource-defense_fixed-split_seed2,2,fixed-split,resource-defense,2,4,RL,3.7100201692069317,4.264199989847839,0.646258,0.646258,0.0,0.0,0.0,0.43280249884550953,15.897317170817601,12.18729700161067,strict_delta_max,2,cross_layer_handoff_executed
resource-defense_fixed-split_seed2,2,fixed-split,resource-defense,2,5,GA,3.3824575939200088,2.224799944087863,0.5903740000000001,0.5903740000000001,0.0,0.0,0.5240588612819085,0.023081794692141125,12.18729700161067,8.804839407690661,strict_delta_max,1,cross_layer_handoff_executed
resource-defense_fixed-split_seed2,2,fixed-split,resource-defense,2,6,PSO,3.266358304072535,2.270099939778447,0.12172799999999984,0.12172799999999984,0.0,0.0,0.0,0.028165308382382535,8.804839407690661,5.5384811036181265,strict_delta_max,1,cross_layer_handoff_executed
resource-defense_fixed-split_seed2,2,fixed-split,resource-defense,2,7,RL,2.175327078120747,4.071200033649802,0.7161119999999999,0.7161119999999999,0.0,0.0,0.0,0.17457512657272253,5.5384811036181265,3.3631540254973795,strict_delta_max,2,cross_layer_handoff_executed
resource-defense_fixed-split_seed2,2,fixed-split,resource-defense,3,0,GA,2.0424889183393113,2.4548000656068325,0.876954,0.876954,0.0,0.03737988456851772,0.49627931923502183,0.07966320395306985,28.0,25.957511081660687,strict_delta_max,1,cross_layer_handoff_executed
resource-defense_fixed-split_seed2,2,fixed-split,resource-defense,3,1,PSO,2.6977349717159167,2.2483000066131353,0.12172799999999984,0.12172799999999984,0.0,0.0,0.0,0.036302547511656805,25.957511081660687,23.25977610994477,strict_delta_max,1,cross_layer_handoff_executed
resource-defense_fixed-split_seed2,2,fixed-split,resource-defense,3,2,RL,3.7593806483771783,4.045299952849746,0.769536,0.769536,0.0,0.0,0.0,0.0,23.25977610994477,19.500395461567592,strict_delta_max,2,cross_layer_handoff_executed
resource-defense_fixed-split_seed2,2,fixed-split,resource-defense,3,3,GA,3.2349575119500504,2.3644999600946903,0.6494319999999999,0.6494319999999999,0.0,0.0,0.5251568580611614,0.023499507881574795,19.500395461567592,16.265437949617542,strict_delta_max,1,cross_layer_handoff_executed
resource-defense_fixed-split_seed2,2,fixed-split,resource-defense,3,4,PSO,2.0346978017001054,2.1833000937476754,-0.04767199999999999,-0.04767199999999999,0.0,0.0,0.0,0.043206156947297555,16.265437949617542,14.230740147917437,strict_delta_max,1,cross_layer_handoff_executed
resource-defense_fixed-split_seed2,2,fixed-split,resource-defense,3,5,RL,1.880697326028395,4.014700069092214,0.762052,0.762052,0.0,0.0,0.0,0.0,14.230740147917437,12.350042821889042,strict_delta_max,2,cross_layer_handoff_executed
resource-defense_fixed-split_seed2,2,fixed-split,resource-defense,3,6,GA,3.278017050643304,2.2330000065267086,0.89228,0.89228,0.0,0.004675387517277329,0.4569115934526864,0.04035748968466969,12.350042821889042,9.072025771245738,strict_delta_max,1,cross_layer_handoff_executed
resource-defense_fixed-split_seed2,2,fixed-split,resource-defense,3,7,PSO,1.403445459556437,2.229900099337101,0.12172799999999984,0.12172799999999984,0.0,0.0,0.0,0.06772114894713505,9.072025771245738,7.6685803116893005,strict_delta_max,1,cross_layer_handoff_executed
resource-defense_fixed-split_seed2,2,fixed-split,resource-defense,3,8,RL,3.514506895236044,3.9835000643506646,0.7626820000000001,0.7626820000000001,0.0,0.0,0.0,0.14432977800885263,7.6685803116893005,4.154073416453256,strict_delta_max,2,cross_layer_handoff_executed
resource-defense_fixed-split_seed2,2,fixed-split,resource-defense,3,9,GA,2.6083196198147713,2.3403000086545944,0.657472,0.657472,0.0,0.0,0.37647959164251177,0.02589623888647757,4.154073416453256,1.545753796638485,strict_delta_max,1,cross_layer_handoff_executed
resource-defense_fixed-split_seed2,2,fixed-split,resource-defense,4,0,PSO,3.1249966526067303,2.0719999447464943,0.12172799999999984,0.12172799999999984,0.0,0.0,0.0,0.028677562008157607,28.0,24.87500334739327,strict_delta_max,1,cross_layer_handoff_executed
resource-defense_fixed-split_seed2,2,fixed-split,resource-defense,4,1,RL,4.0,4.07579995226115,0.7399519999999999,0.7399519999999999,0.0,0.0,0.0,0.0,24.87500334739327,20.87500334739327,strict_delta_max,2,cross_layer_handoff_executed
resource-defense_fixed-split_seed2,2,fixed-split,resource-defense,4,2,GA,2.5974939077598416,2.3270000237971544,0.791088,0.791088,0.0,0.0,0.3620055029198635,0.06198200029203866,20.87500334739327,18.27750943963343,strict_delta_max,1,cross_layer_handoff_executed
resource-defense_fixed-split_seed2,2,fixed-split,resource-defense,4,3,PSO,1.8378656582745352,2.2906000958755612,0.794128,0.794128,0.0,0.0,0.0,0.03874745280181861,18.27750943963343,16.439643781358896,strict_delta_max,1,cross_layer_handoff_executed
resource-defense_fixed-split_seed2,2,fixed-split,resource-defense,4,4,RL,1.6995289819634751,4.002399975433946,0.7967479999999999,0.7967479999999999,0.0,0.0,0.0,0.07341798893940932,16.439643781358896,14.740114799395421,strict_delta_max,2,cross_layer_handoff_executed
resource-defense_fixed-split_seed2,2,fixed-split,resource-defense,4,5,GA,1.730400970030689,2.5725000305101275,0.5141060000000001,0.5141060000000001,0.0,0.0,0.3542313929353083,0.05035281717211945,14.740114799395421,13.009713829364731,strict_delta_max,1,cross_layer_handoff_executed
resource-defense_fixed-split_seed2,2,fixed-split,resource-defense,4,6,PSO,1.6390597320561227,2.180499956011772,0.5928960000000001,0.5928960000000001,0.0,0.0,0.0,0.049612652814669776,13.009713829364731,11.37065409730861,strict_delta_max,1,cross_layer_handoff_executed
resource-defense_fixed-split_seed2,2,fixed-split,resource-defense,4,7,RL,2.7912137704042905,4.112099995836616,0.801468,0.801468,0.0,0.0,0.0,0.0,11.37065409730861,8.579440326904319,strict_delta_max,2,cross_layer_handoff_executed
resource-defense_fixed-split_seed2,2,fixed-split,resource-defense,4,8,GA,3.557063486196956,2.320699975825846,0.790337,0.790337,0.0,0.0,0.41431268261722487,0.04459982952486281,8.579440326904319,5.022376840707363,strict_delta_max,1,cross_layer_handoff_executed
resource-defense_fixed-split_seed2,2,fixed-split,resource-defense,4,9,PSO,2.9410460406804133,2.3884999100118876,0.7142360000000001,0.7142360000000001,0.0,0.0,0.0,0.007035595254795535,5.022376840707363,2.0813308000269495,strict_delta_max,1,cross_layer_handoff_executed
resource-defense_fixed-split_seed2,2,fixed-split,resource-defense,5,0,RL,2.5156260069031244,4.108199966140091,0.813226,0.813226,0.0,0.0,0.0,0.0,28.0,25.484373993096874,strict_delta_max,2,cross_layer_handoff_executed
resource-defense_fixed-split_seed2,2,fixed-split,resource-defense,5,1,GA,3.626375214876103,2.2749999770894647,0.6888679999999999,0.6888679999999999,0.0,0.0,0.4123899338743362,0.03119959519945725,25.484373993096874,21.85799877822077,strict_delta_max,1,cross_layer_handoff_executed
resource-defense_fixed-split_seed2,2,fixed-split,resource-defense,5,2,PSO,1.1644381054410797,2.4911999935284257,0.34024400000000005,0.34024400000000005,0.0,0.0,0.0,0.037950011195794754,21.85799877822077,20.693560672779693,strict_delta_max,1,cross_layer_handoff_executed
resource-defense_fixed-split_seed2,2,fixed-split,resource-defense,5,3,RL,1.8966273991218545,4.244100069627166,0.810866,0.810866,0.0,0.0,0.0,0.17751404422180292,20.693560672779693,18.79693327365784,strict_delta_max,2,cross_layer_handoff_executed
resource-defense_fixed-split_seed2,2,fixed-split,resource-defense,5,4,GA,2.232292142020135,2.3178999545052648,0.4423579999999999,0.4423579999999999,0.0,0.0,0.40679524104351344,0.04285108067139464,18.79693327365784,16.564641131637703,strict_delta_max,1,cross_layer_handoff_executed
resource-defense_fixed-split_seed2,2,fixed-split,resource-defense,5,5,PSO,1.8516470726383225,2.26540002040565,0.12172799999999984,0.12172799999999984,0.0,0.0,0.0,0.030525910552740825,16.564641131637703,14.712994058999382,strict_delta_max,1,cross_layer_handoff_executed
resource-defense_fixed-split_seed2,2,fixed-split,resource-defense,5,6,RL,3.2034936833835173,4.091599956154823,0.8409099999999999,0.8409099999999999,0.0,0.0,0.0,0.0,14.712994058999382,11.509500375615865,strict_delta_max,2,cross_layer_handoff_executed
resource-defense_fixed-split_seed2,2,fixed-split,resource-defense,5,7,GA,1.0845341460012108,2.3680999875068665,0.9238639999999999,0.9238639999999999,0.0,0.029122181276129856,0.423658442527214,0.06565648537546832,11.509500375615865,10.424966229614654,strict_delta_max,1,cross_layer_handoff_executed
resource-defense_fixed-split_seed2,2,fixed-split,resource-defense,5,8,PSO,2.6561610202609813,2.4061999283730984,0.12172799999999984,0.12172799999999984,0.0,0.0,0.0,0.019108228154187626,10.424966229614654,7.768805209353673,strict_delta_max,1,cross_layer_handoff_executed
resource-defense_fixed-split_seed2,2,fixed-split,resource-defense,5,9,RL,1.988850884666695,3.846599953249097,0.8750720000000001,0.8750720000000001,0.0,0.0,0.0,0.0,7.768805209353673,5.779954324686978,strict_delta_max,2,cross_layer_handoff_executed
resource-defense_fixed-split_seed2,2,fixed-split,resource-defense,5,10,GA,3.2472315089846946,2.406099927611649,0.657472,0.657472,0.0,0.0,0.35700222019615335,0.022402980403164154,5.779954324686978,2.532722815702283,strict_delta_max,1,cross_layer_handoff_executed
resource-defense_round-robin_seed0,0,round-robin,resource-defense,0,0,GA,2.900117049606808,2.665200037881732,0.675128,0.675128,0.0,0.0,0.9088272647789373,0.05260290404668859,28.0,25.09988295039319,strict_delta_max,1,cross_layer_handoff_executed
resource-defense_round-robin_seed0,0,round-robin,resource-defense,0,1,PSO,1.5305249378732895,2.031399984844029,0.10590799999999989,0.10590799999999989,0.0,0.0,0.0,0.10043349719174326,25.09988295039319,23.569358012519903,strict_delta_max,1,cross_layer_handoff_executed
resource-defense_round-robin_seed0,0,round-robin,resource-defense,0,2,RL,2.1785896675980054,4.085200023837388,0.7029200000000002,0.7029200000000002,0.0,0.0006022244663662349,0.0,0.17213062449408242,23.569358012519903,21.3907683449219,strict_delta_max,2,cross_layer_handoff_executed
resource-defense_round-robin_seed0,0,round-robin,resource-defense,0,3,GA,2.857045352822311,2.302300068549812,0.6965199999999998,0.6965199999999998,0.0,0.0,0.8406604725099949,0.04059936913562151,21.3907683449219,18.533722992099587,strict_delta_max,1,cross_layer_handoff_executed
resource-defense_round-robin_seed0,0,round-robin,resource-defense,0,4,PSO,1.147541053257409,2.226100070402026,0.9066799999999999,0.9066799999999999,0.0,0.1775622749370114,0.0,0.12318006669310327,18.533722992099587,17.386181938842178,strict_delta_max,1,cross_layer_handoff_executed
resource-defense_round-robin_seed0,0,round-robin,resource-defense,0,5,RL,3.859466596758335,3.9984999457374215,0.7068960000000002,0.7068960000000002,0.0,0.0,0.0,0.0,17.386181938842178,13.526715342083843,strict_delta_max,2,cross_layer_handoff_executed
resource-defense_round-robin_seed0,0,round-robin,resource-defense,0,6,GA,1.0387709778599095,1.9984000828117132,-0.21203000000000005,-0.21203000000000005,0.0,0.0,0.7485042278260132,0.12112416710660337,13.526715342083843,12.487944364223933,strict_delta_max,1,cross_layer_handoff_executed
resource-defense_round-robin_seed0,0,round-robin,resource-defense,0,7,PSO,1.8453991154895528,2.386499894782901,0.8214279999999998,0.8214279999999998,0.0,0.0,0.0,0.07405402769062312,12.487944364223933,10.64254524873438,strict_delta_max,1,cross_layer_handoff_executed
resource-defense_round-robin_seed0,0,round-robin,resource-defense,0,8,RL,2.928738647300359,3.972699982114136,0.758896,0.758896,0.0,0.0,0.0,0.23211699023626856,10.64254524873438,7.713806601434022,strict_delta_max,2,cross_layer_handoff_executed
resource-defense_round-robin_seed0,0,round-robin,resource-defense,0,9,GA,2.446390967044077,2.515799948014319,0.701608,0.701608,0.0,0.0,0.6799484534242094,0.0691265158963363,7.713806601434022,5.267415634389945,strict_delta_max,1,cross_layer_handoff_executed
resource-defense_round-robin_seed0,0,round-robin,resource-defense,0,10,PSO,3.0968142867002966,2.3135999217629433,0.858628,0.858628,0.0,0.0,0.0,0.03343312183384014,5.267415634389945,2.170601347689648,strict_delta_max,1,cross_layer_handoff_executed
resource-defense_round-robin_seed0,0,round-robin,resource-defense,1,0,RL,2.3426868247028754,4.081299994140863,0.7350940000000001,0.7350940000000001,0.0,0.0,0.0,0.0,28.0,25.657313175297126,strict_delta_max,2,cross_layer_handoff_executed
resource-defense_round-robin_seed0,0,round-robin,resource-defense,1,1,GA,1.7443722188962705,2.0527999149635434,-0.21921599999999997,-0.21921599999999997,0.0,0.0,0.5908100786316843,0.07029564442885632,25.657313175297126,23.912940956400856,strict_delta_max,1,cross_layer_handoff_executed
resource-defense_round-robin_seed0,0,round-robin,resource-defense,1,2,PSO,1.8877925074864896,2.3218999849632382,0.7911079999999999,0.7911079999999999,0.0,0.0,0.0,0.05357176613343724,23.912940956400856,22.025148448914365,strict_delta_max,1,cross_layer_handoff_executed
resource-defense_round-robin_seed0,0,round-robin,resource-defense,1,3,RL,3.8148213742841017,4.109800094738603,0.7350940000000001,0.7350940000000001,0.0,0.0,0.0,0.02658368244542807,22.025148448914365,18.210327074630264,strict_delta_max,2,cross_layer_handoff_executed
resource-defense_round-robin_seed0,0,round-robin,resource-defense,1,4,GA,2.1141661161604968,2.317700069397688,0.701608,0.701608,0.0,0.0,0.46422248121535015,0.0748632470996692,18.210327074630264,16.096160958469767,strict_delta_max,1,cross_layer_handoff_executed
resource-defense_round-robin_seed0,0,round-robin,resource-defense,1,5,PSO,2.0871350118071144,2.269199932925403,0.8078919999999998,0.8078919999999998,0.0,0.0,0.0,0.05590731083140581,16.096160958469767,14.009025946662653,strict_delta_max,1,cross_layer_handoff_executed
resource-defense_round-robin_seed0,0,round-robin,resource-defense,1,6,RL,4.0,4.120899946428835,0.726196,0.726196,0.0,0.0,0.0,0.0,14.009025946662653,10.009025946662653,strict_delta_max,2,cross_layer_handoff_executed
resource-defense_round-robin_seed0,0,round-robin,resource-defense,1,7,GA,3.742623707715902,2.3010000586509705,0.701608,0.701608,0.0,0.0,0.421510814450338,0.020506159221624118,10.009025946662653,6.2664022389467515,strict_delta_max,1,cross_layer_handoff_executed
resource-defense_round-robin_seed0,0,round-robin,resource-defense,1,8,PSO,1.5725020609651414,2.249899902381003,0.842432,0.842432,0.0,0.0,0.0,0.05755619750482654,6.2664022389467515,4.69390017798161,strict_delta_max,1,cross_layer_handoff_executed
resource-defense_round-robin_seed0,0,round-robin,resource-defense,1,9,RL,4.0,4.038700019009411,0.726196,0.726196,0.0,0.0,0.0,0.042269500000000015,4.69390017798161,0.6939001779816101,strict_delta_max,2,cross_layer_handoff_executed
resource-defense_round-robin_seed0,0,round-robin,resource-defense,2,0,GA,2.082256637816921,2.393699949607253,0.7407600000000001,0.7407600000000001,0.0,0.0,0.3305026815904769,0.03715962210978182,28.0,25.917743362183078,strict_delta_max,1,cross_layer_handoff_executed
resource-defense_round-robin_seed0,0,round-robin,resource-defense,2,1,PSO,2.181001103088103,2.2226000437512994,0.855664,0.855664,0.0,0.0,0.0,0.03288562606495464,25.917743362183078,23.736742259094974,strict_delta_max,1,cross_layer_handoff_executed
resource-defense_round-robin_seed0,0,round-robin,resource-defense,2,2,RL,4.0,4.104499937966466,0.728468,0.728468,0.0,0.0,0.0,0.0,23.736742259094974,19.736742259094974,strict_delta_max,2,cross_layer_handoff_executed
resource-defense_round-robin_seed0,0,round-robin,resource-defense,2,3,GA,2.5242909841781027,2.1663999650627375,-0.11494999999999977,-0.11494999999999977,0.0,0.0,0.2246010555385666,0.028931054982472476,19.736742259094974,17.212451274916873,strict_delta_max,1,cross_layer_handoff_executed
resource-defense_round-robin_seed0,0,round-robin,resource-defense,2,4,PSO,2.666698163112854,2.2880000760778785,0.8022179999999999,0.8022179999999999,0.0,0.0,0.0,0.05247173923737774,17.212451274916873,14.545753111804018,strict_delta_max,1,cross_layer_handoff_executed
resource-defense_round-robin_seed0,0,round-robin,resource-defense,2,5,RL,1.3436769145139917,3.9908000035211444,0.7591749999999998,0.7591749999999998,0.0,0.0,0.0,0.0,14.545753111804018,13.202076197290026,strict_delta_max,2,cross_layer_handoff_executed
resource-defense_round-robin_seed0,0,round-robin,resource-defense,2,6,GA,1.8051708872793644,2.516399952583015,0.692868,0.692868,0.0,0.0,0.2171243002092402,0.043794703253789855,13.202076197290026,11.396905310010661,strict_delta_max,1,cross_layer_handoff_executed
resource-defense_round-robin_seed0,0,round-robin,resource-defense,2,7,PSO,3.2305823023580538,1.9357999553903937,0.18358799999999992,0.18358799999999992,0.0,0.0,0.0,0.04698564770794893,11.396905310010661,8.166323007652608,strict_delta_max,1,cross_layer_handoff_executed
resource-defense_round-robin_seed0,0,round-robin,resource-defense,2,8,RL,1.1593904813240952,4.079099977388978,0.7714279999999998,0.7714279999999998,0.0,0.0,0.0,0.4914789358536352,8.166323007652608,7.006932526328512,strict_delta_max,2,cross_layer_handoff_executed
resource-defense_round-robin_seed0,0,round-robin,resource-defense,2,9,GA,3.6779086670399126,2.2755999816581607,0.2778480000000001,0.2778480000000001,0.0,0.0,0.21255719577268908,0.025131307577656237,7.006932526328512,3.3290238592885997,strict_delta_max,1,cross_layer_handoff_executed
resource-defense_round-robin_seed0,0,round-robin,resource-defense,3,0,PSO,1.5415836889167582,2.1714000031352043,0.7086559999999998,0.7086559999999998,0.0,0.0,0.0,0.08455720108290656,28.0,26.45841631108324,strict_delta_max,1,cross_layer_handoff_executed
resource-defense_round-robin_seed0,0,round-robin,resource-defense,3,1,RL,3.158893195203189,4.137100069783628,0.7599519999999998,0.7599519999999998,0.0,0.0,0.0,0.0,26.45841631108324,23.299523115880053,strict_delta_max,2,cross_layer_handoff_executed
resource-defense_round-robin_seed0,0,round-robin,resource-defense,3,2,GA,2.757960904203098,2.323900000192225,0.701608,0.701608,0.0,0.0,0.11311324424760497,0.029811787089798574,23.299523115880053,20.541562211676954,strict_delta_max,1,cross_layer_handoff_executed
resource-defense_round-robin_seed0,0,round-robin,resource-defense,3,3,PSO,2.5751173593540466,3.119400003924966,0.863358,0.863358,0.0,0.0,0.0,0.061731581696614427,20.541562211676954,17.96644485232291,strict_delta_max,1,cross_layer_handoff_executed
resource-defense_round-robin_seed0,0,round-robin,resource-defense,3,4,RL,2.7611405204313084,4.7556000063195825,0.7734359999999998,0.7734359999999998,0.0,0.0,0.0,0.023995881234487287,17.96644485232291,15.2053043318916,strict_delta_max,2,cross_layer_handoff_executed
resource-defense_round-robin_seed0,0,round-robin,resource-defense,3,5,GA,2.5521851950283625,2.463800017721951,0.701608,0.701608,0.0,0.0,0.12250005525042117,0.028797123108754395,15.2053043318916,12.653119136863237,strict_delta_max,1,cross_layer_handoff_executed
resource-defense_round-robin_seed0,0,round-robin,resource-defense,3,6,PSO,1.2463066720193832,2.4068000493571162,0.8811239999999998,0.8811239999999998,0.0,0.0,0.0,0.11784559657472464,12.653119136863237,11.406812464843854,strict_delta_max,1,cross_layer_handoff_executed
resource-defense_round-robin_seed0,0,round-robin,resource-defense,3,7,RL,4.0,4.060100065544248,0.7734359999999998,0.7734359999999998,0.0,0.0,0.0,0.0,11.406812464843854,7.4068124648438545,strict_delta_max,2,cross_layer_handoff_executed
resource-defense_round-robin_seed0,0,round-robin,resource-defense,3,8,GA,3.8120485142322798,2.2116999607533216,0.6984999999999999,0.6984999999999999,0.0,0.0,0.12998834998804937,0.020196865822847337,7.4068124648438545,3.5947639506115747,strict_delta_max,1,cross_layer_handoff_executed
resource-defense_round-robin_seed0,0,round-robin,resource-defense,4,0,PSO,1.8821062837554927,2.3031000746414065,0.841248,0.841248,0.0,0.0,0.0,0.06619345829130212,28.0,26.117893716244506,strict_delta_max,1,cross_layer_handoff_executed
resource-defense_round-robin_seed0,0,round-robin,resource-defense,4,1,RL,3.794250104190311,4.061699961312115,0.7734359999999998,0.7734359999999998,0.0,0.0,0.0,0.037883638677707526,26.117893716244506,22.323643612054195,strict_delta_max,2,cross_layer_handoff_executed
resource-defense_round-robin_seed0,0,round-robin,resource-defense,4,2,GA,1.8752906652708443,2.2451000986620784,0.5002300000000002,0.5002300000000002,0.0,0.0,0.13776563816548315,0.03239437265718382,22.323643612054195,20.448352946783352,strict_delta_max,1,cross_layer_handoff_executed
resource-defense_round-robin_seed0,0,round-robin,resource-defense,4,3,PSO,1.8327606596634578,2.381499973125756,0.814648,0.814648,0.0,0.0,0.0,0.07212248258704179,20.448352946783352,18.615592287119895,strict_delta_max,1,cross_layer_handoff_executed
resource-defense_round-robin_seed0,0,round-robin,resource-defense,4,4,RL,2.471357470727972,4.196200054138899,0.7734359999999998,0.7734359999999998,0.0,0.0,0.0,0.07551153655850112,18.615592287119895,16.144234816391922,strict_delta_max,2,cross_layer_handoff_executed
resource-defense_round-robin_seed0,0,round-robin,resource-defense,4,5,GA,1.0327382435887429,2.2465999936684966,0.35681700000000005,0.35681700000000005,0.0,0.0,0.14248365981012906,0.07315071739394681,16.144234816391922,15.11149657280318,strict_delta_max,1,cross_layer_handoff_executed
resource-defense_round-robin_seed0,0,round-robin,resource-defense,4,6,PSO,1.8824271727524184,2.368599991314113,0.845628,0.845628,0.0,0.0,0.0,0.05563002270802785,15.11149657280318,13.229069400050761,strict_delta_max,1,cross_layer_handoff_executed
resource-defense_round-robin_seed0,0,round-robin,resource-defense,4,7,RL,1.511750497238473,4.090799950063229,0.7734359999999998,0.7734359999999998,0.0,0.0,0.0,0.0,13.229069400050761,11.717318902812288,strict_delta_max,2,cross_layer_handoff_executed
resource-defense_round-robin_seed0,0,round-robin,resource-defense,4,8,GA,3.088583893293185,2.2166999988257885,0.8754559999999999,0.8754559999999999,0.0,0.0,0.14110155911260244,0.024692138866627,11.717318902812288,8.628735009519103,strict_delta_max,1,cross_layer_handoff_executed
resource-defense_round-robin_seed0,0,round-robin,resource-defense,4,9,PSO,2.5133824294758345,2.266500028781593,0.75011,0.75011,0.0,0.0,0.0,0.06671230454190058,8.628735009519103,6.115352580043268,strict_delta_max,1,cross_layer_handoff_executed
resource-defense_round-robin_seed0,0,round-robin,resource-defense,4,10,RL,1.260023716519964,3.840100020170212,0.7911079999999999,0.7911079999999999,0.0,0.0,0.0,0.0,6.115352580043268,4.8553288635233045,strict_delta_max,2,cross_layer_handoff_executed
resource-defense_round-robin_seed0,0,round-robin,resource-defense,4,11,GA,3.568907640897554,2.355000004172325,0.241934,0.241934,0.0,0.0,0.12947576587888796,0.02010156271097826,4.8553288635233045,1.2864212226257505,strict_delta_max,1,cross_layer_handoff_executed
resource-defense_round-robin_seed0,0,round-robin,resource-defense,5,0,PSO,2.9468442294055763,2.207100042141974,0.897128,0.897128,0.0,0.0,0.0,0.03189868032002868,28.0,25.053155770594422,strict_delta_max,1,cross_layer_handoff_executed
resource-defense_round-robin_seed0,0,round-robin,resource-defense,5,1,RL,2.4860863580288517,4.224500036798418,0.7911079999999999,0.7911079999999999,0.0,0.0,0.0,0.025604098503830476,25.053155770594422,22.56706941256557,strict_delta_max,2,cross_layer_handoff_executed
resource-defense_round-robin_seed0,0,round-robin,resource-defense,5,2,GA,2.5306195529269377,2.3822999792173505,0.701608,0.701608,0.0,0.0,0.12812541693431545,0.03369547537301565,22.56706941256557,20.03644985963863,strict_delta_max,1,cross_layer_handoff_executed
resource-defense_round-robin_seed0,0,round-robin,resource-defense,5,3,PSO,2.782195197096999,2.3095000069588423,0.7075779999999998,0.7075779999999998,0.0,0.0,0.0,0.034248856642765,20.03644985963863,17.25425466254163,strict_delta_max,1,cross_layer_handoff_executed
resource-defense_round-robin_seed0,0,round-robin,resource-defense,5,4,RL,3.117948078547683,4.089599940925837,0.8078919999999998,0.8078919999999998,0.0,0.0,0.0,0.02067192858131948,17.25425466254163,14.136306583993946,strict_delta_max,2,cross_layer_handoff_executed
resource-defense_round-robin_seed0,0,round-robin,resource-defense,5,5,GA,1.5992500953518372,2.3629999486729503,0.46682500000000016,0.46682500000000016,0.0,0.0,0.12974477032703055,0.053268770148587094,14.136306583993946,12.537056488642108,strict_delta_max,1,cross_layer_handoff_executed
resource-defense_round-robin_seed0,0,round-robin,resource-defense,5,6,PSO,1.406784365159999,2.225699950940907,0.901374,0.901374,0.0,0.0,0.0,0.09601982295790518,12.537056488642108,11.13027212348211,strict_delta_max,1,cross_layer_handoff_executed
resource-defense_round-robin_seed0,0,round-robin,resource-defense,5,7,RL,4.0,4.130000015720725,0.8078919999999998,0.8078919999999998,0.0,0.0,0.0,0.0,11.13027212348211,7.13027212348211,strict_delta_max,2,cross_layer_handoff_executed
resource-defense_round-robin_seed0,0,round-robin,resource-defense,5,8,GA,1.0025823792603383,2.2838000440970063,0.8387959999999999,0.8387959999999999,0.0,0.0,0.16189189545571664,0.07156573722457472,7.13027212348211,6.1276897442217715,strict_delta_max,1,cross_layer_handoff_executed
resource-defense_round-robin_seed0,0,round-robin,resource-defense,5,9,PSO,1.2916046697634342,2.306999987922609,0.8797839999999999,0.8797839999999999,0.0,0.0,0.0,0.10499718654237866,6.1276897442217715,4.836085074458337,strict_delta_max,1,cross_layer_handoff_executed
resource-defense_round-robin_seed0,0,round-robin,resource-defense,5,10,RL,1.2526552030073497,4.116800031624734,0.8055319999999999,0.8055319999999999,0.0,0.0,0.0,0.0,4.836085074458337,3.5834298714509876,strict_delta_max,2,cross_layer_handoff_executed
resource-defense_round-robin_seed1,1,round-robin,resource-defense,0,0,GA,1.9020835094768749,2.6675000553950667,0.7475840000000001,0.7475840000000001,0.0,0.0,0.9187276469971314,0.10320116966747558,28.0,26.097916490523126,strict_delta_max,1,cross_layer_handoff_executed
resource-defense_round-robin_seed1,1,round-robin,resource-defense,0,1,PSO,1.753787846213536,2.2056999150663614,0.7298560000000001,0.7298560000000001,0.0,0.0,0.0,0.07933765931040297,26.097916490523126,24.34412864430959,strict_delta_max,1,cross_layer_handoff_executed
resource-defense_round-robin_seed1,1,round-robin,resource-defense,0,2,RL,4.0,4.16609994135797,0.9027639999999999,0.9027639999999999,0.0,0.012604000000000004,0.0,0.0,24.34412864430959,20.34412864430959,strict_delta_max,2,cross_layer_handoff_executed
resource-defense_round-robin_seed1,1,round-robin,resource-defense,0,3,GA,3.4809483824350433,2.2397999418899417,0.854968,0.854968,0.0,0.0,0.8325725896037208,0.02900098157656912,20.34412864430959,16.863180261874547,strict_delta_max,1,cross_layer_handoff_executed
resource-defense_round-robin_seed1,1,round-robin,resource-defense,0,4,PSO,1.4038699271845236,2.3431999143213034,0.12170400000000003,0.12170400000000003,0.0,0.0,0.0,0.06255193535273662,16.863180261874547,15.459310334690024,strict_delta_max,1,cross_layer_handoff_executed
resource-defense_round-robin_seed1,1,round-robin,resource-defense,0,5,RL,4.0,3.975600004196167,0.9027639999999999,0.9027639999999999,0.0,0.0,0.0,0.290659,15.459310334690024,11.459310334690024,strict_delta_max,2,cross_layer_handoff_executed
resource-defense_round-robin_seed1,1,round-robin,resource-defense,0,6,GA,2.9511296279430206,2.3231999948620796,0.8402479999999999,0.8402479999999999,0.0,0.0,0.713969529193905,0.021636768912543132,11.459310334690024,8.508180706747003,strict_delta_max,1,cross_layer_handoff_executed
resource-defense_round-robin_seed1,1,round-robin,resource-defense,0,7,PSO,2.110202535127694,2.2806000197306275,0.889848,0.889848,0.0,0.0,0.0,0.00804828438752089,8.508180706747003,6.397978171619309,strict_delta_max,1,cross_layer_handoff_executed
resource-defense_round-robin_seed1,1,round-robin,resource-defense,0,8,RL,3.5372519470062302,4.164100042544305,0.9027639999999999,0.9027639999999999,0.0,0.0,0.0,0.0,6.397978171619309,2.860726224613079,strict_delta_max,2,cross_layer_handoff_executed
resource-defense_round-robin_seed1,1,round-robin,resource-defense,1,0,GA,3.1931275460903046,2.271799952723086,0.889848,0.889848,0.0,0.0,0.6095297573028537,0.021230215267887535,28.0,24.806872453909694,strict_delta_max,1,cross_layer_handoff_executed
resource-defense_round-robin_seed1,1,round-robin,resource-defense,1,1,PSO,3.2688546333497266,2.3047999711707234,0.41209600000000013,0.41209600000000013,0.0,0.0,0.0,0.02481465226372821,24.806872453909694,21.53801782055997,strict_delta_max,1,cross_layer_handoff_executed
resource-defense_round-robin_seed1,1,round-robin,resource-defense,1,2,RL,3.021897131031914,4.085699911229312,0.9027639999999999,0.9027639999999999,0.0,0.0,0.0,0.0,21.53801782055997,18.516120689528055,strict_delta_max,2,cross_layer_handoff_executed
resource-defense_round-robin_seed1,1,round-robin,resource-defense,1,3,GA,2.394460925684707,2.3620999418199062,0.622792,0.622792,0.0,0.0,0.5849407798060527,0.029946928564862363,18.516120689528055,16.121659763843347,strict_delta_max,1,cross_layer_handoff_executed
resource-defense_round-robin_seed1,1,round-robin,resource-defense,1,4,PSO,2.8017412077881034,2.1865000016987324,0.854968,0.854968,0.0,0.0,0.0,0.023909200819865386,16.121659763843347,13.319918556055244,strict_delta_max,1,cross_layer_handoff_executed
resource-defense_round-robin_seed1,1,round-robin,resource-defense,1,5,RL,4.0,4.035099991597235,0.9027639999999999,0.9027639999999999,0.0,0.0,0.0,0.013001500000000062,13.319918556055244,9.319918556055244,strict_delta_max,2,cross_layer_handoff_executed
resource-defense_round-robin_seed1,1,round-robin,resource-defense,1,6,GA,3.4772050016394647,2.2359000286087394,0.854968,0.854968,0.0,0.0,0.5446873685535536,0.036346460417774826,9.319918556055244,5.842713554415779,strict_delta_max,1,cross_layer_handoff_executed
resource-defense_round-robin_seed1,1,round-robin,resource-defense,1,7,PSO,2.8624173430218938,2.258300082758069,0.889848,0.889848,0.0,0.0,0.0,0.006032029716831812,5.842713554415779,2.980296211393885,strict_delta_max,1,cross_layer_handoff_executed
resource-defense_round-robin_seed1,1,round-robin,resource-defense,2,0,RL,1.122210409896033,4.074100055731833,0.8945679999999999,0.8945679999999999,0.0,0.0,0.0,0.30218575501488837,28.0,26.877789590103966,strict_delta_max,2,cross_layer_handoff_executed
resource-defense_round-robin_seed1,1,round-robin,resource-defense,2,1,GA,3.8136033046499365,2.2863999474793673,0.852968,0.852968,0.0,0.0,0.5113252085758064,0.01782891385391078,26.877789590103966,23.064186285454028,strict_delta_max,1,cross_layer_handoff_executed
resource-defense_round-robin_seed1,1,round-robin,resource-defense,2,2,PSO,1.2865526167477672,2.2103999508544803,0.91228,0.91228,0.0,0.007396510547742116,0.0,0.06321310433349706,23.064186285454028,21.77763366870626,strict_delta_max,1,cross_layer_handoff_executed
resource-defense_round-robin_seed1,1,round-robin,resource-defense,2,3,RL,4.0,4.067699890583754,0.8945679999999999,0.8945679999999999,0.0,0.0,0.0,0.059742500000000004,21.77763366870626,17.77763366870626,strict_delta_max,2,cross_layer_handoff_executed
resource-defense_round-robin_seed1,1,round-robin,resource-defense,2,4,GA,3.3427080385879195,2.3364999797195196,0.6304719999999999,0.6304719999999999,0.0,0.0,0.39979681068997,0.022680902818723727,17.77763366870626,14.434925630118343,strict_delta_max,1,cross_layer_handoff_executed
resource-defense_round-robin_seed1,1,round-robin,resource-defense,2,5,PSO,2.497969978354465,2.290199976414442,0.92222,0.92222,0.0,0.003979231170163231,0.0,0.023203267306547825,14.434925630118343,11.936955651763878,strict_delta_max,1,cross_layer_handoff_executed
resource-defense_round-robin_seed1,1,round-robin,resource-defense,2,6,RL,1.155933396391025,4.070800030604005,0.9027639999999999,0.9027639999999999,0.0,0.0,0.0,0.0,11.936955651763878,10.781022255372854,strict_delta_max,2,cross_layer_handoff_executed
resource-defense_round-robin_seed1,1,round-robin,resource-defense,2,7,GA,3.5714878861528216,2.3032999597489834,0.8677999999999999,0.8677999999999999,0.0,0.0,0.28208836338198373,0.022246770633737332,10.781022255372854,7.209534369220032,strict_delta_max,1,cross_layer_handoff_executed
resource-defense_round-robin_seed1,1,round-robin,resource-defense,2,8,PSO,1.0,2.1655999589711428,0.8613279999999999,0.8613279999999999,0.0,0.0,0.0,0.08286470548104408,7.209534369220032,6.209534369220032,strict_delta_max,1,cross_layer_handoff_executed
resource-defense_round-robin_seed1,1,round-robin,resource-defense,2,9,RL,2.860745536466986,4.647399997338653,0.9027639999999999,0.9027639999999999,0.0,0.0,0.0,0.08583356921121042,6.209534369220032,3.348788832753046,strict_delta_max,2,cross_layer_handoff_executed
resource-defense_round-robin_seed1,1,round-robin,resource-defense,3,0,GA,2.2549047364175645,2.316000056453049,0.12170400000000003,0.12170400000000003,0.0,0.0,0.1609778625380336,0.03171686143235012,28.0,25.745095263582435,strict_delta_max,1,cross_layer_handoff_executed
resource-defense_round-robin_seed1,1,round-robin,resource-defense,3,1,PSO,3.3600420251679135,2.251500030979514,0.8402479999999999,0.8402479999999999,0.0,0.0,0.0,0.023787425604004132,25.745095263582435,22.38505323841452,strict_delta_max,1,cross_layer_handoff_executed
resource-defense_round-robin_seed1,1,round-robin,resource-defense,3,2,RL,3.314787552277961,4.163800040259957,0.9027639999999999,0.9027639999999999,0.0,0.0,0.0,0.0,22.38505323841452,19.07026568613656,strict_delta_max,2,cross_layer_handoff_executed
resource-defense_round-robin_seed1,1,round-robin,resource-defense,3,3,GA,3.4966485748995852,2.199399983510375,0.854968,0.854968,0.0,0.0,0.16327074973795352,0.02302239230287375,19.07026568613656,15.573617111236974,strict_delta_max,1,cross_layer_handoff_executed
resource-defense_round-robin_seed1,1,round-robin,resource-defense,3,4,PSO,1.8128140052230923,2.2755999816581607,0.900552,0.900552,0.0,0.0,0.0,0.02336302984740225,15.573617111236974,13.760803106013881,strict_delta_max,1,cross_layer_handoff_executed
resource-defense_round-robin_seed1,1,round-robin,resource-defense,3,5,RL,1.6910843379903804,4.051900003105402,0.9027639999999999,0.9027639999999999,0.0,0.0,0.0,0.02499934453312899,13.760803106013881,12.0697187680235,strict_delta_max,2,cross_layer_handoff_executed
resource-defense_round-robin_seed1,1,round-robin,resource-defense,3,6,GA,2.667391049095386,2.300199936144054,0.8613279999999999,0.8613279999999999,0.0,0.0,0.1653107186890449,0.026051003260447656,12.0697187680235,9.402327718928115,strict_delta_max,1,cross_layer_handoff_executed
resource-defense_round-robin_seed1,1,round-robin,resource-defense,3,7,PSO,2.3442585519611705,2.2861999459564686,0.8613279999999999,0.8613279999999999,0.0,0.0,0.0,0.030855638152181706,9.402327718928115,7.058069166966945,strict_delta_max,1,cross_layer_handoff_executed
resource-defense_round-robin_seed1,1,round-robin,resource-defense,3,8,RL,1.9144903126222734,3.7716999650001526,0.9027639999999999,0.9027639999999999,0.0,0.0,0.0,0.0,7.058069166966945,5.143578854344671,strict_delta_max,2,cross_layer_handoff_executed
resource-defense_round-robin_seed1,1,round-robin,resource-defense,3,9,GA,2.55566517160596,2.2791000083088875,0.9248319999999999,0.9248319999999999,0.0,0.0010220431177838825,0.08800238279346487,0.023923745881540375,5.143578854344671,2.5879136827387113,strict_delta_max,1,cross_layer_handoff_executed
resource-defense_round-robin_seed1,1,round-robin,resource-defense,4,0,PSO,2.8415882320734718,2.235500025562942,0.704008,0.704008,0.0,0.0,0.0,0.030627996458488824,28.0,25.158411767926527,strict_delta_max,1,cross_layer_handoff_executed
resource-defense_round-robin_seed1,1,round-robin,resource-defense,4,1,RL,2.5036175369745926,3.880100091919303,0.9201159999999998,0.9201159999999998,0.0,0.0,0.0,0.0,25.158411767926527,22.654794230951936,strict_delta_max,2,cross_layer_handoff_executed
resource-defense_round-robin_seed1,1,round-robin,resource-defense,4,2,GA,3.2419910320648158,2.4388000601902604,0.16135200000000002,0.16135200000000002,0.0,0.0,0.08971244380780342,0.03180843754692269,22.654794230951936,19.41280319888712,strict_delta_max,1,cross_layer_handoff_executed
resource-defense_round-robin_seed1,1,round-robin,resource-defense,4,3,PSO,3.5503910537404058,2.2314999951049685,0.9093199999999999,0.9093199999999999,0.0,0.0,0.0,0.010818518853108071,19.41280319888712,15.862412145146713,strict_delta_max,1,cross_layer_handoff_executed
resource-defense_round-robin_seed1,1,round-robin,resource-defense,4,4,RL,2.815519217786527,3.9474000222980976,0.9224759999999999,0.9224759999999999,0.0,0.0,0.0,0.6165392120337552,15.862412145146713,13.046892927360187,strict_delta_max,2,cross_layer_handoff_executed
resource-defense_round-robin_seed1,1,round-robin,resource-defense,4,5,GA,2.286324288847343,2.330099930986762,0.9080079999999999,0.9080079999999999,0.0,0.0,0.15055241695437196,0.034488862664242954,13.046892927360187,10.760568638512844,strict_delta_max,1,cross_layer_handoff_executed
resource-defense_round-robin_seed1,1,round-robin,resource-defense,4,6,PSO,2.287274740221504,2.2704999428242445,0.12170400000000003,0.12170400000000003,0.0,0.0,0.0,0.029838550893889218,10.760568638512844,8.47329389829134,strict_delta_max,1,cross_layer_handoff_executed
resource-defense_round-robin_seed1,1,round-robin,resource-defense,4,7,RL,3.591544307835622,4.0259999223053455,0.9224759999999999,0.9224759999999999,0.0,0.0,0.0,0.0,8.47329389829134,4.881749590455717,strict_delta_max,2,cross_layer_handoff_executed
resource-defense_round-robin_seed1,1,round-robin,resource-defense,4,8,GA,1.7392065383663797,2.38659989554435,0.7977119999999999,0.7977119999999999,0.0,0.0,0.15198792148758639,0.034956042751708376,4.881749590455717,3.1425430520893376,strict_delta_max,1,cross_layer_handoff_executed
resource-defense_round-robin_seed1,1,round-robin,resource-defense,5,0,PSO,2.8863193008267545,2.2535999305546284,0.9127959999999999,0.9127959999999999,0.0,0.0,0.0,0.018187817391708744,28.0,25.113680699173244,strict_delta_max,1,cross_layer_handoff_executed
resource-defense_round-robin_seed1,1,round-robin,resource-defense,5,1,RL,2.612521307156577,4.01380006223917,0.9224759999999999,0.9224759999999999,0.0,0.0,0.0,0.0,25.113680699173244,22.501159392016667,strict_delta_max,2,cross_layer_handoff_executed
resource-defense_round-robin_seed1,1,round-robin,resource-defense,5,2,GA,1.3489231776450055,2.3536999942734838,0.8677999999999999,0.8677999999999999,0.0,0.0,0.15196010515835623,0.06417998907205949,22.501159392016667,21.152236214371662,strict_delta_max,1,cross_layer_handoff_executed
resource-defense_round-robin_seed1,1,round-robin,resource-defense,5,3,PSO,1.4791926974550555,2.227200078777969,0.895956,0.895956,0.0,0.0,0.0,0.03141385445433703,21.152236214371662,19.673043516916607,strict_delta_max,1,cross_layer_handoff_executed
resource-defense_round-robin_seed1,1,round-robin,resource-defense,5,4,RL,1.3966641702922433,3.9909000042825937,0.9164759999999998,0.9164759999999998,0.0,0.0,0.0,0.2980444467999052,19.673043516916607,18.276379346624363,strict_delta_max,2,cross_layer_handoff_executed
resource-defense_round-robin_seed1,1,round-robin,resource-defense,5,5,GA,2.720135850058101,2.2496000165119767,0.9028320000000001,0.9028320000000001,0.0,0.0,0.2011942366197639,0.0327536786918488,18.276379346624363,15.556243496566262,strict_delta_max,1,cross_layer_handoff_executed
resource-defense_round-robin_seed1,1,round-robin,resource-defense,5,6,PSO,3.4908058002509557,2.2442000918090343,0.8760159999999999,0.8760159999999999,0.0,0.0,0.0,0.012396957867159074,15.556243496566262,12.065437696315307,strict_delta_max,1,cross_layer_handoff_executed
resource-defense_round-robin_seed1,1,round-robin,resource-defense,5,7,RL,3.964362429258881,4.000399960204959,0.9204999999999999,0.9204999999999999,0.0,0.0,0.0,0.01489419826104,12.065437696315307,8.101075267056427,strict_delta_max,2,cross_layer_handoff_executed
resource-defense_round-robin_seed1,1,round-robin,resource-defense,5,8,GA,1.6260379374595022,2.3614000529050827,0.9311959999999999,0.9311959999999999,0.0,0.003913807822923896,0.2424062511523703,0.049669651137837605,8.101075267056427,6.475037329596924,strict_delta_max,1,cross_layer_handoff_executed
resource-defense_round-robin_seed1,1,round-robin,resource-defense,5,9,PSO,2.3958894426944273,2.178700058721006,0.900552,0.900552,0.0,0.0,0.0,0.00971199936690313,6.475037329596924,4.079147886902497,strict_delta_max,1,cross_layer_handoff_executed
resource-defense_round-robin_seed1,1,round-robin,resource-defense,5,10,RL,3.1251623932202817,4.208000027574599,0.9204999999999999,0.9204999999999999,0.0,0.0,0.0,0.061817587597721546,4.079147886902497,0.9539854936822154,strict_delta_max,2,cross_layer_handoff_executed
resource-defense_round-robin_seed2,2,round-robin,resource-defense,0,0,GA,3.9051999001172466,2.674999996088445,0.26544600000000007,0.26544600000000007,0.0,0.0,0.9221321296069481,0.03772849699813911,28.0,24.094800099882754,strict_delta_max,1,cross_layer_handoff_executed
resource-defense_round-robin_seed2,2,round-robin,resource-defense,0,1,PSO,1.0477483033184853,2.3711000103503466,0.12172799999999984,0.12172799999999984,0.0,0.0,0.0,0.14499387204475772,24.094800099882754,23.04705179656427,strict_delta_max,1,cross_layer_handoff_executed
resource-defense_round-robin_seed2,2,round-robin,resource-defense,0,2,RL,2.0715315278143036,4.206000012345612,-0.29552199999999995,-0.29552199999999995,0.0,0.0,0.0,0.32114596908980075,23.04705179656427,20.975520268749964,strict_delta_max,2,cross_layer_handoff_executed
resource-defense_round-robin_seed2,2,round-robin,resource-defense,0,3,GA,2.929206743654812,2.8502000495791435,0.1216279999999999,0.1216279999999999,0.0,0.0,0.9091336900778896,0.04864995141401914,20.975520268749964,18.04631352509515,strict_delta_max,1,cross_layer_handoff_executed
resource-defense_round-robin_seed2,2,round-robin,resource-defense,0,4,PSO,1.2040818476112218,2.425899961963296,0.12172799999999984,0.12172799999999984,0.0,0.0,0.0,0.11687578326066757,18.04631352509515,16.84223167748393,strict_delta_max,1,cross_layer_handoff_executed
resource-defense_round-robin_seed2,2,round-robin,resource-defense,0,5,RL,1.104152196523844,4.316899925470352,-0.222992,-0.222992,0.0,0.0,0.0,0.0,16.84223167748393,15.738079480960087,strict_delta_max,2,cross_layer_handoff_executed
resource-defense_round-robin_seed2,2,round-robin,resource-defense,0,6,GA,3.5060691506154504,2.57939996663481,0.657472,0.657472,0.0,0.0,0.9031393577729832,0.04976998442690581,15.738079480960087,12.232010330344636,strict_delta_max,1,cross_layer_handoff_executed
resource-defense_round-robin_seed2,2,round-robin,resource-defense,0,7,PSO,3.2964373236457085,2.3961999686434865,0.04307799999999995,0.04307799999999995,0.0,0.0,0.0,0.03816598684789514,12.232010330344636,8.935573006698927,strict_delta_max,1,cross_layer_handoff_executed
resource-defense_round-robin_seed2,2,round-robin,resource-defense,0,8,RL,3.5803501118292886,4.210999934002757,-0.07732199999999997,-0.07732199999999997,0.0,0.0,0.0,0.0,8.935573006698927,5.355222894869639,strict_delta_max,2,cross_layer_handoff_executed
resource-defense_round-robin_seed2,2,round-robin,resource-defense,0,9,GA,2.3272677848466587,2.492800005711615,0.526882,0.526882,0.0,0.0,0.8900692926057706,0.07106040493439252,5.355222894869639,3.0279551100229805,strict_delta_max,1,cross_layer_handoff_executed
resource-defense_round-robin_seed2,2,round-robin,resource-defense,1,0,PSO,3.519720276980774,2.368599991314113,0.12172799999999984,0.12172799999999984,0.0,0.0,0.0,0.03548146890232629,28.0,24.480279723019226,strict_delta_max,1,cross_layer_handoff_executed
resource-defense_round-robin_seed2,2,round-robin,resource-defense,1,1,RL,3.4045179352849386,4.24200005363673,0.677516,0.677516,0.0,0.005887470819953984,0.0,0.0,24.480279723019226,21.075761787734287,strict_delta_max,2,cross_layer_handoff_executed
resource-defense_round-robin_seed2,2,round-robin,resource-defense,1,2,GA,3.8049898325274754,2.284900052472949,0.657472,0.657472,0.0,0.0,0.8787079747592791,0.0420513290881972,21.075761787734287,17.27077195520681,strict_delta_max,1,cross_layer_handoff_executed
resource-defense_round-robin_seed2,2,round-robin,resource-defense,1,3,PSO,3.554799386212883,2.3366999812424183,0.15024799999999983,0.15024799999999983,0.0,0.0,0.0,0.03660608418710082,17.27077195520681,13.715972568993928,strict_delta_max,1,cross_layer_handoff_executed
resource-defense_round-robin_seed2,2,round-robin,resource-defense,1,4,RL,2.1014485342469094,4.3469000374898314,0.7161119999999999,0.7161119999999999,0.0,0.018366378891040223,0.0,0.10573849246307172,13.715972568993928,11.614524034747019,strict_delta_max,2,cross_layer_handoff_executed
resource-defense_round-robin_seed2,2,round-robin,resource-defense,1,5,GA,1.5757689899186331,2.275500097312033,0.657472,0.657472,0.0,0.0,0.8084814045500452,0.12413067857199601,11.614524034747019,10.038755044828386,strict_delta_max,1,cross_layer_handoff_executed
resource-defense_round-robin_seed2,2,round-robin,resource-defense,1,6,PSO,1.7196731665175935,2.3723000194877386,0.8006059999999999,0.8006059999999999,0.0,0.049133754974559365,0.0,0.04557908232919515,10.038755044828386,8.319081878310794,strict_delta_max,1,cross_layer_handoff_executed
resource-defense_round-robin_seed2,2,round-robin,resource-defense,1,7,RL,1.5382874624470662,4.393600043840706,0.7161119999999999,0.7161119999999999,0.0,0.0,0.0,0.0,8.319081878310794,6.780794415863728,strict_delta_max,2,cross_layer_handoff_executed
resource-defense_round-robin_seed2,2,round-robin,resource-defense,1,8,GA,3.172897865185073,2.307899994775653,0.59117,0.59117,0.0,0.0,0.6722370594113442,0.028523304288160183,6.780794415863728,3.6078965506786544,strict_delta_max,1,cross_layer_handoff_executed
resource-defense_round-robin_seed2,2,round-robin,resource-defense,2,0,PSO,2.061633490747105,2.5655999779701233,0.06502800000000014,0.06502800000000014,0.0,0.0,0.0,0.05900387287653524,28.0,25.938366509252894,strict_delta_max,1,cross_layer_handoff_executed
resource-defense_round-robin_seed2,2,round-robin,resource-defense,2,1,RL,3.560243772669269,4.265299998223782,0.646258,0.646258,0.0,0.0,0.0,0.0,25.938366509252894,22.378122736583627,strict_delta_max,2,cross_layer_handoff_executed
resource-defense_round-robin_seed2,2,round-robin,resource-defense,2,2,GA,3.9680375939724826,2.538900007493794,-0.27447199999999994,-0.27447199999999994,0.0,0.0,0.6174481967390001,0.01690469704325449,22.378122736583627,18.410085142611145,strict_delta_max,1,cross_layer_handoff_executed
resource-defense_round-robin_seed2,2,round-robin,resource-defense,2,3,PSO,2.5127679717935427,2.431800006888807,0.7161119999999999,0.7161119999999999,0.0,0.0,0.0,0.01668407580018685,18.410085142611145,15.897317170817601,strict_delta_max,1,cross_layer_handoff_executed
resource-defense_round-robin_seed2,2,round-robin,resource-defense,2,4,RL,3.7100201692069317,4.469999927096069,0.646258,0.646258,0.0,0.0,0.0,0.43280249884550953,15.897317170817601,12.18729700161067,strict_delta_max,2,cross_layer_handoff_executed
resource-defense_round-robin_seed2,2,round-robin,resource-defense,2,5,GA,3.3824575939200088,2.5269000325351954,0.5903740000000001,0.5903740000000001,0.0,0.0,0.5240588612819085,0.023081794692141125,12.18729700161067,8.804839407690661,strict_delta_max,1,cross_layer_handoff_executed
resource-defense_round-robin_seed2,2,round-robin,resource-defense,2,6,PSO,3.266358304072535,2.5170999579131603,0.12172799999999984,0.12172799999999984,0.0,0.0,0.0,0.028165308382382535,8.804839407690661,5.5384811036181265,strict_delta_max,1,cross_layer_handoff_executed
resource-defense_round-robin_seed2,2,round-robin,resource-defense,2,7,RL,2.175327078120747,4.507799982093275,0.7161119999999999,0.7161119999999999,0.0,0.0,0.0,0.17457512657272253,5.5384811036181265,3.3631540254973795,strict_delta_max,2,cross_layer_handoff_executed
resource-defense_round-robin_seed2,2,round-robin,resource-defense,3,0,GA,2.0424889183393113,2.2365000331774354,0.876954,0.876954,0.0,0.03737988456851772,0.49627931923502183,0.07966320395306985,28.0,25.957511081660687,strict_delta_max,1,cross_layer_handoff_executed
resource-defense_round-robin_seed2,2,round-robin,resource-defense,3,1,PSO,2.6977349717159167,2.4661999195814133,0.12172799999999984,0.12172799999999984,0.0,0.0,0.0,0.036302547511656805,25.957511081660687,23.25977610994477,strict_delta_max,1,cross_layer_handoff_executed
resource-defense_round-robin_seed2,2,round-robin,resource-defense,3,2,RL,3.7593806483771783,4.007000010460615,0.769536,0.769536,0.0,0.0,0.0,0.0,23.25977610994477,19.500395461567592,strict_delta_max,2,cross_layer_handoff_executed
resource-defense_round-robin_seed2,2,round-robin,resource-defense,3,3,GA,3.2349575119500504,2.3810999700799584,0.6494319999999999,0.6494319999999999,0.0,0.0,0.5251568580611614,0.023499507881574795,19.500395461567592,16.265437949617542,strict_delta_max,1,cross_layer_handoff_executed
resource-defense_round-robin_seed2,2,round-robin,resource-defense,3,4,PSO,2.0346978017001054,2.2906999802216887,-0.04767199999999999,-0.04767199999999999,0.0,0.0,0.0,0.043206156947297555,16.265437949617542,14.230740147917437,strict_delta_max,1,cross_layer_handoff_executed
resource-defense_round-robin_seed2,2,round-robin,resource-defense,3,5,RL,1.880697326028395,4.013999947346747,0.762052,0.762052,0.0,0.0,0.0,0.0,14.230740147917437,12.350042821889042,strict_delta_max,2,cross_layer_handoff_executed
resource-defense_round-robin_seed2,2,round-robin,resource-defense,3,6,GA,3.278017050643304,2.265600021928549,0.89228,0.89228,0.0,0.004675387517277329,0.4569115934526864,0.04035748968466969,12.350042821889042,9.072025771245738,strict_delta_max,1,cross_layer_handoff_executed
resource-defense_round-robin_seed2,2,round-robin,resource-defense,3,7,PSO,1.403445459556437,2.17660004273057,0.12172799999999984,0.12172799999999984,0.0,0.0,0.0,0.06772114894713505,9.072025771245738,7.6685803116893005,strict_delta_max,1,cross_layer_handoff_executed
resource-defense_round-robin_seed2,2,round-robin,resource-defense,3,8,RL,3.514506895236044,4.197700065560639,0.7626820000000001,0.7626820000000001,0.0,0.0,0.0,0.14432977800885263,7.6685803116893005,4.154073416453256,strict_delta_max,2,cross_layer_handoff_executed
resource-defense_round-robin_seed2,2,round-robin,resource-defense,3,9,GA,2.6083196198147713,2.2573000751435757,0.657472,0.657472,0.0,0.0,0.37647959164251177,0.02589623888647757,4.154073416453256,1.545753796638485,strict_delta_max,1,cross_layer_handoff_executed
resource-defense_round-robin_seed2,2,round-robin,resource-defense,4,0,PSO,3.1249966526067303,2.259699977003038,0.12172799999999984,0.12172799999999984,0.0,0.0,0.0,0.028677562008157607,28.0,24.87500334739327,strict_delta_max,1,cross_layer_handoff_executed
resource-defense_round-robin_seed2,2,round-robin,resource-defense,4,1,RL,4.0,4.090400063432753,0.7399519999999999,0.7399519999999999,0.0,0.0,0.0,0.0,24.87500334739327,20.87500334739327,strict_delta_max,2,cross_layer_handoff_executed
resource-defense_round-robin_seed2,2,round-robin,resource-defense,4,2,GA,2.5974939077598416,2.3112999042496085,0.791088,0.791088,0.0,0.0,0.3620055029198635,0.06198200029203866,20.87500334739327,18.27750943963343,strict_delta_max,1,cross_layer_handoff_executed
resource-defense_round-robin_seed2,2,round-robin,resource-defense,4,3,PSO,1.8378656582745352,2.2302999859675765,0.794128,0.794128,0.0,0.0,0.0,0.03874745280181861,18.27750943963343,16.439643781358896,strict_delta_max,1,cross_layer_handoff_executed
resource-defense_round-robin_seed2,2,round-robin,resource-defense,4,4,RL,1.6995289819634751,4.006000002846122,0.7967479999999999,0.7967479999999999,0.0,0.0,0.0,0.07341798893940932,16.439643781358896,14.740114799395421,strict_delta_max,2,cross_layer_handoff_executed
resource-defense_round-robin_seed2,2,round-robin,resource-defense,4,5,GA,1.730400970030689,2.1929999347776175,0.5141060000000001,0.5141060000000001,0.0,0.0,0.3542313929353083,0.05035281717211945,14.740114799395421,13.009713829364731,strict_delta_max,1,cross_layer_handoff_executed
resource-defense_round-robin_seed2,2,round-robin,resource-defense,4,6,PSO,1.6390597320561227,2.4039000272750854,0.5928960000000001,0.5928960000000001,0.0,0.0,0.0,0.049612652814669776,13.009713829364731,11.37065409730861,strict_delta_max,1,cross_layer_handoff_executed
resource-defense_round-robin_seed2,2,round-robin,resource-defense,4,7,RL,2.7912137704042905,3.9690000703558326,0.801468,0.801468,0.0,0.0,0.0,0.0,11.37065409730861,8.579440326904319,strict_delta_max,2,cross_layer_handoff_executed
resource-defense_round-robin_seed2,2,round-robin,resource-defense,4,8,GA,3.557063486196956,2.3073001066222787,0.790337,0.790337,0.0,0.0,0.41431268261722487,0.04459982952486281,8.579440326904319,5.022376840707363,strict_delta_max,1,cross_layer_handoff_executed
resource-defense_round-robin_seed2,2,round-robin,resource-defense,4,9,PSO,2.9410460406804133,2.4675000458955765,0.7142360000000001,0.7142360000000001,0.0,0.0,0.0,0.007035595254795535,5.022376840707363,2.0813308000269495,strict_delta_max,1,cross_layer_handoff_executed
resource-defense_round-robin_seed2,2,round-robin,resource-defense,5,0,RL,2.5156260069031244,5.208699963986874,0.813226,0.813226,0.0,0.0,0.0,0.0,28.0,25.484373993096874,strict_delta_max,2,cross_layer_handoff_executed
resource-defense_round-robin_seed2,2,round-robin,resource-defense,5,1,GA,3.626375214876103,2.9292000690475106,0.6888679999999999,0.6888679999999999,0.0,0.0,0.4123899338743362,0.03119959519945725,25.484373993096874,21.85799877822077,strict_delta_max,1,cross_layer_handoff_executed
resource-defense_round-robin_seed2,2,round-robin,resource-defense,5,2,PSO,1.1644381054410797,2.393999951891601,0.34024400000000005,0.34024400000000005,0.0,0.0,0.0,0.037950011195794754,21.85799877822077,20.693560672779693,strict_delta_max,1,cross_layer_handoff_executed
resource-defense_round-robin_seed2,2,round-robin,resource-defense,5,3,RL,1.8966273991218545,4.192599910311401,0.810866,0.810866,0.0,0.0,0.0,0.17751404422180292,20.693560672779693,18.79693327365784,strict_delta_max,2,cross_layer_handoff_executed
resource-defense_round-robin_seed2,2,round-robin,resource-defense,5,4,GA,2.232292142020135,2.307699993252754,0.4423579999999999,0.4423579999999999,0.0,0.0,0.40679524104351344,0.04285108067139464,18.79693327365784,16.564641131637703,strict_delta_max,1,cross_layer_handoff_executed
resource-defense_round-robin_seed2,2,round-robin,resource-defense,5,5,PSO,1.8516470726383225,2.127000014297664,0.12172799999999984,0.12172799999999984,0.0,0.0,0.0,0.030525910552740825,16.564641131637703,14.712994058999382,strict_delta_max,1,cross_layer_handoff_executed
resource-defense_round-robin_seed2,2,round-robin,resource-defense,5,6,RL,3.2034936833835173,4.051500000059605,0.8409099999999999,0.8409099999999999,0.0,0.0,0.0,0.0,14.712994058999382,11.509500375615865,strict_delta_max,2,cross_layer_handoff_executed
resource-defense_round-robin_seed2,2,round-robin,resource-defense,5,7,GA,1.0845341460012108,2.693300019018352,0.9238639999999999,0.9238639999999999,0.0,0.029122181276129856,0.423658442527214,0.06565648537546832,11.509500375615865,10.424966229614654,strict_delta_max,1,cross_layer_handoff_executed
resource-defense_round-robin_seed2,2,round-robin,resource-defense,5,8,PSO,2.6561610202609813,2.1514000836759806,0.12172799999999984,0.12172799999999984,0.0,0.0,0.0,0.019108228154187626,10.424966229614654,7.768805209353673,strict_delta_max,1,cross_layer_handoff_executed
resource-defense_round-robin_seed2,2,round-robin,resource-defense,5,9,RL,1.988850884666695,3.860199940390885,0.8750720000000001,0.8750720000000001,0.0,0.0,0.0,0.0,7.768805209353673,5.779954324686978,strict_delta_max,2,cross_layer_handoff_executed
resource-defense_round-robin_seed2,2,round-robin,resource-defense,5,10,GA,3.2472315089846946,2.354099997319281,0.657472,0.657472,0.0,0.0,0.35700222019615335,0.022402980403164154,5.779954324686978,2.532722815702283,strict_delta_max,1,cross_layer_handoff_executed
resource-defense_greedy-improvement_seed0,0,greedy-improvement,resource-defense,0,0,GA,2.900117049606808,2.6702999603003263,0.675128,0.675128,0.0,0.0,0.9088272647789373,0.05260290404668859,28.0,25.09988295039319,strict_delta_max,1,cross_layer_handoff_executed
resource-defense_greedy-improvement_seed0,0,greedy-improvement,resource-defense,0,1,GA,3.6351463334126546,2.4984999326989055,0.701608,0.701608,0.0,0.0,0.8696735103891018,0.041017804875248864,25.09988295039319,21.464736616980538,strict_delta_max,1,cross_layer_handoff_executed
resource-defense_greedy-improvement_seed0,0,greedy-improvement,resource-defense,0,2,GA,1.4434714017931365,2.3744000354781747,0.701608,0.701608,0.0,0.0,0.8547887410980215,0.11084482323348006,21.464736616980538,20.0212652151874,strict_delta_max,1,cross_layer_handoff_executed
resource-defense_greedy-improvement_seed0,0,greedy-improvement,resource-defense,0,3,GA,3.0286414282957237,2.2602000972256064,-0.2166160000000002,-0.2166160000000002,0.0,0.0,0.8594749012039006,0.045851458007010404,20.0212652151874,16.992623786891677,strict_delta_max,1,cross_layer_handoff_executed
resource-defense_greedy-improvement_seed0,0,greedy-improvement,resource-defense,0,4,GA,2.045413609487858,2.3298999294638634,0.701608,0.701608,0.0,0.0,0.8019161559329542,0.06794007233679307,16.992623786891677,14.94721017740382,strict_delta_max,1,cross_layer_handoff_executed
resource-defense_greedy-improvement_seed0,0,greedy-improvement,resource-defense,0,5,GA,3.4349216369536,2.4114000843837857,0.701608,0.701608,0.0,0.0,0.7436136139990157,0.04359945595748709,14.94721017740382,11.51228854045022,strict_delta_max,1,cross_layer_handoff_executed
resource-defense_greedy-improvement_seed0,0,greedy-improvement,resource-defense,0,6,GA,3.74160563721957,2.438299939967692,0.683308,0.683308,0.0,0.0,0.6814405459516506,0.03646517063249983,11.51228854045022,7.77068290323065,strict_delta_max,1,cross_layer_handoff_executed
resource-defense_greedy-improvement_seed0,0,greedy-improvement,resource-defense,0,7,GA,1.981209273983283,2.316500060260296,0.701608,0.701608,0.0,0.0,0.6037424751567013,0.0775259390539189,7.77068290323065,5.789473629247367,strict_delta_max,1,cross_layer_handoff_executed
resource-defense_greedy-improvement_seed0,0,greedy-improvement,resource-defense,0,8,GA,2.0245567891429643,2.6220999425277114,0.701608,0.701608,0.0,0.0,0.539276493887666,0.06629666747912574,5.789473629247367,3.764916840104403,strict_delta_max,1,cross_layer_handoff_executed
resource-defense_greedy-improvement_seed0,0,greedy-improvement,resource-defense,1,0,GA,2.6534672406885096,2.3117000237107277,0.701608,0.701608,0.0,0.0,0.4590469754394006,0.052943160786129075,28.0,25.34653275931149,strict_delta_max,1,cross_layer_handoff_executed
resource-defense_greedy-improvement_seed0,0,greedy-improvement,resource-defense,1,1,GA,3.7739728835304605,2.4536000564694405,0.7085679999999999,0.7085679999999999,0.0,0.001844210389102993,0.46775535855912037,0.03506130760374121,25.34653275931149,21.572559875781028,strict_delta_max,1,cross_layer_handoff_executed
resource-defense_greedy-improvement_seed0,0,greedy-improvement,resource-defense,1,2,GA,2.073997571545312,2.2803000174462795,0.701608,0.701608,0.0,0.0,0.4759144618475732,0.0650178449409525,21.572559875781028,19.498562304235715,strict_delta_max,1,cross_layer_handoff_executed
resource-defense_greedy-improvement_seed0,0,greedy-improvement,resource-defense,1,3,GA,2.211953045830299,2.4134999839589,0.701608,0.701608,0.0,0.0,0.4759144618475732,0.060472321562880425,19.498562304235715,17.286609258405417,strict_delta_max,1,cross_layer_handoff_executed
resource-defense_greedy-improvement_seed0,0,greedy-improvement,resource-defense,1,4,GA,3.4593107775741263,2.4189999094232917,0.6965199999999998,0.6965199999999998,0.0,0.0,0.4759144618475732,0.0404424974909286,17.286609258405417,13.82729848083129,strict_delta_max,1,cross_layer_handoff_executed
resource-defense_greedy-improvement_seed0,0,greedy-improvement,resource-defense,1,5,GA,1.7077750270474974,2.365899970754981,0.701608,0.701608,0.0,0.0,0.4759144618475732,0.07223402023760249,13.82729848083129,12.119523453783792,strict_delta_max,1,cross_layer_handoff_executed
resource-defense_greedy-improvement_seed0,0,greedy-improvement,resource-defense,1,6,GA,3.502685248848432,2.381799975410104,0.701608,0.701608,0.0,0.0,0.4759144618475732,0.03478856817574283,12.119523453783792,8.616838204935359,strict_delta_max,1,cross_layer_handoff_executed
resource-defense_greedy-improvement_seed0,0,greedy-improvement,resource-defense,1,7,GA,1.5959601187479744,2.377700060606003,0.701608,0.701608,0.0,0.0,0.4759144618475732,0.07869830909648355,8.616838204935359,7.020878086187384,strict_delta_max,1,cross_layer_handoff_executed
resource-defense_greedy-improvement_seed0,0,greedy-improvement,resource-defense,1,8,GA,1.5293730955052056,2.35549989156425,0.701608,0.701608,0.0,0.0,0.4759144618475732,0.07819729602476942,7.020878086187384,5.491504990682179,strict_delta_max,1,cross_layer_handoff_executed
resource-defense_greedy-improvement_seed0,0,greedy-improvement,resource-defense,1,9,GA,2.193588710845586,2.3770000552758574,0.701608,0.701608,0.0,0.0,0.4759144618475732,0.0522068793890852,5.491504990682179,3.297916279836593,strict_delta_max,1,cross_layer_handoff_executed
resource-defense_greedy-improvement_seed0,0,greedy-improvement,resource-defense,2,0,GA,3.1926635892745114,2.5097999023273587,0.701608,0.701608,0.0,0.0,0.4759144618475732,0.03858708204213633,28.0,24.80733641072549,strict_delta_max,1,cross_layer_handoff_executed
resource-defense_greedy-improvement_seed0,0,greedy-improvement,resource-defense,2,1,GA,2.9122325945126515,2.405300037935376,0.701608,0.701608,0.0,0.0,0.4759144618475732,0.040998693224747626,24.80733641072549,21.89510381621284,strict_delta_max,1,cross_layer_handoff_executed
resource-defense_greedy-improvement_seed0,0,greedy-improvement,resource-defense,2,2,GA,3.742440587258419,2.3603999288752675,0.7082759999999999,0.7082759999999999,0.0,0.0,0.5048954661835012,0.029814991248126838,21.89510381621284,18.15266322895442,strict_delta_max,1,cross_layer_handoff_executed
resource-defense_greedy-improvement_seed0,0,greedy-improvement,resource-defense,2,3,GA,1.669689480747334,2.4215999292209744,0.701608,0.701608,0.0,0.0,0.5048954661835012,0.06378376607349347,18.15266322895442,16.482973748207087,strict_delta_max,1,cross_layer_handoff_executed
resource-defense_greedy-improvement_seed0,0,greedy-improvement,resource-defense,2,4,GA,3.6452637288696725,2.288700081408024,0.701608,0.701608,0.0,0.0,0.5048954661835012,0.03130620991114672,16.482973748207087,12.837710019337415,strict_delta_max,1,cross_layer_handoff_executed
resource-defense_greedy-improvement_seed0,0,greedy-improvement,resource-defense,2,5,GA,2.724532011505043,2.4906001053750515,0.701608,0.701608,0.0,0.0,0.5048954661835012,0.03564843044256725,12.837710019337415,10.11317800783237,strict_delta_max,1,cross_layer_handoff_executed
resource-defense_greedy-improvement_seed0,0,greedy-improvement,resource-defense,2,6,GA,3.355139676646471,2.419999917037785,0.701608,0.701608,0.0,0.0,0.5048954661835012,0.03334184758067239,10.11317800783237,6.758038331185899,strict_delta_max,1,cross_layer_handoff_executed
resource-defense_greedy-improvement_seed0,0,greedy-improvement,resource-defense,2,7,GA,1.450734803113157,2.268900047056377,0.701608,0.701608,0.0,0.0,0.5048954661835012,0.07396136988812124,6.758038331185899,5.307303528072742,strict_delta_max,1,cross_layer_handoff_executed
resource-defense_greedy-improvement_seed0,0,greedy-improvement,resource-defense,2,8,GA,3.6377663203344937,2.4098000722005963,0.7082759999999999,0.7082759999999999,0.0,0.0,0.49145583094227685,0.027849303792689722,5.307303528072742,1.6695372077382484,strict_delta_max,1,cross_layer_handoff_executed
resource-defense_greedy-improvement_seed0,0,greedy-improvement,resource-defense,3,0,GA,1.7927451215278905,2.3276000283658504,0.0169399999999999,0.0169399999999999,0.0,0.0,0.49145583094227685,0.060464705119066944,28.0,26.20725487847211,strict_delta_max,1,cross_layer_handoff_executed
resource-defense_greedy-improvement_seed0,0,greedy-improvement,resource-defense,3,1,GA,1.8173698892178831,2.5218999944627285,0.701608,0.701608,0.0,0.0,0.49145583094227685,0.05478459145725549,26.20725487847211,24.389884989254227,strict_delta_max,1,cross_layer_handoff_executed
resource-defense_greedy-improvement_seed0,0,greedy-improvement,resource-defense,3,2,GA,3.939683278342272,2.367899985983968,0.683308,0.683308,0.0,0.0,0.49145583094227685,0.022592782178004076,24.389884989254227,20.450201710911955,strict_delta_max,1,cross_layer_handoff_executed
resource-defense_greedy-improvement_seed0,0,greedy-improvement,resource-defense,3,3,GA,1.7677778989538373,2.3294000420719385,0.6965199999999998,0.6965199999999998,0.0,0.0,0.49145583094227685,0.05918238666292856,20.450201710911955,18.682423811958117,strict_delta_max,1,cross_layer_handoff_executed
resource-defense_greedy-improvement_seed0,0,greedy-improvement,resource-defense,3,4,GA,3.131179853810412,2.3572000209242105,0.355722,0.355722,0.0,0.0,0.49145583094227685,0.036346010631630676,18.682423811958117,15.551243958147705,strict_delta_max,1,cross_layer_handoff_executed
resource-defense_greedy-improvement_seed0,0,greedy-improvement,resource-defense,3,5,GA,2.7912699988376373,2.0186000037938356,-0.19000000000000006,-0.19000000000000006,0.0,0.0,0.49145583094227685,0.03908721399769933,15.551243958147705,12.759973959310067,strict_delta_max,1,cross_layer_handoff_executed
resource-defense_greedy-improvement_seed0,0,greedy-improvement,resource-defense,3,6,GA,1.4166001357268714,2.3858000058680773,0.701608,0.701608,0.0,0.0,0.49145583094227685,0.07075004297599315,12.759973959310067,11.343373823583196,strict_delta_max,1,cross_layer_handoff_executed
resource-defense_greedy-improvement_seed0,0,greedy-improvement,resource-defense,3,7,GA,2.6814781014780413,2.3812000872567296,0.7525159999999997,0.7525159999999997,0.0,0.01638946817271249,0.49156230357332775,0.03668353068247251,11.343373823583196,8.661895722105154,strict_delta_max,1,cross_layer_handoff_executed
resource-defense_greedy-improvement_seed0,0,greedy-improvement,resource-defense,3,8,GA,2.246542353648355,2.4425999727100134,0.701608,0.701608,0.0,0.0,0.49156230357332775,0.041167870807935575,8.661895722105154,6.415353368456799,strict_delta_max,1,cross_layer_handoff_executed
resource-defense_greedy-improvement_seed0,0,greedy-improvement,resource-defense,3,9,GA,1.188492353022427,2.3800000781193376,0.701608,0.701608,0.0,0.0,0.49156230357332775,0.09008602859885854,6.415353368456799,5.2268610154343715,strict_delta_max,1,cross_layer_handoff_executed
resource-defense_greedy-improvement_seed0,0,greedy-improvement,resource-defense,3,10,GA,1.4040951229866976,2.3198999697342515,0.701608,0.701608,0.0,0.0,0.49156230357332775,0.06580299034466876,5.2268610154343715,3.822765892447674,strict_delta_max,1,cross_layer_handoff_executed
resource-defense_greedy-improvement_seed0,0,greedy-improvement,resource-defense,4,0,GA,1.3334075573104787,2.365600084885955,0.612592,0.612592,0.0,0.0,0.49156230357332775,0.09035240006062091,28.0,26.66659244268952,strict_delta_max,1,cross_layer_handoff_executed
resource-defense_greedy-improvement_seed0,0,greedy-improvement,resource-defense,4,1,GA,2.2250965491639647,2.3397000040858984,0.701608,0.701608,0.0,0.0,0.49156230357332775,0.051560995396194,26.66659244268952,24.441495893525556,strict_delta_max,1,cross_layer_handoff_executed
resource-defense_greedy-improvement_seed0,0,greedy-improvement,resource-defense,4,2,GA,2.559592677779158,2.2754999808967113,-0.07835199999999998,-0.07835199999999998,0.0,0.0,0.49156230357332775,0.03609573110693735,24.441495893525556,21.881903215746398,strict_delta_max,1,cross_layer_handoff_executed
resource-defense_greedy-improvement_seed0,0,greedy-improvement,resource-defense,4,3,GA,2.760946439429236,2.2812000242993236,0.7017599999999999,0.7017599999999999,0.0,0.0,0.4970143153170886,0.03675306867657759,21.881903215746398,19.12095677631716,strict_delta_max,1,cross_layer_handoff_executed
resource-defense_greedy-improvement_seed0,0,greedy-improvement,resource-defense,4,4,GA,3.338804366828029,2.409699955023825,0.701608,0.701608,0.0,0.0,0.4970143153170886,0.03007082119847212,19.12095677631716,15.782152409489132,strict_delta_max,1,cross_layer_handoff_executed
resource-defense_greedy-improvement_seed0,0,greedy-improvement,resource-defense,4,5,GA,2.1218395033903006,2.3403000086545944,0.701608,0.701608,0.0,0.0,0.4970143153170886,0.04350519502430185,15.782152409489132,13.66031290609883,strict_delta_max,1,cross_layer_handoff_executed
resource-defense_greedy-improvement_seed0,0,greedy-improvement,resource-defense,4,6,GA,2.012906277766147,2.444199984893203,0.7475879999999999,0.7475879999999999,0.0,0.0,0.5248146832749382,0.05398373320917826,13.66031290609883,11.647406628332684,strict_delta_max,1,cross_layer_handoff_executed
resource-defense_greedy-improvement_seed0,0,greedy-improvement,resource-defense,4,7,GA,2.032648509345367,2.4343999102711678,0.78382,0.78382,0.0,0.015400596736757977,0.5226429647543098,0.04822524741532955,11.647406628332684,9.614758118987318,strict_delta_max,1,cross_layer_handoff_executed
resource-defense_greedy-improvement_seed0,0,greedy-improvement,resource-defense,4,8,GA,3.0955344658683837,2.357600023970008,0.7219439999999999,0.7219439999999999,0.0,0.0,0.525933904471644,0.032915802854993396,9.614758118987318,6.519223653118934,strict_delta_max,1,cross_layer_handoff_executed
resource-defense_greedy-improvement_seed0,0,greedy-improvement,resource-defense,4,9,GA,1.1202212198243342,2.4565999628975987,0.6323519999999999,0.6323519999999999,0.0,0.0,0.525933904471644,0.08929631681441974,6.519223653118934,5.3990024332946,strict_delta_max,1,cross_layer_handoff_executed
resource-defense_greedy-improvement_seed0,0,greedy-improvement,resource-defense,4,10,GA,3.1999739998309256,2.3247000062838197,0.7352879999999997,0.7352879999999997,0.0,0.0,0.5356411791081163,0.038649404932939606,5.3990024332946,2.199028433463674,strict_delta_max,1,cross_layer_handoff_executed
resource-defense_greedy-improvement_seed0,0,greedy-improvement,resource-defense,5,0,GA,1.4924796938703013,2.349299960769713,0.512506,0.512506,0.0,0.0,0.5356411791081163,0.08177189540250313,28.0,26.5075203061297,strict_delta_max,1,cross_layer_handoff_executed
resource-defense_greedy-improvement_seed0,0,greedy-improvement,resource-defense,5,1,GA,1.8648068013942622,2.3155000526458025,0.16056800000000002,0.16056800000000002,0.0,0.0,0.5356411791081163,0.05962476361479604,26.5075203061297,24.642713504735436,strict_delta_max,1,cross_layer_handoff_executed
resource-defense_greedy-improvement_seed0,0,greedy-improvement,resource-defense,5,2,GA,2.22031886618406,2.1609999239444733,-0.15373599999999998,-0.15373599999999998,0.0,0.0,0.5356411791081163,0.04099691558972157,24.642713504735436,22.422394638551378,strict_delta_max,1,cross_layer_handoff_executed
resource-defense_greedy-improvement_seed0,0,greedy-improvement,resource-defense,5,3,GA,1.3189253705543993,2.289599971845746,0.7538479999999999,0.7538479999999999,0.0,0.0,0.5334918752605021,0.09250991319077997,22.422394638551378,21.103469267996978,strict_delta_max,1,cross_layer_handoff_executed
resource-defense_greedy-improvement_seed0,0,greedy-improvement,resource-defense,5,4,GA,2.1743797346966933,2.431500004604459,0.7883039999999999,0.7883039999999999,0.0,0.0020621972916912835,0.5070013421580367,0.04934660395931819,21.103469267996978,18.929089533300285,strict_delta_max,1,cross_layer_handoff_executed
resource-defense_greedy-improvement_seed0,0,greedy-improvement,resource-defense,5,5,GA,2.717810722258532,2.4358000373467803,0.593108,0.593108,0.0,0.0,0.5070013421580367,0.049348417886587406,18.929089533300285,16.21127881104175,strict_delta_max,1,cross_layer_handoff_executed
resource-defense_greedy-improvement_seed0,0,greedy-improvement,resource-defense,5,6,GA,3.3083606886484405,2.4031000211834908,0.3843479999999998,0.3843479999999998,0.0,0.0,0.5070013421580367,0.02925037521530187,16.21127881104175,12.902918122393311,strict_delta_max,1,cross_layer_handoff_executed
resource-defense_greedy-improvement_seed0,0,greedy-improvement,resource-defense,5,7,GA,1.2672093002079723,2.486199955455959,0.701608,0.701608,0.0,0.0,0.5070013421580367,0.0765226849581024,12.902918122393311,11.63570882218534,strict_delta_max,1,cross_layer_handoff_executed
resource-defense_greedy-improvement_seed0,0,greedy-improvement,resource-defense,5,8,GA,3.3572568283634427,2.327500027604401,0.7219439999999999,0.7219439999999999,0.0,0.0,0.5082271755550438,0.02836314362577095,11.63570882218534,8.278451993821896,strict_delta_max,1,cross_layer_handoff_executed
resource-defense_greedy-improvement_seed0,0,greedy-improvement,resource-defense,5,9,GA,1.220648488896452,2.4930000072345138,0.7330679999999998,0.7330679999999998,0.0,0.0,0.47613419808526425,0.07773227728965004,8.278451993821896,7.057803504925444,strict_delta_max,1,cross_layer_handoff_executed
resource-defense_greedy-improvement_seed0,0,greedy-improvement,resource-defense,5,10,GA,3.7690448511915253,2.3935000644996762,0.701608,0.701608,0.0,0.0,0.47613419808526425,0.025029289186735932,7.057803504925444,3.288758653733919,strict_delta_max,1,cross_layer_handoff_executed
resource-defense_greedy-improvement_seed1,1,greedy-improvement,resource-defense,0,0,GA,1.9020835094768749,2.7419000398367643,0.7475840000000001,0.7475840000000001,0.0,0.0,0.9187276469971314,0.10320116966747558,28.0,26.097916490523126,strict_delta_max,1,cross_layer_handoff_executed
resource-defense_greedy-improvement_seed1,1,greedy-improvement,resource-defense,0,1,GA,3.0254970734362936,2.419200027361512,0.854968,0.854968,0.0,0.0008659734041733274,0.8910766176290544,0.048547767505483536,26.097916490523126,23.07241941708683,strict_delta_max,1,cross_layer_handoff_executed
resource-defense_greedy-improvement_seed1,1,greedy-improvement,resource-defense,0,2,GA,1.9189506843568034,2.279500011354685,0.854968,0.854968,0.0,0.0,0.8322375303245185,0.06689813851842107,23.07241941708683,21.153468732730026,strict_delta_max,1,cross_layer_handoff_executed
resource-defense_greedy-improvement_seed1,1,greedy-improvement,resource-defense,0,3,GA,2.507802145643157,2.390699926763773,0.854968,0.854968,0.0,0.0,0.798125219337948,0.06538431340414862,21.153468732730026,18.64566658708687,strict_delta_max,1,cross_layer_handoff_executed
resource-defense_greedy-improvement_seed1,1,greedy-improvement,resource-defense,0,4,GA,2.2134525862106624,2.4129999801516533,0.6304719999999999,0.6304719999999999,0.0,0.0,0.798125219337948,0.04816626566971457,18.64566658708687,16.432214000876208,strict_delta_max,1,cross_layer_handoff_executed
resource-defense_greedy-improvement_seed1,1,greedy-improvement,resource-defense,0,5,GA,2.145382450534985,2.3913999320939183,0.854968,0.854968,0.0,0.0,0.7638461793283378,0.06469636117152495,16.432214000876208,14.286831550341223,strict_delta_max,1,cross_layer_handoff_executed
resource-defense_greedy-improvement_seed1,1,greedy-improvement,resource-defense,0,6,GA,2.4106716758292404,2.4096000706776977,0.8901759999999999,0.8901759999999999,0.0,0.014605058147492774,0.7543817870870401,0.06140292989030209,14.286831550341223,11.876159874511982,strict_delta_max,1,cross_layer_handoff_executed
resource-defense_greedy-improvement_seed1,1,greedy-improvement,resource-defense,0,7,GA,3.737632519477067,2.387500018812716,0.6304719999999999,0.6304719999999999,0.0,0.0,0.7543817870870401,0.041799258261332975,11.876159874511982,8.138527355034915,strict_delta_max,1,cross_layer_handoff_executed
resource-defense_greedy-improvement_seed1,1,greedy-improvement,resource-defense,0,8,GA,3.3898362460908786,2.2603999823331833,0.8523479999999999,0.8523479999999999,0.0,0.0,0.7422883567523676,0.044824286639767286,8.138527355034915,4.748691108944037,strict_delta_max,1,cross_layer_handoff_executed
resource-defense_greedy-improvement_seed1,1,greedy-improvement,resource-defense,0,9,GA,3.624219255389079,2.278100000694394,0.6657679999999999,0.6657679999999999,0.0,0.0,0.7422883567523676,0.03536510272766172,4.748691108944037,1.124471853554958,strict_delta_max,1,cross_layer_handoff_executed
resource-defense_greedy-improvement_seed1,1,greedy-improvement,resource-defense,1,0,GA,2.0243894678858108,2.392600057646632,0.854968,0.854968,0.0,0.0,0.7072418876015917,0.06003423172029399,28.0,25.97561053211419,strict_delta_max,1,cross_layer_handoff_executed
resource-defense_greedy-improvement_seed1,1,greedy-improvement,resource-defense,1,1,GA,1.2541300037475702,2.3473999463021755,0.41809600000000013,0.41809600000000013,0.0,0.0,0.7072418876015917,0.12844353181658977,25.97561053211419,24.72148052836662,strict_delta_max,1,cross_layer_handoff_executed
resource-defense_greedy-improvement_seed1,1,greedy-improvement,resource-defense,1,2,GA,1.7334072305149562,2.3080999962985516,0.854968,0.854968,0.0,0.0,0.7072418876015917,0.0691213223792596,24.72148052836662,22.988073297851663,strict_delta_max,1,cross_layer_handoff_executed
resource-defense_greedy-improvement_seed1,1,greedy-improvement,resource-defense,1,3,GA,3.4346116006456775,2.2464999929070473,0.854968,0.854968,0.0,0.0,0.7072418876015917,0.04186793953338533,22.988073297851663,19.553461697205986,strict_delta_max,1,cross_layer_handoff_executed
resource-defense_greedy-improvement_seed1,1,greedy-improvement,resource-defense,1,4,GA,3.7710822854607207,2.7168000815436244,0.690044,0.690044,0.0,0.0,0.7072418876015917,0.032926694166984405,19.553461697205986,15.782379411745264,strict_delta_max,1,cross_layer_handoff_executed
resource-defense_greedy-improvement_seed1,1,greedy-improvement,resource-defense,1,5,GA,3.4931234334360743,2.894700039178133,0.926168,0.926168,0.0,0.010303672540021281,0.7482701837009401,0.04214296488500059,15.782379411745264,12.289255978309189,strict_delta_max,1,cross_layer_handoff_executed
resource-defense_greedy-improvement_seed1,1,greedy-improvement,resource-defense,1,6,GA,3.3541438888881836,2.3802999639883637,0.854968,0.854968,0.0,0.0,0.7482701837009401,0.031244991190948708,12.289255978309189,8.935112089421006,strict_delta_max,1,cross_layer_handoff_executed
resource-defense_greedy-improvement_seed1,1,greedy-improvement,resource-defense,1,7,GA,2.2575985922682644,2.2810999071225524,0.934008,0.934008,0.0,0.003472716552380075,0.7593105646963385,0.07403982815228391,8.935112089421006,6.6775134971527415,strict_delta_max,1,cross_layer_handoff_executed
resource-defense_greedy-improvement_seed1,1,greedy-improvement,resource-defense,1,8,GA,1.4983896268477768,2.4113000836223364,0.854968,0.854968,0.0,0.0,0.7593105646963385,0.10191336104167134,6.6775134971527415,5.179123870304965,strict_delta_max,1,cross_layer_handoff_executed
resource-defense_greedy-improvement_seed1,1,greedy-improvement,resource-defense,1,9,GA,1.9961801672767252,2.2585999686270952,0.6469960000000001,0.6469960000000001,0.0,0.0,0.7593105646963385,0.07666245640144759,5.179123870304965,3.1829437030282395,strict_delta_max,1,cross_layer_handoff_executed
resource-defense_greedy-improvement_seed1,1,greedy-improvement,resource-defense,2,0,GA,3.1496770620896597,2.3471000604331493,0.5657340000000001,0.5657340000000001,0.0,0.0,0.7593105646963385,0.04354401312807182,28.0,24.85032293791034,strict_delta_max,1,cross_layer_handoff_executed
resource-defense_greedy-improvement_seed1,1,greedy-improvement,resource-defense,2,1,GA,2.3467955124705626,2.2834999253973365,0.9143680000000001,0.9143680000000001,0.0,0.0,0.7608623979198105,0.04511107333535736,24.85032293791034,22.503527425439778,strict_delta_max,1,cross_layer_handoff_executed
resource-defense_greedy-improvement_seed1,1,greedy-improvement,resource-defense,2,2,GA,3.8893449426749886,2.4419999681413174,0.8350479999999998,0.8350479999999998,0.0,0.0,0.7608623979198105,0.02845007948719348,22.503527425439778,18.61418248276479,strict_delta_max,1,cross_layer_handoff_executed
resource-defense_greedy-improvement_seed1,1,greedy-improvement,resource-defense,2,3,GA,2.5494926850308284,2.3576999083161354,0.9214479999999999,0.9214479999999999,0.0,0.0,0.7570972444237205,0.04375885024185218,18.61418248276479,16.064689797733962,strict_delta_max,1,cross_layer_handoff_executed
resource-defense_greedy-improvement_seed1,1,greedy-improvement,resource-defense,2,4,GA,2.465503082218685,2.255000057630241,0.926168,0.926168,0.0,0.0,0.7187133898218796,0.05349321461224059,16.064689797733962,13.599186715515277,strict_delta_max,1,cross_layer_handoff_executed
resource-defense_greedy-improvement_seed1,1,greedy-improvement,resource-defense,2,5,GA,1.546535138630106,2.391700050793588,0.8834879999999999,0.8834879999999999,0.0,0.0,0.7187133898218796,0.10603438026014855,13.599186715515277,12.052651576885172,strict_delta_max,1,cross_layer_handoff_executed
resource-defense_greedy-improvement_seed1,1,greedy-improvement,resource-defense,2,6,GA,3.3863555191448236,2.3751999251544476,0.928528,0.928528,0.0,0.0,0.7012380656535109,0.03351867106108966,12.052651576885172,8.666296057740349,strict_delta_max,1,cross_layer_handoff_executed
resource-defense_greedy-improvement_seed1,1,greedy-improvement,resource-defense,2,7,GA,3.9809595070441817,2.335099969059229,0.889848,0.889848,0.0,0.0,0.7012380656535109,0.03734326854970022,8.666296057740349,4.685336550696167,strict_delta_max,1,cross_layer_handoff_executed
resource-defense_greedy-improvement_seed1,1,greedy-improvement,resource-defense,2,8,GA,2.4502125925384743,2.5062999920919538,0.9540919999999999,0.9540919999999999,0.0,0.008196839760419534,0.6259950065956892,0.04735143092923738,4.685336550696167,2.235123958157693,strict_delta_max,1,cross_layer_handoff_executed
resource-defense_greedy-improvement_seed1,1,greedy-improvement,resource-defense,3,0,GA,2.2114727752040686,2.338099991902709,0.910592,0.910592,0.0,0.0,0.6070512027979247,0.04962733008750656,28.0,25.78852722479593,strict_delta_max,1,cross_layer_handoff_executed
resource-defense_greedy-improvement_seed1,1,greedy-improvement,resource-defense,3,1,GA,2.8210365353826283,2.3256000131368637,0.4383610000000001,0.4383610000000001,0.0,0.0,0.6070512027979247,0.03998639253690258,25.78852722479593,22.967490689413303,strict_delta_max,1,cross_layer_handoff_executed
resource-defense_greedy-improvement_seed1,1,greedy-improvement,resource-defense,3,2,GA,2.3634073021141924,2.3734000278636813,0.901704,0.901704,0.0,0.0,0.5409342024428689,0.05284639122786397,22.967490689413303,20.60408338729911,strict_delta_max,1,cross_layer_handoff_executed
resource-defense_greedy-improvement_seed1,1,greedy-improvement,resource-defense,3,3,GA,1.2533445355395403,2.3083999985828996,0.6992879999999999,0.6992879999999999,0.0,0.0,0.5409342024428689,0.0930596295151814,20.60408338729911,19.35073885175957,strict_delta_max,1,cross_layer_handoff_executed
resource-defense_greedy-improvement_seed1,1,greedy-improvement,resource-defense,3,4,GA,3.253361055357622,2.2087000543251634,0.854968,0.854968,0.0,0.0,0.5409342024428689,0.0374616534854791,19.35073885175957,16.097377796401947,strict_delta_max,1,cross_layer_handoff_executed
resource-defense_greedy-improvement_seed1,1,greedy-improvement,resource-defense,3,5,GA,3.8847889832795093,2.353199990466237,0.9251959999999999,0.9251959999999999,0.0,0.0,0.485883019987978,0.028165372806421268,16.097377796401947,12.212588813122437,strict_delta_max,1,cross_layer_handoff_executed
resource-defense_greedy-improvement_seed1,1,greedy-improvement,resource-defense,3,6,GA,3.6918006104878285,2.503700088709593,0.903288,0.903288,0.0,0.0,0.48893963770751514,0.027816727140986115,12.212588813122437,8.52078820263461,strict_delta_max,1,cross_layer_handoff_executed
resource-defense_greedy-improvement_seed1,1,greedy-improvement,resource-defense,3,7,GA,2.360272694050117,2.4396999506279826,0.6481199999999999,0.6481199999999999,0.0,0.0,0.48893963770751514,0.049756472565062326,8.52078820263461,6.160515508584492,strict_delta_max,1,cross_layer_handoff_executed
resource-defense_greedy-improvement_seed1,1,greedy-improvement,resource-defense,3,8,GA,1.0709261013250084,2.4833999341353774,0.946688,0.946688,0.0,0.0,0.4898187658358171,0.09305239659391969,6.160515508584492,5.089589407259483,strict_delta_max,1,cross_layer_handoff_executed
resource-defense_greedy-improvement_seed1,1,greedy-improvement,resource-defense,3,9,GA,1.6467175525346351,2.461700001731515,0.9773679999999999,0.9773679999999999,0.0,0.014134785873979079,0.4884520641045275,0.06131727828045069,5.089589407259483,3.442871854724848,strict_delta_max,1,cross_layer_handoff_executed
resource-defense_greedy-improvement_seed1,1,greedy-improvement,resource-defense,4,0,GA,1.0039756226934242,2.343700034543872,0.6304719999999999,0.6304719999999999,0.0,0.0,0.4884520641045275,0.12404627246714418,28.0,26.996024377306576,strict_delta_max,1,cross_layer_handoff_executed
resource-defense_greedy-improvement_seed1,1,greedy-improvement,resource-defense,4,1,GA,1.2338504439569784,2.494900021702051,0.7381119999999999,0.7381119999999999,0.0,0.0,0.4884520641045275,0.10127973318182228,26.996024377306576,25.762173933349597,strict_delta_max,1,cross_layer_handoff_executed
resource-defense_greedy-improvement_seed1,1,greedy-improvement,resource-defense,4,2,GA,2.909657884084077,2.3639999562874436,1.0091639999999997,1.0091639999999997,0.0,0.010927745208096447,0.48575790803916485,0.040122798085952795,25.762173933349597,22.85251604926552,strict_delta_max,1,cross_layer_handoff_executed
resource-defense_greedy-improvement_seed1,1,greedy-improvement,resource-defense,4,3,GA,3.9350867696774103,2.598599996417761,0.928528,0.928528,0.0,0.0,0.49022341313630163,0.03314089706684387,22.85251604926552,18.91742927958811,strict_delta_max,1,cross_layer_handoff_executed
resource-defense_greedy-improvement_seed1,1,greedy-improvement,resource-defense,4,4,GA,2.5708735816352988,2.4188999086618423,0.554726,0.554726,0.0,0.0,0.49022341313630163,0.04169035695642406,18.91742927958811,16.34655569795281,strict_delta_max,1,cross_layer_handoff_executed
resource-defense_greedy-improvement_seed1,1,greedy-improvement,resource-defense,4,5,GA,2.241765379749357,2.538900007493794,0.4943000000000001,0.4943000000000001,0.0,0.0,0.49022341313630163,0.049150459228008,16.34655569795281,14.104790318203452,strict_delta_max,1,cross_layer_handoff_executed
resource-defense_greedy-improvement_seed1,1,greedy-improvement,resource-defense,4,6,GA,2.2575812724063096,2.444899990223348,0.9443279999999998,0.9443279999999998,0.0,0.0,0.4820126719075828,0.044634035259319894,14.104790318203452,11.847209045797143,strict_delta_max,1,cross_layer_handoff_executed
resource-defense_greedy-improvement_seed1,1,greedy-improvement,resource-defense,4,7,GA,3.1220794802085816,2.50110006891191,0.6304719999999999,0.6304719999999999,0.0,0.0,0.4820126719075828,0.02919480137346758,11.847209045797143,8.725129565588562,strict_delta_max,1,cross_layer_handoff_executed
resource-defense_greedy-improvement_seed1,1,greedy-improvement,resource-defense,4,8,GA,1.2706349317296457,2.419200027361512,0.9101679999999999,0.9101679999999999,0.0,0.0,0.4820126719075828,0.0801832342904376,8.725129565588562,7.454494633858916,strict_delta_max,1,cross_layer_handoff_executed
resource-defense_greedy-improvement_seed1,1,greedy-improvement,resource-defense,4,9,GA,1.3446231416315917,2.4769000010564923,0.9275559999999999,0.9275559999999999,0.0,0.0,0.4998514650803157,0.05814358001171648,7.454494633858916,6.109871492227324,strict_delta_max,1,cross_layer_handoff_executed
resource-defense_greedy-improvement_seed1,1,greedy-improvement,resource-defense,4,10,GA,2.6493414342084316,2.2994999308139086,0.854968,0.854968,0.0,0.0,0.4998514650803157,0.04527553073475968,6.109871492227324,3.4605300580188922,strict_delta_max,1,cross_layer_handoff_executed
resource-defense_greedy-improvement_seed1,1,greedy-improvement,resource-defense,5,0,GA,1.2630202443962428,2.432100009173155,0.8969839999999999,0.8969839999999999,0.0,0.0,0.4998514650803157,0.0745818100284459,28.0,26.736979755603755,strict_delta_max,1,cross_layer_handoff_executed
resource-defense_greedy-improvement_seed1,1,greedy-improvement,resource-defense,5,1,GA,1.7350965070506512,2.478300011716783,0.6304719999999999,0.6304719999999999,0.0,0.0,0.4998514650803157,0.053186978971932676,26.736979755603755,25.001883248553103,strict_delta_max,1,cross_layer_handoff_executed
resource-defense_greedy-improvement_seed1,1,greedy-improvement,resource-defense,5,2,GA,3.3535017942586385,2.2767999907955527,0.854968,0.854968,0.0,0.0,0.4998514650803157,0.02771201410609819,25.001883248553103,21.648381454294466,strict_delta_max,1,cross_layer_handoff_executed
resource-defense_greedy-improvement_seed1,1,greedy-improvement,resource-defense,5,3,GA,2.2050185700114935,2.4133999831974506,0.6681279999999998,0.6681279999999998,0.0,0.0,0.4998514650803157,0.04495640983446763,21.648381454294466,19.443362884282973,strict_delta_max,1,cross_layer_handoff_executed
resource-defense_greedy-improvement_seed1,1,greedy-improvement,resource-defense,5,4,GA,3.955305390217675,2.3953000782057643,0.6304719999999999,0.6304719999999999,0.0,0.0,0.4998514650803157,0.02837393623286904,19.443362884282973,15.488057494065298,strict_delta_max,1,cross_layer_handoff_executed
resource-defense_greedy-improvement_seed1,1,greedy-improvement,resource-defense,5,5,GA,2.8828619466219436,2.389000030234456,0.928528,0.928528,0.0,0.0,0.49178630181082567,0.03600216264877722,15.488057494065298,12.605195547443355,strict_delta_max,1,cross_layer_handoff_executed
resource-defense_greedy-improvement_seed1,1,greedy-improvement,resource-defense,5,6,GA,1.5456848876440352,2.6476000202819705,0.6304719999999999,0.6304719999999999,0.0,0.0,0.49178630181082567,0.07011737381512734,12.605195547443355,11.059510659799319,strict_delta_max,1,cross_layer_handoff_executed
resource-defense_greedy-improvement_seed1,1,greedy-improvement,resource-defense,5,7,GA,3.35917400687633,2.805099938996136,0.6304719999999999,0.6304719999999999,0.0,0.0,0.49178630181082567,0.023242179918338966,11.059510659799319,7.700336652922989,strict_delta_max,1,cross_layer_handoff_executed
resource-defense_greedy-improvement_seed1,1,greedy-improvement,resource-defense,5,8,GA,1.618090686396541,3.0152000254020095,0.912728,0.912728,0.0,0.0,0.49178630181082567,0.047486262823887945,7.700336652922989,6.082245966526448,strict_delta_max,1,cross_layer_handoff_executed
resource-defense_greedy-improvement_seed1,1,greedy-improvement,resource-defense,5,9,GA,3.6108527643554442,2.560199936851859,0.41209600000000013,0.41209600000000013,0.0,0.0,0.49178630181082567,0.024489784933972185,6.082245966526448,2.4713932021710034,strict_delta_max,1,cross_layer_handoff_executed
resource-defense_greedy-improvement_seed2,2,greedy-improvement,resource-defense,0,0,GA,3.9051999001172466,2.6894001057371497,0.26544600000000007,0.26544600000000007,0.0,0.0,0.9221321296069481,0.03772849699813911,28.0,24.094800099882754,strict_delta_max,1,cross_layer_handoff_executed
resource-defense_greedy-improvement_seed2,2,greedy-improvement,resource-defense,0,1,GA,1.0487937550372526,2.514899941161275,0.4893950000000001,0.4893950000000001,0.0,0.0,0.8915283738666642,0.12083361600815357,24.094800099882754,23.0460063448455,strict_delta_max,1,cross_layer_handoff_executed
resource-defense_greedy-improvement_seed2,2,greedy-improvement,resource-defense,0,2,GA,3.5566656234211957,2.3158000549301505,0.563631,0.563631,0.0,0.0,0.8630708519109553,0.04072410928441301,23.0460063448455,19.489340721424306,strict_delta_max,1,cross_layer_handoff_executed
resource-defense_greedy-improvement_seed2,2,greedy-improvement,resource-defense,0,3,GA,2.4363648014259303,2.4871000787243247,0.466584,0.466584,0.0,0.0,0.8250511165725389,0.063007601832216,19.489340721424306,17.052975919998374,strict_delta_max,1,cross_layer_handoff_executed
resource-defense_greedy-improvement_seed2,2,greedy-improvement,resource-defense,0,4,GA,3.740484792257108,2.3865000111982226,0.5467520000000001,0.5467520000000001,0.0,0.0,0.8388973103425893,0.03999196562768238,17.052975919998374,13.312491127741266,strict_delta_max,1,cross_layer_handoff_executed
resource-defense_greedy-improvement_seed2,2,greedy-improvement,resource-defense,0,5,GA,2.5341580171525386,2.517599961720407,0.4570040000000001,0.4570040000000001,0.0,0.0,0.7896746615419015,0.0653510904018965,13.312491127741266,10.778333110588727,strict_delta_max,1,cross_layer_handoff_executed
resource-defense_greedy-improvement_seed2,2,greedy-improvement,resource-defense,0,6,GA,1.0031229565211865,2.5031999684870243,0.515796,0.515796,0.0,0.0,0.7345014610069321,0.136818802803279,10.778333110588727,9.77521015406754,strict_delta_max,1,cross_layer_handoff_executed
resource-defense_greedy-improvement_seed2,2,greedy-improvement,resource-defense,0,7,GA,1.749104304800324,2.371200011111796,0.949608,0.949608,0.0,0.1670203424679982,0.6665751759463677,0.09443462365312144,9.77521015406754,8.026105849267216,strict_delta_max,1,cross_layer_handoff_executed
resource-defense_greedy-improvement_seed2,2,greedy-improvement,resource-defense,0,8,GA,3.353915533847288,2.4652999127283692,0.4093650000000001,0.4093650000000001,0.0,0.0,0.6244181993397953,0.033218378271485174,8.026105849267216,4.672190315419928,strict_delta_max,1,cross_layer_handoff_executed
resource-defense_greedy-improvement_seed2,2,greedy-improvement,resource-defense,0,9,GA,3.1137997058210907,2.43559991940856,0.657472,0.657472,0.0,0.0,0.5544452285494965,0.04351459537059179,4.672190315419928,1.5583906095988374,strict_delta_max,1,cross_layer_handoff_executed
resource-defense_greedy-improvement_seed2,2,greedy-improvement,resource-defense,1,0,GA,2.046730220709815,2.4754999903962016,0.596908,0.596908,0.0,0.0,0.5263883571059931,0.061404117849243614,28.0,25.953269779290185,strict_delta_max,1,cross_layer_handoff_executed
resource-defense_greedy-improvement_seed2,2,greedy-improvement,resource-defense,1,1,GA,2.6803277970004626,2.357599907554686,0.678472,0.678472,0.0,0.0,0.5243447756607084,0.0445950772889921,25.953269779290185,23.272941982289723,strict_delta_max,1,cross_layer_handoff_executed
resource-defense_greedy-improvement_seed2,2,greedy-improvement,resource-defense,1,2,GA,3.4999308173336123,2.517899964004755,0.657472,0.657472,0.0,0.0,0.5503848520952874,0.03464396908756328,23.272941982289723,19.77301116495611,strict_delta_max,1,cross_layer_handoff_executed
resource-defense_greedy-improvement_seed2,2,greedy-improvement,resource-defense,1,3,GA,2.729380956478172,2.4275999749079347,0.7534479999999999,0.7534479999999999,0.0,0.0,0.5584225930627067,0.06242231752603865,19.77301116495611,17.043630208477936,strict_delta_max,1,cross_layer_handoff_executed
resource-defense_greedy-improvement_seed2,2,greedy-improvement,resource-defense,1,4,GA,3.949777095792092,2.3663999745622277,0.3761840000000001,0.3761840000000001,0.0,0.0,0.5584225930627067,0.03560936648790745,17.043630208477936,13.093853112685844,strict_delta_max,1,cross_layer_handoff_executed
resource-defense_greedy-improvement_seed2,2,greedy-improvement,resource-defense,1,5,GA,2.123846224777633,2.4693000596016645,0.8749919999999998,0.8749919999999998,0.0,0.0,0.5830515549240682,0.07341567426633003,13.093853112685844,10.97000688790821,strict_delta_max,1,cross_layer_handoff_executed
resource-defense_greedy-improvement_seed2,2,greedy-improvement,resource-defense,1,6,GA,2.5894360098186966,2.369800000451505,0.506082,0.506082,0.0,0.0,0.5830515549240682,0.04160010750411708,10.97000688790821,8.380570878089515,strict_delta_max,1,cross_layer_handoff_executed
resource-defense_greedy-improvement_seed2,2,greedy-improvement,resource-defense,1,7,GA,2.819202244015359,2.4642000207677484,0.657472,0.657472,0.0,0.0,0.6070971203553547,0.05639193829451686,8.380570878089515,5.561368634074156,strict_delta_max,1,cross_layer_handoff_executed
resource-defense_greedy-improvement_seed2,2,greedy-improvement,resource-defense,1,8,GA,3.7627226973839383,2.396999974735081,0.790472,0.790472,0.0,0.0,0.5782578406949954,0.03296109228955637,5.561368634074156,1.7986459366902174,strict_delta_max,1,cross_layer_handoff_executed
resource-defense_greedy-improvement_seed2,2,greedy-improvement,resource-defense,2,0,GA,2.0059632165006955,2.469099941663444,0.590017,0.590017,0.0,0.0,0.5782578406949954,0.06366793950870958,28.0,25.994036783499304,strict_delta_max,1,cross_layer_handoff_executed
resource-defense_greedy-improvement_seed2,2,greedy-improvement,resource-defense,2,1,GA,2.142815599763403,2.3919999366626143,0.5384040000000001,0.5384040000000001,0.0,0.0,0.5782578406949954,0.061929411692554566,25.994036783499304,23.851221183735902,strict_delta_max,1,cross_layer_handoff_executed
resource-defense_greedy-improvement_seed2,2,greedy-improvement,resource-defense,2,2,GA,2.6618786465699817,2.4836999364197254,0.657472,0.657472,0.0,0.0,0.5706189822958373,0.049268047479706506,23.851221183735902,21.18934253716592,strict_delta_max,1,cross_layer_handoff_executed
resource-defense_greedy-improvement_seed2,2,greedy-improvement,resource-defense,2,3,GA,3.266531254923978,2.422599936835468,0.8712880000000001,0.8712880000000001,0.0,0.0,0.580417349096643,0.04815916733840851,21.18934253716592,17.92281128224194,strict_delta_max,1,cross_layer_handoff_executed
resource-defense_greedy-improvement_seed2,2,greedy-improvement,resource-defense,2,4,GA,1.4906908230499698,2.5514999870210886,0.9137679999999999,0.9137679999999999,0.0,0.0,0.5533122976045386,0.11402120860170448,17.92281128224194,16.43212045919197,strict_delta_max,1,cross_layer_handoff_executed
resource-defense_greedy-improvement_seed2,2,greedy-improvement,resource-defense,2,5,GA,3.125446309521131,2.449300023727119,0.866568,0.866568,0.0,0.0,0.5418308452021364,0.05465423683191487,16.43212045919197,13.30667414967084,strict_delta_max,1,cross_layer_handoff_executed
resource-defense_greedy-improvement_seed2,2,greedy-improvement,resource-defense,2,6,GA,3.32925483626837,2.49510002322495,0.803368,0.803368,0.0,0.0,0.5511864320338186,0.03127642193289066,13.30667414967084,9.977419313402471,strict_delta_max,1,cross_layer_handoff_executed
resource-defense_greedy-improvement_seed2,2,greedy-improvement,resource-defense,2,7,GA,1.6623840432690828,2.414700109511614,0.9317959999999998,0.9317959999999998,0.0,0.0,0.5929782043374824,0.09405873319159291,9.977419313402471,8.31503527013339,strict_delta_max,1,cross_layer_handoff_executed
resource-defense_greedy-improvement_seed2,2,greedy-improvement,resource-defense,2,8,GA,1.0122181169966988,2.426000079140067,0.8832719999999998,0.8832719999999998,0.0,0.0,0.5514261455229728,0.14387052017733645,8.31503527013339,7.30281715313669,strict_delta_max,1,cross_layer_handoff_executed
resource-defense_greedy-improvement_seed2,2,greedy-improvement,resource-defense,2,9,GA,3.341487191923412,2.4565000785514712,0.9161279999999998,0.9161279999999998,0.0,0.0,0.551887388914564,0.04306340045265749,7.30281715313669,3.961329961213278,strict_delta_max,1,cross_layer_handoff_executed
resource-defense_greedy-improvement_seed2,2,greedy-improvement,resource-defense,3,0,GA,1.3688793293671315,2.4709999561309814,0.9326479999999999,0.9326479999999999,0.0,0.0,0.531288526325496,0.08786242924561424,28.0,26.631120670632868,strict_delta_max,1,cross_layer_handoff_executed
resource-defense_greedy-improvement_seed2,2,greedy-improvement,resource-defense,3,1,GA,2.398766763121283,2.4510000366717577,0.77248,0.77248,0.0,0.0,0.531288526325496,0.05354759697534079,26.631120670632868,24.232353907511584,strict_delta_max,1,cross_layer_handoff_executed
resource-defense_greedy-improvement_seed2,2,greedy-improvement,resource-defense,3,2,GA,3.175588026743488,2.5414000265300274,0.67568,0.67568,0.0,0.0,0.531288526325496,0.05108973045858622,24.232353907511584,21.056765880768097,strict_delta_max,1,cross_layer_handoff_executed
resource-defense_greedy-improvement_seed2,2,greedy-improvement,resource-defense,3,3,GA,3.381699366789166,2.3563000140711665,0.657472,0.657472,0.0,0.0,0.531288526325496,0.035036955445849734,21.056765880768097,17.67506651397893,strict_delta_max,1,cross_layer_handoff_executed
resource-defense_greedy-improvement_seed2,2,greedy-improvement,resource-defense,3,4,GA,1.2849055348421672,2.4914999958127737,0.868312,0.868312,0.0,0.0,0.5173299376315476,0.11769264822259165,17.67506651397893,16.390160979136763,strict_delta_max,1,cross_layer_handoff_executed
resource-defense_greedy-improvement_seed2,2,greedy-improvement,resource-defense,3,5,GA,2.9188861325956705,2.3451000452041626,0.940132,0.940132,0.0,0.0,0.5190836383668004,0.038665901891425804,16.390160979136763,13.471274846541093,strict_delta_max,1,cross_layer_handoff_executed
resource-defense_greedy-improvement_seed2,2,greedy-improvement,resource-defense,3,6,GA,2.3199961062112826,2.4829000467434525,0.7870079999999998,0.7870079999999998,0.0,0.0,0.5190836383668004,0.04998649295988306,13.471274846541093,11.15127874032981,strict_delta_max,1,cross_layer_handoff_executed
resource-defense_greedy-improvement_seed2,2,greedy-improvement,resource-defense,3,7,GA,2.3428117485938227,2.472999971359968,0.9471399999999999,0.9471399999999999,0.0,0.0,0.5094572001048397,0.0471480677970154,11.15127874032981,8.808466991735987,strict_delta_max,1,cross_layer_handoff_executed
resource-defense_greedy-improvement_seed2,2,greedy-improvement,resource-defense,3,8,GA,2.7951314000826013,2.324200002476573,0.9137679999999999,0.9137679999999999,0.0,0.0,0.5195833032302265,0.04347867533471737,8.808466991735987,6.0133355916533855,strict_delta_max,1,cross_layer_handoff_executed
resource-defense_greedy-improvement_seed2,2,greedy-improvement,resource-defense,3,9,GA,2.8683358185009578,2.485299948602915,0.9161279999999998,0.9161279999999998,0.0,0.0,0.5387580151590556,0.04502603063810938,6.0133355916533855,3.1449997731524277,strict_delta_max,1,cross_layer_handoff_executed
resource-defense_greedy-improvement_seed2,2,greedy-improvement,resource-defense,4,0,GA,1.225465745140193,2.3518999805673957,0.880112,0.880112,0.0,0.0,0.5387580151590556,0.11188807634894088,28.0,26.77453425485981,strict_delta_max,1,cross_layer_handoff_executed
resource-defense_greedy-improvement_seed2,2,greedy-improvement,resource-defense,4,1,GA,3.074741566588332,2.4138999870046973,0.9066879999999999,0.9066879999999999,0.0,0.0,0.5490512222467828,0.03989366785057386,26.77453425485981,23.699792688271476,strict_delta_max,1,cross_layer_handoff_executed
resource-defense_greedy-improvement_seed2,2,greedy-improvement,resource-defense,4,2,GA,2.7784898962127174,2.3259000154212117,0.9355839999999999,0.9355839999999999,0.0,0.0,0.5423008964618484,0.034717550845574846,23.699792688271476,20.921302792058757,strict_delta_max,1,cross_layer_handoff_executed
resource-defense_greedy-improvement_seed2,2,greedy-improvement,resource-defense,4,3,GA,3.875376774794353,2.487099962309003,0.5960240000000001,0.5960240000000001,0.0,0.0,0.5423008964618484,0.025705999083634103,20.921302792058757,17.045926017264403,strict_delta_max,1,cross_layer_handoff_executed
resource-defense_greedy-improvement_seed2,2,greedy-improvement,resource-defense,4,4,GA,3.714531973380063,2.4071000516414642,0.887308,0.887308,0.0,0.0,0.5423008964618484,0.0242197269595553,17.045926017264403,13.331394043884341,strict_delta_max,1,cross_layer_handoff_executed
resource-defense_greedy-improvement_seed2,2,greedy-improvement,resource-defense,4,5,GA,3.4310496809010473,2.48030002694577,0.8677719999999999,0.8677719999999999,0.0,0.0,0.5423008964618484,0.029644298738154447,13.331394043884341,9.900344362983294,strict_delta_max,1,cross_layer_handoff_executed
resource-defense_greedy-improvement_seed2,2,greedy-improvement,resource-defense,4,6,GA,2.5374670640039003,2.4677999317646027,0.3972000000000001,0.3972000000000001,0.0,0.0,0.5423008964618484,0.04765312175687516,9.900344362983294,7.362877298979393,strict_delta_max,1,cross_layer_handoff_executed
resource-defense_greedy-improvement_seed2,2,greedy-improvement,resource-defense,4,7,GA,3.557063486196956,2.355500007979572,0.9017519999999999,0.9017519999999999,0.0,0.0,0.5423008964618484,0.031775313259050066,7.362877298979393,3.8058138127824375,strict_delta_max,1,cross_layer_handoff_executed
resource-defense_greedy-improvement_seed2,2,greedy-improvement,resource-defense,5,0,GA,3.0651429159958683,2.264500013552606,0.7343599999999999,0.7343599999999999,0.0,0.0,0.5423008964618484,0.030631821019477246,28.0,24.934857084004133,strict_delta_max,1,cross_layer_handoff_executed
resource-defense_greedy-improvement_seed2,2,greedy-improvement,resource-defense,5,1,GA,2.2869327335482947,2.579699968919158,0.8947919999999999,0.8947919999999999,0.0,0.0,0.5423008964618484,0.037904376300538875,24.934857084004133,22.64792435045584,strict_delta_max,1,cross_layer_handoff_executed
resource-defense_greedy-improvement_seed2,2,greedy-improvement,resource-defense,5,2,GA,3.626375214876103,2.4120999732986093,0.885448,0.885448,0.0,0.0,0.5423008964618484,0.025373254067845144,22.64792435045584,19.021549135579736,strict_delta_max,1,cross_layer_handoff_executed
resource-defense_greedy-improvement_seed2,2,greedy-improvement,resource-defense,5,3,GA,3.8546664162747573,2.411800087429583,0.657472,0.657472,0.0,0.0,0.5423008964618484,0.028172031597417328,19.021549135579736,15.16688271930498,strict_delta_max,1,cross_layer_handoff_executed
resource-defense_greedy-improvement_seed2,2,greedy-improvement,resource-defense,5,4,GA,3.44089800597722,2.5198999792337418,0.9563279999999998,0.9563279999999998,0.0,0.0019529785504616688,0.5300660699711247,0.024300287650783722,15.16688271930498,11.72598471332776,strict_delta_max,1,cross_layer_handoff_executed
resource-defense_greedy-improvement_seed2,2,greedy-improvement,resource-defense,5,5,GA,3.4784671965030123,2.4519000435248017,0.657472,0.657472,0.0,0.0,0.5300660699711247,0.03173874595186836,11.72598471332776,8.247517516824747,strict_delta_max,1,cross_layer_handoff_executed
resource-defense_greedy-improvement_seed2,2,greedy-improvement,resource-defense,5,6,GA,2.4011009153120884,2.6681999443098903,0.843688,0.843688,0.0,0.0,0.5300660699711247,0.04211211822429652,8.247517516824747,5.846416601512658,strict_delta_max,1,cross_layer_handoff_executed
resource-defense_greedy-improvement_seed2,2,greedy-improvement,resource-defense,5,7,GA,2.1830643085020744,2.469700062647462,0.951608,0.951608,0.0,0.0,0.541111508369793,0.03909523861809116,5.846416601512658,3.6633522930105835,strict_delta_max,1,cross_layer_handoff_executed
