run_id,git_commit,timestamp,seed,method,benchmark,environment_name,environment_version,task_name,interval,B_tau_ms,allowed_ms,guard_margin_ms,delta_min_ms,delta_max_ms,do_not_start_rule,scheduler_ema_lambda,loop_time_ms,e2e_time_ms,actual_cpu_e2e_ms,total_atomic_cpu_ms,timing_mode,selected_module,atomic_step_duration_ms,num_ga_steps,num_pso_steps,num_rl_steps,candidate_count,evaluated_candidate_count,score,return,win,threshold_T,steps_to_threshold,evaluation_cadence,p95_latency_ms,p99_latency_ms,max_latency_ms,loop_overrun,e2e_overrun,loop_overrun_ms,e2e_overrun_ms,diversity_value,diversity_descriptor_valid,learning_progress_value,improvement_rate_value,handshake_enabled,handshake_events,scheduler_index_ga,scheduler_index_pso,scheduler_index_rl,rng_train_seed,rng_eval_seed,hardware_id,notes
line-duel_DLGPR-full_seed0,no-git,2026-05-27T22:17:34,0,DLGPR-full,self-contained-game-ai,LineDuelEnv,1.0-local,line-duel,0,30.0,28.0,2.0,1.0,4.0,strict_delta_max,0.9,24.99077397554685,26.99077397554685,31.259600073099136,12.748699868097901,simulated_charged,PSO,2.18881862883631,5,2,2,9,9,0.015000000000000013,0.015000000000000013,0.5,0.5,-1,1,26.99077397554685,26.99077397554685,26.99077397554685,False,False,0.0,0.0,0.0,False,0.05141137198210845,0.0,True,11,0.15231408445437633,0.1314130442439233,0.15864087646743552,10000,20000,Windows-AMD64-py3.14.3,self-contained local validation harness; charged-time accounting is disclosed by timing_mode
line-duel_DLGPR-full_seed0,no-git,2026-05-27T22:17:34,0,DLGPR-full,self-contained-game-ai,LineDuelEnv,1.0-local,line-duel,1,30.0,28.0,2.0,1.0,4.0,strict_delta_max,0.9,25.770463116202173,27.770463116202173,41.98760003782809,16.43970003351569,simulated_charged,GA,1.8653585564343254,8,1,2,11,11,0.015000000000000013,0.015000000000000013,0.5,0.5,-1,1,27.731478659169408,27.76266622479562,27.770463116202173,False,False,0.0,0.0,0.4092048769758857,True,0.023172691473791987,0.0,True,13,0.14651431665738227,0.13086419950541955,0.14177312411071902,10000,20000,Windows-AMD64-py3.14.3,self-contained local validation harness; charged-time accounting is disclosed by timing_mode
line-duel_DLGPR-full_seed0,no-git,2026-05-27T22:17:34,0,DLGPR-full,self-contained-game-ai,LineDuelEnv,1.0-local,line-duel,2,30.0,28.0,2.0,1.0,4.0,strict_delta_max,0.9,24.03377218650368,26.03377218650368,33.46639999654144,12.123500113375485,simulated_charged,GA,3.494543522843922,7,1,1,9,9,0.015000000000000013,0.015000000000000013,0.5,0.5,-1,1,27.69249420213664,27.754869333389067,27.770463116202173,False,False,0.0,0.0,0.40966735290251866,True,0.0189686537332157,0.0,True,10,0.142450556012464,0.12371494742948282,0.13626704040022886,10000,20000,Windows-AMD64-py3.14.3,self-contained local validation harness; charged-time accounting is disclosed by timing_mode
line-duel_DLGPR-full_seed0,no-git,2026-05-27T22:17:34,0,DLGPR-full,self-contained-game-ai,LineDuelEnv,1.0-local,line-duel,3,30.0,28.0,2.0,1.0,4.0,strict_delta_max,0.9,26.33184820730914,28.33184820730914,46.48060002364218,16.30319992545992,simulated_charged,GA,3.2943865644441606,10,1,1,12,12,0.015000000000000013,0.015000000000000013,0.5,0.5,-1,1,28.247640443643093,28.31500665457593,28.33184820730914,False,False,0.0,0.0,0.4795846583646936,True,0.01981524294028889,0.0,True,13,0.14797166533350375,0.11839029127661875,0.1326722180287864,10000,20000,Windows-AMD64-py3.14.3,self-contained local validation harness; charged-time accounting is disclosed by timing_mode
line-duel_DLGPR-full_seed0,no-git,2026-05-27T22:17:34,0,DLGPR-full,self-contained-game-ai,LineDuelEnv,1.0-local,line-duel,4,30.0,28.0,2.0,1.0,4.0,strict_delta_max,0.9,27.11667645090528,29.11667645090528,38.246900076046586,17.521100002340972,simulated_charged,RL,4.0,1,1,8,10,10,0.015000000000000013,0.015000000000000013,0.5,0.5,-1,1,28.959710802186052,29.085283321161434,29.11667645090528,False,False,0.0,0.0,0.0,False,0.0025000000000000022,0.0,True,18,0.09108985700012383,0.11269616780661817,0.11146007906173902,10000,20000,Windows-AMD64-py3.14.3,self-contained local validation harness; charged-time accounting is disclosed by timing_mode
line-duel_DLGPR-full_seed0,no-git,2026-05-27T22:17:34,0,DLGPR-full,self-contained-game-ai,LineDuelEnv,1.0-local,line-duel,5,30.0,28.0,2.0,1.0,4.0,strict_delta_max,0.9,25.007544768345735,27.007544768345735,33.650800003670156,16.210499918088317,simulated_charged,PSO,2.5708427092679567,1,5,6,12,12,0.015000000000000013,0.015000000000000013,0.5,0.5,-1,1,28.920469390006247,29.077435038725476,29.11667645090528,False,False,0.0,0.0,0.0,False,0.025677538366636037,0.0,True,18,0.06800429541323193,0.0883057516886606,0.0891210935192107,10000,20000,Windows-AMD64-py3.14.3,self-contained local validation harness; charged-time accounting is disclosed by timing_mode
line-duel_DLGPR-full_seed1,no-git,2026-05-27T22:17:34,1,DLGPR-full,self-contained-game-ai,LineDuelEnv,1.0-local,line-duel,0,30.0,28.0,2.0,1.0,4.0,strict_delta_max,0.9,24.400126509227455,26.400126509227455,40.58739996980876,15.561500214971602,simulated_charged,GA,2.748756718281964,8,1,1,10,10,-1.025,-1.025,0.0,0.5,-1,1,26.400126509227455,26.400126509227455,26.400126509227455,False,False,0.0,0.0,0.8115700590224146,True,0.025646358869680308,0.0,True,11,0.1932876942427414,0.16424470103775546,0.17114899658795163,11000,21000,Windows-AMD64-py3.14.3,self-contained local validation harness; charged-time accounting is disclosed by timing_mode
line-duel_DLGPR-full_seed1,no-git,2026-05-27T22:17:34,1,DLGPR-full,self-contained-game-ai,LineDuelEnv,1.0-local,line-duel,1,30.0,28.0,2.0,1.0,4.0,strict_delta_max,0.9,24.48649945639466,26.48649945639466,50.8726000552997,19.77009978145361,simulated_charged,GA,1.4286262908883705,10,1,1,12,12,-1.025,-1.025,0.0,0.5,-1,1,26.4821808090363,26.48563572692299,26.48649945639466,False,False,0.0,0.0,0.7797754174472316,True,0.0549547590850403,0.0,True,13,0.223553673410448,0.15334994822127793,0.16466672389782055,11000,21000,Windows-AMD64-py3.14.3,self-contained local validation harness; charged-time accounting is disclosed by timing_mode
line-duel_DLGPR-full_seed1,no-git,2026-05-27T22:17:34,1,DLGPR-full,self-contained-game-ai,LineDuelEnv,1.0-local,line-duel,2,30.0,28.0,2.0,1.0,4.0,strict_delta_max,0.9,25.625307283325952,27.625307283325952,35.49749997910112,13.181899907067418,simulated_charged,GA,2.944807140271103,7,1,1,9,9,-1.025,-1.025,0.0,0.5,-1,1,27.511426500632822,27.602531126787326,27.625307283325952,False,False,0.0,0.0,0.7797754174472316,True,0.022140641263900952,0.0,True,10,0.21751819631896158,0.13962365291471376,0.1567775302954639,11000,21000,Windows-AMD64-py3.14.3,self-contained local validation harness; charged-time accounting is disclosed by timing_mode
line-duel_DLGPR-full_seed1,no-git,2026-05-27T22:17:34,1,DLGPR-full,self-contained-game-ai,LineDuelEnv,1.0-local,line-duel,3,30.0,28.0,2.0,1.0,4.0,strict_delta_max,0.9,24.120633931612556,26.120633931612556,36.519300076179206,14.305499847978354,simulated_charged,GA,2.6018542747234177,7,1,1,9,9,-1.025,-1.025,0.0,0.5,-1,1,27.454486109286258,27.591143048518013,27.625307283325952,False,False,0.0,0.0,0.7797754174472316,True,0.025929258921674,0.0,True,10,0.21311533927376256,0.1292713204859043,0.14073135117579103,11000,21000,Windows-AMD64-py3.14.3,self-contained local validation harness; charged-time accounting is disclosed by timing_mode
line-duel_DLGPR-full_seed1,no-git,2026-05-27T22:17:34,1,DLGPR-full,self-contained-game-ai,LineDuelEnv,1.0-local,line-duel,4,30.0,28.0,2.0,1.0,4.0,strict_delta_max,0.9,24.241408444488158,26.241408444488158,35.59410001616925,13.257800019346178,simulated_charged,GA,1.9016652649534325,7,1,1,9,9,-1.025,-1.025,0.0,0.5,-1,1,27.397545717939693,27.5797549702487,27.625307283325952,False,False,0.0,0.0,0.7797754174472316,True,0.055189739216035705,0.0,True,10,0.20971865310042725,0.12112013156513474,0.14030299892951753,11000,21000,Windows-AMD64-py3.14.3,self-contained local validation harness; charged-time accounting is disclosed by timing_mode
line-duel_DLGPR-full_seed1,no-git,2026-05-27T22:17:34,1,DLGPR-full,self-contained-game-ai,LineDuelEnv,1.0-local,line-duel,5,30.0,28.0,2.0,1.0,4.0,strict_delta_max,0.9,24.18558189166044,26.18558189166044,27.86330005619675,10.351199773140252,simulated_charged,GA,3.6664360876391573,5,1,1,7,7,-1.025,-1.025,0.0,0.5,-1,1,27.340605326593128,27.568366891979387,27.625307283325952,False,False,0.0,0.0,0.7797754174472316,True,0.014943402206025715,0.0,True,8,0.2002360541437502,0.11399790319266989,0.12563356163733178,11000,21000,Windows-AMD64-py3.14.3,self-contained local validation harness; charged-time accounting is disclosed by timing_mode
line-duel_DLGPR-full_seed2,no-git,2026-05-27T22:17:34,2,DLGPR-full,self-contained-game-ai,LineDuelEnv,1.0-local,line-duel,0,30.0,28.0,2.0,1.0,4.0,strict_delta_max,0.9,26.716426041271827,28.716426041271827,49.74469996523112,18.687200034037232,simulated_charged,GA,2.963810074078382,11,1,1,13,13,-0.0050000000000000044,-0.0050000000000000044,0.5,0.5,-1,1,28.716426041271827,28.716426041271827,28.716426041271827,False,False,0.0,0.0,0.7812314952078258,True,0.03552784188573753,0.0,True,14,0.21966131334673877,0.17230610830197415,0.18295352579897478,12000,22000,Windows-AMD64-py3.14.3,self-contained local validation harness; charged-time accounting is disclosed by timing_mode
line-duel_DLGPR-full_seed2,no-git,2026-05-27T22:17:34,2,DLGPR-full,self-contained-game-ai,LineDuelEnv,1.0-local,line-duel,1,30.0,28.0,2.0,1.0,4.0,strict_delta_max,0.9,24.488194433462596,26.488194433462596,33.52710010949522,11.836799909360707,simulated_charged,GA,1.8703373874483629,9,1,1,11,11,-0.0050000000000000044,-0.0050000000000000044,0.5,0.5,-1,1,28.605014460881364,28.694143725193733,28.716426041271827,False,False,0.0,0.0,0.6341529133620913,True,0.06115409802883833,0.0,True,12,0.21880360702478016,0.15537557300461197,0.16681355044125595,12000,22000,Windows-AMD64-py3.14.3,self-contained local validation harness; charged-time accounting is disclosed by timing_mode
line-duel_DLGPR-full_seed2,no-git,2026-05-27T22:17:34,2,DLGPR-full,self-contained-game-ai,LineDuelEnv,1.0-local,line-duel,2,30.0,28.0,2.0,1.0,4.0,strict_delta_max,0.9,25.019104492488506,27.019104492488506,38.28219999559224,14.044899609871209,simulated_charged,GA,1.883210479831185,8,1,1,10,10,0.025000000000000022,0.025000000000000022,0.5,0.5,-1,1,28.546693886393495,28.68247961029616,28.716426041271827,False,False,0.0,0.0,0.44849760687166584,True,0.045952712202506685,0.0,True,11,0.17368426888322167,0.1422835097313223,0.15249789229432012,12000,22000,Windows-AMD64-py3.14.3,self-contained local validation harness; charged-time accounting is disclosed by timing_mode
line-duel_DLGPR-full_seed2,no-git,2026-05-27T22:17:34,2,DLGPR-full,self-contained-game-ai,LineDuelEnv,1.0-local,line-duel,3,30.0,28.0,2.0,1.0,4.0,strict_delta_max,0.9,24.01868670575492,26.01868670575492,33.64919999148697,12.260200106538832,simulated_charged,GA,2.498498279482663,6,1,2,9,9,0.025000000000000022,0.025000000000000022,0.5,0.5,-1,1,28.46182780895433,28.665506394808325,28.716426041271827,False,False,0.0,0.0,0.44849760687166584,True,0.026296225035469925,0.0,True,11,0.14737307543605677,0.1312743008114147,0.13507810606260265,12000,22000,Windows-AMD64-py3.14.3,self-contained local validation harness; charged-time accounting is disclosed by timing_mode
line-duel_DLGPR-full_seed2,no-git,2026-05-27T22:17:34,2,DLGPR-full,self-contained-game-ai,LineDuelEnv,1.0-local,line-duel,4,30.0,28.0,2.0,1.0,4.0,strict_delta_max,0.9,26.400168971822804,28.400168971822804,38.58210006728768,15.080900164321065,simulated_charged,GA,3.3783304316076426,7,1,1,9,9,0.025000000000000022,0.025000000000000022,0.5,0.5,-1,1,28.653174627382022,28.703775758493865,28.716426041271827,False,False,0.0,0.0,0.44849760687166584,True,0.018741848938148453,0.0,True,10,0.1415921885169178,0.12272051604000676,0.12273621718978428,12000,22000,Windows-AMD64-py3.14.3,self-contained local validation harness; charged-time accounting is disclosed by timing_mode
line-duel_DLGPR-full_seed2,no-git,2026-05-27T22:17:34,2,DLGPR-full,self-contained-game-ai,LineDuelEnv,1.0-local,line-duel,5,30.0,28.0,2.0,1.0,4.0,strict_delta_max,0.9,26.13952063234661,28.13952063234661,35.902799922041595,13.138999929651618,simulated_charged,GA,2.554883574494971,7,1,1,9,9,0.025000000000000022,0.025000000000000022,0.5,0.5,-1,1,28.63736177390957,28.700613187799377,28.716426041271827,False,False,0.0,0.0,0.44849760687166584,True,0.027988902879289367,0.0,True,10,0.13794358941704676,0.11580872552698177,0.11556244903728581,12000,22000,Windows-AMD64-py3.14.3,self-contained local validation harness; charged-time accounting is disclosed by timing_mode
line-duel_fixed-split_seed0,no-git,2026-05-27T22:17:35,0,fixed-split,self-contained-game-ai,LineDuelEnv,1.0-local,line-duel,0,30.0,28.0,2.0,1.0,4.0,strict_delta_max,0.9,25.718429019173396,27.718429019173396,33.1996000604704,14.505699975416064,simulated_charged,GA,2.654586248440353,4,3,3,10,10,-0.04500000000000004,-0.04500000000000004,0.5,0.5,-1,1,27.718429019173396,27.718429019173396,27.718429019173396,False,False,0.0,0.0,0.6490609342461647,True,0.034627087082184475,0.0,True,13,0.0,0.0,0.0,10000,20000,Windows-AMD64-py3.14.3,self-contained local validation harness; charged-time accounting is disclosed by timing_mode
line-duel_fixed-split_seed0,no-git,2026-05-27T22:17:35,0,fixed-split,self-contained-game-ai,LineDuelEnv,1.0-local,line-duel,1,30.0,28.0,2.0,1.0,4.0,strict_delta_max,0.9,26.100383777169647,28.100383777169647,33.90609996858984,15.263100038282573,simulated_charged,RL,2.4922441904741928,3,4,4,11,11,-0.04500000000000004,-0.04500000000000004,0.5,0.5,-1,1,28.081286039269834,28.096564229589685,28.100383777169647,False,False,0.0,0.0,0.0,False,0.0,0.0,True,15,0.0,0.0,0.0,10000,20000,Windows-AMD64-py3.14.3,self-contained local validation harness; charged-time accounting is disclosed by timing_mode
line-duel_fixed-split_seed0,no-git,2026-05-27T22:17:35,0,fixed-split,self-contained-game-ai,LineDuelEnv,1.0-local,line-duel,2,30.0,28.0,2.0,1.0,4.0,strict_delta_max,0.9,24.796556647691627,26.796556647691627,43.07759995572269,18.86690000537783,simulated_charged,GA,1.5058339404330447,5,4,4,13,13,-0.04500000000000004,-0.04500000000000004,0.5,0.5,-1,1,28.06218830137002,28.092744682009723,28.100383777169647,False,False,0.0,0.0,0.16492998018967,True,0.036859923516276524,0.0,True,17,0.0,0.0,0.0,10000,20000,Windows-AMD64-py3.14.3,self-contained local validation harness; charged-time accounting is disclosed by timing_mode
line-duel_fixed-split_seed0,no-git,2026-05-27T22:17:35,0,fixed-split,self-contained-game-ai,LineDuelEnv,1.0-local,line-duel,3,30.0,28.0,2.0,1.0,4.0,strict_delta_max,0.9,24.725307643679244,26.725307643679244,30.04560002591461,13.955399976111948,simulated_charged,PSO,3.4986549709484467,3,4,3,10,10,-0.04500000000000004,-0.04500000000000004,0.5,0.5,-1,1,28.04309056347021,28.088925134429758,28.100383777169647,False,False,0.0,0.0,0.0,False,0.015520151013188236,0.0,True,13,0.0,0.0,0.0,10000,20000,Windows-AMD64-py3.14.3,self-contained local validation harness; charged-time accounting is disclosed by timing_mode
line-duel_fixed-split_seed0,no-git,2026-05-27T22:17:35,0,fixed-split,self-contained-game-ai,LineDuelEnv,1.0-local,line-duel,4,30.0,28.0,2.0,1.0,4.0,strict_delta_max,0.9,25.68839139774782,27.68839139774782,31.45010001026094,13.689100043848157,simulated_charged,RL,2.604917554706675,3,3,4,10,10,-0.04500000000000004,-0.04500000000000004,0.5,0.5,-1,1,28.023992825570396,28.085105586849796,28.100383777169647,False,False,0.0,0.0,0.0,False,0.0,0.0,True,14,0.0,0.0,0.0,10000,20000,Windows-AMD64-py3.14.3,self-contained local validation harness; charged-time accounting is disclosed by timing_mode
line-duel_fixed-split_seed0,no-git,2026-05-27T22:17:35,0,fixed-split,self-contained-game-ai,LineDuelEnv,1.0-local,line-duel,5,30.0,28.0,2.0,1.0,4.0,strict_delta_max,0.9,25.548230379489798,27.548230379489798,33.35140005219728,14.450399787165225,simulated_charged,GA,1.7077750270474974,4,3,3,10,10,-0.04500000000000004,-0.04500000000000004,0.5,0.5,-1,1,28.004895087670583,28.081286039269834,28.100383777169647,False,False,0.0,0.0,0.16492998018967,True,0.03176636011477445,0.0,True,13,0.0,0.0,0.0,10000,20000,Windows-AMD64-py3.14.3,self-contained local validation harness; charged-time accounting is disclosed by timing_mode
line-duel_fixed-split_seed1,no-git,2026-05-27T22:17:35,1,fixed-split,self-contained-game-ai,LineDuelEnv,1.0-local,line-duel,0,30.0,28.0,2.0,1.0,4.0,strict_delta_max,0.9,25.733177078132158,27.733177078132158,36.49219998624176,16.060200170613825,simulated_charged,GA,3.2810987394175073,4,3,3,10,10,-1.04,-1.04,0.0,0.5,-1,1,27.733177078132158,27.733177078132158,27.733177078132158,False,False,0.0,0.0,0.7772472685794287,True,0.029940224248226906,0.0,True,13,0.0,0.0,0.0,11000,21000,Windows-AMD64-py3.14.3,self-contained local validation harness; charged-time accounting is disclosed by timing_mode
line-duel_fixed-split_seed1,no-git,2026-05-27T22:17:35,1,fixed-split,self-contained-game-ai,LineDuelEnv,1.0-local,line-duel,1,30.0,28.0,2.0,1.0,4.0,strict_delta_max,0.9,24.12778709313882,26.12778709313882,38.719599950127304,17.983500147238374,simulated_charged,RL,4.0,3,4,4,11,11,-1.04,-1.04,0.0,0.5,-1,1,27.65290757888249,27.717123178282225,27.733177078132158,False,False,0.0,0.0,0.0,False,0.007500000000000007,0.0,True,15,0.0,0.0,0.0,11000,21000,Windows-AMD64-py3.14.3,self-contained local validation harness; charged-time accounting is disclosed by timing_mode
line-duel_fixed-split_seed1,no-git,2026-05-27T22:17:35,1,fixed-split,self-contained-game-ai,LineDuelEnv,1.0-local,line-duel,2,30.0,28.0,2.0,1.0,4.0,strict_delta_max,0.9,25.12567730275588,27.12567730275588,36.93439997732639,16.81839977391064,simulated_charged,PSO,2.4734668851403283,4,4,3,11,11,-1.04,-1.04,0.0,0.5,-1,1,27.67242710059453,27.721027082624634,27.733177078132158,False,False,0.0,0.0,0.0,False,0.03209500829799143,0.0,True,14,0.0,0.0,0.0,11000,21000,Windows-AMD64-py3.14.3,self-contained local validation harness; charged-time accounting is disclosed by timing_mode
line-duel_fixed-split_seed1,no-git,2026-05-27T22:17:35,1,fixed-split,self-contained-game-ai,LineDuelEnv,1.0-local,line-duel,3,30.0,28.0,2.0,1.0,4.0,strict_delta_max,0.9,27.34231968371295,29.34231968371295,33.884999924339354,15.39909967686981,simulated_charged,RL,4.0,3,3,4,10,10,-1.04,-1.04,0.0,0.5,-1,1,29.10094829287583,29.29404540554553,29.34231968371295,False,False,0.0,0.0,0.0,False,0.5175000000000001,0.0,True,14,0.0,0.0,0.0,11000,21000,Windows-AMD64-py3.14.3,self-contained local validation harness; charged-time accounting is disclosed by timing_mode
line-duel_fixed-split_seed1,no-git,2026-05-27T22:17:35,1,fixed-split,self-contained-game-ai,LineDuelEnv,1.0-local,line-duel,4,30.0,28.0,2.0,1.0,4.0,strict_delta_max,0.9,24.73759214086723,26.73759214086723,39.972699945792556,18.606700003147125,simulated_charged,RL,2.0909921456597362,4,4,4,12,12,-1.03,-1.03,0.0,0.5,-1,1,29.02049116259679,29.27795397948972,29.34231968371295,False,False,0.0,0.0,0.0,False,0.0,0.0,True,16,0.0,0.0,0.0,11000,21000,Windows-AMD64-py3.14.3,self-contained local validation harness; charged-time accounting is disclosed by timing_mode
line-duel_fixed-split_seed1,no-git,2026-05-27T22:17:35,1,fixed-split,self-contained-game-ai,LineDuelEnv,1.0-local,line-duel,5,30.0,28.0,2.0,1.0,4.0,strict_delta_max,0.9,26.52601506549928,28.52601506549928,33.99590007029474,15.183699666522443,simulated_charged,GA,2.867229962546011,4,3,3,10,10,-1.025,-1.025,0.0,0.5,-1,1,29.13824352915953,29.301504452802266,29.34231968371295,False,False,0.0,0.0,0.7469520868227956,True,0.04961964550033471,0.0,True,13,0.0,0.0,0.0,11000,21000,Windows-AMD64-py3.14.3,self-contained local validation harness; charged-time accounting is disclosed by timing_mode
line-duel_fixed-split_seed2,no-git,2026-05-27T22:17:35,2,fixed-split,self-contained-game-ai,LineDuelEnv,1.0-local,line-duel,0,30.0,28.0,2.0,1.0,4.0,strict_delta_max,0.9,24.019478878449952,26.019478878449952,33.78209995571524,15.874699922278523,simulated_charged,GA,2.689317696034336,4,3,3,10,10,-0.0050000000000000044,-0.0050000000000000044,0.5,0.5,-1,1,26.019478878449952,26.019478878449952,26.019478878449952,False,False,0.0,0.0,0.6858479521469404,True,0.03966767612242961,0.0,True,13,0.0,0.0,0.0,12000,22000,Windows-AMD64-py3.14.3,self-contained local validation harness; charged-time accounting is disclosed by timing_mode
line-duel_fixed-split_seed2,no-git,2026-05-27T22:17:35,2,fixed-split,self-contained-game-ai,LineDuelEnv,1.0-local,line-duel,1,30.0,28.0,2.0,1.0,4.0,strict_delta_max,0.9,24.622833711755852,26.622833711755852,30.828200047835708,14.688299968838692,simulated_charged,RL,2.1317991423535707,3,4,4,11,11,0.025000000000000022,0.025000000000000022,0.5,0.5,-1,1,26.592665970090557,26.616800163422795,26.622833711755852,False,False,0.0,0.0,0.0,False,0.03283611415788354,0.0,True,15,0.0,0.0,0.0,12000,22000,Windows-AMD64-py3.14.3,self-contained local validation harness; charged-time accounting is disclosed by timing_mode
line-duel_fixed-split_seed2,no-git,2026-05-27T22:17:35,2,fixed-split,self-contained-game-ai,LineDuelEnv,1.0-local,line-duel,2,30.0,28.0,2.0,1.0,4.0,strict_delta_max,0.9,24.783537228190156,26.783537228190156,31.32830001413822,14.275799738243222,simulated_charged,PSO,1.3467604633095096,4,4,3,11,11,0.025000000000000022,0.025000000000000022,0.5,0.5,-1,1,26.767466876546724,26.78032315786147,26.783537228190156,False,False,0.0,0.0,0.0,False,0.09436792002165693,0.0,True,14,0.0,0.0,0.0,12000,22000,Windows-AMD64-py3.14.3,self-contained local validation harness; charged-time accounting is disclosed by timing_mode
line-duel_fixed-split_seed2,no-git,2026-05-27T22:17:35,2,fixed-split,self-contained-game-ai,LineDuelEnv,1.0-local,line-duel,3,30.0,28.0,2.0,1.0,4.0,strict_delta_max,0.9,25.31498844694741,27.31498844694741,29.607299948111176,14.152799965813756,simulated_charged,RL,3.7105839696207106,3,3,4,10,10,0.025000000000000022,0.025000000000000022,0.5,0.5,-1,1,27.235270764133823,27.299044910384694,27.31498844694741,False,False,0.0,0.0,0.0,False,0.0,0.0,True,14,0.0,0.0,0.0,12000,22000,Windows-AMD64-py3.14.3,self-contained local validation harness; charged-time accounting is disclosed by timing_mode
line-duel_fixed-split_seed2,no-git,2026-05-27T22:17:35,2,fixed-split,self-contained-game-ai,LineDuelEnv,1.0-local,line-duel,4,30.0,28.0,2.0,1.0,4.0,strict_delta_max,0.9,24.361476738371007,26.361476738371007,29.79219995904714,12.561699957586825,simulated_charged,GA,1.1940633338985955,4,3,3,10,10,0.025000000000000022,0.025000000000000022,0.5,0.5,-1,1,27.208698203195958,27.29373039819712,27.31498844694741,False,False,0.0,0.0,0.4995192726139319,True,0.06780905229795453,0.0,True,13,0.0,0.0,0.0,12000,22000,Windows-AMD64-py3.14.3,self-contained local validation harness; charged-time accounting is disclosed by timing_mode
line-duel_fixed-split_seed2,no-git,2026-05-27T22:17:35,2,fixed-split,self-contained-game-ai,LineDuelEnv,1.0-local,line-duel,5,30.0,28.0,2.0,1.0,4.0,strict_delta_max,0.9,25.929263027049014,27.929263027049014,32.31040004175156,15.822899993509054,simulated_charged,RL,2.7995073587195543,3,4,4,11,11,0.025000000000000022,0.025000000000000022,0.5,0.5,-1,1,27.775694382023612,27.898549298043935,27.929263027049014,False,False,0.0,0.0,0.0,False,0.0,0.0,True,15,0.0,0.0,0.0,12000,22000,Windows-AMD64-py3.14.3,self-contained local validation harness; charged-time accounting is disclosed by timing_mode
line-duel_round-robin_seed0,no-git,2026-05-27T22:17:36,0,round-robin,self-contained-game-ai,LineDuelEnv,1.0-local,line-duel,0,30.0,28.0,2.0,1.0,4.0,strict_delta_max,0.9,25.718429019173396,27.718429019173396,32.64140000101179,13.97009997162968,simulated_charged,GA,2.654586248440353,4,3,3,10,10,-0.04500000000000004,-0.04500000000000004,0.5,0.5,-1,1,27.718429019173396,27.718429019173396,27.718429019173396,False,False,0.0,0.0,0.6490609342461647,True,0.034627087082184475,0.0,True,13,0.0,0.0,0.0,10000,20000,Windows-AMD64-py3.14.3,self-contained local validation harness; charged-time accounting is disclosed by timing_mode
line-duel_round-robin_seed0,no-git,2026-05-27T22:17:36,0,round-robin,self-contained-game-ai,LineDuelEnv,1.0-local,line-duel,1,30.0,28.0,2.0,1.0,4.0,strict_delta_max,0.9,26.100383777169647,28.100383777169647,32.08460006862879,13.873000047169626,simulated_charged,RL,2.4922441904741928,3,4,4,11,11,-0.04500000000000004,-0.04500000000000004,0.5,0.5,-1,1,28.081286039269834,28.096564229589685,28.100383777169647,False,False,0.0,0.0,0.0,False,0.0,0.0,True,15,0.0,0.0,0.0,10000,20000,Windows-AMD64-py3.14.3,self-contained local validation harness; charged-time accounting is disclosed by timing_mode
line-duel_round-robin_seed0,no-git,2026-05-27T22:17:36,0,round-robin,self-contained-game-ai,LineDuelEnv,1.0-local,line-duel,2,30.0,28.0,2.0,1.0,4.0,strict_delta_max,0.9,24.796556647691627,26.796556647691627,41.221900028176606,17.84679980482906,simulated_charged,GA,1.5058339404330447,5,4,4,13,13,-0.04500000000000004,-0.04500000000000004,0.5,0.5,-1,1,28.06218830137002,28.092744682009723,28.100383777169647,False,False,0.0,0.0,0.16492998018967,True,0.036859923516276524,0.0,True,17,0.0,0.0,0.0,10000,20000,Windows-AMD64-py3.14.3,self-contained local validation harness; charged-time accounting is disclosed by timing_mode
line-duel_round-robin_seed0,no-git,2026-05-27T22:17:36,0,round-robin,self-contained-game-ai,LineDuelEnv,1.0-local,line-duel,3,30.0,28.0,2.0,1.0,4.0,strict_delta_max,0.9,24.725307643679244,26.725307643679244,29.85460008494556,14.39540006686002,simulated_charged,PSO,3.4986549709484467,3,4,3,10,10,-0.04500000000000004,-0.04500000000000004,0.5,0.5,-1,1,28.04309056347021,28.088925134429758,28.100383777169647,False,False,0.0,0.0,0.0,False,0.015520151013188236,0.0,True,13,0.0,0.0,0.0,10000,20000,Windows-AMD64-py3.14.3,self-contained local validation harness; charged-time accounting is disclosed by timing_mode
line-duel_round-robin_seed0,no-git,2026-05-27T22:17:36,0,round-robin,self-contained-game-ai,LineDuelEnv,1.0-local,line-duel,4,30.0,28.0,2.0,1.0,4.0,strict_delta_max,0.9,25.68839139774782,27.68839139774782,31.213899957947433,13.819500338286161,simulated_charged,RL,2.604917554706675,3,3,4,10,10,-0.04500000000000004,-0.04500000000000004,0.5,0.5,-1,1,28.023992825570396,28.085105586849796,28.100383777169647,False,False,0.0,0.0,0.0,False,0.0,0.0,True,14,0.0,0.0,0.0,10000,20000,Windows-AMD64-py3.14.3,self-contained local validation harness; charged-time accounting is disclosed by timing_mode
line-duel_round-robin_seed0,no-git,2026-05-27T22:17:36,0,round-robin,self-contained-game-ai,LineDuelEnv,1.0-local,line-duel,5,30.0,28.0,2.0,1.0,4.0,strict_delta_max,0.9,25.548230379489798,27.548230379489798,32.661300036124885,14.375700033269823,simulated_charged,GA,1.7077750270474974,4,3,3,10,10,-0.04500000000000004,-0.04500000000000004,0.5,0.5,-1,1,28.004895087670583,28.081286039269834,28.100383777169647,False,False,0.0,0.0,0.16492998018967,True,0.03176636011477445,0.0,True,13,0.0,0.0,0.0,10000,20000,Windows-AMD64-py3.14.3,self-contained local validation harness; charged-time accounting is disclosed by timing_mode
line-duel_round-robin_seed1,no-git,2026-05-27T22:17:36,1,round-robin,self-contained-game-ai,LineDuelEnv,1.0-local,line-duel,0,30.0,28.0,2.0,1.0,4.0,strict_delta_max,0.9,25.733177078132158,27.733177078132158,36.95339988917112,16.27270015887916,simulated_charged,GA,3.2810987394175073,4,3,3,10,10,-1.04,-1.04,0.0,0.5,-1,1,27.733177078132158,27.733177078132158,27.733177078132158,False,False,0.0,0.0,0.7772472685794287,True,0.029940224248226906,0.0,True,13,0.0,0.0,0.0,11000,21000,Windows-AMD64-py3.14.3,self-contained local validation harness; charged-time accounting is disclosed by timing_mode
line-duel_round-robin_seed1,no-git,2026-05-27T22:17:36,1,round-robin,self-contained-game-ai,LineDuelEnv,1.0-local,line-duel,1,30.0,28.0,2.0,1.0,4.0,strict_delta_max,0.9,24.12778709313882,26.12778709313882,39.489999995566905,18.639099784195423,simulated_charged,RL,4.0,3,4,4,11,11,-1.04,-1.04,0.0,0.5,-1,1,27.65290757888249,27.717123178282225,27.733177078132158,False,False,0.0,0.0,0.0,False,0.007500000000000007,0.0,True,15,0.0,0.0,0.0,11000,21000,Windows-AMD64-py3.14.3,self-contained local validation harness; charged-time accounting is disclosed by timing_mode
line-duel_round-robin_seed1,no-git,2026-05-27T22:17:36,1,round-robin,self-contained-game-ai,LineDuelEnv,1.0-local,line-duel,2,30.0,28.0,2.0,1.0,4.0,strict_delta_max,0.9,25.12567730275588,27.12567730275588,36.43530001863837,16.24620018992573,simulated_charged,PSO,2.4734668851403283,4,4,3,11,11,-1.04,-1.04,0.0,0.5,-1,1,27.67242710059453,27.721027082624634,27.733177078132158,False,False,0.0,0.0,0.0,False,0.03209500829799143,0.0,True,14,0.0,0.0,0.0,11000,21000,Windows-AMD64-py3.14.3,self-contained local validation harness; charged-time accounting is disclosed by timing_mode
line-duel_round-robin_seed1,no-git,2026-05-27T22:17:36,1,round-robin,self-contained-game-ai,LineDuelEnv,1.0-local,line-duel,3,30.0,28.0,2.0,1.0,4.0,strict_delta_max,0.9,27.34231968371295,29.34231968371295,33.78659998998046,15.473600011318922,simulated_charged,RL,4.0,3,3,4,10,10,-1.04,-1.04,0.0,0.5,-1,1,29.10094829287583,29.29404540554553,29.34231968371295,False,False,0.0,0.0,0.0,False,0.5175000000000001,0.0,True,14,0.0,0.0,0.0,11000,21000,Windows-AMD64-py3.14.3,self-contained local validation harness; charged-time accounting is disclosed by timing_mode
line-duel_round-robin_seed1,no-git,2026-05-27T22:17:36,1,round-robin,self-contained-game-ai,LineDuelEnv,1.0-local,line-duel,4,30.0,28.0,2.0,1.0,4.0,strict_delta_max,0.9,24.73759214086723,26.73759214086723,38.69499999564141,17.59930024854839,simulated_charged,RL,2.0909921456597362,4,4,4,12,12,-1.03,-1.03,0.0,0.5,-1,1,29.02049116259679,29.27795397948972,29.34231968371295,False,False,0.0,0.0,0.0,False,0.0,0.0,True,16,0.0,0.0,0.0,11000,21000,Windows-AMD64-py3.14.3,self-contained local validation harness; charged-time accounting is disclosed by timing_mode
line-duel_round-robin_seed1,no-git,2026-05-27T22:17:36,1,round-robin,self-contained-game-ai,LineDuelEnv,1.0-local,line-duel,5,30.0,28.0,2.0,1.0,4.0,strict_delta_max,0.9,26.52601506549928,28.52601506549928,34.175399923697114,15.232599922455847,simulated_charged,GA,2.867229962546011,4,3,3,10,10,-1.025,-1.025,0.0,0.5,-1,1,29.13824352915953,29.301504452802266,29.34231968371295,False,False,0.0,0.0,0.7469520868227956,True,0.04961964550033471,0.0,True,13,0.0,0.0,0.0,11000,21000,Windows-AMD64-py3.14.3,self-contained local validation harness; charged-time accounting is disclosed by timing_mode
line-duel_round-robin_seed2,no-git,2026-05-27T22:17:36,2,round-robin,self-contained-game-ai,LineDuelEnv,1.0-local,line-duel,0,30.0,28.0,2.0,1.0,4.0,strict_delta_max,0.9,24.019478878449952,26.019478878449952,33.54079998098314,15.8042999682948,simulated_charged,GA,2.689317696034336,4,3,3,10,10,-0.0050000000000000044,-0.0050000000000000044,0.5,0.5,-1,1,26.019478878449952,26.019478878449952,26.019478878449952,False,False,0.0,0.0,0.6858479521469404,True,0.03966767612242961,0.0,True,13,0.0,0.0,0.0,12000,22000,Windows-AMD64-py3.14.3,self-contained local validation harness; charged-time accounting is disclosed by timing_mode
line-duel_round-robin_seed2,no-git,2026-05-27T22:17:36,2,round-robin,self-contained-game-ai,LineDuelEnv,1.0-local,line-duel,1,30.0,28.0,2.0,1.0,4.0,strict_delta_max,0.9,24.622833711755852,26.622833711755852,32.187000033445656,15.47250000294298,simulated_charged,RL,2.1317991423535707,3,4,4,11,11,0.025000000000000022,0.025000000000000022,0.5,0.5,-1,1,26.592665970090557,26.616800163422795,26.622833711755852,False,False,0.0,0.0,0.0,False,0.03283611415788354,0.0,True,15,0.0,0.0,0.0,12000,22000,Windows-AMD64-py3.14.3,self-contained local validation harness; charged-time accounting is disclosed by timing_mode
line-duel_round-robin_seed2,no-git,2026-05-27T22:17:36,2,round-robin,self-contained-game-ai,LineDuelEnv,1.0-local,line-duel,2,30.0,28.0,2.0,1.0,4.0,strict_delta_max,0.9,24.783537228190156,26.783537228190156,32.55390003323555,15.628400025889277,simulated_charged,PSO,1.3467604633095096,4,4,3,11,11,0.025000000000000022,0.025000000000000022,0.5,0.5,-1,1,26.767466876546724,26.78032315786147,26.783537228190156,False,False,0.0,0.0,0.0,False,0.09436792002165693,0.0,True,14,0.0,0.0,0.0,12000,22000,Windows-AMD64-py3.14.3,self-contained local validation harness; charged-time accounting is disclosed by timing_mode
line-duel_round-robin_seed2,no-git,2026-05-27T22:17:36,2,round-robin,self-contained-game-ai,LineDuelEnv,1.0-local,line-duel,3,30.0,28.0,2.0,1.0,4.0,strict_delta_max,0.9,25.31498844694741,27.31498844694741,30.1208000164479,14.28120001219213,simulated_charged,RL,3.7105839696207106,3,3,4,10,10,0.025000000000000022,0.025000000000000022,0.5,0.5,-1,1,27.235270764133823,27.299044910384694,27.31498844694741,False,False,0.0,0.0,0.0,False,0.0,0.0,True,14,0.0,0.0,0.0,12000,22000,Windows-AMD64-py3.14.3,self-contained local validation harness; charged-time accounting is disclosed by timing_mode
line-duel_round-robin_seed2,no-git,2026-05-27T22:17:36,2,round-robin,self-contained-game-ai,LineDuelEnv,1.0-local,line-duel,4,30.0,28.0,2.0,1.0,4.0,strict_delta_max,0.9,24.361476738371007,26.361476738371007,30.527799972333014,12.701799860224128,simulated_charged,GA,1.1940633338985955,4,3,3,10,10,0.025000000000000022,0.025000000000000022,0.5,0.5,-1,1,27.208698203195958,27.29373039819712,27.31498844694741,False,False,0.0,0.0,0.4995192726139319,True,0.06780905229795453,0.0,True,13,0.0,0.0,0.0,12000,22000,Windows-AMD64-py3.14.3,self-contained local validation harness; charged-time accounting is disclosed by timing_mode
line-duel_round-robin_seed2,no-git,2026-05-27T22:17:36,2,round-robin,self-contained-game-ai,LineDuelEnv,1.0-local,line-duel,5,30.0,28.0,2.0,1.0,4.0,strict_delta_max,0.9,25.929263027049014,27.929263027049014,32.71499997936189,15.535300015471876,simulated_charged,RL,2.7995073587195543,3,4,4,11,11,0.025000000000000022,0.025000000000000022,0.5,0.5,-1,1,27.775694382023612,27.898549298043935,27.929263027049014,False,False,0.0,0.0,0.0,False,0.0,0.0,True,15,0.0,0.0,0.0,12000,22000,Windows-AMD64-py3.14.3,self-contained local validation harness; charged-time accounting is disclosed by timing_mode
line-duel_greedy-improvement_seed0,no-git,2026-05-27T22:17:37,0,greedy-improvement,self-contained-game-ai,LineDuelEnv,1.0-local,line-duel,0,30.0,28.0,2.0,1.0,4.0,strict_delta_max,0.9,24.256585879403676,26.256585879403676,41.017199982889,15.520100016146898,simulated_charged,GA,2.944785666803855,9,0,0,9,9,0.015000000000000013,0.015000000000000013,0.5,0.5,-1,1,26.256585879403676,26.256585879403676,26.256585879403676,False,False,0.0,0.0,0.629872737374901,True,0.025245448390572398,0.0,True,9,0.0,0.0,0.0,10000,20000,Windows-AMD64-py3.14.3,self-contained local validation harness; charged-time accounting is disclosed by timing_mode
line-duel_greedy-improvement_seed0,no-git,2026-05-27T22:17:37,0,greedy-improvement,self-contained-game-ai,LineDuelEnv,1.0-local,line-duel,1,30.0,28.0,2.0,1.0,4.0,strict_delta_max,0.9,25.254326582624508,27.254326582624508,44.31660007685423,15.043000224977732,simulated_charged,GA,3.617056485066973,11,0,0,11,11,0.015000000000000013,0.015000000000000013,0.5,0.5,-1,1,27.204439547463465,27.244349175592298,27.254326582624508,False,False,0.0,0.0,0.585947675557486,True,0.025055160081651994,0.0,True,11,0.0,0.0,0.0,10000,20000,Windows-AMD64-py3.14.3,self-contained local validation harness; charged-time accounting is disclosed by timing_mode
line-duel_greedy-improvement_seed0,no-git,2026-05-27T22:17:37,0,greedy-improvement,self-contained-game-ai,LineDuelEnv,1.0-local,line-duel,2,30.0,28.0,2.0,1.0,4.0,strict_delta_max,0.9,24.131551623672117,26.131551623672117,31.342800008133054,9.243600070476532,simulated_charged,GA,3.007771186781455,8,0,0,8,8,0.015000000000000013,0.015000000000000013,0.5,0.5,-1,1,27.154552512302423,27.23437176856009,27.254326582624508,False,False,0.0,0.0,0.46888634094355536,True,0.027421656986500686,0.0,True,8,0.0,0.0,0.0,10000,20000,Windows-AMD64-py3.14.3,self-contained local validation harness; charged-time accounting is disclosed by timing_mode
line-duel_greedy-improvement_seed0,no-git,2026-05-27T22:17:37,0,greedy-improvement,self-contained-game-ai,LineDuelEnv,1.0-local,line-duel,3,30.0,28.0,2.0,1.0,4.0,strict_delta_max,0.9,24.67384048327236,26.67384048327236,36.638100049458444,11.389999883249402,simulated_charged,GA,3.4987018011053794,9,0,0,9,9,0.015000000000000013,0.015000000000000013,0.5,0.5,-1,1,27.167253667721685,27.236911999643944,27.254326582624508,False,False,0.0,0.0,0.46888634094355536,True,0.016707940214708967,0.0,True,9,0.0,0.0,0.0,10000,20000,Windows-AMD64-py3.14.3,self-contained local validation harness; charged-time accounting is disclosed by timing_mode
line-duel_greedy-improvement_seed0,no-git,2026-05-27T22:17:37,0,greedy-improvement,self-contained-game-ai,LineDuelEnv,1.0-local,line-duel,4,30.0,28.0,2.0,1.0,4.0,strict_delta_max,0.9,25.481284062808736,27.481284062808736,41.92029999103397,12.985100038349628,simulated_charged,GA,3.46581859022326,11,0,0,11,11,0.015000000000000013,0.015000000000000013,0.5,0.5,-1,1,27.43589256677189,27.472205763601366,27.481284062808736,False,False,0.0,0.0,0.46888634094355536,True,0.021062519759437435,0.0,True,11,0.0,0.0,0.0,10000,20000,Windows-AMD64-py3.14.3,self-contained local validation harness; charged-time accounting is disclosed by timing_mode
line-duel_greedy-improvement_seed0,no-git,2026-05-27T22:17:37,0,greedy-improvement,self-contained-game-ai,LineDuelEnv,1.0-local,line-duel,5,30.0,28.0,2.0,1.0,4.0,strict_delta_max,0.9,24.209880346054263,26.209880346054263,39.99780002050102,12.85600010305643,simulated_charged,GA,3.191832606418024,10,0,0,10,10,0.015000000000000013,0.015000000000000013,0.5,0.5,-1,1,27.42454469276268,27.469936188799526,27.481284062808736,False,False,0.0,0.0,0.46888634094355536,True,0.020583981154581252,0.0,True,10,0.0,0.0,0.0,10000,20000,Windows-AMD64-py3.14.3,self-contained local validation harness; charged-time accounting is disclosed by timing_mode
line-duel_greedy-improvement_seed1,no-git,2026-05-27T22:17:37,1,greedy-improvement,self-contained-game-ai,LineDuelEnv,1.0-local,line-duel,0,30.0,28.0,2.0,1.0,4.0,strict_delta_max,0.9,26.70925401481039,28.70925401481039,38.83940004743636,14.370999997481704,simulated_charged,GA,3.880593776600343,9,0,0,9,9,-1.04,-1.04,0.0,0.5,-1,1,28.70925401481039,28.70925401481039,28.70925401481039,False,False,0.0,0.0,0.7947423919546869,True,0.030370586676992665,0.0,True,9,0.0,0.0,0.0,11000,21000,Windows-AMD64-py3.14.3,self-contained local validation harness; charged-time accounting is disclosed by timing_mode
line-duel_greedy-improvement_seed1,no-git,2026-05-27T22:17:37,1,greedy-improvement,self-contained-game-ai,LineDuelEnv,1.0-local,line-duel,1,30.0,28.0,2.0,1.0,4.0,strict_delta_max,0.9,24.716768546169465,26.716768546169465,34.09920004196465,11.851400136947632,simulated_charged,GA,3.709297983720855,8,0,0,8,8,-1.04,-1.04,0.0,0.5,-1,1,28.609629741378345,28.689329160123982,28.70925401481039,False,False,0.0,0.0,0.7947423919546869,True,0.01809071996715426,0.0,True,8,0.0,0.0,0.0,11000,21000,Windows-AMD64-py3.14.3,self-contained local validation harness; charged-time accounting is disclosed by timing_mode
line-duel_greedy-improvement_seed1,no-git,2026-05-27T22:17:37,1,greedy-improvement,self-contained-game-ai,LineDuelEnv,1.0-local,line-duel,2,30.0,28.0,2.0,1.0,4.0,strict_delta_max,0.9,24.63143263460346,26.63143263460346,38.25560002587736,14.049199759028852,simulated_charged,GA,2.866365385803378,9,0,0,9,9,-1.04,-1.04,0.0,0.5,-1,1,28.510005467946296,28.66940430543757,28.70925401481039,False,False,0.0,0.0,0.7947423919546869,True,0.020408516729743278,0.0,True,9,0.0,0.0,0.0,11000,21000,Windows-AMD64-py3.14.3,self-contained local validation harness; charged-time accounting is disclosed by timing_mode
line-duel_greedy-improvement_seed1,no-git,2026-05-27T22:17:37,1,greedy-improvement,self-contained-game-ai,LineDuelEnv,1.0-local,line-duel,3,30.0,28.0,2.0,1.0,4.0,strict_delta_max,0.9,25.098605014790667,27.098605014790667,41.568399989046156,13.98329995572567,simulated_charged,GA,3.433424312258796,10,0,0,10,10,-1.0150000000000001,-1.0150000000000001,0.0,0.5,-1,1,28.467656664807432,28.6609345448098,28.70925401481039,False,False,0.0,0.0,0.794443307638502,True,0.014384710226831906,0.0,True,10,0.0,0.0,0.0,11000,21000,Windows-AMD64-py3.14.3,self-contained local validation harness; charged-time accounting is disclosed by timing_mode
line-duel_greedy-improvement_seed1,no-git,2026-05-27T22:17:37,1,greedy-improvement,self-contained-game-ai,LineDuelEnv,1.0-local,line-duel,4,30.0,28.0,2.0,1.0,4.0,strict_delta_max,0.9,25.691962342731625,27.691962342731625,54.24269998911768,18.846499966457486,simulated_charged,GA,2.0541326229632113,13,0,0,13,13,-1.0150000000000001,-1.0150000000000001,0.0,0.5,-1,1,28.505795680394638,28.66856234792724,28.70925401481039,False,False,0.0,0.0,0.8039066354672313,True,0.027877681620482583,0.0,True,13,0.0,0.0,0.0,11000,21000,Windows-AMD64-py3.14.3,self-contained local validation harness; charged-time accounting is disclosed by timing_mode
line-duel_greedy-improvement_seed1,no-git,2026-05-27T22:17:37,1,greedy-improvement,self-contained-game-ai,LineDuelEnv,1.0-local,line-duel,5,30.0,28.0,2.0,1.0,4.0,strict_delta_max,0.9,27.10955755580117,29.10955755580117,42.39660000894219,15.305700013414025,simulated_charged,GA,3.9991205201942557,10,0,0,10,10,-1.0150000000000001,-1.0150000000000001,0.0,0.5,-1,1,29.009481670553477,29.08954237875163,29.10955755580117,False,False,0.0,0.0,0.8039066354672313,True,0.015294991729222515,0.0,True,10,0.0,0.0,0.0,11000,21000,Windows-AMD64-py3.14.3,self-contained local validation harness; charged-time accounting is disclosed by timing_mode
line-duel_greedy-improvement_seed2,no-git,2026-05-27T22:17:37,2,greedy-improvement,self-contained-game-ai,LineDuelEnv,1.0-local,line-duel,0,30.0,28.0,2.0,1.0,4.0,strict_delta_max,0.9,24.471207167702836,26.471207167702836,41.742000030353665,14.215299976058304,simulated_charged,GA,1.8155566597074992,10,0,0,10,10,-0.0050000000000000044,-0.0050000000000000044,0.5,0.5,-1,1,26.471207167702836,26.471207167702836,26.471207167702836,False,False,0.0,0.0,0.6997638420786222,True,0.06240222532756143,0.0,True,10,0.0,0.0,0.0,12000,22000,Windows-AMD64-py3.14.3,self-contained local validation harness; charged-time accounting is disclosed by timing_mode
line-duel_greedy-improvement_seed2,no-git,2026-05-27T22:17:37,2,greedy-improvement,self-contained-game-ai,LineDuelEnv,1.0-local,line-duel,1,30.0,28.0,2.0,1.0,4.0,strict_delta_max,0.9,26.914243420670786,28.914243420670786,41.823700070381165,14.384299982339144,simulated_charged,GA,3.5482159429541262,10,0,0,10,10,-0.0050000000000000044,-0.0050000000000000044,0.5,0.5,-1,1,28.79209160802239,28.889813058141108,28.914243420670786,False,False,0.0,0.0,0.4169513110045364,True,0.031006341518334552,0.0,True,10,0.0,0.0,0.0,12000,22000,Windows-AMD64-py3.14.3,self-contained local validation harness; charged-time accounting is disclosed by timing_mode
line-duel_greedy-improvement_seed2,no-git,2026-05-27T22:17:37,2,greedy-improvement,self-contained-game-ai,LineDuelEnv,1.0-local,line-duel,2,30.0,28.0,2.0,1.0,4.0,strict_delta_max,0.9,26.77896895016249,28.77896895016249,49.548399983905256,16.792000038549304,simulated_charged,GA,3.058286705164339,12,0,0,12,12,-0.0050000000000000044,-0.0050000000000000044,0.5,0.5,-1,1,28.900715973619956,28.91153793126062,28.914243420670786,False,False,0.0,0.0,0.43078802384298653,True,0.02091583411560469,0.0,True,12,0.0,0.0,0.0,12000,22000,Windows-AMD64-py3.14.3,self-contained local validation harness; charged-time accounting is disclosed by timing_mode
line-duel_greedy-improvement_seed2,no-git,2026-05-27T22:17:37,2,greedy-improvement,self-contained-game-ai,LineDuelEnv,1.0-local,line-duel,3,30.0,28.0,2.0,1.0,4.0,strict_delta_max,0.9,25.097951798075183,27.097951798075183,45.59799993876368,16.04699995368719,simulated_charged,GA,1.4878687279934035,11,0,0,11,11,-0.0050000000000000044,-0.0050000000000000044,0.5,0.5,-1,1,28.893952250094543,28.910185186555537,28.914243420670786,False,False,0.0,0.0,0.43078802384298653,True,0.03425653018882695,0.0,True,11,0.0,0.0,0.0,12000,22000,Windows-AMD64-py3.14.3,self-contained local validation harness; charged-time accounting is disclosed by timing_mode
line-duel_greedy-improvement_seed2,no-git,2026-05-27T22:17:37,2,greedy-improvement,self-contained-game-ai,LineDuelEnv,1.0-local,line-duel,4,30.0,28.0,2.0,1.0,4.0,strict_delta_max,0.9,26.231229304829508,28.231229304829508,41.49829992093146,14.271700056269765,simulated_charged,GA,2.816339697197972,10,0,0,10,10,-0.0050000000000000044,-0.0050000000000000044,0.5,0.5,-1,1,28.887188526569126,28.908832441850453,28.914243420670786,False,False,0.0,0.0,0.43078802384298653,True,0.021789168628090057,0.0,True,10,0.0,0.0,0.0,12000,22000,Windows-AMD64-py3.14.3,self-contained local validation harness; charged-time accounting is disclosed by timing_mode
line-duel_greedy-improvement_seed2,no-git,2026-05-27T22:17:37,2,greedy-improvement,self-contained-game-ai,LineDuelEnv,1.0-local,line-duel,5,30.0,28.0,2.0,1.0,4.0,strict_delta_max,0.9,25.146018815407007,27.146018815407007,44.907899922691286,15.35870018415153,simulated_charged,GA,3.265519671863714,11,0,0,11,11,-0.0050000000000000044,-0.0050000000000000044,0.5,0.5,-1,1,28.880424803043713,28.907479697145373,28.914243420670786,False,False,0.0,0.0,0.43078802384298653,True,0.019804439082593297,0.0,True,11,0.0,0.0,0.0,12000,22000,Windows-AMD64-py3.14.3,self-contained local validation harness; charged-time accounting is disclosed by timing_mode
grid-treasure_DLGPR-full_seed0,no-git,2026-05-27T22:17:38,0,DLGPR-full,self-contained-game-ai,GridTreasureEnv,1.0-local,grid-treasure,0,30.0,28.0,2.0,1.0,4.0,strict_delta_max,0.9,24.898264272357032,26.898264272357032,43.09940000530332,15.796200139448047,simulated_charged,GA,3.4349216369536,7,1,1,9,9,0.025000000000000022,0.025000000000000022,0.5,0.5,-1,1,26.898264272357032,26.898264272357032,26.898264272357032,False,False,0.0,0.0,0.7563806949435334,True,0.040294539341708915,0.0,True,10,0.18333350505417678,0.16094745197170104,0.16870633018873946,10000,20000,Windows-AMD64-py3.14.3,self-contained local validation harness; charged-time accounting is disclosed by timing_mode
grid-treasure_DLGPR-full_seed0,no-git,2026-05-27T22:17:38,0,DLGPR-full,self-contained-game-ai,GridTreasureEnv,1.0-local,grid-treasure,1,30.0,28.0,2.0,1.0,4.0,strict_delta_max,0.9,26.07887003998961,28.07887003998961,51.10959999728948,18.52350030094385,simulated_charged,GA,3.7816346908140788,9,1,1,11,11,1.045,1.045,1.0,0.5,64,1,28.019839751607982,28.067063982313286,28.07887003998961,False,False,0.0,0.0,0.7466605558870933,True,0.03484629564260353,0.0,True,12,0.26333863866124396,0.15110896162347773,0.16321527936015898,10000,20000,Windows-AMD64-py3.14.3,self-contained local validation harness; charged-time accounting is disclosed by timing_mode
grid-treasure_DLGPR-full_seed0,no-git,2026-05-27T22:17:38,0,DLGPR-full,self-contained-game-ai,GridTreasureEnv,1.0-local,grid-treasure,2,30.0,28.0,2.0,1.0,4.0,strict_delta_max,0.9,26.712514024951385,28.712514024951385,50.91740004718304,18.419399741105735,simulated_charged,GA,3.517217787635061,9,1,1,11,11,1.05,1.05,1.0,0.5,64,1,28.64914962645521,28.69984114525215,28.712514024951385,False,False,0.0,0.0,0.7450733054213199,True,0.030206144622206776,0.0,True,12,0.23436846215862717,0.13962365291471376,0.159167301196868,10000,20000,Windows-AMD64-py3.14.3,self-contained local validation harness; charged-time accounting is disclosed by timing_mode
grid-treasure_DLGPR-full_seed0,no-git,2026-05-27T22:17:38,0,DLGPR-full,self-contained-game-ai,GridTreasureEnv,1.0-local,grid-treasure,3,30.0,28.0,2.0,1.0,4.0,strict_delta_max,0.9,25.46087942613905,27.46087942613905,55.38929998874664,19.891700125299394,simulated_charged,GA,2.1621450273807556,10,1,1,12,12,1.05,1.05,1.0,0.5,64,1,28.617467427207117,28.693504705402532,28.712514024951385,False,False,0.0,0.0,0.7402617860867151,True,0.042683765008167375,0.0,True,13,0.2200284043549754,0.13049464875094371,0.14554668959099226,10000,20000,Windows-AMD64-py3.14.3,self-contained local validation harness; charged-time accounting is disclosed by timing_mode
grid-treasure_DLGPR-full_seed0,no-git,2026-05-27T22:17:38,0,DLGPR-full,self-contained-game-ai,GridTreasureEnv,1.0-local,grid-treasure,4,30.0,28.0,2.0,1.0,4.0,strict_delta_max,0.9,25.629661126245633,27.629661126245633,46.342500019818544,16.88669982831925,simulated_charged,GA,3.275918222102856,8,1,1,10,10,1.05,1.05,1.0,0.5,64,1,28.58578522795903,28.687168265552913,28.712514024951385,False,False,0.0,0.0,0.7420945135521093,True,0.03469602793846407,0.0,True,11,0.2093719239467851,0.12230572421034114,0.14212688231283352,10000,20000,Windows-AMD64-py3.14.3,self-contained local validation harness; charged-time accounting is disclosed by timing_mode
grid-treasure_DLGPR-full_seed0,no-git,2026-05-27T22:17:38,0,DLGPR-full,self-contained-game-ai,GridTreasureEnv,1.0-local,grid-treasure,5,30.0,28.0,2.0,1.0,4.0,strict_delta_max,0.9,25.460226163998854,27.460226163998854,54.120799992233515,21.17789990734309,simulated_charged,GA,1.5243321707907587,9,1,1,11,11,1.05,1.05,1.0,0.5,64,1,28.55410302871094,28.680831825703297,28.712514024951385,False,False,0.0,0.0,0.7414968458058784,True,0.06686956765530558,0.0,True,12,0.20591290903285664,0.1158346811948895,0.1306843776446519,10000,20000,Windows-AMD64-py3.14.3,self-contained local validation harness; charged-time accounting is disclosed by timing_mode
grid-treasure_DLGPR-full_seed1,no-git,2026-05-27T22:17:38,1,DLGPR-full,self-contained-game-ai,GridTreasureEnv,1.0-local,grid-treasure,0,30.0,28.0,2.0,1.0,4.0,strict_delta_max,0.9,24.56909645170225,26.56909645170225,50.61170004773885,20.256100338883698,simulated_charged,GA,1.5974069264642425,8,1,1,10,10,0.010000000000000009,0.010000000000000009,0.5,0.5,-1,1,26.56909645170225,26.56909645170225,26.56909645170225,False,False,0.0,0.0,0.7241117892162839,True,0.08085037117942938,0.0,True,11,0.1836788081257304,0.16424470103775546,0.17481393824770997,11000,21000,Windows-AMD64-py3.14.3,self-contained local validation harness; charged-time accounting is disclosed by timing_mode
grid-treasure_DLGPR-full_seed1,no-git,2026-05-27T22:17:38,1,DLGPR-full,self-contained-game-ai,GridTreasureEnv,1.0-local,grid-treasure,1,30.0,28.0,2.0,1.0,4.0,strict_delta_max,0.9,24.070535572417313,26.070535572417313,46.52790003456175,18.711899989284575,simulated_charged,GA,3.821648722141484,7,1,1,9,9,0.010000000000000009,0.010000000000000009,0.5,0.5,-1,1,26.544168407738002,26.5641108429094,26.56909645170225,False,False,0.0,0.0,0.6507720460478812,True,0.02835730830747125,0.0,True,10,0.19471275849339598,0.1498932688670673,0.1607398300777519,11000,21000,Windows-AMD64-py3.14.3,self-contained local validation harness; charged-time accounting is disclosed by timing_mode
grid-treasure_DLGPR-full_seed1,no-git,2026-05-27T22:17:38,1,DLGPR-full,self-contained-game-ai,GridTreasureEnv,1.0-local,grid-treasure,2,30.0,28.0,2.0,1.0,4.0,strict_delta_max,0.9,25.284741283455226,27.284741283455226,54.52430003788322,21.494599990546703,simulated_charged,GA,3.4329579346278902,9,1,1,11,11,0.010000000000000009,0.010000000000000009,0.5,0.5,-1,1,27.21317680027993,27.270428386820168,27.284741283455226,False,False,0.0,0.0,0.6479169565095577,True,0.043354610337194094,0.0,True,12,0.19292705611893668,0.13898265368465573,0.15267534377227332,11000,21000,Windows-AMD64-py3.14.3,self-contained local validation harness; charged-time accounting is disclosed by timing_mode
grid-treasure_DLGPR-full_seed1,no-git,2026-05-27T22:17:38,1,DLGPR-full,self-contained-game-ai,GridTreasureEnv,1.0-local,grid-treasure,3,30.0,28.0,2.0,1.0,4.0,strict_delta_max,0.9,26.10778880238683,28.10778880238683,52.581500029191375,22.12139987386763,simulated_charged,GA,3.4344381055816493,8,1,1,10,10,0.010000000000000009,0.010000000000000009,0.5,0.5,-1,1,27.98433167454709,28.08309737681888,28.10778880238683,False,False,0.0,0.0,0.6479169565095577,True,0.04360811564774896,0.0,True,11,0.1889846750713259,0.1292713204859043,0.1427662829084721,11000,21000,Windows-AMD64-py3.14.3,self-contained local validation harness; charged-time accounting is disclosed by timing_mode
grid-treasure_DLGPR-full_seed1,no-git,2026-05-27T22:17:38,1,DLGPR-full,self-contained-game-ai,GridTreasureEnv,1.0-local,grid-treasure,4,30.0,28.0,2.0,1.0,4.0,strict_delta_max,0.9,24.91106505023068,26.91106505023068,49.24590000882745,18.642899813130498,simulated_charged,GA,3.175429881744786,8,1,1,10,10,0.010000000000000009,0.010000000000000009,0.5,0.5,-1,1,27.94317929860051,28.074866901629566,28.10778880238683,False,False,0.0,0.0,0.6479169565095577,True,0.037225090566887824,0.0,True,11,0.18558143056938886,0.12142629913950363,0.13483066075200306,11000,21000,Windows-AMD64-py3.14.3,self-contained local validation harness; charged-time accounting is disclosed by timing_mode
grid-treasure_DLGPR-full_seed1,no-git,2026-05-27T22:17:38,1,DLGPR-full,self-contained-game-ai,GridTreasureEnv,1.0-local,grid-treasure,5,30.0,28.0,2.0,1.0,4.0,strict_delta_max,0.9,26.394201424976014,28.394201424976014,50.477599957957864,19.809499965049326,simulated_charged,GA,3.819934077714983,8,1,1,10,10,0.010000000000000009,0.010000000000000009,0.5,0.5,-1,1,28.32259826932872,28.379880793846556,28.394201424976014,False,False,0.0,0.0,0.6479169565095577,True,0.029818529652304523,0.0,True,11,0.1827392586420334,0.11495008975569695,0.1273504149608474,11000,21000,Windows-AMD64-py3.14.3,self-contained local validation harness; charged-time accounting is disclosed by timing_mode
grid-treasure_DLGPR-full_seed2,no-git,2026-05-27T22:17:38,2,DLGPR-full,self-contained-game-ai,GridTreasureEnv,1.0-local,grid-treasure,0,30.0,28.0,2.0,1.0,4.0,strict_delta_max,0.9,24.93107984269955,26.93107984269955,65.1499000377953,29.496400151401758,simulated_charged,GA,2.13913177404589,9,1,1,11,11,-0.06999999999999995,-0.06999999999999995,0.5,0.5,-1,1,26.93107984269955,26.93107984269955,26.93107984269955,False,False,0.0,0.0,0.579575590818771,True,0.04595590374351621,0.0,True,12,0.18359032954870647,0.16719808554560364,0.17828278723246788,12000,22000,Windows-AMD64-py3.14.3,self-contained local validation harness; charged-time accounting is disclosed by timing_mode
grid-treasure_DLGPR-full_seed2,no-git,2026-05-27T22:17:38,2,DLGPR-full,self-contained-game-ai,GridTreasureEnv,1.0-local,grid-treasure,1,30.0,28.0,2.0,1.0,4.0,strict_delta_max,0.9,25.60968963844512,27.60968963844512,58.186099980957806,25.600300054065883,simulated_charged,GA,2.5583737059791805,8,1,1,10,10,-0.06999999999999995,-0.06999999999999995,0.5,0.5,-1,1,27.57575914865784,27.602903540487663,27.60968963844512,False,False,0.0,0.0,0.6427811915864249,True,0.03821079569700223,0.0,True,11,0.18674920886530516,0.15225905030633605,0.16453412362298353,12000,22000,Windows-AMD64-py3.14.3,self-contained local validation harness; charged-time accounting is disclosed by timing_mode
grid-treasure_DLGPR-full_seed2,no-git,2026-05-27T22:17:38,2,DLGPR-full,self-contained-game-ai,GridTreasureEnv,1.0-local,grid-treasure,2,30.0,28.0,2.0,1.0,4.0,strict_delta_max,0.9,25.73944152374628,27.73944152374628,58.96809999831021,24.84209998510778,simulated_charged,GA,3.8477844742641505,8,1,1,10,10,-0.06999999999999995,-0.06999999999999995,0.5,0.5,-1,1,27.726466335216163,27.736846486040257,27.73944152374628,False,False,0.0,0.0,0.6114253281760895,True,0.028910011872923698,0.0,True,11,0.18296420625259457,0.13962365291471376,0.15100870509193182,12000,22000,Windows-AMD64-py3.14.3,self-contained local validation harness; charged-time accounting is disclosed by timing_mode
grid-treasure_DLGPR-full_seed2,no-git,2026-05-27T22:17:38,2,DLGPR-full,self-contained-game-ai,GridTreasureEnv,1.0-local,grid-treasure,3,30.0,28.0,2.0,1.0,4.0,strict_delta_max,0.9,24.033501292756164,26.033501292756164,56.24339997302741,23.679800098761916,simulated_charged,GA,3.19523063110261,8,1,1,10,10,-0.06999999999999995,-0.06999999999999995,0.5,0.5,-1,1,27.719978740951106,27.735548967187245,27.73944152374628,False,False,0.0,0.0,0.5054926092795292,True,0.04033806206879941,0.0,True,11,0.174268567791471,0.12969006624362237,0.1415686090473746,12000,22000,Windows-AMD64-py3.14.3,self-contained local validation harness; charged-time accounting is disclosed by timing_mode
grid-treasure_DLGPR-full_seed2,no-git,2026-05-27T22:17:38,2,DLGPR-full,self-contained-game-ai,GridTreasureEnv,1.0-local,grid-treasure,4,30.0,28.0,2.0,1.0,4.0,strict_delta_max,0.9,25.35839329700177,27.35839329700177,73.00770003348589,31.30200016312301,simulated_charged,GA,2.544884050698196,11,1,1,13,13,-0.06999999999999995,-0.06999999999999995,0.5,0.5,-1,1,27.713491146686046,27.734251448334234,27.73944152374628,False,False,0.0,0.0,0.5054926092795292,True,0.048723559231177514,0.0,True,14,0.16230370282041867,0.12258670174460916,0.1380808938410561,12000,22000,Windows-AMD64-py3.14.3,self-contained local validation harness; charged-time accounting is disclosed by timing_mode
grid-treasure_DLGPR-full_seed2,no-git,2026-05-27T22:17:38,2,DLGPR-full,self-contained-game-ai,GridTreasureEnv,1.0-local,grid-treasure,5,30.0,28.0,2.0,1.0,4.0,strict_delta_max,0.9,27.79532503930454,29.79532503930454,75.32860001083463,31.107100192457438,simulated_charged,GA,3.9927497012107835,12,1,1,14,14,0.050000000000000044,0.050000000000000044,0.5,0.5,-1,1,29.281354160414974,29.692530863526628,29.79532503930454,False,False,0.0,0.0,0.5414554124400442,True,0.031772313173262186,0.0,True,15,0.16204991512362826,0.11666031051943583,0.13510752955320338,12000,22000,Windows-AMD64-py3.14.3,self-contained local validation harness; charged-time accounting is disclosed by timing_mode
grid-treasure_fixed-split_seed0,no-git,2026-05-27T22:17:39,0,fixed-split,self-contained-game-ai,GridTreasureEnv,1.0-local,grid-treasure,0,30.0,28.0,2.0,1.0,4.0,strict_delta_max,0.9,24.813713628894213,26.813713628894213,43.56780007947236,19.71989998128265,simulated_charged,GA,1.2021036244648466,4,3,3,10,10,0.025000000000000022,0.025000000000000022,0.5,0.5,-1,1,26.813713628894213,26.813713628894213,26.813713628894213,False,False,0.0,0.0,0.7337264185087455,True,0.11969196506391623,0.0,True,13,0.0,0.0,0.0,10000,20000,Windows-AMD64-py3.14.3,self-contained local validation harness; charged-time accounting is disclosed by timing_mode
grid-treasure_fixed-split_seed0,no-git,2026-05-27T22:17:39,0,fixed-split,self-contained-game-ai,GridTreasureEnv,1.0-local,grid-treasure,1,30.0,28.0,2.0,1.0,4.0,strict_delta_max,0.9,24.929580694103528,26.929580694103528,40.25049996562302,19.919299986213446,simulated_charged,RL,3.083842197612888,3,4,4,11,11,0.030000000000000027,0.030000000000000027,0.5,0.5,-1,1,26.923787340843063,26.928422023451436,26.929580694103528,False,False,0.0,0.0,0.0,False,0.6712405717783896,0.0,True,15,0.0,0.0,0.0,10000,20000,Windows-AMD64-py3.14.3,self-contained local validation harness; charged-time accounting is disclosed by timing_mode
grid-treasure_fixed-split_seed0,no-git,2026-05-27T22:17:39,0,fixed-split,self-contained-game-ai,GridTreasureEnv,1.0-local,grid-treasure,2,30.0,28.0,2.0,1.0,4.0,strict_delta_max,0.9,24.706871967476378,26.706871967476378,42.854600003920496,20.135000115260482,simulated_charged,PSO,3.019263165813034,4,4,3,11,11,0.030000000000000027,0.030000000000000027,0.5,0.5,-1,1,26.917993987582598,26.927263352799343,26.929580694103528,False,False,0.0,0.0,0.0,False,0.05341304204742464,0.0,True,14,0.0,0.0,0.0,10000,20000,Windows-AMD64-py3.14.3,self-contained local validation harness; charged-time accounting is disclosed by timing_mode
grid-treasure_fixed-split_seed0,no-git,2026-05-27T22:17:39,0,fixed-split,self-contained-game-ai,GridTreasureEnv,1.0-local,grid-treasure,3,30.0,28.0,2.0,1.0,4.0,strict_delta_max,0.9,24.67498190683785,26.67498190683785,45.25129997637123,20.323700038716197,simulated_charged,GA,1.1387097874724046,4,3,4,11,11,0.030000000000000027,0.030000000000000027,0.5,0.5,-1,1,26.91220063432213,26.926104682147248,26.929580694103528,False,False,0.0,0.0,0.7157842771858526,True,0.14554145960533849,0.0,True,15,0.0,0.0,0.0,10000,20000,Windows-AMD64-py3.14.3,self-contained local validation harness; charged-time accounting is disclosed by timing_mode
grid-treasure_fixed-split_seed0,no-git,2026-05-27T22:17:39,0,fixed-split,self-contained-game-ai,GridTreasureEnv,1.0-local,grid-treasure,4,30.0,28.0,2.0,1.0,4.0,strict_delta_max,0.9,24.54292168455531,26.54292168455531,36.79089993238449,17.616200144402683,simulated_charged,GA,3.4440321481599216,3,3,3,9,9,0.030000000000000027,0.030000000000000027,0.5,0.5,-1,1,26.906407281061664,26.924946011495155,26.929580694103528,False,False,0.0,0.0,0.7157842771858526,True,0.02856900918336737,0.0,True,12,0.0,0.0,0.0,10000,20000,Windows-AMD64-py3.14.3,self-contained local validation harness; charged-time accounting is disclosed by timing_mode
grid-treasure_fixed-split_seed0,no-git,2026-05-27T22:17:39,0,fixed-split,self-contained-game-ai,GridTreasureEnv,1.0-local,grid-treasure,5,30.0,28.0,2.0,1.0,4.0,strict_delta_max,0.9,25.150385616478136,27.150385616478136,40.116699994541705,21.127899875864387,simulated_charged,PSO,2.711562205030032,3,4,3,10,10,0.030000000000000027,0.030000000000000027,0.5,0.5,-1,1,27.095184385884483,27.139345370359404,27.150385616478136,False,False,0.0,0.0,0.0,False,0.03885731331890001,0.0,True,13,0.0,0.0,0.0,10000,20000,Windows-AMD64-py3.14.3,self-contained local validation harness; charged-time accounting is disclosed by timing_mode
grid-treasure_fixed-split_seed1,no-git,2026-05-27T22:17:39,1,fixed-split,self-contained-game-ai,GridTreasureEnv,1.0-local,grid-treasure,0,30.0,28.0,2.0,1.0,4.0,strict_delta_max,0.9,24.676826737611655,26.676826737611655,41.79610009305179,20.986199844628572,simulated_charged,RL,3.470270163333467,3,3,3,9,9,0.010000000000000009,0.010000000000000009,0.5,0.5,-1,1,26.676826737611655,26.676826737611655,26.676826737611655,False,False,0.0,0.0,0.0,False,0.03457944031790617,0.0,True,12,0.0,0.0,0.0,11000,21000,Windows-AMD64-py3.14.3,self-contained local validation harness; charged-time accounting is disclosed by timing_mode
grid-treasure_fixed-split_seed1,no-git,2026-05-27T22:17:39,1,fixed-split,self-contained-game-ai,GridTreasureEnv,1.0-local,grid-treasure,1,30.0,28.0,2.0,1.0,4.0,strict_delta_max,0.9,25.439238599407215,27.439238599407215,45.086099999025464,20.326999598182738,simulated_charged,GA,2.410179956330361,4,3,3,10,10,0.010000000000000009,0.010000000000000009,0.5,0.5,-1,1,27.401118006317436,27.43161448078926,27.439238599407215,False,False,0.0,0.0,0.6457060898751952,True,0.053003827421019445,0.0,True,13,0.0,0.0,0.0,11000,21000,Windows-AMD64-py3.14.3,self-contained local validation harness; charged-time accounting is disclosed by timing_mode
grid-treasure_fixed-split_seed1,no-git,2026-05-27T22:17:39,1,fixed-split,self-contained-game-ai,GridTreasureEnv,1.0-local,grid-treasure,2,30.0,28.0,2.0,1.0,4.0,strict_delta_max,0.9,26.943863588451578,28.943863588451578,41.06509999837726,18.99270003195852,simulated_charged,GA,3.9025507300998754,3,3,3,9,9,0.010000000000000009,0.010000000000000009,0.5,0.5,-1,1,28.793401089547142,28.91377108867069,28.943863588451578,False,False,0.0,0.0,0.5762153690086328,True,0.02125562615495949,0.0,True,12,0.0,0.0,0.0,11000,21000,Windows-AMD64-py3.14.3,self-contained local validation harness; charged-time accounting is disclosed by timing_mode
grid-treasure_fixed-split_seed1,no-git,2026-05-27T22:17:39,1,fixed-split,self-contained-game-ai,GridTreasureEnv,1.0-local,grid-treasure,3,30.0,28.0,2.0,1.0,4.0,strict_delta_max,0.9,24.903619903597658,26.903619903597658,52.76459991000593,27.30719977989793,simulated_charged,RL,2.4633270942216523,3,4,4,11,11,0.010000000000000009,0.010000000000000009,0.5,0.5,-1,1,28.718169840094923,28.898724838780247,28.943863588451578,False,False,0.0,0.0,0.0,False,0.08525055421693989,0.0,True,15,0.0,0.0,0.0,11000,21000,Windows-AMD64-py3.14.3,self-contained local validation harness; charged-time accounting is disclosed by timing_mode
grid-treasure_fixed-split_seed1,no-git,2026-05-27T22:17:39,1,fixed-split,self-contained-game-ai,GridTreasureEnv,1.0-local,grid-treasure,4,30.0,28.0,2.0,1.0,4.0,strict_delta_max,0.9,24.902374850581804,26.902374850581804,54.29739993996918,26.0691000148654,simulated_charged,RL,2.815519217786527,4,4,4,12,12,0.010000000000000009,0.010000000000000009,0.5,0.5,-1,1,28.642938590642704,28.883678588889804,28.943863588451578,False,False,0.0,0.0,0.0,False,0.05327614141377632,0.0,True,16,0.0,0.0,0.0,11000,21000,Windows-AMD64-py3.14.3,self-contained local validation harness; charged-time accounting is disclosed by timing_mode
grid-treasure_fixed-split_seed1,no-git,2026-05-27T22:17:39,1,fixed-split,self-contained-game-ai,GridTreasureEnv,1.0-local,grid-treasure,5,30.0,28.0,2.0,1.0,4.0,strict_delta_max,0.9,24.70794945864853,26.70794945864853,48.72999992221594,23.55449995957315,simulated_charged,PSO,1.4445862002248762,4,4,3,11,11,0.010000000000000009,0.010000000000000009,0.5,0.5,-1,1,28.567707341190488,28.868632338999358,28.943863588451578,False,False,0.0,0.0,0.0,False,0.06511230341079766,0.0,True,14,0.0,0.0,0.0,11000,21000,Windows-AMD64-py3.14.3,self-contained local validation harness; charged-time accounting is disclosed by timing_mode
grid-treasure_fixed-split_seed2,no-git,2026-05-27T22:17:40,2,fixed-split,self-contained-game-ai,GridTreasureEnv,1.0-local,grid-treasure,0,30.0,28.0,2.0,1.0,4.0,strict_delta_max,0.9,25.277227681526824,27.277227681526824,50.763600040227175,25.80080006737262,simulated_charged,RL,4.0,3,3,3,9,9,-0.06999999999999995,-0.06999999999999995,0.5,0.5,-1,1,27.277227681526824,27.277227681526824,27.277227681526824,False,False,0.0,0.0,0.0,False,0.03250000000000003,0.0,True,12,0.0,0.0,0.0,12000,22000,Windows-AMD64-py3.14.3,self-contained local validation harness; charged-time accounting is disclosed by timing_mode
grid-treasure_fixed-split_seed2,no-git,2026-05-27T22:17:40,2,fixed-split,self-contained-game-ai,GridTreasureEnv,1.0-local,grid-treasure,1,30.0,28.0,2.0,1.0,4.0,strict_delta_max,0.9,26.73402974397609,28.73402974397609,72.93030002620071,36.22430004179478,simulated_charged,PSO,3.1470739495555695,5,5,4,14,14,-0.06999999999999995,-0.06999999999999995,0.5,0.5,-1,1,28.661189640853628,28.7194617233516,28.73402974397609,False,False,0.0,0.0,0.0,False,0.02453543364165067,0.0,True,18,0.0,0.0,0.0,12000,22000,Windows-AMD64-py3.14.3,self-contained local validation harness; charged-time accounting is disclosed by timing_mode
grid-treasure_fixed-split_seed2,no-git,2026-05-27T22:17:40,2,fixed-split,self-contained-game-ai,GridTreasureEnv,1.0-local,grid-treasure,2,30.0,28.0,2.0,1.0,4.0,strict_delta_max,0.9,25.922964403689566,27.922964403689566,57.85330000799149,27.137399883940816,simulated_charged,GA,2.5408954315293975,4,3,4,11,11,-0.06999999999999995,-0.06999999999999995,0.5,0.5,-1,1,28.65292320994744,28.717808437170362,28.73402974397609,False,False,0.0,0.0,0.507070306340089,True,0.06001179650150377,0.0,True,15,0.0,0.0,0.0,12000,22000,Windows-AMD64-py3.14.3,self-contained local validation harness; charged-time accounting is disclosed by timing_mode
grid-treasure_fixed-split_seed2,no-git,2026-05-27T22:17:40,2,fixed-split,self-contained-game-ai,GridTreasureEnv,1.0-local,grid-treasure,3,30.0,28.0,2.0,1.0,4.0,strict_delta_max,0.9,25.53156389275073,27.53156389275073,51.55980004929006,25.93959984369576,simulated_charged,PSO,2.755038975644727,3,4,3,10,10,0.010000000000000009,0.010000000000000009,0.5,0.5,-1,1,28.61236994293311,28.709697783767496,28.73402974397609,False,False,0.0,0.0,0.0,False,0.03237288976902153,0.0,True,13,0.0,0.0,0.0,12000,22000,Windows-AMD64-py3.14.3,self-contained local validation harness; charged-time accounting is disclosed by timing_mode
grid-treasure_fixed-split_seed2,no-git,2026-05-27T22:17:40,2,fixed-split,self-contained-game-ai,GridTreasureEnv,1.0-local,grid-treasure,4,30.0,28.0,2.0,1.0,4.0,strict_delta_max,0.9,27.025523195673035,29.025523195673035,50.478999968618155,24.23360024113208,simulated_charged,RL,3.3142213603151944,3,3,4,10,10,0.010000000000000009,0.010000000000000009,0.5,0.5,-1,1,28.967224505333647,29.013863457605158,29.025523195673035,False,False,0.0,0.0,0.0,False,0.0,0.0,True,14,0.0,0.0,0.0,12000,22000,Windows-AMD64-py3.14.3,self-contained local validation harness; charged-time accounting is disclosed by timing_mode
grid-treasure_fixed-split_seed2,no-git,2026-05-27T22:17:40,2,fixed-split,self-contained-game-ai,GridTreasureEnv,1.0-local,grid-treasure,5,30.0,28.0,2.0,1.0,4.0,strict_delta_max,0.9,24.234749917944185,26.234749917944185,49.983799923211336,25.835199863649905,simulated_charged,RL,4.0,3,3,3,9,9,0.010000000000000009,0.010000000000000009,0.5,0.5,-1,1,28.952649832748797,29.01094852308819,29.025523195673035,False,False,0.0,0.0,0.0,False,0.0,0.0,True,12,0.0,0.0,0.0,12000,22000,Windows-AMD64-py3.14.3,self-contained local validation harness; charged-time accounting is disclosed by timing_mode
grid-treasure_round-robin_seed0,no-git,2026-05-27T22:17:40,0,round-robin,self-contained-game-ai,GridTreasureEnv,1.0-local,grid-treasure,0,30.0,28.0,2.0,1.0,4.0,strict_delta_max,0.9,24.813713628894213,26.813713628894213,43.28370001167059,19.719299976713955,simulated_charged,GA,1.2021036244648466,4,3,3,10,10,0.025000000000000022,0.025000000000000022,0.5,0.5,-1,1,26.813713628894213,26.813713628894213,26.813713628894213,False,False,0.0,0.0,0.7337264185087455,True,0.11969196506391623,0.0,True,13,0.0,0.0,0.0,10000,20000,Windows-AMD64-py3.14.3,self-contained local validation harness; charged-time accounting is disclosed by timing_mode
grid-treasure_round-robin_seed0,no-git,2026-05-27T22:17:40,0,round-robin,self-contained-game-ai,GridTreasureEnv,1.0-local,grid-treasure,1,30.0,28.0,2.0,1.0,4.0,strict_delta_max,0.9,24.929580694103528,26.929580694103528,39.34870008379221,19.67170007992536,simulated_charged,RL,3.083842197612888,3,4,4,11,11,0.030000000000000027,0.030000000000000027,0.5,0.5,-1,1,26.923787340843063,26.928422023451436,26.929580694103528,False,False,0.0,0.0,0.0,False,0.6712405717783896,0.0,True,15,0.0,0.0,0.0,10000,20000,Windows-AMD64-py3.14.3,self-contained local validation harness; charged-time accounting is disclosed by timing_mode
grid-treasure_round-robin_seed0,no-git,2026-05-27T22:17:40,0,round-robin,self-contained-game-ai,GridTreasureEnv,1.0-local,grid-treasure,2,30.0,28.0,2.0,1.0,4.0,strict_delta_max,0.9,24.706871967476378,26.706871967476378,42.346499976702034,20.10890026576817,simulated_charged,PSO,3.019263165813034,4,4,3,11,11,0.030000000000000027,0.030000000000000027,0.5,0.5,-1,1,26.917993987582598,26.927263352799343,26.929580694103528,False,False,0.0,0.0,0.0,False,0.05341304204742464,0.0,True,14,0.0,0.0,0.0,10000,20000,Windows-AMD64-py3.14.3,self-contained local validation harness; charged-time accounting is disclosed by timing_mode
grid-treasure_round-robin_seed0,no-git,2026-05-27T22:17:40,0,round-robin,self-contained-game-ai,GridTreasureEnv,1.0-local,grid-treasure,3,30.0,28.0,2.0,1.0,4.0,strict_delta_max,0.9,24.67498190683785,26.67498190683785,45.32019991893321,20.04029997624457,simulated_charged,GA,1.1387097874724046,4,3,4,11,11,0.030000000000000027,0.030000000000000027,0.5,0.5,-1,1,26.91220063432213,26.926104682147248,26.929580694103528,False,False,0.0,0.0,0.7157842771858526,True,0.14554145960533849,0.0,True,15,0.0,0.0,0.0,10000,20000,Windows-AMD64-py3.14.3,self-contained local validation harness; charged-time accounting is disclosed by timing_mode
grid-treasure_round-robin_seed0,no-git,2026-05-27T22:17:40,0,round-robin,self-contained-game-ai,GridTreasureEnv,1.0-local,grid-treasure,4,30.0,28.0,2.0,1.0,4.0,strict_delta_max,0.9,24.54292168455531,26.54292168455531,36.77070001140237,17.824599868617952,simulated_charged,GA,3.4440321481599216,3,3,3,9,9,0.030000000000000027,0.030000000000000027,0.5,0.5,-1,1,26.906407281061664,26.924946011495155,26.929580694103528,False,False,0.0,0.0,0.7157842771858526,True,0.02856900918336737,0.0,True,12,0.0,0.0,0.0,10000,20000,Windows-AMD64-py3.14.3,self-contained local validation harness; charged-time accounting is disclosed by timing_mode
grid-treasure_round-robin_seed0,no-git,2026-05-27T22:17:40,0,round-robin,self-contained-game-ai,GridTreasureEnv,1.0-local,grid-treasure,5,30.0,28.0,2.0,1.0,4.0,strict_delta_max,0.9,25.150385616478136,27.150385616478136,39.679599925875664,20.77819954138249,simulated_charged,PSO,2.711562205030032,3,4,3,10,10,0.030000000000000027,0.030000000000000027,0.5,0.5,-1,1,27.095184385884483,27.139345370359404,27.150385616478136,False,False,0.0,0.0,0.0,False,0.03885731331890001,0.0,True,13,0.0,0.0,0.0,10000,20000,Windows-AMD64-py3.14.3,self-contained local validation harness; charged-time accounting is disclosed by timing_mode
grid-treasure_round-robin_seed1,no-git,2026-05-27T22:17:40,1,round-robin,self-contained-game-ai,GridTreasureEnv,1.0-local,grid-treasure,0,30.0,28.0,2.0,1.0,4.0,strict_delta_max,0.9,24.676826737611655,26.676826737611655,41.23730002902448,20.977800246328115,simulated_charged,RL,3.470270163333467,3,3,3,9,9,0.010000000000000009,0.010000000000000009,0.5,0.5,-1,1,26.676826737611655,26.676826737611655,26.676826737611655,False,False,0.0,0.0,0.0,False,0.03457944031790617,0.0,True,12,0.0,0.0,0.0,11000,21000,Windows-AMD64-py3.14.3,self-contained local validation harness; charged-time accounting is disclosed by timing_mode
grid-treasure_round-robin_seed1,no-git,2026-05-27T22:17:40,1,round-robin,self-contained-game-ai,GridTreasureEnv,1.0-local,grid-treasure,1,30.0,28.0,2.0,1.0,4.0,strict_delta_max,0.9,25.439238599407215,27.439238599407215,44.89390004891902,19.994100206531584,simulated_charged,GA,2.410179956330361,4,3,3,10,10,0.010000000000000009,0.010000000000000009,0.5,0.5,-1,1,27.401118006317436,27.43161448078926,27.439238599407215,False,False,0.0,0.0,0.6457060898751952,True,0.053003827421019445,0.0,True,13,0.0,0.0,0.0,11000,21000,Windows-AMD64-py3.14.3,self-contained local validation harness; charged-time accounting is disclosed by timing_mode
grid-treasure_round-robin_seed1,no-git,2026-05-27T22:17:40,1,round-robin,self-contained-game-ai,GridTreasureEnv,1.0-local,grid-treasure,2,30.0,28.0,2.0,1.0,4.0,strict_delta_max,0.9,26.943863588451578,28.943863588451578,44.10629998892546,19.488200079649687,simulated_charged,GA,3.9025507300998754,3,3,3,9,9,0.010000000000000009,0.010000000000000009,0.5,0.5,-1,1,28.793401089547142,28.91377108867069,28.943863588451578,False,False,0.0,0.0,0.5762153690086328,True,0.02125562615495949,0.0,True,12,0.0,0.0,0.0,11000,21000,Windows-AMD64-py3.14.3,self-contained local validation harness; charged-time accounting is disclosed by timing_mode
grid-treasure_round-robin_seed1,no-git,2026-05-27T22:17:40,1,round-robin,self-contained-game-ai,GridTreasureEnv,1.0-local,grid-treasure,3,30.0,28.0,2.0,1.0,4.0,strict_delta_max,0.9,24.903619903597658,26.903619903597658,52.58979997597635,27.427400113083422,simulated_charged,RL,2.4633270942216523,3,4,4,11,11,0.010000000000000009,0.010000000000000009,0.5,0.5,-1,1,28.718169840094923,28.898724838780247,28.943863588451578,False,False,0.0,0.0,0.0,False,0.08525055421693989,0.0,True,15,0.0,0.0,0.0,11000,21000,Windows-AMD64-py3.14.3,self-contained local validation harness; charged-time accounting is disclosed by timing_mode
grid-treasure_round-robin_seed1,no-git,2026-05-27T22:17:40,1,round-robin,self-contained-game-ai,GridTreasureEnv,1.0-local,grid-treasure,4,30.0,28.0,2.0,1.0,4.0,strict_delta_max,0.9,24.902374850581804,26.902374850581804,54.74629998207092,26.375999907031655,simulated_charged,RL,2.815519217786527,4,4,4,12,12,0.010000000000000009,0.010000000000000009,0.5,0.5,-1,1,28.642938590642704,28.883678588889804,28.943863588451578,False,False,0.0,0.0,0.0,False,0.05327614141377632,0.0,True,16,0.0,0.0,0.0,11000,21000,Windows-AMD64-py3.14.3,self-contained local validation harness; charged-time accounting is disclosed by timing_mode
grid-treasure_round-robin_seed1,no-git,2026-05-27T22:17:40,1,round-robin,self-contained-game-ai,GridTreasureEnv,1.0-local,grid-treasure,5,30.0,28.0,2.0,1.0,4.0,strict_delta_max,0.9,24.70794945864853,26.70794945864853,48.46349998842925,23.70839985087514,simulated_charged,PSO,1.4445862002248762,4,4,3,11,11,0.010000000000000009,0.010000000000000009,0.5,0.5,-1,1,28.567707341190488,28.868632338999358,28.943863588451578,False,False,0.0,0.0,0.0,False,0.06511230341079766,0.0,True,14,0.0,0.0,0.0,11000,21000,Windows-AMD64-py3.14.3,self-contained local validation harness; charged-time accounting is disclosed by timing_mode
grid-treasure_round-robin_seed2,no-git,2026-05-27T22:17:41,2,round-robin,self-contained-game-ai,GridTreasureEnv,1.0-local,grid-treasure,0,30.0,28.0,2.0,1.0,4.0,strict_delta_max,0.9,25.277227681526824,27.277227681526824,49.56079996190965,25.066900183446705,simulated_charged,RL,4.0,3,3,3,9,9,-0.06999999999999995,-0.06999999999999995,0.5,0.5,-1,1,27.277227681526824,27.277227681526824,27.277227681526824,False,False,0.0,0.0,0.0,False,0.03250000000000003,0.0,True,12,0.0,0.0,0.0,12000,22000,Windows-AMD64-py3.14.3,self-contained local validation harness; charged-time accounting is disclosed by timing_mode
grid-treasure_round-robin_seed2,no-git,2026-05-27T22:17:41,2,round-robin,self-contained-game-ai,GridTreasureEnv,1.0-local,grid-treasure,1,30.0,28.0,2.0,1.0,4.0,strict_delta_max,0.9,26.73402974397609,28.73402974397609,70.2704000286758,35.19670001696795,simulated_charged,PSO,3.1470739495555695,5,5,4,14,14,-0.06999999999999995,-0.06999999999999995,0.5,0.5,-1,1,28.661189640853628,28.7194617233516,28.73402974397609,False,False,0.0,0.0,0.0,False,0.02453543364165067,0.0,True,18,0.0,0.0,0.0,12000,22000,Windows-AMD64-py3.14.3,self-contained local validation harness; charged-time accounting is disclosed by timing_mode
grid-treasure_round-robin_seed2,no-git,2026-05-27T22:17:41,2,round-robin,self-contained-game-ai,GridTreasureEnv,1.0-local,grid-treasure,2,30.0,28.0,2.0,1.0,4.0,strict_delta_max,0.9,25.922964403689566,27.922964403689566,54.88710000645369,25.355499936267734,simulated_charged,GA,2.5408954315293975,4,3,4,11,11,-0.06999999999999995,-0.06999999999999995,0.5,0.5,-1,1,28.65292320994744,28.717808437170362,28.73402974397609,False,False,0.0,0.0,0.507070306340089,True,0.06001179650150377,0.0,True,15,0.0,0.0,0.0,12000,22000,Windows-AMD64-py3.14.3,self-contained local validation harness; charged-time accounting is disclosed by timing_mode
grid-treasure_round-robin_seed2,no-git,2026-05-27T22:17:41,2,round-robin,self-contained-game-ai,GridTreasureEnv,1.0-local,grid-treasure,3,30.0,28.0,2.0,1.0,4.0,strict_delta_max,0.9,25.53156389275073,27.53156389275073,51.640800083987415,25.701200123876333,simulated_charged,PSO,2.755038975644727,3,4,3,10,10,0.010000000000000009,0.010000000000000009,0.5,0.5,-1,1,28.61236994293311,28.709697783767496,28.73402974397609,False,False,0.0,0.0,0.0,False,0.03237288976902153,0.0,True,13,0.0,0.0,0.0,12000,22000,Windows-AMD64-py3.14.3,self-contained local validation harness; charged-time accounting is disclosed by timing_mode
grid-treasure_round-robin_seed2,no-git,2026-05-27T22:17:41,2,round-robin,self-contained-game-ai,GridTreasureEnv,1.0-local,grid-treasure,4,30.0,28.0,2.0,1.0,4.0,strict_delta_max,0.9,27.025523195673035,29.025523195673035,51.19779997039586,24.281999794766307,simulated_charged,RL,3.3142213603151944,3,3,4,10,10,0.010000000000000009,0.010000000000000009,0.5,0.5,-1,1,28.967224505333647,29.013863457605158,29.025523195673035,False,False,0.0,0.0,0.0,False,0.0,0.0,True,14,0.0,0.0,0.0,12000,22000,Windows-AMD64-py3.14.3,self-contained local validation harness; charged-time accounting is disclosed by timing_mode
grid-treasure_round-robin_seed2,no-git,2026-05-27T22:17:41,2,round-robin,self-contained-game-ai,GridTreasureEnv,1.0-local,grid-treasure,5,30.0,28.0,2.0,1.0,4.0,strict_delta_max,0.9,24.234749917944185,26.234749917944185,50.4441000521183,26.249400107190013,simulated_charged,RL,4.0,3,3,3,9,9,0.010000000000000009,0.010000000000000009,0.5,0.5,-1,1,28.952649832748797,29.01094852308819,29.025523195673035,False,False,0.0,0.0,0.0,False,0.0,0.0,True,12,0.0,0.0,0.0,12000,22000,Windows-AMD64-py3.14.3,self-contained local validation harness; charged-time accounting is disclosed by timing_mode
grid-treasure_greedy-improvement_seed0,no-git,2026-05-27T22:17:41,0,greedy-improvement,self-contained-game-ai,GridTreasureEnv,1.0-local,grid-treasure,0,30.0,28.0,2.0,1.0,4.0,strict_delta_max,0.9,24.49984481167955,26.49984481167955,53.63969993777573,17.662600032053888,simulated_charged,GA,1.049789246947391,11,0,0,11,11,0.030000000000000027,0.030000000000000027,0.5,0.5,-1,1,26.49984481167955,26.49984481167955,26.49984481167955,False,False,0.0,0.0,0.7591869014902193,True,0.14228817560248855,0.004762860749944958,True,11,0.0,0.0,0.0,10000,20000,Windows-AMD64-py3.14.3,self-contained local validation harness; charged-time accounting is disclosed by timing_mode
grid-treasure_greedy-improvement_seed0,no-git,2026-05-27T22:17:41,0,greedy-improvement,self-contained-game-ai,GridTreasureEnv,1.0-local,grid-treasure,1,30.0,28.0,2.0,1.0,4.0,strict_delta_max,0.9,26.902889341920652,28.902889341920652,54.21470000874251,18.131399992853403,simulated_charged,GA,3.0461532197980365,11,0,0,11,11,1.05,1.05,1.0,0.5,64,1,28.782737115408597,28.87885889661824,28.902889341920652,False,False,0.0,0.0,0.7608444941799686,True,0.035868648634521376,0.0,True,11,0.0,0.0,0.0,10000,20000,Windows-AMD64-py3.14.3,self-contained local validation harness; charged-time accounting is disclosed by timing_mode
grid-treasure_greedy-improvement_seed0,no-git,2026-05-27T22:17:41,0,greedy-improvement,self-contained-game-ai,GridTreasureEnv,1.0-local,grid-treasure,2,30.0,28.0,2.0,1.0,4.0,strict_delta_max,0.9,24.984479101571566,26.984479101571566,48.52529999334365,15.662599937058985,simulated_charged,GA,1.1969168090071092,10,0,0,10,10,1.05,1.05,1.0,0.5,64,1,28.711048317885744,28.86452113711367,28.902889341920652,False,False,0.0,0.0,0.6398798386643947,True,0.07343572969378281,0.0,True,10,0.0,0.0,0.0,10000,20000,Windows-AMD64-py3.14.3,self-contained local validation harness; charged-time accounting is disclosed by timing_mode
grid-treasure_greedy-improvement_seed0,no-git,2026-05-27T22:17:41,0,greedy-improvement,self-contained-game-ai,GridTreasureEnv,1.0-local,grid-treasure,3,30.0,28.0,2.0,1.0,4.0,strict_delta_max,0.9,25.98034310437825,27.98034310437825,55.26870000176132,19.127899897284806,simulated_charged,GA,3.212666274229473,11,0,0,11,11,1.05,1.05,1.0,0.5,64,1,28.76450740628929,28.875212954794378,28.902889341920652,False,False,0.0,0.0,0.4870031626783414,True,0.03669658850860258,0.0,True,11,0.0,0.0,0.0,10000,20000,Windows-AMD64-py3.14.3,self-contained local validation harness; charged-time accounting is disclosed by timing_mode
grid-treasure_greedy-improvement_seed0,no-git,2026-05-27T22:17:41,0,greedy-improvement,self-contained-game-ai,GridTreasureEnv,1.0-local,grid-treasure,4,30.0,28.0,2.0,1.0,4.0,strict_delta_max,0.9,24.471837757038035,26.471837757038035,49.335299991071224,16.611899831332266,simulated_charged,GA,1.5262200629744078,10,0,0,10,10,1.05,1.05,1.0,0.5,64,1,28.718380094412172,28.865987492418956,28.902889341920652,False,False,0.0,0.0,0.4937719583395937,True,0.06303245962753741,0.0,True,10,0.0,0.0,0.0,10000,20000,Windows-AMD64-py3.14.3,self-contained local validation harness; charged-time accounting is disclosed by timing_mode
grid-treasure_greedy-improvement_seed0,no-git,2026-05-27T22:17:41,0,greedy-improvement,self-contained-game-ai,GridTreasureEnv,1.0-local,grid-treasure,5,30.0,28.0,2.0,1.0,4.0,strict_delta_max,0.9,25.723139126390848,27.723139126390848,55.06039992906153,18.01800006069243,simulated_charged,GA,3.5360111453550336,11,0,0,11,11,1.05,1.05,1.0,0.5,64,1,28.67225278253505,28.85676203004353,28.902889341920652,False,False,0.0,0.0,0.4937719583395937,True,0.028554678261579983,0.0,True,11,0.0,0.0,0.0,10000,20000,Windows-AMD64-py3.14.3,self-contained local validation harness; charged-time accounting is disclosed by timing_mode
grid-treasure_greedy-improvement_seed1,no-git,2026-05-27T22:17:42,1,greedy-improvement,self-contained-game-ai,GridTreasureEnv,1.0-local,grid-treasure,0,30.0,28.0,2.0,1.0,4.0,strict_delta_max,0.9,24.403702840074825,26.403702840074825,56.73840001691133,20.42969991452992,simulated_charged,GA,3.91367453433013,11,0,0,11,11,0.010000000000000009,0.010000000000000009,0.5,0.5,-1,1,26.403702840074825,26.403702840074825,26.403702840074825,False,False,0.0,0.0,0.6296077587395043,True,0.028934987054915533,0.0,True,11,0.0,0.0,0.0,11000,21000,Windows-AMD64-py3.14.3,self-contained local validation harness; charged-time accounting is disclosed by timing_mode
grid-treasure_greedy-improvement_seed1,no-git,2026-05-27T22:17:42,1,greedy-improvement,self-contained-game-ai,GridTreasureEnv,1.0-local,grid-treasure,1,30.0,28.0,2.0,1.0,4.0,strict_delta_max,0.9,25.11343053289104,27.11343053289104,46.035500010475516,16.182900173589587,simulated_charged,GA,3.4772050016394647,9,0,0,9,9,0.010000000000000009,0.010000000000000009,0.5,0.5,-1,1,27.07794414825023,27.106333255962877,27.11343053289104,False,False,0.0,0.0,0.6204291842344423,True,0.03446953778363974,0.0,True,9,0.0,0.0,0.0,11000,21000,Windows-AMD64-py3.14.3,self-contained local validation harness; charged-time accounting is disclosed by timing_mode
grid-treasure_greedy-improvement_seed1,no-git,2026-05-27T22:17:42,1,greedy-improvement,self-contained-game-ai,GridTreasureEnv,1.0-local,grid-treasure,2,30.0,28.0,2.0,1.0,4.0,strict_delta_max,0.9,24.29968045191989,26.29968045191989,51.811200100928545,18.414200050756335,simulated_charged,GA,1.533604682689079,10,0,0,10,10,0.010000000000000009,0.010000000000000009,0.5,0.5,-1,1,27.04245776360942,27.099235979034717,27.11343053289104,False,False,0.0,0.0,0.6204291842344423,True,0.061966699632498054,0.0,True,10,0.0,0.0,0.0,11000,21000,Windows-AMD64-py3.14.3,self-contained local validation harness; charged-time accounting is disclosed by timing_mode
grid-treasure_greedy-improvement_seed1,no-git,2026-05-27T22:17:42,1,greedy-improvement,self-contained-game-ai,GridTreasureEnv,1.0-local,grid-treasure,3,30.0,28.0,2.0,1.0,4.0,strict_delta_max,0.9,24.97305716162853,26.97305716162853,51.59820010885596,18.50809995085001,simulated_charged,GA,2.533757978219624,10,0,0,10,10,0.010000000000000009,0.010000000000000009,0.5,0.5,-1,1,27.092374527201663,27.109219331753167,27.11343053289104,False,False,0.0,0.0,0.6204291842344423,True,0.03221211439962023,0.0,True,10,0.0,0.0,0.0,11000,21000,Windows-AMD64-py3.14.3,self-contained local validation harness; charged-time accounting is disclosed by timing_mode
grid-treasure_greedy-improvement_seed1,no-git,2026-05-27T22:17:42,1,greedy-improvement,self-contained-game-ai,GridTreasureEnv,1.0-local,grid-treasure,4,30.0,28.0,2.0,1.0,4.0,strict_delta_max,0.9,24.029187096637603,26.029187096637603,64.73710003774613,22.18440012075007,simulated_charged,GA,1.7227885303296995,13,0,0,13,13,0.010000000000000009,0.010000000000000009,0.5,0.5,-1,1,27.08535585863854,27.107815598040542,27.11343053289104,False,False,0.0,0.0,0.6204291842344423,True,0.04065141088501044,0.0,True,13,0.0,0.0,0.0,11000,21000,Windows-AMD64-py3.14.3,self-contained local validation harness; charged-time accounting is disclosed by timing_mode
grid-treasure_greedy-improvement_seed1,no-git,2026-05-27T22:17:42,1,greedy-improvement,self-contained-game-ai,GridTreasureEnv,1.0-local,grid-treasure,5,30.0,28.0,2.0,1.0,4.0,strict_delta_max,0.9,25.953852091378153,27.953852091378153,56.960999965667725,20.869300002232194,simulated_charged,GA,2.6155834873735366,11,0,0,11,11,0.010000000000000009,0.010000000000000009,0.5,0.5,-1,1,27.743746701756375,27.911831013453796,27.953852091378153,False,False,0.0,0.0,0.6204291842344423,True,0.04074185745875792,0.0,True,11,0.0,0.0,0.0,11000,21000,Windows-AMD64-py3.14.3,self-contained local validation harness; charged-time accounting is disclosed by timing_mode
grid-treasure_greedy-improvement_seed2,no-git,2026-05-27T22:17:42,2,greedy-improvement,self-contained-game-ai,GridTreasureEnv,1.0-local,grid-treasure,0,30.0,28.0,2.0,1.0,4.0,strict_delta_max,0.9,24.794114411248632,26.794114411248632,51.52440001256764,21.202399977482855,simulated_charged,GA,1.4467484594268698,9,0,0,9,9,-0.06999999999999995,-0.06999999999999995,0.5,0.5,-1,1,26.794114411248632,26.794114411248632,26.794114411248632,False,False,0.0,0.0,0.6297610817126345,True,0.0871967013773655,0.0,True,9,0.0,0.0,0.0,12000,22000,Windows-AMD64-py3.14.3,self-contained local validation harness; charged-time accounting is disclosed by timing_mode
grid-treasure_greedy-improvement_seed2,no-git,2026-05-27T22:17:42,2,greedy-improvement,self-contained-game-ai,GridTreasureEnv,1.0-local,grid-treasure,1,30.0,28.0,2.0,1.0,4.0,strict_delta_max,0.9,26.258107844888162,28.258107844888162,56.386100011877716,23.090899921953678,simulated_charged,GA,3.9356003594585838,10,0,0,10,10,-0.06999999999999995,-0.06999999999999995,0.5,0.5,-1,1,28.184908173206185,28.243467910551768,28.258107844888162,False,False,0.0,0.0,0.6102112795186397,True,0.03453714590805337,0.0,True,10,0.0,0.0,0.0,12000,22000,Windows-AMD64-py3.14.3,self-contained local validation harness; charged-time accounting is disclosed by timing_mode
grid-treasure_greedy-improvement_seed2,no-git,2026-05-27T22:17:42,2,greedy-improvement,self-contained-game-ai,GridTreasureEnv,1.0-local,grid-treasure,2,30.0,28.0,2.0,1.0,4.0,strict_delta_max,0.9,24.443743154709537,26.443743154709537,55.90479995589703,22.51439995598048,simulated_charged,GA,3.735157245210992,10,0,0,10,10,-0.06999999999999995,-0.06999999999999995,0.5,0.5,-1,1,28.11170850152421,28.22882797621537,28.258107844888162,False,False,0.0,0.0,0.5374138894595469,True,0.03335542085147393,0.0,True,10,0.0,0.0,0.0,12000,22000,Windows-AMD64-py3.14.3,self-contained local validation harness; charged-time accounting is disclosed by timing_mode
grid-treasure_greedy-improvement_seed2,no-git,2026-05-27T22:17:42,2,greedy-improvement,self-contained-game-ai,GridTreasureEnv,1.0-local,grid-treasure,3,30.0,28.0,2.0,1.0,4.0,strict_delta_max,0.9,25.17684264277403,27.17684264277403,55.70669996086508,22.24169997498393,simulated_charged,GA,1.5545341754417712,10,0,0,10,10,-0.040000000000000036,-0.040000000000000036,0.5,0.5,-1,1,28.09591806457104,28.225669888824736,28.258107844888162,False,False,0.0,0.0,0.5943153528049001,True,0.07031083734462101,0.0,True,10,0.0,0.0,0.0,12000,22000,Windows-AMD64-py3.14.3,self-contained local validation harness; charged-time accounting is disclosed by timing_mode
grid-treasure_greedy-improvement_seed2,no-git,2026-05-27T22:17:42,2,greedy-improvement,self-contained-game-ai,GridTreasureEnv,1.0-local,grid-treasure,4,30.0,28.0,2.0,1.0,4.0,strict_delta_max,0.9,25.46738962119396,27.46738962119396,54.6565999975428,21.078199963085353,simulated_charged,GA,3.2133936280451523,10,0,0,10,10,-0.040000000000000036,-0.040000000000000036,0.5,0.5,-1,1,28.099964200149323,28.226479115940393,28.258107844888162,False,False,0.0,0.0,0.5943153528049001,True,0.03064623884300103,0.0,True,10,0.0,0.0,0.0,12000,22000,Windows-AMD64-py3.14.3,self-contained local validation harness; charged-time accounting is disclosed by timing_mode
grid-treasure_greedy-improvement_seed2,no-git,2026-05-27T22:17:42,2,greedy-improvement,self-contained-game-ai,GridTreasureEnv,1.0-local,grid-treasure,5,30.0,28.0,2.0,1.0,4.0,strict_delta_max,0.9,25.80132066408013,27.80132066408013,60.98549999296665,24.610300082713366,simulated_charged,GA,2.6475984187453396,11,0,0,11,11,-0.040000000000000036,-0.040000000000000036,0.5,0.5,-1,1,28.143911049686153,28.23526848584776,28.258107844888162,False,False,0.0,0.0,0.5943153528049001,True,0.04827391294469747,0.0,True,11,0.0,0.0,0.0,12000,22000,Windows-AMD64-py3.14.3,self-contained local validation harness; charged-time accounting is disclosed by timing_mode
resource-defense_DLGPR-full_seed0,no-git,2026-05-27T22:17:43,0,DLGPR-full,self-contained-rts-micro,ResourceDefenseEnv,1.0-local,resource-defense,0,30.0,28.0,2.0,1.0,4.0,strict_delta_max,0.9,26.002256895024644,28.002256895024644,57.63580009806901,25.71599988732487,simulated_charged,GA,3.784074900183172,9,1,1,11,11,0.8315079999999999,0.8315079999999999,0.0,0.5,32,1,28.002256895024644,28.002256895024644,28.002256895024644,False,False,0.0,0.0,0.5211771746888839,True,0.03657086076341847,0.0,True,12,0.18155552653454965,0.16719808554560364,0.1798755255394,10000,20000,Windows-AMD64-py3.14.3,self-contained local validation harness; charged-time accounting is disclosed by timing_mode
resource-defense_DLGPR-full_seed0,no-git,2026-05-27T22:17:43,0,DLGPR-full,self-contained-rts-micro,ResourceDefenseEnv,1.0-local,resource-defense,1,30.0,28.0,2.0,1.0,4.0,strict_delta_max,0.9,26.81897931168869,28.81897931168869,57.97599989455193,24.390200152993202,simulated_charged,GA,3.952461447747271,8,1,1,10,10,0.840938,0.840938,0.0,0.5,32,1,28.778143190855488,28.81081208752205,28.81897931168869,False,False,0.0,0.0,0.49190229201189034,True,0.024263496558950857,0.0,True,11,0.1695679364260786,0.15290817752824415,0.1642078293465668,10000,20000,Windows-AMD64-py3.14.3,self-contained local validation harness; charged-time accounting is disclosed by timing_mode
resource-defense_DLGPR-full_seed0,no-git,2026-05-27T22:17:43,0,DLGPR-full,self-contained-rts-micro,ResourceDefenseEnv,1.0-local,resource-defense,2,30.0,28.0,2.0,1.0,4.0,strict_delta_max,0.9,24.55940717765028,26.55940717765028,66.77200004924089,28.402699972502887,simulated_charged,GA,1.6047235987108972,9,1,1,11,11,0.945422,0.945422,0.0,0.5,32,1,28.737307070022286,28.802644863355408,28.81897931168869,False,False,0.0,0.0,0.5535688612002733,True,0.046319311727523994,0.0,True,12,0.16754327813407432,0.14438237650627475,0.15296525660414642,10000,20000,Windows-AMD64-py3.14.3,self-contained local validation harness; charged-time accounting is disclosed by timing_mode
resource-defense_DLGPR-full_seed0,no-git,2026-05-27T22:17:43,0,DLGPR-full,self-contained-rts-micro,ResourceDefenseEnv,1.0-local,resource-defense,3,30.0,28.0,2.0,1.0,4.0,strict_delta_max,0.9,24.432972232637496,26.432972232637496,49.155800021253526,21.229199948720634,simulated_charged,GA,3.431139298081073,6,1,1,8,8,0.945422,0.945422,0.0,0.5,32,1,28.69647094918908,28.794477639188766,28.81897931168869,False,False,0.0,0.0,0.5754926232208497,True,0.03747752306584086,0.0,True,9,0.16359851004632742,0.13299754232129787,0.1400076458099949,10000,20000,Windows-AMD64-py3.14.3,self-contained local validation harness; charged-time accounting is disclosed by timing_mode
resource-defense_DLGPR-full_seed0,no-git,2026-05-27T22:17:43,0,DLGPR-full,self-contained-rts-micro,ResourceDefenseEnv,1.0-local,resource-defense,4,30.0,28.0,2.0,1.0,4.0,strict_delta_max,0.9,25.83102007294798,27.83102007294798,74.00020002387464,31.596999848261476,simulated_charged,GA,2.199598355409459,10,1,1,12,12,0.945422,0.945422,0.0,0.5,32,1,28.65563482835588,28.78631041502213,28.81897931168869,False,False,0.0,0.0,0.5334033236075132,True,0.03691912129110769,0.0,True,13,0.16262788524559427,0.1253724288374371,0.13548065499302858,10000,20000,Windows-AMD64-py3.14.3,self-contained local validation harness; charged-time accounting is disclosed by timing_mode
resource-defense_DLGPR-full_seed0,no-git,2026-05-27T22:17:43,0,DLGPR-full,self-contained-rts-micro,ResourceDefenseEnv,1.0-local,resource-defense,5,30.0,28.0,2.0,1.0,4.0,strict_delta_max,0.9,24.68723033741506,26.68723033741506,57.74860002566129,24.69319978263229,simulated_charged,GA,2.646839892830358,7,1,1,9,9,0.9597999999999999,0.9597999999999999,0.0,0.5,32,1,28.614798707522677,28.778143190855488,28.81897931168869,False,False,0.0,0.0,0.47288098935610445,True,0.03479943217104847,0.0,True,10,0.15177211374985292,0.11819544704466908,0.12663230063138511,10000,20000,Windows-AMD64-py3.14.3,self-contained local validation harness; charged-time accounting is disclosed by timing_mode
resource-defense_DLGPR-full_seed1,no-git,2026-05-27T22:17:43,1,DLGPR-full,self-contained-rts-micro,ResourceDefenseEnv,1.0-local,resource-defense,0,30.0,28.0,2.0,1.0,4.0,strict_delta_max,0.9,27.695182586197056,29.695182586197056,64.06369991600513,27.43200003169477,simulated_charged,GA,3.9278788299409912,8,1,1,10,10,0.9027639999999999,0.9027639999999999,0.0,0.5,32,1,29.695182586197056,29.695182586197056,29.695182586197056,False,False,0.0,0.0,0.6816262276352125,True,0.03271926449213974,0.0,True,11,0.1818669826569948,0.16424470103775546,0.17316401604961545,11000,21000,Windows-AMD64-py3.14.3,self-contained local validation harness; charged-time accounting is disclosed by timing_mode
resource-defense_DLGPR-full_seed1,no-git,2026-05-27T22:17:43,1,DLGPR-full,self-contained-rts-micro,ResourceDefenseEnv,1.0-local,resource-defense,1,30.0,28.0,2.0,1.0,4.0,strict_delta_max,0.9,24.010653437193604,26.010653437193604,56.422999943606555,24.06630024779588,simulated_charged,GA,2.1098273840752024,7,1,1,9,9,0.928528,0.928528,0.0,0.5,32,1,29.510956128746884,29.65833729470702,29.695182586197056,False,False,0.0,0.0,0.6444385329473741,True,0.049259552879988004,0.0,True,10,0.18945448867084813,0.1498932688670673,0.16888607897629573,11000,21000,Windows-AMD64-py3.14.3,self-contained local validation harness; charged-time accounting is disclosed by timing_mode
resource-defense_DLGPR-full_seed1,no-git,2026-05-27T22:17:43,1,DLGPR-full,self-contained-rts-micro,ResourceDefenseEnv,1.0-local,resource-defense,2,30.0,28.0,2.0,1.0,4.0,strict_delta_max,0.9,24.095870701701656,26.095870701701656,53.94169990904629,22.785799694247544,simulated_charged,GA,2.033734116594125,7,1,1,9,9,0.928528,0.928528,0.0,0.5,32,1,29.335251397747516,29.623196348507147,29.695182586197056,False,False,0.0,0.0,0.6311958980774379,True,0.05715944185351511,0.0,True,10,0.18605178316808002,0.1376264474716757,0.15150976958520057,11000,21000,Windows-AMD64-py3.14.3,self-contained local validation harness; charged-time accounting is disclosed by timing_mode
resource-defense_DLGPR-full_seed1,no-git,2026-05-27T22:17:43,1,DLGPR-full,self-contained-rts-micro,ResourceDefenseEnv,1.0-local,resource-defense,3,30.0,28.0,2.0,1.0,4.0,strict_delta_max,0.9,26.47820321663544,28.47820321663544,59.34599996544421,24.76960001513362,simulated_charged,GA,3.1994366491324273,8,1,1,10,10,0.9412039999999999,0.9412039999999999,0.0,0.5,32,1,29.512635680762813,29.658673205110208,29.695182586197056,False,False,0.0,0.0,0.6457248506777958,True,0.03393233924534345,0.0039619474895485705,True,11,0.18564132745458178,0.12839792602524155,0.1399702569990706,11000,21000,Windows-AMD64-py3.14.3,self-contained local validation harness; charged-time accounting is disclosed by timing_mode
resource-defense_DLGPR-full_seed1,no-git,2026-05-27T22:17:43,1,DLGPR-full,self-contained-rts-micro,ResourceDefenseEnv,1.0-local,resource-defense,4,30.0,28.0,2.0,1.0,4.0,strict_delta_max,0.9,25.003347864345308,27.003347864345308,54.00020000524819,23.060499923303723,simulated_charged,GA,2.7096908043519647,7,1,1,9,9,0.9412039999999999,0.9412039999999999,0.0,0.5,32,1,29.451786712284733,29.646503411414592,29.695182586197056,False,False,0.0,0.0,0.6718353602571778,True,0.039364229426082115,0.0,True,10,0.185512530954107,0.12048652949979344,0.13621313041863306,11000,21000,Windows-AMD64-py3.14.3,self-contained local validation harness; charged-time accounting is disclosed by timing_mode
resource-defense_DLGPR-full_seed1,no-git,2026-05-27T22:17:43,1,DLGPR-full,self-contained-rts-micro,ResourceDefenseEnv,1.0-local,resource-defense,5,30.0,28.0,2.0,1.0,4.0,strict_delta_max,0.9,26.538513232930647,28.538513232930647,65.70869998540729,27.677400037646294,simulated_charged,GA,3.148890025138788,9,1,1,11,11,0.9412039999999999,0.9412039999999999,0.0,0.5,32,1,29.406015247880454,29.637349118533734,29.695182586197056,False,False,0.0,0.0,0.6718353602571778,True,0.024760612771278907,0.0,True,12,0.18890499696349977,0.11448305706702298,0.12806609432675975,11000,21000,Windows-AMD64-py3.14.3,self-contained local validation harness; charged-time accounting is disclosed by timing_mode
resource-defense_DLGPR-full_seed2,no-git,2026-05-27T22:17:43,2,DLGPR-full,self-contained-rts-micro,ResourceDefenseEnv,1.0-local,resource-defense,0,30.0,28.0,2.0,1.0,4.0,strict_delta_max,0.9,26.400278398556505,28.400278398556505,75.22960007190704,32.66159992199391,simulated_charged,GA,3.873162892062616,10,1,1,12,12,0.6912680000000001,0.6912680000000001,0.0,0.5,32,1,28.400278398556505,28.400278398556505,28.400278398556505,False,False,0.0,0.0,0.8280363722162447,True,0.03271223985389783,0.008725685167866105,True,13,0.212857744524644,0.16986959784329356,0.18636058385153062,12000,22000,Windows-AMD64-py3.14.3,self-contained local validation harness; charged-time accounting is disclosed by timing_mode
resource-defense_DLGPR-full_seed2,no-git,2026-05-27T22:17:43,2,DLGPR-full,self-contained-rts-micro,ResourceDefenseEnv,1.0-local,resource-defense,1,30.0,28.0,2.0,1.0,4.0,strict_delta_max,0.9,26.136732971903697,28.136732971903697,60.63009996432811,26.03739988990128,simulated_charged,GA,3.6850883247868014,8,1,1,10,10,0.6912680000000001,0.6912680000000001,0.0,0.5,32,1,28.387101127223865,28.397642944289977,28.400278398556505,False,False,0.0,0.0,0.5133319970923821,True,0.03223581218943622,0.0,True,11,0.1912154838460636,0.15334994822127793,0.1677053051181711,12000,22000,Windows-AMD64-py3.14.3,self-contained local validation harness; charged-time accounting is disclosed by timing_mode
resource-defense_DLGPR-full_seed2,no-git,2026-05-27T22:17:43,2,DLGPR-full,self-contained-rts-micro,ResourceDefenseEnv,1.0-local,resource-defense,2,30.0,28.0,2.0,1.0,4.0,strict_delta_max,0.9,24.992695390464156,26.992695390464156,60.76940009370446,25.7253001909703,simulated_charged,GA,3.6298273974200153,8,1,1,10,10,0.698048,0.698048,0.0,0.5,32,1,28.373923855891224,28.39500749002345,28.400278398556505,False,False,0.0,0.0,0.5531181300676796,True,0.03934225217625236,0.0,True,11,0.1733473186725955,0.1402421300225041,0.1543278147947179,12000,22000,Windows-AMD64-py3.14.3,self-contained local validation harness; charged-time accounting is disclosed by timing_mode
resource-defense_DLGPR-full_seed2,no-git,2026-05-27T22:17:43,2,DLGPR-full,self-contained-rts-micro,ResourceDefenseEnv,1.0-local,resource-defense,3,30.0,28.0,2.0,1.0,4.0,strict_delta_max,0.9,26.388306416778086,28.388306416778086,73.84069997351617,31.6729003097862,simulated_charged,GA,3.942115092344275,10,1,1,12,12,0.9129759999999999,0.9129759999999999,0.0,0.5,32,1,28.398482601289743,28.399919239103152,28.400278398556505,False,False,0.0,0.0,0.5682463724484434,True,0.029849601729536934,0.0,True,13,0.18094882832437253,0.13088155410128058,0.1460558274453953,12000,22000,Windows-AMD64-py3.14.3,self-contained local validation harness; charged-time accounting is disclosed by timing_mode
resource-defense_DLGPR-full_seed2,no-git,2026-05-27T22:17:43,2,DLGPR-full,self-contained-rts-micro,ResourceDefenseEnv,1.0-local,resource-defense,4,30.0,28.0,2.0,1.0,4.0,strict_delta_max,0.9,25.784645580406867,27.784645580406867,55.41659996379167,23.782299947924912,simulated_charged,GA,2.7656550305659566,7,1,1,9,9,0.9129759999999999,0.9129759999999999,0.0,0.5,32,1,28.397884002200822,28.39979951928537,28.400278398556505,False,False,0.0,0.0,0.551318683925332,True,0.040612498445002365,0.0,True,10,0.16883956736637157,0.12230572421034114,0.13517514319303772,12000,22000,Windows-AMD64-py3.14.3,self-contained local validation harness; charged-time accounting is disclosed by timing_mode
resource-defense_DLGPR-full_seed2,no-git,2026-05-27T22:17:43,2,DLGPR-full,self-contained-rts-micro,ResourceDefenseEnv,1.0-local,resource-defense,5,30.0,28.0,2.0,1.0,4.0,strict_delta_max,0.9,25.73074791327598,27.73074791327598,62.83800001256168,26.767799980007112,simulated_charged,GA,2.057423720857403,8,1,1,10,10,0.9326479999999999,0.9326479999999999,0.0,0.5,32,1,28.3972854031119,28.399679799467584,28.400278398556505,False,False,0.0,0.0,0.481784062577617,True,0.04368748679239288,0.0,True,11,0.15653567333913138,0.1156193689752176,0.1273944917331668,12000,22000,Windows-AMD64-py3.14.3,self-contained local validation harness; charged-time accounting is disclosed by timing_mode
resource-defense_fixed-split_seed0,no-git,2026-05-27T22:17:44,0,fixed-split,self-contained-rts-micro,ResourceDefenseEnv,1.0-local,resource-defense,0,30.0,28.0,2.0,1.0,4.0,strict_delta_max,0.9,25.829398652310356,27.829398652310356,61.047299997881055,31.161900027655065,simulated_charged,PSO,3.0968142867002966,4,4,3,11,11,0.9066799999999999,0.9066799999999999,0.0,0.5,32,1,27.829398652310356,27.829398652310356,27.829398652310356,False,False,0.0,0.0,0.0,False,0.03343312183384014,0.0,True,14,0.0,0.0,0.0,10000,20000,Windows-AMD64-py3.14.3,self-contained local validation harness; charged-time accounting is disclosed by timing_mode
resource-defense_fixed-split_seed0,no-git,2026-05-27T22:17:44,0,fixed-split,self-contained-rts-micro,ResourceDefenseEnv,1.0-local,resource-defense,1,30.0,28.0,2.0,1.0,4.0,strict_delta_max,0.9,27.30609982201839,29.30609982201839,60.94480003230274,30.311399837955832,simulated_charged,RL,4.0,3,3,4,10,10,0.9066799999999999,0.9066799999999999,0.0,0.5,32,1,29.23226476353299,29.291332810321308,29.30609982201839,False,False,0.0,0.0,0.0,False,0.042269500000000015,0.0,True,14,0.0,0.0,0.0,10000,20000,Windows-AMD64-py3.14.3,self-contained local validation harness; charged-time accounting is disclosed by timing_mode
resource-defense_fixed-split_seed0,no-git,2026-05-27T22:17:44,0,fixed-split,self-contained-rts-micro,ResourceDefenseEnv,1.0-local,resource-defense,2,30.0,28.0,2.0,1.0,4.0,strict_delta_max,0.9,24.6709761407114,26.6709761407114,59.02409995906055,28.584699844941497,simulated_charged,GA,3.6779086670399126,4,3,3,10,10,0.9066799999999999,0.9066799999999999,0.0,0.5,32,1,29.158429705047585,29.27656579862423,29.30609982201839,False,False,0.0,0.0,0.21255719577268908,True,0.025131307577656237,0.0,True,13,0.0,0.0,0.0,10000,20000,Windows-AMD64-py3.14.3,self-contained local validation harness; charged-time accounting is disclosed by timing_mode
resource-defense_fixed-split_seed0,no-git,2026-05-27T22:17:44,0,fixed-split,self-contained-rts-micro,ResourceDefenseEnv,1.0-local,resource-defense,3,30.0,28.0,2.0,1.0,4.0,strict_delta_max,0.9,24.405236049388428,26.405236049388428,53.320399951189756,26.618200121447444,simulated_charged,GA,3.8120485142322798,3,3,3,9,9,0.9066799999999999,0.9066799999999999,0.0,0.5,32,1,29.084594646562184,29.261798786927148,29.30609982201839,False,False,0.0,0.0,0.12998834998804937,True,0.020196865822847337,0.0,True,12,0.0,0.0,0.0,10000,20000,Windows-AMD64-py3.14.3,self-contained local validation harness; charged-time accounting is disclosed by timing_mode
resource-defense_fixed-split_seed0,no-git,2026-05-27T22:17:44,0,fixed-split,self-contained-rts-micro,ResourceDefenseEnv,1.0-local,resource-defense,4,30.0,28.0,2.0,1.0,4.0,strict_delta_max,0.9,26.713578777374245,28.713578777374245,70.79540006816387,35.825599916279316,simulated_charged,GA,3.568907640897554,4,4,4,12,12,0.9066799999999999,0.9066799999999999,0.0,0.5,32,1,29.18759561308956,29.282398980232625,29.30609982201839,False,False,0.0,0.0,0.12947576587888796,True,0.02010156271097826,0.0,True,16,0.0,0.0,0.0,10000,20000,Windows-AMD64-py3.14.3,self-contained local validation harness; charged-time accounting is disclosed by timing_mode
resource-defense_fixed-split_seed0,no-git,2026-05-27T22:17:44,0,fixed-split,self-contained-rts-micro,ResourceDefenseEnv,1.0-local,resource-defense,5,30.0,28.0,2.0,1.0,4.0,strict_delta_max,0.9,24.416570128549008,26.416570128549008,64.36419999226928,33.52559998165816,simulated_charged,RL,1.2526552030073497,3,4,4,11,11,0.9066799999999999,0.9066799999999999,0.0,0.5,32,1,29.157969560857353,29.276473769786183,29.30609982201839,False,False,0.0,0.0,0.0,False,0.0,0.0,True,15,0.0,0.0,0.0,10000,20000,Windows-AMD64-py3.14.3,self-contained local validation harness; charged-time accounting is disclosed by timing_mode
resource-defense_fixed-split_seed1,no-git,2026-05-27T22:17:44,1,fixed-split,self-contained-rts-micro,ResourceDefenseEnv,1.0-local,resource-defense,0,30.0,28.0,2.0,1.0,4.0,strict_delta_max,0.9,25.139273775386922,27.139273775386922,52.26849997416139,26.36700007133186,simulated_charged,RL,3.5372519470062302,3,3,3,9,9,0.9027639999999999,0.9027639999999999,0.0,0.5,32,1,27.139273775386922,27.139273775386922,27.139273775386922,False,False,0.0,0.0,0.0,False,0.0,0.0,True,12,0.0,0.0,0.0,11000,21000,Windows-AMD64-py3.14.3,self-contained local validation harness; charged-time accounting is disclosed by timing_mode
resource-defense_fixed-split_seed1,no-git,2026-05-27T22:17:44,1,fixed-split,self-contained-rts-micro,ResourceDefenseEnv,1.0-local,resource-defense,1,30.0,28.0,2.0,1.0,4.0,strict_delta_max,0.9,25.019703788606115,27.019703788606115,46.05689994059503,22.91759999934584,simulated_charged,PSO,2.8624173430218938,3,3,2,8,8,0.9027639999999999,0.9027639999999999,0.0,0.5,32,1,27.133295276047882,27.138078075519115,27.139273775386922,False,False,0.0,0.0,0.0,False,0.006032029716831812,0.0,True,10,0.0,0.0,0.0,11000,21000,Windows-AMD64-py3.14.3,self-contained local validation harness; charged-time accounting is disclosed by timing_mode
resource-defense_fixed-split_seed1,no-git,2026-05-27T22:17:44,1,fixed-split,self-contained-rts-micro,ResourceDefenseEnv,1.0-local,resource-defense,2,30.0,28.0,2.0,1.0,4.0,strict_delta_max,0.9,24.651211167246956,26.651211167246956,60.12819998431951,30.016199918463826,simulated_charged,RL,2.860745536466986,3,3,4,10,10,0.92222,0.92222,0.0,0.5,32,1,27.12731677670884,27.136882375651307,27.139273775386922,False,False,0.0,0.0,0.0,False,0.08583356921121042,0.0,True,14,0.0,0.0,0.0,11000,21000,Windows-AMD64-py3.14.3,self-contained local validation harness; charged-time accounting is disclosed by timing_mode
resource-defense_fixed-split_seed1,no-git,2026-05-27T22:17:44,1,fixed-split,self-contained-rts-micro,ResourceDefenseEnv,1.0-local,resource-defense,3,30.0,28.0,2.0,1.0,4.0,strict_delta_max,0.9,25.412086317261284,27.412086317261284,57.965500047430396,28.22549978736788,simulated_charged,GA,2.55566517160596,4,3,3,10,10,0.9248319999999999,0.9248319999999999,0.0,0.5,32,1,27.37116443598013,27.403901941005053,27.412086317261284,False,False,0.0,0.0,0.08800238279346487,True,0.023923745881540375,0.0010220431177838825,True,13,0.0,0.0,0.0,11000,21000,Windows-AMD64-py3.14.3,self-contained local validation harness; charged-time accounting is disclosed by timing_mode
resource-defense_fixed-split_seed1,no-git,2026-05-27T22:17:44,1,fixed-split,self-contained-rts-micro,ResourceDefenseEnv,1.0-local,resource-defense,4,30.0,28.0,2.0,1.0,4.0,strict_delta_max,0.9,24.857456947910663,26.857456947910663,51.48609995376319,25.614099926315248,simulated_charged,GA,1.7392065383663797,3,3,3,9,9,0.9248319999999999,0.9248319999999999,0.0,0.5,32,1,27.357523808886413,27.40117381558631,27.412086317261284,False,False,0.0,0.0,0.15198792148758639,True,0.034956042751708376,0.0,True,12,0.0,0.0,0.0,11000,21000,Windows-AMD64-py3.14.3,self-contained local validation harness; charged-time accounting is disclosed by timing_mode
resource-defense_fixed-split_seed1,no-git,2026-05-27T22:17:44,1,fixed-split,self-contained-rts-micro,ResourceDefenseEnv,1.0-local,resource-defense,5,30.0,28.0,2.0,1.0,4.0,strict_delta_max,0.9,27.046014506317785,29.046014506317785,62.81020003370941,32.231600023806095,simulated_charged,RL,3.1251623932202817,3,4,4,11,11,0.9311959999999999,0.9311959999999999,0.0,0.5,32,1,28.63753245905366,28.96431809686496,29.046014506317785,False,False,0.0,0.0,0.0,False,0.061817587597721546,0.0,True,15,0.0,0.0,0.0,11000,21000,Windows-AMD64-py3.14.3,self-contained local validation harness; charged-time accounting is disclosed by timing_mode
resource-defense_fixed-split_seed2,no-git,2026-05-27T22:17:45,2,fixed-split,self-contained-rts-micro,ResourceDefenseEnv,1.0-local,resource-defense,0,30.0,28.0,2.0,1.0,4.0,strict_delta_max,0.9,24.97204488997702,26.97204488997702,59.00370003655553,29.22889997716993,simulated_charged,GA,2.3272677848466587,4,3,3,10,10,0.657472,0.657472,0.0,0.5,32,1,26.97204488997702,26.97204488997702,26.97204488997702,False,False,0.0,0.0,0.8900692926057706,True,0.07106040493439252,0.0,True,13,0.0,0.0,0.0,12000,22000,Windows-AMD64-py3.14.3,self-contained local validation harness; charged-time accounting is disclosed by timing_mode
resource-defense_fixed-split_seed2,no-git,2026-05-27T22:17:45,2,fixed-split,self-contained-rts-micro,ResourceDefenseEnv,1.0-local,resource-defense,1,30.0,28.0,2.0,1.0,4.0,strict_delta_max,0.9,24.392103449321347,26.392103449321347,52.53779992926866,25.97280021291226,simulated_charged,GA,3.172897865185073,3,3,3,9,9,0.8006059999999999,0.8006059999999999,0.0,0.5,32,1,26.943047817944237,26.966245475570464,26.97204488997702,False,False,0.0,0.0,0.6722370594113442,True,0.028523304288160183,0.0,True,12,0.0,0.0,0.0,12000,22000,Windows-AMD64-py3.14.3,self-contained local validation harness; charged-time accounting is disclosed by timing_mode
resource-defense_fixed-split_seed2,no-git,2026-05-27T22:17:45,2,fixed-split,self-contained-rts-micro,ResourceDefenseEnv,1.0-local,resource-defense,2,30.0,28.0,2.0,1.0,4.0,strict_delta_max,0.9,24.636845974502624,26.636845974502624,45.99920008331537,23.262799833901227,simulated_charged,RL,2.175327078120747,2,3,3,8,8,0.8006059999999999,0.8006059999999999,0.0,0.5,32,1,26.938524998429582,26.965340911667532,26.97204488997702,False,False,0.0,0.0,0.0,False,0.17457512657272253,0.0,True,11,0.0,0.0,0.0,12000,22000,Windows-AMD64-py3.14.3,self-contained local validation harness; charged-time accounting is disclosed by timing_mode
resource-defense_fixed-split_seed2,no-git,2026-05-27T22:17:45,2,fixed-split,self-contained-rts-micro,ResourceDefenseEnv,1.0-local,resource-defense,3,30.0,28.0,2.0,1.0,4.0,strict_delta_max,0.9,26.45424620336151,28.45424620336151,57.70729994401336,28.097600326873362,simulated_charged,GA,2.6083196198147713,4,3,3,10,10,0.89228,0.89228,0.0,0.5,32,1,28.231916006353835,28.409780163959976,28.45424620336151,False,False,0.0,0.0,0.37647959164251177,True,0.02589623888647757,0.0,True,13,0.0,0.0,0.0,12000,22000,Windows-AMD64-py3.14.3,self-contained local validation harness; charged-time accounting is disclosed by timing_mode
resource-defense_fixed-split_seed2,no-git,2026-05-27T22:17:45,2,fixed-split,self-contained-rts-micro,ResourceDefenseEnv,1.0-local,resource-defense,4,30.0,28.0,2.0,1.0,4.0,strict_delta_max,0.9,25.918669199973053,27.918669199973053,54.458800004795194,28.342099860310555,simulated_charged,PSO,2.9410460406804133,3,4,3,10,10,0.89228,0.89228,0.0,0.5,32,1,28.347130802683818,28.432823123225972,28.45424620336151,False,False,0.0,0.0,0.0,False,0.007035595254795535,0.0,True,13,0.0,0.0,0.0,12000,22000,Windows-AMD64-py3.14.3,self-contained local validation harness; charged-time accounting is disclosed by timing_mode
resource-defense_fixed-split_seed2,no-git,2026-05-27T22:17:45,2,fixed-split,self-contained-rts-micro,ResourceDefenseEnv,1.0-local,resource-defense,5,30.0,28.0,2.0,1.0,4.0,strict_delta_max,0.9,25.467277184297718,27.467277184297718,67.32459994964302,32.8203997341916,simulated_charged,GA,3.2472315089846946,4,3,4,11,11,0.9238639999999999,0.9238639999999999,0.0,0.5,32,1,28.320351952514397,28.42746735319209,28.45424620336151,False,False,0.0,0.0,0.35700222019615335,True,0.022402980403164154,0.0,True,15,0.0,0.0,0.0,12000,22000,Windows-AMD64-py3.14.3,self-contained local validation harness; charged-time accounting is disclosed by timing_mode
resource-defense_round-robin_seed0,no-git,2026-05-27T22:17:45,0,round-robin,self-contained-rts-micro,ResourceDefenseEnv,1.0-local,resource-defense,0,30.0,28.0,2.0,1.0,4.0,strict_delta_max,0.9,25.829398652310356,27.829398652310356,60.39150001015514,30.49569996073842,simulated_charged,PSO,3.0968142867002966,4,4,3,11,11,0.9066799999999999,0.9066799999999999,0.0,0.5,32,1,27.829398652310356,27.829398652310356,27.829398652310356,False,False,0.0,0.0,0.0,False,0.03343312183384014,0.0,True,14,0.0,0.0,0.0,10000,20000,Windows-AMD64-py3.14.3,self-contained local validation harness; charged-time accounting is disclosed by timing_mode
resource-defense_round-robin_seed0,no-git,2026-05-27T22:17:45,0,round-robin,self-contained-rts-micro,ResourceDefenseEnv,1.0-local,resource-defense,1,30.0,28.0,2.0,1.0,4.0,strict_delta_max,0.9,27.30609982201839,29.30609982201839,60.34740002360195,29.86319991759956,simulated_charged,RL,4.0,3,3,4,10,10,0.9066799999999999,0.9066799999999999,0.0,0.5,32,1,29.23226476353299,29.291332810321308,29.30609982201839,False,False,0.0,0.0,0.0,False,0.042269500000000015,0.0,True,14,0.0,0.0,0.0,10000,20000,Windows-AMD64-py3.14.3,self-contained local validation harness; charged-time accounting is disclosed by timing_mode
resource-defense_round-robin_seed0,no-git,2026-05-27T22:17:45,0,round-robin,self-contained-rts-micro,ResourceDefenseEnv,1.0-local,resource-defense,2,30.0,28.0,2.0,1.0,4.0,strict_delta_max,0.9,24.6709761407114,26.6709761407114,58.13999997917563,27.972899843007326,simulated_charged,GA,3.6779086670399126,4,3,3,10,10,0.9066799999999999,0.9066799999999999,0.0,0.5,32,1,29.158429705047585,29.27656579862423,29.30609982201839,False,False,0.0,0.0,0.21255719577268908,True,0.025131307577656237,0.0,True,13,0.0,0.0,0.0,10000,20000,Windows-AMD64-py3.14.3,self-contained local validation harness; charged-time accounting is disclosed by timing_mode
resource-defense_round-robin_seed0,no-git,2026-05-27T22:17:45,0,round-robin,self-contained-rts-micro,ResourceDefenseEnv,1.0-local,resource-defense,3,30.0,28.0,2.0,1.0,4.0,strict_delta_max,0.9,24.405236049388428,26.405236049388428,55.17469998449087,27.649800176732242,simulated_charged,GA,3.8120485142322798,3,3,3,9,9,0.9066799999999999,0.9066799999999999,0.0,0.5,32,1,29.084594646562184,29.261798786927148,29.30609982201839,False,False,0.0,0.0,0.12998834998804937,True,0.020196865822847337,0.0,True,12,0.0,0.0,0.0,10000,20000,Windows-AMD64-py3.14.3,self-contained local validation harness; charged-time accounting is disclosed by timing_mode
resource-defense_round-robin_seed0,no-git,2026-05-27T22:17:45,0,round-robin,self-contained-rts-micro,ResourceDefenseEnv,1.0-local,resource-defense,4,30.0,28.0,2.0,1.0,4.0,strict_delta_max,0.9,26.713578777374245,28.713578777374245,68.96689999848604,34.57190014887601,simulated_charged,GA,3.568907640897554,4,4,4,12,12,0.9066799999999999,0.9066799999999999,0.0,0.5,32,1,29.18759561308956,29.282398980232625,29.30609982201839,False,False,0.0,0.0,0.12947576587888796,True,0.02010156271097826,0.0,True,16,0.0,0.0,0.0,10000,20000,Windows-AMD64-py3.14.3,self-contained local validation harness; charged-time accounting is disclosed by timing_mode
resource-defense_round-robin_seed0,no-git,2026-05-27T22:17:45,0,round-robin,self-contained-rts-micro,ResourceDefenseEnv,1.0-local,resource-defense,5,30.0,28.0,2.0,1.0,4.0,strict_delta_max,0.9,24.416570128549008,26.416570128549008,63.2555999327451,32.63929998502135,simulated_charged,RL,1.2526552030073497,3,4,4,11,11,0.9066799999999999,0.9066799999999999,0.0,0.5,32,1,29.157969560857353,29.276473769786183,29.30609982201839,False,False,0.0,0.0,0.0,False,0.0,0.0,True,15,0.0,0.0,0.0,10000,20000,Windows-AMD64-py3.14.3,self-contained local validation harness; charged-time accounting is disclosed by timing_mode
resource-defense_round-robin_seed1,no-git,2026-05-27T22:17:46,1,round-robin,self-contained-rts-micro,ResourceDefenseEnv,1.0-local,resource-defense,0,30.0,28.0,2.0,1.0,4.0,strict_delta_max,0.9,25.139273775386922,27.139273775386922,52.160499966703355,26.365799829363823,simulated_charged,RL,3.5372519470062302,3,3,3,9,9,0.9027639999999999,0.9027639999999999,0.0,0.5,32,1,27.139273775386922,27.139273775386922,27.139273775386922,False,False,0.0,0.0,0.0,False,0.0,0.0,True,12,0.0,0.0,0.0,11000,21000,Windows-AMD64-py3.14.3,self-contained local validation harness; charged-time accounting is disclosed by timing_mode
resource-defense_round-robin_seed1,no-git,2026-05-27T22:17:46,1,round-robin,self-contained-rts-micro,ResourceDefenseEnv,1.0-local,resource-defense,1,30.0,28.0,2.0,1.0,4.0,strict_delta_max,0.9,25.019703788606115,27.019703788606115,43.352800072170794,21.740199881605804,simulated_charged,PSO,2.8624173430218938,3,3,2,8,8,0.9027639999999999,0.9027639999999999,0.0,0.5,32,1,27.133295276047882,27.138078075519115,27.139273775386922,False,False,0.0,0.0,0.0,False,0.006032029716831812,0.0,True,10,0.0,0.0,0.0,11000,21000,Windows-AMD64-py3.14.3,self-contained local validation harness; charged-time accounting is disclosed by timing_mode
resource-defense_round-robin_seed1,no-git,2026-05-27T22:17:46,1,round-robin,self-contained-rts-micro,ResourceDefenseEnv,1.0-local,resource-defense,2,30.0,28.0,2.0,1.0,4.0,strict_delta_max,0.9,24.651211167246956,26.651211167246956,60.94540003687143,30.45239974744618,simulated_charged,RL,2.860745536466986,3,3,4,10,10,0.92222,0.92222,0.0,0.5,32,1,27.12731677670884,27.136882375651307,27.139273775386922,False,False,0.0,0.0,0.0,False,0.08583356921121042,0.0,True,14,0.0,0.0,0.0,11000,21000,Windows-AMD64-py3.14.3,self-contained local validation harness; charged-time accounting is disclosed by timing_mode
resource-defense_round-robin_seed1,no-git,2026-05-27T22:17:46,1,round-robin,self-contained-rts-micro,ResourceDefenseEnv,1.0-local,resource-defense,3,30.0,28.0,2.0,1.0,4.0,strict_delta_max,0.9,25.412086317261284,27.412086317261284,57.2603999171406,27.89539995137602,simulated_charged,GA,2.55566517160596,4,3,3,10,10,0.9248319999999999,0.9248319999999999,0.0,0.5,32,1,27.37116443598013,27.403901941005053,27.412086317261284,False,False,0.0,0.0,0.08800238279346487,True,0.023923745881540375,0.0010220431177838825,True,13,0.0,0.0,0.0,11000,21000,Windows-AMD64-py3.14.3,self-contained local validation harness; charged-time accounting is disclosed by timing_mode
resource-defense_round-robin_seed1,no-git,2026-05-27T22:17:46,1,round-robin,self-contained-rts-micro,ResourceDefenseEnv,1.0-local,resource-defense,4,30.0,28.0,2.0,1.0,4.0,strict_delta_max,0.9,24.857456947910663,26.857456947910663,51.975800073705614,25.746499886736274,simulated_charged,GA,1.7392065383663797,3,3,3,9,9,0.9248319999999999,0.9248319999999999,0.0,0.5,32,1,27.357523808886413,27.40117381558631,27.412086317261284,False,False,0.0,0.0,0.15198792148758639,True,0.034956042751708376,0.0,True,12,0.0,0.0,0.0,11000,21000,Windows-AMD64-py3.14.3,self-contained local validation harness; charged-time accounting is disclosed by timing_mode
resource-defense_round-robin_seed1,no-git,2026-05-27T22:17:46,1,round-robin,self-contained-rts-micro,ResourceDefenseEnv,1.0-local,resource-defense,5,30.0,28.0,2.0,1.0,4.0,strict_delta_max,0.9,27.046014506317785,29.046014506317785,62.96989996917546,32.0815002778545,simulated_charged,RL,3.1251623932202817,3,4,4,11,11,0.9311959999999999,0.9311959999999999,0.0,0.5,32,1,28.63753245905366,28.96431809686496,29.046014506317785,False,False,0.0,0.0,0.0,False,0.061817587597721546,0.0,True,15,0.0,0.0,0.0,11000,21000,Windows-AMD64-py3.14.3,self-contained local validation harness; charged-time accounting is disclosed by timing_mode
resource-defense_round-robin_seed2,no-git,2026-05-27T22:17:46,2,round-robin,self-contained-rts-micro,ResourceDefenseEnv,1.0-local,resource-defense,0,30.0,28.0,2.0,1.0,4.0,strict_delta_max,0.9,24.97204488997702,26.97204488997702,61.32159999106079,30.524499830789864,simulated_charged,GA,2.3272677848466587,4,3,3,10,10,0.657472,0.657472,0.0,0.5,32,1,26.97204488997702,26.97204488997702,26.97204488997702,False,False,0.0,0.0,0.8900692926057706,True,0.07106040493439252,0.0,True,13,0.0,0.0,0.0,12000,22000,Windows-AMD64-py3.14.3,self-contained local validation harness; charged-time accounting is disclosed by timing_mode
resource-defense_round-robin_seed2,no-git,2026-05-27T22:17:46,2,round-robin,self-contained-rts-micro,ResourceDefenseEnv,1.0-local,resource-defense,1,30.0,28.0,2.0,1.0,4.0,strict_delta_max,0.9,24.392103449321347,26.392103449321347,53.62489994149655,26.928400271572173,simulated_charged,GA,3.172897865185073,3,3,3,9,9,0.8006059999999999,0.8006059999999999,0.0,0.5,32,1,26.943047817944237,26.966245475570464,26.97204488997702,False,False,0.0,0.0,0.6722370594113442,True,0.028523304288160183,0.0,True,12,0.0,0.0,0.0,12000,22000,Windows-AMD64-py3.14.3,self-contained local validation harness; charged-time accounting is disclosed by timing_mode
resource-defense_round-robin_seed2,no-git,2026-05-27T22:17:46,2,round-robin,self-contained-rts-micro,ResourceDefenseEnv,1.0-local,resource-defense,2,30.0,28.0,2.0,1.0,4.0,strict_delta_max,0.9,24.636845974502624,26.636845974502624,50.99659995175898,25.823399890214205,simulated_charged,RL,2.175327078120747,2,3,3,8,8,0.8006059999999999,0.8006059999999999,0.0,0.5,32,1,26.938524998429582,26.965340911667532,26.97204488997702,False,False,0.0,0.0,0.0,False,0.17457512657272253,0.0,True,11,0.0,0.0,0.0,12000,22000,Windows-AMD64-py3.14.3,self-contained local validation harness; charged-time accounting is disclosed by timing_mode
resource-defense_round-robin_seed2,no-git,2026-05-27T22:17:46,2,round-robin,self-contained-rts-micro,ResourceDefenseEnv,1.0-local,resource-defense,3,30.0,28.0,2.0,1.0,4.0,strict_delta_max,0.9,26.45424620336151,28.45424620336151,57.912199990823865,28.29270006623119,simulated_charged,GA,2.6083196198147713,4,3,3,10,10,0.89228,0.89228,0.0,0.5,32,1,28.231916006353835,28.409780163959976,28.45424620336151,False,False,0.0,0.0,0.37647959164251177,True,0.02589623888647757,0.0,True,13,0.0,0.0,0.0,12000,22000,Windows-AMD64-py3.14.3,self-contained local validation harness; charged-time accounting is disclosed by timing_mode
resource-defense_round-robin_seed2,no-git,2026-05-27T22:17:46,2,round-robin,self-contained-rts-micro,ResourceDefenseEnv,1.0-local,resource-defense,4,30.0,28.0,2.0,1.0,4.0,strict_delta_max,0.9,25.918669199973053,27.918669199973053,54.52120001427829,28.23840011842549,simulated_charged,PSO,2.9410460406804133,3,4,3,10,10,0.89228,0.89228,0.0,0.5,32,1,28.347130802683818,28.432823123225972,28.45424620336151,False,False,0.0,0.0,0.0,False,0.007035595254795535,0.0,True,13,0.0,0.0,0.0,12000,22000,Windows-AMD64-py3.14.3,self-contained local validation harness; charged-time accounting is disclosed by timing_mode
resource-defense_round-robin_seed2,no-git,2026-05-27T22:17:46,2,round-robin,self-contained-rts-micro,ResourceDefenseEnv,1.0-local,resource-defense,5,30.0,28.0,2.0,1.0,4.0,strict_delta_max,0.9,25.467277184297718,27.467277184297718,68.98189999628812,34.26969994325191,simulated_charged,GA,3.2472315089846946,4,3,4,11,11,0.9238639999999999,0.9238639999999999,0.0,0.5,32,1,28.320351952514397,28.42746735319209,28.45424620336151,False,False,0.0,0.0,0.35700222019615335,True,0.022402980403164154,0.0,True,15,0.0,0.0,0.0,12000,22000,Windows-AMD64-py3.14.3,self-contained local validation harness; charged-time accounting is disclosed by timing_mode
resource-defense_greedy-improvement_seed0,no-git,2026-05-27T22:17:47,0,greedy-improvement,self-contained-rts-micro,ResourceDefenseEnv,1.0-local,resource-defense,0,30.0,28.0,2.0,1.0,4.0,strict_delta_max,0.9,24.235083159895595,26.235083159895595,54.70859992783517,21.92159998230636,simulated_charged,GA,2.0245567891429643,9,0,0,9,9,0.701608,0.701608,0.0,0.5,32,1,26.235083159895595,26.235083159895595,26.235083159895595,False,False,0.0,0.0,0.539276493887666,True,0.06629666747912574,0.0,True,9,0.0,0.0,0.0,10000,20000,Windows-AMD64-py3.14.3,self-contained local validation harness; charged-time accounting is disclosed by timing_mode
resource-defense_greedy-improvement_seed0,no-git,2026-05-27T22:17:47,0,greedy-improvement,self-contained-rts-micro,ResourceDefenseEnv,1.0-local,resource-defense,1,30.0,28.0,2.0,1.0,4.0,strict_delta_max,0.9,24.702083720163404,26.702083720163404,60.318400035612285,23.735999944619834,simulated_charged,GA,2.193588710845586,10,0,0,10,10,0.7085679999999999,0.7085679999999999,0.0,0.5,32,1,26.678733692150015,26.697413714560728,26.702083720163404,False,False,0.0,0.0,0.4759144618475732,True,0.0522068793890852,0.0,True,10,0.0,0.0,0.0,10000,20000,Windows-AMD64-py3.14.3,self-contained local validation harness; charged-time accounting is disclosed by timing_mode
resource-defense_greedy-improvement_seed0,no-git,2026-05-27T22:17:47,0,greedy-improvement,self-contained-rts-micro,ResourceDefenseEnv,1.0-local,resource-defense,2,30.0,28.0,2.0,1.0,4.0,strict_delta_max,0.9,26.330462792261752,28.330462792261752,54.52950007747859,21.57510002143681,simulated_charged,GA,3.6377663203344937,9,0,0,9,9,0.7085679999999999,0.7085679999999999,0.0,0.5,32,1,28.167624885051918,28.297895210819785,28.330462792261752,False,False,0.0,0.0,0.49145583094227685,True,0.027849303792689722,0.0,True,9,0.0,0.0,0.0,10000,20000,Windows-AMD64-py3.14.3,self-contained local validation harness; charged-time accounting is disclosed by timing_mode
resource-defense_greedy-improvement_seed0,no-git,2026-05-27T22:17:47,0,greedy-improvement,self-contained-rts-micro,ResourceDefenseEnv,1.0-local,resource-defense,3,30.0,28.0,2.0,1.0,4.0,strict_delta_max,0.9,24.177234107552323,26.177234107552323,65.46259997412562,25.83210018929094,simulated_charged,GA,1.4040951229866976,11,0,0,11,11,0.7525159999999997,0.7525159999999997,0.0,0.5,32,1,28.086205931447,28.281611420098802,28.330462792261752,False,False,0.0,0.0,0.49156230357332775,True,0.06580299034466876,0.0,True,11,0.0,0.0,0.0,10000,20000,Windows-AMD64-py3.14.3,self-contained local validation harness; charged-time accounting is disclosed by timing_mode
resource-defense_greedy-improvement_seed0,no-git,2026-05-27T22:17:47,0,greedy-improvement,self-contained-rts-micro,ResourceDefenseEnv,1.0-local,resource-defense,4,30.0,28.0,2.0,1.0,4.0,strict_delta_max,0.9,25.800971566536326,27.800971566536326,66.22080004308373,26.029499946162105,simulated_charged,GA,3.1999739998309256,11,0,0,11,11,0.78382,0.78382,0.0,0.5,32,1,28.224564547116668,28.309283143232737,28.330462792261752,False,False,0.0,0.0,0.5356411791081163,True,0.038649404932939606,0.0,True,11,0.0,0.0,0.0,10000,20000,Windows-AMD64-py3.14.3,self-contained local validation harness; charged-time accounting is disclosed by timing_mode
resource-defense_greedy-improvement_seed0,no-git,2026-05-27T22:17:47,0,greedy-improvement,self-contained-rts-micro,ResourceDefenseEnv,1.0-local,resource-defense,5,30.0,28.0,2.0,1.0,4.0,strict_delta_max,0.9,24.71124134626608,26.71124134626608,65.60349999926984,26.086000027135015,simulated_charged,GA,3.7690448511915253,11,0,0,11,11,0.7883039999999999,0.7883039999999999,0.0,0.5,32,1,28.198089985830396,28.30398823097548,28.330462792261752,False,False,0.0,0.0,0.47613419808526425,True,0.025029289186735932,0.0,True,11,0.0,0.0,0.0,10000,20000,Windows-AMD64-py3.14.3,self-contained local validation harness; charged-time accounting is disclosed by timing_mode
resource-defense_greedy-improvement_seed1,no-git,2026-05-27T22:17:47,1,greedy-improvement,self-contained-rts-micro,ResourceDefenseEnv,1.0-local,resource-defense,0,30.0,28.0,2.0,1.0,4.0,strict_delta_max,0.9,26.875528146445042,28.875528146445042,60.47929998021573,23.971299990080297,simulated_charged,GA,3.624219255389079,10,0,0,10,10,0.8901759999999999,0.8901759999999999,0.0,0.5,32,1,28.875528146445042,28.875528146445042,28.875528146445042,False,False,0.0,0.0,0.7422883567523676,True,0.03536510272766172,0.0,True,10,0.0,0.0,0.0,11000,21000,Windows-AMD64-py3.14.3,self-contained local validation harness; charged-time accounting is disclosed by timing_mode
resource-defense_greedy-improvement_seed1,no-git,2026-05-27T22:17:47,1,greedy-improvement,self-contained-rts-micro,ResourceDefenseEnv,1.0-local,resource-defense,1,30.0,28.0,2.0,1.0,4.0,strict_delta_max,0.9,24.817056296971764,26.817056296971764,60.61119993682951,24.23740003723651,simulated_charged,GA,1.9961801672767252,10,0,0,10,10,0.934008,0.934008,0.0,0.5,32,1,28.772604553971377,28.85494342795031,28.875528146445042,False,False,0.0,0.0,0.7593105646963385,True,0.07666245640144759,0.0,True,10,0.0,0.0,0.0,11000,21000,Windows-AMD64-py3.14.3,self-contained local validation harness; charged-time accounting is disclosed by timing_mode
resource-defense_greedy-improvement_seed1,no-git,2026-05-27T22:17:47,1,greedy-improvement,self-contained-rts-micro,ResourceDefenseEnv,1.0-local,resource-defense,2,30.0,28.0,2.0,1.0,4.0,strict_delta_max,0.9,25.76487604184231,27.76487604184231,54.16479997802526,21.293599857017398,simulated_charged,GA,2.4502125925384743,9,0,0,9,9,0.9540919999999999,0.9540919999999999,0.0,0.5,32,1,28.764462935984767,28.853315104352987,28.875528146445042,False,False,0.0,0.0,0.6259950065956892,True,0.04735143092923738,0.008196839760419534,True,9,0.0,0.0,0.0,11000,21000,Windows-AMD64-py3.14.3,self-contained local validation harness; charged-time accounting is disclosed by timing_mode
resource-defense_greedy-improvement_seed1,no-git,2026-05-27T22:17:47,1,greedy-improvement,self-contained-rts-micro,ResourceDefenseEnv,1.0-local,resource-defense,3,30.0,28.0,2.0,1.0,4.0,strict_delta_max,0.9,24.55712814527515,26.55712814527515,60.71370001882315,23.795900051482022,simulated_charged,GA,1.6467175525346351,10,0,0,10,10,0.9773679999999999,0.9773679999999999,0.0,0.5,32,1,28.708930330754633,28.84220858330696,28.875528146445042,False,False,0.0,0.0,0.4884520641045275,True,0.06131727828045069,0.014134785873979079,True,10,0.0,0.0,0.0,11000,21000,Windows-AMD64-py3.14.3,self-contained local validation harness; charged-time accounting is disclosed by timing_mode
resource-defense_greedy-improvement_seed1,no-git,2026-05-27T22:17:47,1,greedy-improvement,self-contained-rts-micro,ResourceDefenseEnv,1.0-local,resource-defense,4,30.0,28.0,2.0,1.0,4.0,strict_delta_max,0.9,24.539469941981107,26.539469941981107,68.29009996727109,26.900599943473935,simulated_charged,GA,2.6493414342084316,11,0,0,11,11,1.0091639999999997,1.0091639999999997,0.0,0.5,32,1,28.653397725524496,28.831102062260932,28.875528146445042,False,False,0.0,0.0,0.4998514650803157,True,0.04527553073475968,0.0,True,11,0.0,0.0,0.0,11000,21000,Windows-AMD64-py3.14.3,self-contained local validation harness; charged-time accounting is disclosed by timing_mode
resource-defense_greedy-improvement_seed1,no-git,2026-05-27T22:17:47,1,greedy-improvement,self-contained-rts-micro,ResourceDefenseEnv,1.0-local,resource-defense,5,30.0,28.0,2.0,1.0,4.0,strict_delta_max,0.9,25.528606797829,27.528606797829,63.9288000529632,25.413000024855137,simulated_charged,GA,3.6108527643554442,10,0,0,10,10,1.0091639999999997,1.0091639999999997,0.0,0.5,32,1,28.597865120294358,28.819995541214904,28.875528146445042,False,False,0.0,0.0,0.49178630181082567,True,0.024489784933972185,0.0,True,10,0.0,0.0,0.0,11000,21000,Windows-AMD64-py3.14.3,self-contained local validation harness; charged-time accounting is disclosed by timing_mode
resource-defense_greedy-improvement_seed2,no-git,2026-05-27T22:17:48,2,greedy-improvement,self-contained-rts-micro,ResourceDefenseEnv,1.0-local,resource-defense,0,30.0,28.0,2.0,1.0,4.0,strict_delta_max,0.9,26.44160939040116,28.44160939040116,61.97119993157685,24.68659996520728,simulated_charged,GA,3.1137997058210907,10,0,0,10,10,0.949608,0.949608,0.0,0.5,32,1,28.44160939040116,28.44160939040116,28.44160939040116,False,False,0.0,0.0,0.5544452285494965,True,0.04351459537059179,0.0,True,10,0.0,0.0,0.0,12000,22000,Windows-AMD64-py3.14.3,self-contained local validation harness; charged-time accounting is disclosed by timing_mode
resource-defense_greedy-improvement_seed2,no-git,2026-05-27T22:17:48,2,greedy-improvement,self-contained-rts-micro,ResourceDefenseEnv,1.0-local,resource-defense,1,30.0,28.0,2.0,1.0,4.0,strict_delta_max,0.9,26.201354063309783,28.201354063309783,55.6256000418216,21.845299866981804,simulated_charged,GA,3.7627226973839383,9,0,0,9,9,0.949608,0.949608,0.0,0.5,32,1,28.429596624046592,28.439206837130246,28.44160939040116,False,False,0.0,0.0,0.5782578406949954,True,0.03296109228955637,0.0,True,9,0.0,0.0,0.0,12000,22000,Windows-AMD64-py3.14.3,self-contained local validation harness; charged-time accounting is disclosed by timing_mode
resource-defense_greedy-improvement_seed2,no-git,2026-05-27T22:17:48,2,greedy-improvement,self-contained-rts-micro,ResourceDefenseEnv,1.0-local,resource-defense,2,30.0,28.0,2.0,1.0,4.0,strict_delta_max,0.9,24.038670038786723,26.038670038786723,61.73800001852214,24.56050005275756,simulated_charged,GA,3.341487191923412,10,0,0,10,10,0.949608,0.949608,0.0,0.5,32,1,28.417583857692023,28.436804283859335,28.44160939040116,False,False,0.0,0.0,0.551887388914564,True,0.04306340045265749,0.0,True,10,0.0,0.0,0.0,12000,22000,Windows-AMD64-py3.14.3,self-contained local validation harness; charged-time accounting is disclosed by timing_mode
resource-defense_greedy-improvement_seed2,no-git,2026-05-27T22:17:48,2,greedy-improvement,self-contained-rts-micro,ResourceDefenseEnv,1.0-local,resource-defense,3,30.0,28.0,2.0,1.0,4.0,strict_delta_max,0.9,24.855000226847572,26.855000226847572,61.450400040484965,24.421700043603778,simulated_charged,GA,2.8683358185009578,10,0,0,10,10,0.949608,0.949608,0.0,0.5,32,1,28.405571091337453,28.43440173058842,28.44160939040116,False,False,0.0,0.0,0.5387580151590556,True,0.04502603063810938,0.0,True,10,0.0,0.0,0.0,12000,22000,Windows-AMD64-py3.14.3,self-contained local validation harness; charged-time accounting is disclosed by timing_mode
resource-defense_greedy-improvement_seed2,no-git,2026-05-27T22:17:48,2,greedy-improvement,self-contained-rts-micro,ResourceDefenseEnv,1.0-local,resource-defense,4,30.0,28.0,2.0,1.0,4.0,strict_delta_max,0.9,24.194186187217564,26.194186187217564,49.520400003530085,19.289499963633716,simulated_charged,GA,3.557063486196956,8,0,0,8,8,0.949608,0.949608,0.0,0.5,32,1,28.393558324982887,28.431999177317508,28.44160939040116,False,False,0.0,0.0,0.5423008964618484,True,0.031775313259050066,0.0,True,8,0.0,0.0,0.0,12000,22000,Windows-AMD64-py3.14.3,self-contained local validation harness; charged-time accounting is disclosed by timing_mode
resource-defense_greedy-improvement_seed2,no-git,2026-05-27T22:17:48,2,greedy-improvement,self-contained-rts-micro,ResourceDefenseEnv,1.0-local,resource-defense,5,30.0,28.0,2.0,1.0,4.0,strict_delta_max,0.9,24.33664770698942,26.33664770698942,49.91960001643747,19.777800072915852,simulated_charged,GA,2.1830643085020744,8,0,0,8,8,0.9563279999999998,0.9563279999999998,0.0,0.5,32,1,28.381545558628318,28.429596624046592,28.44160939040116,False,False,0.0,0.0,0.541111508369793,True,0.03909523861809116,0.0,True,8,0.0,0.0,0.0,12000,22000,Windows-AMD64-py3.14.3,self-contained local validation harness; charged-time accounting is disclosed by timing_mode
