run_id,seed,method,task_name,interval,atomic_index,module,charged_ms,cpu_ms,value,score,win_rate,improvement_rate,diversity,learning_progress,remaining_before_ms,remaining_after_ms,do_not_start_rule,handshake_events,note
line-duel_DLGPR-full_seed0,0,DLGPR-full,line-duel,0,0,GA,1.6893344512949398,1.5837999526411295,-1.0350000000000001,-1.0350000000000001,0.0,0.0,0.8116122098641232,0.0646168400523651,22.0,20.31066554870506,strict_delta_max,1,cross_layer_handoff_executed
line-duel_DLGPR-full_seed0,0,DLGPR-full,line-duel,0,1,PSO,1.20651110410417,1.196000026538968,-1.04,-1.04,0.0,0.0,0.0,0.07826905056619649,20.31066554870506,19.10415444460089,strict_delta_max,1,cross_layer_handoff_executed
line-duel_DLGPR-full_seed0,0,DLGPR-full,line-duel,0,2,RL,4.0,1.6060000052675605,-0.04500000000000004,-0.04500000000000004,0.5,0.24750000000000003,0.0,0.0,19.10415444460089,15.10415444460089,strict_delta_max,2,cross_layer_handoff_executed
line-duel_DLGPR-full_seed0,0,DLGPR-full,line-duel,0,3,RL,4.0,2.1487000631168485,-0.04500000000000004,-0.04500000000000004,0.5,0.0,0.0,0.0,15.10415444460089,11.10415444460089,strict_delta_max,2,cross_layer_handoff_executed
line-duel_DLGPR-full_seed0,0,DLGPR-full,line-duel,0,4,RL,2.4004356539171647,2.0408000564202666,-0.04500000000000004,-0.04500000000000004,0.5,0.0,0.0,0.0,11.10415444460089,8.703718790683727,strict_delta_max,2,cross_layer_handoff_executed
line-duel_DLGPR-full_seed0,0,DLGPR-full,line-duel,0,5,GA,2.426770969005766,1.3241999549791217,-1.08,-1.08,0.0,0.0,0.6996419171188175,0.0172776182535953,8.703718790683727,6.276947821677961,strict_delta_max,1,cross_layer_handoff_executed
line-duel_DLGPR-full_seed0,0,DLGPR-full,line-duel,0,6,GA,1.4471157576063356,1.4621000736951828,-0.04500000000000004,-0.04500000000000004,0.5,0.0,0.6496556569719159,0.03301911874768319,6.276947821677961,4.829832064071626,strict_delta_max,1,cross_layer_handoff_executed
line-duel_DLGPR-full_seed0,0,DLGPR-full,line-duel,0,7,GA,3.374005765477451,1.3045999221503735,-1.02,-1.02,0.0,0.0,0.6441779133689934,0.03114833717929272,4.829832064071626,1.4558262985941748,strict_delta_max,1,cross_layer_handoff_executed
line-duel_DLGPR-full_seed0,0,DLGPR-full,line-duel,1,0,GA,2.6175928649146876,1.388499978929758,-1.1,-1.1,0.0,0.0,0.6441779133689934,0.022909092712229167,22.0,19.382407135085312,strict_delta_max,1,cross_layer_handoff_executed
line-duel_DLGPR-full_seed0,0,DLGPR-full,line-duel,1,1,PSO,2.309147301941134,1.5072999522089958,-0.04500000000000004,-0.04500000000000004,0.5,0.0,0.0,0.04939115691770458,19.382407135085312,17.073259833144178,strict_delta_max,1,cross_layer_handoff_executed
line-duel_DLGPR-full_seed0,0,DLGPR-full,line-duel,1,2,RL,1.3002985811202177,1.6678000101819634,-0.04500000000000004,-0.04500000000000004,0.5,0.0,0.0,0.015381082691615226,17.073259833144178,15.77296125202396,strict_delta_max,2,cross_layer_handoff_executed
line-duel_DLGPR-full_seed0,0,DLGPR-full,line-duel,1,3,PSO,2.9686515725142772,1.0514999739825726,-0.04500000000000004,-0.04500000000000004,0.5,0.0,0.0,0.03654797912801148,15.77296125202396,12.804309679509682,strict_delta_max,1,cross_layer_handoff_executed
line-duel_DLGPR-full_seed0,0,DLGPR-full,line-duel,1,4,RL,2.744296452949338,1.6838000155985355,-0.04500000000000004,-0.04500000000000004,0.5,0.0,0.0,0.01821960595629684,12.804309679509682,10.060013226560343,strict_delta_max,2,cross_layer_handoff_executed
line-duel_DLGPR-full_seed0,0,DLGPR-full,line-duel,1,5,PSO,1.4809255061935016,0.9970000246539712,-0.04500000000000004,-0.04500000000000004,0.5,0.0,0.0,0.03244226870256623,10.060013226560343,8.579087720366841,strict_delta_max,1,cross_layer_handoff_executed
line-duel_DLGPR-full_seed0,0,DLGPR-full,line-duel,1,6,RL,3.0249907449939624,1.7590998904779553,-0.04500000000000004,-0.04500000000000004,0.5,0.0,0.0,0.0,8.579087720366841,5.554096975372879,strict_delta_max,2,cross_layer_handoff_executed
line-duel_DLGPR-full_seed0,0,DLGPR-full,line-duel,1,7,PSO,1.5894633800530262,1.033299951814115,-0.04500000000000004,-0.04500000000000004,0.5,0.0,0.0,0.0467644417137094,5.554096975372879,3.9646335953198526,strict_delta_max,1,cross_layer_handoff_executed
line-duel_DLGPR-full_seed0,0,DLGPR-full,line-duel,2,0,GA,2.458921160970258,1.2546000070869923,-0.04500000000000004,-0.04500000000000004,0.5,0.0,0.37169508572684784,0.01770817560357368,22.0,19.54107883902974,strict_delta_max,1,cross_layer_handoff_executed
line-duel_DLGPR-full_seed0,0,DLGPR-full,line-duel,2,1,PSO,2.3821675605800223,1.2399000115692616,-0.04500000000000004,-0.04500000000000004,0.5,0.0,0.0,0.028950368276994674,19.54107883902974,17.158911278449718,strict_delta_max,1,cross_layer_handoff_executed
line-duel_DLGPR-full_seed0,0,DLGPR-full,line-duel,2,2,RL,1.5341902491519743,1.8220000201836228,-0.04500000000000004,-0.04500000000000004,0.5,0.0,0.0,0.0,17.158911278449718,15.624721029297744,strict_delta_max,2,cross_layer_handoff_executed
line-duel_DLGPR-full_seed0,0,DLGPR-full,line-duel,2,3,GA,3.9705085462986025,1.260399934835732,-0.04500000000000004,-0.04500000000000004,0.5,0.0,0.20585390381210142,0.010840026832862983,15.624721029297744,11.654212482999142,strict_delta_max,1,cross_layer_handoff_executed
line-duel_DLGPR-full_seed0,0,DLGPR-full,line-duel,2,4,GA,1.1494251274317233,1.626499928534031,-0.04500000000000004,-0.04500000000000004,0.5,0.0,0.20585390381210142,0.0408388379833248,11.654212482999142,10.50478735556742,strict_delta_max,1,cross_layer_handoff_executed
line-duel_DLGPR-full_seed0,0,DLGPR-full,line-duel,2,5,GA,2.672648839444282,1.3544000685214996,-1.04,-1.04,0.0,0.0,0.20585390381210142,0.019417159091699557,10.50478735556742,7.832138516123138,strict_delta_max,1,cross_layer_handoff_executed
line-duel_DLGPR-full_seed0,0,DLGPR-full,line-duel,2,6,GA,1.739948684400163,1.5362000558525324,-1.1,-1.1,0.0,0.0,0.20585390381210142,0.03648309818304477,7.832138516123138,6.092189831722974,strict_delta_max,1,cross_layer_handoff_executed
line-duel_DLGPR-full_seed0,0,DLGPR-full,line-duel,2,7,GA,3.5816563529353447,1.5384000726044178,-0.04500000000000004,-0.04500000000000004,0.5,0.0,0.20585390381210142,0.01570671490840318,6.092189831722974,2.5105334787876297,strict_delta_max,1,cross_layer_handoff_executed
line-duel_DLGPR-full_seed0,0,DLGPR-full,line-duel,3,0,GA,3.7484597253043517,1.2571000261232257,-0.04500000000000004,-0.04500000000000004,0.5,0.0,0.20585390381210142,0.018070481318197464,22.0,18.25154027469565,strict_delta_max,1,cross_layer_handoff_executed
line-duel_DLGPR-full_seed0,0,DLGPR-full,line-duel,3,1,PSO,2.8760697442143077,1.297099981456995,-0.04500000000000004,-0.04500000000000004,0.5,0.0,0.0,0.016964666013090175,18.25154027469565,15.375470530481342,strict_delta_max,1,cross_layer_handoff_executed
line-duel_DLGPR-full_seed0,0,DLGPR-full,line-duel,3,2,RL,1.7364855485135349,1.7018000362440944,-0.04500000000000004,-0.04500000000000004,0.5,0.0,0.0,0.0230350318977551,15.375470530481342,13.638984981967807,strict_delta_max,2,cross_layer_handoff_executed
line-duel_DLGPR-full_seed0,0,DLGPR-full,line-duel,3,3,RL,2.660450354222611,1.8490999937057495,-0.04500000000000004,-0.04500000000000004,0.5,0.0,0.0,0.0,13.638984981967807,10.978534627745196,strict_delta_max,2,cross_layer_handoff_executed
line-duel_DLGPR-full_seed0,0,DLGPR-full,line-duel,3,4,PSO,2.4149304362358466,1.04160001501441,-0.04500000000000004,-0.04500000000000004,0.5,0.0,0.0,0.031597511051467304,10.978534627745196,8.563604191509349,strict_delta_max,1,cross_layer_handoff_executed
line-duel_DLGPR-full_seed0,0,DLGPR-full,line-duel,3,5,RL,3.8969258930079507,1.7087000887840986,-0.04500000000000004,-0.04500000000000004,0.5,0.0,0.0,0.5260556798573478,8.563604191509349,4.666678298501398,strict_delta_max,2,cross_layer_handoff_executed
line-duel_DLGPR-full_seed0,0,DLGPR-full,line-duel,3,6,RL,3.018130865686799,1.730400021187961,-0.04500000000000004,-0.04500000000000004,0.5,0.0,0.0,0.0,4.666678298501398,1.648547432814599,strict_delta_max,2,cross_layer_handoff_executed
line-duel_DLGPR-full_seed0,0,DLGPR-full,line-duel,4,0,GA,1.4421576237980993,1.4084000140428543,-0.04500000000000004,-0.04500000000000004,0.5,0.0,0.20585390381210142,0.03307995705456161,22.0,20.5578423762019,strict_delta_max,1,cross_layer_handoff_executed
line-duel_DLGPR-full_seed0,0,DLGPR-full,line-duel,4,1,PSO,1.525045447279743,1.3442999916151166,-0.04500000000000004,-0.04500000000000004,0.5,0.0,0.0,0.0656928008237813,20.5578423762019,19.032796928922156,strict_delta_max,1,cross_layer_handoff_executed
line-duel_DLGPR-full_seed0,0,DLGPR-full,line-duel,4,2,RL,1.1073405700278331,1.9332000520080328,-0.04500000000000004,-0.04500000000000004,0.5,0.0,0.0,0.0,19.032796928922156,17.925456358894323,strict_delta_max,2,cross_layer_handoff_executed
line-duel_DLGPR-full_seed0,0,DLGPR-full,line-duel,4,3,PSO,1.003582466558887,1.066200085915625,-0.04500000000000004,-0.04500000000000004,0.5,0.0,0.0,0.09496440557075411,17.925456358894323,16.921873892335437,strict_delta_max,1,cross_layer_handoff_executed
line-duel_DLGPR-full_seed0,0,DLGPR-full,line-duel,4,4,RL,1.6564173344763493,1.7257999861612916,-0.04500000000000004,-0.04500000000000004,0.5,0.0,0.0,0.054334133147943775,16.921873892335437,15.265456557859087,strict_delta_max,2,cross_layer_handoff_executed
line-duel_DLGPR-full_seed0,0,DLGPR-full,line-duel,4,5,RL,3.5330313751231794,2.14969995431602,-0.04500000000000004,-0.04500000000000004,0.5,0.0,0.0,0.5745774051976044,15.265456557859087,11.732425182735907,strict_delta_max,2,cross_layer_handoff_executed
line-duel_DLGPR-full_seed0,0,DLGPR-full,line-duel,4,6,RL,2.3114981476061836,1.7784000374376774,-0.04500000000000004,-0.04500000000000004,0.5,0.0,0.0,0.0,11.732425182735907,9.420927035129724,strict_delta_max,2,cross_layer_handoff_executed
line-duel_DLGPR-full_seed0,0,DLGPR-full,line-duel,4,7,RL,1.1062170207500792,1.5884001040831208,-0.04500000000000004,-0.04500000000000004,0.5,0.0,0.0,0.0,9.420927035129724,8.314710014379644,strict_delta_max,2,cross_layer_handoff_executed
line-duel_DLGPR-full_seed0,0,DLGPR-full,line-duel,4,8,RL,3.9986609667539206,1.610300038009882,-0.04500000000000004,-0.04500000000000004,0.5,0.0,0.0,0.0,8.314710014379644,4.316049047625723,strict_delta_max,2,cross_layer_handoff_executed
line-duel_DLGPR-full_seed0,0,DLGPR-full,line-duel,4,9,PSO,1.9524052695252363,1.0578999063000083,-0.04500000000000004,-0.04500000000000004,0.5,0.0,0.0,0.0497443387323903,4.316049047625723,2.363643778100487,strict_delta_max,1,cross_layer_handoff_executed
line-duel_DLGPR-full_seed0,0,DLGPR-full,line-duel,5,0,GA,1.4902324389389525,1.3864000793546438,-1.085,-1.085,0.0,0.0,0.20585390381210142,0.03569465452387477,22.0,20.509767561061047,strict_delta_max,1,cross_layer_handoff_executed
line-duel_DLGPR-full_seed0,0,DLGPR-full,line-duel,5,1,PSO,2.5713408175400803,1.545800012536347,-0.04500000000000004,-0.04500000000000004,0.5,0.0,0.0,0.02437687255563394,20.509767561061047,17.938426743520967,strict_delta_max,1,cross_layer_handoff_executed
line-duel_DLGPR-full_seed0,0,DLGPR-full,line-duel,5,2,RL,3.420601743722551,1.3463000068441033,-0.04500000000000004,-0.04500000000000004,0.5,0.0,0.0,0.005846924459038175,17.938426743520967,14.517824999798416,strict_delta_max,2,cross_layer_handoff_executed
line-duel_DLGPR-full_seed0,0,DLGPR-full,line-duel,5,3,GA,1.5196236541614634,1.1430000886321068,-0.04500000000000004,-0.04500000000000004,0.5,0.0,0.20585390381210142,0.027085279249209875,14.517824999798416,12.998201345636952,strict_delta_max,1,cross_layer_handoff_executed
line-duel_DLGPR-full_seed0,0,DLGPR-full,line-duel,5,4,GA,1.7846828263677512,1.4841000083833933,-1.085,-1.085,0.0,0.0,0.20585390381210142,0.03681335484084032,12.998201345636952,11.2135185192692,strict_delta_max,1,cross_layer_handoff_executed
line-duel_DLGPR-full_seed0,0,DLGPR-full,line-duel,5,5,GA,2.0846319283832018,1.3834000565111637,-0.04500000000000004,-0.04500000000000004,0.5,0.0,0.20585390381210142,0.02573385177945236,11.2135185192692,9.128886590886,strict_delta_max,1,cross_layer_handoff_executed
line-duel_DLGPR-full_seed0,0,DLGPR-full,line-duel,5,6,GA,3.5086059970530314,1.4056999934837222,-0.04500000000000004,-0.04500000000000004,0.5,0.0,0.20585390381210142,0.0185589444173876,9.128886590886,5.620280593832968,strict_delta_max,1,cross_layer_handoff_executed
line-duel_DLGPR-full_seed0,0,DLGPR-full,line-duel,5,7,GA,1.0883128808173526,1.339700073003769,-0.04500000000000004,-0.04500000000000004,0.5,0.0,0.20585390381210142,0.04469339508848593,5.620280593832968,4.531967713015615,strict_delta_max,1,cross_layer_handoff_executed
line-duel_DLGPR-full_seed0,0,DLGPR-full,line-duel,5,8,GA,1.0387709778599095,1.4378000050783157,-0.04500000000000004,-0.04500000000000004,0.5,0.0,0.20585390381210142,0.048874457575057484,4.531967713015615,3.493196735155706,strict_delta_max,1,cross_layer_handoff_executed
line-duel_DLGPR-full_seed1,1,DLGPR-full,line-duel,0,0,GA,2.9420915853436957,1.7858999781310558,-1.04,-1.04,0.0,0.0,0.9222503083015591,0.04079385976487518,22.0,19.057908414656303,strict_delta_max,1,cross_layer_handoff_executed
line-duel_DLGPR-full_seed1,1,DLGPR-full,line-duel,0,1,PSO,1.0478464117356086,1.5922000166028738,-1.04,-1.04,0.0,0.0,0.0,0.07191417322099722,19.057908414656303,18.010062002920694,strict_delta_max,1,cross_layer_handoff_executed
line-duel_DLGPR-full_seed1,1,DLGPR-full,line-duel,0,2,RL,3.4847291488855876,2.1172999404370785,-1.09,-1.09,0.0,0.0,0.0,0.0,18.010062002920694,14.525332854035106,strict_delta_max,2,cross_layer_handoff_executed
line-duel_DLGPR-full_seed1,1,DLGPR-full,line-duel,0,3,GA,3.3528046698476497,1.3174000196158886,-1.04,-1.04,0.0,0.0,0.8604127127874946,0.02728321313387214,14.525332854035106,11.172528184187456,strict_delta_max,1,cross_layer_handoff_executed
line-duel_DLGPR-full_seed1,1,DLGPR-full,line-duel,0,4,GA,1.638230672215212,1.6377000138163567,-1.025,-1.025,0.0,0.009156219728029604,0.8233593182171755,0.06188131429757374,11.172528184187456,9.534297511972245,strict_delta_max,1,cross_layer_handoff_executed
line-duel_DLGPR-full_seed1,1,DLGPR-full,line-duel,0,5,GA,1.8560707346468086,1.5140000032261014,-1.04,-1.04,0.0,0.0,0.7942710361878224,0.05097401548252652,9.534297511972245,7.6782267773254365,strict_delta_max,1,cross_layer_handoff_executed
line-duel_DLGPR-full_seed1,1,DLGPR-full,line-duel,0,6,GA,2.462978385731129,1.4694000128656626,-1.025,-1.025,0.0,0.0,0.8115700590224146,0.036679131685953145,7.6782267773254365,5.215248391594308,strict_delta_max,1,cross_layer_handoff_executed
line-duel_DLGPR-full_seed1,1,DLGPR-full,line-duel,0,7,GA,3.7117947863258833,1.668499899096787,-1.1,-1.1,0.0,0.0,0.8115700590224146,0.02436371388898794,5.215248391594308,1.5034536052684246,strict_delta_max,1,cross_layer_handoff_executed
line-duel_DLGPR-full_seed1,1,DLGPR-full,line-duel,1,0,GA,1.1548233962139158,1.7305000219494104,-1.04,-1.04,0.0,0.0,0.8115700590224146,0.08089658930675933,22.0,20.845176603786083,strict_delta_max,1,cross_layer_handoff_executed
line-duel_DLGPR-full_seed1,1,DLGPR-full,line-duel,1,1,PSO,2.263868314129334,1.4359999913722277,-1.04,-1.04,0.0,0.0,0.0,0.03191764753770498,20.845176603786083,18.58130828965675,strict_delta_max,1,cross_layer_handoff_executed
line-duel_DLGPR-full_seed1,1,DLGPR-full,line-duel,1,2,RL,1.9629541493428897,1.811700058169663,-1.085,-1.085,0.0,0.0,0.0,0.0,18.58130828965675,16.618354140313862,strict_delta_max,2,cross_layer_handoff_executed
line-duel_DLGPR-full_seed1,1,DLGPR-full,line-duel,1,3,RL,4.0,1.802499988116324,-1.06,-1.06,0.0,0.0,0.0,0.0,16.618354140313862,12.618354140313862,strict_delta_max,2,cross_layer_handoff_executed
line-duel_DLGPR-full_seed1,1,DLGPR-full,line-duel,1,4,PSO,2.4491204412861265,1.030400046147406,-1.04,-1.04,0.0,0.0,0.0,0.01947502688738224,12.618354140313862,10.169233699027735,strict_delta_max,1,cross_layer_handoff_executed
line-duel_DLGPR-full_seed1,1,DLGPR-full,line-duel,1,5,RL,3.5709554740243763,1.6317999688908458,-1.04,-1.04,0.0,0.0,0.0,0.5824771591609605,10.169233699027735,6.598278225003359,strict_delta_max,2,cross_layer_handoff_executed
line-duel_DLGPR-full_seed1,1,DLGPR-full,line-duel,1,6,RL,4.0,1.943600014783442,-1.04,-1.04,0.0,0.0,0.0,0.0,6.598278225003359,2.5982782250033587,strict_delta_max,2,cross_layer_handoff_executed
line-duel_DLGPR-full_seed1,1,DLGPR-full,line-duel,2,0,GA,1.7647138199101682,1.519500045105815,-1.1,-1.1,0.0,0.0,0.8115700590224146,0.05755036156712472,22.0,20.235286180089833,strict_delta_max,1,cross_layer_handoff_executed
line-duel_DLGPR-full_seed1,1,DLGPR-full,line-duel,2,1,PSO,1.507409895677988,1.27730006352067,-1.04,-1.04,0.0,0.0,0.0,0.0558107957701397,20.235286180089833,18.727876284411845,strict_delta_max,1,cross_layer_handoff_executed
line-duel_DLGPR-full_seed1,1,DLGPR-full,line-duel,2,2,RL,3.6927814813332778,2.1502000745385885,-1.04,-1.04,0.0,0.0,0.0,0.0,18.727876284411845,15.035094803078568,strict_delta_max,2,cross_layer_handoff_executed
line-duel_DLGPR-full_seed1,1,DLGPR-full,line-duel,2,3,PSO,2.363787106887995,1.0718000121414661,-1.04,-1.04,0.0,0.0,0.0,0.024495269589890237,15.035094803078568,12.671307696190572,strict_delta_max,1,cross_layer_handoff_executed
line-duel_DLGPR-full_seed1,1,DLGPR-full,line-duel,2,4,RL,3.45567679595923,2.50990001950413,-1.06,-1.06,0.0,0.0,0.0,0.0,12.671307696190572,9.215630900231343,strict_delta_max,2,cross_layer_handoff_executed
line-duel_DLGPR-full_seed1,1,DLGPR-full,line-duel,2,5,PSO,2.8546797943499995,1.3138999929651618,-1.04,-1.04,0.0,0.0,0.0,0.021746281469941488,9.215630900231343,6.360951105881343,strict_delta_max,1,cross_layer_handoff_executed
line-duel_DLGPR-full_seed1,1,DLGPR-full,line-duel,2,6,PSO,2.716616973062268,1.0526999831199646,-1.04,-1.04,0.0,0.0,0.0,0.023491551549811855,6.360951105881343,3.644334132819075,strict_delta_max,1,cross_layer_handoff_executed
line-duel_DLGPR-full_seed1,1,DLGPR-full,line-duel,3,0,GA,3.614496236568616,1.3228999450802803,-1.04,-1.04,0.0,0.0,0.8115700590224146,0.024083700233758863,22.0,18.385503763431384,strict_delta_max,1,cross_layer_handoff_executed
line-duel_DLGPR-full_seed1,1,DLGPR-full,line-duel,3,1,PSO,3.238109150490893,1.3032000279054046,-1.04,-1.04,0.0,0.0,0.0,0.012760888540707479,18.385503763431384,15.147394612940491,strict_delta_max,1,cross_layer_handoff_executed
line-duel_DLGPR-full_seed1,1,DLGPR-full,line-duel,3,2,RL,3.365806431459165,1.5595000004395843,-1.04,-1.04,0.0,0.0,0.0,0.020797393262349088,15.147394612940491,11.781588181481327,strict_delta_max,2,cross_layer_handoff_executed
line-duel_DLGPR-full_seed1,1,DLGPR-full,line-duel,3,3,GA,3.331244344863996,1.2649999698624015,-1.04,-1.04,0.0,0.0,0.8115700590224146,0.024409292845646875,11.781588181481327,8.450343836617332,strict_delta_max,1,cross_layer_handoff_executed
line-duel_DLGPR-full_seed1,1,DLGPR-full,line-duel,3,4,GA,3.2704190514951064,1.6148000722751021,-1.07,-1.07,0.0,0.0,0.8115700590224146,0.03454979761087732,8.450343836617332,5.179924785122226,strict_delta_max,1,cross_layer_handoff_executed
line-duel_DLGPR-full_seed1,1,DLGPR-full,line-duel,3,5,GA,1.2080324416958188,1.4669999945908785,-1.04,-1.04,0.0,0.0,0.8115700590224146,0.09424145051426473,5.179924785122226,3.971892343426407,strict_delta_max,1,cross_layer_handoff_executed
line-duel_DLGPR-full_seed1,1,DLGPR-full,line-duel,4,0,GA,3.6355375094379583,1.2723999097943306,-1.04,-1.04,0.0,0.0,0.8115700590224146,0.0230524016840307,22.0,18.36446249056204,strict_delta_max,1,cross_layer_handoff_executed
line-duel_DLGPR-full_seed1,1,DLGPR-full,line-duel,4,1,PSO,3.3285676377676863,1.3922000071033835,-1.04,-1.04,0.0,0.0,0.0,0.019276275115222313,18.36446249056204,15.035894852794353,strict_delta_max,1,cross_layer_handoff_executed
line-duel_DLGPR-full_seed1,1,DLGPR-full,line-duel,4,2,RL,2.085454403761858,2.091199974529445,-1.04,-1.04,0.0,0.0,0.0,0.9829991949486387,15.035894852794353,12.950440449032495,strict_delta_max,2,cross_layer_handoff_executed
line-duel_DLGPR-full_seed1,1,DLGPR-full,line-duel,4,3,RL,2.740968975279561,1.5796999214217067,-1.04,-1.04,0.0,0.0,0.0,0.0,12.950440449032495,10.209471473752934,strict_delta_max,2,cross_layer_handoff_executed
line-duel_DLGPR-full_seed1,1,DLGPR-full,line-duel,4,4,RL,4.0,1.8333999905735254,-1.04,-1.04,0.0,0.0,0.0,0.0,10.209471473752934,6.209471473752934,strict_delta_max,2,cross_layer_handoff_executed
line-duel_DLGPR-full_seed1,1,DLGPR-full,line-duel,4,5,RL,3.8571073603475887,1.8949999939650297,-1.04,-1.04,0.0,0.0,0.0,0.010370465808448583,6.209471473752934,2.3523641134053457,strict_delta_max,2,cross_layer_handoff_executed
line-duel_DLGPR-full_seed1,1,DLGPR-full,line-duel,5,0,GA,3.4148029114077385,1.321899937465787,-1.04,-1.04,0.0,0.0,0.8115700590224146,0.021092475698204587,22.0,18.58519708859226,strict_delta_max,1,cross_layer_handoff_executed
line-duel_DLGPR-full_seed1,1,DLGPR-full,line-duel,5,1,PSO,1.1635751331191047,1.3268999755382538,-1.04,-1.04,0.0,0.0,0.0,0.05374484650426414,18.58519708859226,17.421621955473157,strict_delta_max,1,cross_layer_handoff_executed
line-duel_DLGPR-full_seed1,1,DLGPR-full,line-duel,5,2,RL,3.10034129735656,2.1799999522045255,-1.04,-1.04,0.0,0.0,0.0,0.0,17.421621955473157,14.321280658116596,strict_delta_max,2,cross_layer_handoff_executed
line-duel_DLGPR-full_seed1,1,DLGPR-full,line-duel,5,3,GA,1.4817314298274167,1.3530999422073364,-1.04,-1.04,0.0,0.0,0.8115700590224146,0.05578979649974305,14.321280658116596,12.83954922828918,strict_delta_max,1,cross_layer_handoff_executed
line-duel_DLGPR-full_seed1,1,DLGPR-full,line-duel,5,4,GA,1.9785547673860344,1.4974999940022826,-1.04,-1.04,0.0,0.0,0.8115700590224146,0.03238027488806559,12.83954922828918,10.860994460903145,strict_delta_max,1,cross_layer_handoff_executed
line-duel_DLGPR-full_seed1,1,DLGPR-full,line-duel,5,5,GA,1.2734346164239305,1.4590999344363809,-1.04,-1.04,0.0,0.0,0.8115700590224146,0.05854158318146877,10.860994460903145,9.587559844479214,strict_delta_max,1,cross_layer_handoff_executed
line-duel_DLGPR-full_seed1,1,DLGPR-full,line-duel,5,6,GA,2.096195008278601,1.4081000117585063,-1.025,-1.025,0.0,0.0,0.7924675842293357,0.03829517485045412,9.587559844479214,7.4913648362006136,strict_delta_max,1,cross_layer_handoff_executed
line-duel_DLGPR-full_seed1,1,DLGPR-full,line-duel,5,7,GA,3.7705174293765493,1.4193999813869596,-1.04,-1.04,0.0,0.0,0.7924675842293357,0.019807925789093312,7.4913648362006136,3.7208474068240642,strict_delta_max,1,cross_layer_handoff_executed
line-duel_DLGPR-full_seed2,2,DLGPR-full,line-duel,0,0,GA,2.282163808635265,1.7749000107869506,-0.0050000000000000044,-0.0050000000000000044,0.5,0.43818064076566016,0.8841395898889056,0.059171347775251876,22.0,19.717836191364736,strict_delta_max,1,cross_layer_handoff_executed
line-duel_DLGPR-full_seed2,2,DLGPR-full,line-duel,0,1,PSO,1.6878748875696683,1.743400003761053,-0.039999999999999925,-0.039999999999999925,0.5,0.0,0.0,0.05743481707658332,19.717836191364736,18.02996130379507,strict_delta_max,1,cross_layer_handoff_executed
line-duel_DLGPR-full_seed2,2,DLGPR-full,line-duel,0,2,RL,2.2195134993315166,1.8287000712007284,-1.005,-1.005,0.0,0.0,0.0,0.0,18.02996130379507,15.810447804463553,strict_delta_max,2,cross_layer_handoff_executed
line-duel_DLGPR-full_seed2,2,DLGPR-full,line-duel,0,3,GA,2.5458951316609566,1.0364000918343663,-1.03,-1.03,0.0,0.0,0.8205222274787475,0.035383290517440956,15.810447804463553,13.264552672802598,strict_delta_max,1,cross_layer_handoff_executed
line-duel_DLGPR-full_seed2,2,DLGPR-full,line-duel,0,4,GA,2.3246963811722035,1.09779997728765,-1.005,-1.005,0.0,0.0,0.8180698351834279,0.04665933347019414,13.264552672802598,10.939856291630395,strict_delta_max,1,cross_layer_handoff_executed
line-duel_DLGPR-full_seed2,2,DLGPR-full,line-duel,0,5,GA,2.3598755340478395,1.1903999838978052,-1.0350000000000001,-1.0350000000000001,0.0,0.0,0.7613611695881136,0.0391291596246282,10.939856291630395,8.579980757582556,strict_delta_max,1,cross_layer_handoff_executed
line-duel_DLGPR-full_seed2,2,DLGPR-full,line-duel,0,6,GA,1.2086574891905308,1.2140999315306544,-1.005,-1.005,0.0,0.0,0.7592924244178799,0.12162630563039699,8.579980757582556,7.371323268392025,strict_delta_max,1,cross_layer_handoff_executed
line-duel_DLGPR-full_seed2,2,DLGPR-full,line-duel,0,7,GA,1.7295073282686193,1.1822000378742814,-1.005,-1.005,0.0,0.0,0.7921542587254701,0.08438917663843092,7.371323268392025,5.641815940123406,strict_delta_max,1,cross_layer_handoff_executed
line-duel_DLGPR-full_seed2,2,DLGPR-full,line-duel,0,8,GA,2.0594812437619225,1.4381000073626637,-1.0699999999999998,-1.0699999999999998,0.0,0.0,0.7921542587254701,0.050794785623719606,5.641815940123406,3.5823346963614835,strict_delta_max,1,cross_layer_handoff_executed
line-duel_DLGPR-full_seed2,2,DLGPR-full,line-duel,1,0,GA,1.4510045488894203,1.0658999672159553,-1.005,-1.005,0.0,0.0,0.7812314952078258,0.05340507626506844,22.0,20.548995451110578,strict_delta_max,1,cross_layer_handoff_executed
line-duel_DLGPR-full_seed2,2,DLGPR-full,line-duel,1,1,PSO,1.8401262640345393,1.425200025551021,-1.065,-1.065,0.0,0.0,0.0,0.037624236984763186,20.548995451110578,18.70886918707604,strict_delta_max,1,cross_layer_handoff_executed
line-duel_DLGPR-full_seed2,2,DLGPR-full,line-duel,1,2,RL,2.773992461293532,2.0407000556588173,-1.005,-1.005,0.0,0.0,0.0,0.0,18.70886918707604,15.934876725782509,strict_delta_max,2,cross_layer_handoff_executed
line-duel_DLGPR-full_seed2,2,DLGPR-full,line-duel,1,3,RL,1.9312487023023897,1.6292999498546124,-1.005,-1.005,0.0,0.0,0.0,0.031067982041085362,15.934876725782509,14.003628023480118,strict_delta_max,2,cross_layer_handoff_executed
line-duel_DLGPR-full_seed2,2,DLGPR-full,line-duel,1,4,PSO,1.6335960306965178,0.7878999458625913,-1.005,-1.005,0.0,0.0,0.0,0.03444775063981539,14.003628023480118,12.3700319927836,strict_delta_max,1,cross_layer_handoff_executed
line-duel_DLGPR-full_seed2,2,DLGPR-full,line-duel,1,5,RL,3.320987075831692,1.756699988618493,-1.005,-1.005,0.0,0.0,0.0,0.0,12.3700319927836,9.049044916951908,strict_delta_max,2,cross_layer_handoff_executed
line-duel_DLGPR-full_seed2,2,DLGPR-full,line-duel,1,6,PSO,2.2306834029536375,0.8993999799713492,0.025000000000000022,0.025000000000000022,0.5,0.013448793298178113,0.0,0.03436010613526614,9.049044916951908,6.818361513998271,strict_delta_max,1,cross_layer_handoff_executed
line-duel_DLGPR-full_seed2,2,DLGPR-full,line-duel,1,7,PSO,2.619914824290259,1.284099998883903,-0.015000000000000013,-0.015000000000000013,0.5,0.0,0.0,0.03070989175358911,6.818361513998271,4.198446689708012,strict_delta_max,1,cross_layer_handoff_executed
line-duel_DLGPR-full_seed2,2,DLGPR-full,line-duel,1,8,RL,2.3134476747965853,1.1428999714553356,-1.005,-1.005,0.0,0.0,0.0,0.017290211676612533,4.198446689708012,1.8849990149114269,strict_delta_max,2,cross_layer_handoff_executed
line-duel_DLGPR-full_seed2,2,DLGPR-full,line-duel,2,0,GA,1.3043468108965361,1.0492999572306871,-1.0,-1.0,0.0,0.0,0.8073280705158346,0.07341718024674647,22.0,20.695653189103464,strict_delta_max,1,cross_layer_handoff_executed
line-duel_DLGPR-full_seed2,2,DLGPR-full,line-duel,2,1,PSO,2.7489037429076757,1.4711999101564288,-1.06,-1.06,0.0,0.0,0.0,0.02305932064617553,20.695653189103464,17.94674944619579,strict_delta_max,1,cross_layer_handoff_executed
line-duel_DLGPR-full_seed2,2,DLGPR-full,line-duel,2,2,RL,1.714644790304353,1.8279000651091337,-1.005,-1.005,0.0,0.0,0.0,0.0,17.94674944619579,16.232104655891437,strict_delta_max,2,cross_layer_handoff_executed
line-duel_DLGPR-full_seed2,2,DLGPR-full,line-duel,2,3,GA,2.010544935312578,0.8499999530613422,-1.005,-1.005,0.0,0.0,0.8073280705158346,0.048833431296283224,16.232104655891437,14.22155972057886,strict_delta_max,1,cross_layer_handoff_executed
line-duel_DLGPR-full_seed2,2,DLGPR-full,line-duel,2,4,GA,2.2924070127401777,1.4032999752089381,-1.03,-1.03,0.0,0.0,0.8073280705158346,0.0340983884739489,14.22155972057886,11.929152707838682,strict_delta_max,1,cross_layer_handoff_executed
line-duel_DLGPR-full_seed2,2,DLGPR-full,line-duel,2,5,GA,3.925866692891881,1.2697000056505203,-1.005,-1.005,0.0,0.0,0.8073280705158346,0.02328446123013958,11.929152707838682,8.003286014946802,strict_delta_max,1,cross_layer_handoff_executed
line-duel_DLGPR-full_seed2,2,DLGPR-full,line-duel,2,6,GA,3.3159218204537497,1.564200036227703,-1.0699999999999998,-1.0699999999999998,0.0,0.0,0.8073280705158346,0.029088835811526326,8.003286014946802,4.687364194493052,strict_delta_max,1,cross_layer_handoff_executed
line-duel_DLGPR-full_seed2,2,DLGPR-full,line-duel,2,7,GA,2.8570728259996954,1.1860999511554837,-1.005,-1.005,0.0,0.0,0.8073280705158346,0.023693080572069317,4.687364194493052,1.830291368493357,strict_delta_max,1,cross_layer_handoff_executed
line-duel_DLGPR-full_seed2,2,DLGPR-full,line-duel,3,0,GA,1.3580465095521124,1.1940000113099813,-1.03,-1.03,0.0,0.0,0.8073280705158346,0.10007707607858712,22.0,20.64195349044789,strict_delta_max,1,cross_layer_handoff_executed
line-duel_DLGPR-full_seed2,2,DLGPR-full,line-duel,3,1,PSO,2.595568372171428,1.0489000706002116,-1.005,-1.005,0.0,0.0,0.0,0.028395913656989732,20.64195349044789,18.04638511827646,strict_delta_max,1,cross_layer_handoff_executed
line-duel_DLGPR-full_seed2,2,DLGPR-full,line-duel,3,2,RL,3.387529494690586,1.45650003105402,-1.005,-1.005,0.0,0.0,0.0,0.01476001908717462,18.04638511827646,14.658855623585875,strict_delta_max,2,cross_layer_handoff_executed
line-duel_DLGPR-full_seed2,2,DLGPR-full,line-duel,3,3,GA,3.421472115284686,0.9012999944388866,-1.005,-1.005,0.0,0.0,0.8073280705158346,0.02067430012830723,14.658855623585875,11.237383508301189,strict_delta_max,1,cross_layer_handoff_executed
line-duel_DLGPR-full_seed2,2,DLGPR-full,line-duel,3,4,GA,1.960064947371068,1.487300032749772,-0.0050000000000000044,-0.0050000000000000044,0.5,0.0,0.8190909123738722,0.043216238312513575,11.237383508301189,9.277318560930121,strict_delta_max,1,cross_layer_handoff_executed
line-duel_DLGPR-full_seed2,2,DLGPR-full,line-duel,3,5,GA,2.527122647139648,1.26850011292845,-1.005,-1.005,0.0,0.0,0.8190909123738722,0.04482793270014595,9.277318560930121,6.750195913790473,strict_delta_max,1,cross_layer_handoff_executed
line-duel_DLGPR-full_seed2,2,DLGPR-full,line-duel,3,6,GA,2.3133281697665424,1.227900036610663,-1.005,-1.005,0.0,0.0,0.8190909123738722,0.037049875660295196,6.750195913790473,4.436867744023931,strict_delta_max,1,cross_layer_handoff_executed
line-duel_DLGPR-full_seed2,2,DLGPR-full,line-duel,3,7,GA,3.058286705164339,1.1618999997153878,-1.005,-1.005,0.0,0.0,0.8190909123738722,0.02932934721004929,4.436867744023931,1.3785810388595916,strict_delta_max,1,cross_layer_handoff_executed
line-duel_DLGPR-full_seed2,2,DLGPR-full,line-duel,4,0,GA,1.7902350748319058,1.2247998965904117,0.0,0.0,0.5,0.0,0.7797750564517367,0.03653125320297235,22.0,20.209764925168095,strict_delta_max,1,cross_layer_handoff_executed
line-duel_DLGPR-full_seed2,2,DLGPR-full,line-duel,4,1,PSO,1.8999587325919824,0.9931999957188964,-1.005,-1.005,0.0,0.0,0.0,0.051785136612489256,20.209764925168095,18.30980619257611,strict_delta_max,1,cross_layer_handoff_executed
line-duel_DLGPR-full_seed2,2,DLGPR-full,line-duel,4,2,RL,2.9046639465835806,1.936499960720539,-1.005,-1.005,0.0,0.0,0.0,0.006885478102733261,18.30980619257611,15.405142245992531,strict_delta_max,2,cross_layer_handoff_executed
line-duel_DLGPR-full_seed2,2,DLGPR-full,line-duel,4,3,GA,3.876232592884503,1.2289000442251563,-0.0050000000000000044,-0.0050000000000000044,0.5,0.0,0.763724724999778,0.022051177462135592,15.405142245992531,11.528909653108027,strict_delta_max,1,cross_layer_handoff_executed
line-duel_DLGPR-full_seed2,2,DLGPR-full,line-duel,4,4,GA,2.1271712305352857,1.2341999681666493,0.025000000000000022,0.025000000000000022,0.5,0.0,0.6956543410965356,0.03170122563789821,11.528909653108027,9.401738422572741,strict_delta_max,1,cross_layer_handoff_executed
line-duel_DLGPR-full_seed2,2,DLGPR-full,line-duel,4,5,GA,2.14411029324812,1.532200025394559,-0.030000000000000027,-0.030000000000000027,0.5,0.0,0.6888060505893847,0.0393202964299656,9.401738422572741,7.257628129324621,strict_delta_max,1,cross_layer_handoff_executed
line-duel_DLGPR-full_seed2,2,DLGPR-full,line-duel,4,6,GA,3.6774670387105566,1.4231998939067125,-0.0050000000000000044,-0.0050000000000000044,0.5,0.0,0.601406732500297,0.022130448760506197,7.257628129324621,3.580161090614064,strict_delta_max,1,cross_layer_handoff_executed
line-duel_DLGPR-full_seed2,2,DLGPR-full,line-duel,5,0,GA,2.762999124397915,1.5430999919772148,-0.0050000000000000044,-0.0050000000000000044,0.5,0.0,0.5678434076361124,0.029266738137933665,22.0,19.237000875602085,strict_delta_max,1,cross_layer_handoff_executed
line-duel_DLGPR-full_seed2,2,DLGPR-full,line-duel,5,1,PSO,1.8644524088978838,1.0264000156894326,-1.005,-1.005,0.0,0.0,0.0,0.060964041735311884,19.237000875602085,17.372548466704202,strict_delta_max,1,cross_layer_handoff_executed
line-duel_DLGPR-full_seed2,2,DLGPR-full,line-duel,5,2,RL,2.2124137261939882,1.397700048983097,-1.005,-1.005,0.0,0.0,0.0,0.0045199502613839735,17.372548466704202,15.160134740510214,strict_delta_max,2,cross_layer_handoff_executed
line-duel_DLGPR-full_seed2,2,DLGPR-full,line-duel,5,3,RL,4.0,1.6302000731229782,-1.005,-1.005,0.0,0.0,0.0,0.0,15.160134740510214,11.160134740510214,strict_delta_max,2,cross_layer_handoff_executed
line-duel_DLGPR-full_seed2,2,DLGPR-full,line-duel,5,4,PSO,2.0497073597279623,0.9909000946208835,-0.995,-0.995,0.0,0.0,0.0,0.04041411340920406,11.160134740510214,9.110427380782252,strict_delta_max,1,cross_layer_handoff_executed
line-duel_DLGPR-full_seed2,2,DLGPR-full,line-duel,5,5,RL,3.0555881637404734,2.0340000046417117,-1.005,-1.005,0.0,0.0,0.0,0.0,9.110427380782252,6.054839217041778,strict_delta_max,2,cross_layer_handoff_executed
line-duel_DLGPR-full_seed2,2,DLGPR-full,line-duel,5,6,PSO,3.2964373236457085,1.0183000704273582,-1.0699999999999998,-1.0699999999999998,0.0,0.0,0.0,0.022297831918598507,6.054839217041778,2.7584018933960692,strict_delta_max,1,cross_layer_handoff_executed
line-duel_fixed-split_seed0,0,fixed-split,line-duel,0,0,GA,1.6893344512949398,1.629799953661859,-1.0350000000000001,-1.0350000000000001,0.0,0.0,0.8116122098641232,0.0646168400523651,22.0,20.31066554870506,strict_delta_max,1,cross_layer_handoff_executed
line-duel_fixed-split_seed0,0,fixed-split,line-duel,0,1,PSO,1.20651110410417,1.0432000271975994,-1.04,-1.04,0.0,0.0,0.0,0.07826905056619649,20.31066554870506,19.10415444460089,strict_delta_max,1,cross_layer_handoff_executed
line-duel_fixed-split_seed0,0,fixed-split,line-duel,0,2,RL,4.0,1.6226000152528286,-0.04500000000000004,-0.04500000000000004,0.5,0.24750000000000003,0.0,0.0,19.10415444460089,15.10415444460089,strict_delta_max,2,cross_layer_handoff_executed
line-duel_fixed-split_seed0,0,fixed-split,line-duel,0,3,GA,3.523322366777626,1.2861000141128898,-1.0350000000000001,-1.0350000000000001,0.0,0.0,0.7735835699401835,0.032048148152888374,15.10415444460089,11.580832077823265,strict_delta_max,1,cross_layer_handoff_executed
line-duel_fixed-split_seed0,0,fixed-split,line-duel,0,4,PSO,2.703496397418464,1.4034000923857093,-0.04500000000000004,-0.04500000000000004,0.5,0.0,0.0,0.04239642359119411,11.580832077823265,8.877335680404801,strict_delta_max,1,cross_layer_handoff_executed
line-duel_fixed-split_seed0,0,fixed-split,line-duel,0,5,RL,2.243997127921444,1.9802999449893832,-0.04500000000000004,-0.04500000000000004,0.5,0.0,0.0,0.0,8.877335680404801,6.633338552483357,strict_delta_max,2,cross_layer_handoff_executed
line-duel_fixed-split_seed0,0,fixed-split,line-duel,0,6,GA,3.924209213763715,1.2983999913558364,-1.08,-1.08,0.0,0.0,0.7403203080779661,0.01411084932269532,6.633338552483357,2.709129338719642,strict_delta_max,1,cross_layer_handoff_executed
line-duel_fixed-split_seed0,0,fixed-split,line-duel,1,0,PSO,2.361335149931503,1.263400074094534,-0.04500000000000004,-0.04500000000000004,0.5,0.0,0.0,0.0440728624036507,22.0,19.638664850068498,strict_delta_max,1,cross_layer_handoff_executed
line-duel_fixed-split_seed0,0,fixed-split,line-duel,1,1,RL,1.411636959521183,1.325199962593615,-0.04500000000000004,-0.04500000000000004,0.5,0.0,0.0,1.4663826885788886,19.638664850068498,18.227027890547316,strict_delta_max,2,cross_layer_handoff_executed
line-duel_fixed-split_seed0,0,fixed-split,line-duel,1,2,GA,2.654586248440353,1.3719999697059393,-1.0350000000000001,-1.0350000000000001,0.0,0.0,0.6490609342461647,0.034627087082184475,18.227027890547316,15.572441642106963,strict_delta_max,1,cross_layer_handoff_executed
line-duel_fixed-split_seed0,0,fixed-split,line-duel,1,3,PSO,1.20081091851997,1.4510999899357557,-0.04500000000000004,-0.04500000000000004,0.5,0.0,0.0,0.0725800156241015,15.572441642106963,14.371630723586993,strict_delta_max,1,cross_layer_handoff_executed
line-duel_fixed-split_seed0,0,fixed-split,line-duel,1,4,RL,4.0,1.7040999373421073,-0.04500000000000004,-0.04500000000000004,0.5,0.0,0.0,0.0,14.371630723586993,10.371630723586993,strict_delta_max,2,cross_layer_handoff_executed
line-duel_fixed-split_seed0,0,fixed-split,line-duel,1,5,GA,2.097532685563981,1.3331000227481127,-1.04,-1.04,0.0,0.0,0.5671891136379335,0.03020290659132687,10.371630723586993,8.274098038023013,strict_delta_max,1,cross_layer_handoff_executed
line-duel_fixed-split_seed0,0,fixed-split,line-duel,1,6,PSO,2.53756010606733,1.505599939264357,-0.04500000000000004,-0.04500000000000004,0.5,0.0,0.0,0.02995867107179076,8.274098038023013,5.736537931955683,strict_delta_max,1,cross_layer_handoff_executed
line-duel_fixed-split_seed0,0,fixed-split,line-duel,1,7,RL,2.8205132788370633,1.6962999943643808,-0.04500000000000004,-0.04500000000000004,0.5,0.0,0.0,0.0,5.736537931955683,2.9160246531186194,strict_delta_max,2,cross_layer_handoff_executed
line-duel_fixed-split_seed0,0,fixed-split,line-duel,2,0,GA,2.0990268401584924,1.2025999603793025,-0.04500000000000004,-0.04500000000000004,0.5,0.0,0.44437913161737186,0.025131603009612074,22.0,19.900973159841506,strict_delta_max,1,cross_layer_handoff_executed
line-duel_fixed-split_seed0,0,fixed-split,line-duel,2,1,PSO,1.0399865744093875,1.251000096090138,-0.04500000000000004,-0.04500000000000004,0.5,0.0,0.0,0.08309780309268605,19.900973159841506,18.86098658543212,strict_delta_max,1,cross_layer_handoff_executed
line-duel_fixed-split_seed0,0,fixed-split,line-duel,2,2,RL,2.379883104191103,1.5042000450193882,-0.04500000000000004,-0.04500000000000004,0.5,0.0,0.0,0.0,18.86098658543212,16.481103481241018,strict_delta_max,2,cross_layer_handoff_executed
line-duel_fixed-split_seed0,0,fixed-split,line-duel,2,3,GA,2.548029451099217,1.1674999259412289,-1.0350000000000001,-1.0350000000000001,0.0,0.0,0.4028031910196516,0.018714036830088574,16.481103481241018,13.9330740301418,strict_delta_max,1,cross_layer_handoff_executed
line-duel_fixed-split_seed0,0,fixed-split,line-duel,2,4,PSO,2.8847966278489108,1.3667000457644463,-0.04500000000000004,-0.04500000000000004,0.5,0.0,0.0,0.01915967463226501,13.9330740301418,11.04827740229289,strict_delta_max,1,cross_layer_handoff_executed
line-duel_fixed-split_seed0,0,fixed-split,line-duel,2,5,RL,2.4922441904741928,1.447299961000681,-0.04500000000000004,-0.04500000000000004,0.5,0.0,0.0,0.0,11.04827740229289,8.556033211818697,strict_delta_max,2,cross_layer_handoff_executed
line-duel_fixed-split_seed0,0,fixed-split,line-duel,2,6,GA,1.786591104312534,1.1885999701917171,-0.04500000000000004,-0.04500000000000004,0.5,0.0,0.2932153999852377,0.02894146878802346,8.556033211818697,6.769442107506163,strict_delta_max,1,cross_layer_handoff_executed
line-duel_fixed-split_seed0,0,fixed-split,line-duel,2,7,PSO,1.0,1.3280999846756458,-0.04500000000000004,-0.04500000000000004,0.5,0.0,0.0,0.050697307113666934,6.769442107506163,5.769442107506163,strict_delta_max,1,cross_layer_handoff_executed
line-duel_fixed-split_seed0,0,fixed-split,line-duel,2,8,RL,2.1289674854272405,1.9616000354290009,-0.04500000000000004,-0.04500000000000004,0.5,0.0,0.0,0.018788450398514588,5.769442107506163,3.6404746220789224,strict_delta_max,2,cross_layer_handoff_executed
line-duel_fixed-split_seed0,0,fixed-split,line-duel,3,0,GA,1.1363288563976364,1.5929000219330192,-0.04500000000000004,-0.04500000000000004,0.5,0.0,0.16492998018967,0.047726301665997437,22.0,20.863671143602364,strict_delta_max,1,cross_layer_handoff_executed
line-duel_fixed-split_seed0,0,fixed-split,line-duel,3,1,PSO,2.37566668731714,1.4479999663308263,-0.04500000000000004,-0.04500000000000004,0.5,0.0,0.0,0.04213595726220504,20.863671143602364,18.488004456285225,strict_delta_max,1,cross_layer_handoff_executed
line-duel_fixed-split_seed0,0,fixed-split,line-duel,3,2,RL,1.7364855485135349,2.494200016371906,-0.04500000000000004,-0.04500000000000004,0.5,0.0,0.0,1.1459928369133152,18.488004456285225,16.75151890777169,strict_delta_max,2,cross_layer_handoff_executed
line-duel_fixed-split_seed0,0,fixed-split,line-duel,3,3,GA,1.2891509851708727,1.4927999582141638,-0.04500000000000004,-0.04500000000000004,0.5,0.0,0.16492998018967,0.042351749416161114,16.75151890777169,15.462367922600817,strict_delta_max,1,cross_layer_handoff_executed
line-duel_fixed-split_seed0,0,fixed-split,line-duel,3,4,PSO,2.9397033454976556,1.6947000985965133,-0.04500000000000004,-0.04500000000000004,0.5,0.0,0.0,0.03158555187092455,15.462367922600817,12.522664577103162,strict_delta_max,1,cross_layer_handoff_executed
line-duel_fixed-split_seed0,0,fixed-split,line-duel,3,5,RL,2.5002734324824254,2.1277000196278095,-0.04500000000000004,-0.04500000000000004,0.5,0.0,0.0,0.0,12.522664577103162,10.022391144620737,strict_delta_max,2,cross_layer_handoff_executed
line-duel_fixed-split_seed0,0,fixed-split,line-duel,3,6,GA,1.37837716363411,1.352099934592843,-1.04,-1.04,0.0,0.0,0.16492998018967,0.04223734662455496,10.022391144620737,8.644013980986628,strict_delta_max,1,cross_layer_handoff_executed
line-duel_fixed-split_seed0,0,fixed-split,line-duel,3,7,PSO,1.6051348264760161,1.423100009560585,-0.04500000000000004,-0.04500000000000004,0.5,0.0,0.0,0.05992598055783183,8.644013980986628,7.038879154510612,strict_delta_max,1,cross_layer_handoff_executed
line-duel_fixed-split_seed0,0,fixed-split,line-duel,3,8,RL,3.414043272029419,1.7796000465750694,-0.04500000000000004,-0.04500000000000004,0.5,0.0,0.0,0.0,7.038879154510612,3.624835882481193,strict_delta_max,2,cross_layer_handoff_executed
line-duel_fixed-split_seed0,0,fixed-split,line-duel,4,0,GA,1.5058339404330447,1.4823999954387546,-0.04500000000000004,-0.04500000000000004,0.5,0.0,0.16492998018967,0.036859923516276524,22.0,20.494166059566954,strict_delta_max,1,cross_layer_handoff_executed
line-duel_fixed-split_seed0,0,fixed-split,line-duel,4,1,PSO,1.7269256370131338,1.5313000185415149,-0.04500000000000004,-0.04500000000000004,0.5,0.0,0.0,0.045035460323613996,20.494166059566954,18.76724042255382,strict_delta_max,1,cross_layer_handoff_executed
line-duel_fixed-split_seed0,0,fixed-split,line-duel,4,2,RL,1.5176720657918539,1.9383999751880765,-0.04500000000000004,-0.04500000000000004,0.5,0.0,0.0,0.0,18.76724042255382,17.249568356761966,strict_delta_max,2,cross_layer_handoff_executed
line-duel_fixed-split_seed0,0,fixed-split,line-duel,4,3,GA,1.980536061452732,1.146900001913309,-0.04500000000000004,-0.04500000000000004,0.5,0.0,0.16492998018967,0.0269358665822086,17.249568356761966,15.269032295309234,strict_delta_max,1,cross_layer_handoff_executed
line-duel_fixed-split_seed0,0,fixed-split,line-duel,4,4,PSO,2.3072668014201403,1.2727000284940004,-0.04500000000000004,-0.04500000000000004,0.5,0.0,0.0,0.028841704029243437,15.269032295309234,12.961765493889093,strict_delta_max,1,cross_layer_handoff_executed
line-duel_fixed-split_seed0,0,fixed-split,line-duel,4,5,RL,3.9752843497438857,2.105399966239929,-0.04500000000000004,-0.04500000000000004,0.5,0.0,0.0,0.005031086644478288,12.961765493889093,8.986481144145207,strict_delta_max,2,cross_layer_handoff_executed
line-duel_fixed-split_seed0,0,fixed-split,line-duel,4,6,GA,2.6698961798497995,1.4189999783411622,-1.08,-1.08,0.0,0.0,0.16492998018967,0.018665676561576316,8.986481144145207,6.316584964295408,strict_delta_max,1,cross_layer_handoff_executed
line-duel_fixed-split_seed0,0,fixed-split,line-duel,4,7,PSO,3.0251749353308357,1.3550000730901957,-0.04500000000000004,-0.04500000000000004,0.5,0.0,0.0,0.026561770270137484,6.316584964295408,3.291410028964572,strict_delta_max,1,cross_layer_handoff_executed
line-duel_fixed-split_seed0,0,fixed-split,line-duel,5,0,RL,2.462908053540581,1.8294999608770013,-0.04500000000000004,-0.04500000000000004,0.5,0.0,0.0,0.0,22.0,19.53709194645942,strict_delta_max,2,cross_layer_handoff_executed
line-duel_fixed-split_seed0,0,fixed-split,line-duel,5,1,GA,1.5609885885878367,1.1403999524191022,-0.04500000000000004,-0.04500000000000004,0.5,0.0,0.16492998018967,0.0398111068312063,19.53709194645942,17.976103357871583,strict_delta_max,1,cross_layer_handoff_executed
line-duel_fixed-split_seed0,0,fixed-split,line-duel,5,2,PSO,3.4986549709484467,1.3470000121742487,-0.04500000000000004,-0.04500000000000004,0.5,0.0,0.0,0.015520151013188236,17.976103357871583,14.477448386923136,strict_delta_max,1,cross_layer_handoff_executed
line-duel_fixed-split_seed0,0,fixed-split,line-duel,5,3,RL,3.0161130853191267,1.5119999879971147,-0.04500000000000004,-0.04500000000000004,0.5,0.0,0.0,0.6863137891200718,14.477448386923136,11.46133530160401,strict_delta_max,2,cross_layer_handoff_executed
line-duel_fixed-split_seed0,0,fixed-split,line-duel,5,4,GA,1.5199112350105475,1.1635000118985772,-0.04500000000000004,-0.04500000000000004,0.5,0.0,0.16492998018967,0.04336107343577223,11.46133530160401,9.941424066593463,strict_delta_max,1,cross_layer_handoff_executed
line-duel_fixed-split_seed0,0,fixed-split,line-duel,5,5,PSO,1.4914330914471092,1.4102000277489424,-0.04500000000000004,-0.04500000000000004,0.5,0.0,0.0,0.03762860331852237,9.941424066593463,8.449990975146353,strict_delta_max,1,cross_layer_handoff_executed
line-duel_fixed-split_seed0,0,fixed-split,line-duel,5,6,RL,3.7432501845837765,1.6988000134006143,-0.04500000000000004,-0.04500000000000004,0.5,0.0,0.0,0.0,8.449990975146353,4.706740790562576,strict_delta_max,2,cross_layer_handoff_executed
line-duel_fixed-split_seed0,0,fixed-split,line-duel,5,7,GA,2.3669659532124103,1.1614999966695905,-0.04500000000000004,-0.04500000000000004,0.5,0.0,0.16492998018967,0.022537953806133063,4.706740790562576,2.339774837350166,strict_delta_max,1,cross_layer_handoff_executed
line-duel_fixed-split_seed1,1,fixed-split,line-duel,0,0,GA,2.9420915853436957,1.8076000269502401,-1.04,-1.04,0.0,0.0,0.9222503083015591,0.04079385976487518,22.0,19.057908414656303,strict_delta_max,1,cross_layer_handoff_executed
line-duel_fixed-split_seed1,1,fixed-split,line-duel,0,1,PSO,1.0478464117356086,1.452099997550249,-1.04,-1.04,0.0,0.0,0.0,0.07191417322099722,19.057908414656303,18.010062002920694,strict_delta_max,1,cross_layer_handoff_executed
line-duel_fixed-split_seed1,1,fixed-split,line-duel,0,2,RL,3.4847291488855876,2.274799975566566,-1.09,-1.09,0.0,0.0,0.0,0.0,18.010062002920694,14.525332854035106,strict_delta_max,2,cross_layer_handoff_executed
line-duel_fixed-split_seed1,1,fixed-split,line-duel,0,3,GA,3.3528046698476497,1.2946000788360834,-1.04,-1.04,0.0,0.0,0.8604127127874946,0.02728321313387214,14.525332854035106,11.172528184187456,strict_delta_max,1,cross_layer_handoff_executed
line-duel_fixed-split_seed1,1,fixed-split,line-duel,0,4,PSO,1.9404049006445716,1.3824000488966703,-1.04,-1.04,0.0,0.0,0.0,0.03887761957055909,11.172528184187456,9.232123283542885,strict_delta_max,1,cross_layer_handoff_executed
line-duel_fixed-split_seed1,1,fixed-split,line-duel,0,5,RL,2.356833638214052,2.152899978682399,-1.1,-1.1,0.0,0.0,0.0,0.0,9.232123283542885,6.875289645328833,strict_delta_max,2,cross_layer_handoff_executed
line-duel_fixed-split_seed1,1,fixed-split,line-duel,0,6,GA,1.2301288423582677,1.2445999309420586,-1.04,-1.04,0.0,0.0,0.7466681582587485,0.06933331817003638,6.875289645328833,5.645160802970565,strict_delta_max,1,cross_layer_handoff_executed
line-duel_fixed-split_seed1,1,fixed-split,line-duel,0,7,PSO,3.5970221928725903,1.4778999611735344,-1.04,-1.04,0.0,0.0,0.0,0.014690883826041203,5.645160802970565,2.048138610097975,strict_delta_max,1,cross_layer_handoff_executed
line-duel_fixed-split_seed1,1,fixed-split,line-duel,1,0,RL,2.5002169488126262,2.29199999012053,-1.085,-1.085,0.0,0.0,0.0,0.003999652912019932,22.0,19.499783051187375,strict_delta_max,2,cross_layer_handoff_executed
line-duel_fixed-split_seed1,1,fixed-split,line-duel,1,1,GA,3.2810987394175073,1.2678999919444323,-1.04,-1.04,0.0,0.0,0.7772472685794287,0.029940224248226906,19.499783051187375,16.218684311769866,strict_delta_max,1,cross_layer_handoff_executed
line-duel_fixed-split_seed1,1,fixed-split,line-duel,1,2,PSO,1.5431638380787298,1.3423000928014517,-1.04,-1.04,0.0,0.0,0.0,0.044503530208175546,16.218684311769866,14.675520473691137,strict_delta_max,1,cross_layer_handoff_executed
line-duel_fixed-split_seed1,1,fixed-split,line-duel,1,3,RL,1.4985815526474717,2.1334000630304217,-1.09,-1.09,0.0,0.0,0.0,1.3746332299104427,14.675520473691137,13.176938921043664,strict_delta_max,2,cross_layer_handoff_executed
line-duel_fixed-split_seed1,1,fixed-split,line-duel,1,4,GA,2.3690587219765002,1.712900004349649,-1.1,-1.1,0.0,0.0,0.7772472685794287,0.0337426059274851,13.176938921043664,10.807880199067164,strict_delta_max,1,cross_layer_handoff_executed
line-duel_fixed-split_seed1,1,fixed-split,line-duel,1,5,PSO,1.1794597403482425,1.5219999477267265,-1.04,-1.04,0.0,0.0,0.0,0.035562423372186514,10.807880199067164,9.62842045871892,strict_delta_max,1,cross_layer_handoff_executed
line-duel_fixed-split_seed1,1,fixed-split,line-duel,1,6,RL,4.0,2.5680999970063567,-1.09,-1.09,0.0,0.0,0.0,0.0,9.62842045871892,5.628420458718921,strict_delta_max,2,cross_layer_handoff_executed
line-duel_fixed-split_seed1,1,fixed-split,line-duel,1,7,GA,2.523233103732615,1.2839999981224537,-1.04,-1.04,0.0,0.0,0.7725442157947201,0.022152318185992094,5.628420458718921,3.105187354986306,strict_delta_max,1,cross_layer_handoff_executed
line-duel_fixed-split_seed1,1,fixed-split,line-duel,2,0,PSO,2.234397643984236,1.1970000341534615,-1.04,-1.04,0.0,0.0,0.0,0.03947618662227849,22.0,19.765602356015762,strict_delta_max,1,cross_layer_handoff_executed
line-duel_fixed-split_seed1,1,fixed-split,line-duel,2,1,RL,2.1309407510953635,2.0358000183478,-1.1,-1.1,0.0,0.0,0.0,0.023463815206639902,19.765602356015762,17.6346616049204,strict_delta_max,2,cross_layer_handoff_executed
line-duel_fixed-split_seed1,1,fixed-split,line-duel,2,2,GA,1.2506701702221128,1.4766000676900148,-1.04,-1.04,0.0,0.0,0.7725442157947201,0.0960907719012553,17.6346616049204,16.383991434698288,strict_delta_max,1,cross_layer_handoff_executed
line-duel_fixed-split_seed1,1,fixed-split,line-duel,2,3,PSO,1.398281571053552,1.5269999857991934,-1.04,-1.04,0.0,0.0,0.0,0.05161909319758749,16.383991434698288,14.985709863644736,strict_delta_max,1,cross_layer_handoff_executed
line-duel_fixed-split_seed1,1,fixed-split,line-duel,2,4,RL,4.0,2.412599977105856,-1.09,-1.09,0.0,0.0,0.0,0.007500000000000007,14.985709863644736,10.985709863644736,strict_delta_max,2,cross_layer_handoff_executed
line-duel_fixed-split_seed1,1,fixed-split,line-duel,2,5,GA,1.5005308463978229,1.4557000249624252,-1.04,-1.04,0.0,0.0,0.7725442157947201,0.06162370766996604,10.985709863644736,9.485179017246914,strict_delta_max,1,cross_layer_handoff_executed
line-duel_fixed-split_seed1,1,fixed-split,line-duel,2,6,PSO,1.2857636617995334,1.5669999411329627,-1.04,-1.04,0.0,0.0,0.0,0.030033962493367535,9.485179017246914,8.19941535544738,strict_delta_max,1,cross_layer_handoff_executed
line-duel_fixed-split_seed1,1,fixed-split,line-duel,2,7,RL,2.30510724933007,1.6487999819219112,-1.04,-1.04,0.0,0.0,0.0,0.0,8.19941535544738,5.89430810611731,strict_delta_max,2,cross_layer_handoff_executed
line-duel_fixed-split_seed1,1,fixed-split,line-duel,2,8,GA,1.5873667572058012,1.5573999844491482,-1.085,-1.085,0.0,0.0,0.7725442157947201,0.06405065702522436,5.89430810611731,4.306941348911509,strict_delta_max,1,cross_layer_handoff_executed
line-duel_fixed-split_seed1,1,fixed-split,line-duel,2,9,PSO,3.055367210331745,1.45650003105402,-1.04,-1.04,0.0,0.0,0.0,0.022715961939447776,4.306941348911509,1.2515741385797639,strict_delta_max,1,cross_layer_handoff_executed
line-duel_fixed-split_seed1,1,fixed-split,line-duel,3,0,RL,1.3666576810300868,2.3843999952077866,-1.1,-1.1,0.0,0.0,0.0,1.5146441049083963,22.0,20.633342318969913,strict_delta_max,2,cross_layer_handoff_executed
line-duel_fixed-split_seed1,1,fixed-split,line-duel,3,1,GA,3.7620290637750373,1.3061999343335629,-1.04,-1.04,0.0,0.0,0.7725442157947201,0.021487804284518713,20.633342318969913,16.871313255194874,strict_delta_max,1,cross_layer_handoff_executed
line-duel_fixed-split_seed1,1,fixed-split,line-duel,3,2,PSO,1.373567984883265,1.4873999170958996,-1.04,-1.04,0.0,0.0,0.0,0.0442898465934053,16.871313255194874,15.49774527031161,strict_delta_max,1,cross_layer_handoff_executed
line-duel_fixed-split_seed1,1,fixed-split,line-duel,3,3,RL,4.0,2.491899998858571,-1.1,-1.1,0.0,0.0,0.0,0.0,15.49774527031161,11.49774527031161,strict_delta_max,2,cross_layer_handoff_executed
line-duel_fixed-split_seed1,1,fixed-split,line-duel,3,4,GA,2.415819962862188,1.233199960552156,-1.04,-1.04,0.0,0.0,0.7725442157947201,0.027879026602420143,11.49774527031161,9.08192530744942,strict_delta_max,1,cross_layer_handoff_executed
line-duel_fixed-split_seed1,1,fixed-split,line-duel,3,5,PSO,2.4734668851403283,1.3020000187680125,-1.04,-1.04,0.0,0.0,0.0,0.03209500829799143,9.08192530744942,6.608458422309092,strict_delta_max,1,cross_layer_handoff_executed
line-duel_fixed-split_seed1,1,fixed-split,line-duel,3,6,RL,2.017131785699454,2.0546000450849533,-1.04,-1.04,0.0,0.0,0.0,0.0,6.608458422309092,4.591326636609638,strict_delta_max,2,cross_layer_handoff_executed
line-duel_fixed-split_seed1,1,fixed-split,line-duel,3,7,GA,2.330211046457789,1.3052000431343913,-1.04,-1.04,0.0,0.0,0.7725442157947201,0.035499901790598885,4.591326636609638,2.2611155901518494,strict_delta_max,1,cross_layer_handoff_executed
line-duel_fixed-split_seed1,1,fixed-split,line-duel,4,0,PSO,1.8771004401651004,1.3296999968588352,-1.04,-1.04,0.0,0.0,0.0,0.031343758256839674,22.0,20.1228995598349,strict_delta_max,1,cross_layer_handoff_executed
line-duel_fixed-split_seed1,1,fixed-split,line-duel,4,1,RL,4.0,1.8041000002995133,-1.04,-1.04,0.0,0.0,0.0,0.017500000000000016,20.1228995598349,16.1228995598349,strict_delta_max,2,cross_layer_handoff_executed
line-duel_fixed-split_seed1,1,fixed-split,line-duel,4,2,GA,2.288331030750752,1.307399943470955,-1.04,-1.04,0.0,0.0,0.7725442157947201,0.045690859172537,16.1228995598349,13.834568529084146,strict_delta_max,1,cross_layer_handoff_executed
line-duel_fixed-split_seed1,1,fixed-split,line-duel,4,3,PSO,2.140470915549341,1.4476000797003508,-1.04,-1.04,0.0,0.0,0.0,0.029680930761068005,13.834568529084146,11.694097613534804,strict_delta_max,1,cross_layer_handoff_executed
line-duel_fixed-split_seed1,1,fixed-split,line-duel,4,4,RL,2.325973691962552,1.85960007365793,-1.04,-1.04,0.0,0.0,0.0,0.0,11.694097613534804,9.368123921572252,strict_delta_max,2,cross_layer_handoff_executed
line-duel_fixed-split_seed1,1,fixed-split,line-duel,4,5,GA,3.433424312258796,1.1850000591948628,-1.04,-1.04,0.0,0.0,0.7725442157947201,0.018166715012790716,9.368123921572252,5.934699609313456,strict_delta_max,1,cross_layer_handoff_executed
line-duel_fixed-split_seed1,1,fixed-split,line-duel,4,6,PSO,2.9296764608691657,1.3388000661507249,-1.04,-1.04,0.0,0.0,0.0,0.019720294370238204,5.934699609313456,3.00502314844429,strict_delta_max,1,cross_layer_handoff_executed
line-duel_fixed-split_seed1,1,fixed-split,line-duel,5,0,RL,4.0,2.2540000500157475,-1.04,-1.04,0.0,0.0,0.0,0.5175000000000001,22.0,18.0,strict_delta_max,2,cross_layer_handoff_executed
line-duel_fixed-split_seed1,1,fixed-split,line-duel,5,1,GA,1.1985196384316321,1.1661999160423875,-1.04,-1.04,0.0,0.0,0.7725442157947201,0.0568191097309965,18.0,16.801480361568366,strict_delta_max,1,cross_layer_handoff_executed
line-duel_fixed-split_seed1,1,fixed-split,line-duel,5,2,PSO,2.5635497603603983,1.317800022661686,-1.04,-1.04,0.0,0.0,0.0,0.02821580837196529,16.801480361568366,14.237930601207967,strict_delta_max,1,cross_layer_handoff_executed
line-duel_fixed-split_seed1,1,fixed-split,line-duel,5,3,RL,1.1135398565734103,1.831499976105988,-1.04,-1.04,0.0,0.0,0.0,0.0,14.237930601207967,13.124390744634557,strict_delta_max,2,cross_layer_handoff_executed
line-duel_fixed-split_seed1,1,fixed-split,line-duel,5,4,GA,2.655146333605134,1.5023000305518508,-1.085,-1.085,0.0,0.0,0.7725442157947201,0.02742214797128256,13.124390744634557,10.469244411029422,strict_delta_max,1,cross_layer_handoff_executed
line-duel_fixed-split_seed1,1,fixed-split,line-duel,5,5,PSO,3.191513702155528,1.3265000889077783,-1.04,-1.04,0.0,0.0,0.0,0.02029932363881466,10.469244411029422,7.277730708873894,strict_delta_max,1,cross_layer_handoff_executed
line-duel_fixed-split_seed1,1,fixed-split,line-duel,5,6,RL,2.9096448313440972,1.9999999785795808,-1.04,-1.04,0.0,0.0,0.0,0.0,7.277730708873894,4.368085877529797,strict_delta_max,2,cross_layer_handoff_executed
line-duel_fixed-split_seed1,1,fixed-split,line-duel,5,7,GA,1.9107671910970105,1.2700000079348683,-1.03,-1.03,0.0,0.005233499950487848,0.7658341937423979,0.06127130177082597,4.368085877529797,2.4573186864327865,strict_delta_max,1,cross_layer_handoff_executed
line-duel_fixed-split_seed2,2,fixed-split,line-duel,0,0,GA,2.282163808635265,2.2528000408783555,-0.0050000000000000044,-0.0050000000000000044,0.5,0.43818064076566016,0.8841395898889056,0.059171347775251876,22.0,19.717836191364736,strict_delta_max,1,cross_layer_handoff_executed
line-duel_fixed-split_seed2,2,fixed-split,line-duel,0,1,PSO,1.6878748875696683,1.6438999446108937,-0.039999999999999925,-0.039999999999999925,0.5,0.0,0.0,0.05743481707658332,19.717836191364736,18.02996130379507,strict_delta_max,1,cross_layer_handoff_executed
line-duel_fixed-split_seed2,2,fixed-split,line-duel,0,2,RL,2.2195134993315166,1.7673999536782503,-1.005,-1.005,0.0,0.0,0.0,0.0,18.02996130379507,15.810447804463553,strict_delta_max,2,cross_layer_handoff_executed
line-duel_fixed-split_seed2,2,fixed-split,line-duel,0,3,GA,2.5458951316609566,1.0819000890478492,-1.03,-1.03,0.0,0.0,0.8205222274787475,0.035383290517440956,15.810447804463553,13.264552672802598,strict_delta_max,1,cross_layer_handoff_executed
line-duel_fixed-split_seed2,2,fixed-split,line-duel,0,4,PSO,2.130052285916131,2.316800062544644,-0.995,-0.995,0.0,0.0,0.0,0.037368985137760595,13.264552672802598,11.134500386886467,strict_delta_max,1,cross_layer_handoff_executed
line-duel_fixed-split_seed2,2,fixed-split,line-duel,0,5,RL,4.0,3.208999987691641,-1.0150000000000001,-1.0150000000000001,0.0,0.0,0.0,0.0,11.134500386886467,7.134500386886467,strict_delta_max,2,cross_layer_handoff_executed
line-duel_fixed-split_seed2,2,fixed-split,line-duel,0,6,GA,2.4150323067393837,2.0684999180957675,-0.025000000000000022,-0.025000000000000022,0.5,0.0,0.7451024140204439,0.04215183245311486,7.134500386886467,4.719468080147083,strict_delta_max,1,cross_layer_handoff_executed
line-duel_fixed-split_seed2,2,fixed-split,line-duel,0,7,PSO,2.004153722654829,2.340500010177493,-0.039999999999999925,-0.039999999999999925,0.5,0.0,0.0,0.030642406765961982,4.719468080147083,2.715314357492254,strict_delta_max,1,cross_layer_handoff_executed
line-duel_fixed-split_seed2,2,fixed-split,line-duel,1,0,RL,2.045475539907869,2.2556999465450644,-1.02,-1.02,0.0,0.0,0.0,0.014666516130205727,22.0,19.95452446009213,strict_delta_max,2,cross_layer_handoff_executed
line-duel_fixed-split_seed2,2,fixed-split,line-duel,1,1,GA,2.689317696034336,1.2075999984517694,-0.025000000000000022,-0.025000000000000022,0.5,0.0,0.6858479521469404,0.03966767612242961,19.95452446009213,17.265206764057794,strict_delta_max,1,cross_layer_handoff_executed
line-duel_fixed-split_seed2,2,fixed-split,line-duel,1,2,PSO,2.079777602089377,1.2348999734967947,0.025000000000000022,0.025000000000000022,0.5,0.014424619233259151,0.0,0.04232826919880885,17.265206764057794,15.185429161968417,strict_delta_max,1,cross_layer_handoff_executed
line-duel_fixed-split_seed2,2,fixed-split,line-duel,1,3,RL,2.2742440826800014,1.7231999663636088,-1.0150000000000001,-1.0150000000000001,0.0,0.0,0.0,0.0,15.185429161968417,12.911185079288416,strict_delta_max,2,cross_layer_handoff_executed
line-duel_fixed-split_seed2,2,fixed-split,line-duel,1,4,GA,1.653990125779971,0.8882000111043453,-1.005,-1.005,0.0,0.0,0.7168907274086378,0.06819754099444528,12.911185079288416,11.257194953508444,strict_delta_max,1,cross_layer_handoff_executed
line-duel_fixed-split_seed2,2,fixed-split,line-duel,1,5,PSO,1.2126006187469156,1.076800050213933,-1.005,-1.005,0.0,0.0,0.0,0.0792468200295538,11.257194953508444,10.044594334761529,strict_delta_max,1,cross_layer_handoff_executed
line-duel_fixed-split_seed2,2,fixed-split,line-duel,1,6,RL,3.2237143450462598,1.4424999244511127,-1.0,-1.0,0.0,0.0,0.0,0.01240804727672794,10.044594334761529,6.820879989715269,strict_delta_max,2,cross_layer_handoff_executed
line-duel_fixed-split_seed2,2,fixed-split,line-duel,1,7,GA,2.951792649727747,1.1226000497117639,-0.0050000000000000044,-0.0050000000000000044,0.5,0.0,0.6986228367753551,0.036700909050571884,6.820879989715269,3.8690873399875225,strict_delta_max,1,cross_layer_handoff_executed
line-duel_fixed-split_seed2,2,fixed-split,line-duel,2,0,PSO,1.9726544890718023,1.0664000874385238,0.025000000000000022,0.025000000000000022,0.5,0.0,0.0,0.026453071635013713,22.0,20.027345510928196,strict_delta_max,1,cross_layer_handoff_executed
line-duel_fixed-split_seed2,2,fixed-split,line-duel,2,1,RL,4.0,2.032899996265769,-1.005,-1.005,0.0,0.0,0.0,0.4975,20.027345510928196,16.027345510928196,strict_delta_max,2,cross_layer_handoff_executed
line-duel_fixed-split_seed2,2,fixed-split,line-duel,2,2,GA,1.7047239118650173,1.3460000045597553,-1.0699999999999998,-1.0699999999999998,0.0,0.0,0.6986228367753551,0.06688230310454468,16.027345510928196,14.32262159906318,strict_delta_max,1,cross_layer_handoff_executed
line-duel_fixed-split_seed2,2,fixed-split,line-duel,2,3,PSO,1.4175367443951943,1.3043999206274748,-1.0,-1.0,0.0,0.0,0.0,0.04198797662463175,14.32262159906318,12.905084854667985,strict_delta_max,1,cross_layer_handoff_executed
line-duel_fixed-split_seed2,2,fixed-split,line-duel,2,4,RL,2.1317991423535707,1.3921000063419342,-1.005,-1.005,0.0,0.0,0.0,0.03283611415788354,12.905084854667985,10.773285712314415,strict_delta_max,2,cross_layer_handoff_executed
line-duel_fixed-split_seed2,2,fixed-split,line-duel,2,5,GA,2.9993591848062944,1.464199973270297,-0.039999999999999925,-0.039999999999999925,0.5,0.0,0.6865541737938474,0.03433576182646738,10.773285712314415,7.77392652750812,strict_delta_max,1,cross_layer_handoff_executed
line-duel_fixed-split_seed2,2,fixed-split,line-duel,2,6,PSO,3.1265044469543124,1.2700000079348683,0.025000000000000022,0.025000000000000022,0.5,0.0,0.0,0.02534377616124307,7.77392652750812,4.647422080553808,strict_delta_max,1,cross_layer_handoff_executed
line-duel_fixed-split_seed2,2,fixed-split,line-duel,2,7,RL,2.5106882039155964,1.6458999598398805,-1.005,-1.005,0.0,0.0,0.0,0.0,4.647422080553808,2.1367338766382113,strict_delta_max,2,cross_layer_handoff_executed
line-duel_fixed-split_seed2,2,fixed-split,line-duel,3,0,GA,2.278068313357978,1.0145000414922833,-1.005,-1.005,0.0,0.0,0.6865541737938474,0.03313891413554785,22.0,19.721931686642023,strict_delta_max,1,cross_layer_handoff_executed
line-duel_fixed-split_seed2,2,fixed-split,line-duel,3,1,PSO,2.677749376044401,1.1915999930351973,0.025000000000000022,0.025000000000000022,0.5,0.0,0.0,0.04347852359487389,19.721931686642023,17.044182310597623,strict_delta_max,1,cross_layer_handoff_executed
line-duel_fixed-split_seed2,2,fixed-split,line-duel,3,2,RL,1.4720122036609424,1.9842000911012292,-1.005,-1.005,0.0,0.0,0.0,0.0,17.044182310597623,15.572170106936682,strict_delta_max,2,cross_layer_handoff_executed
line-duel_fixed-split_seed2,2,fixed-split,line-duel,3,3,GA,1.5013716867526667,1.0091000003740191,-1.0350000000000001,-1.0350000000000001,0.0,0.0,0.6865541737938474,0.09298804867358942,15.572170106936682,14.070798420184015,strict_delta_max,1,cross_layer_handoff_executed
line-duel_fixed-split_seed2,2,fixed-split,line-duel,3,4,PSO,1.4307910429688628,1.204199972562492,0.025000000000000022,0.025000000000000022,0.5,0.0,0.0,0.09528095430894507,14.070798420184015,12.640007377215152,strict_delta_max,1,cross_layer_handoff_executed
line-duel_fixed-split_seed2,2,fixed-split,line-duel,3,5,RL,2.9762476836110316,1.4509999891743064,-1.005,-1.005,0.0,0.0,0.0,0.020159612498111323,12.640007377215152,9.66375969360412,strict_delta_max,2,cross_layer_handoff_executed
line-duel_fixed-split_seed2,2,fixed-split,line-duel,3,6,GA,2.463984622808558,1.306300051510334,-0.039999999999999925,-0.039999999999999925,0.5,0.0,0.692658370450033,0.03224008605510531,9.66375969360412,7.199775070795562,strict_delta_max,1,cross_layer_handoff_executed
line-duel_fixed-split_seed2,2,fixed-split,line-duel,3,7,PSO,1.3467604633095096,1.3007000088691711,0.025000000000000022,0.025000000000000022,0.5,0.0,0.0,0.09436792002165693,7.199775070795562,5.8530146074860525,strict_delta_max,1,cross_layer_handoff_executed
line-duel_fixed-split_seed2,2,fixed-split,line-duel,3,8,RL,1.5765044508927364,1.8622999778017402,-1.005,-1.005,0.0,0.0,0.0,0.038058883986038544,5.8530146074860525,4.276510156593316,strict_delta_max,2,cross_layer_handoff_executed
line-duel_fixed-split_seed2,2,fixed-split,line-duel,3,9,GA,2.935977182784148,0.9843000443652272,0.025000000000000022,0.025000000000000022,0.5,0.0,0.5829731609330029,0.031816515606654695,4.276510156593316,1.340532973809168,strict_delta_max,1,cross_layer_handoff_executed
line-duel_fixed-split_seed2,2,fixed-split,line-duel,4,0,PSO,1.1101383335022357,1.1304001091048121,0.025000000000000022,0.025000000000000022,0.5,0.0,0.0,0.09139296612104834,22.0,20.889861666497765,strict_delta_max,1,cross_layer_handoff_executed
line-duel_fixed-split_seed2,2,fixed-split,line-duel,4,1,RL,2.5937969268144236,1.5641000354662538,-1.005,-1.005,0.0,0.0,0.0,0.0,20.889861666497765,18.29606473968334,strict_delta_max,2,cross_layer_handoff_executed
line-duel_fixed-split_seed2,2,fixed-split,line-duel,4,2,GA,3.694327291023837,1.089500030502677,-1.0350000000000001,-1.0350000000000001,0.0,0.0,0.5829731609330029,0.02284371969500888,18.29606473968334,14.601737448659504,strict_delta_max,1,cross_layer_handoff_executed
line-duel_fixed-split_seed2,2,fixed-split,line-duel,4,3,PSO,2.9544285258396186,1.2961000902578235,0.025000000000000022,0.025000000000000022,0.5,0.0,0.0,0.03503031212568177,14.601737448659504,11.647308922819885,strict_delta_max,1,cross_layer_handoff_executed
line-duel_fixed-split_seed2,2,fixed-split,line-duel,4,4,RL,1.371160559687179,1.7242999747395515,-1.005,-1.005,0.0,0.0,0.0,0.0,11.647308922819885,10.276148363132705,strict_delta_max,2,cross_layer_handoff_executed
line-duel_fixed-split_seed2,2,fixed-split,line-duel,4,5,GA,3.298412578235587,1.1178000131621957,0.025000000000000022,0.025000000000000022,0.5,0.0,0.5854315863749808,0.03187605104913013,10.276148363132705,6.977735784897119,strict_delta_max,1,cross_layer_handoff_executed
line-duel_fixed-split_seed2,2,fixed-split,line-duel,4,6,PSO,2.069658628546931,1.1823000386357307,0.025000000000000022,0.025000000000000022,0.5,0.0,0.0,0.06030401920474089,6.977735784897119,4.908077156350188,strict_delta_max,1,cross_layer_handoff_executed
line-duel_fixed-split_seed2,2,fixed-split,line-duel,4,7,RL,3.7105839696207106,2.1775999339297414,-1.005,-1.005,0.0,0.0,0.0,0.0,4.908077156350188,1.1974931867294778,strict_delta_max,2,cross_layer_handoff_executed
line-duel_fixed-split_seed2,2,fixed-split,line-duel,5,0,GA,2.586259972489908,1.1962000280618668,-1.03,-1.03,0.0,0.0,0.5854315863749808,0.03736771512432363,22.0,19.41374002751009,strict_delta_max,1,cross_layer_handoff_executed
line-duel_fixed-split_seed2,2,fixed-split,line-duel,5,1,PSO,2.2486484515343967,1.0544999968260527,-1.005,-1.005,0.0,0.0,0.0,0.03896865518045023,19.41374002751009,17.165091575975694,strict_delta_max,1,cross_layer_handoff_executed
line-duel_fixed-split_seed2,2,fixed-split,line-duel,5,2,RL,1.9407447727941056,1.6831000102683902,-1.005,-1.005,0.0,0.0,0.0,0.030915966303811077,17.165091575975694,15.22434680318159,strict_delta_max,2,cross_layer_handoff_executed
line-duel_fixed-split_seed2,2,fixed-split,line-duel,5,3,GA,3.0075501703379928,1.1959000257775187,-0.025000000000000022,-0.025000000000000022,0.5,0.0,0.5224427422567688,0.03534354281057951,15.22434680318159,12.216796632843597,strict_delta_max,1,cross_layer_handoff_executed
line-duel_fixed-split_seed2,2,fixed-split,line-duel,5,4,PSO,1.138152930681977,1.1766999959945679,0.025000000000000022,0.025000000000000022,0.5,0.0,0.0,0.11347271687054185,12.216796632843597,11.078643702161619,strict_delta_max,1,cross_layer_handoff_executed
line-duel_fixed-split_seed2,2,fixed-split,line-duel,5,5,RL,3.935530919482546,1.3150000013411045,-1.005,-1.005,0.0,0.0,0.0,0.5158135056062296,11.078643702161619,7.143112782679073,strict_delta_max,2,cross_layer_handoff_executed
line-duel_fixed-split_seed2,2,fixed-split,line-duel,5,6,GA,1.7632304463513475,0.8966999594122171,-1.005,-1.005,0.0,0.0,0.5224427422567688,0.05166886013824802,7.143112782679073,5.379882336327725,strict_delta_max,1,cross_layer_handoff_executed
line-duel_fixed-split_seed2,2,fixed-split,line-duel,5,7,PSO,2.881380434483164,1.2393000070005655,-1.005,-1.005,0.0,0.0,0.0,0.044740653118205284,5.379882336327725,2.498501901844561,strict_delta_max,1,cross_layer_handoff_executed
line-duel_round-robin_seed0,0,round-robin,line-duel,0,0,GA,1.6893344512949398,1.9356999546289444,-1.0350000000000001,-1.0350000000000001,0.0,0.0,0.8116122098641232,0.0646168400523651,22.0,20.31066554870506,strict_delta_max,1,cross_layer_handoff_executed
line-duel_round-robin_seed0,0,round-robin,line-duel,0,1,PSO,1.20651110410417,1.2616000603884459,-1.04,-1.04,0.0,0.0,0.0,0.07826905056619649,20.31066554870506,19.10415444460089,strict_delta_max,1,cross_layer_handoff_executed
line-duel_round-robin_seed0,0,round-robin,line-duel,0,2,RL,4.0,1.554999966174364,-0.04500000000000004,-0.04500000000000004,0.5,0.24750000000000003,0.0,0.0,19.10415444460089,15.10415444460089,strict_delta_max,2,cross_layer_handoff_executed
line-duel_round-robin_seed0,0,round-robin,line-duel,0,3,GA,3.523322366777626,1.5589999966323376,-1.0350000000000001,-1.0350000000000001,0.0,0.0,0.7735835699401835,0.032048148152888374,15.10415444460089,11.580832077823265,strict_delta_max,1,cross_layer_handoff_executed
line-duel_round-robin_seed0,0,round-robin,line-duel,0,4,PSO,2.703496397418464,1.337899942882359,-0.04500000000000004,-0.04500000000000004,0.5,0.0,0.0,0.04239642359119411,11.580832077823265,8.877335680404801,strict_delta_max,1,cross_layer_handoff_executed
line-duel_round-robin_seed0,0,round-robin,line-duel,0,5,RL,2.243997127921444,2.134599955752492,-0.04500000000000004,-0.04500000000000004,0.5,0.0,0.0,0.0,8.877335680404801,6.633338552483357,strict_delta_max,2,cross_layer_handoff_executed
line-duel_round-robin_seed0,0,round-robin,line-duel,0,6,GA,3.924209213763715,1.4396000187844038,-1.08,-1.08,0.0,0.0,0.7403203080779661,0.01411084932269532,6.633338552483357,2.709129338719642,strict_delta_max,1,cross_layer_handoff_executed
line-duel_round-robin_seed0,0,round-robin,line-duel,1,0,PSO,2.361335149931503,1.1589000932872295,-0.04500000000000004,-0.04500000000000004,0.5,0.0,0.0,0.0440728624036507,22.0,19.638664850068498,strict_delta_max,1,cross_layer_handoff_executed
line-duel_round-robin_seed0,0,round-robin,line-duel,1,1,RL,1.411636959521183,1.4729999238625169,-0.04500000000000004,-0.04500000000000004,0.5,0.0,0.0,1.4663826885788886,19.638664850068498,18.227027890547316,strict_delta_max,2,cross_layer_handoff_executed
line-duel_round-robin_seed0,0,round-robin,line-duel,1,2,GA,2.654586248440353,1.0998999932780862,-1.0350000000000001,-1.0350000000000001,0.0,0.0,0.6490609342461647,0.034627087082184475,18.227027890547316,15.572441642106963,strict_delta_max,1,cross_layer_handoff_executed
line-duel_round-robin_seed0,0,round-robin,line-duel,1,3,PSO,1.20081091851997,0.8868000004440546,-0.04500000000000004,-0.04500000000000004,0.5,0.0,0.0,0.0725800156241015,15.572441642106963,14.371630723586993,strict_delta_max,1,cross_layer_handoff_executed
line-duel_round-robin_seed0,0,round-robin,line-duel,1,4,RL,4.0,0.9314999915659428,-0.04500000000000004,-0.04500000000000004,0.5,0.0,0.0,0.0,14.371630723586993,10.371630723586993,strict_delta_max,2,cross_layer_handoff_executed
line-duel_round-robin_seed0,0,round-robin,line-duel,1,5,GA,2.097532685563981,0.6141000194475055,-1.04,-1.04,0.0,0.0,0.5671891136379335,0.03020290659132687,10.371630723586993,8.274098038023013,strict_delta_max,1,cross_layer_handoff_executed
line-duel_round-robin_seed0,0,round-robin,line-duel,1,6,PSO,2.53756010606733,0.8234999841079116,-0.04500000000000004,-0.04500000000000004,0.5,0.0,0.0,0.02995867107179076,8.274098038023013,5.736537931955683,strict_delta_max,1,cross_layer_handoff_executed
line-duel_round-robin_seed0,0,round-robin,line-duel,1,7,RL,2.8205132788370633,1.0157000506296754,-0.04500000000000004,-0.04500000000000004,0.5,0.0,0.0,0.0,5.736537931955683,2.9160246531186194,strict_delta_max,2,cross_layer_handoff_executed
line-duel_round-robin_seed0,0,round-robin,line-duel,2,0,GA,2.0990268401584924,1.3029000256210566,-0.04500000000000004,-0.04500000000000004,0.5,0.0,0.44437913161737186,0.025131603009612074,22.0,19.900973159841506,strict_delta_max,1,cross_layer_handoff_executed
line-duel_round-robin_seed0,0,round-robin,line-duel,2,1,PSO,1.0399865744093875,0.8403999963775277,-0.04500000000000004,-0.04500000000000004,0.5,0.0,0.0,0.08309780309268605,19.900973159841506,18.86098658543212,strict_delta_max,1,cross_layer_handoff_executed
line-duel_round-robin_seed0,0,round-robin,line-duel,2,2,RL,2.379883104191103,1.020599971525371,-0.04500000000000004,-0.04500000000000004,0.5,0.0,0.0,0.0,18.86098658543212,16.481103481241018,strict_delta_max,2,cross_layer_handoff_executed
line-duel_round-robin_seed0,0,round-robin,line-duel,2,3,GA,2.548029451099217,0.7684999145567417,-1.0350000000000001,-1.0350000000000001,0.0,0.0,0.4028031910196516,0.018714036830088574,16.481103481241018,13.9330740301418,strict_delta_max,1,cross_layer_handoff_executed
line-duel_round-robin_seed0,0,round-robin,line-duel,2,4,PSO,2.8847966278489108,0.8256000000983477,-0.04500000000000004,-0.04500000000000004,0.5,0.0,0.0,0.01915967463226501,13.9330740301418,11.04827740229289,strict_delta_max,1,cross_layer_handoff_executed
line-duel_round-robin_seed0,0,round-robin,line-duel,2,5,RL,2.4922441904741928,0.9171999990940094,-0.04500000000000004,-0.04500000000000004,0.5,0.0,0.0,0.0,11.04827740229289,8.556033211818697,strict_delta_max,2,cross_layer_handoff_executed
line-duel_round-robin_seed0,0,round-robin,line-duel,2,6,GA,1.786591104312534,0.7176999934017658,-0.04500000000000004,-0.04500000000000004,0.5,0.0,0.2932153999852377,0.02894146878802346,8.556033211818697,6.769442107506163,strict_delta_max,1,cross_layer_handoff_executed
line-duel_round-robin_seed0,0,round-robin,line-duel,2,7,PSO,1.0,0.8415000047534704,-0.04500000000000004,-0.04500000000000004,0.5,0.0,0.0,0.050697307113666934,6.769442107506163,5.769442107506163,strict_delta_max,1,cross_layer_handoff_executed
line-duel_round-robin_seed0,0,round-robin,line-duel,2,8,RL,2.1289674854272405,1.1229999363422394,-0.04500000000000004,-0.04500000000000004,0.5,0.0,0.0,0.018788450398514588,5.769442107506163,3.6404746220789224,strict_delta_max,2,cross_layer_handoff_executed
line-duel_round-robin_seed0,0,round-robin,line-duel,3,0,GA,1.1363288563976364,0.9159999899566174,-0.04500000000000004,-0.04500000000000004,0.5,0.0,0.16492998018967,0.047726301665997437,22.0,20.863671143602364,strict_delta_max,1,cross_layer_handoff_executed
line-duel_round-robin_seed0,0,round-robin,line-duel,3,1,PSO,2.37566668731714,1.4315999578684568,-0.04500000000000004,-0.04500000000000004,0.5,0.0,0.0,0.04213595726220504,20.863671143602364,18.488004456285225,strict_delta_max,1,cross_layer_handoff_executed
line-duel_round-robin_seed0,0,round-robin,line-duel,3,2,RL,1.7364855485135349,2.2281999699771404,-0.04500000000000004,-0.04500000000000004,0.5,0.0,0.0,1.1459928369133152,18.488004456285225,16.75151890777169,strict_delta_max,2,cross_layer_handoff_executed
line-duel_round-robin_seed0,0,round-robin,line-duel,3,3,GA,1.2891509851708727,1.1485000140964985,-0.04500000000000004,-0.04500000000000004,0.5,0.0,0.16492998018967,0.042351749416161114,16.75151890777169,15.462367922600817,strict_delta_max,1,cross_layer_handoff_executed
line-duel_round-robin_seed0,0,round-robin,line-duel,3,4,PSO,2.9397033454976556,1.2889000354334712,-0.04500000000000004,-0.04500000000000004,0.5,0.0,0.0,0.03158555187092455,15.462367922600817,12.522664577103162,strict_delta_max,1,cross_layer_handoff_executed
line-duel_round-robin_seed0,0,round-robin,line-duel,3,5,RL,2.5002734324824254,1.9638999365270138,-0.04500000000000004,-0.04500000000000004,0.5,0.0,0.0,0.0,12.522664577103162,10.022391144620737,strict_delta_max,2,cross_layer_handoff_executed
line-duel_round-robin_seed0,0,round-robin,line-duel,3,6,GA,1.37837716363411,1.0253998916596174,-1.04,-1.04,0.0,0.0,0.16492998018967,0.04223734662455496,10.022391144620737,8.644013980986628,strict_delta_max,1,cross_layer_handoff_executed
line-duel_round-robin_seed0,0,round-robin,line-duel,3,7,PSO,1.6051348264760161,1.3201999245211482,-0.04500000000000004,-0.04500000000000004,0.5,0.0,0.0,0.05992598055783183,8.644013980986628,7.038879154510612,strict_delta_max,1,cross_layer_handoff_executed
line-duel_round-robin_seed0,0,round-robin,line-duel,3,8,RL,3.414043272029419,1.5495000407099724,-0.04500000000000004,-0.04500000000000004,0.5,0.0,0.0,0.0,7.038879154510612,3.624835882481193,strict_delta_max,2,cross_layer_handoff_executed
line-duel_round-robin_seed0,0,round-robin,line-duel,4,0,GA,1.5058339404330447,1.2989999959245324,-0.04500000000000004,-0.04500000000000004,0.5,0.0,0.16492998018967,0.036859923516276524,22.0,20.494166059566954,strict_delta_max,1,cross_layer_handoff_executed
line-duel_round-robin_seed0,0,round-robin,line-duel,4,1,PSO,1.7269256370131338,1.3035000301897526,-0.04500000000000004,-0.04500000000000004,0.5,0.0,0.0,0.045035460323613996,20.494166059566954,18.76724042255382,strict_delta_max,1,cross_layer_handoff_executed
line-duel_round-robin_seed0,0,round-robin,line-duel,4,2,RL,1.5176720657918539,1.8478999845683575,-0.04500000000000004,-0.04500000000000004,0.5,0.0,0.0,0.0,18.76724042255382,17.249568356761966,strict_delta_max,2,cross_layer_handoff_executed
line-duel_round-robin_seed0,0,round-robin,line-duel,4,3,GA,1.980536061452732,1.3942000223323703,-0.04500000000000004,-0.04500000000000004,0.5,0.0,0.16492998018967,0.0269358665822086,17.249568356761966,15.269032295309234,strict_delta_max,1,cross_layer_handoff_executed
line-duel_round-robin_seed0,0,round-robin,line-duel,4,4,PSO,2.3072668014201403,1.4614000683650374,-0.04500000000000004,-0.04500000000000004,0.5,0.0,0.0,0.028841704029243437,15.269032295309234,12.961765493889093,strict_delta_max,1,cross_layer_handoff_executed
line-duel_round-robin_seed0,0,round-robin,line-duel,4,5,RL,3.9752843497438857,1.787699991837144,-0.04500000000000004,-0.04500000000000004,0.5,0.0,0.0,0.005031086644478288,12.961765493889093,8.986481144145207,strict_delta_max,2,cross_layer_handoff_executed
line-duel_round-robin_seed0,0,round-robin,line-duel,4,6,GA,2.6698961798497995,1.3061000499874353,-1.08,-1.08,0.0,0.0,0.16492998018967,0.018665676561576316,8.986481144145207,6.316584964295408,strict_delta_max,1,cross_layer_handoff_executed
line-duel_round-robin_seed0,0,round-robin,line-duel,4,7,PSO,3.0251749353308357,1.3134999899193645,-0.04500000000000004,-0.04500000000000004,0.5,0.0,0.0,0.026561770270137484,6.316584964295408,3.291410028964572,strict_delta_max,1,cross_layer_handoff_executed
line-duel_round-robin_seed0,0,round-robin,line-duel,5,0,RL,2.462908053540581,1.7338000470772386,-0.04500000000000004,-0.04500000000000004,0.5,0.0,0.0,0.0,22.0,19.53709194645942,strict_delta_max,2,cross_layer_handoff_executed
line-duel_round-robin_seed0,0,round-robin,line-duel,5,1,GA,1.5609885885878367,1.2413000222295523,-0.04500000000000004,-0.04500000000000004,0.5,0.0,0.16492998018967,0.0398111068312063,19.53709194645942,17.976103357871583,strict_delta_max,1,cross_layer_handoff_executed
line-duel_round-robin_seed0,0,round-robin,line-duel,5,2,PSO,3.4986549709484467,1.3225999427959323,-0.04500000000000004,-0.04500000000000004,0.5,0.0,0.0,0.015520151013188236,17.976103357871583,14.477448386923136,strict_delta_max,1,cross_layer_handoff_executed
line-duel_round-robin_seed0,0,round-robin,line-duel,5,3,RL,3.0161130853191267,1.4934999635443091,-0.04500000000000004,-0.04500000000000004,0.5,0.0,0.0,0.6863137891200718,14.477448386923136,11.46133530160401,strict_delta_max,2,cross_layer_handoff_executed
line-duel_round-robin_seed0,0,round-robin,line-duel,5,4,GA,1.5199112350105475,1.0792999528348446,-0.04500000000000004,-0.04500000000000004,0.5,0.0,0.16492998018967,0.04336107343577223,11.46133530160401,9.941424066593463,strict_delta_max,1,cross_layer_handoff_executed
line-duel_round-robin_seed0,0,round-robin,line-duel,5,5,PSO,1.4914330914471092,1.267199986614287,-0.04500000000000004,-0.04500000000000004,0.5,0.0,0.0,0.03762860331852237,9.941424066593463,8.449990975146353,strict_delta_max,1,cross_layer_handoff_executed
line-duel_round-robin_seed0,0,round-robin,line-duel,5,6,RL,3.7432501845837765,1.6414000419899821,-0.04500000000000004,-0.04500000000000004,0.5,0.0,0.0,0.0,8.449990975146353,4.706740790562576,strict_delta_max,2,cross_layer_handoff_executed
line-duel_round-robin_seed0,0,round-robin,line-duel,5,7,GA,2.3669659532124103,1.1263999622315168,-0.04500000000000004,-0.04500000000000004,0.5,0.0,0.16492998018967,0.022537953806133063,4.706740790562576,2.339774837350166,strict_delta_max,1,cross_layer_handoff_executed
line-duel_round-robin_seed1,1,round-robin,line-duel,0,0,GA,2.9420915853436957,2.01070006005466,-1.04,-1.04,0.0,0.0,0.9222503083015591,0.04079385976487518,22.0,19.057908414656303,strict_delta_max,1,cross_layer_handoff_executed
line-duel_round-robin_seed1,1,round-robin,line-duel,0,1,PSO,1.0478464117356086,1.6749000642448664,-1.04,-1.04,0.0,0.0,0.0,0.07191417322099722,19.057908414656303,18.010062002920694,strict_delta_max,1,cross_layer_handoff_executed
line-duel_round-robin_seed1,1,round-robin,line-duel,0,2,RL,3.4847291488855876,2.4192999117076397,-1.09,-1.09,0.0,0.0,0.0,0.0,18.010062002920694,14.525332854035106,strict_delta_max,2,cross_layer_handoff_executed
line-duel_round-robin_seed1,1,round-robin,line-duel,0,3,GA,3.3528046698476497,1.1904999846592546,-1.04,-1.04,0.0,0.0,0.8604127127874946,0.02728321313387214,14.525332854035106,11.172528184187456,strict_delta_max,1,cross_layer_handoff_executed
line-duel_round-robin_seed1,1,round-robin,line-duel,0,4,PSO,1.9404049006445716,1.4931000769138336,-1.04,-1.04,0.0,0.0,0.0,0.03887761957055909,11.172528184187456,9.232123283542885,strict_delta_max,1,cross_layer_handoff_executed
line-duel_round-robin_seed1,1,round-robin,line-duel,0,5,RL,2.356833638214052,2.3174999514594674,-1.1,-1.1,0.0,0.0,0.0,0.0,9.232123283542885,6.875289645328833,strict_delta_max,2,cross_layer_handoff_executed
line-duel_round-robin_seed1,1,round-robin,line-duel,0,6,GA,1.2301288423582677,1.3016000157222152,-1.04,-1.04,0.0,0.0,0.7466681582587485,0.06933331817003638,6.875289645328833,5.645160802970565,strict_delta_max,1,cross_layer_handoff_executed
line-duel_round-robin_seed1,1,round-robin,line-duel,0,7,PSO,3.5970221928725903,1.4685000060126185,-1.04,-1.04,0.0,0.0,0.0,0.014690883826041203,5.645160802970565,2.048138610097975,strict_delta_max,1,cross_layer_handoff_executed
line-duel_round-robin_seed1,1,round-robin,line-duel,1,0,RL,2.5002169488126262,1.9035999430343509,-1.085,-1.085,0.0,0.0,0.0,0.003999652912019932,22.0,19.499783051187375,strict_delta_max,2,cross_layer_handoff_executed
line-duel_round-robin_seed1,1,round-robin,line-duel,1,1,GA,3.2810987394175073,1.172599964775145,-1.04,-1.04,0.0,0.0,0.7772472685794287,0.029940224248226906,19.499783051187375,16.218684311769866,strict_delta_max,1,cross_layer_handoff_executed
line-duel_round-robin_seed1,1,round-robin,line-duel,1,2,PSO,1.5431638380787298,1.3574999757111073,-1.04,-1.04,0.0,0.0,0.0,0.044503530208175546,16.218684311769866,14.675520473691137,strict_delta_max,1,cross_layer_handoff_executed
line-duel_round-robin_seed1,1,round-robin,line-duel,1,3,RL,1.4985815526474717,1.788900000974536,-1.09,-1.09,0.0,0.0,0.0,1.3746332299104427,14.675520473691137,13.176938921043664,strict_delta_max,2,cross_layer_handoff_executed
line-duel_round-robin_seed1,1,round-robin,line-duel,1,4,GA,2.3690587219765002,1.3985000550746918,-1.1,-1.1,0.0,0.0,0.7772472685794287,0.0337426059274851,13.176938921043664,10.807880199067164,strict_delta_max,1,cross_layer_handoff_executed
line-duel_round-robin_seed1,1,round-robin,line-duel,1,5,PSO,1.1794597403482425,1.312799984589219,-1.04,-1.04,0.0,0.0,0.0,0.035562423372186514,10.807880199067164,9.62842045871892,strict_delta_max,1,cross_layer_handoff_executed
line-duel_round-robin_seed1,1,round-robin,line-duel,1,6,RL,4.0,2.592099946923554,-1.09,-1.09,0.0,0.0,0.0,0.0,9.62842045871892,5.628420458718921,strict_delta_max,2,cross_layer_handoff_executed
line-duel_round-robin_seed1,1,round-robin,line-duel,1,7,GA,2.523233103732615,1.3667999301105738,-1.04,-1.04,0.0,0.0,0.7725442157947201,0.022152318185992094,5.628420458718921,3.105187354986306,strict_delta_max,1,cross_layer_handoff_executed
line-duel_round-robin_seed1,1,round-robin,line-duel,2,0,PSO,2.234397643984236,1.2063999893143773,-1.04,-1.04,0.0,0.0,0.0,0.03947618662227849,22.0,19.765602356015762,strict_delta_max,1,cross_layer_handoff_executed
line-duel_round-robin_seed1,1,round-robin,line-duel,2,1,RL,2.1309407510953635,2.082000020891428,-1.1,-1.1,0.0,0.0,0.0,0.023463815206639902,19.765602356015762,17.6346616049204,strict_delta_max,2,cross_layer_handoff_executed
line-duel_round-robin_seed1,1,round-robin,line-duel,2,2,GA,1.2506701702221128,1.379300025291741,-1.04,-1.04,0.0,0.0,0.7725442157947201,0.0960907719012553,17.6346616049204,16.383991434698288,strict_delta_max,1,cross_layer_handoff_executed
line-duel_round-robin_seed1,1,round-robin,line-duel,2,3,PSO,1.398281571053552,1.380500034429133,-1.04,-1.04,0.0,0.0,0.0,0.05161909319758749,16.383991434698288,14.985709863644736,strict_delta_max,1,cross_layer_handoff_executed
line-duel_round-robin_seed1,1,round-robin,line-duel,2,4,RL,4.0,2.750899991951883,-1.09,-1.09,0.0,0.0,0.0,0.007500000000000007,14.985709863644736,10.985709863644736,strict_delta_max,2,cross_layer_handoff_executed
line-duel_round-robin_seed1,1,round-robin,line-duel,2,5,GA,1.5005308463978229,1.4756000600755215,-1.04,-1.04,0.0,0.0,0.7725442157947201,0.06162370766996604,10.985709863644736,9.485179017246914,strict_delta_max,1,cross_layer_handoff_executed
line-duel_round-robin_seed1,1,round-robin,line-duel,2,6,PSO,1.2857636617995334,1.41629995778203,-1.04,-1.04,0.0,0.0,0.0,0.030033962493367535,9.485179017246914,8.19941535544738,strict_delta_max,1,cross_layer_handoff_executed
line-duel_round-robin_seed1,1,round-robin,line-duel,2,7,RL,2.30510724933007,1.730100018903613,-1.04,-1.04,0.0,0.0,0.0,0.0,8.19941535544738,5.89430810611731,strict_delta_max,2,cross_layer_handoff_executed
line-duel_round-robin_seed1,1,round-robin,line-duel,2,8,GA,1.5873667572058012,1.4503001002594829,-1.085,-1.085,0.0,0.0,0.7725442157947201,0.06405065702522436,5.89430810611731,4.306941348911509,strict_delta_max,1,cross_layer_handoff_executed
line-duel_round-robin_seed1,1,round-robin,line-duel,2,9,PSO,3.055367210331745,1.5472000231966376,-1.04,-1.04,0.0,0.0,0.0,0.022715961939447776,4.306941348911509,1.2515741385797639,strict_delta_max,1,cross_layer_handoff_executed
line-duel_round-robin_seed1,1,round-robin,line-duel,3,0,RL,1.3666576810300868,2.080499893054366,-1.1,-1.1,0.0,0.0,0.0,1.5146441049083963,22.0,20.633342318969913,strict_delta_max,2,cross_layer_handoff_executed
line-duel_round-robin_seed1,1,round-robin,line-duel,3,1,GA,3.7620290637750373,1.2012000661343336,-1.04,-1.04,0.0,0.0,0.7725442157947201,0.021487804284518713,20.633342318969913,16.871313255194874,strict_delta_max,1,cross_layer_handoff_executed
line-duel_round-robin_seed1,1,round-robin,line-duel,3,2,PSO,1.373567984883265,1.327000092715025,-1.04,-1.04,0.0,0.0,0.0,0.0442898465934053,16.871313255194874,15.49774527031161,strict_delta_max,1,cross_layer_handoff_executed
line-duel_round-robin_seed1,1,round-robin,line-duel,3,3,RL,4.0,2.5514999870210886,-1.1,-1.1,0.0,0.0,0.0,0.0,15.49774527031161,11.49774527031161,strict_delta_max,2,cross_layer_handoff_executed
line-duel_round-robin_seed1,1,round-robin,line-duel,3,4,GA,2.415819962862188,1.2854000087827444,-1.04,-1.04,0.0,0.0,0.7725442157947201,0.027879026602420143,11.49774527031161,9.08192530744942,strict_delta_max,1,cross_layer_handoff_executed
line-duel_round-robin_seed1,1,round-robin,line-duel,3,5,PSO,2.4734668851403283,1.6568000428378582,-1.04,-1.04,0.0,0.0,0.0,0.03209500829799143,9.08192530744942,6.608458422309092,strict_delta_max,1,cross_layer_handoff_executed
line-duel_round-robin_seed1,1,round-robin,line-duel,3,6,RL,2.017131785699454,1.817599986679852,-1.04,-1.04,0.0,0.0,0.0,0.0,6.608458422309092,4.591326636609638,strict_delta_max,2,cross_layer_handoff_executed
line-duel_round-robin_seed1,1,round-robin,line-duel,3,7,GA,2.330211046457789,1.4151000650599599,-1.04,-1.04,0.0,0.0,0.7725442157947201,0.035499901790598885,4.591326636609638,2.2611155901518494,strict_delta_max,1,cross_layer_handoff_executed
line-duel_round-robin_seed1,1,round-robin,line-duel,4,0,PSO,1.8771004401651004,1.3676999369636178,-1.04,-1.04,0.0,0.0,0.0,0.031343758256839674,22.0,20.1228995598349,strict_delta_max,1,cross_layer_handoff_executed
line-duel_round-robin_seed1,1,round-robin,line-duel,4,1,RL,4.0,1.7671999521553516,-1.04,-1.04,0.0,0.0,0.0,0.017500000000000016,20.1228995598349,16.1228995598349,strict_delta_max,2,cross_layer_handoff_executed
line-duel_round-robin_seed1,1,round-robin,line-duel,4,2,GA,2.288331030750752,1.119400025345385,-1.04,-1.04,0.0,0.0,0.7725442157947201,0.045690859172537,16.1228995598349,13.834568529084146,strict_delta_max,1,cross_layer_handoff_executed
line-duel_round-robin_seed1,1,round-robin,line-duel,4,3,PSO,2.140470915549341,1.3521999353542924,-1.04,-1.04,0.0,0.0,0.0,0.029680930761068005,13.834568529084146,11.694097613534804,strict_delta_max,1,cross_layer_handoff_executed
line-duel_round-robin_seed1,1,round-robin,line-duel,4,4,RL,2.325973691962552,1.936800079420209,-1.04,-1.04,0.0,0.0,0.0,0.0,11.694097613534804,9.368123921572252,strict_delta_max,2,cross_layer_handoff_executed
line-duel_round-robin_seed1,1,round-robin,line-duel,4,5,GA,3.433424312258796,1.2817999813705683,-1.04,-1.04,0.0,0.0,0.7725442157947201,0.018166715012790716,9.368123921572252,5.934699609313456,strict_delta_max,1,cross_layer_handoff_executed
line-duel_round-robin_seed1,1,round-robin,line-duel,4,6,PSO,2.9296764608691657,1.459200051613152,-1.04,-1.04,0.0,0.0,0.0,0.019720294370238204,5.934699609313456,3.00502314844429,strict_delta_max,1,cross_layer_handoff_executed
line-duel_round-robin_seed1,1,round-robin,line-duel,5,0,RL,4.0,2.330100047402084,-1.04,-1.04,0.0,0.0,0.0,0.5175000000000001,22.0,18.0,strict_delta_max,2,cross_layer_handoff_executed
line-duel_round-robin_seed1,1,round-robin,line-duel,5,1,GA,1.1985196384316321,1.2378999963402748,-1.04,-1.04,0.0,0.0,0.7725442157947201,0.0568191097309965,18.0,16.801480361568366,strict_delta_max,1,cross_layer_handoff_executed
line-duel_round-robin_seed1,1,round-robin,line-duel,5,2,PSO,2.5635497603603983,1.3309000059962273,-1.04,-1.04,0.0,0.0,0.0,0.02821580837196529,16.801480361568366,14.237930601207967,strict_delta_max,1,cross_layer_handoff_executed
line-duel_round-robin_seed1,1,round-robin,line-duel,5,3,RL,1.1135398565734103,1.712900004349649,-1.04,-1.04,0.0,0.0,0.0,0.0,14.237930601207967,13.124390744634557,strict_delta_max,2,cross_layer_handoff_executed
line-duel_round-robin_seed1,1,round-robin,line-duel,5,4,GA,2.655146333605134,1.41479994636029,-1.085,-1.085,0.0,0.0,0.7725442157947201,0.02742214797128256,13.124390744634557,10.469244411029422,strict_delta_max,1,cross_layer_handoff_executed
line-duel_round-robin_seed1,1,round-robin,line-duel,5,5,PSO,3.191513702155528,1.3520000502467155,-1.04,-1.04,0.0,0.0,0.0,0.02029932363881466,10.469244411029422,7.277730708873894,strict_delta_max,1,cross_layer_handoff_executed
line-duel_round-robin_seed1,1,round-robin,line-duel,5,6,RL,2.9096448313440972,1.7370000714436173,-1.04,-1.04,0.0,0.0,0.0,0.0,7.277730708873894,4.368085877529797,strict_delta_max,2,cross_layer_handoff_executed
line-duel_round-robin_seed1,1,round-robin,line-duel,5,7,GA,1.9107671910970105,1.1496000224724412,-1.03,-1.03,0.0,0.005233499950487848,0.7658341937423979,0.06127130177082597,4.368085877529797,2.4573186864327865,strict_delta_max,1,cross_layer_handoff_executed
line-duel_round-robin_seed2,2,round-robin,line-duel,0,0,GA,2.282163808635265,1.8958000000566244,-0.0050000000000000044,-0.0050000000000000044,0.5,0.43818064076566016,0.8841395898889056,0.059171347775251876,22.0,19.717836191364736,strict_delta_max,1,cross_layer_handoff_executed
line-duel_round-robin_seed2,2,round-robin,line-duel,0,1,PSO,1.6878748875696683,1.4844000106677413,-0.039999999999999925,-0.039999999999999925,0.5,0.0,0.0,0.05743481707658332,19.717836191364736,18.02996130379507,strict_delta_max,1,cross_layer_handoff_executed
line-duel_round-robin_seed2,2,round-robin,line-duel,0,2,RL,2.2195134993315166,1.9489999394863844,-1.005,-1.005,0.0,0.0,0.0,0.0,18.02996130379507,15.810447804463553,strict_delta_max,2,cross_layer_handoff_executed
line-duel_round-robin_seed2,2,round-robin,line-duel,0,3,GA,2.5458951316609566,1.1530999327078462,-1.03,-1.03,0.0,0.0,0.8205222274787475,0.035383290517440956,15.810447804463553,13.264552672802598,strict_delta_max,1,cross_layer_handoff_executed
line-duel_round-robin_seed2,2,round-robin,line-duel,0,4,PSO,2.130052285916131,1.3924000086262822,-0.995,-0.995,0.0,0.0,0.0,0.037368985137760595,13.264552672802598,11.134500386886467,strict_delta_max,1,cross_layer_handoff_executed
line-duel_round-robin_seed2,2,round-robin,line-duel,0,5,RL,4.0,2.2670000325888395,-1.0150000000000001,-1.0150000000000001,0.0,0.0,0.0,0.0,11.134500386886467,7.134500386886467,strict_delta_max,2,cross_layer_handoff_executed
line-duel_round-robin_seed2,2,round-robin,line-duel,0,6,GA,2.4150323067393837,1.3407999649643898,-0.025000000000000022,-0.025000000000000022,0.5,0.0,0.7451024140204439,0.04215183245311486,7.134500386886467,4.719468080147083,strict_delta_max,1,cross_layer_handoff_executed
line-duel_round-robin_seed2,2,round-robin,line-duel,0,7,PSO,2.004153722654829,1.5285999979823828,-0.039999999999999925,-0.039999999999999925,0.5,0.0,0.0,0.030642406765961982,4.719468080147083,2.715314357492254,strict_delta_max,1,cross_layer_handoff_executed
line-duel_round-robin_seed2,2,round-robin,line-duel,1,0,RL,2.045475539907869,2.0903999684378505,-1.02,-1.02,0.0,0.0,0.0,0.014666516130205727,22.0,19.95452446009213,strict_delta_max,2,cross_layer_handoff_executed
line-duel_round-robin_seed2,2,round-robin,line-duel,1,1,GA,2.689317696034336,1.3398999581113458,-0.025000000000000022,-0.025000000000000022,0.5,0.0,0.6858479521469404,0.03966767612242961,19.95452446009213,17.265206764057794,strict_delta_max,1,cross_layer_handoff_executed
line-duel_round-robin_seed2,2,round-robin,line-duel,1,2,PSO,2.079777602089377,1.227600034326315,0.025000000000000022,0.025000000000000022,0.5,0.014424619233259151,0.0,0.04232826919880885,17.265206764057794,15.185429161968417,strict_delta_max,1,cross_layer_handoff_executed
line-duel_round-robin_seed2,2,round-robin,line-duel,1,3,RL,2.2742440826800014,1.7352999420836568,-1.0150000000000001,-1.0150000000000001,0.0,0.0,0.0,0.0,15.185429161968417,12.911185079288416,strict_delta_max,2,cross_layer_handoff_executed
line-duel_round-robin_seed2,2,round-robin,line-duel,1,4,GA,1.653990125779971,0.8964999578893185,-1.005,-1.005,0.0,0.0,0.7168907274086378,0.06819754099444528,12.911185079288416,11.257194953508444,strict_delta_max,1,cross_layer_handoff_executed
line-duel_round-robin_seed2,2,round-robin,line-duel,1,5,PSO,1.2126006187469156,1.019099960103631,-1.005,-1.005,0.0,0.0,0.0,0.0792468200295538,11.257194953508444,10.044594334761529,strict_delta_max,1,cross_layer_handoff_executed
line-duel_round-robin_seed2,2,round-robin,line-duel,1,6,RL,3.2237143450462598,1.4920999528840184,-1.0,-1.0,0.0,0.0,0.0,0.01240804727672794,10.044594334761529,6.820879989715269,strict_delta_max,2,cross_layer_handoff_executed
line-duel_round-robin_seed2,2,round-robin,line-duel,1,7,GA,2.951792649727747,1.137700048275292,-0.0050000000000000044,-0.0050000000000000044,0.5,0.0,0.6986228367753551,0.036700909050571884,6.820879989715269,3.8690873399875225,strict_delta_max,1,cross_layer_handoff_executed
line-duel_round-robin_seed2,2,round-robin,line-duel,2,0,PSO,1.9726544890718023,0.9985999204218388,0.025000000000000022,0.025000000000000022,0.5,0.0,0.0,0.026453071635013713,22.0,20.027345510928196,strict_delta_max,1,cross_layer_handoff_executed
line-duel_round-robin_seed2,2,round-robin,line-duel,2,1,RL,4.0,1.8690999131649733,-1.005,-1.005,0.0,0.0,0.0,0.4975,20.027345510928196,16.027345510928196,strict_delta_max,2,cross_layer_handoff_executed
line-duel_round-robin_seed2,2,round-robin,line-duel,2,2,GA,1.7047239118650173,1.2757000513374805,-1.0699999999999998,-1.0699999999999998,0.0,0.0,0.6986228367753551,0.06688230310454468,16.027345510928196,14.32262159906318,strict_delta_max,1,cross_layer_handoff_executed
line-duel_round-robin_seed2,2,round-robin,line-duel,2,3,PSO,1.4175367443951943,1.1974000371992588,-1.0,-1.0,0.0,0.0,0.0,0.04198797662463175,14.32262159906318,12.905084854667985,strict_delta_max,1,cross_layer_handoff_executed
line-duel_round-robin_seed2,2,round-robin,line-duel,2,4,RL,2.1317991423535707,1.4204999897629023,-1.005,-1.005,0.0,0.0,0.0,0.03283611415788354,12.905084854667985,10.773285712314415,strict_delta_max,2,cross_layer_handoff_executed
line-duel_round-robin_seed2,2,round-robin,line-duel,2,5,GA,2.9993591848062944,1.328500104136765,-0.039999999999999925,-0.039999999999999925,0.5,0.0,0.6865541737938474,0.03433576182646738,10.773285712314415,7.77392652750812,strict_delta_max,1,cross_layer_handoff_executed
line-duel_round-robin_seed2,2,round-robin,line-duel,2,6,PSO,3.1265044469543124,1.228200038895011,0.025000000000000022,0.025000000000000022,0.5,0.0,0.0,0.02534377616124307,7.77392652750812,4.647422080553808,strict_delta_max,1,cross_layer_handoff_executed
line-duel_round-robin_seed2,2,round-robin,line-duel,2,7,RL,2.5106882039155964,1.6351999947801232,-1.005,-1.005,0.0,0.0,0.0,0.0,4.647422080553808,2.1367338766382113,strict_delta_max,2,cross_layer_handoff_executed
line-duel_round-robin_seed2,2,round-robin,line-duel,3,0,GA,2.278068313357978,0.9979000315070152,-1.005,-1.005,0.0,0.0,0.6865541737938474,0.03313891413554785,22.0,19.721931686642023,strict_delta_max,1,cross_layer_handoff_executed
line-duel_round-robin_seed2,2,round-robin,line-duel,3,1,PSO,2.677749376044401,1.165500027127564,0.025000000000000022,0.025000000000000022,0.5,0.0,0.0,0.04347852359487389,19.721931686642023,17.044182310597623,strict_delta_max,1,cross_layer_handoff_executed
line-duel_round-robin_seed2,2,round-robin,line-duel,3,2,RL,1.4720122036609424,2.0769000984728336,-1.005,-1.005,0.0,0.0,0.0,0.0,17.044182310597623,15.572170106936682,strict_delta_max,2,cross_layer_handoff_executed
line-duel_round-robin_seed2,2,round-robin,line-duel,3,3,GA,1.5013716867526667,1.3948000269010663,-1.0350000000000001,-1.0350000000000001,0.0,0.0,0.6865541737938474,0.09298804867358942,15.572170106936682,14.070798420184015,strict_delta_max,1,cross_layer_handoff_executed
line-duel_round-robin_seed2,2,round-robin,line-duel,3,4,PSO,1.4307910429688628,1.206299988552928,0.025000000000000022,0.025000000000000022,0.5,0.0,0.0,0.09528095430894507,14.070798420184015,12.640007377215152,strict_delta_max,1,cross_layer_handoff_executed
line-duel_round-robin_seed2,2,round-robin,line-duel,3,5,RL,2.9762476836110316,1.5659999335184693,-1.005,-1.005,0.0,0.0,0.0,0.020159612498111323,12.640007377215152,9.66375969360412,strict_delta_max,2,cross_layer_handoff_executed
line-duel_round-robin_seed2,2,round-robin,line-duel,3,6,GA,2.463984622808558,1.312199980020523,-0.039999999999999925,-0.039999999999999925,0.5,0.0,0.692658370450033,0.03224008605510531,9.66375969360412,7.199775070795562,strict_delta_max,1,cross_layer_handoff_executed
line-duel_round-robin_seed2,2,round-robin,line-duel,3,7,PSO,1.3467604633095096,1.1229000519961119,0.025000000000000022,0.025000000000000022,0.5,0.0,0.0,0.09436792002165693,7.199775070795562,5.8530146074860525,strict_delta_max,1,cross_layer_handoff_executed
line-duel_round-robin_seed2,2,round-robin,line-duel,3,8,RL,1.5765044508927364,1.7471000319346786,-1.005,-1.005,0.0,0.0,0.0,0.038058883986038544,5.8530146074860525,4.276510156593316,strict_delta_max,2,cross_layer_handoff_executed
line-duel_round-robin_seed2,2,round-robin,line-duel,3,9,GA,2.935977182784148,0.992199988104403,0.025000000000000022,0.025000000000000022,0.5,0.0,0.5829731609330029,0.031816515606654695,4.276510156593316,1.340532973809168,strict_delta_max,1,cross_layer_handoff_executed
line-duel_round-robin_seed2,2,round-robin,line-duel,4,0,PSO,1.1101383335022357,1.0597000364214182,0.025000000000000022,0.025000000000000022,0.5,0.0,0.0,0.09139296612104834,22.0,20.889861666497765,strict_delta_max,1,cross_layer_handoff_executed
line-duel_round-robin_seed2,2,round-robin,line-duel,4,1,RL,2.5937969268144236,1.4801999786868691,-1.005,-1.005,0.0,0.0,0.0,0.0,20.889861666497765,18.29606473968334,strict_delta_max,2,cross_layer_handoff_executed
line-duel_round-robin_seed2,2,round-robin,line-duel,4,2,GA,3.694327291023837,0.9644998935982585,-1.0350000000000001,-1.0350000000000001,0.0,0.0,0.5829731609330029,0.02284371969500888,18.29606473968334,14.601737448659504,strict_delta_max,1,cross_layer_handoff_executed
line-duel_round-robin_seed2,2,round-robin,line-duel,4,3,PSO,2.9544285258396186,1.243000035174191,0.025000000000000022,0.025000000000000022,0.5,0.0,0.0,0.03503031212568177,14.601737448659504,11.647308922819885,strict_delta_max,1,cross_layer_handoff_executed
line-duel_round-robin_seed2,2,round-robin,line-duel,4,4,RL,1.371160559687179,1.6117000486701727,-1.005,-1.005,0.0,0.0,0.0,0.0,11.647308922819885,10.276148363132705,strict_delta_max,2,cross_layer_handoff_executed
line-duel_round-robin_seed2,2,round-robin,line-duel,4,5,GA,3.298412578235587,1.0192000772804022,0.025000000000000022,0.025000000000000022,0.5,0.0,0.5854315863749808,0.03187605104913013,10.276148363132705,6.977735784897119,strict_delta_max,1,cross_layer_handoff_executed
line-duel_round-robin_seed2,2,round-robin,line-duel,4,6,PSO,2.069658628546931,1.3313000090420246,0.025000000000000022,0.025000000000000022,0.5,0.0,0.0,0.06030401920474089,6.977735784897119,4.908077156350188,strict_delta_max,1,cross_layer_handoff_executed
line-duel_round-robin_seed2,2,round-robin,line-duel,4,7,RL,3.7105839696207106,1.9481000490486622,-1.005,-1.005,0.0,0.0,0.0,0.0,4.908077156350188,1.1974931867294778,strict_delta_max,2,cross_layer_handoff_executed
line-duel_round-robin_seed2,2,round-robin,line-duel,5,0,GA,2.586259972489908,1.119700027629733,-1.03,-1.03,0.0,0.0,0.5854315863749808,0.03736771512432363,22.0,19.41374002751009,strict_delta_max,1,cross_layer_handoff_executed
line-duel_round-robin_seed2,2,round-robin,line-duel,5,1,PSO,2.2486484515343967,1.0321999434381723,-1.005,-1.005,0.0,0.0,0.0,0.03896865518045023,19.41374002751009,17.165091575975694,strict_delta_max,1,cross_layer_handoff_executed
line-duel_round-robin_seed2,2,round-robin,line-duel,5,2,RL,1.9407447727941056,1.7367000691592693,-1.005,-1.005,0.0,0.0,0.0,0.030915966303811077,17.165091575975694,15.22434680318159,strict_delta_max,2,cross_layer_handoff_executed
line-duel_round-robin_seed2,2,round-robin,line-duel,5,3,GA,3.0075501703379928,1.192399999126792,-0.025000000000000022,-0.025000000000000022,0.5,0.0,0.5224427422567688,0.03534354281057951,15.22434680318159,12.216796632843597,strict_delta_max,1,cross_layer_handoff_executed
line-duel_round-robin_seed2,2,round-robin,line-duel,5,4,PSO,1.138152930681977,1.0751000372692943,0.025000000000000022,0.025000000000000022,0.5,0.0,0.0,0.11347271687054185,12.216796632843597,11.078643702161619,strict_delta_max,1,cross_layer_handoff_executed
line-duel_round-robin_seed2,2,round-robin,line-duel,5,5,RL,3.935530919482546,1.2508000945672393,-1.005,-1.005,0.0,0.0,0.0,0.5158135056062296,11.078643702161619,7.143112782679073,strict_delta_max,2,cross_layer_handoff_executed
line-duel_round-robin_seed2,2,round-robin,line-duel,5,6,GA,1.7632304463513475,0.8626000490039587,-1.005,-1.005,0.0,0.0,0.5224427422567688,0.05166886013824802,7.143112782679073,5.379882336327725,strict_delta_max,1,cross_layer_handoff_executed
line-duel_round-robin_seed2,2,round-robin,line-duel,5,7,PSO,2.881380434483164,1.0347000788897276,-1.005,-1.005,0.0,0.0,0.0,0.044740653118205284,5.379882336327725,2.498501901844561,strict_delta_max,1,cross_layer_handoff_executed
line-duel_greedy-improvement_seed0,0,greedy-improvement,line-duel,0,0,GA,1.6893344512949398,1.7224999610334635,-1.0350000000000001,-1.0350000000000001,0.0,0.0,0.8116122098641232,0.0646168400523651,22.0,20.31066554870506,strict_delta_max,1,cross_layer_handoff_executed
line-duel_greedy-improvement_seed0,0,greedy-improvement,line-duel,0,1,GA,2.5056547673116434,1.5187000390142202,-1.0350000000000001,-1.0350000000000001,0.0,0.0,0.8311453459131665,0.048610042225809315,20.31066554870506,17.805010781393417,strict_delta_max,1,cross_layer_handoff_executed
line-duel_greedy-improvement_seed0,0,greedy-improvement,line-duel,0,2,GA,3.2133130574313404,1.4709000242874026,-1.0350000000000001,-1.0350000000000001,0.0,0.0,0.7829156664470321,0.031784489138668576,17.805010781393417,14.591697723962076,strict_delta_max,1,cross_layer_handoff_executed
line-duel_greedy-improvement_seed0,0,greedy-improvement,line-duel,0,3,GA,3.1578918407829324,1.3943000230938196,-1.0350000000000001,-1.0350000000000001,0.0,0.0,0.7561446778792801,0.03252146195437233,14.591697723962076,11.433805883179144,strict_delta_max,1,cross_layer_handoff_executed
line-duel_greedy-improvement_seed0,0,greedy-improvement,line-duel,0,4,GA,2.937698729694839,1.5853000804781914,-1.0350000000000001,-1.0350000000000001,0.0,0.0,0.6989703687729832,0.038251989956807654,11.433805883179144,8.496107153484305,strict_delta_max,1,cross_layer_handoff_executed
line-duel_greedy-improvement_seed0,0,greedy-improvement,line-duel,0,5,GA,1.6346523690022985,1.4121999265626073,-1.02,-1.02,0.0,0.009176262968471575,0.6828797477966819,0.055282636525476096,8.496107153484305,6.861454784482007,strict_delta_max,1,cross_layer_handoff_executed
line-duel_greedy-improvement_seed0,0,greedy-improvement,line-duel,0,6,GA,3.5495492749357096,1.142399967648089,0.015000000000000013,0.015000000000000013,0.5,0.29158631697506054,0.6948509863091249,0.02783827176302636,6.861454784482007,3.311905509546297,strict_delta_max,1,cross_layer_handoff_executed
line-duel_greedy-improvement_seed0,0,greedy-improvement,line-duel,1,0,GA,2.6237057221461146,1.2659999774768949,-1.0350000000000001,-1.0350000000000001,0.0,0.0,0.6684738604233517,0.03842066196569583,22.0,19.376294277853887,strict_delta_max,1,cross_layer_handoff_executed
line-duel_greedy-improvement_seed0,0,greedy-improvement,line-duel,1,1,GA,2.944785666803855,1.580999931320548,-1.0350000000000001,-1.0350000000000001,0.0,0.0,0.629872737374901,0.025245448390572398,19.376294277853887,16.43150861105003,strict_delta_max,1,cross_layer_handoff_executed
line-duel_greedy-improvement_seed0,0,greedy-improvement,line-duel,1,2,GA,3.719590782306286,1.1541999410837889,-1.04,-1.04,0.0,0.0,0.6111318557515489,0.02934947749294064,16.43150861105003,12.711917828743745,strict_delta_max,1,cross_layer_handoff_executed
line-duel_greedy-improvement_seed0,0,greedy-improvement,line-duel,1,3,GA,1.0556594859765283,1.1949000181630254,-1.04,-1.04,0.0,0.0,0.6111318557515489,0.09094043402403203,12.711917828743745,11.656258342767217,strict_delta_max,1,cross_layer_handoff_executed
line-duel_greedy-improvement_seed0,0,greedy-improvement,line-duel,1,4,GA,1.9044975975937155,1.39699992723763,-1.0350000000000001,-1.0350000000000001,0.0,0.0,0.6078617440956903,0.05399554787781659,11.656258342767217,9.7517607451735,strict_delta_max,1,cross_layer_handoff_executed
line-duel_greedy-improvement_seed0,0,greedy-improvement,line-duel,1,5,GA,2.8839562712709403,1.2130000395700336,-1.04,-1.04,0.0,0.0,0.6078617440956903,0.019695626830235773,9.7517607451735,6.86780447390256,strict_delta_max,1,cross_layer_handoff_executed
line-duel_greedy-improvement_seed0,0,greedy-improvement,line-duel,1,6,GA,2.3422281044168525,1.7319999169558287,-1.0350000000000001,-1.0350000000000001,0.0,0.0,0.6078617440956903,0.041272284195477425,6.86780447390256,4.525576369485708,strict_delta_max,1,cross_layer_handoff_executed
line-duel_greedy-improvement_seed0,0,greedy-improvement,line-duel,1,7,GA,1.422297174935895,1.2317999498918653,0.015000000000000013,0.015000000000000013,0.5,0.0,0.6284792604807337,0.06965279853456886,4.525576369485708,3.103279194549813,strict_delta_max,1,cross_layer_handoff_executed
line-duel_greedy-improvement_seed0,0,greedy-improvement,line-duel,2,0,GA,1.9919546239943542,1.3620000099763274,-1.0350000000000001,-1.0350000000000001,0.0,0.0,0.6284792604807337,0.03499774158770174,22.0,20.008045376005647,strict_delta_max,1,cross_layer_handoff_executed
line-duel_greedy-improvement_seed0,0,greedy-improvement,line-duel,2,1,GA,1.5887227229157082,1.251300098374486,0.015000000000000013,0.015000000000000013,0.5,0.0,0.6487426136929986,0.05673500467921454,20.008045376005647,18.41932265308994,strict_delta_max,1,cross_layer_handoff_executed
line-duel_greedy-improvement_seed0,0,greedy-improvement,line-duel,2,2,GA,2.262717038275114,1.2086000060662627,0.015000000000000013,0.015000000000000013,0.5,0.0,0.6528146563471748,0.04474702443389324,18.41932265308994,16.156605614814826,strict_delta_max,1,cross_layer_handoff_executed
line-duel_greedy-improvement_seed0,0,greedy-improvement,line-duel,2,3,GA,2.4656462958721406,1.1512000346556306,0.015000000000000013,0.015000000000000013,0.5,0.0,0.6581485889270445,0.040588325077624596,16.156605614814826,13.690959318942685,strict_delta_max,1,cross_layer_handoff_executed
line-duel_greedy-improvement_seed0,0,greedy-improvement,line-duel,2,4,GA,3.617056485066973,1.0776000563055277,0.015000000000000013,0.015000000000000013,0.5,0.0,0.585947675557486,0.025055160081651994,13.690959318942685,10.073902833875712,strict_delta_max,1,cross_layer_handoff_executed
line-duel_greedy-improvement_seed0,0,greedy-improvement,line-duel,2,5,GA,3.6195050629733014,1.200699945911765,0.015000000000000013,0.015000000000000013,0.5,0.0,0.5804624807012194,0.0317491396663662,10.073902833875712,6.4543977709024105,strict_delta_max,1,cross_layer_handoff_executed
line-duel_greedy-improvement_seed0,0,greedy-improvement,line-duel,2,6,GA,2.3562853015965253,1.3409999664872885,0.015000000000000013,0.015000000000000013,0.5,0.0,0.5287794361718773,0.048083416177672804,6.4543977709024105,4.098112469305885,strict_delta_max,1,cross_layer_handoff_executed
line-duel_greedy-improvement_seed0,0,greedy-improvement,line-duel,2,7,GA,1.3184984232654127,1.232899958267808,0.015000000000000013,0.015000000000000013,0.5,0.0,0.5229060167285209,0.07555851910190726,4.098112469305885,2.7796140460404724,strict_delta_max,1,cross_layer_handoff_executed
line-duel_greedy-improvement_seed0,0,greedy-improvement,line-duel,3,0,GA,3.1956330491270086,1.0233999928459525,0.015000000000000013,0.015000000000000013,0.5,0.0,0.46888634094355536,0.02755227621952123,22.0,18.804366950872993,strict_delta_max,1,cross_layer_handoff_executed
line-duel_greedy-improvement_seed0,0,greedy-improvement,line-duel,3,1,GA,3.5966551743499915,1.2208000989630818,0.015000000000000013,0.015000000000000013,0.5,0.0,0.46888634094355536,0.02245583105116616,18.804366950872993,15.207711776523002,strict_delta_max,1,cross_layer_handoff_executed
line-duel_greedy-improvement_seed0,0,greedy-improvement,line-duel,3,2,GA,3.5426599027345005,1.1876999633386731,0.015000000000000013,0.015000000000000013,0.5,0.0,0.46888634094355536,0.024666815596730483,15.207711776523002,11.665051873788501,strict_delta_max,1,cross_layer_handoff_executed
line-duel_greedy-improvement_seed0,0,greedy-improvement,line-duel,3,3,GA,3.494543522843922,1.218399964272976,0.015000000000000013,0.015000000000000013,0.5,0.0,0.46888634094355536,0.02090554337673835,11.665051873788501,8.17050835094458,strict_delta_max,1,cross_layer_handoff_executed
line-duel_greedy-improvement_seed0,0,greedy-improvement,line-duel,3,4,GA,3.007771186781455,1.1631000088527799,0.015000000000000013,0.015000000000000013,0.5,0.0,0.46888634094355536,0.027421656986500686,8.17050835094458,5.162737164163125,strict_delta_max,1,cross_layer_handoff_executed
line-duel_greedy-improvement_seed0,0,greedy-improvement,line-duel,3,5,GA,1.79730069436155,1.1798000195994973,0.015000000000000013,0.015000000000000013,0.5,0.0,0.46888634094355536,0.04166330858284027,5.162737164163125,3.365436469801575,strict_delta_max,1,cross_layer_handoff_executed
line-duel_greedy-improvement_seed0,0,greedy-improvement,line-duel,4,0,GA,3.3131135544809656,1.1230999371036887,0.015000000000000013,0.015000000000000013,0.5,0.0,0.46888634094355536,0.029861516498371078,22.0,18.686886445519036,strict_delta_max,1,cross_layer_handoff_executed
line-duel_greedy-improvement_seed0,0,greedy-improvement,line-duel,4,1,GA,3.946364865848617,1.4339000917971134,0.015000000000000013,0.015000000000000013,0.5,0.0,0.46888634094355536,0.020269761756056912,18.686886445519036,14.74052157967042,strict_delta_max,1,cross_layer_handoff_executed
line-duel_greedy-improvement_seed0,0,greedy-improvement,line-duel,4,2,GA,1.7755865413627387,1.20749999769032,0.015000000000000013,0.015000000000000013,0.5,0.0,0.46888634094355536,0.05435572775945704,14.74052157967042,12.964935038307681,strict_delta_max,1,cross_layer_handoff_executed
line-duel_greedy-improvement_seed0,0,greedy-improvement,line-duel,4,3,GA,3.6499806262153633,1.2102000182494521,0.015000000000000013,0.015000000000000013,0.5,0.0,0.46888634094355536,0.014083909073375095,12.964935038307681,9.314954412092318,strict_delta_max,1,cross_layer_handoff_executed
line-duel_greedy-improvement_seed0,0,greedy-improvement,line-duel,4,4,GA,3.3476142783244343,1.1840000515803695,0.015000000000000013,0.015000000000000013,0.5,0.0,0.46888634094355536,0.024868537550872028,9.314954412092318,5.967340133767884,strict_delta_max,1,cross_layer_handoff_executed
line-duel_greedy-improvement_seed0,0,greedy-improvement,line-duel,4,5,GA,1.1546368468332595,1.1745999800041318,0.0,0.0,0.5,0.0,0.46888634094355536,0.06317297293566843,5.967340133767884,4.8127032869346245,strict_delta_max,1,cross_layer_handoff_executed
line-duel_greedy-improvement_seed0,0,greedy-improvement,line-duel,4,6,GA,2.1905412747400526,1.2066999915987253,-1.04,-1.04,0.0,0.0,0.46888634094355536,0.03795218457032581,4.8127032869346245,2.622162012194572,strict_delta_max,1,cross_layer_handoff_executed
line-duel_greedy-improvement_seed0,0,greedy-improvement,line-duel,5,0,GA,3.4987018011053794,1.0899999178946018,0.015000000000000013,0.015000000000000013,0.5,0.0,0.46888634094355536,0.016707940214708967,22.0,18.50129819889462,strict_delta_max,1,cross_layer_handoff_executed
line-duel_greedy-improvement_seed0,0,greedy-improvement,line-duel,5,1,GA,1.4429606143778075,1.2282999232411385,0.015000000000000013,0.015000000000000013,0.5,0.0,0.46888634094355536,0.049185926067488873,18.50129819889462,17.058337584516813,strict_delta_max,1,cross_layer_handoff_executed
line-duel_greedy-improvement_seed0,0,greedy-improvement,line-duel,5,2,GA,2.4340872470413952,1.3307000044733286,0.0,0.0,0.5,0.0,0.46888634094355536,0.02841886491524682,17.058337584516813,14.624250337475418,strict_delta_max,1,cross_layer_handoff_executed
line-duel_greedy-improvement_seed0,0,greedy-improvement,line-duel,5,3,GA,2.206377793583529,1.2340000830590725,0.015000000000000013,0.015000000000000013,0.5,0.0,0.46888634094355536,0.022953678495140094,14.624250337475418,12.417872543891889,strict_delta_max,1,cross_layer_handoff_executed
line-duel_greedy-improvement_seed0,0,greedy-improvement,line-duel,5,4,GA,1.8135256795824188,1.181500032544136,0.015000000000000013,0.015000000000000013,0.5,0.0,0.46888634094355536,0.044641449806895085,12.417872543891889,10.60434686430947,strict_delta_max,1,cross_layer_handoff_executed
line-duel_greedy-improvement_seed0,0,greedy-improvement,line-duel,5,5,GA,1.7231401431947888,1.3513999292626977,0.015000000000000013,0.015000000000000013,0.5,0.0,0.46888634094355536,0.03804912646298885,10.60434686430947,8.881206721114681,strict_delta_max,1,cross_layer_handoff_executed
line-duel_greedy-improvement_seed0,0,greedy-improvement,line-duel,5,6,GA,1.994959764033267,1.1624000035226345,0.015000000000000013,0.015000000000000013,0.5,0.0,0.46888634094355536,0.03969711738913368,8.881206721114681,6.886246957081415,strict_delta_max,1,cross_layer_handoff_executed
line-duel_greedy-improvement_seed0,0,greedy-improvement,line-duel,5,7,GA,3.082664504163634,1.1634000111371279,0.015000000000000013,0.015000000000000013,0.5,0.0,0.46888634094355536,0.023142607752203188,6.886246957081415,3.803582452917781,strict_delta_max,1,cross_layer_handoff_executed
line-duel_greedy-improvement_seed1,1,greedy-improvement,line-duel,0,0,GA,2.9420915853436957,1.7206999473273754,-1.04,-1.04,0.0,0.0,0.9222503083015591,0.04079385976487518,22.0,19.057908414656303,strict_delta_max,1,cross_layer_handoff_executed
line-duel_greedy-improvement_seed1,1,greedy-improvement,line-duel,0,1,GA,3.3607143190151323,1.5076999552547932,-1.04,-1.04,0.0,0.0,0.8797117752526203,0.024814093669612465,19.057908414656303,15.697194095641171,strict_delta_max,1,cross_layer_handoff_executed
line-duel_greedy-improvement_seed1,1,greedy-improvement,line-duel,0,2,GA,1.8588173421450245,1.4303999487310648,-1.04,-1.04,0.0,0.0,0.8535850363623821,0.0467106620636739,15.697194095641171,13.838376753496146,strict_delta_max,1,cross_layer_handoff_executed
line-duel_greedy-improvement_seed1,1,greedy-improvement,line-duel,0,3,GA,3.8270937485719205,1.5426999889314175,-1.07,-1.07,0.0,0.0,0.8604573902389677,0.030864695128723835,13.838376753496146,10.011283004924225,strict_delta_max,1,cross_layer_handoff_executed
line-duel_greedy-improvement_seed1,1,greedy-improvement,line-duel,0,4,GA,2.2352911094680827,1.5608000103384256,-1.04,-1.04,0.0,0.0,0.8212819453590211,0.04351751902763511,10.011283004924225,7.7759918954561424,strict_delta_max,1,cross_layer_handoff_executed
line-duel_greedy-improvement_seed1,1,greedy-improvement,line-duel,0,5,GA,1.6440610059960552,1.5425999881699681,-1.0550000000000002,-1.0550000000000002,0.0,0.0,0.7797741007340931,0.0550106157436788,7.7759918954561424,6.1319308894600875,strict_delta_max,1,cross_layer_handoff_executed
line-duel_greedy-improvement_seed1,1,greedy-improvement,line-duel,0,6,GA,3.6013386276995325,1.4891000464558601,-1.04,-1.04,0.0,0.0,0.7947423919546869,0.023202563388732753,6.1319308894600875,2.530592261760555,strict_delta_max,1,cross_layer_handoff_executed
line-duel_greedy-improvement_seed1,1,greedy-improvement,line-duel,1,0,GA,3.359252499970606,1.5295000048354268,-1.0550000000000002,-1.0550000000000002,0.0,0.0,0.7947423919546869,0.03234314119114962,22.0,18.640747500029395,strict_delta_max,1,cross_layer_handoff_executed
line-duel_greedy-improvement_seed1,1,greedy-improvement,line-duel,1,1,GA,3.880593776600343,1.6029000980779529,-1.04,-1.04,0.0,0.0,0.7947423919546869,0.030370586676992665,18.640747500029395,14.760153723429053,strict_delta_max,1,cross_layer_handoff_executed
line-duel_greedy-improvement_seed1,1,greedy-improvement,line-duel,1,2,GA,3.9163815312324846,1.7788000404834747,-1.1,-1.1,0.0,0.0,0.7947423919546869,0.021196025898293627,14.760153723429053,10.843772192196568,strict_delta_max,1,cross_layer_handoff_executed
line-duel_greedy-improvement_seed1,1,greedy-improvement,line-duel,1,3,GA,2.309200993567363,1.5202000504359603,-1.04,-1.04,0.0,0.0,0.7947423919546869,0.03171269090573321,10.843772192196568,8.534571198629205,strict_delta_max,1,cross_layer_handoff_executed
line-duel_greedy-improvement_seed1,1,greedy-improvement,line-duel,1,4,GA,2.8759720728384104,1.4921999536454678,-1.04,-1.04,0.0,0.0,0.7947423919546869,0.027701700819170182,8.534571198629205,5.658599125790795,strict_delta_max,1,cross_layer_handoff_executed
line-duel_greedy-improvement_seed1,1,greedy-improvement,line-duel,1,5,GA,2.0155533696076047,1.5545999631285667,-1.07,-1.07,0.0,0.0,0.7947423919546869,0.04207179710368125,5.658599125790795,3.6430457561831906,strict_delta_max,1,cross_layer_handoff_executed
line-duel_greedy-improvement_seed1,1,greedy-improvement,line-duel,2,0,GA,3.950715051081146,1.372799975797534,-1.04,-1.04,0.0,0.0,0.7947423919546869,0.0262265439624122,22.0,18.049284948918853,strict_delta_max,1,cross_layer_handoff_executed
line-duel_greedy-improvement_seed1,1,greedy-improvement,line-duel,2,1,GA,3.357074073939343,1.5712999738752842,-1.04,-1.04,0.0,0.0,0.7947423919546869,0.025669234105829154,18.049284948918853,14.69221087497951,strict_delta_max,1,cross_layer_handoff_executed
line-duel_greedy-improvement_seed1,1,greedy-improvement,line-duel,2,2,GA,2.5825734701822594,1.522500067949295,-1.04,-1.04,0.0,0.0,0.7947423919546869,0.04135276805130617,14.69221087497951,12.109637404797251,strict_delta_max,1,cross_layer_handoff_executed
line-duel_greedy-improvement_seed1,1,greedy-improvement,line-duel,2,3,GA,3.709297983720855,1.4900000533089042,-1.04,-1.04,0.0,0.0,0.7947423919546869,0.01809071996715426,12.109637404797251,8.400339421076396,strict_delta_max,1,cross_layer_handoff_executed
line-duel_greedy-improvement_seed1,1,greedy-improvement,line-duel,2,4,GA,3.197161736800089,1.3984000543132424,-1.04,-1.04,0.0,0.0,0.7947423919546869,0.03547040198996498,8.400339421076396,5.203177684276307,strict_delta_max,1,cross_layer_handoff_executed
line-duel_greedy-improvement_seed1,1,greedy-improvement,line-duel,2,5,GA,3.613821226837455,1.6693000216037035,-1.085,-1.085,0.0,0.0,0.7947423919546869,0.02299902816169593,5.203177684276307,1.5893564574388517,strict_delta_max,1,cross_layer_handoff_executed
line-duel_greedy-improvement_seed1,1,greedy-improvement,line-duel,3,0,GA,2.215234227705039,1.5422999858856201,-1.04,-1.04,0.0,0.0,0.7947423919546869,0.03155469200562989,22.0,19.78476577229496,strict_delta_max,1,cross_layer_handoff_executed
line-duel_greedy-improvement_seed1,1,greedy-improvement,line-duel,3,1,GA,3.6837615572861377,1.729500014334917,-1.085,-1.085,0.0,0.0,0.7947423919546869,0.026035118983522135,19.78476577229496,16.10100421500882,strict_delta_max,1,cross_layer_handoff_executed
line-duel_greedy-improvement_seed1,1,greedy-improvement,line-duel,3,2,GA,1.2147407382861002,1.6357999993488193,-1.04,-1.04,0.0,0.0,0.7947423919546869,0.06356882460850613,16.10100421500882,14.886263476722721,strict_delta_max,1,cross_layer_handoff_executed
line-duel_greedy-improvement_seed1,1,greedy-improvement,line-duel,3,3,GA,2.6604781389742813,1.5821000561118126,-1.04,-1.04,0.0,0.0,0.7947423919546869,0.046345279738291126,14.886263476722721,12.225785337748441,strict_delta_max,1,cross_layer_handoff_executed
line-duel_greedy-improvement_seed1,1,greedy-improvement,line-duel,3,4,GA,3.6150834715109212,1.5957000432536006,-1.04,-1.04,0.0,0.0,0.7947423919546869,0.020391319413831283,12.225785337748441,8.61070186623752,strict_delta_max,1,cross_layer_handoff_executed
line-duel_greedy-improvement_seed1,1,greedy-improvement,line-duel,3,5,GA,1.564786151400059,1.6629999736323953,-1.04,-1.04,0.0,0.0,0.7947423919546869,0.04029975432634618,8.61070186623752,7.045915714837461,strict_delta_max,1,cross_layer_handoff_executed
line-duel_greedy-improvement_seed1,1,greedy-improvement,line-duel,3,6,GA,2.866365385803378,1.7190000507980585,-1.04,-1.04,0.0,0.0,0.7947423919546869,0.020408516729743278,7.045915714837461,4.1795503290340825,strict_delta_max,1,cross_layer_handoff_executed
line-duel_greedy-improvement_seed1,1,greedy-improvement,line-duel,3,7,GA,3.6942125629593603,1.6487000975757837,-1.04,-1.04,0.0,0.0,0.7947423919546869,0.022273783336206124,4.1795503290340825,0.48533776607472223,strict_delta_max,1,cross_layer_handoff_executed
line-duel_greedy-improvement_seed1,1,greedy-improvement,line-duel,4,0,GA,1.0734018156637932,1.29210005979985,-1.025,-1.025,0.0,0.013974263673780078,0.7863103456639433,0.06427115370765903,22.0,20.926598184336207,strict_delta_max,1,cross_layer_handoff_executed
line-duel_greedy-improvement_seed1,1,greedy-improvement,line-duel,4,1,GA,2.4386258163807715,1.4948999742045999,-1.04,-1.04,0.0,0.0,0.7863103456639433,0.034283919980031365,20.926598184336207,18.487972367955436,strict_delta_max,1,cross_layer_handoff_executed
line-duel_greedy-improvement_seed1,1,greedy-improvement,line-duel,4,2,GA,3.879420775025518,1.4257999137043953,-1.04,-1.04,0.0,0.0,0.7863103456639433,0.017582857032176775,18.487972367955436,14.608551592929917,strict_delta_max,1,cross_layer_handoff_executed
line-duel_greedy-improvement_seed1,1,greedy-improvement,line-duel,4,3,GA,2.8884930439931678,1.4762000646442175,-1.04,-1.04,0.0,0.0,0.7863103456639433,0.021221160608354737,14.608551592929917,11.720058548936748,strict_delta_max,1,cross_layer_handoff_executed
line-duel_greedy-improvement_seed1,1,greedy-improvement,line-duel,4,4,GA,2.2689602486189586,1.3538999482989311,-1.0150000000000001,-1.0150000000000001,0.0,0.004407305066753134,0.794443307638502,0.029080016066352292,11.720058548936748,9.45109830031779,strict_delta_max,1,cross_layer_handoff_executed
line-duel_greedy-improvement_seed1,1,greedy-improvement,line-duel,4,5,GA,1.9357498624644423,1.4181999722495675,-1.04,-1.04,0.0,0.0,0.794443307638502,0.03354114996212704,9.45109830031779,7.515348437853348,strict_delta_max,1,cross_layer_handoff_executed
line-duel_greedy-improvement_seed1,1,greedy-improvement,line-duel,4,6,GA,1.3717950392780822,1.6063000075519085,-1.04,-1.04,0.0,0.0,0.794443307638502,0.060787041274949855,7.515348437853348,6.143553398575266,strict_delta_max,1,cross_layer_handoff_executed
line-duel_greedy-improvement_seed1,1,greedy-improvement,line-duel,4,7,GA,2.114521538147774,1.6881999326869845,-1.04,-1.04,0.0,0.0,0.794443307638502,0.04477351723738687,6.143553398575266,4.029031860427492,strict_delta_max,1,cross_layer_handoff_executed
line-duel_greedy-improvement_seed1,1,greedy-improvement,line-duel,4,8,GA,3.433424312258796,1.5620000194758177,-1.04,-1.04,0.0,0.0,0.794443307638502,0.014384710226831906,4.029031860427492,0.5956075481686955,strict_delta_max,1,cross_layer_handoff_executed
line-duel_greedy-improvement_seed1,1,greedy-improvement,line-duel,5,0,GA,1.2170356501205126,1.4367999974638224,-1.04,-1.04,0.0,0.0,0.794443307638502,0.042191058314034385,22.0,20.78296434987949,strict_delta_max,1,cross_layer_handoff_executed
line-duel_greedy-improvement_seed1,1,greedy-improvement,line-duel,5,1,GA,2.882422081323646,1.6969999996945262,-1.1,-1.1,0.0,0.0,0.794443307638502,0.018361177933747738,20.78296434987949,17.900542268555842,strict_delta_max,1,cross_layer_handoff_executed
line-duel_greedy-improvement_seed1,1,greedy-improvement,line-duel,5,2,GA,1.487846059359614,1.4041999820619822,-1.04,-1.04,0.0,0.0,0.794443307638502,0.053809313234376106,17.900542268555842,16.412696209196227,strict_delta_max,1,cross_layer_handoff_executed
line-duel_greedy-improvement_seed1,1,greedy-improvement,line-duel,5,3,GA,1.978107096130266,1.4956999802961946,-1.04,-1.04,0.0,0.0,0.794443307638502,0.03486461192026573,16.412696209196227,14.434589113065961,strict_delta_max,1,cross_layer_handoff_executed
line-duel_greedy-improvement_seed1,1,greedy-improvement,line-duel,5,4,GA,1.5974069264642425,1.837100018747151,-1.0750000000000002,-1.0750000000000002,0.0,0.0,0.794443307638502,0.06246367784428253,14.434589113065961,12.83718218660172,strict_delta_max,1,cross_layer_handoff_executed
line-duel_greedy-improvement_seed1,1,greedy-improvement,line-duel,5,5,GA,3.0042837805976434,1.5648000407963991,-1.045,-1.045,0.0,0.0,0.794443307638502,0.021728167758777145,12.83718218660172,9.832898406004077,strict_delta_max,1,cross_layer_handoff_executed
line-duel_greedy-improvement_seed1,1,greedy-improvement,line-duel,5,6,GA,2.64513166485827,2.082600025460124,-1.04,-1.04,0.0,0.0,0.794443307638502,0.03545351852932067,9.832898406004077,7.187766741145807,strict_delta_max,1,cross_layer_handoff_executed
line-duel_greedy-improvement_seed1,1,greedy-improvement,line-duel,5,7,GA,1.9107671910970105,2.2505000233650208,-1.03,-1.03,0.0,0.0,0.8039066354672313,0.05251543835787136,7.187766741145807,5.276999550048796,strict_delta_max,1,cross_layer_handoff_executed
line-duel_greedy-improvement_seed1,1,greedy-improvement,line-duel,5,8,GA,2.236520075858849,1.7449000151827931,-1.04,-1.04,0.0,0.0,0.8039066354672313,0.030479871943043982,5.276999550048796,3.040479474189947,strict_delta_max,1,cross_layer_handoff_executed
line-duel_greedy-improvement_seed2,2,greedy-improvement,line-duel,0,0,GA,2.282163808635265,2.080999896861613,-0.0050000000000000044,-0.0050000000000000044,0.5,0.43818064076566016,0.8841395898889056,0.059171347775251876,22.0,19.717836191364736,strict_delta_max,1,cross_layer_handoff_executed
line-duel_greedy-improvement_seed2,2,greedy-improvement,line-duel,0,1,GA,2.3457061389960696,1.8337999936193228,-0.039999999999999925,-0.039999999999999925,0.5,0.0,0.8550986097773818,0.04185667719227862,19.717836191364736,17.372130052368668,strict_delta_max,1,cross_layer_handoff_executed
line-duel_greedy-improvement_seed2,2,greedy-improvement,line-duel,0,2,GA,1.0097943010049981,1.2747999280691147,-1.005,-1.005,0.0,0.0,0.843153020769063,0.108499091426562,17.372130052368668,16.36233575136367,strict_delta_max,1,cross_layer_handoff_executed
line-duel_greedy-improvement_seed2,2,greedy-improvement,line-duel,0,3,GA,2.3741746921163296,1.2581999180838466,-1.005,-1.005,0.0,0.0,0.8272933751285919,0.046259753751451846,16.36233575136367,13.98816105924734,strict_delta_max,1,cross_layer_handoff_executed
line-duel_greedy-improvement_seed2,2,greedy-improvement,line-duel,0,4,GA,3.6699719444740504,1.8962000031024218,-0.039999999999999925,-0.039999999999999925,0.5,0.0,0.7632706403381906,0.027238797707611808,13.98816105924734,10.31818911477329,strict_delta_max,1,cross_layer_handoff_executed
line-duel_greedy-improvement_seed2,2,greedy-improvement,line-duel,0,5,GA,3.131754768012165,1.5141000039875507,-1.0699999999999998,-1.0699999999999998,0.0,0.0,0.7632706403381906,0.026819493238345687,10.31818911477329,7.186434346761125,strict_delta_max,1,cross_layer_handoff_executed
line-duel_greedy-improvement_seed2,2,greedy-improvement,line-duel,0,6,GA,2.6212060637442876,1.4040999813005328,-0.0050000000000000044,-0.0050000000000000044,0.5,0.0,0.7131486876000706,0.04358920381757448,7.186434346761125,4.565228283016838,strict_delta_max,1,cross_layer_handoff_executed
line-duel_greedy-improvement_seed2,2,greedy-improvement,line-duel,0,7,GA,1.629106602101527,1.5799999237060547,-0.025000000000000022,-0.025000000000000022,0.5,0.0,0.7154568587181707,0.09098800687969989,4.565228283016838,2.936121680915311,strict_delta_max,1,cross_layer_handoff_executed
line-duel_greedy-improvement_seed2,2,greedy-improvement,line-duel,1,0,GA,3.5917721889106433,1.4118000399321318,-0.0050000000000000044,-0.0050000000000000044,0.5,0.0,0.6997638420786222,0.03138481747048119,22.0,18.408227811089358,strict_delta_max,1,cross_layer_handoff_executed
line-duel_greedy-improvement_seed2,2,greedy-improvement,line-duel,1,1,GA,1.8155566597074992,1.6287000617012382,-1.025,-1.025,0.0,0.0,0.6997638420786222,0.06240222532756143,18.408227811089358,16.592671151381857,strict_delta_max,1,cross_layer_handoff_executed
line-duel_greedy-improvement_seed2,2,greedy-improvement,line-duel,1,2,GA,2.8738047095599057,1.8638999899849296,-0.0050000000000000044,-0.0050000000000000044,0.5,0.0,0.6130026042811695,0.036537458772236193,16.592671151381857,13.718866441821952,strict_delta_max,1,cross_layer_handoff_executed
line-duel_greedy-improvement_seed2,2,greedy-improvement,line-duel,1,3,GA,3.890952203227826,1.5405999729409814,-0.0050000000000000044,-0.0050000000000000044,0.5,0.0,0.597615862582006,0.030123962955007796,13.718866441821952,9.827914238594126,strict_delta_max,1,cross_layer_handoff_executed
line-duel_greedy-improvement_seed2,2,greedy-improvement,line-duel,1,4,GA,1.9090093023260253,1.6067000105977058,-0.0050000000000000044,-0.0050000000000000044,0.5,0.0,0.5219966874276593,0.06273874691011609,9.827914238594126,7.918904936268101,strict_delta_max,1,cross_layer_handoff_executed
line-duel_greedy-improvement_seed2,2,greedy-improvement,line-duel,1,5,GA,2.0919206249131546,1.554999966174364,-0.025000000000000022,-0.025000000000000022,0.5,0.0,0.45184107539693913,0.05173727592039331,7.918904936268101,5.826984311354947,strict_delta_max,1,cross_layer_handoff_executed
line-duel_greedy-improvement_seed2,2,greedy-improvement,line-duel,1,6,GA,2.4785371143929305,1.6442000633105636,-0.039999999999999925,-0.039999999999999925,0.5,0.0,0.45184107539693913,0.03746041168498666,5.826984311354947,3.348447196962016,strict_delta_max,1,cross_layer_handoff_executed
line-duel_greedy-improvement_seed2,2,greedy-improvement,line-duel,2,0,GA,2.857246273792712,1.307800062932074,-0.025000000000000022,-0.025000000000000022,0.5,0.0,0.43072124848159543,0.031110328116791985,22.0,19.14275372620729,strict_delta_max,1,cross_layer_handoff_executed
line-duel_greedy-improvement_seed2,2,greedy-improvement,line-duel,2,1,GA,1.8157146720504387,1.5873999800533056,-0.025000000000000022,-0.025000000000000022,0.5,0.0,0.411808597065815,0.04208616613650808,19.14275372620729,17.32703905415685,strict_delta_max,1,cross_layer_handoff_executed
line-duel_greedy-improvement_seed2,2,greedy-improvement,line-duel,2,2,GA,3.287860306283523,1.3939000200480223,-0.0050000000000000044,-0.0050000000000000044,0.5,0.0,0.4154190737092517,0.027142128137705855,17.32703905415685,14.039178747873326,strict_delta_max,1,cross_layer_handoff_executed
line-duel_greedy-improvement_seed2,2,greedy-improvement,line-duel,2,3,GA,2.160982271170146,1.4330000849440694,-0.0050000000000000044,-0.0050000000000000044,0.5,0.0,0.4339470072584767,0.05660541430590291,14.039178747873326,11.87819647670318,strict_delta_max,1,cross_layer_handoff_executed
line-duel_greedy-improvement_seed2,2,greedy-improvement,line-duel,2,4,GA,3.5482159429541262,1.3881000922992826,-0.0050000000000000044,-0.0050000000000000044,0.5,0.0,0.4169513110045364,0.031006341518334552,11.87819647670318,8.329980533749053,strict_delta_max,1,cross_layer_handoff_executed
line-duel_greedy-improvement_seed2,2,greedy-improvement,line-duel,2,5,GA,1.0343585544606988,1.403900096192956,-1.025,-1.025,0.0,0.0,0.4169513110045364,0.10701697397558094,8.329980533749053,7.295621979288354,strict_delta_max,1,cross_layer_handoff_executed
line-duel_greedy-improvement_seed2,2,greedy-improvement,line-duel,2,6,GA,1.22695902144976,1.6199999954551458,-0.025000000000000022,-0.025000000000000022,0.5,0.0,0.4169513110045364,0.08717143953561432,7.295621979288354,6.068662957838594,strict_delta_max,1,cross_layer_handoff_executed
line-duel_greedy-improvement_seed2,2,greedy-improvement,line-duel,2,7,GA,2.784390448438287,1.4106000307947397,-0.0050000000000000044,-0.0050000000000000044,0.5,0.0,0.43078802384298653,0.03386452282887225,6.068662957838594,3.284272509400307,strict_delta_max,1,cross_layer_handoff_executed
line-duel_greedy-improvement_seed2,2,greedy-improvement,line-duel,3,0,GA,1.0415783996307042,1.433200086466968,-0.0050000000000000044,-0.0050000000000000044,0.5,0.0,0.43078802384298653,0.09895684773390077,22.0,20.958421600369295,strict_delta_max,1,cross_layer_handoff_executed
line-duel_greedy-improvement_seed2,2,greedy-improvement,line-duel,3,1,GA,1.4400444620905253,1.8829000182449818,-0.025000000000000022,-0.025000000000000022,0.5,0.0,0.43078802384298653,0.07812146595934616,20.958421600369295,19.51837713827877,strict_delta_max,1,cross_layer_handoff_executed
line-duel_greedy-improvement_seed2,2,greedy-improvement,line-duel,3,2,GA,2.8917912114656987,1.3380000600591302,-1.03,-1.03,0.0,0.0,0.43078802384298653,0.027717678860880512,19.51837713827877,16.62658592681307,strict_delta_max,1,cross_layer_handoff_executed
line-duel_greedy-improvement_seed2,2,greedy-improvement,line-duel,3,3,GA,3.0795722679005326,1.520700054243207,-0.025000000000000022,-0.025000000000000022,0.5,0.0,0.43078802384298653,0.017085301264498053,16.62658592681307,13.547013658912539,strict_delta_max,1,cross_layer_handoff_executed
line-duel_greedy-improvement_seed2,2,greedy-improvement,line-duel,3,4,GA,3.421472115284686,1.2919999426230788,-0.0050000000000000044,-0.0050000000000000044,0.5,0.0,0.43078802384298653,0.02561298384912828,13.547013658912539,10.125541543627852,strict_delta_max,1,cross_layer_handoff_executed
line-duel_greedy-improvement_seed2,2,greedy-improvement,line-duel,3,5,GA,1.960064947371068,1.5353000489994884,-0.0050000000000000044,-0.0050000000000000044,0.5,0.0,0.43078802384298653,0.052410241179897864,10.125541543627852,8.165476596256784,strict_delta_max,1,cross_layer_handoff_executed
line-duel_greedy-improvement_seed2,2,greedy-improvement,line-duel,3,6,GA,2.527122647139648,1.6106999246403575,-0.0050000000000000044,-0.0050000000000000044,0.5,0.0,0.43078802384298653,0.031077000005866214,8.165476596256784,5.638353949117136,strict_delta_max,1,cross_layer_handoff_executed
line-duel_greedy-improvement_seed2,2,greedy-improvement,line-duel,3,7,GA,2.3133281697665424,1.6439000610262156,-0.0050000000000000044,-0.0050000000000000044,0.5,0.0,0.43078802384298653,0.029015695456887612,5.638353949117136,3.325025779350594,strict_delta_max,1,cross_layer_handoff_executed
line-duel_greedy-improvement_seed2,2,greedy-improvement,line-duel,4,0,GA,3.058286705164339,1.2211999855935574,-1.03,-1.03,0.0,0.0,0.43078802384298653,0.02091583411560469,22.0,18.94171329483566,strict_delta_max,1,cross_layer_handoff_executed
line-duel_greedy-improvement_seed2,2,greedy-improvement,line-duel,4,1,GA,1.7902350748319058,1.5448000049218535,-0.025000000000000022,-0.025000000000000022,0.5,0.0,0.43078802384298653,0.04211526047823772,18.94171329483566,17.151478220003757,strict_delta_max,1,cross_layer_handoff_executed
line-duel_greedy-improvement_seed2,2,greedy-improvement,line-duel,4,2,GA,1.1555369680229948,1.6437000595033169,-0.0050000000000000044,-0.0050000000000000044,0.5,0.0,0.43078802384298653,0.06238430851907733,17.151478220003757,15.995941251980762,strict_delta_max,1,cross_layer_handoff_executed
line-duel_greedy-improvement_seed2,2,greedy-improvement,line-duel,4,3,GA,2.386338058194454,1.6814999980852008,-1.03,-1.03,0.0,0.0,0.43078802384298653,0.022039101151970535,15.995941251980762,13.609603193786308,strict_delta_max,1,cross_layer_handoff_executed
line-duel_greedy-improvement_seed2,2,greedy-improvement,line-duel,4,4,GA,2.721951550366123,1.5570999821648002,-0.0050000000000000044,-0.0050000000000000044,0.5,0.0,0.43078802384298653,0.03041491348098144,13.609603193786308,10.887651643420185,strict_delta_max,1,cross_layer_handoff_executed
line-duel_greedy-improvement_seed2,2,greedy-improvement,line-duel,4,5,GA,1.6757074517088808,1.5115999849513173,-1.025,-1.025,0.0,0.0,0.43078802384298653,0.04745392979278371,10.887651643420185,9.211944191711304,strict_delta_max,1,cross_layer_handoff_executed
line-duel_greedy-improvement_seed2,2,greedy-improvement,line-duel,4,6,GA,3.3022410589846434,1.4655999839305878,-0.0050000000000000044,-0.0050000000000000044,0.5,0.0,0.43078802384298653,0.02209921875679319,9.211944191711304,5.90970313272666,strict_delta_max,1,cross_layer_handoff_executed
line-duel_greedy-improvement_seed2,2,greedy-improvement,line-duel,4,7,GA,3.497661668737015,1.496099983341992,-0.0050000000000000044,-0.0050000000000000044,0.5,0.0,0.43078802384298653,0.017817726797654827,5.90970313272666,2.4120414639896453,strict_delta_max,1,cross_layer_handoff_executed
line-duel_greedy-improvement_seed2,2,greedy-improvement,line-duel,5,0,GA,2.681797641145649,1.4161999570205808,-0.025000000000000022,-0.025000000000000022,0.5,0.0,0.43078802384298653,0.03163640461168499,22.0,19.31820235885435,strict_delta_max,1,cross_layer_handoff_executed
line-duel_greedy-improvement_seed2,2,greedy-improvement,line-duel,5,1,GA,2.2356695157369737,1.7739000031724572,-0.025000000000000022,-0.025000000000000022,0.5,0.0,0.43078802384298653,0.019929841151537633,19.31820235885435,17.082532843117377,strict_delta_max,1,cross_layer_handoff_executed
line-duel_greedy-improvement_seed2,2,greedy-improvement,line-duel,5,2,GA,2.162944082353137,1.3735999818891287,-0.0050000000000000044,-0.0050000000000000044,0.5,0.0,0.43078802384298653,0.030008316958181805,17.082532843117377,14.91958876076424,strict_delta_max,1,cross_layer_handoff_executed
line-duel_greedy-improvement_seed2,2,greedy-improvement,line-duel,5,3,GA,1.4878687279934035,1.6032999847084284,-0.039999999999999925,-0.039999999999999925,0.5,0.0,0.43078802384298653,0.03425653018882695,14.91958876076424,13.431720032770837,strict_delta_max,1,cross_layer_handoff_executed
line-duel_greedy-improvement_seed2,2,greedy-improvement,line-duel,5,4,GA,3.5821826538944377,1.3181999092921615,-1.0350000000000001,-1.0350000000000001,0.0,0.0,0.43078802384298653,0.018377027056450605,13.431720032770837,9.849537378876398,strict_delta_max,1,cross_layer_handoff_executed
line-duel_greedy-improvement_seed2,2,greedy-improvement,line-duel,5,5,GA,3.7617744658227728,1.4312000712379813,-0.025000000000000022,-0.025000000000000022,0.5,0.0,0.43078802384298653,0.020927145595758596,9.849537378876398,6.087762913053625,strict_delta_max,1,cross_layer_handoff_executed
line-duel_greedy-improvement_seed2,2,greedy-improvement,line-duel,5,6,GA,3.9642979177881172,1.3566999696195126,-0.0050000000000000044,-0.0050000000000000044,0.5,0.0,0.43078802384298653,0.01726208081987895,6.087762913053625,2.123464995265508,strict_delta_max,1,cross_layer_handoff_executed
grid-treasure_DLGPR-full_seed0,0,DLGPR-full,grid-treasure,0,0,GA,3.2127778257737645,1.8705000402405858,0.025000000000000022,0.025000000000000022,0.5,0.0,0.8931030542994856,0.05487385891284679,22.0,18.787222174226237,strict_delta_max,1,cross_layer_handoff_executed
grid-treasure_DLGPR-full_seed0,0,DLGPR-full,grid-treasure,0,1,PSO,1.240539447270699,1.4133999356999993,0.010000000000000009,0.010000000000000009,0.5,0.0,0.0,0.1382138938747343,18.787222174226237,17.546682726955538,strict_delta_max,1,cross_layer_handoff_executed
grid-treasure_DLGPR-full_seed0,0,DLGPR-full,grid-treasure,0,2,RL,3.0155307486080147,2.9483999824151397,-1.135,-1.135,0.0,0.0,0.0,0.0,17.546682726955538,14.531151978347523,strict_delta_max,2,cross_layer_handoff_executed
grid-treasure_DLGPR-full_seed0,0,DLGPR-full,grid-treasure,0,3,GA,2.659460384195745,1.4474999625235796,0.025000000000000022,0.025000000000000022,0.5,0.0,0.8754084243546231,0.0546770053002769,14.531151978347523,11.871691594151779,strict_delta_max,1,cross_layer_handoff_executed
grid-treasure_DLGPR-full_seed0,0,DLGPR-full,grid-treasure,0,4,GA,2.724682374746422,1.7587000038474798,0.025000000000000022,0.025000000000000022,0.5,0.0,0.866566219619511,0.05479972206317567,11.871691594151779,9.147009219405357,strict_delta_max,1,cross_layer_handoff_executed
grid-treasure_DLGPR-full_seed0,0,DLGPR-full,grid-treasure,0,5,GA,2.2287436819278796,1.5858999686315656,0.025000000000000022,0.025000000000000022,0.5,0.0,0.8157392074345331,0.061604890988247216,9.147009219405357,6.9182655374774775,strict_delta_max,1,cross_layer_handoff_executed
grid-treasure_DLGPR-full_seed0,0,DLGPR-full,grid-treasure,0,6,GA,2.9812950247505547,1.888000057078898,0.025000000000000022,0.025000000000000022,0.5,0.0,0.7563806949435334,0.04425692675023617,6.9182655374774775,3.9369705127269228,strict_delta_max,1,cross_layer_handoff_executed
grid-treasure_DLGPR-full_seed0,0,DLGPR-full,grid-treasure,1,0,GA,3.400313148130356,1.6580999363213778,0.025000000000000022,0.025000000000000022,0.5,0.0,0.7563806949435334,0.03481501856770301,22.0,18.599686851869645,strict_delta_max,1,cross_layer_handoff_executed
grid-treasure_DLGPR-full_seed0,0,DLGPR-full,grid-treasure,1,1,PSO,2.5534528749402825,1.6595999477431178,0.025000000000000022,0.025000000000000022,0.5,0.0,0.0,0.05463927623716998,18.599686851869645,16.04623397692936,strict_delta_max,1,cross_layer_handoff_executed
grid-treasure_DLGPR-full_seed0,0,DLGPR-full,grid-treasure,1,2,RL,4.0,1.7691999673843384,0.030000000000000027,0.030000000000000027,0.5,0.0012500000000000011,0.0,0.007500000000000007,16.04623397692936,12.046233976929361,strict_delta_max,2,cross_layer_handoff_executed
grid-treasure_DLGPR-full_seed0,0,DLGPR-full,grid-treasure,1,3,RL,2.616572064422621,1.765900058671832,0.030000000000000027,0.030000000000000027,0.5,0.0,0.0,0.0,12.046233976929361,9.42966191250674,strict_delta_max,2,cross_layer_handoff_executed
grid-treasure_DLGPR-full_seed0,0,DLGPR-full,grid-treasure,1,4,PSO,2.803723645012504,1.985599985346198,-1.125,-1.125,0.0,0.0,0.0,0.05378734613732033,9.42966191250674,6.625938267494236,strict_delta_max,1,cross_layer_handoff_executed
grid-treasure_DLGPR-full_seed0,0,DLGPR-full,grid-treasure,1,5,RL,3.3909309545799973,1.9292000215500593,0.030000000000000027,0.030000000000000027,0.5,0.0,0.0,0.023592341180508913,6.625938267494236,3.235007312914239,strict_delta_max,2,cross_layer_handoff_executed
grid-treasure_DLGPR-full_seed0,0,DLGPR-full,grid-treasure,2,0,GA,3.2356090873026813,1.4127000467851758,0.025000000000000022,0.025000000000000022,0.5,0.0,0.6883677241081532,0.04921076024318794,22.0,18.76439091269732,strict_delta_max,1,cross_layer_handoff_executed
grid-treasure_DLGPR-full_seed0,0,DLGPR-full,grid-treasure,2,1,PSO,1.1077613847665566,1.658499939367175,0.025000000000000022,0.025000000000000022,0.5,0.0,0.0,0.12444661659821621,18.76439091269732,17.65662952793076,strict_delta_max,1,cross_layer_handoff_executed
grid-treasure_DLGPR-full_seed0,0,DLGPR-full,grid-treasure,2,2,RL,3.7888260209520803,2.74379993788898,0.025000000000000022,0.025000000000000022,0.5,0.0,0.0,0.5489827161494537,17.65662952793076,13.867803506978682,strict_delta_max,2,cross_layer_handoff_executed
grid-treasure_DLGPR-full_seed0,0,DLGPR-full,grid-treasure,2,3,RL,4.0,1.9771000370383263,0.025000000000000022,0.025000000000000022,0.5,0.0,0.0,0.0,13.867803506978682,9.867803506978682,strict_delta_max,2,cross_layer_handoff_executed
grid-treasure_DLGPR-full_seed0,0,DLGPR-full,grid-treasure,2,4,RL,4.0,2.062999992631376,0.025000000000000022,0.025000000000000022,0.5,0.0,0.0,0.5125,9.867803506978682,5.867803506978682,strict_delta_max,2,cross_layer_handoff_executed
grid-treasure_DLGPR-full_seed0,0,DLGPR-full,grid-treasure,2,5,RL,1.1537044598722737,2.5384000036865473,0.025000000000000022,0.025000000000000022,0.5,0.0,0.0,0.0,5.867803506978682,4.714099047106408,strict_delta_max,2,cross_layer_handoff_executed
grid-treasure_DLGPR-full_seed0,0,DLGPR-full,grid-treasure,2,6,RL,3.6243062488371307,3.1629999866709113,0.025000000000000022,0.025000000000000022,0.5,0.0,0.0,0.5932169779222808,4.714099047106408,1.089792798269277,strict_delta_max,2,cross_layer_handoff_executed
grid-treasure_DLGPR-full_seed0,0,DLGPR-full,grid-treasure,3,0,GA,1.585667320616285,1.4386000111699104,0.025000000000000022,0.025000000000000022,0.5,0.0,0.6883677241081532,0.08897766448171293,22.0,20.414332679383715,strict_delta_max,1,cross_layer_handoff_executed
grid-treasure_DLGPR-full_seed0,0,DLGPR-full,grid-treasure,3,1,PSO,3.2027996347359706,1.6342999879270792,0.025000000000000022,0.025000000000000022,0.5,0.0,0.0,0.04913497868348044,20.414332679383715,17.211533044647744,strict_delta_max,1,cross_layer_handoff_executed
grid-treasure_DLGPR-full_seed0,0,DLGPR-full,grid-treasure,3,2,RL,1.8366637897759128,2.1394999930635095,0.025000000000000022,0.025000000000000022,0.5,0.0,0.0,0.0,17.211533044647744,15.374869254871832,strict_delta_max,2,cross_layer_handoff_executed
grid-treasure_DLGPR-full_seed0,0,DLGPR-full,grid-treasure,3,3,GA,2.564044214598356,1.5783000271767378,0.025000000000000022,0.025000000000000022,0.5,0.0,0.6883677241081532,0.052498722950069486,15.374869254871832,12.810825040273476,strict_delta_max,1,cross_layer_handoff_executed
grid-treasure_DLGPR-full_seed0,0,DLGPR-full,grid-treasure,3,4,GA,2.785446345762754,1.747200032696128,0.025000000000000022,0.025000000000000022,0.5,0.0,0.6883677241081532,0.04621048732333701,12.810825040273476,10.025378694510723,strict_delta_max,1,cross_layer_handoff_executed
grid-treasure_DLGPR-full_seed0,0,DLGPR-full,grid-treasure,3,5,GA,2.1705750281859073,1.5977000584825873,0.025000000000000022,0.025000000000000022,0.5,0.0,0.6883677241081532,0.04397825262156566,10.025378694510723,7.854803666324815,strict_delta_max,1,cross_layer_handoff_executed
grid-treasure_DLGPR-full_seed0,0,DLGPR-full,grid-treasure,3,6,GA,1.92023600826867,1.7197999404743314,0.025000000000000022,0.025000000000000022,0.5,0.0,0.6883677241081532,0.05447889343781239,7.854803666324815,5.934567658056145,strict_delta_max,1,cross_layer_handoff_executed
grid-treasure_DLGPR-full_seed0,0,DLGPR-full,grid-treasure,3,7,GA,2.6843950717050973,1.7943000420928001,0.025000000000000022,0.025000000000000022,0.5,0.0,0.6883677241081532,0.04954120526046638,5.934567658056145,3.2501725863510478,strict_delta_max,1,cross_layer_handoff_executed
grid-treasure_DLGPR-full_seed0,0,DLGPR-full,grid-treasure,4,0,GA,3.9014798211333974,1.5663999365642667,0.025000000000000022,0.025000000000000022,0.5,0.0,0.6883677241081532,0.029625300545961124,22.0,18.098520178866604,strict_delta_max,1,cross_layer_handoff_executed
grid-treasure_DLGPR-full_seed0,0,DLGPR-full,grid-treasure,4,1,PSO,1.0,1.4481000835075974,-0.015000000000000013,-0.015000000000000013,0.5,0.0,0.0,0.12980700080088692,18.098520178866604,17.098520178866604,strict_delta_max,1,cross_layer_handoff_executed
grid-treasure_DLGPR-full_seed0,0,DLGPR-full,grid-treasure,4,2,RL,4.0,2.374999923631549,0.025000000000000022,0.025000000000000022,0.5,0.0,0.0,0.0,17.098520178866604,13.098520178866604,strict_delta_max,2,cross_layer_handoff_executed
grid-treasure_DLGPR-full_seed0,0,DLGPR-full,grid-treasure,4,3,GA,1.691674482590044,1.4161999570205808,0.025000000000000022,0.025000000000000022,0.5,0.0,0.6883677241081532,0.051600670641571186,13.098520178866604,11.40684569627656,strict_delta_max,1,cross_layer_handoff_executed
grid-treasure_DLGPR-full_seed0,0,DLGPR-full,grid-treasure,4,4,GA,1.669689480747334,1.7044000560417771,0.025000000000000022,0.025000000000000022,0.5,0.0,0.6883677241081532,0.0790773704793205,11.40684569627656,9.737156215529227,strict_delta_max,1,cross_layer_handoff_executed
grid-treasure_DLGPR-full_seed0,0,DLGPR-full,grid-treasure,4,5,GA,3.3237785592310294,1.7523999558761716,0.025000000000000022,0.025000000000000022,0.5,0.0,0.6883677241081532,0.03972141829346024,9.737156215529227,6.413377656298198,strict_delta_max,1,cross_layer_handoff_executed
grid-treasure_DLGPR-full_seed0,0,DLGPR-full,grid-treasure,4,6,GA,1.7308295649765748,1.734500052407384,0.025000000000000022,0.025000000000000022,0.5,0.0,0.6883677241081532,0.05830361442238041,6.413377656298198,4.682548091321623,strict_delta_max,1,cross_layer_handoff_executed
grid-treasure_DLGPR-full_seed0,0,DLGPR-full,grid-treasure,4,7,GA,1.3097306044064896,1.7192999366670847,0.025000000000000022,0.025000000000000022,0.5,0.0,0.6883677241081532,0.0779152200520272,4.682548091321623,3.3728174869151335,strict_delta_max,1,cross_layer_handoff_executed
grid-treasure_DLGPR-full_seed0,0,DLGPR-full,grid-treasure,5,0,GA,2.996251206404045,1.4891000464558601,0.025000000000000022,0.025000000000000022,0.5,0.0,0.6883677241081532,0.04909927893431556,22.0,19.003748793595953,strict_delta_max,1,cross_layer_handoff_executed
grid-treasure_DLGPR-full_seed0,0,DLGPR-full,grid-treasure,5,1,PSO,2.7324888000903846,1.8474999815225601,0.025000000000000022,0.025000000000000022,0.5,0.0,0.0,0.039568767599346036,19.003748793595953,16.27125999350557,strict_delta_max,1,cross_layer_handoff_executed
grid-treasure_DLGPR-full_seed0,0,DLGPR-full,grid-treasure,5,2,RL,3.975104418063625,2.5965000968426466,0.025000000000000022,0.025000000000000022,0.5,0.0,0.0,0.0,16.27125999350557,12.296155575441945,strict_delta_max,2,cross_layer_handoff_executed
grid-treasure_DLGPR-full_seed0,0,DLGPR-full,grid-treasure,5,3,GA,1.7386697795904578,1.4036999782547355,0.025000000000000022,0.025000000000000022,0.5,0.0,0.6883677241081532,0.051915912761180995,12.296155575441945,10.557485795851488,strict_delta_max,1,cross_layer_handoff_executed
grid-treasure_DLGPR-full_seed0,0,DLGPR-full,grid-treasure,5,4,GA,1.8123878874087374,1.679799985140562,0.025000000000000022,0.025000000000000022,0.5,0.0,0.6883677241081532,0.09231354446727488,10.557485795851488,8.74509790844275,strict_delta_max,1,cross_layer_handoff_executed
grid-treasure_DLGPR-full_seed0,0,DLGPR-full,grid-treasure,5,5,GA,1.6453275938413752,1.335600041784346,0.030000000000000027,0.030000000000000027,0.5,0.0,0.6785304554051436,0.05386694651566517,8.74509790844275,7.099770314601375,strict_delta_max,1,cross_layer_handoff_executed
grid-treasure_DLGPR-full_seed0,0,DLGPR-full,grid-treasure,5,6,GA,3.317972889477268,1.8438000697642565,0.025000000000000022,0.025000000000000022,0.5,0.0,0.6785304554051436,0.03434587292303026,7.099770314601375,3.7817974251241067,strict_delta_max,1,cross_layer_handoff_executed
grid-treasure_DLGPR-full_seed1,1,DLGPR-full,grid-treasure,0,0,GA,1.824988789829238,2.62529996689409,-1.05,-1.05,0.0,0.0,0.8643655984494946,0.08235453439285725,22.0,20.175011210170762,strict_delta_max,1,cross_layer_handoff_executed
grid-treasure_DLGPR-full_seed1,1,DLGPR-full,grid-treasure,0,1,PSO,2.1742379665759692,1.9203999545425177,0.010000000000000009,0.010000000000000009,0.5,0.0,0.0,0.07738612075064231,20.175011210170762,18.000773243594793,strict_delta_max,1,cross_layer_handoff_executed
grid-treasure_DLGPR-full_seed1,1,DLGPR-full,grid-treasure,0,2,RL,4.0,3.237099968828261,-1.0550000000000002,-1.0550000000000002,0.0,0.0,0.0,0.0,18.000773243594793,14.000773243594793,strict_delta_max,2,cross_layer_handoff_executed
grid-treasure_DLGPR-full_seed1,1,DLGPR-full,grid-treasure,0,3,GA,3.460774059507657,1.4563000295311213,0.0,0.0,0.5,0.0,0.7931361172545822,0.03752583778844092,14.000773243594793,10.539999184087137,strict_delta_max,1,cross_layer_handoff_executed
grid-treasure_DLGPR-full_seed1,1,DLGPR-full,grid-treasure,0,4,GA,2.855612249299627,1.87290005851537,-1.03,-1.03,0.0,0.0,0.7957040923505982,0.06043677339554088,10.539999184087137,7.68438693478751,strict_delta_max,1,cross_layer_handoff_executed
grid-treasure_DLGPR-full_seed1,1,DLGPR-full,grid-treasure,0,5,GA,2.4986373851692676,2.370400005020201,-1.1,-1.1,0.0,0.0,0.7797323295051072,0.05145925194405685,7.68438693478751,5.185749549618242,strict_delta_max,1,cross_layer_handoff_executed
grid-treasure_DLGPR-full_seed1,1,DLGPR-full,grid-treasure,0,6,GA,2.7020960693144445,2.4924000026658177,-1.05,-1.05,0.0,0.0,0.746450933979001,0.05276125798999862,5.185749549618242,2.4836534803037975,strict_delta_max,1,cross_layer_handoff_executed
grid-treasure_DLGPR-full_seed1,1,DLGPR-full,grid-treasure,1,0,GA,1.899850427498707,1.602899981662631,0.0,0.0,0.5,0.0,0.7312762052400384,0.08155545991155197,22.0,20.100149572501294,strict_delta_max,1,cross_layer_handoff_executed
grid-treasure_DLGPR-full_seed1,1,DLGPR-full,grid-treasure,1,1,PSO,1.3324396144582624,2.074600080959499,-1.05,-1.05,0.0,0.0,0.0,0.07894816660971057,20.100149572501294,18.76770995804303,strict_delta_max,1,cross_layer_handoff_executed
grid-treasure_DLGPR-full_seed1,1,DLGPR-full,grid-treasure,1,2,RL,2.386719861768548,2.6720999740064144,-1.05,-1.05,0.0,0.0,0.0,0.05446805973436301,18.76770995804303,16.380990096274484,strict_delta_max,2,cross_layer_handoff_executed
grid-treasure_DLGPR-full_seed1,1,DLGPR-full,grid-treasure,1,3,RL,3.9677019040879045,2.505300100892782,-1.05,-1.05,0.0,0.0,0.0,0.025203506316079483,16.380990096274484,12.41328819218658,strict_delta_max,2,cross_layer_handoff_executed
grid-treasure_DLGPR-full_seed1,1,DLGPR-full,grid-treasure,1,4,PSO,2.25911942735528,1.9480000482872128,-1.07,-1.07,0.0,0.0,0.0,0.0531791180674925,12.41328819218658,10.154168764831299,strict_delta_max,1,cross_layer_handoff_executed
grid-treasure_DLGPR-full_seed1,1,DLGPR-full,grid-treasure,1,5,RL,4.0,3.924500080756843,-1.05,-1.05,0.0,0.0,0.0,0.0,10.154168764831299,6.154168764831299,strict_delta_max,2,cross_layer_handoff_executed
grid-treasure_DLGPR-full_seed1,1,DLGPR-full,grid-treasure,1,6,PSO,2.873814791481274,1.6885000513866544,0.010000000000000009,0.010000000000000009,0.5,0.0,0.0,0.03142266106741734,6.154168764831299,3.280353973350025,strict_delta_max,1,cross_layer_handoff_executed
grid-treasure_DLGPR-full_seed1,1,DLGPR-full,grid-treasure,2,0,GA,1.7035899133469012,1.6064000083133578,0.0,0.0,0.5,0.0,0.6999225373925785,0.09670747681316923,22.0,20.296410086653097,strict_delta_max,1,cross_layer_handoff_executed
grid-treasure_DLGPR-full_seed1,1,DLGPR-full,grid-treasure,2,1,PSO,1.4221290785959684,1.8587000668048859,-1.05,-1.05,0.0,0.0,0.0,0.08366525172049234,20.296410086653097,18.874281008057128,strict_delta_max,1,cross_layer_handoff_executed
grid-treasure_DLGPR-full_seed1,1,DLGPR-full,grid-treasure,2,2,RL,1.3532478339460559,2.356399898417294,0.0,0.0,0.5,0.0,0.0,0.10345481181504014,18.874281008057128,17.52103317411107,strict_delta_max,2,cross_layer_handoff_executed
grid-treasure_DLGPR-full_seed1,1,DLGPR-full,grid-treasure,2,3,RL,1.6456371682684343,2.853600075468421,-1.05,-1.05,0.0,0.0,0.0,0.0,17.52103317411107,15.875396005842637,strict_delta_max,2,cross_layer_handoff_executed
grid-treasure_DLGPR-full_seed1,1,DLGPR-full,grid-treasure,2,4,RL,1.4665084895646743,2.220599912106991,-0.010000000000000009,-0.010000000000000009,0.5,0.0,0.0,0.10228375837396406,15.875396005842637,14.408887516277963,strict_delta_max,2,cross_layer_handoff_executed
grid-treasure_DLGPR-full_seed1,1,DLGPR-full,grid-treasure,2,5,RL,2.633907018253178,4.378500045277178,-0.010000000000000009,-0.010000000000000009,0.5,0.0,0.0,0.0,14.408887516277963,11.774980498024785,strict_delta_max,2,cross_layer_handoff_executed
grid-treasure_DLGPR-full_seed1,1,DLGPR-full,grid-treasure,2,6,PSO,2.4413656903538827,1.56770006287843,0.010000000000000009,0.010000000000000009,0.5,0.0,0.0,0.0423846526581992,11.774980498024785,9.333614807670902,strict_delta_max,1,cross_layer_handoff_executed
grid-treasure_DLGPR-full_seed1,1,DLGPR-full,grid-treasure,2,7,PSO,3.3858987137184173,1.7878999933600426,0.010000000000000009,0.010000000000000009,0.5,0.0,0.0,0.03121968145791714,9.333614807670902,5.947716093952485,strict_delta_max,1,cross_layer_handoff_executed
grid-treasure_DLGPR-full_seed1,1,DLGPR-full,grid-treasure,2,8,RL,4.0,3.1331999925896525,0.0,0.0,0.5,0.0,0.0,0.030000000000000027,5.947716093952485,1.9477160939524847,strict_delta_max,2,cross_layer_handoff_executed
grid-treasure_DLGPR-full_seed1,1,DLGPR-full,grid-treasure,3,0,GA,1.978059842447485,1.9920000340789557,0.010000000000000009,0.010000000000000009,0.5,0.0,0.6421354652107645,0.06598065807956122,22.0,20.021940157552514,strict_delta_max,1,cross_layer_handoff_executed
grid-treasure_DLGPR-full_seed1,1,DLGPR-full,grid-treasure,3,1,PSO,1.3734290229510335,1.986199989914894,0.010000000000000009,0.010000000000000009,0.5,0.0,0.0,0.08599434195830911,20.021940157552514,18.64851113460148,strict_delta_max,1,cross_layer_handoff_executed
grid-treasure_DLGPR-full_seed1,1,DLGPR-full,grid-treasure,3,2,RL,2.4830140376657566,3.11729998793453,0.010000000000000009,0.010000000000000009,0.5,0.0,0.0,0.8497736895533539,18.64851113460148,16.165497096935724,strict_delta_max,2,cross_layer_handoff_executed
grid-treasure_DLGPR-full_seed1,1,DLGPR-full,grid-treasure,3,3,RL,3.8787653627685286,2.888999995775521,0.0,0.0,0.5,0.0,0.0,0.0,16.165497096935724,12.286731734167194,strict_delta_max,2,cross_layer_handoff_executed
grid-treasure_DLGPR-full_seed1,1,DLGPR-full,grid-treasure,3,4,RL,2.7604095473313546,3.6256000166758895,0.010000000000000009,0.010000000000000009,0.5,0.0,0.0,0.0,12.286731734167194,9.52632218683584,strict_delta_max,2,cross_layer_handoff_executed
grid-treasure_DLGPR-full_seed1,1,DLGPR-full,grid-treasure,3,5,RL,1.4108726412947956,2.9419000493362546,0.010000000000000009,0.010000000000000009,0.5,0.0,0.0,0.0,9.52632218683584,8.115449545541043,strict_delta_max,2,cross_layer_handoff_executed
grid-treasure_DLGPR-full_seed1,1,DLGPR-full,grid-treasure,3,6,GA,3.4032336452273406,1.5514999395236373,-1.025,-1.025,0.0,0.0,0.48747275544547847,0.02002574304041168,8.115449545541043,4.712215900313703,strict_delta_max,1,cross_layer_handoff_executed
grid-treasure_DLGPR-full_seed1,1,DLGPR-full,grid-treasure,3,7,GA,2.0284552750463627,1.7845999682322145,0.0,0.0,0.5,0.0,0.48747275544547847,0.053418708561471295,4.712215900313703,2.6837606252673405,strict_delta_max,1,cross_layer_handoff_executed
grid-treasure_DLGPR-full_seed1,1,DLGPR-full,grid-treasure,4,0,GA,3.236562307885582,1.7529999604448676,0.03500000000000003,0.03500000000000003,0.5,0.0077242449308298055,0.5116480274464119,0.02009398302879216,22.0,18.76343769211442,strict_delta_max,1,cross_layer_handoff_executed
grid-treasure_DLGPR-full_seed1,1,DLGPR-full,grid-treasure,4,1,PSO,2.166706925146682,1.907499972730875,0.010000000000000009,0.010000000000000009,0.5,0.0,0.0,0.06428514449670525,18.76343769211442,16.596730766967738,strict_delta_max,1,cross_layer_handoff_executed
grid-treasure_DLGPR-full_seed1,1,DLGPR-full,grid-treasure,4,2,RL,3.2101256992992524,3.5113999620079994,0.010000000000000009,0.010000000000000009,0.5,0.0,0.0,0.6728708475408027,16.596730766967738,13.386605067668485,strict_delta_max,2,cross_layer_handoff_executed
grid-treasure_DLGPR-full_seed1,1,DLGPR-full,grid-treasure,4,3,RL,4.0,3.5865999525412917,0.010000000000000009,0.010000000000000009,0.5,0.0,0.0,0.0,13.386605067668485,9.386605067668485,strict_delta_max,2,cross_layer_handoff_executed
grid-treasure_DLGPR-full_seed1,1,DLGPR-full,grid-treasure,4,4,RL,1.154383283299817,2.9580999398604035,0.010000000000000009,0.010000000000000009,0.5,0.0,0.0,0.17325268209731676,9.386605067668485,8.232221784368669,strict_delta_max,2,cross_layer_handoff_executed
grid-treasure_DLGPR-full_seed1,1,DLGPR-full,grid-treasure,4,5,RL,1.155933396391025,2.5870000245049596,0.010000000000000009,0.010000000000000009,0.5,0.0,0.0,0.0,8.232221784368669,7.076288387977644,strict_delta_max,2,cross_layer_handoff_executed
grid-treasure_DLGPR-full_seed1,1,DLGPR-full,grid-treasure,4,6,PSO,2.799326438264034,1.64899998344481,0.010000000000000009,0.010000000000000009,0.5,0.0,0.0,0.051498933227758004,7.076288387977644,4.276961949713609,strict_delta_max,1,cross_layer_handoff_executed
grid-treasure_DLGPR-full_seed1,1,DLGPR-full,grid-treasure,4,7,GA,3.3863555191448236,1.7609999049454927,0.010000000000000009,0.010000000000000009,0.5,0.0,0.4523750773829672,0.02577412595899603,4.276961949713609,0.8906064305687855,strict_delta_max,1,cross_layer_handoff_executed
grid-treasure_DLGPR-full_seed1,1,DLGPR-full,grid-treasure,5,0,GA,2.860854777628976,2.077799988910556,-1.02,-1.02,0.0,0.0,0.4523750773829672,0.030906186407182287,22.0,19.139145222371024,strict_delta_max,1,cross_layer_handoff_executed
grid-treasure_DLGPR-full_seed1,1,DLGPR-full,grid-treasure,5,1,PSO,3.1888368503593094,1.8403999274596572,0.010000000000000009,0.010000000000000009,0.5,0.0,0.0,0.042246084938270756,19.139145222371024,15.950308372011715,strict_delta_max,1,cross_layer_handoff_executed
grid-treasure_DLGPR-full_seed1,1,DLGPR-full,grid-treasure,5,2,RL,2.3170502663415538,3.343100077472627,0.010000000000000009,0.010000000000000009,0.5,0.0,0.0,0.0,15.950308372011715,13.633258105670162,strict_delta_max,2,cross_layer_handoff_executed
grid-treasure_DLGPR-full_seed1,1,DLGPR-full,grid-treasure,5,3,GA,3.0134432293436006,1.7610000213608146,0.010000000000000009,0.010000000000000009,0.5,0.0,0.4523750773829672,0.048455364133964916,13.633258105670162,10.619814876326561,strict_delta_max,1,cross_layer_handoff_executed
grid-treasure_DLGPR-full_seed1,1,DLGPR-full,grid-treasure,5,4,GA,1.6907065534864572,1.9777000416070223,0.010000000000000009,0.010000000000000009,0.5,0.0,0.4523750773829672,0.0586667277283273,10.619814876326561,8.929108322840104,strict_delta_max,1,cross_layer_handoff_executed
grid-treasure_DLGPR-full_seed1,1,DLGPR-full,grid-treasure,5,5,GA,2.1563419584980816,1.5366000588983297,0.0,0.0,0.5,0.0,0.4523750773829672,0.0470631080282716,8.929108322840104,6.772766364342022,strict_delta_max,1,cross_layer_handoff_executed
grid-treasure_DLGPR-full_seed1,1,DLGPR-full,grid-treasure,5,6,GA,1.5067189508430414,2.019600011408329,0.010000000000000009,0.010000000000000009,0.5,0.0,0.4523750773829672,0.06946010881891448,6.772766364342022,5.266047413498981,strict_delta_max,1,cross_layer_handoff_executed
grid-treasure_DLGPR-full_seed1,1,DLGPR-full,grid-treasure,5,7,GA,2.8867934724676827,1.5415999805554748,0.0,0.0,0.5,0.0,0.4523750773829672,0.0415438605900319,5.266047413498981,2.3792539410312985,strict_delta_max,1,cross_layer_handoff_executed
grid-treasure_DLGPR-full_seed2,2,DLGPR-full,grid-treasure,0,0,GA,3.9053653955254966,3.7472000112757087,-0.6500000000000001,-0.6500000000000001,0.0,0.0,0.8718432739321208,0.04391968426834987,22.0,18.094634604474503,strict_delta_max,1,cross_layer_handoff_executed
grid-treasure_DLGPR-full_seed2,2,DLGPR-full,grid-treasure,0,1,PSO,1.6816474976395537,2.33039993327111,-1.12,-1.12,0.0,0.0,0.0,0.08873132629818674,18.094634604474503,16.41298710683495,strict_delta_max,1,cross_layer_handoff_executed
grid-treasure_DLGPR-full_seed2,2,DLGPR-full,grid-treasure,0,2,RL,1.3622580479494517,2.835199935361743,-1.12,-1.12,0.0,0.0,0.0,0.0,16.41298710683495,15.0507290588855,strict_delta_max,2,cross_layer_handoff_executed
grid-treasure_DLGPR-full_seed2,2,DLGPR-full,grid-treasure,0,3,GA,3.3079688215383105,3.178599989041686,-1.2349999999999999,-1.2349999999999999,0.0,0.0,0.8441815109289925,0.04901357931999614,15.0507290588855,11.74276023734719,strict_delta_max,1,cross_layer_handoff_executed
grid-treasure_DLGPR-full_seed2,2,DLGPR-full,grid-treasure,0,4,GA,1.2647531072632963,2.587400027550757,-0.12,-0.12,0.5,0.0,0.7893992672097868,0.10537769007532313,11.74276023734719,10.478007130083894,strict_delta_max,1,cross_layer_handoff_executed
grid-treasure_DLGPR-full_seed2,2,DLGPR-full,grid-treasure,0,5,GA,3.4762739439628696,2.523500006645918,-0.10999999999999999,-0.10999999999999999,0.5,0.0,0.7857552850322262,0.03930323124540112,10.478007130083894,7.001733186121024,strict_delta_max,1,cross_layer_handoff_executed
grid-treasure_DLGPR-full_seed2,2,DLGPR-full,grid-treasure,0,6,GA,1.1954839939561188,2.5048000970855355,-0.08999999999999997,-0.08999999999999997,0.5,0.004182406477441749,0.7419046016899835,0.10076546212493463,7.001733186121024,5.8062491921649055,strict_delta_max,1,cross_layer_handoff_executed
grid-treasure_DLGPR-full_seed2,2,DLGPR-full,grid-treasure,0,7,GA,1.099943883282399,2.128500025719404,-0.06999999999999995,-0.06999999999999995,0.5,0.018182745778190967,0.7316887230737651,0.15052619387871627,5.8062491921649055,4.706305308882507,strict_delta_max,1,cross_layer_handoff_executed
grid-treasure_DLGPR-full_seed2,2,DLGPR-full,grid-treasure,0,8,GA,1.8677457225946332,2.563200076110661,-0.10999999999999999,-0.10999999999999999,0.5,0.0,0.6720508655165711,0.05381518542912657,4.706305308882507,2.8385595862878734,strict_delta_max,1,cross_layer_handoff_executed
grid-treasure_DLGPR-full_seed2,2,DLGPR-full,grid-treasure,1,0,GA,3.6305076549415296,2.304699970409274,-0.10999999999999999,-0.10999999999999999,0.5,0.0,0.6148023343507034,0.02850292735021861,22.0,18.36949234505847,strict_delta_max,1,cross_layer_handoff_executed
grid-treasure_DLGPR-full_seed2,2,DLGPR-full,grid-treasure,1,1,PSO,3.223964388504994,2.534500090405345,-1.12,-1.12,0.0,0.0,0.0,0.040943552971308146,18.36949234505847,15.145527956553478,strict_delta_max,1,cross_layer_handoff_executed
grid-treasure_DLGPR-full_seed2,2,DLGPR-full,grid-treasure,1,2,RL,3.029745697597871,4.256100044585764,-0.08500000000000008,-0.08500000000000008,0.5,0.0,0.0,0.0,15.145527956553478,12.115782258955607,strict_delta_max,2,cross_layer_handoff_executed
grid-treasure_DLGPR-full_seed2,2,DLGPR-full,grid-treasure,1,3,RL,1.9395534909864824,3.98120004683733,-0.08500000000000008,-0.08500000000000008,0.5,0.0,0.0,0.0,12.115782258955607,10.176228767969125,strict_delta_max,2,cross_layer_handoff_executed
grid-treasure_DLGPR-full_seed2,2,DLGPR-full,grid-treasure,1,4,PSO,2.3378326010955712,1.7083000857383013,-0.06999999999999995,-0.06999999999999995,0.5,0.0,0.0,0.005748712982652171,10.176228767969125,7.838396166873554,strict_delta_max,1,cross_layer_handoff_executed
grid-treasure_DLGPR-full_seed2,2,DLGPR-full,grid-treasure,1,5,RL,2.056867262189066,2.6892999885603786,-0.08500000000000008,-0.08500000000000008,0.5,0.0,0.0,0.048617624403031676,7.838396166873554,5.781528904684487,strict_delta_max,2,cross_layer_handoff_executed
grid-treasure_DLGPR-full_seed2,2,DLGPR-full,grid-treasure,1,6,PSO,2.4122950173004165,2.0404000533744693,-1.12,-1.12,0.0,0.0,0.0,0.0069529340577801435,5.781528904684487,3.3692338873840706,strict_delta_max,1,cross_layer_handoff_executed
grid-treasure_DLGPR-full_seed2,2,DLGPR-full,grid-treasure,2,0,GA,2.6509634930210684,1.8062000162899494,-0.06999999999999995,-0.06999999999999995,0.5,0.0,0.5127254338538416,0.04838116443043769,22.0,19.349036506978933,strict_delta_max,1,cross_layer_handoff_executed
grid-treasure_DLGPR-full_seed2,2,DLGPR-full,grid-treasure,2,1,PSO,3.209501048170536,2.111900015734136,-0.07999999999999996,-0.07999999999999996,0.5,0.0,0.0,0.02156592028004035,19.349036506978933,16.139535458808396,strict_delta_max,1,cross_layer_handoff_executed
grid-treasure_DLGPR-full_seed2,2,DLGPR-full,grid-treasure,2,2,RL,2.3469463908194403,2.607600064948201,-0.08500000000000008,-0.08500000000000008,0.5,0.0,0.0,0.0,16.139535458808396,13.792589067988956,strict_delta_max,2,cross_layer_handoff_executed
grid-treasure_DLGPR-full_seed2,2,DLGPR-full,grid-treasure,2,3,RL,3.5578017880773865,3.3103000605478883,-0.08500000000000008,-0.08500000000000008,0.5,0.0,0.0,0.0,13.792589067988956,10.23478727991157,strict_delta_max,2,cross_layer_handoff_executed
grid-treasure_DLGPR-full_seed2,2,DLGPR-full,grid-treasure,2,4,PSO,1.4181920909267698,1.6877999296411872,-0.06999999999999995,-0.06999999999999995,0.5,0.0,0.0,0.059521291630328585,10.23478727991157,8.8165951889848,strict_delta_max,1,cross_layer_handoff_executed
grid-treasure_DLGPR-full_seed2,2,DLGPR-full,grid-treasure,2,5,RL,1.9326853423997143,3.903800039552152,-0.08500000000000008,-0.08500000000000008,0.5,0.0,0.0,0.0,8.8165951889848,6.8839098465850865,strict_delta_max,2,cross_layer_handoff_executed
grid-treasure_DLGPR-full_seed2,2,DLGPR-full,grid-treasure,2,6,PSO,1.7518385282944917,2.222999930381775,-0.08500000000000008,-0.08500000000000008,0.5,0.0,0.0,0.010325562761784021,6.8839098465850865,5.132071318290595,strict_delta_max,1,cross_layer_handoff_executed
grid-treasure_DLGPR-full_seed2,2,DLGPR-full,grid-treasure,2,7,RL,2.3265556901799003,3.8583000423386693,-0.08500000000000008,-0.08500000000000008,0.5,0.0,0.0,0.00859639856652359,5.132071318290595,2.8055156281106943,strict_delta_max,2,cross_layer_handoff_executed
grid-treasure_DLGPR-full_seed2,2,DLGPR-full,grid-treasure,3,0,GA,1.3367234973791091,2.104800078086555,-1.095,-1.095,0.0,0.0,0.3968842428118718,0.11756709940481079,22.0,20.663276502620892,strict_delta_max,1,cross_layer_handoff_executed
grid-treasure_DLGPR-full_seed2,2,DLGPR-full,grid-treasure,3,1,PSO,2.089510963902257,1.8893000669777393,-0.06999999999999995,-0.06999999999999995,0.5,0.0,0.0,0.009599157452134063,20.663276502620892,18.573765538718636,strict_delta_max,1,cross_layer_handoff_executed
grid-treasure_DLGPR-full_seed2,2,DLGPR-full,grid-treasure,3,2,RL,1.7950780778575368,3.3101000590249896,-0.08500000000000008,-0.08500000000000008,0.5,0.0,0.0,0.027853941628921283,18.573765538718636,16.7786874608611,strict_delta_max,2,cross_layer_handoff_executed
grid-treasure_DLGPR-full_seed2,2,DLGPR-full,grid-treasure,3,3,GA,2.877888166893751,1.9151000306010246,-0.06999999999999995,-0.06999999999999995,0.5,0.0,0.44169512593324767,0.0302903290626848,16.7786874608611,13.90079929396735,strict_delta_max,1,cross_layer_handoff_executed
grid-treasure_DLGPR-full_seed2,2,DLGPR-full,grid-treasure,3,4,GA,3.5158076423965428,2.1050000796094537,-0.06999999999999995,-0.06999999999999995,0.5,0.0,0.4957640902100487,0.04029737775675385,13.90079929396735,10.384991651570807,strict_delta_max,1,cross_layer_handoff_executed
grid-treasure_DLGPR-full_seed2,2,DLGPR-full,grid-treasure,3,5,GA,3.0529865889713133,2.796499989926815,-0.13,-0.13,0.5,0.0,0.4957640902100487,0.042635411937646445,10.384991651570807,7.332005062599494,strict_delta_max,1,cross_layer_handoff_executed
grid-treasure_DLGPR-full_seed2,2,DLGPR-full,grid-treasure,3,6,GA,3.356052421094697,2.046199981123209,-0.06999999999999995,-0.06999999999999995,0.5,0.0,0.5250695264102896,0.035629145229962744,7.332005062599494,3.975952641504797,strict_delta_max,1,cross_layer_handoff_executed
grid-treasure_DLGPR-full_seed2,2,DLGPR-full,grid-treasure,4,0,GA,1.7347929042418526,2.717799972742796,-1.225,-1.225,0.0,0.0,0.5250695264102896,0.07475614037032624,22.0,20.265207095758146,strict_delta_max,1,cross_layer_handoff_executed
grid-treasure_DLGPR-full_seed2,2,DLGPR-full,grid-treasure,4,1,PSO,2.095808201041113,1.851300010457635,-0.06999999999999995,-0.06999999999999995,0.5,0.0,0.0,0.03188655494724907,20.265207095758146,18.169398894717034,strict_delta_max,1,cross_layer_handoff_executed
grid-treasure_DLGPR-full_seed2,2,DLGPR-full,grid-treasure,4,2,RL,2.796818961268041,3.5885999677702785,-0.10999999999999999,-0.10999999999999999,0.5,0.0,0.0,0.0,18.169398894717034,15.372579933448993,strict_delta_max,2,cross_layer_handoff_executed
grid-treasure_DLGPR-full_seed2,2,DLGPR-full,grid-treasure,4,3,GA,2.7906204542181197,1.9865999929606915,-0.09499999999999997,-0.09499999999999997,0.5,0.0,0.5250695264102896,0.04725308989277656,15.372579933448993,12.581959479230873,strict_delta_max,1,cross_layer_handoff_executed
grid-treasure_DLGPR-full_seed2,2,DLGPR-full,grid-treasure,4,4,GA,1.3137107143724847,2.1778999362140894,-0.09499999999999997,-0.09499999999999997,0.5,0.0,0.5250695264102896,0.1066499174700863,12.581959479230873,11.268248764858388,strict_delta_max,1,cross_layer_handoff_executed
grid-treasure_DLGPR-full_seed2,2,DLGPR-full,grid-treasure,4,5,GA,1.290386667837852,1.9304000306874514,-0.06999999999999995,-0.06999999999999995,0.5,0.0,0.5552229907573091,0.10674518048433299,11.268248764858388,9.977862097020536,strict_delta_max,1,cross_layer_handoff_executed
grid-treasure_DLGPR-full_seed2,2,DLGPR-full,grid-treasure,4,6,GA,3.4994382637918533,2.624299959279597,-0.10999999999999999,-0.10999999999999999,0.5,0.0,0.5552229907573091,0.028937273425885847,9.977862097020536,6.478423833228682,strict_delta_max,1,cross_layer_handoff_executed
grid-treasure_DLGPR-full_seed2,2,DLGPR-full,grid-treasure,4,7,GA,2.7773379364094675,3.0029999325051904,-1.21,-1.21,0.0,0.0,0.5552229907573091,0.05020274983509708,6.478423833228682,3.7010858968192144,strict_delta_max,1,cross_layer_handoff_executed
grid-treasure_DLGPR-full_seed2,2,DLGPR-full,grid-treasure,5,0,GA,1.6585721731262428,1.9517999608069658,-0.09499999999999997,-0.09499999999999997,0.5,0.0,0.5552229907573091,0.08073276300411283,22.0,20.34142782687376,strict_delta_max,1,cross_layer_handoff_executed
grid-treasure_DLGPR-full_seed2,2,DLGPR-full,grid-treasure,5,1,PSO,2.8232523358391446,1.9579000072553754,-0.06999999999999995,-0.06999999999999995,0.5,0.0,0.0,0.03584188272643385,20.34142782687376,17.518175491034615,strict_delta_max,1,cross_layer_handoff_executed
grid-treasure_DLGPR-full_seed2,2,DLGPR-full,grid-treasure,5,2,RL,1.3728877306904987,2.536599989980459,-0.10999999999999999,-0.10999999999999999,0.5,0.0,0.0,0.09469091834232954,17.518175491034615,16.145287760344118,strict_delta_max,2,cross_layer_handoff_executed
grid-treasure_DLGPR-full_seed2,2,DLGPR-full,grid-treasure,5,3,RL,2.141399864193046,3.526700078509748,-0.10999999999999999,-0.10999999999999999,0.5,0.0,0.0,0.0,16.145287760344118,14.003887896151072,strict_delta_max,2,cross_layer_handoff_executed
grid-treasure_DLGPR-full_seed2,2,DLGPR-full,grid-treasure,5,4,RL,3.150235368292064,3.3925999887287617,-0.10999999999999999,-0.10999999999999999,0.5,0.0,0.0,0.0,14.003887896151072,10.853652527859008,strict_delta_max,2,cross_layer_handoff_executed
grid-treasure_DLGPR-full_seed2,2,DLGPR-full,grid-treasure,5,5,PSO,1.7149768602394306,1.6762999584898353,-0.06999999999999995,-0.06999999999999995,0.5,0.0,0.0,0.0322179049298924,10.853652527859008,9.138675667619578,strict_delta_max,1,cross_layer_handoff_executed
grid-treasure_DLGPR-full_seed2,2,DLGPR-full,grid-treasure,5,6,RL,1.7950294086553642,5.417000036686659,-0.13,-0.13,0.5,0.0,0.0,0.0,9.138675667619578,7.343646258964214,strict_delta_max,2,cross_layer_handoff_executed
grid-treasure_DLGPR-full_seed2,2,DLGPR-full,grid-treasure,5,7,PSO,2.6033287486319456,1.755199977196753,-0.06999999999999995,-0.06999999999999995,0.5,0.0,0.0,0.02109706117671128,7.343646258964214,4.740317510332268,strict_delta_max,1,cross_layer_handoff_executed
grid-treasure_DLGPR-full_seed2,2,DLGPR-full,grid-treasure,5,8,PSO,3.239246767803966,2.282199915498495,-1.12,-1.12,0.0,0.0,0.0,0.023178811744437835,4.740317510332268,1.5010707425283023,strict_delta_max,1,cross_layer_handoff_executed
grid-treasure_fixed-split_seed0,0,fixed-split,grid-treasure,0,0,GA,3.2127778257737645,2.0250999368727207,0.025000000000000022,0.025000000000000022,0.5,0.0,0.8931030542994856,0.05487385891284679,22.0,18.787222174226237,strict_delta_max,1,cross_layer_handoff_executed
grid-treasure_fixed-split_seed0,0,fixed-split,grid-treasure,0,1,PSO,1.240539447270699,1.3047000393271446,0.010000000000000009,0.010000000000000009,0.5,0.0,0.0,0.1382138938747343,18.787222174226237,17.546682726955538,strict_delta_max,1,cross_layer_handoff_executed
grid-treasure_fixed-split_seed0,0,fixed-split,grid-treasure,0,2,RL,3.0155307486080147,2.6852000737562776,-1.135,-1.135,0.0,0.0,0.0,0.0,17.546682726955538,14.531151978347523,strict_delta_max,2,cross_layer_handoff_executed
grid-treasure_fixed-split_seed0,0,fixed-split,grid-treasure,0,3,GA,2.659460384195745,1.6553000314161181,0.025000000000000022,0.025000000000000022,0.5,0.0,0.8754084243546231,0.0546770053002769,14.531151978347523,11.871691594151779,strict_delta_max,1,cross_layer_handoff_executed
grid-treasure_fixed-split_seed0,0,fixed-split,grid-treasure,0,4,PSO,3.298536398613016,2.753900014795363,-1.225,-1.225,0.0,0.0,0.0,0.037742041008579905,11.871691594151779,8.573155195538764,strict_delta_max,1,cross_layer_handoff_executed
grid-treasure_fixed-split_seed0,0,fixed-split,grid-treasure,0,5,RL,3.619879158304743,1.6392000252380967,-0.07499999999999996,-0.07499999999999996,0.5,0.0,0.0,0.01105009262760384,8.573155195538764,4.953276037234021,strict_delta_max,2,cross_layer_handoff_executed
grid-treasure_fixed-split_seed0,0,fixed-split,grid-treasure,0,6,GA,2.986903711950858,1.8243000376969576,0.025000000000000022,0.025000000000000022,0.5,0.0,0.8089314407145728,0.04448334011898654,4.953276037234021,1.9663723252831629,strict_delta_max,1,cross_layer_handoff_executed
grid-treasure_fixed-split_seed0,0,fixed-split,grid-treasure,1,0,PSO,1.6663911333067114,1.6611999599263072,-1.0699999999999998,-1.0699999999999998,0.0,0.0,0.0,0.09014254428411451,22.0,20.33360886669329,strict_delta_max,1,cross_layer_handoff_executed
grid-treasure_fixed-split_seed0,0,fixed-split,grid-treasure,1,1,RL,1.911591196405813,2.457000082358718,0.010000000000000009,0.010000000000000009,0.5,0.0,0.0,1.051480046455129,20.33360886669329,18.422017670287477,strict_delta_max,2,cross_layer_handoff_executed
grid-treasure_fixed-split_seed0,0,fixed-split,grid-treasure,1,2,GA,1.2021036244648466,1.3499000342562795,0.025000000000000022,0.025000000000000022,0.5,0.0,0.7337264185087455,0.11969196506391623,18.422017670287477,17.21991404582263,strict_delta_max,1,cross_layer_handoff_executed
grid-treasure_fixed-split_seed0,0,fixed-split,grid-treasure,1,3,PSO,1.588517437152293,1.7544999718666077,0.025000000000000022,0.025000000000000022,0.5,0.0,0.0,0.08334409797848809,17.21991404582263,15.631396608670338,strict_delta_max,1,cross_layer_handoff_executed
grid-treasure_fixed-split_seed0,0,fixed-split,grid-treasure,1,4,RL,1.7652171229546167,1.6328999772667885,0.030000000000000027,0.030000000000000027,0.5,0.0028325127458717456,0.0,0.0,15.631396608670338,13.86617948571572,strict_delta_max,2,cross_layer_handoff_executed
grid-treasure_fixed-split_seed0,0,fixed-split,grid-treasure,1,5,GA,1.192276019740498,1.4221000019460917,0.025000000000000022,0.025000000000000022,0.5,0.0,0.7296562057328728,0.10560968736444179,13.86617948571572,12.673903465975222,strict_delta_max,1,cross_layer_handoff_executed
grid-treasure_fixed-split_seed0,0,fixed-split,grid-treasure,1,6,PSO,1.2078564187023542,1.6395999118685722,0.025000000000000022,0.025000000000000022,0.5,0.0,0.0,0.13205147628888905,12.673903465975222,11.466047047272868,strict_delta_max,1,cross_layer_handoff_executed
grid-treasure_fixed-split_seed0,0,fixed-split,grid-treasure,1,7,RL,2.4784460018601084,3.44330002553761,0.030000000000000027,0.030000000000000027,0.5,0.0,0.0,0.7787137579561985,11.466047047272868,8.98760104541276,strict_delta_max,2,cross_layer_handoff_executed
grid-treasure_fixed-split_seed0,0,fixed-split,grid-treasure,1,8,GA,3.4409047630003293,1.5282999956980348,0.025000000000000022,0.025000000000000022,0.5,0.0,0.7157842771858526,0.04292567567179621,8.98760104541276,5.54669628241243,strict_delta_max,1,cross_layer_handoff_executed
grid-treasure_fixed-split_seed0,0,fixed-split,grid-treasure,1,9,PSO,2.503447681985216,1.488200039602816,0.020000000000000018,0.020000000000000018,0.5,0.0,0.0,0.05086813826889947,5.54669628241243,3.0432486004272143,strict_delta_max,1,cross_layer_handoff_executed
grid-treasure_fixed-split_seed0,0,fixed-split,grid-treasure,2,0,RL,1.1778177618203227,2.1421998972073197,0.025000000000000022,0.025000000000000022,0.5,0.0,0.0,0.0,22.0,20.82218223817968,strict_delta_max,2,cross_layer_handoff_executed
grid-treasure_fixed-split_seed0,0,fixed-split,grid-treasure,2,1,GA,3.338838565311309,1.6702000284567475,0.025000000000000022,0.025000000000000022,0.5,0.0,0.7157842771858526,0.027484559993904353,20.82218223817968,17.48334367286837,strict_delta_max,1,cross_layer_handoff_executed
grid-treasure_fixed-split_seed0,0,fixed-split,grid-treasure,2,2,PSO,3.152416723963589,2.0575999515131116,-1.06,-1.06,0.0,0.0,0.0,0.038081492699909195,17.48334367286837,14.330926948904779,strict_delta_max,1,cross_layer_handoff_executed
grid-treasure_fixed-split_seed0,0,fixed-split,grid-treasure,2,3,RL,3.083842197612888,2.675299998372793,0.025000000000000022,0.025000000000000022,0.5,0.0,0.0,0.6712405717783896,14.330926948904779,11.24708475129189,strict_delta_max,2,cross_layer_handoff_executed
grid-treasure_fixed-split_seed0,0,fixed-split,grid-treasure,2,4,GA,1.5959601187479744,1.6146000707522035,0.025000000000000022,0.025000000000000022,0.5,0.0,0.7157842771858526,0.0902195029468794,11.24708475129189,9.651124632543915,strict_delta_max,1,cross_layer_handoff_executed
grid-treasure_fixed-split_seed0,0,fixed-split,grid-treasure,2,5,PSO,1.3583915449176174,1.6329000936821103,0.025000000000000022,0.025000000000000022,0.5,0.0,0.0,0.06801663008843986,9.651124632543915,8.292733087626297,strict_delta_max,1,cross_layer_handoff_executed
grid-treasure_fixed-split_seed0,0,fixed-split,grid-treasure,2,6,RL,1.9769083868079425,2.525300020352006,0.025000000000000022,0.025000000000000022,0.5,0.0,0.0,0.0,8.292733087626297,6.3158247008183555,strict_delta_max,2,cross_layer_handoff_executed
grid-treasure_fixed-split_seed0,0,fixed-split,grid-treasure,2,7,GA,2.3504844981250144,1.394700026139617,0.025000000000000022,0.025000000000000022,0.5,0.0,0.7157842771858526,0.059377812992479274,6.3158247008183555,3.965340202693341,strict_delta_max,1,cross_layer_handoff_executed
grid-treasure_fixed-split_seed0,0,fixed-split,grid-treasure,3,0,PSO,1.361028059531196,1.5302000101655722,0.025000000000000022,0.025000000000000022,0.5,0.0,0.0,0.12369540121194694,22.0,20.638971940468803,strict_delta_max,1,cross_layer_handoff_executed
grid-treasure_fixed-split_seed0,0,fixed-split,grid-treasure,3,1,RL,4.0,2.355200005695224,0.025000000000000022,0.025000000000000022,0.5,0.0,0.0,0.04000000000000001,20.638971940468803,16.638971940468803,strict_delta_max,2,cross_layer_handoff_executed
grid-treasure_fixed-split_seed0,0,fixed-split,grid-treasure,3,2,GA,1.3320942750459381,2.273700083605945,-1.225,-1.225,0.0,0.0,0.7157842771858526,0.11157714590188063,16.638971940468803,15.306877665422865,strict_delta_max,1,cross_layer_handoff_executed
grid-treasure_fixed-split_seed0,0,fixed-split,grid-treasure,3,3,PSO,1.6967719168408875,1.8082000315189362,0.025000000000000022,0.025000000000000022,0.5,0.0,0.0,0.1008681866268687,15.306877665422865,13.610105748581978,strict_delta_max,1,cross_layer_handoff_executed
grid-treasure_fixed-split_seed0,0,fixed-split,grid-treasure,3,4,RL,2.7107205683670657,2.6400999631732702,0.025000000000000022,0.025000000000000022,0.5,0.0,0.0,0.0,13.610105748581978,10.899385180214912,strict_delta_max,2,cross_layer_handoff_executed
grid-treasure_fixed-split_seed0,0,fixed-split,grid-treasure,3,5,GA,3.3052494332797067,1.3120999792590737,0.019999999999999962,0.019999999999999962,0.5,0.0,0.7157842771858526,0.04920160548833136,10.899385180214912,7.594135746935205,strict_delta_max,1,cross_layer_handoff_executed
grid-treasure_fixed-split_seed0,0,fixed-split,grid-treasure,3,6,PSO,3.019263165813034,1.6570999287068844,0.025000000000000022,0.025000000000000022,0.5,0.0,0.0,0.05341304204742464,7.594135746935205,4.574872581122171,strict_delta_max,1,cross_layer_handoff_executed
grid-treasure_fixed-split_seed0,0,fixed-split,grid-treasure,3,7,RL,3.897749239844337,2.4574999697506428,0.025000000000000022,0.025000000000000022,0.5,0.0,0.0,0.04104933133317468,4.574872581122171,0.6771233412778339,strict_delta_max,2,cross_layer_handoff_executed
grid-treasure_fixed-split_seed0,0,fixed-split,grid-treasure,4,0,GA,1.8542049927961244,1.6690000193193555,0.025000000000000022,0.025000000000000022,0.5,0.0,0.7157842771858526,0.07735509978739423,22.0,20.145795007203876,strict_delta_max,1,cross_layer_handoff_executed
grid-treasure_fixed-split_seed0,0,fixed-split,grid-treasure,4,1,PSO,1.716641844108974,1.8222000217065215,0.025000000000000022,0.025000000000000022,0.5,0.0,0.0,0.08683063784779903,20.145795007203876,18.429153163094902,strict_delta_max,1,cross_layer_handoff_executed
grid-treasure_fixed-split_seed0,0,fixed-split,grid-treasure,4,2,RL,2.3795360195566517,2.1983999758958817,0.025000000000000022,0.025000000000000022,0.5,0.0,0.0,0.0,18.429153163094902,16.04961714353825,strict_delta_max,2,cross_layer_handoff_executed
grid-treasure_fixed-split_seed0,0,fixed-split,grid-treasure,4,3,GA,1.3348441587492532,1.4093000208958983,0.025000000000000022,0.025000000000000022,0.5,0.0,0.7157842771858526,0.0840824874376289,16.04961714353825,14.714772984788997,strict_delta_max,1,cross_layer_handoff_executed
grid-treasure_fixed-split_seed0,0,fixed-split,grid-treasure,4,4,PSO,3.3924134257242198,1.7052000621333718,0.025000000000000022,0.025000000000000022,0.5,0.0,0.0,0.03658154813203386,14.714772984788997,11.322359559064777,strict_delta_max,1,cross_layer_handoff_executed
grid-treasure_fixed-split_seed0,0,fixed-split,grid-treasure,4,5,RL,2.3441406536096365,2.6620998978614807,0.025000000000000022,0.025000000000000022,0.5,0.0,0.0,0.0,11.322359559064777,8.97821890545514,strict_delta_max,2,cross_layer_handoff_executed
grid-treasure_fixed-split_seed0,0,fixed-split,grid-treasure,4,6,GA,1.8227593698697802,1.499100006185472,0.025000000000000022,0.025000000000000022,0.5,0.0,0.7157842771858526,0.0640903054874271,8.97821890545514,7.15545953558536,strict_delta_max,1,cross_layer_handoff_executed
grid-treasure_fixed-split_seed0,0,fixed-split,grid-treasure,4,7,PSO,3.1836319525237773,1.4853999018669128,0.025000000000000022,0.025000000000000022,0.5,0.0,0.0,0.03343670310757019,7.15545953558536,3.9718275830615823,strict_delta_max,1,cross_layer_handoff_executed
grid-treasure_fixed-split_seed0,0,fixed-split,grid-treasure,5,0,RL,1.61035046258269,2.0964000141248107,0.025000000000000022,0.025000000000000022,0.5,0.0,0.0,1.3102737876176154,22.0,20.38964953741731,strict_delta_max,2,cross_layer_handoff_executed
grid-treasure_fixed-split_seed0,0,fixed-split,grid-treasure,5,1,GA,1.1387097874724046,1.4022999675944448,0.025000000000000022,0.025000000000000022,0.5,0.0,0.7157842771858526,0.14554145960533849,20.38964953741731,19.250939749944905,strict_delta_max,1,cross_layer_handoff_executed
grid-treasure_fixed-split_seed0,0,fixed-split,grid-treasure,5,2,PSO,1.0,1.6651999903842807,0.025000000000000022,0.025000000000000022,0.5,0.0,0.0,0.1344690667654005,19.250939749944905,18.250939749944905,strict_delta_max,1,cross_layer_handoff_executed
grid-treasure_fixed-split_seed0,0,fixed-split,grid-treasure,5,3,RL,2.4711965890131906,3.2906000269576907,0.025000000000000022,0.025000000000000022,0.5,0.0,0.0,0.0,18.250939749944905,15.779743160931714,strict_delta_max,2,cross_layer_handoff_executed
grid-treasure_fixed-split_seed0,0,fixed-split,grid-treasure,5,4,GA,2.913519751830174,1.7801000503823161,-0.08000000000000002,-0.08000000000000002,0.5,0.0,0.7157842771858526,0.03594936909362616,15.779743160931714,12.86622340910154,strict_delta_max,1,cross_layer_handoff_executed
grid-treasure_fixed-split_seed0,0,fixed-split,grid-treasure,5,5,PSO,3.49162539950328,1.6830000095069408,0.025000000000000022,0.025000000000000022,0.5,0.0,0.0,0.03088650669238966,12.86622340910154,9.374598009598259,strict_delta_max,1,cross_layer_handoff_executed
grid-treasure_fixed-split_seed0,0,fixed-split,grid-treasure,5,6,RL,2.4634860929091675,2.895299927331507,0.025000000000000022,0.025000000000000022,0.5,0.0,0.0,0.060889322830665095,9.374598009598259,6.911111916689091,strict_delta_max,2,cross_layer_handoff_executed
grid-treasure_fixed-split_seed0,0,fixed-split,grid-treasure,5,7,GA,1.6531298835912762,1.6144999535754323,0.025000000000000022,0.025000000000000022,0.5,0.0,0.7157842771858526,0.08444910807209037,6.911111916689091,5.257982033097814,strict_delta_max,1,cross_layer_handoff_executed
grid-treasure_fixed-split_seed0,0,fixed-split,grid-treasure,5,8,PSO,3.5138667201637035,1.7511999467387795,0.025000000000000022,0.025000000000000022,0.5,0.0,0.0,0.03700143135896763,5.257982033097814,1.744115312934111,strict_delta_max,1,cross_layer_handoff_executed
grid-treasure_fixed-split_seed1,1,fixed-split,grid-treasure,0,0,GA,1.824988789829238,2.3831999860703945,-1.05,-1.05,0.0,0.0,0.8643655984494946,0.08235453439285725,22.0,20.175011210170762,strict_delta_max,1,cross_layer_handoff_executed
grid-treasure_fixed-split_seed1,1,fixed-split,grid-treasure,0,1,PSO,2.1742379665759692,2.055700053460896,0.010000000000000009,0.010000000000000009,0.5,0.0,0.0,0.07738612075064231,20.175011210170762,18.000773243594793,strict_delta_max,1,cross_layer_handoff_executed
grid-treasure_fixed-split_seed1,1,fixed-split,grid-treasure,0,2,RL,4.0,3.123199916444719,-1.0550000000000002,-1.0550000000000002,0.0,0.0,0.0,0.0,18.000773243594793,14.000773243594793,strict_delta_max,2,cross_layer_handoff_executed
grid-treasure_fixed-split_seed1,1,fixed-split,grid-treasure,0,3,GA,3.460774059507657,1.3391999527812004,0.0,0.0,0.5,0.0,0.7931361172545822,0.03752583778844092,14.000773243594793,10.539999184087137,strict_delta_max,1,cross_layer_handoff_executed
grid-treasure_fixed-split_seed1,1,fixed-split,grid-treasure,0,4,PSO,2.0008536891128346,2.208499936386943,-1.04,-1.04,0.0,0.0,0.0,0.051395187414308784,10.539999184087137,8.539145494974303,strict_delta_max,1,cross_layer_handoff_executed
grid-treasure_fixed-split_seed1,1,fixed-split,grid-treasure,0,5,RL,2.7485011236861947,4.026699927635491,-1.05,-1.05,0.0,0.0,0.0,0.014553386809736208,8.539145494974303,5.790644371288108,strict_delta_max,2,cross_layer_handoff_executed
grid-treasure_fixed-split_seed1,1,fixed-split,grid-treasure,0,6,GA,2.7020960693144445,1.6197999939322472,-1.08,-1.08,0.0,0.0,0.7008340842935765,0.032199094834929366,5.790644371288108,3.0885483019736637,strict_delta_max,1,cross_layer_handoff_executed
grid-treasure_fixed-split_seed1,1,fixed-split,grid-treasure,1,0,PSO,2.295104876251857,1.7229999648407102,0.010000000000000009,0.010000000000000009,0.5,0.0,0.0,0.05757072288614942,22.0,19.704895123748145,strict_delta_max,1,cross_layer_handoff_executed
grid-treasure_fixed-split_seed1,1,fixed-split,grid-treasure,1,1,RL,3.470270163333467,2.4666000390425324,-1.0550000000000002,-1.0550000000000002,0.0,0.0,0.0,0.03457944031790617,19.704895123748145,16.234624960414678,strict_delta_max,2,cross_layer_handoff_executed
grid-treasure_fixed-split_seed1,1,fixed-split,grid-treasure,1,2,GA,2.6446531908504545,1.235299976542592,0.0,0.0,0.5,0.0,0.587050156845271,0.04917995822641878,16.234624960414678,13.589971769564222,strict_delta_max,1,cross_layer_handoff_executed
grid-treasure_fixed-split_seed1,1,fixed-split,grid-treasure,1,3,PSO,1.048953610537581,1.8388000316917896,0.010000000000000009,0.010000000000000009,0.5,0.0,0.0,0.10838583167019007,13.589971769564222,12.541018159026642,strict_delta_max,1,cross_layer_handoff_executed
grid-treasure_fixed-split_seed1,1,fixed-split,grid-treasure,1,4,RL,3.3464353588503535,2.7617000741884112,-1.08,-1.08,0.0,0.0,0.0,0.008964763033793169,12.541018159026642,9.194582800176288,strict_delta_max,2,cross_layer_handoff_executed
grid-treasure_fixed-split_seed1,1,fixed-split,grid-treasure,1,5,GA,2.9299610110861365,1.462999964132905,-1.025,-1.025,0.0,0.0,0.594233575450996,0.043615134640600975,9.194582800176288,6.264621789090151,strict_delta_max,1,cross_layer_handoff_executed
grid-treasure_fixed-split_seed1,1,fixed-split,grid-treasure,1,6,PSO,3.5836735635578916,2.0176999969407916,0.010000000000000009,0.010000000000000009,0.5,0.0,0.0,0.030141211367583763,6.264621789090151,2.68094822553226,strict_delta_max,1,cross_layer_handoff_executed
grid-treasure_fixed-split_seed1,1,fixed-split,grid-treasure,2,0,RL,1.7600278885807048,2.2230000467970967,-1.08,-1.08,0.0,0.0,0.0,0.01704518445113513,22.0,20.239972111419295,strict_delta_max,2,cross_layer_handoff_executed
grid-treasure_fixed-split_seed1,1,fixed-split,grid-treasure,2,1,GA,1.0283804123806597,1.4405000256374478,0.0050000000000000044,0.0050000000000000044,0.5,0.0,0.615860430993454,0.12422071385560951,20.239972111419295,19.211591699038635,strict_delta_max,1,cross_layer_handoff_executed
grid-treasure_fixed-split_seed1,1,fixed-split,grid-treasure,2,2,PSO,3.5807414256660484,1.8502000020816922,0.010000000000000009,0.010000000000000009,0.5,0.0,0.0,0.02596033294839066,19.211591699038635,15.630850273372587,strict_delta_max,1,cross_layer_handoff_executed
grid-treasure_fixed-split_seed1,1,fixed-split,grid-treasure,2,3,RL,3.106232181567027,3.2520999666303396,-1.08,-1.08,0.0,0.0,0.0,0.0,15.630850273372587,12.52461809180556,strict_delta_max,2,cross_layer_handoff_executed
grid-treasure_fixed-split_seed1,1,fixed-split,grid-treasure,2,4,GA,2.410179956330361,1.7410999862477183,0.010000000000000009,0.010000000000000009,0.5,0.0,0.6457060898751952,0.053003827421019445,12.52461809180556,10.1144381354752,strict_delta_max,1,cross_layer_handoff_executed
grid-treasure_fixed-split_seed1,1,fixed-split,grid-treasure,2,5,PSO,3.0831472135316935,1.9220000831410289,0.010000000000000009,0.010000000000000009,0.5,0.0,0.0,0.04939743163120048,10.1144381354752,7.031290921943507,strict_delta_max,1,cross_layer_handoff_executed
grid-treasure_fixed-split_seed1,1,fixed-split,grid-treasure,2,6,RL,2.9658090762735356,3.271699999459088,-1.0750000000000002,-1.0750000000000002,0.0,0.0,0.0,0.0269740896809575,7.031290921943507,4.0654818456699715,strict_delta_max,2,cross_layer_handoff_executed
grid-treasure_fixed-split_seed1,1,fixed-split,grid-treasure,2,7,GA,2.7244855280936053,1.6167000867426395,0.010000000000000009,0.010000000000000009,0.5,0.0,0.6197168923766674,0.0392995867894561,4.0654818456699715,1.3409963175763662,strict_delta_max,1,cross_layer_handoff_executed
grid-treasure_fixed-split_seed1,1,fixed-split,grid-treasure,3,0,PSO,2.9371187622318797,1.736300066113472,0.010000000000000009,0.010000000000000009,0.5,0.0,0.0,0.03785060873339655,22.0,19.06288123776812,strict_delta_max,1,cross_layer_handoff_executed
grid-treasure_fixed-split_seed1,1,fixed-split,grid-treasure,3,1,RL,3.6174844740033185,2.3581000277772546,0.010000000000000009,0.010000000000000009,0.5,0.0,0.0,0.0,19.06288123776812,15.445396763764801,strict_delta_max,2,cross_layer_handoff_executed
grid-treasure_fixed-split_seed1,1,fixed-split,grid-treasure,3,2,GA,1.2826114920861778,1.3451999984681606,0.0,0.0,0.5,0.0,0.5902023103478207,0.07301314931413753,15.445396763764801,14.162785271678624,strict_delta_max,1,cross_layer_handoff_executed
grid-treasure_fixed-split_seed1,1,fixed-split,grid-treasure,3,3,PSO,2.430656312131491,1.905399956740439,0.010000000000000009,0.010000000000000009,0.5,0.0,0.0,0.05597978500857115,14.162785271678624,11.732128959547133,strict_delta_max,1,cross_layer_handoff_executed
grid-treasure_fixed-split_seed1,1,fixed-split,grid-treasure,3,4,RL,4.0,3.189300070516765,0.010000000000000009,0.010000000000000009,0.5,0.0,0.0,0.017500000000000016,11.732128959547133,7.732128959547133,strict_delta_max,2,cross_layer_handoff_executed
grid-treasure_fixed-split_seed1,1,fixed-split,grid-treasure,3,5,GA,3.9025507300998754,1.7687000799924135,0.010000000000000009,0.010000000000000009,0.5,0.0,0.5762153690086328,0.02125562615495949,7.732128959547133,3.8295782294472573,strict_delta_max,1,cross_layer_handoff_executed
grid-treasure_fixed-split_seed1,1,fixed-split,grid-treasure,4,0,PSO,2.7306178130860688,1.8484999891370535,0.010000000000000009,0.010000000000000009,0.5,0.0,0.0,0.05362138034953934,22.0,19.26938218691393,strict_delta_max,1,cross_layer_handoff_executed
grid-treasure_fixed-split_seed1,1,fixed-split,grid-treasure,4,1,RL,1.1939780233250012,4.200999974273145,0.010000000000000009,0.010000000000000009,0.5,0.0,0.0,1.6164451625544312,19.26938218691393,18.075404163588928,strict_delta_max,2,cross_layer_handoff_executed
grid-treasure_fixed-split_seed1,1,fixed-split,grid-treasure,4,2,GA,1.3839085336721815,1.5690999571233988,0.0,0.0,0.5,0.0,0.5458355359992891,0.08402736669551732,18.075404163588928,16.691495629916748,strict_delta_max,1,cross_layer_handoff_executed
grid-treasure_fixed-split_seed1,1,fixed-split,grid-treasure,4,3,PSO,3.464492318718444,1.853400026448071,0.010000000000000009,0.010000000000000009,0.5,0.0,0.0,0.05238062712661459,16.691495629916748,13.227003311198304,strict_delta_max,1,cross_layer_handoff_executed
grid-treasure_fixed-split_seed1,1,fixed-split,grid-treasure,4,4,RL,1.7770238141978514,3.617499954998493,0.010000000000000009,0.010000000000000009,0.5,0.0,0.0,0.0,13.227003311198304,11.449979497000452,strict_delta_max,2,cross_layer_handoff_executed
grid-treasure_fixed-split_seed1,1,fixed-split,grid-treasure,4,5,GA,1.4513358066635338,1.7031999304890633,0.010000000000000009,0.010000000000000009,0.5,0.0,0.5050410451060429,0.0740478752977373,11.449979497000452,9.998643690336918,strict_delta_max,1,cross_layer_handoff_executed
grid-treasure_fixed-split_seed1,1,fixed-split,grid-treasure,4,6,PSO,2.735678073608988,1.984999980777502,0.010000000000000009,0.010000000000000009,0.5,0.0,0.0,0.06337640869063484,9.998643690336918,7.26296561672793,strict_delta_max,1,cross_layer_handoff_executed
grid-treasure_fixed-split_seed1,1,fixed-split,grid-treasure,4,7,RL,4.0,4.703099955804646,0.010000000000000009,0.010000000000000009,0.5,0.0,0.0,0.0,7.26296561672793,3.2629656167279304,strict_delta_max,2,cross_layer_handoff_executed
grid-treasure_fixed-split_seed1,1,fixed-split,grid-treasure,5,0,GA,2.703258426103941,1.882700016722083,-1.05,-1.05,0.0,0.0,0.5050410451060429,0.026628771117720145,22.0,19.29674157389606,strict_delta_max,1,cross_layer_handoff_executed
grid-treasure_fixed-split_seed1,1,fixed-split,grid-treasure,5,1,PSO,1.0,1.9873999990522861,0.010000000000000009,0.010000000000000009,0.5,0.0,0.0,0.1632497408234168,19.29674157389606,18.29674157389606,strict_delta_max,1,cross_layer_handoff_executed
grid-treasure_fixed-split_seed1,1,fixed-split,grid-treasure,5,2,RL,2.4633270942216523,2.6286999927833676,0.010000000000000009,0.010000000000000009,0.5,0.0,0.0,0.08525055421693989,18.29674157389606,15.833414479674408,strict_delta_max,2,cross_layer_handoff_executed
grid-treasure_fixed-split_seed1,1,fixed-split,grid-treasure,5,3,GA,3.5873035180765203,1.8400999251753092,0.010000000000000009,0.010000000000000009,0.5,0.0,0.5050410451060429,0.03328235024771048,15.833414479674408,12.246110961597887,strict_delta_max,1,cross_layer_handoff_executed
grid-treasure_fixed-split_seed1,1,fixed-split,grid-treasure,5,4,PSO,1.0957797709644572,1.8309999722987413,0.010000000000000009,0.010000000000000009,0.5,0.0,0.0,0.12619224259937234,12.246110961597887,11.15033119063343,strict_delta_max,1,cross_layer_handoff_executed
grid-treasure_fixed-split_seed1,1,fixed-split,grid-treasure,5,5,RL,1.268289352077336,2.8218000661581755,0.010000000000000009,0.010000000000000009,0.5,0.0,0.0,1.7030813957888458,11.15033119063343,9.882041838556095,strict_delta_max,2,cross_layer_handoff_executed
grid-treasure_fixed-split_seed1,1,fixed-split,grid-treasure,5,6,GA,3.4635948921009017,1.6709999181330204,0.010000000000000009,0.010000000000000009,0.5,0.0,0.5050410451060429,0.038448517385180084,9.882041838556095,6.418446946455193,strict_delta_max,1,cross_layer_handoff_executed
grid-treasure_fixed-split_seed1,1,fixed-split,grid-treasure,5,7,PSO,3.081755242944325,1.8893000669777393,0.010000000000000009,0.010000000000000009,0.5,0.0,0.0,0.060556372492239725,6.418446946455193,3.336691703510868,strict_delta_max,1,cross_layer_handoff_executed
grid-treasure_fixed-split_seed2,2,fixed-split,grid-treasure,0,0,GA,3.9053653955254966,3.7152000004425645,-0.6500000000000001,-0.6500000000000001,0.0,0.0,0.8718432739321208,0.04391968426834987,22.0,18.094634604474503,strict_delta_max,1,cross_layer_handoff_executed
grid-treasure_fixed-split_seed2,2,fixed-split,grid-treasure,0,1,PSO,1.6816474976395537,2.2638000082224607,-1.12,-1.12,0.0,0.0,0.0,0.08873132629818674,18.094634604474503,16.41298710683495,strict_delta_max,1,cross_layer_handoff_executed
grid-treasure_fixed-split_seed2,2,fixed-split,grid-treasure,0,2,RL,1.3622580479494517,2.8552000876516104,-1.12,-1.12,0.0,0.0,0.0,0.0,16.41298710683495,15.0507290588855,strict_delta_max,2,cross_layer_handoff_executed
grid-treasure_fixed-split_seed2,2,fixed-split,grid-treasure,0,3,GA,3.3079688215383105,3.12630005646497,-1.2349999999999999,-1.2349999999999999,0.0,0.0,0.8441815109289925,0.04901357931999614,15.0507290588855,11.74276023734719,strict_delta_max,1,cross_layer_handoff_executed
grid-treasure_fixed-split_seed2,2,fixed-split,grid-treasure,0,4,PSO,2.2659582207028057,1.5852999640628695,-0.975,-0.975,0.0,0.0,0.0,0.05362958242575609,11.74276023734719,9.476802016644385,strict_delta_max,1,cross_layer_handoff_executed
grid-treasure_fixed-split_seed2,2,fixed-split,grid-treasure,0,5,RL,3.281732557964693,4.104000050574541,-1.12,-1.12,0.0,0.0,0.0,0.0,9.476802016644385,6.195069458679692,strict_delta_max,2,cross_layer_handoff_executed
grid-treasure_fixed-split_seed2,2,fixed-split,grid-treasure,0,6,GA,2.4363648014259303,1.8092000391334295,-0.06999999999999995,-0.06999999999999995,0.5,0.010261189122978744,0.8064333509757664,0.06313669812067964,6.195069458679692,3.7587046572537615,strict_delta_max,1,cross_layer_handoff_executed
grid-treasure_fixed-split_seed2,2,fixed-split,grid-treasure,1,0,PSO,3.035932338780581,2.2738000843673944,-1.12,-1.12,0.0,0.0,0.0,0.030053440383706644,22.0,18.964067661219417,strict_delta_max,1,cross_layer_handoff_executed
grid-treasure_fixed-split_seed2,2,fixed-split,grid-treasure,1,1,RL,4.0,3.2735998975113034,-1.12,-1.12,0.0,0.0,0.0,0.03250000000000003,18.964067661219417,14.964067661219417,strict_delta_max,2,cross_layer_handoff_executed
grid-treasure_fixed-split_seed2,2,fixed-split,grid-treasure,1,2,GA,1.5061364349955495,1.6713000368326902,-0.06999999999999995,-0.06999999999999995,0.5,0.0,0.8189175342018038,0.10717178680063962,14.964067661219417,13.457931226223867,strict_delta_max,1,cross_layer_handoff_executed
grid-treasure_fixed-split_seed2,2,fixed-split,grid-treasure,1,3,PSO,1.138152930681977,2.528199926018715,-1.12,-1.12,0.0,0.0,0.0,0.05648333593767272,13.457931226223867,12.319778295541889,strict_delta_max,1,cross_layer_handoff_executed
grid-treasure_fixed-split_seed2,2,fixed-split,grid-treasure,1,4,RL,1.6531780555544702,2.3606999311596155,-1.12,-1.12,0.0,0.0,0.0,0.0,12.319778295541889,10.66660023998742,strict_delta_max,2,cross_layer_handoff_executed
grid-treasure_fixed-split_seed2,2,fixed-split,grid-treasure,1,5,GA,3.89199335172641,1.809299923479557,-0.09499999999999997,-0.09499999999999997,0.5,0.0,0.7668710046910088,0.03233953276617344,10.66660023998742,6.774606888261009,strict_delta_max,1,cross_layer_handoff_executed
grid-treasure_fixed-split_seed2,2,fixed-split,grid-treasure,1,6,PSO,1.2598358797375702,1.7574999947100878,-1.0,-1.0,0.0,0.0,0.0,0.0897660842136489,6.774606888261009,5.514771008523439,strict_delta_max,1,cross_layer_handoff_executed
grid-treasure_fixed-split_seed2,2,fixed-split,grid-treasure,1,7,RL,2.293223093140829,2.6334000285714865,-1.12,-1.12,0.0,0.0,0.0,0.0,5.514771008523439,3.2215479153826103,strict_delta_max,2,cross_layer_handoff_executed
grid-treasure_fixed-split_seed2,2,fixed-split,grid-treasure,2,0,GA,3.0313871446115948,2.0737999584525824,-1.12,-1.12,0.0,0.0,0.7668710046910088,0.04993383289702889,22.0,18.968612855388404,strict_delta_max,1,cross_layer_handoff_executed
grid-treasure_fixed-split_seed2,2,fixed-split,grid-treasure,2,1,PSO,1.7612349902445743,2.299100044183433,-1.12,-1.12,0.0,0.0,0.0,0.06691824613037199,18.968612855388404,17.20737786514383,strict_delta_max,1,cross_layer_handoff_executed
grid-treasure_fixed-split_seed2,2,fixed-split,grid-treasure,2,2,RL,1.9013373260137705,3.610400017350912,-1.12,-1.12,0.0,0.0,0.0,0.0,17.20737786514383,15.30604053913006,strict_delta_max,2,cross_layer_handoff_executed
grid-treasure_fixed-split_seed2,2,fixed-split,grid-treasure,2,3,GA,1.3462409169364309,2.4977000430226326,-1.135,-1.135,0.0,0.0,0.7668710046910088,0.118975098789455,15.30604053913006,13.959799622193628,strict_delta_max,1,cross_layer_handoff_executed
grid-treasure_fixed-split_seed2,2,fixed-split,grid-treasure,2,4,PSO,1.1387559756188803,2.043000073172152,-0.07999999999999996,-0.07999999999999996,0.5,0.0,0.0,0.10180961841300246,13.959799622193628,12.821043646574749,strict_delta_max,1,cross_layer_handoff_executed
grid-treasure_fixed-split_seed2,2,fixed-split,grid-treasure,2,5,RL,1.5539695480718154,4.25949995405972,-1.12,-1.12,0.0,0.0,0.0,0.0,12.821043646574749,11.267074098502933,strict_delta_max,2,cross_layer_handoff_executed
grid-treasure_fixed-split_seed2,2,fixed-split,grid-treasure,2,6,GA,1.1115101470866477,2.3175999522209167,-0.08499999999999996,-0.08499999999999996,0.5,0.0,0.7467841859013832,0.096397658259096,11.267074098502933,10.155563951416285,strict_delta_max,1,cross_layer_handoff_executed
grid-treasure_fixed-split_seed2,2,fixed-split,grid-treasure,2,7,PSO,3.1470739495555695,2.0465999841690063,-0.09499999999999997,-0.09499999999999997,0.5,0.0,0.0,0.02453543364165067,10.155563951416285,7.008490001860716,strict_delta_max,1,cross_layer_handoff_executed
grid-treasure_fixed-split_seed2,2,fixed-split,grid-treasure,2,8,RL,2.97630746280092,2.4979000445455313,-1.12,-1.12,0.0,0.0,0.0,0.036958547251862935,7.008490001860716,4.0321825390597965,strict_delta_max,2,cross_layer_handoff_executed
grid-treasure_fixed-split_seed2,2,fixed-split,grid-treasure,2,9,GA,3.4451888595990283,2.278300002217293,-0.10999999999999999,-0.10999999999999999,0.5,0.0,0.6896184569682962,0.03391612680656198,4.0321825390597965,0.5869936794607682,strict_delta_max,1,cross_layer_handoff_executed
grid-treasure_fixed-split_seed2,2,fixed-split,grid-treasure,3,0,PSO,3.1874809694966126,2.332399948500097,-1.145,-1.145,0.0,0.0,0.0,0.04944306089534031,22.0,18.81251903050339,strict_delta_max,1,cross_layer_handoff_executed
grid-treasure_fixed-split_seed2,2,fixed-split,grid-treasure,3,1,RL,2.9088523361849923,2.9275999404489994,-0.06999999999999995,-0.06999999999999995,0.5,0.0,0.0,0.0,18.81251903050339,15.903666694318396,strict_delta_max,2,cross_layer_handoff_executed
grid-treasure_fixed-split_seed2,2,fixed-split,grid-treasure,3,2,GA,1.3987878776491236,1.7025000415742397,-0.06999999999999995,-0.06999999999999995,0.5,0.0,0.6038719510383954,0.10214333214408196,15.903666694318396,14.504878816669272,strict_delta_max,1,cross_layer_handoff_executed
grid-treasure_fixed-split_seed2,2,fixed-split,grid-treasure,3,3,PSO,1.3934486104922021,2.1345000714063644,-0.09499999999999997,-0.09499999999999997,0.5,0.0,0.0,0.06709094899247027,14.504878816669272,13.11143020617707,strict_delta_max,1,cross_layer_handoff_executed
grid-treasure_fixed-split_seed2,2,fixed-split,grid-treasure,3,4,RL,1.6035975270961769,3.0651999404653907,-0.06999999999999995,-0.06999999999999995,0.5,0.0,0.0,0.0,13.11143020617707,11.507832679080893,strict_delta_max,2,cross_layer_handoff_executed
grid-treasure_fixed-split_seed2,2,fixed-split,grid-treasure,3,5,GA,3.113041615168579,1.886500045657158,-0.09499999999999997,-0.09499999999999997,0.5,0.0,0.5516764159936336,0.03654375351356408,11.507832679080893,8.394791063912315,strict_delta_max,1,cross_layer_handoff_executed
grid-treasure_fixed-split_seed2,2,fixed-split,grid-treasure,3,6,PSO,1.3584570956379494,1.8349000019952655,-0.06999999999999995,-0.06999999999999995,0.5,0.0,0.0,0.03683893078088622,8.394791063912315,7.0363339682743655,strict_delta_max,1,cross_layer_handoff_executed
grid-treasure_fixed-split_seed2,2,fixed-split,grid-treasure,3,7,RL,1.9969066180345878,2.4064999306574464,-0.06999999999999995,-0.06999999999999995,0.5,0.0,0.0,0.020030981738830216,7.0363339682743655,5.0394273502397775,strict_delta_max,2,cross_layer_handoff_executed
grid-treasure_fixed-split_seed2,2,fixed-split,grid-treasure,3,8,GA,2.5408954315293975,1.945299911312759,-0.09499999999999997,-0.09499999999999997,0.5,0.0,0.507070306340089,0.06001179650150377,5.0394273502397775,2.49853191871038,strict_delta_max,1,cross_layer_handoff_executed
grid-treasure_fixed-split_seed2,2,fixed-split,grid-treasure,4,0,PSO,1.0846313290735214,1.825300045311451,-0.06999999999999995,-0.06999999999999995,0.5,0.0,0.0,0.033402943370583194,22.0,20.91536867092648,strict_delta_max,1,cross_layer_handoff_executed
grid-treasure_fixed-split_seed2,2,fixed-split,grid-treasure,4,1,RL,3.037994776016133,4.373600007966161,-0.13,-0.13,0.5,0.0,0.0,0.0,20.91536867092648,17.877373894910345,strict_delta_max,2,cross_layer_handoff_executed
grid-treasure_fixed-split_seed2,2,fixed-split,grid-treasure,4,2,GA,2.866654054784691,2.055699937045574,-0.09499999999999997,-0.09499999999999997,0.5,0.0,0.507070306340089,0.0415671424021782,17.877373894910345,15.010719840125654,strict_delta_max,1,cross_layer_handoff_executed
grid-treasure_fixed-split_seed2,2,fixed-split,grid-treasure,4,3,PSO,1.5779710952029378,2.2516000317409635,-1.1,-1.1,0.0,0.0,0.0,0.05523733225647863,15.010719840125654,13.432748744922716,strict_delta_max,1,cross_layer_handoff_executed
grid-treasure_fixed-split_seed2,2,fixed-split,grid-treasure,4,4,RL,3.4931468294178374,3.5526000428944826,-0.10499999999999998,-0.10499999999999998,0.5,0.0,0.0,0.011450993031021938,13.432748744922716,9.939601915504879,strict_delta_max,2,cross_layer_handoff_executed
grid-treasure_fixed-split_seed2,2,fixed-split,grid-treasure,4,5,GA,3.531098879177328,2.05210002604872,-0.09499999999999997,-0.09499999999999997,0.5,0.0,0.507070306340089,0.02054909193077191,9.939601915504879,6.40850303632755,strict_delta_max,1,cross_layer_handoff_executed
grid-treasure_fixed-split_seed2,2,fixed-split,grid-treasure,4,6,PSO,1.7520544343397648,2.2767999907955527,-1.12,-1.12,0.0,0.0,0.0,0.028630685930462724,6.40850303632755,4.656448601987785,strict_delta_max,1,cross_layer_handoff_executed
grid-treasure_fixed-split_seed2,2,fixed-split,grid-treasure,4,7,RL,3.6058187557076344,3.7251999601721764,-0.09499999999999997,-0.09499999999999997,0.5,0.0,0.0,0.0,4.656448601987785,1.0506298462801507,strict_delta_max,2,cross_layer_handoff_executed
grid-treasure_fixed-split_seed2,2,fixed-split,grid-treasure,5,0,GA,1.8271547633861547,1.7561999848112464,0.010000000000000009,0.010000000000000009,0.5,0.043783921101319755,0.5157857241307565,0.0507875360086726,22.0,20.172845236613846,strict_delta_max,1,cross_layer_handoff_executed
grid-treasure_fixed-split_seed2,2,fixed-split,grid-treasure,5,1,PSO,2.755038975644727,2.4039000272750854,-0.09499999999999997,-0.09499999999999997,0.5,0.0,0.0,0.03237288976902153,20.172845236613846,17.41780626096912,strict_delta_max,1,cross_layer_handoff_executed
grid-treasure_fixed-split_seed2,2,fixed-split,grid-treasure,5,2,RL,1.621780311731351,3.2612000359222293,-0.09499999999999997,-0.09499999999999997,0.5,0.0,0.0,0.012332126524984619,17.41780626096912,15.796025949237768,strict_delta_max,2,cross_layer_handoff_executed
grid-treasure_fixed-split_seed2,2,fixed-split,grid-treasure,5,3,GA,2.941844489311082,1.7291000112891197,-0.06999999999999995,-0.06999999999999995,0.5,0.0,0.5056629848647204,0.04312469713026957,15.796025949237768,12.854181459926686,strict_delta_max,1,cross_layer_handoff_executed
grid-treasure_fixed-split_seed2,2,fixed-split,grid-treasure,5,4,PSO,3.5530345299543096,2.0839000353589654,-0.09499999999999997,-0.09499999999999997,0.5,0.0,0.0,0.027740763834077756,12.854181459926686,9.301146929972376,strict_delta_max,1,cross_layer_handoff_executed
grid-treasure_fixed-split_seed2,2,fixed-split,grid-treasure,5,5,RL,2.278258791703387,2.24459997843951,-0.09499999999999997,-0.09499999999999997,0.5,0.0,0.0,0.004389316980325709,9.301146929972376,7.022888138268989,strict_delta_max,2,cross_layer_handoff_executed
grid-treasure_fixed-split_seed2,2,fixed-split,grid-treasure,5,6,GA,3.8317668736045585,2.6364000514149666,-0.13,-0.13,0.5,0.0,0.5056629848647204,0.030203980786535203,7.022888138268989,3.1911212646644307,strict_delta_max,1,cross_layer_handoff_executed
grid-treasure_round-robin_seed0,0,round-robin,grid-treasure,0,0,GA,3.2127778257737645,2.0153000950813293,0.025000000000000022,0.025000000000000022,0.5,0.0,0.8931030542994856,0.05487385891284679,22.0,18.787222174226237,strict_delta_max,1,cross_layer_handoff_executed
grid-treasure_round-robin_seed0,0,round-robin,grid-treasure,0,1,PSO,1.240539447270699,1.2971999822184443,0.010000000000000009,0.010000000000000009,0.5,0.0,0.0,0.1382138938747343,18.787222174226237,17.546682726955538,strict_delta_max,1,cross_layer_handoff_executed
grid-treasure_round-robin_seed0,0,round-robin,grid-treasure,0,2,RL,3.0155307486080147,2.871599979698658,-1.135,-1.135,0.0,0.0,0.0,0.0,17.546682726955538,14.531151978347523,strict_delta_max,2,cross_layer_handoff_executed
grid-treasure_round-robin_seed0,0,round-robin,grid-treasure,0,3,GA,2.659460384195745,1.4301000628620386,0.025000000000000022,0.025000000000000022,0.5,0.0,0.8754084243546231,0.0546770053002769,14.531151978347523,11.871691594151779,strict_delta_max,1,cross_layer_handoff_executed
grid-treasure_round-robin_seed0,0,round-robin,grid-treasure,0,4,PSO,3.298536398613016,2.8469000244513154,-1.225,-1.225,0.0,0.0,0.0,0.037742041008579905,11.871691594151779,8.573155195538764,strict_delta_max,1,cross_layer_handoff_executed
grid-treasure_round-robin_seed0,0,round-robin,grid-treasure,0,5,RL,3.619879158304743,2.319399965927005,-0.07499999999999996,-0.07499999999999996,0.5,0.0,0.0,0.01105009262760384,8.573155195538764,4.953276037234021,strict_delta_max,2,cross_layer_handoff_executed
grid-treasure_round-robin_seed0,0,round-robin,grid-treasure,0,6,GA,2.986903711950858,1.6003999626263976,0.025000000000000022,0.025000000000000022,0.5,0.0,0.8089314407145728,0.04448334011898654,4.953276037234021,1.9663723252831629,strict_delta_max,1,cross_layer_handoff_executed
grid-treasure_round-robin_seed0,0,round-robin,grid-treasure,1,0,PSO,1.6663911333067114,1.7862000968307257,-1.0699999999999998,-1.0699999999999998,0.0,0.0,0.0,0.09014254428411451,22.0,20.33360886669329,strict_delta_max,1,cross_layer_handoff_executed
grid-treasure_round-robin_seed0,0,round-robin,grid-treasure,1,1,RL,1.911591196405813,2.1928000496700406,0.010000000000000009,0.010000000000000009,0.5,0.0,0.0,1.051480046455129,20.33360886669329,18.422017670287477,strict_delta_max,2,cross_layer_handoff_executed
grid-treasure_round-robin_seed0,0,round-robin,grid-treasure,1,2,GA,1.2021036244648466,1.383800059556961,0.025000000000000022,0.025000000000000022,0.5,0.0,0.7337264185087455,0.11969196506391623,18.422017670287477,17.21991404582263,strict_delta_max,1,cross_layer_handoff_executed
grid-treasure_round-robin_seed0,0,round-robin,grid-treasure,1,3,PSO,1.588517437152293,1.5056999400258064,0.025000000000000022,0.025000000000000022,0.5,0.0,0.0,0.08334409797848809,17.21991404582263,15.631396608670338,strict_delta_max,1,cross_layer_handoff_executed
grid-treasure_round-robin_seed0,0,round-robin,grid-treasure,1,4,RL,1.7652171229546167,1.6459000762552023,0.030000000000000027,0.030000000000000027,0.5,0.0028325127458717456,0.0,0.0,15.631396608670338,13.86617948571572,strict_delta_max,2,cross_layer_handoff_executed
grid-treasure_round-robin_seed0,0,round-robin,grid-treasure,1,5,GA,1.192276019740498,1.4046999858692288,0.025000000000000022,0.025000000000000022,0.5,0.0,0.7296562057328728,0.10560968736444179,13.86617948571572,12.673903465975222,strict_delta_max,1,cross_layer_handoff_executed
grid-treasure_round-robin_seed0,0,round-robin,grid-treasure,1,6,PSO,1.2078564187023542,1.7471000319346786,0.025000000000000022,0.025000000000000022,0.5,0.0,0.0,0.13205147628888905,12.673903465975222,11.466047047272868,strict_delta_max,1,cross_layer_handoff_executed
grid-treasure_round-robin_seed0,0,round-robin,grid-treasure,1,7,RL,2.4784460018601084,3.6793999606743455,0.030000000000000027,0.030000000000000027,0.5,0.0,0.0,0.7787137579561985,11.466047047272868,8.98760104541276,strict_delta_max,2,cross_layer_handoff_executed
grid-treasure_round-robin_seed0,0,round-robin,grid-treasure,1,8,GA,3.4409047630003293,1.402100082486868,0.025000000000000022,0.025000000000000022,0.5,0.0,0.7157842771858526,0.04292567567179621,8.98760104541276,5.54669628241243,strict_delta_max,1,cross_layer_handoff_executed
grid-treasure_round-robin_seed0,0,round-robin,grid-treasure,1,9,PSO,2.503447681985216,1.5107999788597226,0.020000000000000018,0.020000000000000018,0.5,0.0,0.0,0.05086813826889947,5.54669628241243,3.0432486004272143,strict_delta_max,1,cross_layer_handoff_executed
grid-treasure_round-robin_seed0,0,round-robin,grid-treasure,2,0,RL,1.1778177618203227,2.0037000067532063,0.025000000000000022,0.025000000000000022,0.5,0.0,0.0,0.0,22.0,20.82218223817968,strict_delta_max,2,cross_layer_handoff_executed
grid-treasure_round-robin_seed0,0,round-robin,grid-treasure,2,1,GA,3.338838565311309,1.4622999588027596,0.025000000000000022,0.025000000000000022,0.5,0.0,0.7157842771858526,0.027484559993904353,20.82218223817968,17.48334367286837,strict_delta_max,1,cross_layer_handoff_executed
grid-treasure_round-robin_seed0,0,round-robin,grid-treasure,2,2,PSO,3.152416723963589,1.6871999250724912,-1.06,-1.06,0.0,0.0,0.0,0.038081492699909195,17.48334367286837,14.330926948904779,strict_delta_max,1,cross_layer_handoff_executed
grid-treasure_round-robin_seed0,0,round-robin,grid-treasure,2,3,RL,3.083842197612888,2.253200043924153,0.025000000000000022,0.025000000000000022,0.5,0.0,0.0,0.6712405717783896,14.330926948904779,11.24708475129189,strict_delta_max,2,cross_layer_handoff_executed
grid-treasure_round-robin_seed0,0,round-robin,grid-treasure,2,4,GA,1.5959601187479744,1.41629995778203,0.025000000000000022,0.025000000000000022,0.5,0.0,0.7157842771858526,0.0902195029468794,11.24708475129189,9.651124632543915,strict_delta_max,1,cross_layer_handoff_executed
grid-treasure_round-robin_seed0,0,round-robin,grid-treasure,2,5,PSO,1.3583915449176174,1.5616000164300203,0.025000000000000022,0.025000000000000022,0.5,0.0,0.0,0.06801663008843986,9.651124632543915,8.292733087626297,strict_delta_max,1,cross_layer_handoff_executed
grid-treasure_round-robin_seed0,0,round-robin,grid-treasure,2,6,RL,1.9769083868079425,2.597699989564717,0.025000000000000022,0.025000000000000022,0.5,0.0,0.0,0.0,8.292733087626297,6.3158247008183555,strict_delta_max,2,cross_layer_handoff_executed
grid-treasure_round-robin_seed0,0,round-robin,grid-treasure,2,7,GA,2.3504844981250144,1.44470005761832,0.025000000000000022,0.025000000000000022,0.5,0.0,0.7157842771858526,0.059377812992479274,6.3158247008183555,3.965340202693341,strict_delta_max,1,cross_layer_handoff_executed
grid-treasure_round-robin_seed0,0,round-robin,grid-treasure,3,0,PSO,1.361028059531196,1.4767999527975917,0.025000000000000022,0.025000000000000022,0.5,0.0,0.0,0.12369540121194694,22.0,20.638971940468803,strict_delta_max,1,cross_layer_handoff_executed
grid-treasure_round-robin_seed0,0,round-robin,grid-treasure,3,1,RL,4.0,2.246399992145598,0.025000000000000022,0.025000000000000022,0.5,0.0,0.0,0.04000000000000001,20.638971940468803,16.638971940468803,strict_delta_max,2,cross_layer_handoff_executed
grid-treasure_round-robin_seed0,0,round-robin,grid-treasure,3,2,GA,1.3320942750459381,2.2583999671041965,-1.225,-1.225,0.0,0.0,0.7157842771858526,0.11157714590188063,16.638971940468803,15.306877665422865,strict_delta_max,1,cross_layer_handoff_executed
grid-treasure_round-robin_seed0,0,round-robin,grid-treasure,3,3,PSO,1.6967719168408875,1.5174000291153789,0.025000000000000022,0.025000000000000022,0.5,0.0,0.0,0.1008681866268687,15.306877665422865,13.610105748581978,strict_delta_max,1,cross_layer_handoff_executed
grid-treasure_round-robin_seed0,0,round-robin,grid-treasure,3,4,RL,2.7107205683670657,2.586500020697713,0.025000000000000022,0.025000000000000022,0.5,0.0,0.0,0.0,13.610105748581978,10.899385180214912,strict_delta_max,2,cross_layer_handoff_executed
grid-treasure_round-robin_seed0,0,round-robin,grid-treasure,3,5,GA,3.3052494332797067,1.252500107511878,0.019999999999999962,0.019999999999999962,0.5,0.0,0.7157842771858526,0.04920160548833136,10.899385180214912,7.594135746935205,strict_delta_max,1,cross_layer_handoff_executed
grid-treasure_round-robin_seed0,0,round-robin,grid-treasure,3,6,PSO,3.019263165813034,1.8103000475093722,0.025000000000000022,0.025000000000000022,0.5,0.0,0.0,0.05341304204742464,7.594135746935205,4.574872581122171,strict_delta_max,1,cross_layer_handoff_executed
grid-treasure_round-robin_seed0,0,round-robin,grid-treasure,3,7,RL,3.897749239844337,2.2353000240400434,0.025000000000000022,0.025000000000000022,0.5,0.0,0.0,0.04104933133317468,4.574872581122171,0.6771233412778339,strict_delta_max,2,cross_layer_handoff_executed
grid-treasure_round-robin_seed0,0,round-robin,grid-treasure,4,0,GA,1.8542049927961244,1.3987000565975904,0.025000000000000022,0.025000000000000022,0.5,0.0,0.7157842771858526,0.07735509978739423,22.0,20.145795007203876,strict_delta_max,1,cross_layer_handoff_executed
grid-treasure_round-robin_seed0,0,round-robin,grid-treasure,4,1,PSO,1.716641844108974,1.70669995713979,0.025000000000000022,0.025000000000000022,0.5,0.0,0.0,0.08683063784779903,20.145795007203876,18.429153163094902,strict_delta_max,1,cross_layer_handoff_executed
grid-treasure_round-robin_seed0,0,round-robin,grid-treasure,4,2,RL,2.3795360195566517,2.464400022290647,0.025000000000000022,0.025000000000000022,0.5,0.0,0.0,0.0,18.429153163094902,16.04961714353825,strict_delta_max,2,cross_layer_handoff_executed
grid-treasure_round-robin_seed0,0,round-robin,grid-treasure,4,3,GA,1.3348441587492532,1.4992000069469213,0.025000000000000022,0.025000000000000022,0.5,0.0,0.7157842771858526,0.0840824874376289,16.04961714353825,14.714772984788997,strict_delta_max,1,cross_layer_handoff_executed
grid-treasure_round-robin_seed0,0,round-robin,grid-treasure,4,4,PSO,3.3924134257242198,1.8073000246658921,0.025000000000000022,0.025000000000000022,0.5,0.0,0.0,0.03658154813203386,14.714772984788997,11.322359559064777,strict_delta_max,1,cross_layer_handoff_executed
grid-treasure_round-robin_seed0,0,round-robin,grid-treasure,4,5,RL,2.3441406536096365,2.5897000450640917,0.025000000000000022,0.025000000000000022,0.5,0.0,0.0,0.0,11.322359559064777,8.97821890545514,strict_delta_max,2,cross_layer_handoff_executed
grid-treasure_round-robin_seed0,0,round-robin,grid-treasure,4,6,GA,1.8227593698697802,1.4019999653100967,0.025000000000000022,0.025000000000000022,0.5,0.0,0.7157842771858526,0.0640903054874271,8.97821890545514,7.15545953558536,strict_delta_max,1,cross_layer_handoff_executed
grid-treasure_round-robin_seed0,0,round-robin,grid-treasure,4,7,PSO,3.1836319525237773,1.5782000264152884,0.025000000000000022,0.025000000000000022,0.5,0.0,0.0,0.03343670310757019,7.15545953558536,3.9718275830615823,strict_delta_max,1,cross_layer_handoff_executed
grid-treasure_round-robin_seed0,0,round-robin,grid-treasure,5,0,RL,1.61035046258269,2.199200098402798,0.025000000000000022,0.025000000000000022,0.5,0.0,0.0,1.3102737876176154,22.0,20.38964953741731,strict_delta_max,2,cross_layer_handoff_executed
grid-treasure_round-robin_seed0,0,round-robin,grid-treasure,5,1,GA,1.1387097874724046,1.307500060647726,0.025000000000000022,0.025000000000000022,0.5,0.0,0.7157842771858526,0.14554145960533849,20.38964953741731,19.250939749944905,strict_delta_max,1,cross_layer_handoff_executed
grid-treasure_round-robin_seed0,0,round-robin,grid-treasure,5,2,PSO,1.0,1.5722999814897776,0.025000000000000022,0.025000000000000022,0.5,0.0,0.0,0.1344690667654005,19.250939749944905,18.250939749944905,strict_delta_max,1,cross_layer_handoff_executed
grid-treasure_round-robin_seed0,0,round-robin,grid-treasure,5,3,RL,2.4711965890131906,3.1702000414952636,0.025000000000000022,0.025000000000000022,0.5,0.0,0.0,0.0,18.250939749944905,15.779743160931714,strict_delta_max,2,cross_layer_handoff_executed
grid-treasure_round-robin_seed0,0,round-robin,grid-treasure,5,4,GA,2.913519751830174,1.7274999991059303,-0.08000000000000002,-0.08000000000000002,0.5,0.0,0.7157842771858526,0.03594936909362616,15.779743160931714,12.86622340910154,strict_delta_max,1,cross_layer_handoff_executed
grid-treasure_round-robin_seed0,0,round-robin,grid-treasure,5,5,PSO,3.49162539950328,1.5147000085562468,0.025000000000000022,0.025000000000000022,0.5,0.0,0.0,0.03088650669238966,12.86622340910154,9.374598009598259,strict_delta_max,1,cross_layer_handoff_executed
grid-treasure_round-robin_seed0,0,round-robin,grid-treasure,5,6,RL,2.4634860929091675,2.6781000196933746,0.025000000000000022,0.025000000000000022,0.5,0.0,0.0,0.060889322830665095,9.374598009598259,6.911111916689091,strict_delta_max,2,cross_layer_handoff_executed
grid-treasure_round-robin_seed0,0,round-robin,grid-treasure,5,7,GA,1.6531298835912762,1.428399933502078,0.025000000000000022,0.025000000000000022,0.5,0.0,0.7157842771858526,0.08444910807209037,6.911111916689091,5.257982033097814,strict_delta_max,1,cross_layer_handoff_executed
grid-treasure_round-robin_seed0,0,round-robin,grid-treasure,5,8,PSO,3.5138667201637035,1.506800064817071,0.025000000000000022,0.025000000000000022,0.5,0.0,0.0,0.03700143135896763,5.257982033097814,1.744115312934111,strict_delta_max,1,cross_layer_handoff_executed
grid-treasure_round-robin_seed1,1,round-robin,grid-treasure,0,0,GA,1.824988789829238,2.163599943742156,-1.05,-1.05,0.0,0.0,0.8643655984494946,0.08235453439285725,22.0,20.175011210170762,strict_delta_max,1,cross_layer_handoff_executed
grid-treasure_round-robin_seed1,1,round-robin,grid-treasure,0,1,PSO,2.1742379665759692,2.009300049394369,0.010000000000000009,0.010000000000000009,0.5,0.0,0.0,0.07738612075064231,20.175011210170762,18.000773243594793,strict_delta_max,1,cross_layer_handoff_executed
grid-treasure_round-robin_seed1,1,round-robin,grid-treasure,0,2,RL,4.0,3.1274999491870403,-1.0550000000000002,-1.0550000000000002,0.0,0.0,0.0,0.0,18.000773243594793,14.000773243594793,strict_delta_max,2,cross_layer_handoff_executed
grid-treasure_round-robin_seed1,1,round-robin,grid-treasure,0,3,GA,3.460774059507657,1.3715000823140144,0.0,0.0,0.5,0.0,0.7931361172545822,0.03752583778844092,14.000773243594793,10.539999184087137,strict_delta_max,1,cross_layer_handoff_executed
grid-treasure_round-robin_seed1,1,round-robin,grid-treasure,0,4,PSO,2.0008536891128346,2.3798999609425664,-1.04,-1.04,0.0,0.0,0.0,0.051395187414308784,10.539999184087137,8.539145494974303,strict_delta_max,1,cross_layer_handoff_executed
grid-treasure_round-robin_seed1,1,round-robin,grid-treasure,0,5,RL,2.7485011236861947,4.342200001701713,-1.05,-1.05,0.0,0.0,0.0,0.014553386809736208,8.539145494974303,5.790644371288108,strict_delta_max,2,cross_layer_handoff_executed
grid-treasure_round-robin_seed1,1,round-robin,grid-treasure,0,6,GA,2.7020960693144445,1.6544000245630741,-1.08,-1.08,0.0,0.0,0.7008340842935765,0.032199094834929366,5.790644371288108,3.0885483019736637,strict_delta_max,1,cross_layer_handoff_executed
grid-treasure_round-robin_seed1,1,round-robin,grid-treasure,1,0,PSO,2.295104876251857,2.006300026550889,0.010000000000000009,0.010000000000000009,0.5,0.0,0.0,0.05757072288614942,22.0,19.704895123748145,strict_delta_max,1,cross_layer_handoff_executed
grid-treasure_round-robin_seed1,1,round-robin,grid-treasure,1,1,RL,3.470270163333467,2.355600008741021,-1.0550000000000002,-1.0550000000000002,0.0,0.0,0.0,0.03457944031790617,19.704895123748145,16.234624960414678,strict_delta_max,2,cross_layer_handoff_executed
grid-treasure_round-robin_seed1,1,round-robin,grid-treasure,1,2,GA,2.6446531908504545,1.2531999964267015,0.0,0.0,0.5,0.0,0.587050156845271,0.04917995822641878,16.234624960414678,13.589971769564222,strict_delta_max,1,cross_layer_handoff_executed
grid-treasure_round-robin_seed1,1,round-robin,grid-treasure,1,3,PSO,1.048953610537581,2.118999953381717,0.010000000000000009,0.010000000000000009,0.5,0.0,0.0,0.10838583167019007,13.589971769564222,12.541018159026642,strict_delta_max,1,cross_layer_handoff_executed
grid-treasure_round-robin_seed1,1,round-robin,grid-treasure,1,4,RL,3.3464353588503535,2.680299920029938,-1.08,-1.08,0.0,0.0,0.0,0.008964763033793169,12.541018159026642,9.194582800176288,strict_delta_max,2,cross_layer_handoff_executed
grid-treasure_round-robin_seed1,1,round-robin,grid-treasure,1,5,GA,2.9299610110861365,1.4325999654829502,-1.025,-1.025,0.0,0.0,0.594233575450996,0.043615134640600975,9.194582800176288,6.264621789090151,strict_delta_max,1,cross_layer_handoff_executed
grid-treasure_round-robin_seed1,1,round-robin,grid-treasure,1,6,PSO,3.5836735635578916,1.9495999440550804,0.010000000000000009,0.010000000000000009,0.5,0.0,0.0,0.030141211367583763,6.264621789090151,2.68094822553226,strict_delta_max,1,cross_layer_handoff_executed
grid-treasure_round-robin_seed1,1,round-robin,grid-treasure,2,0,RL,1.7600278885807048,2.1636999445036054,-1.08,-1.08,0.0,0.0,0.0,0.01704518445113513,22.0,20.239972111419295,strict_delta_max,2,cross_layer_handoff_executed
grid-treasure_round-robin_seed1,1,round-robin,grid-treasure,2,1,GA,1.0283804123806597,1.460700063034892,0.0050000000000000044,0.0050000000000000044,0.5,0.0,0.615860430993454,0.12422071385560951,20.239972111419295,19.211591699038635,strict_delta_max,1,cross_layer_handoff_executed
grid-treasure_round-robin_seed1,1,round-robin,grid-treasure,2,2,PSO,3.5807414256660484,1.9608000293374062,0.010000000000000009,0.010000000000000009,0.5,0.0,0.0,0.02596033294839066,19.211591699038635,15.630850273372587,strict_delta_max,1,cross_layer_handoff_executed
grid-treasure_round-robin_seed1,1,round-robin,grid-treasure,2,3,RL,3.106232181567027,3.317900002002716,-1.08,-1.08,0.0,0.0,0.0,0.0,15.630850273372587,12.52461809180556,strict_delta_max,2,cross_layer_handoff_executed
grid-treasure_round-robin_seed1,1,round-robin,grid-treasure,2,4,GA,2.410179956330361,1.6546000260859728,0.010000000000000009,0.010000000000000009,0.5,0.0,0.6457060898751952,0.053003827421019445,12.52461809180556,10.1144381354752,strict_delta_max,1,cross_layer_handoff_executed
grid-treasure_round-robin_seed1,1,round-robin,grid-treasure,2,5,PSO,3.0831472135316935,1.8315999768674374,0.010000000000000009,0.010000000000000009,0.5,0.0,0.0,0.04939743163120048,10.1144381354752,7.031290921943507,strict_delta_max,1,cross_layer_handoff_executed
grid-treasure_round-robin_seed1,1,round-robin,grid-treasure,2,6,RL,2.9658090762735356,3.3623999916017056,-1.0750000000000002,-1.0750000000000002,0.0,0.0,0.0,0.0269740896809575,7.031290921943507,4.0654818456699715,strict_delta_max,2,cross_layer_handoff_executed
grid-treasure_round-robin_seed1,1,round-robin,grid-treasure,2,7,GA,2.7244855280936053,1.78829999640584,0.010000000000000009,0.010000000000000009,0.5,0.0,0.6197168923766674,0.0392995867894561,4.0654818456699715,1.3409963175763662,strict_delta_max,1,cross_layer_handoff_executed
grid-treasure_round-robin_seed1,1,round-robin,grid-treasure,3,0,PSO,2.9371187622318797,1.8056000117212534,0.010000000000000009,0.010000000000000009,0.5,0.0,0.0,0.03785060873339655,22.0,19.06288123776812,strict_delta_max,1,cross_layer_handoff_executed
grid-treasure_round-robin_seed1,1,round-robin,grid-treasure,3,1,RL,3.6174844740033185,2.279600012116134,0.010000000000000009,0.010000000000000009,0.5,0.0,0.0,0.0,19.06288123776812,15.445396763764801,strict_delta_max,2,cross_layer_handoff_executed
grid-treasure_round-robin_seed1,1,round-robin,grid-treasure,3,2,GA,1.2826114920861778,1.3420999748632312,0.0,0.0,0.5,0.0,0.5902023103478207,0.07301314931413753,15.445396763764801,14.162785271678624,strict_delta_max,1,cross_layer_handoff_executed
grid-treasure_round-robin_seed1,1,round-robin,grid-treasure,3,3,PSO,2.430656312131491,1.9616999197751284,0.010000000000000009,0.010000000000000009,0.5,0.0,0.0,0.05597978500857115,14.162785271678624,11.732128959547133,strict_delta_max,1,cross_layer_handoff_executed
grid-treasure_round-robin_seed1,1,round-robin,grid-treasure,3,4,RL,4.0,2.912999945692718,0.010000000000000009,0.010000000000000009,0.5,0.0,0.0,0.017500000000000016,11.732128959547133,7.732128959547133,strict_delta_max,2,cross_layer_handoff_executed
grid-treasure_round-robin_seed1,1,round-robin,grid-treasure,3,5,GA,3.9025507300998754,1.8229000270366669,0.010000000000000009,0.010000000000000009,0.5,0.0,0.5762153690086328,0.02125562615495949,7.732128959547133,3.8295782294472573,strict_delta_max,1,cross_layer_handoff_executed
grid-treasure_round-robin_seed1,1,round-robin,grid-treasure,4,0,PSO,2.7306178130860688,1.820000004954636,0.010000000000000009,0.010000000000000009,0.5,0.0,0.0,0.05362138034953934,22.0,19.26938218691393,strict_delta_max,1,cross_layer_handoff_executed
grid-treasure_round-robin_seed1,1,round-robin,grid-treasure,4,1,RL,1.1939780233250012,4.0577000472694635,0.010000000000000009,0.010000000000000009,0.5,0.0,0.0,1.6164451625544312,19.26938218691393,18.075404163588928,strict_delta_max,2,cross_layer_handoff_executed
grid-treasure_round-robin_seed1,1,round-robin,grid-treasure,4,2,GA,1.3839085336721815,1.3458000030368567,0.0,0.0,0.5,0.0,0.5458355359992891,0.08402736669551732,18.075404163588928,16.691495629916748,strict_delta_max,1,cross_layer_handoff_executed
grid-treasure_round-robin_seed1,1,round-robin,grid-treasure,4,3,PSO,3.464492318718444,1.845399965532124,0.010000000000000009,0.010000000000000009,0.5,0.0,0.0,0.05238062712661459,16.691495629916748,13.227003311198304,strict_delta_max,1,cross_layer_handoff_executed
grid-treasure_round-robin_seed1,1,round-robin,grid-treasure,4,4,RL,1.7770238141978514,3.377599990926683,0.010000000000000009,0.010000000000000009,0.5,0.0,0.0,0.0,13.227003311198304,11.449979497000452,strict_delta_max,2,cross_layer_handoff_executed
grid-treasure_round-robin_seed1,1,round-robin,grid-treasure,4,5,GA,1.4513358066635338,1.7872999887913465,0.010000000000000009,0.010000000000000009,0.5,0.0,0.5050410451060429,0.0740478752977373,11.449979497000452,9.998643690336918,strict_delta_max,1,cross_layer_handoff_executed
grid-treasure_round-robin_seed1,1,round-robin,grid-treasure,4,6,PSO,2.735678073608988,1.8096000421792269,0.010000000000000009,0.010000000000000009,0.5,0.0,0.0,0.06337640869063484,9.998643690336918,7.26296561672793,strict_delta_max,1,cross_layer_handoff_executed
grid-treasure_round-robin_seed1,1,round-robin,grid-treasure,4,7,RL,4.0,4.691100097261369,0.010000000000000009,0.010000000000000009,0.5,0.0,0.0,0.0,7.26296561672793,3.2629656167279304,strict_delta_max,2,cross_layer_handoff_executed
grid-treasure_round-robin_seed1,1,round-robin,grid-treasure,5,0,GA,2.703258426103941,1.8541999161243439,-1.05,-1.05,0.0,0.0,0.5050410451060429,0.026628771117720145,22.0,19.29674157389606,strict_delta_max,1,cross_layer_handoff_executed
grid-treasure_round-robin_seed1,1,round-robin,grid-treasure,5,1,PSO,1.0,1.9796000560745597,0.010000000000000009,0.010000000000000009,0.5,0.0,0.0,0.1632497408234168,19.29674157389606,18.29674157389606,strict_delta_max,1,cross_layer_handoff_executed
grid-treasure_round-robin_seed1,1,round-robin,grid-treasure,5,2,RL,2.4633270942216523,2.6071000611409545,0.010000000000000009,0.010000000000000009,0.5,0.0,0.0,0.08525055421693989,18.29674157389606,15.833414479674408,strict_delta_max,2,cross_layer_handoff_executed
grid-treasure_round-robin_seed1,1,round-robin,grid-treasure,5,3,GA,3.5873035180765203,1.8258999334648252,0.010000000000000009,0.010000000000000009,0.5,0.0,0.5050410451060429,0.03328235024771048,15.833414479674408,12.246110961597887,strict_delta_max,1,cross_layer_handoff_executed
grid-treasure_round-robin_seed1,1,round-robin,grid-treasure,5,4,PSO,1.0957797709644572,1.8172001000493765,0.010000000000000009,0.010000000000000009,0.5,0.0,0.0,0.12619224259937234,12.246110961597887,11.15033119063343,strict_delta_max,1,cross_layer_handoff_executed
grid-treasure_round-robin_seed1,1,round-robin,grid-treasure,5,5,RL,1.268289352077336,2.8557999758049846,0.010000000000000009,0.010000000000000009,0.5,0.0,0.0,1.7030813957888458,11.15033119063343,9.882041838556095,strict_delta_max,2,cross_layer_handoff_executed
grid-treasure_round-robin_seed1,1,round-robin,grid-treasure,5,6,GA,3.4635948921009017,1.702900044620037,0.010000000000000009,0.010000000000000009,0.5,0.0,0.5050410451060429,0.038448517385180084,9.882041838556095,6.418446946455193,strict_delta_max,1,cross_layer_handoff_executed
grid-treasure_round-robin_seed1,1,round-robin,grid-treasure,5,7,PSO,3.081755242944325,1.9833000842481852,0.010000000000000009,0.010000000000000009,0.5,0.0,0.0,0.060556372492239725,6.418446946455193,3.336691703510868,strict_delta_max,1,cross_layer_handoff_executed
grid-treasure_round-robin_seed2,2,round-robin,grid-treasure,0,0,GA,3.9053653955254966,3.6524999886751175,-0.6500000000000001,-0.6500000000000001,0.0,0.0,0.8718432739321208,0.04391968426834987,22.0,18.094634604474503,strict_delta_max,1,cross_layer_handoff_executed
grid-treasure_round-robin_seed2,2,round-robin,grid-treasure,0,1,PSO,1.6816474976395537,2.3705000057816505,-1.12,-1.12,0.0,0.0,0.0,0.08873132629818674,18.094634604474503,16.41298710683495,strict_delta_max,1,cross_layer_handoff_executed
grid-treasure_round-robin_seed2,2,round-robin,grid-treasure,0,2,RL,1.3622580479494517,2.667600056156516,-1.12,-1.12,0.0,0.0,0.0,0.0,16.41298710683495,15.0507290588855,strict_delta_max,2,cross_layer_handoff_executed
grid-treasure_round-robin_seed2,2,round-robin,grid-treasure,0,3,GA,3.3079688215383105,3.2666000770404935,-1.2349999999999999,-1.2349999999999999,0.0,0.0,0.8441815109289925,0.04901357931999614,15.0507290588855,11.74276023734719,strict_delta_max,1,cross_layer_handoff_executed
grid-treasure_round-robin_seed2,2,round-robin,grid-treasure,0,4,PSO,2.2659582207028057,1.5273999888449907,-0.975,-0.975,0.0,0.0,0.0,0.05362958242575609,11.74276023734719,9.476802016644385,strict_delta_max,1,cross_layer_handoff_executed
grid-treasure_round-robin_seed2,2,round-robin,grid-treasure,0,5,RL,3.281732557964693,4.298300016671419,-1.12,-1.12,0.0,0.0,0.0,0.0,9.476802016644385,6.195069458679692,strict_delta_max,2,cross_layer_handoff_executed
grid-treasure_round-robin_seed2,2,round-robin,grid-treasure,0,6,GA,2.4363648014259303,1.88920006621629,-0.06999999999999995,-0.06999999999999995,0.5,0.010261189122978744,0.8064333509757664,0.06313669812067964,6.195069458679692,3.7587046572537615,strict_delta_max,1,cross_layer_handoff_executed
grid-treasure_round-robin_seed2,2,round-robin,grid-treasure,1,0,PSO,3.035932338780581,2.2143999813124537,-1.12,-1.12,0.0,0.0,0.0,0.030053440383706644,22.0,18.964067661219417,strict_delta_max,1,cross_layer_handoff_executed
grid-treasure_round-robin_seed2,2,round-robin,grid-treasure,1,1,RL,4.0,3.296799957752228,-1.12,-1.12,0.0,0.0,0.0,0.03250000000000003,18.964067661219417,14.964067661219417,strict_delta_max,2,cross_layer_handoff_executed
grid-treasure_round-robin_seed2,2,round-robin,grid-treasure,1,2,GA,1.5061364349955495,1.8134999554604292,-0.06999999999999995,-0.06999999999999995,0.5,0.0,0.8189175342018038,0.10717178680063962,14.964067661219417,13.457931226223867,strict_delta_max,1,cross_layer_handoff_executed
grid-treasure_round-robin_seed2,2,round-robin,grid-treasure,1,3,PSO,1.138152930681977,2.2215000353753567,-1.12,-1.12,0.0,0.0,0.0,0.05648333593767272,13.457931226223867,12.319778295541889,strict_delta_max,1,cross_layer_handoff_executed
grid-treasure_round-robin_seed2,2,round-robin,grid-treasure,1,4,RL,1.6531780555544702,2.5391000090166926,-1.12,-1.12,0.0,0.0,0.0,0.0,12.319778295541889,10.66660023998742,strict_delta_max,2,cross_layer_handoff_executed
grid-treasure_round-robin_seed2,2,round-robin,grid-treasure,1,5,GA,3.89199335172641,1.8192999996244907,-0.09499999999999997,-0.09499999999999997,0.5,0.0,0.7668710046910088,0.03233953276617344,10.66660023998742,6.774606888261009,strict_delta_max,1,cross_layer_handoff_executed
grid-treasure_round-robin_seed2,2,round-robin,grid-treasure,1,6,PSO,1.2598358797375702,1.8948999932035804,-1.0,-1.0,0.0,0.0,0.0,0.0897660842136489,6.774606888261009,5.514771008523439,strict_delta_max,1,cross_layer_handoff_executed
grid-treasure_round-robin_seed2,2,round-robin,grid-treasure,1,7,RL,2.293223093140829,2.453099936246872,-1.12,-1.12,0.0,0.0,0.0,0.0,5.514771008523439,3.2215479153826103,strict_delta_max,2,cross_layer_handoff_executed
grid-treasure_round-robin_seed2,2,round-robin,grid-treasure,2,0,GA,3.0313871446115948,2.2111000725999475,-1.12,-1.12,0.0,0.0,0.7668710046910088,0.04993383289702889,22.0,18.968612855388404,strict_delta_max,1,cross_layer_handoff_executed
grid-treasure_round-robin_seed2,2,round-robin,grid-treasure,2,1,PSO,1.7612349902445743,2.233700011856854,-1.12,-1.12,0.0,0.0,0.0,0.06691824613037199,18.968612855388404,17.20737786514383,strict_delta_max,1,cross_layer_handoff_executed
grid-treasure_round-robin_seed2,2,round-robin,grid-treasure,2,2,RL,1.9013373260137705,3.648799960501492,-1.12,-1.12,0.0,0.0,0.0,0.0,17.20737786514383,15.30604053913006,strict_delta_max,2,cross_layer_handoff_executed
grid-treasure_round-robin_seed2,2,round-robin,grid-treasure,2,3,GA,1.3462409169364309,2.418600022792816,-1.135,-1.135,0.0,0.0,0.7668710046910088,0.118975098789455,15.30604053913006,13.959799622193628,strict_delta_max,1,cross_layer_handoff_executed
grid-treasure_round-robin_seed2,2,round-robin,grid-treasure,2,4,PSO,1.1387559756188803,2.013899968005717,-0.07999999999999996,-0.07999999999999996,0.5,0.0,0.0,0.10180961841300246,13.959799622193628,12.821043646574749,strict_delta_max,1,cross_layer_handoff_executed
grid-treasure_round-robin_seed2,2,round-robin,grid-treasure,2,5,RL,1.5539695480718154,4.259399953298271,-1.12,-1.12,0.0,0.0,0.0,0.0,12.821043646574749,11.267074098502933,strict_delta_max,2,cross_layer_handoff_executed
grid-treasure_round-robin_seed2,2,round-robin,grid-treasure,2,6,GA,1.1115101470866477,2.3316999431699514,-0.08499999999999996,-0.08499999999999996,0.5,0.0,0.7467841859013832,0.096397658259096,11.267074098502933,10.155563951416285,strict_delta_max,1,cross_layer_handoff_executed
grid-treasure_round-robin_seed2,2,round-robin,grid-treasure,2,7,PSO,3.1470739495555695,2.0317999878898263,-0.09499999999999997,-0.09499999999999997,0.5,0.0,0.0,0.02453543364165067,10.155563951416285,7.008490001860716,strict_delta_max,1,cross_layer_handoff_executed
grid-treasure_round-robin_seed2,2,round-robin,grid-treasure,2,8,RL,2.97630746280092,2.5046999799087644,-1.12,-1.12,0.0,0.0,0.0,0.036958547251862935,7.008490001860716,4.0321825390597965,strict_delta_max,2,cross_layer_handoff_executed
grid-treasure_round-robin_seed2,2,round-robin,grid-treasure,2,9,GA,3.4451888595990283,2.177300048060715,-0.10999999999999999,-0.10999999999999999,0.5,0.0,0.6896184569682962,0.03391612680656198,4.0321825390597965,0.5869936794607682,strict_delta_max,1,cross_layer_handoff_executed
grid-treasure_round-robin_seed2,2,round-robin,grid-treasure,3,0,PSO,3.1874809694966126,2.3471000604331493,-1.145,-1.145,0.0,0.0,0.0,0.04944306089534031,22.0,18.81251903050339,strict_delta_max,1,cross_layer_handoff_executed
grid-treasure_round-robin_seed2,2,round-robin,grid-treasure,3,1,RL,2.9088523361849923,3.2508999574929476,-0.06999999999999995,-0.06999999999999995,0.5,0.0,0.0,0.0,18.81251903050339,15.903666694318396,strict_delta_max,2,cross_layer_handoff_executed
grid-treasure_round-robin_seed2,2,round-robin,grid-treasure,3,2,GA,1.3987878776491236,1.6417000442743301,-0.06999999999999995,-0.06999999999999995,0.5,0.0,0.6038719510383954,0.10214333214408196,15.903666694318396,14.504878816669272,strict_delta_max,1,cross_layer_handoff_executed
grid-treasure_round-robin_seed2,2,round-robin,grid-treasure,3,3,PSO,1.3934486104922021,2.0139000844210386,-0.09499999999999997,-0.09499999999999997,0.5,0.0,0.0,0.06709094899247027,14.504878816669272,13.11143020617707,strict_delta_max,1,cross_layer_handoff_executed
grid-treasure_round-robin_seed2,2,round-robin,grid-treasure,3,4,RL,1.6035975270961769,3.202900057658553,-0.06999999999999995,-0.06999999999999995,0.5,0.0,0.0,0.0,13.11143020617707,11.507832679080893,strict_delta_max,2,cross_layer_handoff_executed
grid-treasure_round-robin_seed2,2,round-robin,grid-treasure,3,5,GA,3.113041615168579,1.8251000437885523,-0.09499999999999997,-0.09499999999999997,0.5,0.0,0.5516764159936336,0.03654375351356408,11.507832679080893,8.394791063912315,strict_delta_max,1,cross_layer_handoff_executed
grid-treasure_round-robin_seed2,2,round-robin,grid-treasure,3,6,PSO,1.3584570956379494,1.8365000141784549,-0.06999999999999995,-0.06999999999999995,0.5,0.0,0.0,0.03683893078088622,8.394791063912315,7.0363339682743655,strict_delta_max,1,cross_layer_handoff_executed
grid-treasure_round-robin_seed2,2,round-robin,grid-treasure,3,7,RL,1.9969066180345878,2.2754999808967113,-0.06999999999999995,-0.06999999999999995,0.5,0.0,0.0,0.020030981738830216,7.0363339682743655,5.0394273502397775,strict_delta_max,2,cross_layer_handoff_executed
grid-treasure_round-robin_seed2,2,round-robin,grid-treasure,3,8,GA,2.5408954315293975,1.8515000119805336,-0.09499999999999997,-0.09499999999999997,0.5,0.0,0.507070306340089,0.06001179650150377,5.0394273502397775,2.49853191871038,strict_delta_max,1,cross_layer_handoff_executed
grid-treasure_round-robin_seed2,2,round-robin,grid-treasure,4,0,PSO,1.0846313290735214,1.889800070784986,-0.06999999999999995,-0.06999999999999995,0.5,0.0,0.0,0.033402943370583194,22.0,20.91536867092648,strict_delta_max,1,cross_layer_handoff_executed
grid-treasure_round-robin_seed2,2,round-robin,grid-treasure,4,1,RL,3.037994776016133,4.310999996960163,-0.13,-0.13,0.5,0.0,0.0,0.0,20.91536867092648,17.877373894910345,strict_delta_max,2,cross_layer_handoff_executed
grid-treasure_round-robin_seed2,2,round-robin,grid-treasure,4,2,GA,2.866654054784691,2.0996000384911895,-0.09499999999999997,-0.09499999999999997,0.5,0.0,0.507070306340089,0.0415671424021782,17.877373894910345,15.010719840125654,strict_delta_max,1,cross_layer_handoff_executed
grid-treasure_round-robin_seed2,2,round-robin,grid-treasure,4,3,PSO,1.5779710952029378,2.2007999941706657,-1.1,-1.1,0.0,0.0,0.0,0.05523733225647863,15.010719840125654,13.432748744922716,strict_delta_max,1,cross_layer_handoff_executed
grid-treasure_round-robin_seed2,2,round-robin,grid-treasure,4,4,RL,3.4931468294178374,3.6461999407038093,-0.10499999999999998,-0.10499999999999998,0.5,0.0,0.0,0.011450993031021938,13.432748744922716,9.939601915504879,strict_delta_max,2,cross_layer_handoff_executed
grid-treasure_round-robin_seed2,2,round-robin,grid-treasure,4,5,GA,3.531098879177328,1.8823000136762857,-0.09499999999999997,-0.09499999999999997,0.5,0.0,0.507070306340089,0.02054909193077191,9.939601915504879,6.40850303632755,strict_delta_max,1,cross_layer_handoff_executed
grid-treasure_round-robin_seed2,2,round-robin,grid-treasure,4,6,PSO,1.7520544343397648,2.4620998883619905,-1.12,-1.12,0.0,0.0,0.0,0.028630685930462724,6.40850303632755,4.656448601987785,strict_delta_max,1,cross_layer_handoff_executed
grid-treasure_round-robin_seed2,2,round-robin,grid-treasure,4,7,RL,3.6058187557076344,3.6828999873250723,-0.09499999999999997,-0.09499999999999997,0.5,0.0,0.0,0.0,4.656448601987785,1.0506298462801507,strict_delta_max,2,cross_layer_handoff_executed
grid-treasure_round-robin_seed2,2,round-robin,grid-treasure,5,0,GA,1.8271547633861547,1.639300025999546,0.010000000000000009,0.010000000000000009,0.5,0.043783921101319755,0.5157857241307565,0.0507875360086726,22.0,20.172845236613846,strict_delta_max,1,cross_layer_handoff_executed
grid-treasure_round-robin_seed2,2,round-robin,grid-treasure,5,1,PSO,2.755038975644727,2.1111000096425414,-0.09499999999999997,-0.09499999999999997,0.5,0.0,0.0,0.03237288976902153,20.172845236613846,17.41780626096912,strict_delta_max,1,cross_layer_handoff_executed
grid-treasure_round-robin_seed2,2,round-robin,grid-treasure,5,2,RL,1.621780311731351,3.104700008407235,-0.09499999999999997,-0.09499999999999997,0.5,0.0,0.0,0.012332126524984619,17.41780626096912,15.796025949237768,strict_delta_max,2,cross_layer_handoff_executed
grid-treasure_round-robin_seed2,2,round-robin,grid-treasure,5,3,GA,2.941844489311082,1.7937000375241041,-0.06999999999999995,-0.06999999999999995,0.5,0.0,0.5056629848647204,0.04312469713026957,15.796025949237768,12.854181459926686,strict_delta_max,1,cross_layer_handoff_executed
grid-treasure_round-robin_seed2,2,round-robin,grid-treasure,5,4,PSO,3.5530345299543096,2.217700006440282,-0.09499999999999997,-0.09499999999999997,0.5,0.0,0.0,0.027740763834077756,12.854181459926686,9.301146929972376,strict_delta_max,1,cross_layer_handoff_executed
grid-treasure_round-robin_seed2,2,round-robin,grid-treasure,5,5,RL,2.278258791703387,2.257100073620677,-0.09499999999999997,-0.09499999999999997,0.5,0.0,0.0,0.004389316980325709,9.301146929972376,7.022888138268989,strict_delta_max,2,cross_layer_handoff_executed
grid-treasure_round-robin_seed2,2,round-robin,grid-treasure,5,6,GA,3.8317668736045585,2.7083000168204308,-0.13,-0.13,0.5,0.0,0.5056629848647204,0.030203980786535203,7.022888138268989,3.1911212646644307,strict_delta_max,1,cross_layer_handoff_executed
grid-treasure_greedy-improvement_seed0,0,greedy-improvement,grid-treasure,0,0,GA,3.2127778257737645,2.061000093817711,0.025000000000000022,0.025000000000000022,0.5,0.0,0.8931030542994856,0.05487385891284679,22.0,18.787222174226237,strict_delta_max,1,cross_layer_handoff_executed
grid-treasure_greedy-improvement_seed0,0,greedy-improvement,grid-treasure,0,1,GA,3.5221199679911415,1.6589999431744218,0.025000000000000022,0.025000000000000022,0.5,0.0,0.8716202985283468,0.045234247938315195,18.787222174226237,15.265102206235095,strict_delta_max,1,cross_layer_handoff_executed
grid-treasure_greedy-improvement_seed0,0,greedy-improvement,grid-treasure,0,2,GA,1.2791422413487052,1.7740000039339066,0.025000000000000022,0.025000000000000022,0.5,0.0,0.869587833327935,0.1378859041269557,15.265102206235095,13.98595996488639,strict_delta_max,1,cross_layer_handoff_executed
grid-treasure_greedy-improvement_seed0,0,greedy-improvement,grid-treasure,0,3,GA,1.6179289395620384,1.6899999463930726,0.025000000000000022,0.025000000000000022,0.5,0.0,0.8056684933570712,0.07892583339735855,13.98595996488639,12.368031025324353,strict_delta_max,1,cross_layer_handoff_executed
grid-treasure_greedy-improvement_seed0,0,greedy-improvement,grid-treasure,0,4,GA,1.7755865413627387,1.7852999735623598,0.025000000000000022,0.025000000000000022,0.5,0.0,0.7328984474742877,0.089592336886136,12.368031025324353,10.592444483961614,strict_delta_max,1,cross_layer_handoff_executed
grid-treasure_greedy-improvement_seed0,0,greedy-improvement,grid-treasure,0,5,GA,2.3445051467421636,1.9542999798431993,0.025000000000000022,0.025000000000000022,0.5,0.0,0.7328984474742877,0.056183197221847885,10.592444483961614,8.247939337219451,strict_delta_max,1,cross_layer_handoff_executed
grid-treasure_greedy-improvement_seed0,0,greedy-improvement,grid-treasure,0,6,GA,1.9252254512473295,1.6654001083225012,0.025000000000000022,0.025000000000000022,0.5,0.0,0.7328984474742877,0.0790403589044626,8.247939337219451,6.322713885972122,strict_delta_max,1,cross_layer_handoff_executed
grid-treasure_greedy-improvement_seed0,0,greedy-improvement,grid-treasure,0,7,GA,2.678739382026505,1.7528000753372908,0.025000000000000022,0.025000000000000022,0.5,0.0,0.7328984474742877,0.04745620969911341,6.322713885972122,3.643974503945617,strict_delta_max,1,cross_layer_handoff_executed
grid-treasure_greedy-improvement_seed0,0,greedy-improvement,grid-treasure,1,0,GA,2.9593102896109347,1.8418000545352697,0.025000000000000022,0.025000000000000022,0.5,0.0,0.7328984474742877,0.04750347811785558,22.0,19.040689710389067,strict_delta_max,1,cross_layer_handoff_executed
grid-treasure_greedy-improvement_seed0,0,greedy-improvement,grid-treasure,1,1,GA,2.1347197790668404,1.4166999608278275,0.010000000000000009,0.010000000000000009,0.5,0.0,0.7328984474742877,0.05520162842354082,19.040689710389067,16.905969931322225,strict_delta_max,1,cross_layer_handoff_executed
grid-treasure_greedy-improvement_seed0,0,greedy-improvement,grid-treasure,1,2,GA,1.049789246947391,1.378399902023375,0.030000000000000027,0.030000000000000027,0.5,0.004762860749944958,0.7591869014902193,0.14228817560248855,16.905969931322225,15.856180684374834,strict_delta_max,1,cross_layer_handoff_executed
grid-treasure_greedy-improvement_seed0,0,greedy-improvement,grid-treasure,1,3,GA,3.0276574243603855,1.8001999706029892,0.025000000000000022,0.025000000000000022,0.5,0.0,0.7591869014902193,0.04170702289049015,15.856180684374834,12.82852326001445,strict_delta_max,1,cross_layer_handoff_executed
grid-treasure_greedy-improvement_seed0,0,greedy-improvement,grid-treasure,1,4,GA,1.1179103182693553,1.858999952673912,0.025000000000000022,0.025000000000000022,0.5,0.0,0.7591869014902193,0.10204583629120274,12.82852326001445,11.710612941745094,strict_delta_max,1,cross_layer_handoff_executed
grid-treasure_greedy-improvement_seed0,0,greedy-improvement,grid-treasure,1,5,GA,2.192762034067517,1.7872999887913465,0.025000000000000022,0.025000000000000022,0.5,0.0,0.7591869014902193,0.056769360117537866,11.710612941745094,9.517850907677577,strict_delta_max,1,cross_layer_handoff_executed
grid-treasure_greedy-improvement_seed0,0,greedy-improvement,grid-treasure,1,6,GA,3.094667851965138,1.649899990297854,1.05,1.05,1.0,0.32959918440109565,0.7570074431952223,0.03556419766223814,9.517850907677577,6.423183055712439,strict_delta_max,1,cross_layer_handoff_executed
grid-treasure_greedy-improvement_seed0,0,greedy-improvement,grid-treasure,1,7,GA,3.020945986917645,1.6171999741345644,1.05,1.05,1.0,0.0,0.7608444941799686,0.037933221308276754,6.423183055712439,3.402237068794794,strict_delta_max,1,cross_layer_handoff_executed
grid-treasure_greedy-improvement_seed0,0,greedy-improvement,grid-treasure,2,0,GA,2.845077307670694,1.4100000262260437,0.015000000000000013,0.015000000000000013,0.5,0.0,0.7608444941799686,0.04751030362142755,22.0,19.154922692329308,strict_delta_max,1,cross_layer_handoff_executed
grid-treasure_greedy-improvement_seed0,0,greedy-improvement,grid-treasure,2,1,GA,2.799132498155631,1.8177999882027507,0.025000000000000022,0.025000000000000022,0.5,0.0,0.7608444941799686,0.04446006794637743,19.154922692329308,16.355790194173675,strict_delta_max,1,cross_layer_handoff_executed
grid-treasure_greedy-improvement_seed0,0,greedy-improvement,grid-treasure,2,2,GA,2.4712209121490147,1.7025000415742397,0.025000000000000022,0.025000000000000022,0.5,0.0,0.7608444941799686,0.03410162373255324,16.355790194173675,13.88456928202466,strict_delta_max,1,cross_layer_handoff_executed
grid-treasure_greedy-improvement_seed0,0,greedy-improvement,grid-treasure,2,3,GA,1.0605357807469415,1.9582000095397234,-1.1,-1.1,0.0,0.0,0.7608444941799686,0.123399013236235,13.88456928202466,12.824033501277718,strict_delta_max,1,cross_layer_handoff_executed
grid-treasure_greedy-improvement_seed0,0,greedy-improvement,grid-treasure,2,4,GA,2.2268260078202924,1.6236999072134495,0.025000000000000022,0.025000000000000022,0.5,0.0,0.7608444941799686,0.05797913541671382,12.824033501277718,10.597207493457425,strict_delta_max,1,cross_layer_handoff_executed
grid-treasure_greedy-improvement_seed0,0,greedy-improvement,grid-treasure,2,5,GA,3.0461532197980365,1.7522000707685947,0.025000000000000022,0.025000000000000022,0.5,0.0,0.7608444941799686,0.035868648634521376,10.597207493457425,7.551054273659389,strict_delta_max,1,cross_layer_handoff_executed
grid-treasure_greedy-improvement_seed0,0,greedy-improvement,grid-treasure,2,6,GA,3.268477095587089,1.6692000208422542,0.025000000000000022,0.025000000000000022,0.5,0.0,0.7608444941799686,0.04009410137483764,7.551054273659389,4.2825771780723,strict_delta_max,1,cross_layer_handoff_executed
grid-treasure_greedy-improvement_seed0,0,greedy-improvement,grid-treasure,2,7,GA,2.6494565831989965,1.6155000776052475,0.025000000000000022,0.025000000000000022,0.5,0.0,0.7608444941799686,0.045609143748350074,4.2825771780723,1.6331205948733034,strict_delta_max,1,cross_layer_handoff_executed
grid-treasure_greedy-improvement_seed0,0,greedy-improvement,grid-treasure,3,0,GA,1.2897492549940717,1.3744999887421727,1.05,1.05,1.0,0.0,0.7392180644492159,0.0753202963357608,22.0,20.71025074500593,strict_delta_max,1,cross_layer_handoff_executed
grid-treasure_greedy-improvement_seed0,0,greedy-improvement,grid-treasure,3,1,GA,1.0432808565490914,1.657600048929453,0.025000000000000022,0.025000000000000022,0.5,0.0,0.7392180644492159,0.0947781331412197,20.71025074500593,19.666969888456837,strict_delta_max,1,cross_layer_handoff_executed
grid-treasure_greedy-improvement_seed0,0,greedy-improvement,grid-treasure,3,2,GA,3.3018087684943405,1.5906000044196844,1.05,1.05,1.0,0.0,0.7238450462943306,0.033685645104575425,19.666969888456837,16.365161119962497,strict_delta_max,1,cross_layer_handoff_executed
grid-treasure_greedy-improvement_seed0,0,greedy-improvement,grid-treasure,3,3,GA,3.98056434733576,1.5483999159187078,1.045,1.045,1.0,0.0,0.7135837298066932,0.024773201697359616,16.365161119962497,12.384596772626738,strict_delta_max,1,cross_layer_handoff_executed
grid-treasure_greedy-improvement_seed0,0,greedy-improvement,grid-treasure,3,4,GA,3.3375839332854076,1.6608999576419592,0.025000000000000022,0.025000000000000022,0.5,0.0,0.7135837298066932,0.030991160670951135,12.384596772626738,9.047012839341331,strict_delta_max,1,cross_layer_handoff_executed
grid-treasure_greedy-improvement_seed0,0,greedy-improvement,grid-treasure,3,5,GA,2.074530555964414,1.5131999971345067,1.05,1.05,1.0,0.0,0.680175488513555,0.04669596304967269,9.047012839341331,6.972482283376918,strict_delta_max,1,cross_layer_handoff_executed
grid-treasure_greedy-improvement_seed0,0,greedy-improvement,grid-treasure,3,6,GA,2.8421108971552878,2.2016000002622604,-1.08,-1.08,0.0,0.0,0.680175488513555,0.033913787787430386,6.972482283376918,4.13037138622163,strict_delta_max,1,cross_layer_handoff_executed
grid-treasure_greedy-improvement_seed0,0,greedy-improvement,grid-treasure,3,7,GA,1.1969168090071092,1.6144000692293048,1.05,1.05,1.0,0.0,0.6398798386643947,0.07343572969378281,4.13037138622163,2.933454577214521,strict_delta_max,1,cross_layer_handoff_executed
grid-treasure_greedy-improvement_seed0,0,greedy-improvement,grid-treasure,4,0,GA,1.271419343909364,1.2657999759539962,1.05,1.05,1.0,0.0,0.5796563197999883,0.06495571837744052,22.0,20.728580656090635,strict_delta_max,1,cross_layer_handoff_executed
grid-treasure_greedy-improvement_seed0,0,greedy-improvement,grid-treasure,4,1,GA,1.7927451215278905,2.9060000088065863,-1.195,-1.195,0.0,0.0,0.5796563197999883,0.06273627744847245,20.728580656090635,18.935835534562745,strict_delta_max,1,cross_layer_handoff_executed
grid-treasure_greedy-improvement_seed0,0,greedy-improvement,grid-treasure,4,2,GA,1.006372864523525,1.6972000012174249,0.025000000000000022,0.025000000000000022,0.5,0.0,0.5796563197999883,0.09998258654973831,18.935835534562745,17.92946267003922,strict_delta_max,1,cross_layer_handoff_executed
grid-treasure_greedy-improvement_seed0,0,greedy-improvement,grid-treasure,4,3,GA,2.196962151030742,1.7949000466614962,0.025000000000000022,0.025000000000000022,0.5,0.0,0.5796563197999883,0.038815378355598396,17.92946267003922,15.732500519008479,strict_delta_max,1,cross_layer_handoff_executed
grid-treasure_greedy-improvement_seed0,0,greedy-improvement,grid-treasure,4,4,GA,2.6949070716688475,2.203600015491247,-1.1,-1.1,0.0,0.0,0.5796563197999883,0.04342035393291614,15.732500519008479,13.037593447339631,strict_delta_max,1,cross_layer_handoff_executed
grid-treasure_greedy-improvement_seed0,0,greedy-improvement,grid-treasure,4,5,GA,3.8146562793306398,2.155599999241531,0.025000000000000022,0.025000000000000022,0.5,0.0,0.5796563197999883,0.026904249530952745,13.037593447339631,9.222937168008992,strict_delta_max,1,cross_layer_handoff_executed
grid-treasure_greedy-improvement_seed0,0,greedy-improvement,grid-treasure,4,6,GA,1.1927506073272716,1.675100065767765,0.025000000000000022,0.025000000000000022,0.5,0.0,0.5796563197999883,0.06627877474436131,9.222937168008992,8.03018656068172,strict_delta_max,1,cross_layer_handoff_executed
grid-treasure_greedy-improvement_seed0,0,greedy-improvement,grid-treasure,4,7,GA,2.826310145554583,1.4738000463694334,1.05,1.05,1.0,0.0,0.5019761164103912,0.031011680082303705,8.03018656068172,5.203876415127137,strict_delta_max,1,cross_layer_handoff_executed
grid-treasure_greedy-improvement_seed0,0,greedy-improvement,grid-treasure,4,8,GA,2.263645356731006,1.3697999529540539,0.030000000000000027,0.030000000000000027,0.5,0.0,0.5019761164103912,0.044588069847663045,5.203876415127137,2.9402310583961313,strict_delta_max,1,cross_layer_handoff_executed
grid-treasure_greedy-improvement_seed0,0,greedy-improvement,grid-treasure,5,0,GA,3.7079078885449066,1.2303999392315745,1.05,1.05,1.0,0.0,0.4870031626783414,0.028271706774373295,22.0,18.292092111455094,strict_delta_max,1,cross_layer_handoff_executed
grid-treasure_greedy-improvement_seed0,0,greedy-improvement,grid-treasure,5,1,GA,3.212666274229473,3.7755999946966767,-1.065,-1.065,0.0,0.0,0.4870031626783414,0.03669658850860258,18.292092111455094,15.079425837225621,strict_delta_max,1,cross_layer_handoff_executed
grid-treasure_greedy-improvement_seed0,0,greedy-improvement,grid-treasure,5,2,GA,3.2426888999681123,1.5543000772595406,1.05,1.05,1.0,0.0,0.4937719583395937,0.033003417355535684,15.079425837225621,11.836736937257509,strict_delta_max,1,cross_layer_handoff_executed
grid-treasure_greedy-improvement_seed0,0,greedy-improvement,grid-treasure,5,3,GA,3.0828396205540014,2.3079999955371022,-1.205,-1.205,0.0,0.0,0.4937719583395937,0.034425466753312144,11.836736937257509,8.753897316703508,strict_delta_max,1,cross_layer_handoff_executed
grid-treasure_greedy-improvement_seed0,0,greedy-improvement,grid-treasure,5,4,GA,1.3334075573104787,2.360600046813488,-1.1,-1.1,0.0,0.0,0.4937719583395937,0.06326592913497442,8.753897316703508,7.420489759393029,strict_delta_max,1,cross_layer_handoff_executed
grid-treasure_greedy-improvement_seed0,0,greedy-improvement,grid-treasure,5,5,GA,2.470255884021893,1.7842999659478664,0.025000000000000022,0.025000000000000022,0.5,0.0,0.4937719583395937,0.03271864185574736,7.420489759393029,4.950233875371136,strict_delta_max,1,cross_layer_handoff_executed
grid-treasure_greedy-improvement_seed0,0,greedy-improvement,grid-treasure,5,6,GA,3.9662008964416904,1.5611000126227736,0.025000000000000022,0.025000000000000022,0.5,0.0,0.4937719583395937,0.016852266717410982,4.950233875371136,0.984032978929446,strict_delta_max,1,cross_layer_handoff_executed
grid-treasure_greedy-improvement_seed1,1,greedy-improvement,grid-treasure,0,0,GA,1.824988789829238,2.319500083103776,-1.05,-1.05,0.0,0.0,0.8643655984494946,0.08235453439285725,22.0,20.175011210170762,strict_delta_max,1,cross_layer_handoff_executed
grid-treasure_greedy-improvement_seed1,1,greedy-improvement,grid-treasure,0,1,GA,2.157453571044023,1.8680000212043524,0.010000000000000009,0.010000000000000009,0.5,0.0,0.8386960735132042,0.061908755814642565,20.175011210170762,18.01755763912674,strict_delta_max,1,cross_layer_handoff_executed
grid-treasure_greedy-improvement_seed1,1,greedy-improvement,grid-treasure,0,2,GA,1.5853477314847222,1.743899891152978,0.0,0.0,0.5,0.0,0.7996318624163499,0.0977247096616392,18.01755763912674,16.43220990764202,strict_delta_max,1,cross_layer_handoff_executed
grid-treasure_greedy-improvement_seed1,1,greedy-improvement,grid-treasure,0,3,GA,2.27420097886176,1.66379997972399,0.0,0.0,0.5,0.0,0.7677885932144511,0.0616445043036751,16.43220990764202,14.158008928780259,strict_delta_max,1,cross_layer_handoff_executed
grid-treasure_greedy-improvement_seed1,1,greedy-improvement,grid-treasure,0,4,GA,1.2992741399651955,1.882400014437735,0.010000000000000009,0.010000000000000009,0.5,0.0,0.771574976407978,0.13795365850866434,14.158008928780259,12.858734788815063,strict_delta_max,1,cross_layer_handoff_executed
grid-treasure_greedy-improvement_seed1,1,greedy-improvement,grid-treasure,0,5,GA,2.5011147310219464,1.6573000466451049,0.0,0.0,0.5,0.0,0.7448022248096569,0.06872653817606263,12.858734788815063,10.357620057793117,strict_delta_max,1,cross_layer_handoff_executed
grid-treasure_greedy-improvement_seed1,1,greedy-improvement,grid-treasure,0,6,GA,1.0622897383164795,1.943600014783442,0.010000000000000009,0.010000000000000009,0.5,0.0,0.6966165814672267,0.1215856758608736,10.357620057793117,9.295330319476637,strict_delta_max,1,cross_layer_handoff_executed
grid-treasure_greedy-improvement_seed1,1,greedy-improvement,grid-treasure,0,7,GA,3.5000334455194375,1.8687000265344977,0.010000000000000009,0.010000000000000009,0.5,0.0,0.6769834678629403,0.04284588773717419,9.295330319476637,5.7952968739571995,strict_delta_max,1,cross_layer_handoff_executed
grid-treasure_greedy-improvement_seed1,1,greedy-improvement,grid-treasure,0,8,GA,1.8746535038726546,1.5804000431671739,0.0,0.0,0.5,0.0,0.6769834678629403,0.0774446404747527,5.7952968739571995,3.920643370084545,strict_delta_max,1,cross_layer_handoff_executed
grid-treasure_greedy-improvement_seed1,1,greedy-improvement,grid-treasure,1,0,GA,2.4106716758292404,1.901300041936338,0.010000000000000009,0.010000000000000009,0.5,0.0,0.6515480846478969,0.059966086230489136,22.0,19.589328324170758,strict_delta_max,1,cross_layer_handoff_executed
grid-treasure_greedy-improvement_seed1,1,greedy-improvement,grid-treasure,1,1,GA,3.91367453433013,1.896600006148219,0.010000000000000009,0.010000000000000009,0.5,0.0,0.6296077587395043,0.028934987054915533,19.589328324170758,15.675653789840627,strict_delta_max,1,cross_layer_handoff_executed
grid-treasure_greedy-improvement_seed1,1,greedy-improvement,grid-treasure,1,2,GA,2.8547718829211686,1.9728998886421323,-1.02,-1.02,0.0,0.0,0.6296077587395043,0.038291533538040094,15.675653789840627,12.820881906919459,strict_delta_max,1,cross_layer_handoff_executed
grid-treasure_greedy-improvement_seed1,1,greedy-improvement,grid-treasure,1,3,GA,3.3624148768577857,1.5294000040739775,0.0,0.0,0.5,0.0,0.6296077587395043,0.029071680901047173,12.820881906919459,9.458467030061673,strict_delta_max,1,cross_layer_handoff_executed
grid-treasure_greedy-improvement_seed1,1,greedy-improvement,grid-treasure,1,4,GA,3.922188758492613,1.9772000377997756,0.010000000000000009,0.010000000000000009,0.5,0.0,0.6204291842344423,0.035016781361354,9.458467030061673,5.53627827156906,strict_delta_max,1,cross_layer_handoff_executed
grid-treasure_greedy-improvement_seed1,1,greedy-improvement,grid-treasure,1,5,GA,2.6897626217203654,2.01070006005466,0.010000000000000009,0.010000000000000009,0.5,0.0,0.6204291842344423,0.03542986205404338,5.53627827156906,2.8465156498486945,strict_delta_max,1,cross_layer_handoff_executed
grid-treasure_greedy-improvement_seed1,1,greedy-improvement,grid-treasure,2,0,GA,1.3603771893577763,1.916400040499866,0.010000000000000009,0.010000000000000009,0.5,0.0,0.6204291842344423,0.09892984874071149,22.0,20.639622810642223,strict_delta_max,1,cross_layer_handoff_executed
grid-treasure_greedy-improvement_seed1,1,greedy-improvement,grid-treasure,2,1,GA,2.8238474377882063,1.4891000464558601,0.0,0.0,0.5,0.0,0.6204291842344423,0.06447752648678634,20.639622810642223,17.815775372854016,strict_delta_max,1,cross_layer_handoff_executed
grid-treasure_greedy-improvement_seed1,1,greedy-improvement,grid-treasure,2,2,GA,2.410179956330361,2.0058000227436423,0.010000000000000009,0.010000000000000009,0.5,0.0,0.6204291842344423,0.05913914336512478,17.815775372854016,15.405595416523656,strict_delta_max,1,cross_layer_handoff_executed
grid-treasure_greedy-improvement_seed1,1,greedy-improvement,grid-treasure,2,3,GA,2.212682807783297,1.8646999960765243,0.010000000000000009,0.010000000000000009,0.5,0.0,0.6204291842344423,0.049149388265564024,15.405595416523656,13.19291260874036,strict_delta_max,1,cross_layer_handoff_executed
grid-treasure_greedy-improvement_seed1,1,greedy-improvement,grid-treasure,2,4,GA,3.4772050016394647,1.6922999639064074,0.0,0.0,0.5,0.0,0.6204291842344423,0.03446953778363974,13.19291260874036,9.715707607100894,strict_delta_max,1,cross_layer_handoff_executed
grid-treasure_greedy-improvement_seed1,1,greedy-improvement,grid-treasure,2,5,GA,1.4550638152758775,2.0276999566704035,0.010000000000000009,0.010000000000000009,0.5,0.0,0.6204291842344423,0.08332812224665034,9.715707607100894,8.260643791825016,strict_delta_max,1,cross_layer_handoff_executed
grid-treasure_greedy-improvement_seed1,1,greedy-improvement,grid-treasure,2,6,GA,1.6927069794322795,1.739799976348877,0.0,0.0,0.5,0.0,0.6204291842344423,0.07685250515187535,8.260643791825016,6.567936812392737,strict_delta_max,1,cross_layer_handoff_executed
grid-treasure_greedy-improvement_seed1,1,greedy-improvement,grid-treasure,2,7,GA,2.7921987965269914,2.0574000664055347,0.010000000000000009,0.010000000000000009,0.5,0.0,0.6204291842344423,0.03440365428503654,6.567936812392737,3.775738015865745,strict_delta_max,1,cross_layer_handoff_executed
grid-treasure_greedy-improvement_seed1,1,greedy-improvement,grid-treasure,3,0,GA,3.12394551347376,1.9951999420300126,0.010000000000000009,0.010000000000000009,0.5,0.0,0.6204291842344423,0.039961353861807554,22.0,18.87605448652624,strict_delta_max,1,cross_layer_handoff_executed
grid-treasure_greedy-improvement_seed1,1,greedy-improvement,grid-treasure,3,1,GA,2.895094997341174,1.8886999459937215,0.010000000000000009,0.010000000000000009,0.5,0.0,0.6204291842344423,0.03530112285950518,18.87605448652624,15.980959489185066,strict_delta_max,1,cross_layer_handoff_executed
grid-treasure_greedy-improvement_seed1,1,greedy-improvement,grid-treasure,3,2,GA,3.641842756726703,1.9702999852597713,0.010000000000000009,0.010000000000000009,0.5,0.0,0.6204291842344423,0.027135717681587044,15.980959489185066,12.339116732458363,strict_delta_max,1,cross_layer_handoff_executed
grid-treasure_greedy-improvement_seed1,1,greedy-improvement,grid-treasure,3,3,GA,1.665525568709917,1.9975999603047967,0.010000000000000009,0.010000000000000009,0.5,0.0,0.6204291842344423,0.06402643140856198,12.339116732458363,10.673591163748446,strict_delta_max,1,cross_layer_handoff_executed
grid-treasure_greedy-improvement_seed1,1,greedy-improvement,grid-treasure,3,4,GA,2.529567284521296,1.498199999332428,-1.03,-1.03,0.0,0.0,0.6204291842344423,0.04154984094672821,10.673591163748446,8.14402387922715,strict_delta_max,1,cross_layer_handoff_executed
grid-treasure_greedy-improvement_seed1,1,greedy-improvement,grid-treasure,3,5,GA,2.970130057222815,1.9739000126719475,0.010000000000000009,0.010000000000000009,0.5,0.0,0.6204291842344423,0.03142141228436051,8.14402387922715,5.173893822004335,strict_delta_max,1,cross_layer_handoff_executed
grid-treasure_greedy-improvement_seed1,1,greedy-improvement,grid-treasure,3,6,GA,1.533604682689079,1.8803999992087483,0.010000000000000009,0.010000000000000009,0.5,0.0,0.6204291842344423,0.061966699632498054,5.173893822004335,3.6402891393152563,strict_delta_max,1,cross_layer_handoff_executed
grid-treasure_greedy-improvement_seed1,1,greedy-improvement,grid-treasure,4,0,GA,2.661094459647861,1.7725999932736158,0.010000000000000009,0.010000000000000009,0.5,0.0,0.6204291842344423,0.03504814312876186,22.0,19.33890554035214,strict_delta_max,1,cross_layer_handoff_executed
grid-treasure_greedy-improvement_seed1,1,greedy-improvement,grid-treasure,4,1,GA,2.4352134438174864,2.019900013692677,0.010000000000000009,0.010000000000000009,0.5,0.0,0.6204291842344423,0.03649197691477858,19.33890554035214,16.903692096534655,strict_delta_max,1,cross_layer_handoff_executed
grid-treasure_greedy-improvement_seed1,1,greedy-improvement,grid-treasure,4,2,GA,1.926658935882183,1.5614000149071217,0.0,0.0,0.5,0.0,0.6204291842344423,0.04767752497000055,16.903692096534655,14.977033160652471,strict_delta_max,1,cross_layer_handoff_executed
grid-treasure_greedy-improvement_seed1,1,greedy-improvement,grid-treasure,4,3,GA,1.9412481572220335,1.9123000092804432,-1.06,-1.06,0.0,0.0,0.6204291842344423,0.05976543276065173,14.977033160652471,13.035785003430437,strict_delta_max,1,cross_layer_handoff_executed
grid-treasure_greedy-improvement_seed1,1,greedy-improvement,grid-treasure,4,4,GA,3.7041303898235007,1.9514000741764903,0.010000000000000009,0.010000000000000009,0.5,0.0,0.6204291842344423,0.03434607402036571,13.035785003430437,9.331654613606936,strict_delta_max,1,cross_layer_handoff_executed
grid-treasure_greedy-improvement_seed1,1,greedy-improvement,grid-treasure,4,5,GA,2.305056471997492,1.8463999731466174,0.010000000000000009,0.010000000000000009,0.5,0.0,0.6204291842344423,0.047617061900233244,9.331654613606936,7.026598141609444,strict_delta_max,1,cross_layer_handoff_executed
grid-treasure_greedy-improvement_seed1,1,greedy-improvement,grid-treasure,4,6,GA,3.2773475356411352,2.1232999861240387,0.010000000000000009,0.010000000000000009,0.5,0.0,0.6204291842344423,0.03687069052074305,7.026598141609444,3.749250605968309,strict_delta_max,1,cross_layer_handoff_executed
grid-treasure_greedy-improvement_seed1,1,greedy-improvement,grid-treasure,5,0,GA,1.567283592575561,1.8677000189200044,0.010000000000000009,0.010000000000000009,0.5,0.0,0.6204291842344423,0.049393264442852546,22.0,20.43271640742444,strict_delta_max,1,cross_layer_handoff_executed
grid-treasure_greedy-improvement_seed1,1,greedy-improvement,grid-treasure,5,1,GA,2.621266196801659,1.65200000628829,-1.04,-1.04,0.0,0.0,0.6204291842344423,0.03486488711903099,20.43271640742444,17.81145021062278,strict_delta_max,1,cross_layer_handoff_executed
grid-treasure_greedy-improvement_seed1,1,greedy-improvement,grid-treasure,5,2,GA,2.533757978219624,2.470600069500506,0.010000000000000009,0.010000000000000009,0.5,0.0,0.6204291842344423,0.03221211439962023,17.81145021062278,15.277692232403156,strict_delta_max,1,cross_layer_handoff_executed
grid-treasure_greedy-improvement_seed1,1,greedy-improvement,grid-treasure,5,3,GA,2.871750137069073,1.9944999366998672,0.0,0.0,0.5,0.0,0.6204291842344423,0.0461697363258615,15.277692232403156,12.405942095334083,strict_delta_max,1,cross_layer_handoff_executed
grid-treasure_greedy-improvement_seed1,1,greedy-improvement,grid-treasure,5,4,GA,1.5180514911045124,2.5007000658661127,0.010000000000000009,0.010000000000000009,0.5,0.0,0.6204291842344423,0.045748641197729534,12.405942095334083,10.887890604229572,strict_delta_max,1,cross_layer_handoff_executed
grid-treasure_greedy-improvement_seed1,1,greedy-improvement,grid-treasure,5,5,GA,1.5716342596142954,1.8566000508144498,0.0,0.0,0.5,0.0,0.6204291842344423,0.06330151726177041,10.887890604229572,9.316256344615276,strict_delta_max,1,cross_layer_handoff_executed
grid-treasure_greedy-improvement_seed1,1,greedy-improvement,grid-treasure,5,6,GA,3.2549049890792467,1.7019999213516712,0.0,0.0,0.5,0.0,0.6204291842344423,0.02830997077885928,9.316256344615276,6.061351355536029,strict_delta_max,1,cross_layer_handoff_executed
grid-treasure_greedy-improvement_seed1,1,greedy-improvement,grid-treasure,5,7,GA,1.3535922122170594,2.252300037071109,0.010000000000000009,0.010000000000000009,0.5,0.0,0.6204291842344423,0.06945598770398448,6.061351355536029,4.70775914331897,strict_delta_max,1,cross_layer_handoff_executed
grid-treasure_greedy-improvement_seed1,1,greedy-improvement,grid-treasure,5,8,GA,2.0362510216939596,1.7044000560417771,0.0,0.0,0.5,0.0,0.6204291842344423,0.05284861155309992,4.70775914331897,2.6715081216250107,strict_delta_max,1,cross_layer_handoff_executed
grid-treasure_greedy-improvement_seed2,2,greedy-improvement,grid-treasure,0,0,GA,3.9053653955254966,3.6654999712482095,-0.6500000000000001,-0.6500000000000001,0.0,0.0,0.8718432739321208,0.04391968426834987,22.0,18.094634604474503,strict_delta_max,1,cross_layer_handoff_executed
grid-treasure_greedy-improvement_seed2,2,greedy-improvement,grid-treasure,0,1,GA,1.4956316206822053,2.3883000249043107,-0.09499999999999997,-0.09499999999999997,0.5,0.0,0.8476131485123842,0.08404952550697707,18.094634604474503,16.5990029837923,strict_delta_max,1,cross_layer_handoff_executed
grid-treasure_greedy-improvement_seed2,2,greedy-improvement,grid-treasure,0,2,GA,3.2343446338780675,3.222899977117777,-0.13,-0.13,0.5,0.0,0.8050254321672382,0.03514867677963218,16.5990029837923,13.364658349914233,strict_delta_max,1,cross_layer_handoff_executed
grid-treasure_greedy-improvement_seed2,2,greedy-improvement,grid-treasure,0,3,GA,1.433185864447942,2.7701000217348337,-1.105,-1.105,0.0,0.0,0.8050254321672382,0.09598534478124351,13.364658349914233,11.93147248546629,strict_delta_max,1,cross_layer_handoff_executed
grid-treasure_greedy-improvement_seed2,2,greedy-improvement,grid-treasure,0,4,GA,3.058286705164339,2.180699957534671,-0.09499999999999997,-0.09499999999999997,0.5,0.0,0.7564481121746757,0.04200950245614174,11.93147248546629,8.873185780301952,strict_delta_max,1,cross_layer_handoff_executed
grid-treasure_greedy-improvement_seed2,2,greedy-improvement,grid-treasure,0,5,GA,3.694327291023837,2.306699985638261,-0.06999999999999995,-0.06999999999999995,0.5,0.006767131883724244,0.7374918716881371,0.03776104833488673,8.873185780301952,5.178858489278115,strict_delta_max,1,cross_layer_handoff_executed
grid-treasure_greedy-improvement_seed2,2,greedy-improvement,grid-treasure,0,6,GA,2.639303433725926,2.1736000198870897,-0.09499999999999997,-0.09499999999999997,0.5,0.0,0.6968178089568409,0.04719582484185867,5.178858489278115,2.539555055552189,strict_delta_max,1,cross_layer_handoff_executed
grid-treasure_greedy-improvement_seed2,2,greedy-improvement,grid-treasure,1,0,GA,3.886921007373951,2.5179999647662044,-0.08499999999999996,-0.08499999999999996,0.5,0.0,0.6581393137793173,0.03314847951266317,22.0,18.11307899262605,strict_delta_max,1,cross_layer_handoff_executed
grid-treasure_greedy-improvement_seed2,2,greedy-improvement,grid-treasure,1,1,GA,1.4467484594268698,2.0189000060781837,-0.06999999999999995,-0.06999999999999995,0.5,0.0,0.6297610817126345,0.0871967013773655,18.11307899262605,16.66633053319918,strict_delta_max,1,cross_layer_handoff_executed
grid-treasure_greedy-improvement_seed2,2,greedy-improvement,grid-treasure,1,2,GA,3.554418391917593,2.459899988025427,-0.10999999999999999,-0.10999999999999999,0.5,0.0,0.5833263704528967,0.033636794896372856,16.66633053319918,13.111912141281586,strict_delta_max,1,cross_layer_handoff_executed
grid-treasure_greedy-improvement_seed2,2,greedy-improvement,grid-treasure,1,3,GA,1.4878687279934035,2.441600081510842,-0.09499999999999997,-0.09499999999999997,0.5,0.0,0.5853730908370977,0.0780909097586351,13.111912141281586,11.624043413288183,strict_delta_max,1,cross_layer_handoff_executed
grid-treasure_greedy-improvement_seed2,2,greedy-improvement,grid-treasure,1,4,GA,3.5604558170223997,2.7855999069288373,-0.10999999999999999,-0.10999999999999999,0.5,0.0,0.5853730908370977,0.02996502102158816,11.624043413288183,8.063587596265783,strict_delta_max,1,cross_layer_handoff_executed
grid-treasure_greedy-improvement_seed2,2,greedy-improvement,grid-treasure,1,5,GA,1.0003974757857894,2.2989000426605344,-0.09499999999999997,-0.09499999999999997,0.5,0.0,0.5803527357158597,0.11533711990073174,8.063587596265783,7.0631901204799945,strict_delta_max,1,cross_layer_handoff_executed
grid-treasure_greedy-improvement_seed2,2,greedy-improvement,grid-treasure,1,6,GA,2.626071423372124,2.20439990516752,-0.06999999999999995,-0.06999999999999995,0.5,0.0,0.56419455217573,0.052200138804218706,7.0631901204799945,4.43711869710787,strict_delta_max,1,cross_layer_handoff_executed
grid-treasure_greedy-improvement_seed2,2,greedy-improvement,grid-treasure,1,7,GA,2.3375325352233784,3.3591999672353268,-0.13,-0.13,0.5,0.0,0.56419455217573,0.050457712042451634,4.43711869710787,2.0995861618844915,strict_delta_max,1,cross_layer_handoff_executed
grid-treasure_greedy-improvement_seed2,2,greedy-improvement,grid-treasure,2,0,GA,2.6545449193943087,1.9394999835640192,-0.06999999999999995,-0.06999999999999995,0.5,0.0,0.5859298814884426,0.049961563664153365,22.0,19.345455080605692,strict_delta_max,1,cross_layer_handoff_executed
grid-treasure_greedy-improvement_seed2,2,greedy-improvement,grid-treasure,2,1,GA,3.9540036376497714,2.6207000482827425,-1.12,-1.12,0.0,0.0,0.5859298814884426,0.027144559789037095,19.345455080605692,15.39145144295592,strict_delta_max,1,cross_layer_handoff_executed
grid-treasure_greedy-improvement_seed2,2,greedy-improvement,grid-treasure,2,2,GA,1.1472145570708139,1.949199941009283,-0.06999999999999995,-0.06999999999999995,0.5,0.0,0.6102112795186397,0.11605187106191092,15.39145144295592,14.244236885885107,strict_delta_max,1,cross_layer_handoff_executed
grid-treasure_greedy-improvement_seed2,2,greedy-improvement,grid-treasure,2,3,GA,3.9356003594585838,2.96920002438128,-1.21,-1.21,0.0,0.0,0.6102112795186397,0.03453714590805337,14.244236885885107,10.308636526426522,strict_delta_max,1,cross_layer_handoff_executed
grid-treasure_greedy-improvement_seed2,2,greedy-improvement,grid-treasure,2,4,GA,1.5928629010609505,2.4797000223770738,-0.10999999999999999,-0.10999999999999999,0.5,0.0,0.6102112795186397,0.07605449597069622,10.308636526426522,8.715773625365571,strict_delta_max,1,cross_layer_handoff_executed
grid-treasure_greedy-improvement_seed2,2,greedy-improvement,grid-treasure,2,5,GA,3.541341656708042,2.1617000456899405,-0.09499999999999997,-0.09499999999999997,0.5,0.0,0.6102112795186397,0.029418107987846758,8.715773625365571,5.1744319686575295,strict_delta_max,1,cross_layer_handoff_executed
grid-treasure_greedy-improvement_seed2,2,greedy-improvement,grid-treasure,2,6,GA,1.0516114501735605,2.633000025525689,-0.10999999999999999,-0.10999999999999999,0.5,0.0,0.6102112795186397,0.0931021314125912,5.1744319686575295,4.1228205184839695,strict_delta_max,1,cross_layer_handoff_executed
grid-treasure_greedy-improvement_seed2,2,greedy-improvement,grid-treasure,2,7,GA,1.9321236620724744,2.1545999916270375,-0.09499999999999997,-0.09499999999999997,0.5,0.0,0.6102112795186397,0.06958798889026244,4.1228205184839695,2.190696856411495,strict_delta_max,1,cross_layer_handoff_executed
grid-treasure_greedy-improvement_seed2,2,greedy-improvement,grid-treasure,3,0,GA,3.739850374267561,1.8119000596925616,-0.06999999999999995,-0.06999999999999995,0.5,0.0,0.5704602606069714,0.03491914964585788,22.0,18.26014962573244,strict_delta_max,1,cross_layer_handoff_executed
grid-treasure_greedy-improvement_seed2,2,greedy-improvement,grid-treasure,3,1,GA,2.8770210087316967,2.1924000466242433,-0.09499999999999997,-0.09499999999999997,0.5,0.0,0.5704602606069714,0.03108603083723169,18.26014962573244,15.383128617000741,strict_delta_max,1,cross_layer_handoff_executed
grid-treasure_greedy-improvement_seed2,2,greedy-improvement,grid-treasure,3,2,GA,1.915911428095249,2.0732999546453357,-0.09499999999999997,-0.09499999999999997,0.5,0.0,0.5704602606069714,0.05187373359575193,15.383128617000741,13.467217188905492,strict_delta_max,1,cross_layer_handoff_executed
grid-treasure_greedy-improvement_seed2,2,greedy-improvement,grid-treasure,3,3,GA,1.4787064094038416,2.0401000510901213,-0.06999999999999995,-0.06999999999999995,0.5,0.0,0.5374138894595469,0.09690610256553019,13.467217188905492,11.98851077950165,strict_delta_max,1,cross_layer_handoff_executed
grid-treasure_greedy-improvement_seed2,2,greedy-improvement,grid-treasure,3,4,GA,2.579157018985171,3.0090000946074724,-1.135,-1.135,0.0,0.0,0.5374138894595469,0.048529095817541126,11.98851077950165,9.40935376051648,strict_delta_max,1,cross_layer_handoff_executed
grid-treasure_greedy-improvement_seed2,2,greedy-improvement,grid-treasure,3,5,GA,3.735157245210992,2.8234999626874924,-0.13,-0.13,0.5,0.0,0.5374138894595469,0.03335542085147393,9.40935376051648,5.674196515305487,strict_delta_max,1,cross_layer_handoff_executed
grid-treasure_greedy-improvement_seed2,2,greedy-improvement,grid-treasure,3,6,GA,3.328180970132345,2.5662999833002687,-0.08499999999999996,-0.08499999999999996,0.5,0.0,0.5374138894595469,0.03109597018002063,5.674196515305487,2.3460155451731426,strict_delta_max,1,cross_layer_handoff_executed
grid-treasure_greedy-improvement_seed2,2,greedy-improvement,grid-treasure,4,0,GA,3.0099464377671694,2.001299988478422,-0.06999999999999995,-0.06999999999999995,0.5,0.0,0.5764225640641605,0.056915212136915506,22.0,18.99005356223283,strict_delta_max,1,cross_layer_handoff_executed
grid-treasure_greedy-improvement_seed2,2,greedy-improvement,grid-treasure,4,1,GA,3.6067835891786926,1.9042000640183687,-0.06999999999999995,-0.06999999999999995,0.5,0.0,0.5764225640641605,0.026110015467795067,18.99005356223283,15.383269973054137,strict_delta_max,1,cross_layer_handoff_executed
grid-treasure_greedy-improvement_seed2,2,greedy-improvement,grid-treasure,4,2,GA,2.1514505015101686,2.503099967725575,-0.08499999999999996,-0.08499999999999996,0.5,0.0,0.5764225640641605,0.04584544153715235,15.383269973054137,13.231819471543968,strict_delta_max,1,cross_layer_handoff_executed
grid-treasure_greedy-improvement_seed2,2,greedy-improvement,grid-treasure,4,3,GA,1.9709517934513396,1.9870999967679381,-0.06999999999999995,-0.06999999999999995,0.5,0.0,0.5764225640641605,0.05593723281509721,13.231819471543968,11.260867678092628,strict_delta_max,1,cross_layer_handoff_executed
grid-treasure_greedy-improvement_seed2,2,greedy-improvement,grid-treasure,4,4,GA,1.3688793293671315,2.004699897952378,-0.06999999999999995,-0.06999999999999995,0.5,0.0,0.5764225640641605,0.08134743297802147,11.260867678092628,9.891988348725498,strict_delta_max,1,cross_layer_handoff_executed
grid-treasure_greedy-improvement_seed2,2,greedy-improvement,grid-treasure,4,5,GA,2.049914296211412,2.1503999596461654,-0.040000000000000036,-0.040000000000000036,0.5,0.014634758172790434,0.5943153528049001,0.054236687125339016,9.891988348725498,7.842074052514086,strict_delta_max,1,cross_layer_handoff_executed
grid-treasure_greedy-improvement_seed2,2,greedy-improvement,grid-treasure,4,6,GA,3.8162376588640283,2.1265000104904175,-0.09499999999999997,-0.09499999999999997,0.5,0.0,0.5943153528049001,0.027383281961221112,7.842074052514086,4.025836393650057,strict_delta_max,1,cross_layer_handoff_executed
grid-treasure_greedy-improvement_seed2,2,greedy-improvement,grid-treasure,4,7,GA,2.319963890849973,2.52770003862679,-0.10999999999999999,-0.10999999999999999,0.5,0.0,0.5943153528049001,0.04095619614323322,4.025836393650057,1.7058725028000845,strict_delta_max,1,cross_layer_handoff_executed
grid-treasure_greedy-improvement_seed2,2,greedy-improvement,grid-treasure,5,0,GA,1.5545341754417712,2.1215999731794,-0.09499999999999997,-0.09499999999999997,0.5,0.0,0.5943153528049001,0.07031083734462101,22.0,20.44546582455823,strict_delta_max,1,cross_layer_handoff_executed
grid-treasure_greedy-improvement_seed2,2,greedy-improvement,grid-treasure,5,1,GA,3.5023132130444985,2.1716998890042305,-0.06999999999999995,-0.06999999999999995,0.5,0.0,0.5943153528049001,0.03683581419140498,20.44546582455823,16.94315261151373,strict_delta_max,1,cross_layer_handoff_executed
grid-treasure_greedy-improvement_seed2,2,greedy-improvement,grid-treasure,5,2,GA,3.0380786406391573,2.0948000019416213,-0.07999999999999996,-0.07999999999999996,0.5,0.0,0.5943153528049001,0.03830394393950459,16.94315261151373,13.905073970874575,strict_delta_max,1,cross_layer_handoff_executed
grid-treasure_greedy-improvement_seed2,2,greedy-improvement,grid-treasure,5,3,GA,1.5677126835871673,2.1168000530451536,-0.09499999999999997,-0.09499999999999997,0.5,0.0,0.5943153528049001,0.06692890388753533,13.905073970874575,12.337361287287408,strict_delta_max,1,cross_layer_handoff_executed
grid-treasure_greedy-improvement_seed2,2,greedy-improvement,grid-treasure,5,4,GA,1.5098981243310234,2.2519000340253115,-0.09499999999999997,-0.09499999999999997,0.5,0.0,0.5943153528049001,0.06887330847105386,12.337361287287408,10.827463162956384,strict_delta_max,1,cross_layer_handoff_executed
grid-treasure_greedy-improvement_seed2,2,greedy-improvement,grid-treasure,5,5,GA,1.315757745315015,2.3509999737143517,-0.09499999999999997,-0.09499999999999997,0.5,0.0,0.5943153528049001,0.08497495426972781,10.827463162956384,9.51170541764137,strict_delta_max,1,cross_layer_handoff_executed
grid-treasure_greedy-improvement_seed2,2,greedy-improvement,grid-treasure,5,6,GA,3.0511744270929615,2.170699997805059,-0.09499999999999997,-0.09499999999999997,0.5,0.0,0.5943153528049001,0.04204034854055675,9.51170541764137,6.460530990548408,strict_delta_max,1,cross_layer_handoff_executed
grid-treasure_greedy-improvement_seed2,2,greedy-improvement,grid-treasure,5,7,GA,3.790545857000227,2.1109000081196427,-0.06999999999999995,-0.06999999999999995,0.5,0.0,0.5943153528049001,0.02457109575372209,6.460530990548408,2.669985133548181,strict_delta_max,1,cross_layer_handoff_executed
resource-defense_DLGPR-full_seed0,0,DLGPR-full,resource-defense,0,0,GA,2.900117049606808,2.6958000380545855,0.675128,0.675128,0.0,0.0,0.9088272647789373,0.05260290404668859,22.0,19.09988295039319,strict_delta_max,1,cross_layer_handoff_executed
resource-defense_DLGPR-full_seed0,0,DLGPR-full,resource-defense,0,1,PSO,1.5305249378732895,2.0914000924676657,0.10590799999999989,0.10590799999999989,0.0,0.0,0.0,0.10043349719174326,19.09988295039319,17.569358012519903,strict_delta_max,1,cross_layer_handoff_executed
resource-defense_DLGPR-full_seed0,0,DLGPR-full,resource-defense,0,2,RL,2.1785896675980054,4.15859988424927,0.7029200000000002,0.7029200000000002,0.0,0.0006022244663662349,0.0,0.17213062449408242,17.569358012519903,15.390768344921897,strict_delta_max,2,cross_layer_handoff_executed
resource-defense_DLGPR-full_seed0,0,DLGPR-full,resource-defense,0,3,RL,2.7970540899850542,4.1362999472767115,0.701872,0.701872,0.0,0.0,0.0,0.007562957068203531,15.390768344921897,12.593714254936842,strict_delta_max,2,cross_layer_handoff_executed
resource-defense_DLGPR-full_seed0,0,DLGPR-full,resource-defense,0,4,GA,3.321336592385924,2.2805999033153057,0.6965199999999998,0.6965199999999998,0.0,0.0,0.7913029989488907,0.043698830232781476,12.593714254936842,9.272377662550918,strict_delta_max,1,cross_layer_handoff_executed
resource-defense_DLGPR-full_seed0,0,DLGPR-full,resource-defense,0,5,GA,1.51020574733995,2.619400038383901,0.6898519999999999,0.6898519999999999,0.0,0.0,0.741408071696104,0.039071762142806464,9.272377662550918,7.762171915210968,strict_delta_max,1,cross_layer_handoff_executed
resource-defense_DLGPR-full_seed0,0,DLGPR-full,resource-defense,0,6,GA,3.392112416556767,2.6240000734105706,-0.28451399999999993,-0.28451399999999993,0.0,0.0,0.7029755366694158,0.046353439702985354,7.762171915210968,4.370059498654201,strict_delta_max,1,cross_layer_handoff_executed
resource-defense_DLGPR-full_seed0,0,DLGPR-full,resource-defense,0,7,GA,1.5959861407492306,2.5408000219613314,0.701608,0.701608,0.0,0.0,0.6892955257055778,0.07314214198246523,4.370059498654201,2.77407335790497,strict_delta_max,1,cross_layer_handoff_executed
resource-defense_DLGPR-full_seed0,0,DLGPR-full,resource-defense,1,0,GA,2.214956201652213,2.4504000321030617,-0.06329400000000013,-0.06329400000000013,0.0,0.0,0.6330320969369694,0.0635843074318159,22.0,19.785043798347786,strict_delta_max,1,cross_layer_handoff_executed
resource-defense_DLGPR-full_seed0,0,DLGPR-full,resource-defense,1,1,PSO,2.2017518703396695,2.3340999614447355,0.8877179999999999,0.8877179999999999,0.0,0.08393225525975843,0.0,0.06271072251467201,19.785043798347786,17.583291928008116,strict_delta_max,1,cross_layer_handoff_executed
resource-defense_DLGPR-full_seed0,0,DLGPR-full,resource-defense,1,2,RL,1.6944537292835231,4.23719990067184,0.696772,0.696772,0.0,0.0,0.0,0.19218465182740388,17.583291928008116,15.888838198724592,strict_delta_max,2,cross_layer_handoff_executed
resource-defense_DLGPR-full_seed0,0,DLGPR-full,resource-defense,1,3,PSO,1.916743765665989,2.2609999869018793,0.940822,0.940822,0.0,0.027705320320449152,0.0,0.07673370464113842,15.888838198724592,13.972094433058603,strict_delta_max,1,cross_layer_handoff_executed
resource-defense_DLGPR-full_seed0,0,DLGPR-full,resource-defense,1,4,PSO,1.502724918907565,2.0987000316381454,0.865856,0.865856,0.0,0.0,0.0,0.06866896656723975,13.972094433058603,12.469369514151037,strict_delta_max,1,cross_layer_handoff_executed
resource-defense_DLGPR-full_seed0,0,DLGPR-full,resource-defense,1,5,RL,2.1611862880640462,4.207100020721555,0.717548,0.717548,0.0,0.0,0.0,0.0,12.469369514151037,10.30818322608699,strict_delta_max,2,cross_layer_handoff_executed
resource-defense_DLGPR-full_seed0,0,DLGPR-full,resource-defense,1,6,PSO,1.7526935847299325,2.122199977748096,0.8872879999999999,0.8872879999999999,0.0,0.0,0.0,0.05883789073951833,10.30818322608699,8.555489641357058,strict_delta_max,1,cross_layer_handoff_executed
resource-defense_DLGPR-full_seed0,0,DLGPR-full,resource-defense,1,7,RL,3.9245275865653304,4.203799995593727,0.764948,0.764948,0.0,0.0,0.0,0.0979348447736034,8.555489641357058,4.630962054791727,strict_delta_max,2,cross_layer_handoff_executed
resource-defense_DLGPR-full_seed0,0,DLGPR-full,resource-defense,1,8,RL,3.158774593223143,4.089999943971634,0.7563,0.7563,0.0,0.0,0.0,0.0,4.630962054791727,1.4721874615685842,strict_delta_max,2,cross_layer_handoff_executed
resource-defense_DLGPR-full_seed0,0,DLGPR-full,resource-defense,2,0,GA,2.155008831262704,2.408199943602085,0.701608,0.701608,0.0,0.0,0.38917898553739555,0.04127190040947543,22.0,19.844991168737295,strict_delta_max,1,cross_layer_handoff_executed
resource-defense_DLGPR-full_seed0,0,DLGPR-full,resource-defense,2,1,PSO,1.957165983423173,2.264500013552606,0.7776239999999999,0.7776239999999999,0.0,0.0,0.0,0.07638773618377014,19.844991168737295,17.88782518531412,strict_delta_max,1,cross_layer_handoff_executed
resource-defense_DLGPR-full_seed0,0,DLGPR-full,resource-defense,2,2,RL,2.502517805147635,4.240100039169192,0.7219439999999999,0.7219439999999999,0.0,0.0,0.0,0.045918554410932885,17.88782518531412,15.385307380166486,strict_delta_max,2,cross_layer_handoff_executed
resource-defense_DLGPR-full_seed0,0,DLGPR-full,resource-defense,2,3,RL,1.2078081488193027,4.075300064869225,0.7219439999999999,0.7219439999999999,0.0,0.0,0.0,0.0,15.385307380166486,14.177499231347184,strict_delta_max,2,cross_layer_handoff_executed
resource-defense_DLGPR-full_seed0,0,DLGPR-full,resource-defense,2,4,PSO,1.685450571629515,2.2975000320002437,0.8165,0.8165,0.0,0.0,0.0,0.04760036353527134,14.177499231347184,12.49204865971767,strict_delta_max,1,cross_layer_handoff_executed
resource-defense_DLGPR-full_seed0,0,DLGPR-full,resource-defense,2,5,RL,3.289612331807258,4.117999924346805,0.7219439999999999,0.7219439999999999,0.0,0.0,0.0,0.1292389367249336,12.49204865971767,9.202436327910412,strict_delta_max,2,cross_layer_handoff_executed
resource-defense_DLGPR-full_seed0,0,DLGPR-full,resource-defense,2,6,RL,3.664286442793749,4.1145000141114,0.7219439999999999,0.7219439999999999,0.0,0.0,0.0,0.0,9.202436327910412,5.538149885116663,strict_delta_max,2,cross_layer_handoff_executed
resource-defense_DLGPR-full_seed0,0,DLGPR-full,resource-defense,2,7,PSO,2.2178622832094175,2.1962999599054456,0.822752,0.822752,0.0,0.0,0.0,0.03780349608174392,5.538149885116663,3.320287601907246,strict_delta_max,1,cross_layer_handoff_executed
resource-defense_DLGPR-full_seed0,0,DLGPR-full,resource-defense,3,0,GA,1.278088689884295,2.1153000416234136,-0.17339199999999994,-0.17339199999999994,0.0,0.0,0.17545065210580602,0.05730507666610436,22.0,20.721911310115704,strict_delta_max,1,cross_layer_handoff_executed
resource-defense_DLGPR-full_seed0,0,DLGPR-full,resource-defense,3,1,PSO,3.4609817341999145,2.2133999736979604,0.8238380000000001,0.8238380000000001,0.0,0.0,0.0,0.041004534607884106,20.721911310115704,17.26092957591579,strict_delta_max,1,cross_layer_handoff_executed
resource-defense_DLGPR-full_seed0,0,DLGPR-full,resource-defense,3,2,RL,3.259297754915711,4.004999995231628,0.7413919999999998,0.7413919999999998,0.0,0.0,0.0,0.034442388649730225,17.26092957591579,14.001631821000078,strict_delta_max,2,cross_layer_handoff_executed
resource-defense_DLGPR-full_seed0,0,DLGPR-full,resource-defense,3,3,GA,3.3477994768038077,2.437500050291419,0.701608,0.701608,0.0,0.0,0.1664084416556248,0.01911962892735229,14.001631821000078,10.653832344196271,strict_delta_max,1,cross_layer_handoff_executed
resource-defense_DLGPR-full_seed0,0,DLGPR-full,resource-defense,3,4,GA,2.0747605114303145,2.539699897170067,0.8505559999999999,0.8505559999999999,0.0,0.0,0.21315591400643746,0.03910746515292466,10.653832344196271,8.579071832765957,strict_delta_max,1,cross_layer_handoff_executed
resource-defense_DLGPR-full_seed0,0,DLGPR-full,resource-defense,3,5,GA,2.752495267364205,2.5609000585973263,-0.31312399999999985,-0.31312399999999985,0.0,0.0,0.21315591400643746,0.026595147131696285,8.579071832765957,5.826576565401751,strict_delta_max,1,cross_layer_handoff_executed
resource-defense_DLGPR-full_seed0,0,DLGPR-full,resource-defense,3,6,GA,1.075669989582663,2.633500029332936,0.8078919999999998,0.8078919999999998,0.0,0.0,0.17676044750126346,0.08265180111127701,5.826576565401751,4.750906575819089,strict_delta_max,1,cross_layer_handoff_executed
resource-defense_DLGPR-full_seed0,0,DLGPR-full,resource-defense,3,7,GA,1.7234092562084793,2.5246000150218606,0.7887479999999998,0.7887479999999998,0.0,0.0,0.22873734799916554,0.04185042134635202,4.750906575819089,3.0274973196106094,strict_delta_max,1,cross_layer_handoff_executed
resource-defense_DLGPR-full_seed0,0,DLGPR-full,resource-defense,4,0,GA,1.679594084746225,2.507299999706447,0.701608,0.701608,0.0,0.0,0.22873734799916554,0.06521399807925514,22.0,20.320405915253776,strict_delta_max,1,cross_layer_handoff_executed
resource-defense_DLGPR-full_seed0,0,DLGPR-full,resource-defense,4,1,PSO,1.3168238450452803,2.272099955007434,0.10085799999999978,0.10085799999999978,0.0,0.0,0.0,0.13726099752790444,20.320405915253776,19.003582070208495,strict_delta_max,1,cross_layer_handoff_executed
resource-defense_DLGPR-full_seed0,0,DLGPR-full,resource-defense,4,2,RL,2.1447617396573,4.262099973857403,0.7599519999999998,0.7599519999999998,0.0,0.0,0.0,0.008925000687050016,19.003582070208495,16.858820330551193,strict_delta_max,2,cross_layer_handoff_executed
resource-defense_DLGPR-full_seed0,0,DLGPR-full,resource-defense,4,3,RL,3.8429356669103827,4.246999975293875,0.7599519999999998,0.7599519999999998,0.0,0.0,0.0,0.012461306706833505,16.858820330551193,13.015884663640811,strict_delta_max,2,cross_layer_handoff_executed
resource-defense_DLGPR-full_seed0,0,DLGPR-full,resource-defense,4,4,PSO,2.4092218017294003,2.157100010663271,0.8964819999999999,0.8964819999999999,0.0,0.0,0.0,0.05196784324762283,13.015884663640811,10.606662861911412,strict_delta_max,1,cross_layer_handoff_executed
resource-defense_DLGPR-full_seed0,0,DLGPR-full,resource-defense,4,5,RL,2.3333582944925597,4.282900015823543,0.7911079999999999,0.7911079999999999,0.0,0.0,0.0,0.0,10.606662861911412,8.273304567418851,strict_delta_max,2,cross_layer_handoff_executed
resource-defense_DLGPR-full_seed0,0,DLGPR-full,resource-defense,4,6,PSO,1.0,2.2706000600010157,0.8847320000000001,0.8847320000000001,0.0,0.0,0.0,0.15258337479537687,8.273304567418851,7.273304567418851,strict_delta_max,1,cross_layer_handoff_executed
resource-defense_DLGPR-full_seed0,0,DLGPR-full,resource-defense,4,7,RL,1.2084257310314044,4.169499967247248,0.7911079999999999,0.7911079999999999,0.0,0.0,0.0,0.0,7.273304567418851,6.064878836387447,strict_delta_max,2,cross_layer_handoff_executed
resource-defense_DLGPR-full_seed0,0,DLGPR-full,resource-defense,4,8,RL,2.550364097480862,4.280199995264411,0.7911079999999999,0.7911079999999999,0.0,0.0,0.0,0.02478783325974666,6.064878836387447,3.5145147389065845,strict_delta_max,2,cross_layer_handoff_executed
resource-defense_DLGPR-full_seed0,0,DLGPR-full,resource-defense,5,0,GA,3.0044902280325934,2.3870000150054693,0.852916,0.852916,0.0,0.0,0.3019492588788309,0.03975360877810983,22.0,18.995509771967406,strict_delta_max,1,cross_layer_handoff_executed
resource-defense_DLGPR-full_seed0,0,DLGPR-full,resource-defense,5,1,PSO,3.574275495643949,2.457799972034991,0.27442999999999984,0.27442999999999984,0.0,0.0,0.0,0.042591506349107806,18.995509771967406,15.421234276323457,strict_delta_max,1,cross_layer_handoff_executed
resource-defense_DLGPR-full_seed0,0,DLGPR-full,resource-defense,5,2,RL,2.745611516319832,4.218299989588559,0.8078919999999998,0.8078919999999998,0.0,0.0,0.0,0.0,15.421234276323457,12.675622760003625,strict_delta_max,2,cross_layer_handoff_executed
resource-defense_DLGPR-full_seed0,0,DLGPR-full,resource-defense,5,3,GA,1.190152676557155,2.3617000551894307,0.8872579999999999,0.8872579999999999,0.0,0.0,0.3464510174268255,0.06420234272863815,12.675622760003625,11.48547008344647,strict_delta_max,1,cross_layer_handoff_executed
resource-defense_DLGPR-full_seed0,0,DLGPR-full,resource-defense,5,4,GA,2.9102278716825944,2.64770002104342,0.89055,0.89055,0.0,0.0,0.3939819061812021,0.03920606699222335,11.48547008344647,8.575242211763875,strict_delta_max,1,cross_layer_handoff_executed
resource-defense_DLGPR-full_seed0,0,DLGPR-full,resource-defense,5,5,GA,1.513221558561603,2.4455999955534935,0.8841039999999999,0.8841039999999999,0.0,0.0,0.3966098457098318,0.05846180890290156,8.575242211763875,7.062020653202272,strict_delta_max,1,cross_layer_handoff_executed
resource-defense_DLGPR-full_seed0,0,DLGPR-full,resource-defense,5,6,GA,1.772323869063814,2.6635000249370933,0.9749519999999998,0.9749519999999998,0.0,0.019257202701912543,0.4266393835869279,0.05149787261208298,7.062020653202272,5.289696784138458,strict_delta_max,1,cross_layer_handoff_executed
resource-defense_DLGPR-full_seed0,0,DLGPR-full,resource-defense,5,7,GA,2.6833390394195185,2.5049999821931124,0.9628599999999998,0.9628599999999998,0.0,0.0,0.4625217226420803,0.03541133711267032,5.289696784138458,2.60635774471894,strict_delta_max,1,cross_layer_handoff_executed
resource-defense_DLGPR-full_seed1,1,DLGPR-full,resource-defense,0,0,GA,1.9020835094768749,2.966300002299249,0.7475840000000001,0.7475840000000001,0.0,0.0,0.9187276469971314,0.10320116966747558,22.0,20.097916490523126,strict_delta_max,1,cross_layer_handoff_executed
resource-defense_DLGPR-full_seed1,1,DLGPR-full,resource-defense,0,1,PSO,1.753787846213536,2.482400042936206,0.7298560000000001,0.7298560000000001,0.0,0.0,0.0,0.07933765931040297,20.097916490523126,18.34412864430959,strict_delta_max,1,cross_layer_handoff_executed
resource-defense_DLGPR-full_seed1,1,DLGPR-full,resource-defense,0,2,RL,4.0,4.540699999779463,0.9027639999999999,0.9027639999999999,0.0,0.012604000000000004,0.0,0.0,18.34412864430959,14.344128644309588,strict_delta_max,2,cross_layer_handoff_executed
resource-defense_DLGPR-full_seed1,1,DLGPR-full,resource-defense,0,3,GA,3.4809483824350433,2.463199896737933,0.854968,0.854968,0.0,0.0,0.8325725896037208,0.02900098157656912,14.344128644309588,10.863180261874545,strict_delta_max,1,cross_layer_handoff_executed
resource-defense_DLGPR-full_seed1,1,DLGPR-full,resource-defense,0,4,GA,2.8712549085496537,2.742399927228689,0.6304719999999999,0.6304719999999999,0.0,0.0,0.7847072863218921,0.04197955335833807,10.863180261874545,7.991925353324891,strict_delta_max,1,cross_layer_handoff_executed
resource-defense_DLGPR-full_seed1,1,DLGPR-full,resource-defense,0,5,GA,1.8746535038726546,2.3638999555259943,0.8882079999999999,0.8882079999999999,0.0,0.0,0.7852799130792669,0.0580519545616368,7.991925353324891,6.117271849452237,strict_delta_max,1,cross_layer_handoff_executed
resource-defense_DLGPR-full_seed1,1,DLGPR-full,resource-defense,0,6,GA,2.6704134998623594,2.4367000441998243,0.854968,0.854968,0.0,0.0,0.7378153438105569,0.05122103162624485,6.117271849452237,3.4468583495898777,strict_delta_max,1,cross_layer_handoff_executed
resource-defense_DLGPR-full_seed1,1,DLGPR-full,resource-defense,1,0,GA,3.215108286477906,2.3412000155076385,0.854968,0.854968,0.0,0.0,0.7008805239600717,0.027029546483565956,22.0,18.784891713522093,strict_delta_max,1,cross_layer_handoff_executed
resource-defense_DLGPR-full_seed1,1,DLGPR-full,resource-defense,1,1,PSO,1.4044678959234382,3.3230999251827598,0.854968,0.854968,0.0,0.0,0.0,0.06695357689467975,18.784891713522093,17.380423817598654,strict_delta_max,1,cross_layer_handoff_executed
resource-defense_DLGPR-full_seed1,1,DLGPR-full,resource-defense,1,2,RL,1.987654698221389,4.189300001598895,0.8945679999999999,0.8945679999999999,0.0,0.0,0.0,0.7071328844279213,17.380423817598654,15.392769119377265,strict_delta_max,2,cross_layer_handoff_executed
resource-defense_DLGPR-full_seed1,1,DLGPR-full,resource-defense,1,3,RL,1.2680566771736657,4.286799929104745,0.8945679999999999,0.8945679999999999,0.0,0.0,0.0,0.0,15.392769119377265,14.124712442203599,strict_delta_max,2,cross_layer_handoff_executed
resource-defense_DLGPR-full_seed1,1,DLGPR-full,resource-defense,1,4,RL,3.459691726279436,4.03129996266216,0.9027639999999999,0.9027639999999999,0.0,0.0,0.0,0.07327473661146779,14.124712442203599,10.665020715924163,strict_delta_max,2,cross_layer_handoff_executed
resource-defense_DLGPR-full_seed1,1,DLGPR-full,resource-defense,1,5,RL,2.226828414674392,4.0354999946430326,0.9027639999999999,0.9027639999999999,0.0,0.0,0.0,0.0,10.665020715924163,8.43819230124977,strict_delta_max,2,cross_layer_handoff_executed
resource-defense_DLGPR-full_seed1,1,DLGPR-full,resource-defense,1,6,PSO,1.0,2.2308999905362725,0.8700479999999999,0.8700479999999999,0.0,0.0,0.0,0.01689989563473504,8.43819230124977,7.438192301249771,strict_delta_max,1,cross_layer_handoff_executed
resource-defense_DLGPR-full_seed1,1,DLGPR-full,resource-defense,1,7,PSO,3.369488779281856,2.0719999447464943,0.8676879999999999,0.8676879999999999,0.0,0.0,0.0,0.005272247162557373,7.438192301249771,4.068703521967915,strict_delta_max,1,cross_layer_handoff_executed
resource-defense_DLGPR-full_seed1,1,DLGPR-full,resource-defense,1,8,PSO,3.129484501475518,2.410899964161217,0.12170400000000003,0.12170400000000003,0.0,0.0,0.0,0.024881835306785283,4.068703521967915,0.9392190204923971,strict_delta_max,1,cross_layer_handoff_executed
resource-defense_DLGPR-full_seed1,1,DLGPR-full,resource-defense,2,0,GA,1.9329999248445335,2.7596999425441027,0.617032,0.617032,0.0,0.0,0.5515957465730597,0.034378081459443856,22.0,20.067000075155466,strict_delta_max,1,cross_layer_handoff_executed
resource-defense_DLGPR-full_seed1,1,DLGPR-full,resource-defense,2,1,PSO,2.5129789168742924,2.190300030633807,0.8700479999999999,0.8700479999999999,0.0,0.0,0.0,0.007836821214765111,20.067000075155466,17.554021158281174,strict_delta_max,1,cross_layer_handoff_executed
resource-defense_DLGPR-full_seed1,1,DLGPR-full,resource-defense,2,2,RL,3.8787653627685286,4.084500018507242,0.8945679999999999,0.8945679999999999,0.0,0.0,0.0,0.3773149090295561,17.554021158281174,13.675255795512644,strict_delta_max,2,cross_layer_handoff_executed
resource-defense_DLGPR-full_seed1,1,DLGPR-full,resource-defense,2,3,RL,1.9515208693975656,4.1992999613285065,0.8945679999999999,0.8945679999999999,0.0,0.0,0.0,0.010697297849776168,13.675255795512644,11.723734926115078,strict_delta_max,2,cross_layer_handoff_executed
resource-defense_DLGPR-full_seed1,1,DLGPR-full,resource-defense,2,4,RL,3.4363400648211364,4.090099944733083,0.8945679999999999,0.8945679999999999,0.0,0.0,0.0,0.05685991383689502,11.723734926115078,8.287394861293942,strict_delta_max,2,cross_layer_handoff_executed
resource-defense_DLGPR-full_seed1,1,DLGPR-full,resource-defense,2,5,RL,4.0,3.994600032456219,0.8945679999999999,0.8945679999999999,0.0,0.0,0.0,0.0014639999999999098,8.287394861293942,4.287394861293942,strict_delta_max,2,cross_layer_handoff_executed
resource-defense_DLGPR-full_seed1,1,DLGPR-full,resource-defense,2,6,PSO,2.0878945984325448,2.037400030530989,0.8945679999999999,0.8945679999999999,0.0,0.0,0.0,0.007997518667004724,4.287394861293942,2.199500262861397,strict_delta_max,1,cross_layer_handoff_executed
resource-defense_DLGPR-full_seed1,1,DLGPR-full,resource-defense,3,0,GA,2.935773909787435,2.3706000065431,0.4218240000000001,0.4218240000000001,0.0,0.0,0.14980158424120665,0.03411322116128593,22.0,19.064226090212564,strict_delta_max,1,cross_layer_handoff_executed
resource-defense_DLGPR-full_seed1,1,DLGPR-full,resource-defense,3,1,PSO,1.0,2.39290005993098,0.920924,0.920924,0.0,0.018160000000000065,0.0,0.01598814103736912,19.064226090212564,18.064226090212564,strict_delta_max,1,cross_layer_handoff_executed
resource-defense_DLGPR-full_seed1,1,DLGPR-full,resource-defense,3,2,RL,3.608354915142404,4.1562000988051295,0.8945679999999999,0.8945679999999999,0.0,0.0,0.0,0.0,18.064226090212564,14.455871175070161,strict_delta_max,2,cross_layer_handoff_executed
resource-defense_DLGPR-full_seed1,1,DLGPR-full,resource-defense,3,3,PSO,2.4085511756573896,2.0577000686898828,0.910136,0.910136,0.0,0.0,0.0,0.032124484502100065,14.455871175070161,12.047319999412771,strict_delta_max,1,cross_layer_handoff_executed
resource-defense_DLGPR-full_seed1,1,DLGPR-full,resource-defense,3,4,GA,3.28434043469354,2.2571999579668045,0.287476,0.287476,0.0,0.0,0.14980158424120665,0.022474788499062016,12.047319999412771,8.762979564719231,strict_delta_max,1,cross_layer_handoff_executed
resource-defense_DLGPR-full_seed1,1,DLGPR-full,resource-defense,3,5,GA,2.1974841116598207,2.2969000274315476,0.8613279999999999,0.8613279999999999,0.0,0.0,0.14980158424120665,0.028755656079406455,8.762979564719231,6.565495453059411,strict_delta_max,1,cross_layer_handoff_executed
resource-defense_DLGPR-full_seed1,1,DLGPR-full,resource-defense,3,6,GA,2.769934592653276,2.4840000551193953,0.987528,0.987528,0.0,0.02404533311965359,0.21604072721093234,0.03172677303853176,6.565495453059411,3.795560860406135,strict_delta_max,1,cross_layer_handoff_executed
resource-defense_DLGPR-full_seed1,1,DLGPR-full,resource-defense,4,0,GA,3.2572525759700772,2.319199964404106,0.9797279999999999,0.9797279999999999,0.0,0.0,0.2630231103078354,0.021559630025394884,22.0,18.742747424029922,strict_delta_max,1,cross_layer_handoff_executed
resource-defense_DLGPR-full_seed1,1,DLGPR-full,resource-defense,4,1,PSO,1.6910110467277202,2.312700031325221,0.8203279999999997,0.8203279999999997,0.0,0.0,0.0,0.03929851486403023,18.742747424029922,17.051736377302202,strict_delta_max,1,cross_layer_handoff_executed
resource-defense_DLGPR-full_seed1,1,DLGPR-full,resource-defense,4,2,RL,2.080450180775217,3.8213999941945076,0.9027639999999999,0.9027639999999999,0.0,0.0,0.0,0.0,17.051736377302202,14.971286196526986,strict_delta_max,2,cross_layer_handoff_executed
resource-defense_DLGPR-full_seed1,1,DLGPR-full,resource-defense,4,3,GA,1.3008312278877714,2.1942000603303313,0.10870400000000004,0.10870400000000004,0.0,0.0,0.2652229184137111,0.07281462899344023,14.971286196526986,13.670454968639214,strict_delta_max,1,cross_layer_handoff_executed
resource-defense_DLGPR-full_seed1,1,DLGPR-full,resource-defense,4,4,GA,1.6970937353041924,2.3035999620333314,0.923808,0.923808,0.0,0.0,0.3176497455759987,0.046512534224762946,13.670454968639214,11.973361233335023,strict_delta_max,1,cross_layer_handoff_executed
resource-defense_DLGPR-full_seed1,1,DLGPR-full,resource-defense,4,5,GA,2.7363935884281183,2.436799928545952,0.8275779999999999,0.8275779999999999,0.0,0.0,0.3176497455759987,0.050819007924041384,11.973361233335023,9.236967644906905,strict_delta_max,1,cross_layer_handoff_executed
resource-defense_DLGPR-full_seed1,1,DLGPR-full,resource-defense,4,6,GA,3.6737027851735506,2.4672000436112285,0.8811279999999999,0.8811279999999999,0.0,0.0,0.3176497455759987,0.020864764479589085,9.236967644906905,5.563264859733354,strict_delta_max,1,cross_layer_handoff_executed
resource-defense_DLGPR-full_seed1,1,DLGPR-full,resource-defense,4,7,GA,2.930176938317787,2.33220006339252,0.872408,0.872408,0.0,0.0,0.3176497455759987,0.027453611371701072,5.563264859733354,2.633087921415567,strict_delta_max,1,cross_layer_handoff_executed
resource-defense_DLGPR-full_seed1,1,DLGPR-full,resource-defense,5,0,GA,3.484028987513225,2.2600999800488353,0.617032,0.617032,0.0,0.0,0.3176497455759987,0.03192816631746249,22.0,18.515971012486776,strict_delta_max,1,cross_layer_handoff_executed
resource-defense_DLGPR-full_seed1,1,DLGPR-full,resource-defense,5,1,PSO,2.8989594407743318,2.3317999439314008,0.9027639999999999,0.9027639999999999,0.0,0.0,0.0,0.007704011991949796,18.515971012486776,15.617011571712444,strict_delta_max,1,cross_layer_handoff_executed
resource-defense_DLGPR-full_seed1,1,DLGPR-full,resource-defense,5,2,RL,1.6010607256553442,4.029200063087046,0.8992879999999999,0.8992879999999999,0.0,0.0,0.0,0.7607481593188464,15.617011571712444,14.0159508460571,strict_delta_max,2,cross_layer_handoff_executed
resource-defense_DLGPR-full_seed1,1,DLGPR-full,resource-defense,5,3,RL,3.6608130267659016,4.197400063276291,0.8992879999999999,0.8992879999999999,0.0,0.0,0.0,0.046203943977283196,14.0159508460571,10.355137819291198,strict_delta_max,2,cross_layer_handoff_executed
resource-defense_DLGPR-full_seed1,1,DLGPR-full,resource-defense,5,4,RL,2.799809811399544,4.050499992445111,0.8992879999999999,0.8992879999999999,0.0,0.0,0.0,0.09121905315144777,10.355137819291198,7.555328007891653,strict_delta_max,2,cross_layer_handoff_executed
resource-defense_DLGPR-full_seed1,1,DLGPR-full,resource-defense,5,5,RL,3.9221658433374533,4.0608999552205205,0.8992879999999999,0.8992879999999999,0.0,0.0,0.0,0.0,7.555328007891653,3.6331621645541996,strict_delta_max,2,cross_layer_handoff_executed
resource-defense_DLGPR-full_seed2,2,DLGPR-full,resource-defense,0,0,GA,3.9051999001172466,2.7718999190256,0.26544600000000007,0.26544600000000007,0.0,0.0,0.9221321296069481,0.03772849699813911,22.0,18.094800099882754,strict_delta_max,1,cross_layer_handoff_executed
resource-defense_DLGPR-full_seed2,2,DLGPR-full,resource-defense,0,1,PSO,1.0477483033184853,2.298999927006662,0.12172799999999984,0.12172799999999984,0.0,0.0,0.0,0.14499387204475772,18.094800099882754,17.04705179656427,strict_delta_max,1,cross_layer_handoff_executed
resource-defense_DLGPR-full_seed2,2,DLGPR-full,resource-defense,0,2,RL,2.0715315278143036,4.035399993881583,-0.29552199999999995,-0.29552199999999995,0.0,0.0,0.0,0.32114596908980075,17.04705179656427,14.975520268749964,strict_delta_max,2,cross_layer_handoff_executed
resource-defense_DLGPR-full_seed2,2,DLGPR-full,resource-defense,0,3,RL,2.5029918803203057,4.027900053188205,-0.29552199999999995,-0.29552199999999995,0.0,0.0,0.0,0.0,14.975520268749964,12.472528388429659,strict_delta_max,2,cross_layer_handoff_executed
resource-defense_DLGPR-full_seed2,2,DLGPR-full,resource-defense,0,4,GA,2.0007684623445736,2.347299945540726,-0.30910399999999993,-0.30910399999999993,0.0,0.0,0.9221321296069481,0.07489679432079555,12.472528388429659,10.471759926085085,strict_delta_max,1,cross_layer_handoff_executed
resource-defense_DLGPR-full_seed2,2,DLGPR-full,resource-defense,0,5,GA,3.232942505512532,2.5292999343946576,-0.30910399999999993,-0.30910399999999993,0.0,0.0,0.9221321296069481,0.03619933121869421,10.471759926085085,7.238817420572553,strict_delta_max,1,cross_layer_handoff_executed
resource-defense_DLGPR-full_seed2,2,DLGPR-full,resource-defense,0,6,GA,1.3433878316157268,2.5406000204384327,0.4719440000000001,0.4719440000000001,0.0,0.0,0.9167912997495015,0.12009187243778484,7.238817420572553,5.8954295889568264,strict_delta_max,1,cross_layer_handoff_executed
resource-defense_DLGPR-full_seed2,2,DLGPR-full,resource-defense,0,7,GA,1.679791196943334,2.338099991902709,0.4222480000000001,0.4222480000000001,0.0,0.0,0.8949393382607648,0.10177705619091551,5.8954295889568264,4.215638392013492,strict_delta_max,1,cross_layer_handoff_executed
resource-defense_DLGPR-full_seed2,2,DLGPR-full,resource-defense,0,8,GA,1.9786552096912007,2.463800017721951,0.15460500000000005,0.15460500000000005,0.0,0.0,0.8523657988223285,0.06192050685728487,4.215638392013492,2.2369831823222914,strict_delta_max,1,cross_layer_handoff_executed
resource-defense_DLGPR-full_seed2,2,DLGPR-full,resource-defense,1,0,GA,3.9642979177881172,2.2809000220149755,0.5737540000000001,0.5737540000000001,0.0,0.0,0.8568607941571125,0.03488045757194905,22.0,18.035702082211884,strict_delta_max,1,cross_layer_handoff_executed
resource-defense_DLGPR-full_seed2,2,DLGPR-full,resource-defense,1,1,PSO,2.965013325602728,2.2649000165984035,0.12172799999999984,0.12172799999999984,0.0,0.0,0.0,0.04224269865669471,18.035702082211884,15.070688756609156,strict_delta_max,1,cross_layer_handoff_executed
resource-defense_DLGPR-full_seed2,2,DLGPR-full,resource-defense,1,2,RL,2.8465103667408687,4.043699940666556,0.611958,0.611958,0.0,0.0,0.0,0.013629319764051939,15.070688756609156,12.224178389868287,strict_delta_max,2,cross_layer_handoff_executed
resource-defense_DLGPR-full_seed2,2,DLGPR-full,resource-defense,1,3,PSO,3.1242104763932153,1.995299942791462,0.09872799999999987,0.09872799999999987,0.0,0.0,0.0,0.025106291735504254,12.224178389868287,9.099967913475073,strict_delta_max,1,cross_layer_handoff_executed
resource-defense_DLGPR-full_seed2,2,DLGPR-full,resource-defense,1,4,RL,2.045041003635992,4.077700083144009,0.519844,0.519844,0.0,0.0,0.0,0.0,9.099967913475073,7.0549269098390806,strict_delta_max,2,cross_layer_handoff_executed
resource-defense_DLGPR-full_seed2,2,DLGPR-full,resource-defense,1,5,PSO,1.1165595144228126,2.0483999978750944,0.035600000000000076,0.035600000000000076,0.0,0.0,0.0,0.10897305336462486,7.0549269098390806,5.938367395416268,strict_delta_max,1,cross_layer_handoff_executed
resource-defense_DLGPR-full_seed2,2,DLGPR-full,resource-defense,1,6,RL,3.2185007060063144,4.024999914690852,0.610408,0.610408,0.0,0.0,0.0,0.03692588905704184,5.938367395416268,2.7198666894099537,strict_delta_max,2,cross_layer_handoff_executed
resource-defense_DLGPR-full_seed2,2,DLGPR-full,resource-defense,2,0,GA,3.5088278314742185,2.505000098608434,0.8535839999999999,0.8535839999999999,0.0,0.05589102954578548,0.6776427742444137,0.04236331504288607,22.0,18.491172168525782,strict_delta_max,1,cross_layer_handoff_executed
resource-defense_DLGPR-full_seed2,2,DLGPR-full,resource-defense,2,1,PSO,2.9389677046773426,2.2708000615239143,0.6480400000000002,0.6480400000000002,0.0,0.0,0.0,0.04027011957184406,18.491172168525782,15.55220446384844,strict_delta_max,1,cross_layer_handoff_executed
resource-defense_DLGPR-full_seed2,2,DLGPR-full,resource-defense,2,2,RL,4.0,4.068400012329221,0.7343199999999999,0.7343199999999999,0.0,0.0,0.0,0.05200100000000002,15.55220446384844,11.55220446384844,strict_delta_max,2,cross_layer_handoff_executed
resource-defense_DLGPR-full_seed2,2,DLGPR-full,resource-defense,2,3,GA,3.4451888595990283,2.204800024628639,0.12507799999999994,0.12507799999999994,0.0,0.0,0.5943041985111607,0.03320249989698252,11.55220446384844,8.107015604249412,strict_delta_max,1,cross_layer_handoff_executed
resource-defense_DLGPR-full_seed2,2,DLGPR-full,resource-defense,2,4,GA,1.9281543198510804,2.399299992248416,0.657472,0.657472,0.0,0.0,0.5465551363965276,0.0581555103220103,8.107015604249412,6.178861284398332,strict_delta_max,1,cross_layer_handoff_executed
resource-defense_DLGPR-full_seed2,2,DLGPR-full,resource-defense,2,5,GA,1.5520009964863601,2.3674999829381704,-0.45484399999999997,-0.45484399999999997,0.0,0.0,0.5465551363965276,0.04514174348325833,6.178861284398332,4.626860287911972,strict_delta_max,1,cross_layer_handoff_executed
resource-defense_DLGPR-full_seed2,2,DLGPR-full,resource-defense,2,6,GA,3.097581353717163,2.5746000465005636,0.613618,0.613618,0.0,0.0,0.5405432973954318,0.04049457083513583,4.626860287911972,1.5292789341948092,strict_delta_max,1,cross_layer_handoff_executed
resource-defense_DLGPR-full_seed2,2,DLGPR-full,resource-defense,3,0,GA,2.902552434342473,2.378299948759377,0.657472,0.657472,0.0,0.0,0.5362454225772733,0.04331485026798813,22.0,19.097447565657525,strict_delta_max,1,cross_layer_handoff_executed
resource-defense_DLGPR-full_seed2,2,DLGPR-full,resource-defense,3,1,PSO,1.4554193579513977,2.2498000180348754,0.721472,0.721472,0.0,0.0,0.0,0.013677599991869713,19.097447565657525,17.642028207706126,strict_delta_max,1,cross_layer_handoff_executed
resource-defense_DLGPR-full_seed2,2,DLGPR-full,resource-defense,3,2,RL,4.0,3.271099994890392,0.694788,0.694788,0.0,0.0,0.0,0.0,17.642028207706126,13.642028207706126,strict_delta_max,2,cross_layer_handoff_executed
resource-defense_DLGPR-full_seed2,2,DLGPR-full,resource-defense,3,3,GA,1.7239131614308345,2.2418000735342503,0.657472,0.657472,0.0,0.0,0.5326281975150795,0.08307468962501079,13.642028207706126,11.918115046275291,strict_delta_max,1,cross_layer_handoff_executed
resource-defense_DLGPR-full_seed2,2,DLGPR-full,resource-defense,3,4,GA,3.0733682853288844,2.525300020352006,0.12172799999999984,0.12172799999999984,0.0,0.0,0.5326281975150795,0.023593768757175546,11.918115046275291,8.844746760946407,strict_delta_max,1,cross_layer_handoff_executed
resource-defense_DLGPR-full_seed2,2,DLGPR-full,resource-defense,3,5,GA,1.27153003764022,2.4574999697506428,0.657472,0.657472,0.0,0.0,0.5595395203187684,0.0955958462666543,8.844746760946407,7.573216723306187,strict_delta_max,1,cross_layer_handoff_executed
resource-defense_DLGPR-full_seed2,2,DLGPR-full,resource-defense,3,6,GA,3.65656637530085,2.347599947825074,0.657472,0.657472,0.0,0.0,0.5663843959205164,0.019715862232859885,7.573216723306187,3.9166503480053367,strict_delta_max,1,cross_layer_handoff_executed
resource-defense_DLGPR-full_seed2,2,DLGPR-full,resource-defense,4,0,GA,2.9353178842038026,2.4533000541850924,0.924258,0.924258,0.0,0.024077119681083628,0.5927834856798638,0.05592008750842662,22.0,19.0646821157962,strict_delta_max,1,cross_layer_handoff_executed
resource-defense_DLGPR-full_seed2,2,DLGPR-full,resource-defense,4,1,PSO,1.2804482475193806,2.2242999402806163,0.1518879999999999,0.1518879999999999,0.0,0.0,0.0,0.0715211266737688,19.0646821157962,17.784233868276818,strict_delta_max,1,cross_layer_handoff_executed
resource-defense_DLGPR-full_seed2,2,DLGPR-full,resource-defense,4,2,RL,1.243104787079627,3.9813999319449067,0.657472,0.657472,0.0,0.0,0.0,1.214761632080556,17.784233868276818,16.54112908119719,strict_delta_max,2,cross_layer_handoff_executed
resource-defense_DLGPR-full_seed2,2,DLGPR-full,resource-defense,4,3,RL,3.7198693034680828,4.038899904116988,0.657472,0.657472,0.0,0.0,0.0,0.09018542659206594,16.54112908119719,12.821259777729107,strict_delta_max,2,cross_layer_handoff_executed
resource-defense_DLGPR-full_seed2,2,DLGPR-full,resource-defense,4,4,RL,3.99398375153187,4.027099930681288,0.657472,0.657472,0.0,0.0,0.0,0.0,12.821259777729107,8.827276026197238,strict_delta_max,2,cross_layer_handoff_executed
resource-defense_DLGPR-full_seed2,2,DLGPR-full,resource-defense,4,5,RL,2.011413480203792,4.031199961900711,0.657472,0.657472,0.0,0.0,0.0,0.0,8.827276026197238,6.815862545993445,strict_delta_max,2,cross_layer_handoff_executed
resource-defense_DLGPR-full_seed2,2,DLGPR-full,resource-defense,4,6,RL,1.8269779908597705,3.9898999966681004,0.6724319999999999,0.6724319999999999,0.0,0.0,0.0,0.3625232505884283,6.815862545993445,4.988884555133675,strict_delta_max,2,cross_layer_handoff_executed
resource-defense_DLGPR-full_seed2,2,DLGPR-full,resource-defense,4,7,RL,4.0,3.9909000042825937,0.6724319999999999,0.6724319999999999,0.0,0.0,0.0,0.0,4.988884555133675,0.9888845551336747,strict_delta_max,2,cross_layer_handoff_executed
resource-defense_DLGPR-full_seed2,2,DLGPR-full,resource-defense,5,0,GA,2.703161775973719,2.4652000283822417,0.7645450000000001,0.7645450000000001,0.0,0.0,0.4930211845243608,0.061069039330589506,22.0,19.29683822402628,strict_delta_max,1,cross_layer_handoff_executed
resource-defense_DLGPR-full_seed2,2,DLGPR-full,resource-defense,5,1,PSO,1.7875275680662805,2.409100066870451,0.6509200000000002,0.6509200000000002,0.0,0.0,0.0,0.014399809401053738,19.29683822402628,17.50931065596,strict_delta_max,1,cross_layer_handoff_executed
resource-defense_DLGPR-full_seed2,2,DLGPR-full,resource-defense,5,2,RL,1.8835542484982544,4.308099974878132,0.6724319999999999,0.6724319999999999,0.0,0.0,0.0,0.0,17.50931065596,15.625756407461745,strict_delta_max,2,cross_layer_handoff_executed
resource-defense_DLGPR-full_seed2,2,DLGPR-full,resource-defense,5,3,PSO,1.5945592772881707,2.1463000448420644,0.12172799999999984,0.12172799999999984,0.0,0.0,0.0,0.05989473448581262,15.625756407461745,14.031197130173574,strict_delta_max,1,cross_layer_handoff_executed
resource-defense_DLGPR-full_seed2,2,DLGPR-full,resource-defense,5,4,PSO,2.3377445169838573,2.0239000441506505,0.12172799999999984,0.12172799999999984,0.0,0.0,0.0,0.03626761424321538,14.031197130173574,11.693452613189717,strict_delta_max,1,cross_layer_handoff_executed
resource-defense_DLGPR-full_seed2,2,DLGPR-full,resource-defense,5,5,PSO,1.8378656582745352,2.1585000213235617,0.12172799999999984,0.12172799999999984,0.0,0.0,0.0,0.025040214971373563,11.693452613189717,9.855586954915182,strict_delta_max,1,cross_layer_handoff_executed
resource-defense_DLGPR-full_seed2,2,DLGPR-full,resource-defense,5,6,PSO,2.8672476764820476,2.0185000030323863,0.09872799999999987,0.09872799999999987,0.0,0.0,0.0,0.027468418623280866,9.855586954915182,6.988339278433134,strict_delta_max,1,cross_layer_handoff_executed
resource-defense_DLGPR-full_seed2,2,DLGPR-full,resource-defense,5,7,RL,2.893717834651992,4.0487999795004725,0.732116,0.732116,0.0,0.0,0.0,0.0,6.988339278433134,4.094621443781142,strict_delta_max,2,cross_layer_handoff_executed
resource-defense_DLGPR-full_seed2,2,DLGPR-full,resource-defense,5,8,PSO,1.367602237173468,2.061599981971085,0.0041779999999999595,0.0041779999999999595,0.0,0.0,0.0,0.058878395537986135,4.094621443781142,2.7270192066076735,strict_delta_max,1,cross_layer_handoff_executed
resource-defense_fixed-split_seed0,0,fixed-split,resource-defense,0,0,GA,2.900117049606808,2.7670999988913536,0.675128,0.675128,0.0,0.0,0.9088272647789373,0.05260290404668859,22.0,19.09988295039319,strict_delta_max,1,cross_layer_handoff_executed
resource-defense_fixed-split_seed0,0,fixed-split,resource-defense,0,1,PSO,1.5305249378732895,1.9334000535309315,0.10590799999999989,0.10590799999999989,0.0,0.0,0.0,0.10043349719174326,19.09988295039319,17.569358012519903,strict_delta_max,1,cross_layer_handoff_executed
resource-defense_fixed-split_seed0,0,fixed-split,resource-defense,0,2,RL,2.1785896675980054,4.120999947190285,0.7029200000000002,0.7029200000000002,0.0,0.0006022244663662349,0.0,0.17213062449408242,17.569358012519903,15.390768344921897,strict_delta_max,2,cross_layer_handoff_executed
resource-defense_fixed-split_seed0,0,fixed-split,resource-defense,0,3,GA,2.857045352822311,2.414699993096292,0.6965199999999998,0.6965199999999998,0.0,0.0,0.8406604725099949,0.04059936913562151,15.390768344921897,12.533722992099586,strict_delta_max,1,cross_layer_handoff_executed
resource-defense_fixed-split_seed0,0,fixed-split,resource-defense,0,4,PSO,1.147541053257409,2.257099957205355,0.9066799999999999,0.9066799999999999,0.0,0.1775622749370114,0.0,0.12318006669310327,12.533722992099586,11.386181938842176,strict_delta_max,1,cross_layer_handoff_executed
resource-defense_fixed-split_seed0,0,fixed-split,resource-defense,0,5,RL,3.859466596758335,4.0219000075012445,0.7068960000000002,0.7068960000000002,0.0,0.0,0.0,0.0,11.386181938842176,7.5267153420838415,strict_delta_max,2,cross_layer_handoff_executed
resource-defense_fixed-split_seed0,0,fixed-split,resource-defense,0,6,GA,1.0387709778599095,1.967300078831613,-0.21203000000000005,-0.21203000000000005,0.0,0.0,0.7485042278260132,0.12112416710660337,7.5267153420838415,6.487944364223932,strict_delta_max,1,cross_layer_handoff_executed
resource-defense_fixed-split_seed0,0,fixed-split,resource-defense,0,7,PSO,1.8453991154895528,2.373899915255606,0.8214279999999998,0.8214279999999998,0.0,0.0,0.0,0.07405402769062312,6.487944364223932,4.642545248734379,strict_delta_max,1,cross_layer_handoff_executed
resource-defense_fixed-split_seed0,0,fixed-split,resource-defense,0,8,RL,2.928738647300359,4.1859999764710665,0.758896,0.758896,0.0,0.0,0.0,0.23211699023626856,4.642545248734379,1.7138066014340199,strict_delta_max,2,cross_layer_handoff_executed
resource-defense_fixed-split_seed0,0,fixed-split,resource-defense,1,0,GA,2.446390967044077,2.360600046813488,0.701608,0.701608,0.0,0.0,0.6799484534242094,0.0691265158963363,22.0,19.553609032955922,strict_delta_max,1,cross_layer_handoff_executed
resource-defense_fixed-split_seed0,0,fixed-split,resource-defense,1,1,PSO,3.0968142867002966,2.2900999756529927,0.858628,0.858628,0.0,0.0,0.0,0.03343312183384014,19.553609032955922,16.456794746255625,strict_delta_max,1,cross_layer_handoff_executed
resource-defense_fixed-split_seed0,0,fixed-split,resource-defense,1,2,RL,2.3426868247028754,4.025500034913421,0.7350940000000001,0.7350940000000001,0.0,0.0,0.0,0.0,16.456794746255625,14.11410792155275,strict_delta_max,2,cross_layer_handoff_executed
resource-defense_fixed-split_seed0,0,fixed-split,resource-defense,1,3,GA,1.7443722188962705,2.003000001423061,-0.21921599999999997,-0.21921599999999997,0.0,0.0,0.5908100786316843,0.07029564442885632,14.11410792155275,12.36973570265648,strict_delta_max,1,cross_layer_handoff_executed
resource-defense_fixed-split_seed0,0,fixed-split,resource-defense,1,4,PSO,1.8877925074864896,2.3229001089930534,0.7911079999999999,0.7911079999999999,0.0,0.0,0.0,0.05357176613343724,12.36973570265648,10.48194319516999,strict_delta_max,1,cross_layer_handoff_executed
resource-defense_fixed-split_seed0,0,fixed-split,resource-defense,1,5,RL,3.8148213742841017,4.052800009958446,0.7350940000000001,0.7350940000000001,0.0,0.0,0.0,0.02658368244542807,10.48194319516999,6.667121820885888,strict_delta_max,2,cross_layer_handoff_executed
resource-defense_fixed-split_seed0,0,fixed-split,resource-defense,1,6,GA,2.1141661161604968,2.338999998755753,0.701608,0.701608,0.0,0.0,0.46422248121535015,0.0748632470996692,6.667121820885888,4.552955704725392,strict_delta_max,1,cross_layer_handoff_executed
resource-defense_fixed-split_seed0,0,fixed-split,resource-defense,1,7,PSO,2.0871350118071144,2.277499996125698,0.8078919999999998,0.8078919999999998,0.0,0.0,0.0,0.05590731083140581,4.552955704725392,2.4658206929182773,strict_delta_max,1,cross_layer_handoff_executed
resource-defense_fixed-split_seed0,0,fixed-split,resource-defense,2,0,RL,4.0,4.076999961398542,0.726196,0.726196,0.0,0.0,0.0,0.0,22.0,18.0,strict_delta_max,2,cross_layer_handoff_executed
resource-defense_fixed-split_seed0,0,fixed-split,resource-defense,2,1,GA,3.742623707715902,2.3210999788716435,0.701608,0.701608,0.0,0.0,0.421510814450338,0.020506159221624118,18.0,14.257376292284098,strict_delta_max,1,cross_layer_handoff_executed
resource-defense_fixed-split_seed0,0,fixed-split,resource-defense,2,2,PSO,1.5725020609651414,2.357100020162761,0.842432,0.842432,0.0,0.0,0.0,0.05755619750482654,14.257376292284098,12.684874231318958,strict_delta_max,1,cross_layer_handoff_executed
resource-defense_fixed-split_seed0,0,fixed-split,resource-defense,2,3,RL,4.0,4.030000069178641,0.726196,0.726196,0.0,0.0,0.0,0.042269500000000015,12.684874231318958,8.684874231318958,strict_delta_max,2,cross_layer_handoff_executed
resource-defense_fixed-split_seed0,0,fixed-split,resource-defense,2,4,GA,2.082256637816921,2.38840002566576,0.7407600000000001,0.7407600000000001,0.0,0.0,0.3305026815904769,0.03715962210978182,8.684874231318958,6.602617593502036,strict_delta_max,1,cross_layer_handoff_executed
resource-defense_fixed-split_seed0,0,fixed-split,resource-defense,2,5,PSO,2.181001103088103,2.3526999866589904,0.855664,0.855664,0.0,0.0,0.0,0.03288562606495464,6.602617593502036,4.421616490413934,strict_delta_max,1,cross_layer_handoff_executed
resource-defense_fixed-split_seed0,0,fixed-split,resource-defense,2,6,RL,4.0,4.028599942103028,0.728468,0.728468,0.0,0.0,0.0,0.0,4.421616490413934,0.4216164904139337,strict_delta_max,2,cross_layer_handoff_executed
resource-defense_fixed-split_seed0,0,fixed-split,resource-defense,3,0,GA,2.5242909841781027,2.185199991799891,-0.11494999999999977,-0.11494999999999977,0.0,0.0,0.2246010555385666,0.028931054982472476,22.0,19.4757090158219,strict_delta_max,1,cross_layer_handoff_executed
resource-defense_fixed-split_seed0,0,fixed-split,resource-defense,3,1,PSO,2.666698163112854,2.3528001038357615,0.8022179999999999,0.8022179999999999,0.0,0.0,0.0,0.05247173923737774,19.4757090158219,16.809010852709044,strict_delta_max,1,cross_layer_handoff_executed
resource-defense_fixed-split_seed0,0,fixed-split,resource-defense,3,2,RL,1.3436769145139917,4.173799999989569,0.7591749999999998,0.7591749999999998,0.0,0.0,0.0,0.0,16.809010852709044,15.465333938195052,strict_delta_max,2,cross_layer_handoff_executed
resource-defense_fixed-split_seed0,0,fixed-split,resource-defense,3,3,GA,1.8051708872793644,2.352899988181889,0.692868,0.692868,0.0,0.0,0.2171243002092402,0.043794703253789855,15.465333938195052,13.660163050915687,strict_delta_max,1,cross_layer_handoff_executed
resource-defense_fixed-split_seed0,0,fixed-split,resource-defense,3,4,PSO,3.2305823023580538,2.1169999381527305,0.18358799999999992,0.18358799999999992,0.0,0.0,0.0,0.04698564770794893,13.660163050915687,10.429580748557633,strict_delta_max,1,cross_layer_handoff_executed
resource-defense_fixed-split_seed0,0,fixed-split,resource-defense,3,5,RL,1.1593904813240952,4.2137999553233385,0.7714279999999998,0.7714279999999998,0.0,0.0,0.0,0.4914789358536352,10.429580748557633,9.270190267233538,strict_delta_max,2,cross_layer_handoff_executed
resource-defense_fixed-split_seed0,0,fixed-split,resource-defense,3,6,GA,3.6779086670399126,2.284900052472949,0.2778480000000001,0.2778480000000001,0.0,0.0,0.21255719577268908,0.025131307577656237,9.270190267233538,5.592281600193625,strict_delta_max,1,cross_layer_handoff_executed
resource-defense_fixed-split_seed0,0,fixed-split,resource-defense,3,7,PSO,1.5415836889167582,1.9527000840753317,0.7086559999999998,0.7086559999999998,0.0,0.0,0.0,0.08455720108290656,5.592281600193625,4.050697911276867,strict_delta_max,1,cross_layer_handoff_executed
resource-defense_fixed-split_seed0,0,fixed-split,resource-defense,3,8,RL,3.158893195203189,2.783200005069375,0.7599519999999998,0.7599519999999998,0.0,0.0,0.0,0.0,4.050697911276867,0.8918047160736777,strict_delta_max,2,cross_layer_handoff_executed
resource-defense_fixed-split_seed0,0,fixed-split,resource-defense,4,0,GA,2.757960904203098,1.521000056527555,0.701608,0.701608,0.0,0.0,0.11311324424760497,0.029811787089798574,22.0,19.2420390957969,strict_delta_max,1,cross_layer_handoff_executed
resource-defense_fixed-split_seed0,0,fixed-split,resource-defense,4,1,PSO,2.5751173593540466,2.3886000271886587,0.863358,0.863358,0.0,0.0,0.0,0.061731581696614427,19.2420390957969,16.666921736442855,strict_delta_max,1,cross_layer_handoff_executed
resource-defense_fixed-split_seed0,0,fixed-split,resource-defense,4,2,RL,2.7611405204313084,4.136400064453483,0.7734359999999998,0.7734359999999998,0.0,0.0,0.0,0.023995881234487287,16.666921736442855,13.905781216011547,strict_delta_max,2,cross_layer_handoff_executed
resource-defense_fixed-split_seed0,0,fixed-split,resource-defense,4,3,GA,2.5521851950283625,2.4287999840453267,0.701608,0.701608,0.0,0.0,0.12250005525042117,0.028797123108754395,13.905781216011547,11.353596020983185,strict_delta_max,1,cross_layer_handoff_executed
resource-defense_fixed-split_seed0,0,fixed-split,resource-defense,4,4,PSO,1.2463066720193832,2.264699898660183,0.8811239999999998,0.8811239999999998,0.0,0.0,0.0,0.11784559657472464,11.353596020983185,10.107289348963802,strict_delta_max,1,cross_layer_handoff_executed
resource-defense_fixed-split_seed0,0,fixed-split,resource-defense,4,5,RL,4.0,4.085700027644634,0.7734359999999998,0.7734359999999998,0.0,0.0,0.0,0.0,10.107289348963802,6.107289348963802,strict_delta_max,2,cross_layer_handoff_executed
resource-defense_fixed-split_seed0,0,fixed-split,resource-defense,4,6,GA,3.8120485142322798,2.5133000453934073,0.6984999999999999,0.6984999999999999,0.0,0.0,0.12998834998804937,0.020196865822847337,6.107289348963802,2.295240834731522,strict_delta_max,1,cross_layer_handoff_executed
resource-defense_fixed-split_seed0,0,fixed-split,resource-defense,5,0,PSO,1.8821062837554927,2.248200005851686,0.841248,0.841248,0.0,0.0,0.0,0.06619345829130212,22.0,20.117893716244506,strict_delta_max,1,cross_layer_handoff_executed
resource-defense_fixed-split_seed0,0,fixed-split,resource-defense,5,1,RL,3.794250104190311,4.014299949631095,0.7734359999999998,0.7734359999999998,0.0,0.0,0.0,0.037883638677707526,20.117893716244506,16.323643612054195,strict_delta_max,2,cross_layer_handoff_executed
resource-defense_fixed-split_seed0,0,fixed-split,resource-defense,5,2,GA,1.8752906652708443,2.432400011457503,0.5002300000000002,0.5002300000000002,0.0,0.0,0.13776563816548315,0.03239437265718382,16.323643612054195,14.44835294678335,strict_delta_max,1,cross_layer_handoff_executed
resource-defense_fixed-split_seed0,0,fixed-split,resource-defense,5,3,PSO,1.8327606596634578,2.162099932320416,0.814648,0.814648,0.0,0.0,0.0,0.07212248258704179,14.44835294678335,12.615592287119892,strict_delta_max,1,cross_layer_handoff_executed
resource-defense_fixed-split_seed0,0,fixed-split,resource-defense,5,4,RL,2.471357470727972,4.219900001771748,0.7734359999999998,0.7734359999999998,0.0,0.0,0.0,0.07551153655850112,12.615592287119892,10.14423481639192,strict_delta_max,2,cross_layer_handoff_executed
resource-defense_fixed-split_seed0,0,fixed-split,resource-defense,5,5,GA,1.0327382435887429,2.26690003182739,0.35681700000000005,0.35681700000000005,0.0,0.0,0.14248365981012906,0.07315071739394681,10.14423481639192,9.111496572803178,strict_delta_max,1,cross_layer_handoff_executed
resource-defense_fixed-split_seed0,0,fixed-split,resource-defense,5,6,PSO,1.8824271727524184,2.271499950438738,0.845628,0.845628,0.0,0.0,0.0,0.05563002270802785,9.111496572803178,7.22906940005076,strict_delta_max,1,cross_layer_handoff_executed
resource-defense_fixed-split_seed0,0,fixed-split,resource-defense,5,7,RL,1.511750497238473,4.541000002063811,0.7734359999999998,0.7734359999999998,0.0,0.0,0.0,0.0,7.22906940005076,5.717318902812287,strict_delta_max,2,cross_layer_handoff_executed
resource-defense_fixed-split_seed0,0,fixed-split,resource-defense,5,8,GA,3.088583893293185,2.459599985741079,0.8754559999999999,0.8754559999999999,0.0,0.0,0.14110155911260244,0.024692138866627,5.717318902812287,2.6287350095191018,strict_delta_max,1,cross_layer_handoff_executed
resource-defense_fixed-split_seed1,1,fixed-split,resource-defense,0,0,GA,1.9020835094768749,2.753000007942319,0.7475840000000001,0.7475840000000001,0.0,0.0,0.9187276469971314,0.10320116966747558,22.0,20.097916490523126,strict_delta_max,1,cross_layer_handoff_executed
resource-defense_fixed-split_seed1,1,fixed-split,resource-defense,0,1,PSO,1.753787846213536,2.3306000512093306,0.7298560000000001,0.7298560000000001,0.0,0.0,0.0,0.07933765931040297,20.097916490523126,18.34412864430959,strict_delta_max,1,cross_layer_handoff_executed
resource-defense_fixed-split_seed1,1,fixed-split,resource-defense,0,2,RL,4.0,4.036600003018975,0.9027639999999999,0.9027639999999999,0.0,0.012604000000000004,0.0,0.0,18.34412864430959,14.344128644309588,strict_delta_max,2,cross_layer_handoff_executed
resource-defense_fixed-split_seed1,1,fixed-split,resource-defense,0,3,GA,3.4809483824350433,2.2703000577166677,0.854968,0.854968,0.0,0.0,0.8325725896037208,0.02900098157656912,14.344128644309588,10.863180261874545,strict_delta_max,1,cross_layer_handoff_executed
resource-defense_fixed-split_seed1,1,fixed-split,resource-defense,0,4,PSO,1.4038699271845236,2.2060999181121588,0.12170400000000003,0.12170400000000003,0.0,0.0,0.0,0.06255193535273662,10.863180261874545,9.459310334690022,strict_delta_max,1,cross_layer_handoff_executed
resource-defense_fixed-split_seed1,1,fixed-split,resource-defense,0,5,RL,4.0,3.9416999788954854,0.9027639999999999,0.9027639999999999,0.0,0.0,0.0,0.290659,9.459310334690022,5.459310334690022,strict_delta_max,2,cross_layer_handoff_executed
resource-defense_fixed-split_seed1,1,fixed-split,resource-defense,0,6,GA,2.9511296279430206,2.3041999666020274,0.8402479999999999,0.8402479999999999,0.0,0.0,0.713969529193905,0.021636768912543132,5.459310334690022,2.508180706747001,strict_delta_max,1,cross_layer_handoff_executed
resource-defense_fixed-split_seed1,1,fixed-split,resource-defense,1,0,PSO,2.110202535127694,2.1342000691220164,0.889848,0.889848,0.0,0.0,0.0,0.00804828438752089,22.0,19.889797464872306,strict_delta_max,1,cross_layer_handoff_executed
resource-defense_fixed-split_seed1,1,fixed-split,resource-defense,1,1,RL,3.5372519470062302,4.045099951326847,0.9027639999999999,0.9027639999999999,0.0,0.0,0.0,0.0,19.889797464872306,16.352545517866076,strict_delta_max,2,cross_layer_handoff_executed
resource-defense_fixed-split_seed1,1,fixed-split,resource-defense,1,2,GA,3.1931275460903046,2.240499947220087,0.889848,0.889848,0.0,0.0,0.6095297573028537,0.021230215267887535,16.352545517866076,13.159417971775772,strict_delta_max,1,cross_layer_handoff_executed
resource-defense_fixed-split_seed1,1,fixed-split,resource-defense,1,3,PSO,3.2688546333497266,2.1388999884948134,0.41209600000000013,0.41209600000000013,0.0,0.0,0.0,0.02481465226372821,13.159417971775772,9.890563338426045,strict_delta_max,1,cross_layer_handoff_executed
resource-defense_fixed-split_seed1,1,fixed-split,resource-defense,1,4,RL,3.021897131031914,3.9410999743267894,0.9027639999999999,0.9027639999999999,0.0,0.0,0.0,0.0,9.890563338426045,6.868666207394131,strict_delta_max,2,cross_layer_handoff_executed
resource-defense_fixed-split_seed1,1,fixed-split,resource-defense,1,5,GA,2.394460925684707,2.199399983510375,0.622792,0.622792,0.0,0.0,0.5849407798060527,0.029946928564862363,6.868666207394131,4.474205281709424,strict_delta_max,1,cross_layer_handoff_executed
resource-defense_fixed-split_seed1,1,fixed-split,resource-defense,1,6,PSO,2.8017412077881034,2.288800082169473,0.854968,0.854968,0.0,0.0,0.0,0.023909200819865386,4.474205281709424,1.6724640739213208,strict_delta_max,1,cross_layer_handoff_executed
resource-defense_fixed-split_seed1,1,fixed-split,resource-defense,2,0,RL,4.0,4.061999963596463,0.9027639999999999,0.9027639999999999,0.0,0.0,0.0,0.013001500000000062,22.0,18.0,strict_delta_max,2,cross_layer_handoff_executed
resource-defense_fixed-split_seed1,1,fixed-split,resource-defense,2,1,GA,3.4772050016394647,2.2649000165984035,0.854968,0.854968,0.0,0.0,0.5446873685535536,0.036346460417774826,18.0,14.522794998360535,strict_delta_max,1,cross_layer_handoff_executed
resource-defense_fixed-split_seed1,1,fixed-split,resource-defense,2,2,PSO,2.8624173430218938,2.171900006942451,0.889848,0.889848,0.0,0.0,0.0,0.006032029716831812,14.522794998360535,11.66037765533864,strict_delta_max,1,cross_layer_handoff_executed
resource-defense_fixed-split_seed1,1,fixed-split,resource-defense,2,3,RL,1.122210409896033,3.9399999659508467,0.8945679999999999,0.8945679999999999,0.0,0.0,0.0,0.30218575501488837,11.66037765533864,10.538167245442608,strict_delta_max,2,cross_layer_handoff_executed
resource-defense_fixed-split_seed1,1,fixed-split,resource-defense,2,4,GA,3.8136033046499365,2.2193000186234713,0.852968,0.852968,0.0,0.0,0.5113252085758064,0.01782891385391078,10.538167245442608,6.724563940792672,strict_delta_max,1,cross_layer_handoff_executed
resource-defense_fixed-split_seed1,1,fixed-split,resource-defense,2,5,PSO,1.2865526167477672,2.2459999890998006,0.91228,0.91228,0.0,0.007396510547742116,0.0,0.06321310433349706,6.724563940792672,5.438011324044905,strict_delta_max,1,cross_layer_handoff_executed
resource-defense_fixed-split_seed1,1,fixed-split,resource-defense,2,6,RL,4.0,3.9521000580862164,0.8945679999999999,0.8945679999999999,0.0,0.0,0.0,0.059742500000000004,5.438011324044905,1.438011324044905,strict_delta_max,2,cross_layer_handoff_executed
resource-defense_fixed-split_seed1,1,fixed-split,resource-defense,3,0,GA,3.3427080385879195,2.3897000355646014,0.6304719999999999,0.6304719999999999,0.0,0.0,0.39979681068997,0.022680902818723727,22.0,18.65729196141208,strict_delta_max,1,cross_layer_handoff_executed
resource-defense_fixed-split_seed1,1,fixed-split,resource-defense,3,1,PSO,2.497969978354465,2.1456999238580465,0.92222,0.92222,0.0,0.003979231170163231,0.0,0.023203267306547825,18.65729196141208,16.159321983057616,strict_delta_max,1,cross_layer_handoff_executed
resource-defense_fixed-split_seed1,1,fixed-split,resource-defense,3,2,RL,1.155933396391025,4.0565000381320715,0.9027639999999999,0.9027639999999999,0.0,0.0,0.0,0.0,16.159321983057616,15.003388586666592,strict_delta_max,2,cross_layer_handoff_executed
resource-defense_fixed-split_seed1,1,fixed-split,resource-defense,3,3,GA,3.5714878861528216,2.2362000308930874,0.8677999999999999,0.8677999999999999,0.0,0.0,0.28208836338198373,0.022246770633737332,15.003388586666592,11.43190070051377,strict_delta_max,1,cross_layer_handoff_executed
resource-defense_fixed-split_seed1,1,fixed-split,resource-defense,3,4,PSO,1.0,2.2040000185370445,0.8613279999999999,0.8613279999999999,0.0,0.0,0.0,0.08286470548104408,11.43190070051377,10.43190070051377,strict_delta_max,1,cross_layer_handoff_executed
resource-defense_fixed-split_seed1,1,fixed-split,resource-defense,3,5,RL,2.860745536466986,3.9681000635027885,0.9027639999999999,0.9027639999999999,0.0,0.0,0.0,0.08583356921121042,10.43190070051377,7.571155164046784,strict_delta_max,2,cross_layer_handoff_executed
resource-defense_fixed-split_seed1,1,fixed-split,resource-defense,3,6,GA,2.2549047364175645,2.225700067356229,0.12170400000000003,0.12170400000000003,0.0,0.0,0.1609778625380336,0.03171686143235012,7.571155164046784,5.316250427629219,strict_delta_max,1,cross_layer_handoff_executed
resource-defense_fixed-split_seed1,1,fixed-split,resource-defense,3,7,PSO,3.3600420251679135,2.2761999862268567,0.8402479999999999,0.8402479999999999,0.0,0.0,0.0,0.023787425604004132,5.316250427629219,1.9562084024613058,strict_delta_max,1,cross_layer_handoff_executed
resource-defense_fixed-split_seed1,1,fixed-split,resource-defense,4,0,RL,3.314787552277961,4.0200999937951565,0.9027639999999999,0.9027639999999999,0.0,0.0,0.0,0.0,22.0,18.685212447722037,strict_delta_max,2,cross_layer_handoff_executed
resource-defense_fixed-split_seed1,1,fixed-split,resource-defense,4,1,GA,3.4966485748995852,2.251800033263862,0.854968,0.854968,0.0,0.0,0.16327074973795352,0.02302239230287375,18.685212447722037,15.188563872822453,strict_delta_max,1,cross_layer_handoff_executed
resource-defense_fixed-split_seed1,1,fixed-split,resource-defense,4,2,PSO,1.8128140052230923,2.24459997843951,0.900552,0.900552,0.0,0.0,0.0,0.02336302984740225,15.188563872822453,13.37574986759936,strict_delta_max,1,cross_layer_handoff_executed
resource-defense_fixed-split_seed1,1,fixed-split,resource-defense,4,3,RL,1.6910843379903804,3.9893999928608537,0.9027639999999999,0.9027639999999999,0.0,0.0,0.0,0.02499934453312899,13.37574986759936,11.68466552960898,strict_delta_max,2,cross_layer_handoff_executed
resource-defense_fixed-split_seed1,1,fixed-split,resource-defense,4,4,GA,2.667391049095386,2.27269995957613,0.8613279999999999,0.8613279999999999,0.0,0.0,0.1653107186890449,0.026051003260447656,11.68466552960898,9.017274480513594,strict_delta_max,1,cross_layer_handoff_executed
resource-defense_fixed-split_seed1,1,fixed-split,resource-defense,4,5,PSO,2.3442585519611705,2.2166999988257885,0.8613279999999999,0.8613279999999999,0.0,0.0,0.0,0.030855638152181706,9.017274480513594,6.673015928552424,strict_delta_max,1,cross_layer_handoff_executed
resource-defense_fixed-split_seed1,1,fixed-split,resource-defense,4,6,RL,1.9144903126222734,3.848200081847608,0.9027639999999999,0.9027639999999999,0.0,0.0,0.0,0.0,6.673015928552424,4.75852561593015,strict_delta_max,2,cross_layer_handoff_executed
resource-defense_fixed-split_seed1,1,fixed-split,resource-defense,4,7,GA,2.55566517160596,2.2073000436648726,0.9248319999999999,0.9248319999999999,0.0,0.0010220431177838825,0.08800238279346487,0.023923745881540375,4.75852561593015,2.20286044432419,strict_delta_max,1,cross_layer_handoff_executed
resource-defense_fixed-split_seed1,1,fixed-split,resource-defense,5,0,PSO,2.8415882320734718,2.187300007790327,0.704008,0.704008,0.0,0.0,0.0,0.030627996458488824,22.0,19.158411767926527,strict_delta_max,1,cross_layer_handoff_executed
resource-defense_fixed-split_seed1,1,fixed-split,resource-defense,5,1,RL,2.5036175369745926,3.886299906298518,0.9201159999999998,0.9201159999999998,0.0,0.0,0.0,0.0,19.158411767926527,16.654794230951936,strict_delta_max,2,cross_layer_handoff_executed
resource-defense_fixed-split_seed1,1,fixed-split,resource-defense,5,2,GA,3.2419910320648158,2.307599992491305,0.16135200000000002,0.16135200000000002,0.0,0.0,0.08971244380780342,0.03180843754692269,16.654794230951936,13.41280319888712,strict_delta_max,1,cross_layer_handoff_executed
resource-defense_fixed-split_seed1,1,fixed-split,resource-defense,5,3,PSO,3.5503910537404058,2.2418999578803778,0.9093199999999999,0.9093199999999999,0.0,0.0,0.0,0.010818518853108071,13.41280319888712,9.862412145146715,strict_delta_max,1,cross_layer_handoff_executed
resource-defense_fixed-split_seed1,1,fixed-split,resource-defense,5,4,RL,2.815519217786527,3.9256999734789133,0.9224759999999999,0.9224759999999999,0.0,0.0,0.0,0.6165392120337552,9.862412145146715,7.046892927360188,strict_delta_max,2,cross_layer_handoff_executed
resource-defense_fixed-split_seed1,1,fixed-split,resource-defense,5,5,GA,2.286324288847343,2.2853000555187464,0.9080079999999999,0.9080079999999999,0.0,0.0,0.15055241695437196,0.034488862664242954,7.046892927360188,4.760568638512845,strict_delta_max,1,cross_layer_handoff_executed
resource-defense_fixed-split_seed1,1,fixed-split,resource-defense,5,6,PSO,2.287274740221504,2.2465999936684966,0.12170400000000003,0.12170400000000003,0.0,0.0,0.0,0.029838550893889218,4.760568638512845,2.4732938982913413,strict_delta_max,1,cross_layer_handoff_executed
resource-defense_fixed-split_seed2,2,fixed-split,resource-defense,0,0,GA,3.9051999001172466,2.69510003272444,0.26544600000000007,0.26544600000000007,0.0,0.0,0.9221321296069481,0.03772849699813911,22.0,18.094800099882754,strict_delta_max,1,cross_layer_handoff_executed
resource-defense_fixed-split_seed2,2,fixed-split,resource-defense,0,1,PSO,1.0477483033184853,2.1294000325724483,0.12172799999999984,0.12172799999999984,0.0,0.0,0.0,0.14499387204475772,18.094800099882754,17.04705179656427,strict_delta_max,1,cross_layer_handoff_executed
resource-defense_fixed-split_seed2,2,fixed-split,resource-defense,0,2,RL,2.0715315278143036,3.9834000635892153,-0.29552199999999995,-0.29552199999999995,0.0,0.0,0.0,0.32114596908980075,17.04705179656427,14.975520268749964,strict_delta_max,2,cross_layer_handoff_executed
resource-defense_fixed-split_seed2,2,fixed-split,resource-defense,0,3,GA,2.929206743654812,2.192799933254719,0.1216279999999999,0.1216279999999999,0.0,0.0,0.9091336900778896,0.04864995141401914,14.975520268749964,12.046313525095151,strict_delta_max,1,cross_layer_handoff_executed
resource-defense_fixed-split_seed2,2,fixed-split,resource-defense,0,4,PSO,1.2040818476112218,2.242299960926175,0.12172799999999984,0.12172799999999984,0.0,0.0,0.0,0.11687578326066757,12.046313525095151,10.842231677483928,strict_delta_max,1,cross_layer_handoff_executed
resource-defense_fixed-split_seed2,2,fixed-split,resource-defense,0,5,RL,1.104152196523844,3.956699976697564,-0.222992,-0.222992,0.0,0.0,0.0,0.0,10.842231677483928,9.738079480960085,strict_delta_max,2,cross_layer_handoff_executed
resource-defense_fixed-split_seed2,2,fixed-split,resource-defense,0,6,GA,3.5060691506154504,2.3047999711707234,0.657472,0.657472,0.0,0.0,0.9031393577729832,0.04976998442690581,9.738079480960085,6.232010330344634,strict_delta_max,1,cross_layer_handoff_executed
resource-defense_fixed-split_seed2,2,fixed-split,resource-defense,0,7,PSO,3.2964373236457085,2.099999925121665,0.04307799999999995,0.04307799999999995,0.0,0.0,0.0,0.03816598684789514,6.232010330344634,2.9355730066989256,strict_delta_max,1,cross_layer_handoff_executed
resource-defense_fixed-split_seed2,2,fixed-split,resource-defense,1,0,RL,3.5803501118292886,4.067600006237626,-0.07732199999999997,-0.07732199999999997,0.0,0.0,0.0,0.0,22.0,18.41964988817071,strict_delta_max,2,cross_layer_handoff_executed
resource-defense_fixed-split_seed2,2,fixed-split,resource-defense,1,1,GA,2.3272677848466587,2.2641000105068088,0.526882,0.526882,0.0,0.0,0.8900692926057706,0.07106040493439252,18.41964988817071,16.092382103324052,strict_delta_max,1,cross_layer_handoff_executed
resource-defense_fixed-split_seed2,2,fixed-split,resource-defense,1,2,PSO,3.519720276980774,2.244699979200959,0.12172799999999984,0.12172799999999984,0.0,0.0,0.0,0.03548146890232629,16.092382103324052,12.572661826343278,strict_delta_max,1,cross_layer_handoff_executed
resource-defense_fixed-split_seed2,2,fixed-split,resource-defense,1,3,RL,3.4045179352849386,3.9801999228075147,0.677516,0.677516,0.0,0.005887470819953984,0.0,0.0,12.572661826343278,9.168143891058339,strict_delta_max,2,cross_layer_handoff_executed
resource-defense_fixed-split_seed2,2,fixed-split,resource-defense,1,4,GA,3.8049898325274754,2.3971000919118524,0.657472,0.657472,0.0,0.0,0.8787079747592791,0.0420513290881972,9.168143891058339,5.3631540585308635,strict_delta_max,1,cross_layer_handoff_executed
resource-defense_fixed-split_seed2,2,fixed-split,resource-defense,1,5,PSO,3.554799386212883,2.1966000786051154,0.15024799999999983,0.15024799999999983,0.0,0.0,0.0,0.03660608418710082,5.3631540585308635,1.8083546723179804,strict_delta_max,1,cross_layer_handoff_executed
resource-defense_fixed-split_seed2,2,fixed-split,resource-defense,2,0,RL,2.1014485342469094,4.140799981541932,0.7161119999999999,0.7161119999999999,0.0,0.018366378891040223,0.0,0.10573849246307172,22.0,19.89855146575309,strict_delta_max,2,cross_layer_handoff_executed
resource-defense_fixed-split_seed2,2,fixed-split,resource-defense,2,1,GA,1.5757689899186331,2.2363000316545367,0.657472,0.657472,0.0,0.0,0.8084814045500452,0.12413067857199601,19.89855146575309,18.322782475834458,strict_delta_max,1,cross_layer_handoff_executed
resource-defense_fixed-split_seed2,2,fixed-split,resource-defense,2,2,PSO,1.7196731665175935,2.2600000957027078,0.8006059999999999,0.8006059999999999,0.0,0.049133754974559365,0.0,0.04557908232919515,18.322782475834458,16.603109309316864,strict_delta_max,1,cross_layer_handoff_executed
resource-defense_fixed-split_seed2,2,fixed-split,resource-defense,2,3,RL,1.5382874624470662,3.9666000520810485,0.7161119999999999,0.7161119999999999,0.0,0.0,0.0,0.0,16.603109309316864,15.064821846869798,strict_delta_max,2,cross_layer_handoff_executed
resource-defense_fixed-split_seed2,2,fixed-split,resource-defense,2,4,GA,3.172897865185073,2.2492000134661794,0.59117,0.59117,0.0,0.0,0.6722370594113442,0.028523304288160183,15.064821846869798,11.891923981684725,strict_delta_max,1,cross_layer_handoff_executed
resource-defense_fixed-split_seed2,2,fixed-split,resource-defense,2,5,PSO,2.061633490747105,2.2634000051766634,0.06502800000000014,0.06502800000000014,0.0,0.0,0.0,0.05900387287653524,11.891923981684725,9.830290490937621,strict_delta_max,1,cross_layer_handoff_executed
resource-defense_fixed-split_seed2,2,fixed-split,resource-defense,2,6,RL,3.560243772669269,3.413400030694902,0.646258,0.646258,0.0,0.0,0.0,0.0,9.830290490937621,6.270046718268352,strict_delta_max,2,cross_layer_handoff_executed
resource-defense_fixed-split_seed2,2,fixed-split,resource-defense,2,7,GA,3.9680375939724826,2.2233999334275723,-0.27447199999999994,-0.27447199999999994,0.0,0.0,0.6174481967390001,0.01690469704325449,6.270046718268352,2.3020091242958696,strict_delta_max,1,cross_layer_handoff_executed
resource-defense_fixed-split_seed2,2,fixed-split,resource-defense,3,0,PSO,2.5127679717935427,2.287300070747733,0.7161119999999999,0.7161119999999999,0.0,0.0,0.0,0.01668407580018685,22.0,19.487232028206456,strict_delta_max,1,cross_layer_handoff_executed
resource-defense_fixed-split_seed2,2,fixed-split,resource-defense,3,1,RL,3.7100201692069317,3.9516000542789698,0.646258,0.646258,0.0,0.0,0.0,0.43280249884550953,19.487232028206456,15.777211858999525,strict_delta_max,2,cross_layer_handoff_executed
resource-defense_fixed-split_seed2,2,fixed-split,resource-defense,3,2,GA,3.3824575939200088,2.5816999841481447,0.5903740000000001,0.5903740000000001,0.0,0.0,0.5240588612819085,0.023081794692141125,15.777211858999525,12.394754265079516,strict_delta_max,1,cross_layer_handoff_executed
resource-defense_fixed-split_seed2,2,fixed-split,resource-defense,3,3,PSO,3.266358304072535,2.168099978007376,0.12172799999999984,0.12172799999999984,0.0,0.0,0.0,0.028165308382382535,12.394754265079516,9.128395961006982,strict_delta_max,1,cross_layer_handoff_executed
resource-defense_fixed-split_seed2,2,fixed-split,resource-defense,3,4,RL,2.175327078120747,4.050399991683662,0.7161119999999999,0.7161119999999999,0.0,0.0,0.0,0.17457512657272253,9.128395961006982,6.953068882886235,strict_delta_max,2,cross_layer_handoff_executed
resource-defense_fixed-split_seed2,2,fixed-split,resource-defense,3,5,GA,2.0424889183393113,2.2909000981599092,0.876954,0.876954,0.0,0.03737988456851772,0.49627931923502183,0.07966320395306985,6.953068882886235,4.910579964546924,strict_delta_max,1,cross_layer_handoff_executed
resource-defense_fixed-split_seed2,2,fixed-split,resource-defense,3,6,PSO,2.6977349717159167,2.1653000731021166,0.12172799999999984,0.12172799999999984,0.0,0.0,0.0,0.036302547511656805,4.910579964546924,2.2128449928310077,strict_delta_max,1,cross_layer_handoff_executed
resource-defense_fixed-split_seed2,2,fixed-split,resource-defense,4,0,RL,3.7593806483771783,4.203499993309379,0.769536,0.769536,0.0,0.0,0.0,0.0,22.0,18.240619351622822,strict_delta_max,2,cross_layer_handoff_executed
resource-defense_fixed-split_seed2,2,fixed-split,resource-defense,4,1,GA,3.2349575119500504,2.348800073377788,0.6494319999999999,0.6494319999999999,0.0,0.0,0.5251568580611614,0.023499507881574795,18.240619351622822,15.005661839672772,strict_delta_max,1,cross_layer_handoff_executed
resource-defense_fixed-split_seed2,2,fixed-split,resource-defense,4,2,PSO,2.0346978017001054,2.282199915498495,-0.04767199999999999,-0.04767199999999999,0.0,0.0,0.0,0.043206156947297555,15.005661839672772,12.970964037972667,strict_delta_max,1,cross_layer_handoff_executed
resource-defense_fixed-split_seed2,2,fixed-split,resource-defense,4,3,RL,1.880697326028395,4.044000059366226,0.762052,0.762052,0.0,0.0,0.0,0.0,12.970964037972667,11.090266711944272,strict_delta_max,2,cross_layer_handoff_executed
resource-defense_fixed-split_seed2,2,fixed-split,resource-defense,4,4,GA,3.278017050643304,2.317700069397688,0.89228,0.89228,0.0,0.004675387517277329,0.4569115934526864,0.04035748968466969,11.090266711944272,7.812249661300968,strict_delta_max,1,cross_layer_handoff_executed
resource-defense_fixed-split_seed2,2,fixed-split,resource-defense,4,5,PSO,1.403445459556437,2.1582000190392137,0.12172799999999984,0.12172799999999984,0.0,0.0,0.0,0.06772114894713505,7.812249661300968,6.408804201744531,strict_delta_max,1,cross_layer_handoff_executed
resource-defense_fixed-split_seed2,2,fixed-split,resource-defense,4,6,RL,3.514506895236044,4.079399979673326,0.7626820000000001,0.7626820000000001,0.0,0.0,0.0,0.14432977800885263,6.408804201744531,2.8942973065084874,strict_delta_max,2,cross_layer_handoff_executed
resource-defense_fixed-split_seed2,2,fixed-split,resource-defense,5,0,GA,2.6083196198147713,2.3731000255793333,0.657472,0.657472,0.0,0.0,0.37647959164251177,0.02589623888647757,22.0,19.391680380185228,strict_delta_max,1,cross_layer_handoff_executed
resource-defense_fixed-split_seed2,2,fixed-split,resource-defense,5,1,PSO,3.1249966526067303,2.2290999768301845,0.12172799999999984,0.12172799999999984,0.0,0.0,0.0,0.028677562008157607,19.391680380185228,16.2666837275785,strict_delta_max,1,cross_layer_handoff_executed
resource-defense_fixed-split_seed2,2,fixed-split,resource-defense,5,2,RL,4.0,3.9961999282240868,0.7399519999999999,0.7399519999999999,0.0,0.0,0.0,0.0,16.2666837275785,12.2666837275785,strict_delta_max,2,cross_layer_handoff_executed
resource-defense_fixed-split_seed2,2,fixed-split,resource-defense,5,3,GA,2.5974939077598416,2.340500010177493,0.791088,0.791088,0.0,0.0,0.3620055029198635,0.06198200029203866,12.2666837275785,9.669189819818659,strict_delta_max,1,cross_layer_handoff_executed
resource-defense_fixed-split_seed2,2,fixed-split,resource-defense,5,4,PSO,1.8378656582745352,2.26390000898391,0.794128,0.794128,0.0,0.0,0.0,0.03874745280181861,9.669189819818659,7.831324161544123,strict_delta_max,1,cross_layer_handoff_executed
resource-defense_fixed-split_seed2,2,fixed-split,resource-defense,5,5,RL,1.6995289819634751,4.042100044898689,0.7967479999999999,0.7967479999999999,0.0,0.0,0.0,0.07341798893940932,7.831324161544123,6.1317951795806485,strict_delta_max,2,cross_layer_handoff_executed
resource-defense_fixed-split_seed2,2,fixed-split,resource-defense,5,6,GA,1.730400970030689,2.4618000024929643,0.5141060000000001,0.5141060000000001,0.0,0.0,0.3542313929353083,0.05035281717211945,6.1317951795806485,4.401394209549959,strict_delta_max,1,cross_layer_handoff_executed
resource-defense_fixed-split_seed2,2,fixed-split,resource-defense,5,7,PSO,1.6390597320561227,2.6174000231549144,0.5928960000000001,0.5928960000000001,0.0,0.0,0.0,0.049612652814669776,4.401394209549959,2.7623344774938365,strict_delta_max,1,cross_layer_handoff_executed
resource-defense_round-robin_seed0,0,round-robin,resource-defense,0,0,GA,2.900117049606808,2.6322000194340944,0.675128,0.675128,0.0,0.0,0.9088272647789373,0.05260290404668859,22.0,19.09988295039319,strict_delta_max,1,cross_layer_handoff_executed
resource-defense_round-robin_seed0,0,round-robin,resource-defense,0,1,PSO,1.5305249378732895,2.023099921643734,0.10590799999999989,0.10590799999999989,0.0,0.0,0.0,0.10043349719174326,19.09988295039319,17.569358012519903,strict_delta_max,1,cross_layer_handoff_executed
resource-defense_round-robin_seed0,0,round-robin,resource-defense,0,2,RL,2.1785896675980054,4.0114999283105135,0.7029200000000002,0.7029200000000002,0.0,0.0006022244663662349,0.0,0.17213062449408242,17.569358012519903,15.390768344921897,strict_delta_max,2,cross_layer_handoff_executed
resource-defense_round-robin_seed0,0,round-robin,resource-defense,0,3,GA,2.857045352822311,2.288399962708354,0.6965199999999998,0.6965199999999998,0.0,0.0,0.8406604725099949,0.04059936913562151,15.390768344921897,12.533722992099586,strict_delta_max,1,cross_layer_handoff_executed
resource-defense_round-robin_seed0,0,round-robin,resource-defense,0,4,PSO,1.147541053257409,2.287500072270632,0.9066799999999999,0.9066799999999999,0.0,0.1775622749370114,0.0,0.12318006669310327,12.533722992099586,11.386181938842176,strict_delta_max,1,cross_layer_handoff_executed
resource-defense_round-robin_seed0,0,round-robin,resource-defense,0,5,RL,3.859466596758335,3.972599981352687,0.7068960000000002,0.7068960000000002,0.0,0.0,0.0,0.0,11.386181938842176,7.5267153420838415,strict_delta_max,2,cross_layer_handoff_executed
resource-defense_round-robin_seed0,0,round-robin,resource-defense,0,6,GA,1.0387709778599095,1.9677000818774104,-0.21203000000000005,-0.21203000000000005,0.0,0.0,0.7485042278260132,0.12112416710660337,7.5267153420838415,6.487944364223932,strict_delta_max,1,cross_layer_handoff_executed
resource-defense_round-robin_seed0,0,round-robin,resource-defense,0,7,PSO,1.8453991154895528,2.2566000698134303,0.8214279999999998,0.8214279999999998,0.0,0.0,0.0,0.07405402769062312,6.487944364223932,4.642545248734379,strict_delta_max,1,cross_layer_handoff_executed
resource-defense_round-robin_seed0,0,round-robin,resource-defense,0,8,RL,2.928738647300359,3.993700025603175,0.758896,0.758896,0.0,0.0,0.0,0.23211699023626856,4.642545248734379,1.7138066014340199,strict_delta_max,2,cross_layer_handoff_executed
resource-defense_round-robin_seed0,0,round-robin,resource-defense,1,0,GA,2.446390967044077,2.2876999573782086,0.701608,0.701608,0.0,0.0,0.6799484534242094,0.0691265158963363,22.0,19.553609032955922,strict_delta_max,1,cross_layer_handoff_executed
resource-defense_round-robin_seed0,0,round-robin,resource-defense,1,1,PSO,3.0968142867002966,2.293099998496473,0.858628,0.858628,0.0,0.0,0.0,0.03343312183384014,19.553609032955922,16.456794746255625,strict_delta_max,1,cross_layer_handoff_executed
resource-defense_round-robin_seed0,0,round-robin,resource-defense,1,2,RL,2.3426868247028754,3.9148000068962574,0.7350940000000001,0.7350940000000001,0.0,0.0,0.0,0.0,16.456794746255625,14.11410792155275,strict_delta_max,2,cross_layer_handoff_executed
resource-defense_round-robin_seed0,0,round-robin,resource-defense,1,3,GA,1.7443722188962705,2.188800019212067,-0.21921599999999997,-0.21921599999999997,0.0,0.0,0.5908100786316843,0.07029564442885632,14.11410792155275,12.36973570265648,strict_delta_max,1,cross_layer_handoff_executed
resource-defense_round-robin_seed0,0,round-robin,resource-defense,1,4,PSO,1.8877925074864896,2.240199944935739,0.7911079999999999,0.7911079999999999,0.0,0.0,0.0,0.05357176613343724,12.36973570265648,10.48194319516999,strict_delta_max,1,cross_layer_handoff_executed
resource-defense_round-robin_seed0,0,round-robin,resource-defense,1,5,RL,3.8148213742841017,4.129500011913478,0.7350940000000001,0.7350940000000001,0.0,0.0,0.0,0.02658368244542807,10.48194319516999,6.667121820885888,strict_delta_max,2,cross_layer_handoff_executed
resource-defense_round-robin_seed0,0,round-robin,resource-defense,1,6,GA,2.1141661161604968,2.2761999862268567,0.701608,0.701608,0.0,0.0,0.46422248121535015,0.0748632470996692,6.667121820885888,4.552955704725392,strict_delta_max,1,cross_layer_handoff_executed
resource-defense_round-robin_seed0,0,round-robin,resource-defense,1,7,PSO,2.0871350118071144,2.2670000325888395,0.8078919999999998,0.8078919999999998,0.0,0.0,0.0,0.05590731083140581,4.552955704725392,2.4658206929182773,strict_delta_max,1,cross_layer_handoff_executed
resource-defense_round-robin_seed0,0,round-robin,resource-defense,2,0,RL,4.0,4.09080006647855,0.726196,0.726196,0.0,0.0,0.0,0.0,22.0,18.0,strict_delta_max,2,cross_layer_handoff_executed
resource-defense_round-robin_seed0,0,round-robin,resource-defense,2,1,GA,3.742623707715902,2.3171999491751194,0.701608,0.701608,0.0,0.0,0.421510814450338,0.020506159221624118,18.0,14.257376292284098,strict_delta_max,1,cross_layer_handoff_executed
resource-defense_round-robin_seed0,0,round-robin,resource-defense,2,2,PSO,1.5725020609651414,2.2179000079631805,0.842432,0.842432,0.0,0.0,0.0,0.05755619750482654,14.257376292284098,12.684874231318958,strict_delta_max,1,cross_layer_handoff_executed
resource-defense_round-robin_seed0,0,round-robin,resource-defense,2,3,RL,4.0,3.9804999250918627,0.726196,0.726196,0.0,0.0,0.0,0.042269500000000015,12.684874231318958,8.684874231318958,strict_delta_max,2,cross_layer_handoff_executed
resource-defense_round-robin_seed0,0,round-robin,resource-defense,2,4,GA,2.082256637816921,2.2478000028058887,0.7407600000000001,0.7407600000000001,0.0,0.0,0.3305026815904769,0.03715962210978182,8.684874231318958,6.602617593502036,strict_delta_max,1,cross_layer_handoff_executed
resource-defense_round-robin_seed0,0,round-robin,resource-defense,2,5,PSO,2.181001103088103,2.296100021339953,0.855664,0.855664,0.0,0.0,0.0,0.03288562606495464,6.602617593502036,4.421616490413934,strict_delta_max,1,cross_layer_handoff_executed
resource-defense_round-robin_seed0,0,round-robin,resource-defense,2,6,RL,4.0,4.046300076879561,0.728468,0.728468,0.0,0.0,0.0,0.0,4.421616490413934,0.4216164904139337,strict_delta_max,2,cross_layer_handoff_executed
resource-defense_round-robin_seed0,0,round-robin,resource-defense,3,0,GA,2.5242909841781027,2.2716999519616365,-0.11494999999999977,-0.11494999999999977,0.0,0.0,0.2246010555385666,0.028931054982472476,22.0,19.4757090158219,strict_delta_max,1,cross_layer_handoff_executed
resource-defense_round-robin_seed0,0,round-robin,resource-defense,3,1,PSO,2.666698163112854,2.307699993252754,0.8022179999999999,0.8022179999999999,0.0,0.0,0.0,0.05247173923737774,19.4757090158219,16.809010852709044,strict_delta_max,1,cross_layer_handoff_executed
resource-defense_round-robin_seed0,0,round-robin,resource-defense,3,2,RL,1.3436769145139917,4.161300021223724,0.7591749999999998,0.7591749999999998,0.0,0.0,0.0,0.0,16.809010852709044,15.465333938195052,strict_delta_max,2,cross_layer_handoff_executed
resource-defense_round-robin_seed0,0,round-robin,resource-defense,3,3,GA,1.8051708872793644,3.0104999896138906,0.692868,0.692868,0.0,0.0,0.2171243002092402,0.043794703253789855,15.465333938195052,13.660163050915687,strict_delta_max,1,cross_layer_handoff_executed
resource-defense_round-robin_seed0,0,round-robin,resource-defense,3,4,PSO,3.2305823023580538,2.968000015243888,0.18358799999999992,0.18358799999999992,0.0,0.0,0.0,0.04698564770794893,13.660163050915687,10.429580748557633,strict_delta_max,1,cross_layer_handoff_executed
resource-defense_round-robin_seed0,0,round-robin,resource-defense,3,5,RL,1.1593904813240952,4.1884999955073,0.7714279999999998,0.7714279999999998,0.0,0.0,0.0,0.4914789358536352,10.429580748557633,9.270190267233538,strict_delta_max,2,cross_layer_handoff_executed
resource-defense_round-robin_seed0,0,round-robin,resource-defense,3,6,GA,3.6779086670399126,2.4235000601038337,0.2778480000000001,0.2778480000000001,0.0,0.0,0.21255719577268908,0.025131307577656237,9.270190267233538,5.592281600193625,strict_delta_max,1,cross_layer_handoff_executed
resource-defense_round-robin_seed0,0,round-robin,resource-defense,3,7,PSO,1.5415836889167582,2.289299969561398,0.7086559999999998,0.7086559999999998,0.0,0.0,0.0,0.08455720108290656,5.592281600193625,4.050697911276867,strict_delta_max,1,cross_layer_handoff_executed
resource-defense_round-robin_seed0,0,round-robin,resource-defense,3,8,RL,3.158893195203189,4.032999975606799,0.7599519999999998,0.7599519999999998,0.0,0.0,0.0,0.0,4.050697911276867,0.8918047160736777,strict_delta_max,2,cross_layer_handoff_executed
resource-defense_round-robin_seed0,0,round-robin,resource-defense,4,0,GA,2.757960904203098,2.3867000127211213,0.701608,0.701608,0.0,0.0,0.11311324424760497,0.029811787089798574,22.0,19.2420390957969,strict_delta_max,1,cross_layer_handoff_executed
resource-defense_round-robin_seed0,0,round-robin,resource-defense,4,1,PSO,2.5751173593540466,2.2016000002622604,0.863358,0.863358,0.0,0.0,0.0,0.061731581696614427,19.2420390957969,16.666921736442855,strict_delta_max,1,cross_layer_handoff_executed
resource-defense_round-robin_seed0,0,round-robin,resource-defense,4,2,RL,2.7611405204313084,4.085199907422066,0.7734359999999998,0.7734359999999998,0.0,0.0,0.0,0.023995881234487287,16.666921736442855,13.905781216011547,strict_delta_max,2,cross_layer_handoff_executed
resource-defense_round-robin_seed0,0,round-robin,resource-defense,4,3,GA,2.5521851950283625,2.372400020249188,0.701608,0.701608,0.0,0.0,0.12250005525042117,0.028797123108754395,13.905781216011547,11.353596020983185,strict_delta_max,1,cross_layer_handoff_executed
resource-defense_round-robin_seed0,0,round-robin,resource-defense,4,4,PSO,1.2463066720193832,2.2880000760778785,0.8811239999999998,0.8811239999999998,0.0,0.0,0.0,0.11784559657472464,11.353596020983185,10.107289348963802,strict_delta_max,1,cross_layer_handoff_executed
resource-defense_round-robin_seed0,0,round-robin,resource-defense,4,5,RL,4.0,4.05830005183816,0.7734359999999998,0.7734359999999998,0.0,0.0,0.0,0.0,10.107289348963802,6.107289348963802,strict_delta_max,2,cross_layer_handoff_executed
resource-defense_round-robin_seed0,0,round-robin,resource-defense,4,6,GA,3.8120485142322798,2.4208000395447016,0.6984999999999999,0.6984999999999999,0.0,0.0,0.12998834998804937,0.020196865822847337,6.107289348963802,2.295240834731522,strict_delta_max,1,cross_layer_handoff_executed
resource-defense_round-robin_seed0,0,round-robin,resource-defense,5,0,PSO,1.8821062837554927,2.250300021842122,0.841248,0.841248,0.0,0.0,0.0,0.06619345829130212,22.0,20.117893716244506,strict_delta_max,1,cross_layer_handoff_executed
resource-defense_round-robin_seed0,0,round-robin,resource-defense,5,1,RL,3.794250104190311,3.9735999889671803,0.7734359999999998,0.7734359999999998,0.0,0.0,0.0,0.037883638677707526,20.117893716244506,16.323643612054195,strict_delta_max,2,cross_layer_handoff_executed
resource-defense_round-robin_seed0,0,round-robin,resource-defense,5,2,GA,1.8752906652708443,2.2866999497637153,0.5002300000000002,0.5002300000000002,0.0,0.0,0.13776563816548315,0.03239437265718382,16.323643612054195,14.44835294678335,strict_delta_max,1,cross_layer_handoff_executed
resource-defense_round-robin_seed0,0,round-robin,resource-defense,5,3,PSO,1.8327606596634578,2.3874000180512667,0.814648,0.814648,0.0,0.0,0.0,0.07212248258704179,14.44835294678335,12.615592287119892,strict_delta_max,1,cross_layer_handoff_executed
resource-defense_round-robin_seed0,0,round-robin,resource-defense,5,4,RL,2.471357470727972,4.115500021725893,0.7734359999999998,0.7734359999999998,0.0,0.0,0.0,0.07551153655850112,12.615592287119892,10.14423481639192,strict_delta_max,2,cross_layer_handoff_executed
resource-defense_round-robin_seed0,0,round-robin,resource-defense,5,5,GA,1.0327382435887429,2.1979999728500843,0.35681700000000005,0.35681700000000005,0.0,0.0,0.14248365981012906,0.07315071739394681,10.14423481639192,9.111496572803178,strict_delta_max,1,cross_layer_handoff_executed
resource-defense_round-robin_seed0,0,round-robin,resource-defense,5,6,PSO,1.8824271727524184,2.370900008827448,0.845628,0.845628,0.0,0.0,0.0,0.05563002270802785,9.111496572803178,7.22906940005076,strict_delta_max,1,cross_layer_handoff_executed
resource-defense_round-robin_seed0,0,round-robin,resource-defense,5,7,RL,1.511750497238473,3.7533000577241182,0.7734359999999998,0.7734359999999998,0.0,0.0,0.0,0.0,7.22906940005076,5.717318902812287,strict_delta_max,2,cross_layer_handoff_executed
resource-defense_round-robin_seed0,0,round-robin,resource-defense,5,8,GA,3.088583893293185,2.2679000394418836,0.8754559999999999,0.8754559999999999,0.0,0.0,0.14110155911260244,0.024692138866627,5.717318902812287,2.6287350095191018,strict_delta_max,1,cross_layer_handoff_executed
resource-defense_round-robin_seed1,1,round-robin,resource-defense,0,0,GA,1.9020835094768749,2.5636000791564584,0.7475840000000001,0.7475840000000001,0.0,0.0,0.9187276469971314,0.10320116966747558,22.0,20.097916490523126,strict_delta_max,1,cross_layer_handoff_executed
resource-defense_round-robin_seed1,1,round-robin,resource-defense,0,1,PSO,1.753787846213536,2.2534000454470515,0.7298560000000001,0.7298560000000001,0.0,0.0,0.0,0.07933765931040297,20.097916490523126,18.34412864430959,strict_delta_max,1,cross_layer_handoff_executed
resource-defense_round-robin_seed1,1,round-robin,resource-defense,0,2,RL,4.0,3.9634000277146697,0.9027639999999999,0.9027639999999999,0.0,0.012604000000000004,0.0,0.0,18.34412864430959,14.344128644309588,strict_delta_max,2,cross_layer_handoff_executed
resource-defense_round-robin_seed1,1,round-robin,resource-defense,0,3,GA,3.4809483824350433,2.221300033852458,0.854968,0.854968,0.0,0.0,0.8325725896037208,0.02900098157656912,14.344128644309588,10.863180261874545,strict_delta_max,1,cross_layer_handoff_executed
resource-defense_round-robin_seed1,1,round-robin,resource-defense,0,4,PSO,1.4038699271845236,2.2069000406190753,0.12170400000000003,0.12170400000000003,0.0,0.0,0.0,0.06255193535273662,10.863180261874545,9.459310334690022,strict_delta_max,1,cross_layer_handoff_executed
resource-defense_round-robin_seed1,1,round-robin,resource-defense,0,5,RL,4.0,3.9601000025868416,0.9027639999999999,0.9027639999999999,0.0,0.0,0.0,0.290659,9.459310334690022,5.459310334690022,strict_delta_max,2,cross_layer_handoff_executed
resource-defense_round-robin_seed1,1,round-robin,resource-defense,0,6,GA,2.9511296279430206,2.1828999742865562,0.8402479999999999,0.8402479999999999,0.0,0.0,0.713969529193905,0.021636768912543132,5.459310334690022,2.508180706747001,strict_delta_max,1,cross_layer_handoff_executed
resource-defense_round-robin_seed1,1,round-robin,resource-defense,1,0,PSO,2.110202535127694,2.071100054308772,0.889848,0.889848,0.0,0.0,0.0,0.00804828438752089,22.0,19.889797464872306,strict_delta_max,1,cross_layer_handoff_executed
resource-defense_round-robin_seed1,1,round-robin,resource-defense,1,1,RL,3.5372519470062302,4.224999924190342,0.9027639999999999,0.9027639999999999,0.0,0.0,0.0,0.0,19.889797464872306,16.352545517866076,strict_delta_max,2,cross_layer_handoff_executed
resource-defense_round-robin_seed1,1,round-robin,resource-defense,1,2,GA,3.1931275460903046,2.132600056938827,0.889848,0.889848,0.0,0.0,0.6095297573028537,0.021230215267887535,16.352545517866076,13.159417971775772,strict_delta_max,1,cross_layer_handoff_executed
resource-defense_round-robin_seed1,1,round-robin,resource-defense,1,3,PSO,3.2688546333497266,2.4596001021564007,0.41209600000000013,0.41209600000000013,0.0,0.0,0.0,0.02481465226372821,13.159417971775772,9.890563338426045,strict_delta_max,1,cross_layer_handoff_executed
resource-defense_round-robin_seed1,1,round-robin,resource-defense,1,4,RL,3.021897131031914,3.9349000435322523,0.9027639999999999,0.9027639999999999,0.0,0.0,0.0,0.0,9.890563338426045,6.868666207394131,strict_delta_max,2,cross_layer_handoff_executed
resource-defense_round-robin_seed1,1,round-robin,resource-defense,1,5,GA,2.394460925684707,2.3135000374168158,0.622792,0.622792,0.0,0.0,0.5849407798060527,0.029946928564862363,6.868666207394131,4.474205281709424,strict_delta_max,1,cross_layer_handoff_executed
resource-defense_round-robin_seed1,1,round-robin,resource-defense,1,6,PSO,2.8017412077881034,2.167199971154332,0.854968,0.854968,0.0,0.0,0.0,0.023909200819865386,4.474205281709424,1.6724640739213208,strict_delta_max,1,cross_layer_handoff_executed
resource-defense_round-robin_seed1,1,round-robin,resource-defense,2,0,RL,4.0,4.037000006064773,0.9027639999999999,0.9027639999999999,0.0,0.0,0.0,0.013001500000000062,22.0,18.0,strict_delta_max,2,cross_layer_handoff_executed
resource-defense_round-robin_seed1,1,round-robin,resource-defense,2,1,GA,3.4772050016394647,2.2258999524638057,0.854968,0.854968,0.0,0.0,0.5446873685535536,0.036346460417774826,18.0,14.522794998360535,strict_delta_max,1,cross_layer_handoff_executed
resource-defense_round-robin_seed1,1,round-robin,resource-defense,2,2,PSO,2.8624173430218938,2.17479991260916,0.889848,0.889848,0.0,0.0,0.0,0.006032029716831812,14.522794998360535,11.66037765533864,strict_delta_max,1,cross_layer_handoff_executed
resource-defense_round-robin_seed1,1,round-robin,resource-defense,2,3,RL,1.122210409896033,3.976800013333559,0.8945679999999999,0.8945679999999999,0.0,0.0,0.0,0.30218575501488837,11.66037765533864,10.538167245442608,strict_delta_max,2,cross_layer_handoff_executed
resource-defense_round-robin_seed1,1,round-robin,resource-defense,2,4,GA,3.8136033046499365,2.1479000570252538,0.852968,0.852968,0.0,0.0,0.5113252085758064,0.01782891385391078,10.538167245442608,6.724563940792672,strict_delta_max,1,cross_layer_handoff_executed
resource-defense_round-robin_seed1,1,round-robin,resource-defense,2,5,PSO,1.2865526167477672,2.5100000202655792,0.91228,0.91228,0.0,0.007396510547742116,0.0,0.06321310433349706,6.724563940792672,5.438011324044905,strict_delta_max,1,cross_layer_handoff_executed
resource-defense_round-robin_seed1,1,round-robin,resource-defense,2,6,RL,4.0,3.917700028978288,0.8945679999999999,0.8945679999999999,0.0,0.0,0.0,0.059742500000000004,5.438011324044905,1.438011324044905,strict_delta_max,2,cross_layer_handoff_executed
resource-defense_round-robin_seed1,1,round-robin,resource-defense,3,0,GA,3.3427080385879195,2.198799978941679,0.6304719999999999,0.6304719999999999,0.0,0.0,0.39979681068997,0.022680902818723727,22.0,18.65729196141208,strict_delta_max,1,cross_layer_handoff_executed
resource-defense_round-robin_seed1,1,round-robin,resource-defense,3,1,PSO,2.497969978354465,2.3482999531552196,0.92222,0.92222,0.0,0.003979231170163231,0.0,0.023203267306547825,18.65729196141208,16.159321983057616,strict_delta_max,1,cross_layer_handoff_executed
resource-defense_round-robin_seed1,1,round-robin,resource-defense,3,2,RL,1.155933396391025,4.001899971626699,0.9027639999999999,0.9027639999999999,0.0,0.0,0.0,0.0,16.159321983057616,15.003388586666592,strict_delta_max,2,cross_layer_handoff_executed
resource-defense_round-robin_seed1,1,round-robin,resource-defense,3,3,GA,3.5714878861528216,2.2996999323368073,0.8677999999999999,0.8677999999999999,0.0,0.0,0.28208836338198373,0.022246770633737332,15.003388586666592,11.43190070051377,strict_delta_max,1,cross_layer_handoff_executed
resource-defense_round-robin_seed1,1,round-robin,resource-defense,3,4,PSO,1.0,2.2207999136298895,0.8613279999999999,0.8613279999999999,0.0,0.0,0.0,0.08286470548104408,11.43190070051377,10.43190070051377,strict_delta_max,1,cross_layer_handoff_executed
resource-defense_round-robin_seed1,1,round-robin,resource-defense,3,5,RL,2.860745536466986,3.9514999371021986,0.9027639999999999,0.9027639999999999,0.0,0.0,0.0,0.08583356921121042,10.43190070051377,7.571155164046784,strict_delta_max,2,cross_layer_handoff_executed
resource-defense_round-robin_seed1,1,round-robin,resource-defense,3,6,GA,2.2549047364175645,2.363600069656968,0.12170400000000003,0.12170400000000003,0.0,0.0,0.1609778625380336,0.03171686143235012,7.571155164046784,5.316250427629219,strict_delta_max,1,cross_layer_handoff_executed
resource-defense_round-robin_seed1,1,round-robin,resource-defense,3,7,PSO,3.3600420251679135,2.1766999270766973,0.8402479999999999,0.8402479999999999,0.0,0.0,0.0,0.023787425604004132,5.316250427629219,1.9562084024613058,strict_delta_max,1,cross_layer_handoff_executed
resource-defense_round-robin_seed1,1,round-robin,resource-defense,4,0,RL,3.314787552277961,4.231099970638752,0.9027639999999999,0.9027639999999999,0.0,0.0,0.0,0.0,22.0,18.685212447722037,strict_delta_max,2,cross_layer_handoff_executed
resource-defense_round-robin_seed1,1,round-robin,resource-defense,4,1,GA,3.4966485748995852,2.2276000818237662,0.854968,0.854968,0.0,0.0,0.16327074973795352,0.02302239230287375,18.685212447722037,15.188563872822453,strict_delta_max,1,cross_layer_handoff_executed
resource-defense_round-robin_seed1,1,round-robin,resource-defense,4,2,PSO,1.8128140052230923,2.2376999258995056,0.900552,0.900552,0.0,0.0,0.0,0.02336302984740225,15.188563872822453,13.37574986759936,strict_delta_max,1,cross_layer_handoff_executed
resource-defense_round-robin_seed1,1,round-robin,resource-defense,4,3,RL,1.6910843379903804,4.101900034584105,0.9027639999999999,0.9027639999999999,0.0,0.0,0.0,0.02499934453312899,13.37574986759936,11.68466552960898,strict_delta_max,2,cross_layer_handoff_executed
resource-defense_round-robin_seed1,1,round-robin,resource-defense,4,4,GA,2.667391049095386,2.196699962951243,0.8613279999999999,0.8613279999999999,0.0,0.0,0.1653107186890449,0.026051003260447656,11.68466552960898,9.017274480513594,strict_delta_max,1,cross_layer_handoff_executed
resource-defense_round-robin_seed1,1,round-robin,resource-defense,4,5,PSO,2.3442585519611705,2.2621999960392714,0.8613279999999999,0.8613279999999999,0.0,0.0,0.0,0.030855638152181706,9.017274480513594,6.673015928552424,strict_delta_max,1,cross_layer_handoff_executed
resource-defense_round-robin_seed1,1,round-robin,resource-defense,4,6,RL,1.9144903126222734,3.7710999604314566,0.9027639999999999,0.9027639999999999,0.0,0.0,0.0,0.0,6.673015928552424,4.75852561593015,strict_delta_max,2,cross_layer_handoff_executed
resource-defense_round-robin_seed1,1,round-robin,resource-defense,4,7,GA,2.55566517160596,2.2213999181985855,0.9248319999999999,0.9248319999999999,0.0,0.0010220431177838825,0.08800238279346487,0.023923745881540375,4.75852561593015,2.20286044432419,strict_delta_max,1,cross_layer_handoff_executed
resource-defense_round-robin_seed1,1,round-robin,resource-defense,5,0,PSO,2.8415882320734718,2.2199000231921673,0.704008,0.704008,0.0,0.0,0.0,0.030627996458488824,22.0,19.158411767926527,strict_delta_max,1,cross_layer_handoff_executed
resource-defense_round-robin_seed1,1,round-robin,resource-defense,5,1,RL,2.5036175369745926,4.052600008435547,0.9201159999999998,0.9201159999999998,0.0,0.0,0.0,0.0,19.158411767926527,16.654794230951936,strict_delta_max,2,cross_layer_handoff_executed
resource-defense_round-robin_seed1,1,round-robin,resource-defense,5,2,GA,3.2419910320648158,2.4581000907346606,0.16135200000000002,0.16135200000000002,0.0,0.0,0.08971244380780342,0.03180843754692269,16.654794230951936,13.41280319888712,strict_delta_max,1,cross_layer_handoff_executed
resource-defense_round-robin_seed1,1,round-robin,resource-defense,5,3,PSO,3.5503910537404058,2.1483999444171786,0.9093199999999999,0.9093199999999999,0.0,0.0,0.0,0.010818518853108071,13.41280319888712,9.862412145146715,strict_delta_max,1,cross_layer_handoff_executed
resource-defense_round-robin_seed1,1,round-robin,resource-defense,5,4,RL,2.815519217786527,3.984800074249506,0.9224759999999999,0.9224759999999999,0.0,0.0,0.0,0.6165392120337552,9.862412145146715,7.046892927360188,strict_delta_max,2,cross_layer_handoff_executed
resource-defense_round-robin_seed1,1,round-robin,resource-defense,5,5,GA,2.286324288847343,2.255299943499267,0.9080079999999999,0.9080079999999999,0.0,0.0,0.15055241695437196,0.034488862664242954,7.046892927360188,4.760568638512845,strict_delta_max,1,cross_layer_handoff_executed
resource-defense_round-robin_seed1,1,round-robin,resource-defense,5,6,PSO,2.287274740221504,2.234900020994246,0.12170400000000003,0.12170400000000003,0.0,0.0,0.0,0.029838550893889218,4.760568638512845,2.4732938982913413,strict_delta_max,1,cross_layer_handoff_executed
resource-defense_round-robin_seed2,2,round-robin,resource-defense,0,0,GA,3.9051999001172466,2.690299996174872,0.26544600000000007,0.26544600000000007,0.0,0.0,0.9221321296069481,0.03772849699813911,22.0,18.094800099882754,strict_delta_max,1,cross_layer_handoff_executed
resource-defense_round-robin_seed2,2,round-robin,resource-defense,0,1,PSO,1.0477483033184853,2.421800047159195,0.12172799999999984,0.12172799999999984,0.0,0.0,0.0,0.14499387204475772,18.094800099882754,17.04705179656427,strict_delta_max,1,cross_layer_handoff_executed
resource-defense_round-robin_seed2,2,round-robin,resource-defense,0,2,RL,2.0715315278143036,3.989799995906651,-0.29552199999999995,-0.29552199999999995,0.0,0.0,0.0,0.32114596908980075,17.04705179656427,14.975520268749964,strict_delta_max,2,cross_layer_handoff_executed
resource-defense_round-robin_seed2,2,round-robin,resource-defense,0,3,GA,2.929206743654812,2.182799973525107,0.1216279999999999,0.1216279999999999,0.0,0.0,0.9091336900778896,0.04864995141401914,14.975520268749964,12.046313525095151,strict_delta_max,1,cross_layer_handoff_executed
resource-defense_round-robin_seed2,2,round-robin,resource-defense,0,4,PSO,1.2040818476112218,2.203000010922551,0.12172799999999984,0.12172799999999984,0.0,0.0,0.0,0.11687578326066757,12.046313525095151,10.842231677483928,strict_delta_max,1,cross_layer_handoff_executed
resource-defense_round-robin_seed2,2,round-robin,resource-defense,0,5,RL,1.104152196523844,3.958799992688,-0.222992,-0.222992,0.0,0.0,0.0,0.0,10.842231677483928,9.738079480960085,strict_delta_max,2,cross_layer_handoff_executed
resource-defense_round-robin_seed2,2,round-robin,resource-defense,0,6,GA,3.5060691506154504,2.3743000347167253,0.657472,0.657472,0.0,0.0,0.9031393577729832,0.04976998442690581,9.738079480960085,6.232010330344634,strict_delta_max,1,cross_layer_handoff_executed
resource-defense_round-robin_seed2,2,round-robin,resource-defense,0,7,PSO,3.2964373236457085,2.2808999055996537,0.04307799999999995,0.04307799999999995,0.0,0.0,0.0,0.03816598684789514,6.232010330344634,2.9355730066989256,strict_delta_max,1,cross_layer_handoff_executed
resource-defense_round-robin_seed2,2,round-robin,resource-defense,1,0,RL,3.5803501118292886,4.185899975709617,-0.07732199999999997,-0.07732199999999997,0.0,0.0,0.0,0.0,22.0,18.41964988817071,strict_delta_max,2,cross_layer_handoff_executed
resource-defense_round-robin_seed2,2,round-robin,resource-defense,1,1,GA,2.3272677848466587,2.2878999589011073,0.526882,0.526882,0.0,0.0,0.8900692926057706,0.07106040493439252,18.41964988817071,16.092382103324052,strict_delta_max,1,cross_layer_handoff_executed
resource-defense_round-robin_seed2,2,round-robin,resource-defense,1,2,PSO,3.519720276980774,2.228399971500039,0.12172799999999984,0.12172799999999984,0.0,0.0,0.0,0.03548146890232629,16.092382103324052,12.572661826343278,strict_delta_max,1,cross_layer_handoff_executed
resource-defense_round-robin_seed2,2,round-robin,resource-defense,1,3,RL,3.4045179352849386,4.071100032888353,0.677516,0.677516,0.0,0.005887470819953984,0.0,0.0,12.572661826343278,9.168143891058339,strict_delta_max,2,cross_layer_handoff_executed
resource-defense_round-robin_seed2,2,round-robin,resource-defense,1,4,GA,3.8049898325274754,2.32889992184937,0.657472,0.657472,0.0,0.0,0.8787079747592791,0.0420513290881972,9.168143891058339,5.3631540585308635,strict_delta_max,1,cross_layer_handoff_executed
resource-defense_round-robin_seed2,2,round-robin,resource-defense,1,5,PSO,3.554799386212883,2.193699940107763,0.15024799999999983,0.15024799999999983,0.0,0.0,0.0,0.03660608418710082,5.3631540585308635,1.8083546723179804,strict_delta_max,1,cross_layer_handoff_executed
resource-defense_round-robin_seed2,2,round-robin,resource-defense,2,0,RL,2.1014485342469094,4.182599950581789,0.7161119999999999,0.7161119999999999,0.0,0.018366378891040223,0.0,0.10573849246307172,22.0,19.89855146575309,strict_delta_max,2,cross_layer_handoff_executed
resource-defense_round-robin_seed2,2,round-robin,resource-defense,2,1,GA,1.5757689899186331,2.3099000100046396,0.657472,0.657472,0.0,0.0,0.8084814045500452,0.12413067857199601,19.89855146575309,18.322782475834458,strict_delta_max,1,cross_layer_handoff_executed
resource-defense_round-robin_seed2,2,round-robin,resource-defense,2,2,PSO,1.7196731665175935,2.2088000550866127,0.8006059999999999,0.8006059999999999,0.0,0.049133754974559365,0.0,0.04557908232919515,18.322782475834458,16.603109309316864,strict_delta_max,1,cross_layer_handoff_executed
resource-defense_round-robin_seed2,2,round-robin,resource-defense,2,3,RL,1.5382874624470662,4.01359994430095,0.7161119999999999,0.7161119999999999,0.0,0.0,0.0,0.0,16.603109309316864,15.064821846869798,strict_delta_max,2,cross_layer_handoff_executed
resource-defense_round-robin_seed2,2,round-robin,resource-defense,2,4,GA,3.172897865185073,2.316799946129322,0.59117,0.59117,0.0,0.0,0.6722370594113442,0.028523304288160183,15.064821846869798,11.891923981684725,strict_delta_max,1,cross_layer_handoff_executed
resource-defense_round-robin_seed2,2,round-robin,resource-defense,2,5,PSO,2.061633490747105,2.303200075402856,0.06502800000000014,0.06502800000000014,0.0,0.0,0.0,0.05900387287653524,11.891923981684725,9.830290490937621,strict_delta_max,1,cross_layer_handoff_executed
resource-defense_round-robin_seed2,2,round-robin,resource-defense,2,6,RL,3.560243772669269,3.5325000062584877,0.646258,0.646258,0.0,0.0,0.0,0.0,9.830290490937621,6.270046718268352,strict_delta_max,2,cross_layer_handoff_executed
resource-defense_round-robin_seed2,2,round-robin,resource-defense,2,7,GA,3.9680375939724826,2.329199924133718,-0.27447199999999994,-0.27447199999999994,0.0,0.0,0.6174481967390001,0.01690469704325449,6.270046718268352,2.3020091242958696,strict_delta_max,1,cross_layer_handoff_executed
resource-defense_round-robin_seed2,2,round-robin,resource-defense,3,0,PSO,2.5127679717935427,2.1552001126110554,0.7161119999999999,0.7161119999999999,0.0,0.0,0.0,0.01668407580018685,22.0,19.487232028206456,strict_delta_max,1,cross_layer_handoff_executed
resource-defense_round-robin_seed2,2,round-robin,resource-defense,3,1,RL,3.7100201692069317,4.0979000041261315,0.646258,0.646258,0.0,0.0,0.0,0.43280249884550953,19.487232028206456,15.777211858999525,strict_delta_max,2,cross_layer_handoff_executed
resource-defense_round-robin_seed2,2,round-robin,resource-defense,3,2,GA,3.3824575939200088,2.455199952237308,0.5903740000000001,0.5903740000000001,0.0,0.0,0.5240588612819085,0.023081794692141125,15.777211858999525,12.394754265079516,strict_delta_max,1,cross_layer_handoff_executed
resource-defense_round-robin_seed2,2,round-robin,resource-defense,3,3,PSO,3.266358304072535,2.140600001439452,0.12172799999999984,0.12172799999999984,0.0,0.0,0.0,0.028165308382382535,12.394754265079516,9.128395961006982,strict_delta_max,1,cross_layer_handoff_executed
resource-defense_round-robin_seed2,2,round-robin,resource-defense,3,4,RL,2.175327078120747,4.139899974688888,0.7161119999999999,0.7161119999999999,0.0,0.0,0.0,0.17457512657272253,9.128395961006982,6.953068882886235,strict_delta_max,2,cross_layer_handoff_executed
resource-defense_round-robin_seed2,2,round-robin,resource-defense,3,5,GA,2.0424889183393113,2.184299984946847,0.876954,0.876954,0.0,0.03737988456851772,0.49627931923502183,0.07966320395306985,6.953068882886235,4.910579964546924,strict_delta_max,1,cross_layer_handoff_executed
resource-defense_round-robin_seed2,2,round-robin,resource-defense,3,6,PSO,2.6977349717159167,2.263600006699562,0.12172799999999984,0.12172799999999984,0.0,0.0,0.0,0.036302547511656805,4.910579964546924,2.2128449928310077,strict_delta_max,1,cross_layer_handoff_executed
resource-defense_round-robin_seed2,2,round-robin,resource-defense,4,0,RL,3.7593806483771783,4.088900052011013,0.769536,0.769536,0.0,0.0,0.0,0.0,22.0,18.240619351622822,strict_delta_max,2,cross_layer_handoff_executed
resource-defense_round-robin_seed2,2,round-robin,resource-defense,4,1,GA,3.2349575119500504,2.3277000291273,0.6494319999999999,0.6494319999999999,0.0,0.0,0.5251568580611614,0.023499507881574795,18.240619351622822,15.005661839672772,strict_delta_max,1,cross_layer_handoff_executed
resource-defense_round-robin_seed2,2,round-robin,resource-defense,4,2,PSO,2.0346978017001054,2.17779993545264,-0.04767199999999999,-0.04767199999999999,0.0,0.0,0.0,0.043206156947297555,15.005661839672772,12.970964037972667,strict_delta_max,1,cross_layer_handoff_executed
resource-defense_round-robin_seed2,2,round-robin,resource-defense,4,3,RL,1.880697326028395,4.204999888315797,0.762052,0.762052,0.0,0.0,0.0,0.0,12.970964037972667,11.090266711944272,strict_delta_max,2,cross_layer_handoff_executed
resource-defense_round-robin_seed2,2,round-robin,resource-defense,4,4,GA,3.278017050643304,2.2058000322431326,0.89228,0.89228,0.0,0.004675387517277329,0.4569115934526864,0.04035748968466969,11.090266711944272,7.812249661300968,strict_delta_max,1,cross_layer_handoff_executed
resource-defense_round-robin_seed2,2,round-robin,resource-defense,4,5,PSO,1.403445459556437,2.1828999742865562,0.12172799999999984,0.12172799999999984,0.0,0.0,0.0,0.06772114894713505,7.812249661300968,6.408804201744531,strict_delta_max,1,cross_layer_handoff_executed
resource-defense_round-robin_seed2,2,round-robin,resource-defense,4,6,RL,3.514506895236044,4.02260001283139,0.7626820000000001,0.7626820000000001,0.0,0.0,0.0,0.14432977800885263,6.408804201744531,2.8942973065084874,strict_delta_max,2,cross_layer_handoff_executed
resource-defense_round-robin_seed2,2,round-robin,resource-defense,5,0,GA,2.6083196198147713,2.3732000263407826,0.657472,0.657472,0.0,0.0,0.37647959164251177,0.02589623888647757,22.0,19.391680380185228,strict_delta_max,1,cross_layer_handoff_executed
resource-defense_round-robin_seed2,2,round-robin,resource-defense,5,1,PSO,3.1249966526067303,2.1243999944999814,0.12172799999999984,0.12172799999999984,0.0,0.0,0.0,0.028677562008157607,19.391680380185228,16.2666837275785,strict_delta_max,1,cross_layer_handoff_executed
resource-defense_round-robin_seed2,2,round-robin,resource-defense,5,2,RL,4.0,3.960500005632639,0.7399519999999999,0.7399519999999999,0.0,0.0,0.0,0.0,16.2666837275785,12.2666837275785,strict_delta_max,2,cross_layer_handoff_executed
resource-defense_round-robin_seed2,2,round-robin,resource-defense,5,3,GA,2.5974939077598416,2.2106999531388283,0.791088,0.791088,0.0,0.0,0.3620055029198635,0.06198200029203866,12.2666837275785,9.669189819818659,strict_delta_max,1,cross_layer_handoff_executed
resource-defense_round-robin_seed2,2,round-robin,resource-defense,5,4,PSO,1.8378656582745352,2.304099965840578,0.794128,0.794128,0.0,0.0,0.0,0.03874745280181861,9.669189819818659,7.831324161544123,strict_delta_max,1,cross_layer_handoff_executed
resource-defense_round-robin_seed2,2,round-robin,resource-defense,5,5,RL,1.6995289819634751,4.007000010460615,0.7967479999999999,0.7967479999999999,0.0,0.0,0.0,0.07341798893940932,7.831324161544123,6.1317951795806485,strict_delta_max,2,cross_layer_handoff_executed
resource-defense_round-robin_seed2,2,round-robin,resource-defense,5,6,GA,1.730400970030689,2.338099991902709,0.5141060000000001,0.5141060000000001,0.0,0.0,0.3542313929353083,0.05035281717211945,6.1317951795806485,4.401394209549959,strict_delta_max,1,cross_layer_handoff_executed
resource-defense_round-robin_seed2,2,round-robin,resource-defense,5,7,PSO,1.6390597320561227,2.269399934448302,0.5928960000000001,0.5928960000000001,0.0,0.0,0.0,0.049612652814669776,4.401394209549959,2.7623344774938365,strict_delta_max,1,cross_layer_handoff_executed
resource-defense_greedy-improvement_seed0,0,greedy-improvement,resource-defense,0,0,GA,2.900117049606808,2.689699991606176,0.675128,0.675128,0.0,0.0,0.9088272647789373,0.05260290404668859,22.0,19.09988295039319,strict_delta_max,1,cross_layer_handoff_executed
resource-defense_greedy-improvement_seed0,0,greedy-improvement,resource-defense,0,1,GA,3.6351463334126546,2.3342000786215067,0.701608,0.701608,0.0,0.0,0.8696735103891018,0.041017804875248864,19.09988295039319,15.464736616980536,strict_delta_max,1,cross_layer_handoff_executed
resource-defense_greedy-improvement_seed0,0,greedy-improvement,resource-defense,0,2,GA,1.4434714017931365,2.364400075748563,0.701608,0.701608,0.0,0.0,0.8547887410980215,0.11084482323348006,15.464736616980536,14.0212652151874,strict_delta_max,1,cross_layer_handoff_executed
resource-defense_greedy-improvement_seed0,0,greedy-improvement,resource-defense,0,3,GA,3.0286414282957237,2.372400020249188,-0.2166160000000002,-0.2166160000000002,0.0,0.0,0.8594749012039006,0.045851458007010404,14.0212652151874,10.992623786891677,strict_delta_max,1,cross_layer_handoff_executed
resource-defense_greedy-improvement_seed0,0,greedy-improvement,resource-defense,0,4,GA,2.045413609487858,2.3904999252408743,0.701608,0.701608,0.0,0.0,0.8019161559329542,0.06794007233679307,10.992623786891677,8.94721017740382,strict_delta_max,1,cross_layer_handoff_executed
resource-defense_greedy-improvement_seed0,0,greedy-improvement,resource-defense,0,5,GA,3.4349216369536,2.410799963399768,0.701608,0.701608,0.0,0.0,0.7436136139990157,0.04359945595748709,8.94721017740382,5.5122885404502195,strict_delta_max,1,cross_layer_handoff_executed
resource-defense_greedy-improvement_seed0,0,greedy-improvement,resource-defense,0,6,GA,3.74160563721957,2.4585999781265855,0.683308,0.683308,0.0,0.0,0.6814405459516506,0.03646517063249983,5.5122885404502195,1.7706829032306497,strict_delta_max,1,cross_layer_handoff_executed
resource-defense_greedy-improvement_seed0,0,greedy-improvement,resource-defense,1,0,GA,1.981209273983283,2.381599973887205,0.701608,0.701608,0.0,0.0,0.6037424751567013,0.0775259390539189,22.0,20.018790726016718,strict_delta_max,1,cross_layer_handoff_executed
resource-defense_greedy-improvement_seed0,0,greedy-improvement,resource-defense,1,1,GA,2.0245567891429643,3.2614999217912555,0.701608,0.701608,0.0,0.0,0.539276493887666,0.06629666747912574,20.018790726016718,17.994233936873755,strict_delta_max,1,cross_layer_handoff_executed
resource-defense_greedy-improvement_seed0,0,greedy-improvement,resource-defense,1,2,GA,2.6534672406885096,2.6029000291600823,0.701608,0.701608,0.0,0.0,0.4590469754394006,0.052943160786129075,17.994233936873755,15.340766696185245,strict_delta_max,1,cross_layer_handoff_executed
resource-defense_greedy-improvement_seed0,0,greedy-improvement,resource-defense,1,3,GA,3.7739728835304605,2.6625999016687274,0.7085679999999999,0.7085679999999999,0.0,0.001844210389102993,0.46775535855912037,0.03506130760374121,15.340766696185245,11.566793812654785,strict_delta_max,1,cross_layer_handoff_executed
resource-defense_greedy-improvement_seed0,0,greedy-improvement,resource-defense,1,4,GA,2.073997571545312,2.508100005798042,0.701608,0.701608,0.0,0.0,0.4759144618475732,0.0650178449409525,11.566793812654785,9.492796241109474,strict_delta_max,1,cross_layer_handoff_executed
resource-defense_greedy-improvement_seed0,0,greedy-improvement,resource-defense,1,5,GA,2.211953045830299,2.6446999981999397,0.701608,0.701608,0.0,0.0,0.4759144618475732,0.060472321562880425,9.492796241109474,7.280843195279175,strict_delta_max,1,cross_layer_handoff_executed
resource-defense_greedy-improvement_seed0,0,greedy-improvement,resource-defense,1,6,GA,3.4593107775741263,2.5258000241592526,0.6965199999999998,0.6965199999999998,0.0,0.0,0.4759144618475732,0.0404424974909286,7.280843195279175,3.8215324177050487,strict_delta_max,1,cross_layer_handoff_executed
resource-defense_greedy-improvement_seed0,0,greedy-improvement,resource-defense,2,0,GA,1.7077750270474974,2.420300035737455,0.701608,0.701608,0.0,0.0,0.4759144618475732,0.07223402023760249,22.0,20.292224972952503,strict_delta_max,1,cross_layer_handoff_executed
resource-defense_greedy-improvement_seed0,0,greedy-improvement,resource-defense,2,1,GA,3.502685248848432,2.8383999597281218,0.701608,0.701608,0.0,0.0,0.4759144618475732,0.03478856817574283,20.292224972952503,16.78953972410407,strict_delta_max,1,cross_layer_handoff_executed
resource-defense_greedy-improvement_seed0,0,greedy-improvement,resource-defense,2,2,GA,1.5959601187479744,2.7212999993935227,0.701608,0.701608,0.0,0.0,0.4759144618475732,0.07869830909648355,16.78953972410407,15.193579605356096,strict_delta_max,1,cross_layer_handoff_executed
resource-defense_greedy-improvement_seed0,0,greedy-improvement,resource-defense,2,3,GA,1.5293730955052056,2.48480006121099,0.701608,0.701608,0.0,0.0,0.4759144618475732,0.07819729602476942,15.193579605356096,13.66420650985089,strict_delta_max,1,cross_layer_handoff_executed
resource-defense_greedy-improvement_seed0,0,greedy-improvement,resource-defense,2,4,GA,2.193588710845586,2.5865999050438404,0.701608,0.701608,0.0,0.0,0.4759144618475732,0.0522068793890852,13.66420650985089,11.470617799005304,strict_delta_max,1,cross_layer_handoff_executed
resource-defense_greedy-improvement_seed0,0,greedy-improvement,resource-defense,2,5,GA,3.1926635892745114,2.7300999499857426,0.701608,0.701608,0.0,0.0,0.4759144618475732,0.03858708204213633,11.470617799005304,8.277954209730792,strict_delta_max,1,cross_layer_handoff_executed
resource-defense_greedy-improvement_seed0,0,greedy-improvement,resource-defense,2,6,GA,2.9122325945126515,2.5320000713691115,0.701608,0.701608,0.0,0.0,0.4759144618475732,0.040998693224747626,8.277954209730792,5.36572161521814,strict_delta_max,1,cross_layer_handoff_executed
resource-defense_greedy-improvement_seed0,0,greedy-improvement,resource-defense,2,7,GA,3.742440587258419,2.66669993288815,0.7082759999999999,0.7082759999999999,0.0,0.0,0.5048954661835012,0.029814991248126838,5.36572161521814,1.6232810279597212,strict_delta_max,1,cross_layer_handoff_executed
resource-defense_greedy-improvement_seed0,0,greedy-improvement,resource-defense,3,0,GA,1.669689480747334,2.768100006505847,0.701608,0.701608,0.0,0.0,0.5048954661835012,0.06378376607349347,22.0,20.330310519252667,strict_delta_max,1,cross_layer_handoff_executed
resource-defense_greedy-improvement_seed0,0,greedy-improvement,resource-defense,3,1,GA,3.6452637288696725,2.688299980945885,0.701608,0.701608,0.0,0.0,0.5048954661835012,0.03130620991114672,20.330310519252667,16.685046790382994,strict_delta_max,1,cross_layer_handoff_executed
resource-defense_greedy-improvement_seed0,0,greedy-improvement,resource-defense,3,2,GA,2.724532011505043,2.5228000013157725,0.701608,0.701608,0.0,0.0,0.5048954661835012,0.03564843044256725,16.685046790382994,13.96051477887795,strict_delta_max,1,cross_layer_handoff_executed
resource-defense_greedy-improvement_seed0,0,greedy-improvement,resource-defense,3,3,GA,3.355139676646471,2.5822999887168407,0.701608,0.701608,0.0,0.0,0.5048954661835012,0.03334184758067239,13.96051477887795,10.605375102231479,strict_delta_max,1,cross_layer_handoff_executed
resource-defense_greedy-improvement_seed0,0,greedy-improvement,resource-defense,3,4,GA,1.450734803113157,2.485699951648712,0.701608,0.701608,0.0,0.0,0.5048954661835012,0.07396136988812124,10.605375102231479,9.154640299118322,strict_delta_max,1,cross_layer_handoff_executed
resource-defense_greedy-improvement_seed0,0,greedy-improvement,resource-defense,3,5,GA,3.6377663203344937,2.6093999622389674,0.7082759999999999,0.7082759999999999,0.0,0.0,0.49145583094227685,0.027849303792689722,9.154640299118322,5.516873978783828,strict_delta_max,1,cross_layer_handoff_executed
resource-defense_greedy-improvement_seed0,0,greedy-improvement,resource-defense,3,6,GA,1.7927451215278905,2.4497000267729163,0.0169399999999999,0.0169399999999999,0.0,0.0,0.49145583094227685,0.060464705119066944,5.516873978783828,3.7241288572559372,strict_delta_max,1,cross_layer_handoff_executed
resource-defense_greedy-improvement_seed0,0,greedy-improvement,resource-defense,4,0,GA,1.8173698892178831,2.3669000947847962,0.701608,0.701608,0.0,0.0,0.49145583094227685,0.05478459145725549,22.0,20.182630110782117,strict_delta_max,1,cross_layer_handoff_executed
resource-defense_greedy-improvement_seed0,0,greedy-improvement,resource-defense,4,1,GA,3.939683278342272,2.6073999470099807,0.683308,0.683308,0.0,0.0,0.49145583094227685,0.022592782178004076,20.182630110782117,16.242946832439845,strict_delta_max,1,cross_layer_handoff_executed
resource-defense_greedy-improvement_seed0,0,greedy-improvement,resource-defense,4,2,GA,1.7677778989538373,2.500699949450791,0.6965199999999998,0.6965199999999998,0.0,0.0,0.49145583094227685,0.05918238666292856,16.242946832439845,14.475168933486007,strict_delta_max,1,cross_layer_handoff_executed
resource-defense_greedy-improvement_seed0,0,greedy-improvement,resource-defense,4,3,GA,3.131179853810412,2.6162000140175223,0.355722,0.355722,0.0,0.0,0.49145583094227685,0.036346010631630676,14.475168933486007,11.343989079675595,strict_delta_max,1,cross_layer_handoff_executed
resource-defense_greedy-improvement_seed0,0,greedy-improvement,resource-defense,4,4,GA,2.7912699988376373,2.1667000837624073,-0.19000000000000006,-0.19000000000000006,0.0,0.0,0.49145583094227685,0.03908721399769933,11.343989079675595,8.552719080837957,strict_delta_max,1,cross_layer_handoff_executed
resource-defense_greedy-improvement_seed0,0,greedy-improvement,resource-defense,4,5,GA,1.4166001357268714,2.5767000624909997,0.701608,0.701608,0.0,0.0,0.49145583094227685,0.07075004297599315,8.552719080837957,7.136118945111085,strict_delta_max,1,cross_layer_handoff_executed
resource-defense_greedy-improvement_seed0,0,greedy-improvement,resource-defense,4,6,GA,2.6814781014780413,2.668700064532459,0.7525159999999997,0.7525159999999997,0.0,0.01638946817271249,0.49156230357332775,0.03668353068247251,7.136118945111085,4.454640843633044,strict_delta_max,1,cross_layer_handoff_executed
resource-defense_greedy-improvement_seed0,0,greedy-improvement,resource-defense,4,7,GA,2.246542353648355,2.4504000321030617,0.701608,0.701608,0.0,0.0,0.49156230357332775,0.041167870807935575,4.454640843633044,2.208098489984689,strict_delta_max,1,cross_layer_handoff_executed
resource-defense_greedy-improvement_seed0,0,greedy-improvement,resource-defense,5,0,GA,1.188492353022427,2.554900012910366,0.701608,0.701608,0.0,0.0,0.49156230357332775,0.09008602859885854,22.0,20.811507646977574,strict_delta_max,1,cross_layer_handoff_executed
resource-defense_greedy-improvement_seed0,0,greedy-improvement,resource-defense,5,1,GA,1.4040951229866976,2.6874999748542905,0.701608,0.701608,0.0,0.0,0.49156230357332775,0.06580299034466876,20.811507646977574,19.407412523990878,strict_delta_max,1,cross_layer_handoff_executed
resource-defense_greedy-improvement_seed0,0,greedy-improvement,resource-defense,5,2,GA,1.3334075573104787,2.8110999846830964,0.612592,0.612592,0.0,0.0,0.49156230357332775,0.09035240006062091,19.407412523990878,18.0740049666804,strict_delta_max,1,cross_layer_handoff_executed
resource-defense_greedy-improvement_seed0,0,greedy-improvement,resource-defense,5,3,GA,2.2250965491639647,2.4605999933555722,0.701608,0.701608,0.0,0.0,0.49156230357332775,0.051560995396194,18.0740049666804,15.848908417516434,strict_delta_max,1,cross_layer_handoff_executed
resource-defense_greedy-improvement_seed0,0,greedy-improvement,resource-defense,5,4,GA,2.559592677779158,2.577599952928722,-0.07835199999999998,-0.07835199999999998,0.0,0.0,0.49156230357332775,0.03609573110693735,15.848908417516434,13.289315739737276,strict_delta_max,1,cross_layer_handoff_executed
resource-defense_greedy-improvement_seed0,0,greedy-improvement,resource-defense,5,5,GA,2.760946439429236,2.6066999416798353,0.7017599999999999,0.7017599999999999,0.0,0.0,0.4970143153170886,0.03675306867657759,13.289315739737276,10.52836930030804,strict_delta_max,1,cross_layer_handoff_executed
resource-defense_greedy-improvement_seed0,0,greedy-improvement,resource-defense,5,6,GA,3.338804366828029,2.478600014001131,0.701608,0.701608,0.0,0.0,0.4970143153170886,0.03007082119847212,10.52836930030804,7.1895649334800105,strict_delta_max,1,cross_layer_handoff_executed
resource-defense_greedy-improvement_seed0,0,greedy-improvement,resource-defense,5,7,GA,2.1218395033903006,2.793199964798987,0.701608,0.701608,0.0,0.0,0.4970143153170886,0.04350519502430185,7.1895649334800105,5.06772543008971,strict_delta_max,1,cross_layer_handoff_executed
resource-defense_greedy-improvement_seed0,0,greedy-improvement,resource-defense,5,8,GA,2.012906277766147,2.535099978558719,0.7475879999999999,0.7475879999999999,0.0,0.0,0.5248146832749382,0.05398373320917826,5.06772543008971,3.054819152323563,strict_delta_max,1,cross_layer_handoff_executed
resource-defense_greedy-improvement_seed1,1,greedy-improvement,resource-defense,0,0,GA,1.9020835094768749,2.667600056156516,0.7475840000000001,0.7475840000000001,0.0,0.0,0.9187276469971314,0.10320116966747558,22.0,20.097916490523126,strict_delta_max,1,cross_layer_handoff_executed
resource-defense_greedy-improvement_seed1,1,greedy-improvement,resource-defense,0,1,GA,3.0254970734362936,2.4765999987721443,0.854968,0.854968,0.0,0.0008659734041733274,0.8910766176290544,0.048547767505483536,20.097916490523126,17.07241941708683,strict_delta_max,1,cross_layer_handoff_executed
resource-defense_greedy-improvement_seed1,1,greedy-improvement,resource-defense,0,2,GA,1.9189506843568034,2.3355999728664756,0.854968,0.854968,0.0,0.0,0.8322375303245185,0.06689813851842107,17.07241941708683,15.153468732730028,strict_delta_max,1,cross_layer_handoff_executed
resource-defense_greedy-improvement_seed1,1,greedy-improvement,resource-defense,0,3,GA,2.507802145643157,2.4883999722078443,0.854968,0.854968,0.0,0.0,0.798125219337948,0.06538431340414862,15.153468732730028,12.645666587086872,strict_delta_max,1,cross_layer_handoff_executed
resource-defense_greedy-improvement_seed1,1,greedy-improvement,resource-defense,0,4,GA,2.2134525862106624,2.4169000098481774,0.6304719999999999,0.6304719999999999,0.0,0.0,0.798125219337948,0.04816626566971457,12.645666587086872,10.43221400087621,strict_delta_max,1,cross_layer_handoff_executed
resource-defense_greedy-improvement_seed1,1,greedy-improvement,resource-defense,0,5,GA,2.145382450534985,2.3532999912276864,0.854968,0.854968,0.0,0.0,0.7638461793283378,0.06469636117152495,10.43221400087621,8.286831550341224,strict_delta_max,1,cross_layer_handoff_executed
resource-defense_greedy-improvement_seed1,1,greedy-improvement,resource-defense,0,6,GA,2.4106716758292404,2.4181000189855695,0.8901759999999999,0.8901759999999999,0.0,0.014605058147492774,0.7543817870870401,0.06140292989030209,8.286831550341224,5.876159874511984,strict_delta_max,1,cross_layer_handoff_executed
resource-defense_greedy-improvement_seed1,1,greedy-improvement,resource-defense,0,7,GA,3.737632519477067,2.675299998372793,0.6304719999999999,0.6304719999999999,0.0,0.0,0.7543817870870401,0.041799258261332975,5.876159874511984,2.138527355034917,strict_delta_max,1,cross_layer_handoff_executed
resource-defense_greedy-improvement_seed1,1,greedy-improvement,resource-defense,1,0,GA,3.3898362460908786,2.3083999985828996,0.8523479999999999,0.8523479999999999,0.0,0.0,0.7422883567523676,0.044824286639767286,22.0,18.61016375390912,strict_delta_max,1,cross_layer_handoff_executed
resource-defense_greedy-improvement_seed1,1,greedy-improvement,resource-defense,1,1,GA,3.624219255389079,2.3630999494343996,0.6657679999999999,0.6657679999999999,0.0,0.0,0.7422883567523676,0.03536510272766172,18.61016375390912,14.985944498520041,strict_delta_max,1,cross_layer_handoff_executed
resource-defense_greedy-improvement_seed1,1,greedy-improvement,resource-defense,1,2,GA,2.0243894678858108,2.3077999940142035,0.854968,0.854968,0.0,0.0,0.7072418876015917,0.06003423172029399,14.985944498520041,12.96155503063423,strict_delta_max,1,cross_layer_handoff_executed
resource-defense_greedy-improvement_seed1,1,greedy-improvement,resource-defense,1,3,GA,1.2541300037475702,2.5135999312624335,0.41809600000000013,0.41809600000000013,0.0,0.0,0.7072418876015917,0.12844353181658977,12.96155503063423,11.70742502688666,strict_delta_max,1,cross_layer_handoff_executed
resource-defense_greedy-improvement_seed1,1,greedy-improvement,resource-defense,1,4,GA,1.7334072305149562,2.382799983024597,0.854968,0.854968,0.0,0.0,0.7072418876015917,0.0691213223792596,11.70742502688666,9.974017796371704,strict_delta_max,1,cross_layer_handoff_executed
resource-defense_greedy-improvement_seed1,1,greedy-improvement,resource-defense,1,5,GA,3.4346116006456775,2.2903999779373407,0.854968,0.854968,0.0,0.0,0.7072418876015917,0.04186793953338533,9.974017796371704,6.539406195726027,strict_delta_max,1,cross_layer_handoff_executed
resource-defense_greedy-improvement_seed1,1,greedy-improvement,resource-defense,1,6,GA,3.7710822854607207,2.57060001604259,0.690044,0.690044,0.0,0.0,0.7072418876015917,0.032926694166984405,6.539406195726027,2.7683239102653063,strict_delta_max,1,cross_layer_handoff_executed
resource-defense_greedy-improvement_seed1,1,greedy-improvement,resource-defense,2,0,GA,3.4931234334360743,2.3753000423312187,0.926168,0.926168,0.0,0.010303672540021281,0.7482701837009401,0.04214296488500059,22.0,18.506876566563925,strict_delta_max,1,cross_layer_handoff_executed
resource-defense_greedy-improvement_seed1,1,greedy-improvement,resource-defense,2,1,GA,3.3541438888881836,2.398099983111024,0.854968,0.854968,0.0,0.0,0.7482701837009401,0.031244991190948708,18.506876566563925,15.152732677675742,strict_delta_max,1,cross_layer_handoff_executed
resource-defense_greedy-improvement_seed1,1,greedy-improvement,resource-defense,2,2,GA,2.2575985922682644,2.2983000380918384,0.934008,0.934008,0.0,0.003472716552380075,0.7593105646963385,0.07403982815228391,15.152732677675742,12.895134085407477,strict_delta_max,1,cross_layer_handoff_executed
resource-defense_greedy-improvement_seed1,1,greedy-improvement,resource-defense,2,3,GA,1.4983896268477768,2.395099960267544,0.854968,0.854968,0.0,0.0,0.7593105646963385,0.10191336104167134,12.895134085407477,11.3967444585597,strict_delta_max,1,cross_layer_handoff_executed
resource-defense_greedy-improvement_seed1,1,greedy-improvement,resource-defense,2,4,GA,1.9961801672767252,2.3888000287115574,0.6469960000000001,0.6469960000000001,0.0,0.0,0.7593105646963385,0.07666245640144759,11.3967444585597,9.400564291282976,strict_delta_max,1,cross_layer_handoff_executed
resource-defense_greedy-improvement_seed1,1,greedy-improvement,resource-defense,2,5,GA,3.1496770620896597,2.448100014589727,0.5657340000000001,0.5657340000000001,0.0,0.0,0.7593105646963385,0.04354401312807182,9.400564291282976,6.2508872291933155,strict_delta_max,1,cross_layer_handoff_executed
resource-defense_greedy-improvement_seed1,1,greedy-improvement,resource-defense,2,6,GA,2.3467955124705626,2.4576999712735415,0.9143680000000001,0.9143680000000001,0.0,0.0,0.7608623979198105,0.04511107333535736,6.2508872291933155,3.904091716722753,strict_delta_max,1,cross_layer_handoff_executed
resource-defense_greedy-improvement_seed1,1,greedy-improvement,resource-defense,3,0,GA,3.8893449426749886,2.3024999536573887,0.8350479999999998,0.8350479999999998,0.0,0.0,0.7608623979198105,0.02845007948719348,22.0,18.110655057325012,strict_delta_max,1,cross_layer_handoff_executed
resource-defense_greedy-improvement_seed1,1,greedy-improvement,resource-defense,3,1,GA,2.5494926850308284,2.2400999441742897,0.9214479999999999,0.9214479999999999,0.0,0.0,0.7570972444237205,0.04375885024185218,18.110655057325012,15.561162372294184,strict_delta_max,1,cross_layer_handoff_executed
resource-defense_greedy-improvement_seed1,1,greedy-improvement,resource-defense,3,2,GA,2.465503082218685,2.436000038869679,0.926168,0.926168,0.0,0.0,0.7187133898218796,0.05349321461224059,15.561162372294184,13.0956592900755,strict_delta_max,1,cross_layer_handoff_executed
resource-defense_greedy-improvement_seed1,1,greedy-improvement,resource-defense,3,3,GA,1.546535138630106,2.3566000163555145,0.8834879999999999,0.8834879999999999,0.0,0.0,0.7187133898218796,0.10603438026014855,13.0956592900755,11.549124151445394,strict_delta_max,1,cross_layer_handoff_executed
resource-defense_greedy-improvement_seed1,1,greedy-improvement,resource-defense,3,4,GA,3.3863555191448236,2.3246000055223703,0.928528,0.928528,0.0,0.0,0.7012380656535109,0.03351867106108966,11.549124151445394,8.16276863230057,strict_delta_max,1,cross_layer_handoff_executed
resource-defense_greedy-improvement_seed1,1,greedy-improvement,resource-defense,3,5,GA,3.9809595070441817,2.418500022031367,0.889848,0.889848,0.0,0.0,0.7012380656535109,0.03734326854970022,8.16276863230057,4.18180912525639,strict_delta_max,1,cross_layer_handoff_executed
resource-defense_greedy-improvement_seed1,1,greedy-improvement,resource-defense,3,6,GA,2.4502125925384743,2.378000062890351,0.9540919999999999,0.9540919999999999,0.0,0.008196839760419534,0.6259950065956892,0.04735143092923738,4.18180912525639,1.7315965327179152,strict_delta_max,1,cross_layer_handoff_executed
resource-defense_greedy-improvement_seed1,1,greedy-improvement,resource-defense,4,0,GA,2.2114727752040686,2.330999937839806,0.910592,0.910592,0.0,0.0,0.6070512027979247,0.04962733008750656,22.0,19.78852722479593,strict_delta_max,1,cross_layer_handoff_executed
resource-defense_greedy-improvement_seed1,1,greedy-improvement,resource-defense,4,1,GA,2.8210365353826283,2.4120999732986093,0.4383610000000001,0.4383610000000001,0.0,0.0,0.6070512027979247,0.03998639253690258,19.78852722479593,16.967490689413303,strict_delta_max,1,cross_layer_handoff_executed
resource-defense_greedy-improvement_seed1,1,greedy-improvement,resource-defense,4,2,GA,2.3634073021141924,2.271299948915839,0.901704,0.901704,0.0,0.0,0.5409342024428689,0.05284639122786397,16.967490689413303,14.604083387299111,strict_delta_max,1,cross_layer_handoff_executed
resource-defense_greedy-improvement_seed1,1,greedy-improvement,resource-defense,4,3,GA,1.2533445355395403,2.430099993944168,0.6992879999999999,0.6992879999999999,0.0,0.0,0.5409342024428689,0.0930596295151814,14.604083387299111,13.350738851759571,strict_delta_max,1,cross_layer_handoff_executed
resource-defense_greedy-improvement_seed1,1,greedy-improvement,resource-defense,4,4,GA,3.253361055357622,2.3856000043451786,0.854968,0.854968,0.0,0.0,0.5409342024428689,0.0374616534854791,13.350738851759571,10.097377796401949,strict_delta_max,1,cross_layer_handoff_executed
resource-defense_greedy-improvement_seed1,1,greedy-improvement,resource-defense,4,5,GA,3.8847889832795093,2.294600009918213,0.9251959999999999,0.9251959999999999,0.0,0.0,0.485883019987978,0.028165372806421268,10.097377796401949,6.212588813122439,strict_delta_max,1,cross_layer_handoff_executed
resource-defense_greedy-improvement_seed1,1,greedy-improvement,resource-defense,4,6,GA,3.6918006104878285,2.378599951043725,0.903288,0.903288,0.0,0.0,0.48893963770751514,0.027816727140986115,6.212588813122439,2.5207882026346105,strict_delta_max,1,cross_layer_handoff_executed
resource-defense_greedy-improvement_seed1,1,greedy-improvement,resource-defense,5,0,GA,2.360272694050117,2.282699919305742,0.6481199999999999,0.6481199999999999,0.0,0.0,0.48893963770751514,0.049756472565062326,22.0,19.639727305949883,strict_delta_max,1,cross_layer_handoff_executed
resource-defense_greedy-improvement_seed1,1,greedy-improvement,resource-defense,5,1,GA,1.0709261013250084,2.438299939967692,0.946688,0.946688,0.0,0.0,0.4898187658358171,0.09305239659391969,19.639727305949883,18.568801204624876,strict_delta_max,1,cross_layer_handoff_executed
resource-defense_greedy-improvement_seed1,1,greedy-improvement,resource-defense,5,2,GA,1.6467175525346351,2.318899962119758,0.9773679999999999,0.9773679999999999,0.0,0.014134785873979079,0.4884520641045275,0.06131727828045069,18.568801204624876,16.92208365209024,strict_delta_max,1,cross_layer_handoff_executed
resource-defense_greedy-improvement_seed1,1,greedy-improvement,resource-defense,5,3,GA,1.0039756226934242,2.4025000166147947,0.6304719999999999,0.6304719999999999,0.0,0.0,0.4884520641045275,0.12404627246714418,16.92208365209024,15.918108029396816,strict_delta_max,1,cross_layer_handoff_executed
resource-defense_greedy-improvement_seed1,1,greedy-improvement,resource-defense,5,4,GA,1.2338504439569784,2.4935000110417604,0.7381119999999999,0.7381119999999999,0.0,0.0,0.4884520641045275,0.10127973318182228,15.918108029396816,14.684257585439838,strict_delta_max,1,cross_layer_handoff_executed
resource-defense_greedy-improvement_seed1,1,greedy-improvement,resource-defense,5,5,GA,2.909657884084077,2.4091999512165785,1.0091639999999997,1.0091639999999997,0.0,0.010927745208096447,0.48575790803916485,0.040122798085952795,14.684257585439838,11.774599701355761,strict_delta_max,1,cross_layer_handoff_executed
resource-defense_greedy-improvement_seed1,1,greedy-improvement,resource-defense,5,6,GA,3.9350867696774103,2.267400035634637,0.928528,0.928528,0.0,0.0,0.49022341313630163,0.03314089706684387,11.774599701355761,7.839512931678351,strict_delta_max,1,cross_layer_handoff_executed
resource-defense_greedy-improvement_seed1,1,greedy-improvement,resource-defense,5,7,GA,2.5708735816352988,2.3937999503687024,0.554726,0.554726,0.0,0.0,0.49022341313630163,0.04169035695642406,7.839512931678351,5.268639350043053,strict_delta_max,1,cross_layer_handoff_executed
resource-defense_greedy-improvement_seed1,1,greedy-improvement,resource-defense,5,8,GA,2.241765379749357,2.3654999677091837,0.4943000000000001,0.4943000000000001,0.0,0.0,0.49022341313630163,0.049150459228008,5.268639350043053,3.0268739702936958,strict_delta_max,1,cross_layer_handoff_executed
resource-defense_greedy-improvement_seed2,2,greedy-improvement,resource-defense,0,0,GA,3.9051999001172466,2.5969999842345715,0.26544600000000007,0.26544600000000007,0.0,0.0,0.9221321296069481,0.03772849699813911,22.0,18.094800099882754,strict_delta_max,1,cross_layer_handoff_executed
resource-defense_greedy-improvement_seed2,2,greedy-improvement,resource-defense,0,1,GA,1.0487937550372526,2.5276000378653407,0.4893950000000001,0.4893950000000001,0.0,0.0,0.8915283738666642,0.12083361600815357,18.094800099882754,17.0460063448455,strict_delta_max,1,cross_layer_handoff_executed
resource-defense_greedy-improvement_seed2,2,greedy-improvement,resource-defense,0,2,GA,3.5566656234211957,2.330100047402084,0.563631,0.563631,0.0,0.0,0.8630708519109553,0.04072410928441301,17.0460063448455,13.489340721424306,strict_delta_max,1,cross_layer_handoff_executed
resource-defense_greedy-improvement_seed2,2,greedy-improvement,resource-defense,0,3,GA,2.4363648014259303,2.4238000623881817,0.466584,0.466584,0.0,0.0,0.8250511165725389,0.063007601832216,13.489340721424306,11.052975919998374,strict_delta_max,1,cross_layer_handoff_executed
resource-defense_greedy-improvement_seed2,2,greedy-improvement,resource-defense,0,4,GA,3.740484792257108,2.4275999749079347,0.5467520000000001,0.5467520000000001,0.0,0.0,0.8388973103425893,0.03999196562768238,11.052975919998374,7.312491127741266,strict_delta_max,1,cross_layer_handoff_executed
resource-defense_greedy-improvement_seed2,2,greedy-improvement,resource-defense,0,5,GA,2.5341580171525386,2.659599995240569,0.4570040000000001,0.4570040000000001,0.0,0.0,0.7896746615419015,0.0653510904018965,7.312491127741266,4.7783331105887275,strict_delta_max,1,cross_layer_handoff_executed
resource-defense_greedy-improvement_seed2,2,greedy-improvement,resource-defense,0,6,GA,1.0031229565211865,2.4392000632360578,0.515796,0.515796,0.0,0.0,0.7345014610069321,0.136818802803279,4.7783331105887275,3.775210154067541,strict_delta_max,1,cross_layer_handoff_executed
resource-defense_greedy-improvement_seed2,2,greedy-improvement,resource-defense,1,0,GA,1.749104304800324,2.372400020249188,0.949608,0.949608,0.0,0.1670203424679982,0.6665751759463677,0.09443462365312144,22.0,20.250895695199677,strict_delta_max,1,cross_layer_handoff_executed
resource-defense_greedy-improvement_seed2,2,greedy-improvement,resource-defense,1,1,GA,3.353915533847288,2.437499933876097,0.4093650000000001,0.4093650000000001,0.0,0.0,0.6244181993397953,0.033218378271485174,20.250895695199677,16.89698016135239,strict_delta_max,1,cross_layer_handoff_executed
resource-defense_greedy-improvement_seed2,2,greedy-improvement,resource-defense,1,2,GA,3.1137997058210907,2.3705000057816505,0.657472,0.657472,0.0,0.0,0.5544452285494965,0.04351459537059179,16.89698016135239,13.783180455531298,strict_delta_max,1,cross_layer_handoff_executed
resource-defense_greedy-improvement_seed2,2,greedy-improvement,resource-defense,1,3,GA,2.046730220709815,2.4340999079868197,0.596908,0.596908,0.0,0.0,0.5263883571059931,0.061404117849243614,13.783180455531298,11.736450234821483,strict_delta_max,1,cross_layer_handoff_executed
resource-defense_greedy-improvement_seed2,2,greedy-improvement,resource-defense,1,4,GA,2.6803277970004626,2.44309997651726,0.678472,0.678472,0.0,0.0,0.5243447756607084,0.0445950772889921,11.736450234821483,9.05612243782102,strict_delta_max,1,cross_layer_handoff_executed
resource-defense_greedy-improvement_seed2,2,greedy-improvement,resource-defense,1,5,GA,3.4999308173336123,2.473899978213012,0.657472,0.657472,0.0,0.0,0.5503848520952874,0.03464396908756328,9.05612243782102,5.556191620487408,strict_delta_max,1,cross_layer_handoff_executed
resource-defense_greedy-improvement_seed2,2,greedy-improvement,resource-defense,1,6,GA,2.729380956478172,2.35730002168566,0.7534479999999999,0.7534479999999999,0.0,0.0,0.5584225930627067,0.06242231752603865,5.556191620487408,2.826810664009236,strict_delta_max,1,cross_layer_handoff_executed
resource-defense_greedy-improvement_seed2,2,greedy-improvement,resource-defense,2,0,GA,3.949777095792092,2.554600010626018,0.3761840000000001,0.3761840000000001,0.0,0.0,0.5584225930627067,0.03560936648790745,22.0,18.050222904207907,strict_delta_max,1,cross_layer_handoff_executed
resource-defense_greedy-improvement_seed2,2,greedy-improvement,resource-defense,2,1,GA,2.123846224777633,2.3987999884411693,0.8749919999999998,0.8749919999999998,0.0,0.0,0.5830515549240682,0.07341567426633003,18.050222904207907,15.926376679430273,strict_delta_max,1,cross_layer_handoff_executed
resource-defense_greedy-improvement_seed2,2,greedy-improvement,resource-defense,2,2,GA,2.5894360098186966,2.418900025077164,0.506082,0.506082,0.0,0.0,0.5830515549240682,0.04160010750411708,15.926376679430273,13.336940669611577,strict_delta_max,1,cross_layer_handoff_executed
resource-defense_greedy-improvement_seed2,2,greedy-improvement,resource-defense,2,3,GA,2.819202244015359,2.559100044891238,0.657472,0.657472,0.0,0.0,0.6070971203553547,0.05639193829451686,13.336940669611577,10.517738425596217,strict_delta_max,1,cross_layer_handoff_executed
resource-defense_greedy-improvement_seed2,2,greedy-improvement,resource-defense,2,4,GA,3.7627226973839383,2.3122000275179744,0.790472,0.790472,0.0,0.0,0.5782578406949954,0.03296109228955637,10.517738425596217,6.755015728212279,strict_delta_max,1,cross_layer_handoff_executed
resource-defense_greedy-improvement_seed2,2,greedy-improvement,resource-defense,2,5,GA,2.0059632165006955,2.3956000804901123,0.590017,0.590017,0.0,0.0,0.5782578406949954,0.06366793950870958,6.755015728212279,4.749052511711584,strict_delta_max,1,cross_layer_handoff_executed
resource-defense_greedy-improvement_seed2,2,greedy-improvement,resource-defense,2,6,GA,2.142815599763403,2.3950000759214163,0.5384040000000001,0.5384040000000001,0.0,0.0,0.5782578406949954,0.061929411692554566,4.749052511711584,2.606236911948181,strict_delta_max,1,cross_layer_handoff_executed
resource-defense_greedy-improvement_seed2,2,greedy-improvement,resource-defense,3,0,GA,2.6618786465699817,2.324500004760921,0.657472,0.657472,0.0,0.0,0.5706189822958373,0.049268047479706506,22.0,19.33812135343002,strict_delta_max,1,cross_layer_handoff_executed
resource-defense_greedy-improvement_seed2,2,greedy-improvement,resource-defense,3,1,GA,3.266531254923978,2.460299991071224,0.8712880000000001,0.8712880000000001,0.0,0.0,0.580417349096643,0.04815916733840851,19.33812135343002,16.07159009850604,strict_delta_max,1,cross_layer_handoff_executed
resource-defense_greedy-improvement_seed2,2,greedy-improvement,resource-defense,3,2,GA,1.4906908230499698,2.341400017030537,0.9137679999999999,0.9137679999999999,0.0,0.0,0.5533122976045386,0.11402120860170448,16.07159009850604,14.58089927545607,strict_delta_max,1,cross_layer_handoff_executed
resource-defense_greedy-improvement_seed2,2,greedy-improvement,resource-defense,3,3,GA,3.125446309521131,2.3417999036610126,0.866568,0.866568,0.0,0.0,0.5418308452021364,0.05465423683191487,14.58089927545607,11.455452965934938,strict_delta_max,1,cross_layer_handoff_executed
resource-defense_greedy-improvement_seed2,2,greedy-improvement,resource-defense,3,4,GA,3.32925483626837,2.465600031428039,0.803368,0.803368,0.0,0.0,0.5511864320338186,0.03127642193289066,11.455452965934938,8.12619812966657,strict_delta_max,1,cross_layer_handoff_executed
resource-defense_greedy-improvement_seed2,2,greedy-improvement,resource-defense,3,5,GA,1.6623840432690828,2.4006000021472573,0.9317959999999998,0.9317959999999998,0.0,0.0,0.5929782043374824,0.09405873319159291,8.12619812966657,6.463814086397487,strict_delta_max,1,cross_layer_handoff_executed
resource-defense_greedy-improvement_seed2,2,greedy-improvement,resource-defense,3,6,GA,1.0122181169966988,2.339900005608797,0.8832719999999998,0.8832719999999998,0.0,0.0,0.5514261455229728,0.14387052017733645,6.463814086397487,5.451595969400788,strict_delta_max,1,cross_layer_handoff_executed
resource-defense_greedy-improvement_seed2,2,greedy-improvement,resource-defense,3,7,GA,3.341487191923412,2.376000047661364,0.9161279999999998,0.9161279999999998,0.0,0.0,0.551887388914564,0.04306340045265749,5.451595969400788,2.110108777477376,strict_delta_max,1,cross_layer_handoff_executed
resource-defense_greedy-improvement_seed2,2,greedy-improvement,resource-defense,4,0,GA,1.3688793293671315,2.2375999251380563,0.9326479999999999,0.9326479999999999,0.0,0.0,0.531288526325496,0.08786242924561424,22.0,20.631120670632868,strict_delta_max,1,cross_layer_handoff_executed
resource-defense_greedy-improvement_seed2,2,greedy-improvement,resource-defense,4,1,GA,2.398766763121283,2.449600026011467,0.77248,0.77248,0.0,0.0,0.531288526325496,0.05354759697534079,20.631120670632868,18.232353907511584,strict_delta_max,1,cross_layer_handoff_executed
resource-defense_greedy-improvement_seed2,2,greedy-improvement,resource-defense,4,2,GA,3.175588026743488,2.3867000127211213,0.67568,0.67568,0.0,0.0,0.531288526325496,0.05108973045858622,18.232353907511584,15.056765880768095,strict_delta_max,1,cross_layer_handoff_executed
resource-defense_greedy-improvement_seed2,2,greedy-improvement,resource-defense,4,3,GA,3.381699366789166,2.3395000025629997,0.657472,0.657472,0.0,0.0,0.531288526325496,0.035036955445849734,15.056765880768095,11.67506651397893,strict_delta_max,1,cross_layer_handoff_executed
resource-defense_greedy-improvement_seed2,2,greedy-improvement,resource-defense,4,4,GA,1.2849055348421672,2.4172000121325254,0.868312,0.868312,0.0,0.0,0.5173299376315476,0.11769264822259165,11.67506651397893,10.390160979136763,strict_delta_max,1,cross_layer_handoff_executed
resource-defense_greedy-improvement_seed2,2,greedy-improvement,resource-defense,4,5,GA,2.9188861325956705,2.4580000899732113,0.940132,0.940132,0.0,0.0,0.5190836383668004,0.038665901891425804,10.390160979136763,7.4712748465410925,strict_delta_max,1,cross_layer_handoff_executed
resource-defense_greedy-improvement_seed2,2,greedy-improvement,resource-defense,4,6,GA,2.3199961062112826,2.479200018569827,0.7870079999999998,0.7870079999999998,0.0,0.0,0.5190836383668004,0.04998649295988306,7.4712748465410925,5.1512787403298095,strict_delta_max,1,cross_layer_handoff_executed
resource-defense_greedy-improvement_seed2,2,greedy-improvement,resource-defense,4,7,GA,2.3428117485938227,2.3692999966442585,0.9471399999999999,0.9471399999999999,0.0,0.0,0.5094572001048397,0.0471480677970154,5.1512787403298095,2.808466991735987,strict_delta_max,1,cross_layer_handoff_executed
resource-defense_greedy-improvement_seed2,2,greedy-improvement,resource-defense,5,0,GA,2.7951314000826013,2.344300039112568,0.9137679999999999,0.9137679999999999,0.0,0.0,0.5195833032302265,0.04347867533471737,22.0,19.204868599917397,strict_delta_max,1,cross_layer_handoff_executed
resource-defense_greedy-improvement_seed2,2,greedy-improvement,resource-defense,5,1,GA,2.8683358185009578,2.3228999925777316,0.9161279999999998,0.9161279999999998,0.0,0.0,0.5387580151590556,0.04502603063810938,19.204868599917397,16.336532781416437,strict_delta_max,1,cross_layer_handoff_executed
resource-defense_greedy-improvement_seed2,2,greedy-improvement,resource-defense,5,2,GA,1.225465745140193,2.458699978888035,0.880112,0.880112,0.0,0.0,0.5387580151590556,0.11188807634894088,16.336532781416437,15.111067036276244,strict_delta_max,1,cross_layer_handoff_executed
resource-defense_greedy-improvement_seed2,2,greedy-improvement,resource-defense,5,3,GA,3.074741566588332,2.7222000062465668,0.9066879999999999,0.9066879999999999,0.0,0.0,0.5490512222467828,0.03989366785057386,15.111067036276244,12.036325469687913,strict_delta_max,1,cross_layer_handoff_executed
resource-defense_greedy-improvement_seed2,2,greedy-improvement,resource-defense,5,4,GA,2.7784898962127174,2.6361000491306186,0.9355839999999999,0.9355839999999999,0.0,0.0,0.5423008964618484,0.034717550845574846,12.036325469687913,9.257835573475196,strict_delta_max,1,cross_layer_handoff_executed
resource-defense_greedy-improvement_seed2,2,greedy-improvement,resource-defense,5,5,GA,3.875376774794353,2.9223000165075064,0.5960240000000001,0.5960240000000001,0.0,0.0,0.5423008964618484,0.025705999083634103,9.257835573475196,5.382458798680844,strict_delta_max,1,cross_layer_handoff_executed
resource-defense_greedy-improvement_seed2,2,greedy-improvement,resource-defense,5,6,GA,3.714531973380063,2.3551000049337745,0.887308,0.887308,0.0,0.0,0.5423008964618484,0.0242197269595553,5.382458798680844,1.667926825300781,strict_delta_max,1,cross_layer_handoff_executed
