run_id,git_commit,timestamp,seed,method,benchmark,environment_name,environment_version,task_name,interval,B_tau_ms,allowed_ms,guard_margin_ms,delta_min_ms,delta_max_ms,do_not_start_rule,scheduler_ema_lambda,loop_time_ms,e2e_time_ms,actual_cpu_e2e_ms,total_atomic_cpu_ms,timing_mode,selected_module,atomic_step_duration_ms,num_ga_steps,num_pso_steps,num_rl_steps,candidate_count,evaluated_candidate_count,score,return,win,threshold_T,steps_to_threshold,evaluation_cadence,p95_latency_ms,p99_latency_ms,max_latency_ms,loop_overrun,e2e_overrun,loop_overrun_ms,e2e_overrun_ms,diversity_value,diversity_descriptor_valid,learning_progress_value,improvement_rate_value,handshake_enabled,handshake_events,scheduler_index_ga,scheduler_index_pso,scheduler_index_rl,rng_train_seed,rng_eval_seed,hardware_id,notes
line-duel_DLGPR-full_seed0,no-git,2026-05-27T22:16:29,0,DLGPR-full,self-contained-game-ai,LineDuelEnv,1.0-local,line-duel,0,24.0,22.0,2.0,1.0,4.0,strict_delta_max,0.5,20.54417370140583,22.54417370140583,31.304700067266822,12.666200054809451,simulated_charged,GA,3.374005765477451,4,1,3,8,8,-0.04500000000000004,-0.04500000000000004,0.5,0.5,-1,1,22.54417370140583,22.54417370140583,22.54417370140583,False,False,0.0,0.0,0.6441779133689934,True,0.03114833717929272,0.0,True,11,0.24321807998794265,0.15722206109523076,0.14882341981438074,10000,20000,Windows-AMD64-py3.14.3,self-contained local validation harness; charged-time accounting is disclosed by timing_mode
line-duel_DLGPR-full_seed0,no-git,2026-05-27T22:16:29,0,DLGPR-full,self-contained-game-ai,LineDuelEnv,1.0-local,line-duel,1,24.0,22.0,2.0,1.0,4.0,strict_delta_max,0.5,18.035366404680147,20.035366404680147,21.745100035332143,11.088299797847867,simulated_charged,PSO,1.5894633800530262,1,4,3,8,8,-0.04500000000000004,-0.04500000000000004,0.5,0.5,-1,1,22.418733336569545,22.51908562843857,22.54417370140583,False,False,0.0,0.0,0.0,False,0.0467644417137094,0.0,True,11,0.10426618688251171,0.10307545799175868,0.1069312516423861,10000,20000,Windows-AMD64-py3.14.3,self-contained local validation harness; charged-time accounting is disclosed by timing_mode
line-duel_DLGPR-full_seed0,no-git,2026-05-27T22:16:29,0,DLGPR-full,self-contained-game-ai,LineDuelEnv,1.0-local,line-duel,2,24.0,22.0,2.0,1.0,4.0,strict_delta_max,0.5,19.48946652121237,21.48946652121237,30.769499950110912,11.63240009918809,simulated_charged,GA,3.5816563529353447,6,1,1,8,8,-0.04500000000000004,-0.04500000000000004,0.5,0.5,-1,1,22.43870298338648,22.52307955780196,22.54417370140583,False,False,0.0,0.0,0.20585390381210142,True,0.01570671490840318,0.0,True,9,0.12791066359868392,0.10171718920582451,0.10275808561858109,10000,20000,Windows-AMD64-py3.14.3,self-contained local validation harness; charged-time accounting is disclosed by timing_mode
line-duel_DLGPR-full_seed0,no-git,2026-05-27T22:16:29,0,DLGPR-full,self-contained-game-ai,LineDuelEnv,1.0-local,line-duel,3,24.0,22.0,2.0,1.0,4.0,strict_delta_max,0.5,20.3514525671854,22.3514525671854,22.964100004173815,10.585800162516534,simulated_charged,RL,3.018130865686799,1,2,4,7,7,-0.04500000000000004,-0.04500000000000004,0.5,0.5,-1,1,22.515265531272764,22.538392067379217,22.54417370140583,False,False,0.0,0.0,0.0,False,0.0,0.0,True,11,0.07824369230267349,0.09308243527647585,0.11492437853366308,10000,20000,Windows-AMD64-py3.14.3,self-contained local validation harness; charged-time accounting is disclosed by timing_mode
line-duel_DLGPR-full_seed0,no-git,2026-05-27T22:16:29,0,DLGPR-full,self-contained-game-ai,LineDuelEnv,1.0-local,line-duel,4,24.0,22.0,2.0,1.0,4.0,strict_delta_max,0.5,19.63635622189951,21.63635622189951,32.32990007381886,15.662600169889629,simulated_charged,PSO,1.9524052695252363,1,3,6,10,10,-0.04500000000000004,-0.04500000000000004,0.5,0.5,-1,1,22.505629474561744,22.53646485603701,22.54417370140583,False,False,0.0,0.0,0.0,False,0.0497443387323903,0.0,True,16,0.07755567186646631,0.08371457778834768,0.07953274632492212,10000,20000,Windows-AMD64-py3.14.3,self-contained local validation harness; charged-time accounting is disclosed by timing_mode
line-duel_DLGPR-full_seed0,no-git,2026-05-27T22:16:29,0,DLGPR-full,self-contained-game-ai,LineDuelEnv,1.0-local,line-duel,5,24.0,22.0,2.0,1.0,4.0,strict_delta_max,0.5,18.506803264844294,20.506803264844294,34.80319993104786,12.472200323827565,simulated_charged,GA,1.0387709778599095,7,1,1,9,9,-0.04500000000000004,-0.04500000000000004,0.5,0.5,-1,1,22.49599341785072,22.534537644694808,22.54417370140583,False,False,0.0,0.0,0.20585390381210142,True,0.048874457575057484,0.0,True,10,0.11566506043447189,0.082492925914099,0.07858922928726939,10000,20000,Windows-AMD64-py3.14.3,self-contained local validation harness; charged-time accounting is disclosed by timing_mode
line-duel_DLGPR-full_seed1,no-git,2026-05-27T22:16:29,1,DLGPR-full,self-contained-game-ai,LineDuelEnv,1.0-local,line-duel,0,24.0,22.0,2.0,1.0,4.0,strict_delta_max,0.5,20.496546394731574,22.496546394731574,33.19520002696663,13.102399883791804,simulated_charged,GA,3.7117947863258833,6,1,1,8,8,-1.025,-1.025,0.0,0.5,-1,1,22.496546394731574,22.496546394731574,22.496546394731574,False,False,0.0,0.0,0.8115700590224146,True,0.02436371388898794,0.0,True,9,0.2820889450217553,0.15722206109523076,0.16551324980731213,11000,21000,Windows-AMD64-py3.14.3,self-contained local validation harness; charged-time accounting is disclosed by timing_mode
line-duel_DLGPR-full_seed1,no-git,2026-05-27T22:16:29,1,DLGPR-full,self-contained-game-ai,LineDuelEnv,1.0-local,line-duel,1,24.0,22.0,2.0,1.0,4.0,strict_delta_max,0.5,19.401721774996645,21.401721774996645,25.10999992955476,11.386500089429319,simulated_charged,RL,4.0,1,2,4,7,7,-1.025,-1.025,0.0,0.5,-1,1,22.441805163744828,22.485598148534226,22.496546394731574,False,False,0.0,0.0,0.0,False,0.0,0.0,True,11,0.09171977784762772,0.12488319167365465,0.13932757042816868,11000,21000,Windows-AMD64-py3.14.3,self-contained local validation harness; charged-time accounting is disclosed by timing_mode
line-duel_DLGPR-full_seed1,no-git,2026-05-27T22:16:29,1,DLGPR-full,self-contained-game-ai,LineDuelEnv,1.0-local,line-duel,2,24.0,22.0,2.0,1.0,4.0,strict_delta_max,0.5,18.355665867180928,20.355665867180928,19.965799991041422,10.895300190895796,simulated_charged,PSO,2.716616973062268,1,4,2,7,7,-1.025,-1.025,0.0,0.5,-1,1,22.387063932758082,22.474649902336875,22.496546394731574,False,False,0.0,0.0,0.0,False,0.023491551549811855,0.0,True,9,0.0902892342647085,0.09390728130608793,0.09920790220784137,11000,21000,Windows-AMD64-py3.14.3,self-contained local validation harness; charged-time accounting is disclosed by timing_mode
line-duel_DLGPR-full_seed1,no-git,2026-05-27T22:16:29,1,DLGPR-full,self-contained-game-ai,LineDuelEnv,1.0-local,line-duel,3,24.0,22.0,2.0,1.0,4.0,strict_delta_max,0.5,18.028107656573596,20.028107656573596,22.687199991196394,8.532400010153651,simulated_charged,GA,1.2080324416958188,4,1,1,6,6,-1.025,-1.025,0.0,0.5,-1,1,22.332322701771336,22.463701656139527,22.496546394731574,False,False,0.0,0.0,0.8115700590224146,True,0.09424145051426473,0.0,True,7,0.2570766539690712,0.09175096498111715,0.10705485191458304,11000,21000,Windows-AMD64-py3.14.3,self-contained local validation harness; charged-time accounting is disclosed by timing_mode
line-duel_DLGPR-full_seed1,no-git,2026-05-27T22:16:29,1,DLGPR-full,self-contained-game-ai,LineDuelEnv,1.0-local,line-duel,4,24.0,22.0,2.0,1.0,4.0,strict_delta_max,0.5,19.647635886594653,21.647635886594653,23.22139998432249,10.063899797387421,simulated_charged,RL,3.8571073603475887,1,1,4,6,6,-1.025,-1.025,0.0,0.5,-1,1,22.32676429310419,22.462589974406097,22.496546394731574,False,False,0.0,0.0,0.0,False,0.010370465808448583,0.0,True,10,0.08158920356745153,0.08944010922595734,0.09557960326820238,11000,21000,Windows-AMD64-py3.14.3,self-contained local validation harness; charged-time accounting is disclosed by timing_mode
line-duel_DLGPR-full_seed1,no-git,2026-05-27T22:16:29,1,DLGPR-full,self-contained-game-ai,LineDuelEnv,1.0-local,line-duel,5,24.0,22.0,2.0,1.0,4.0,strict_delta_max,0.5,18.279152593175937,20.279152593175937,31.600399990566075,11.965999729000032,simulated_charged,GA,3.7705174293765493,6,1,1,8,8,-1.025,-1.025,0.0,0.5,-1,1,22.284318767697343,22.454100869324726,22.496546394731574,False,False,0.0,0.0,0.7924675842293357,True,0.019807925789093312,0.0,True,9,0.2588352714365868,0.08771182288043933,0.08558138823912417,11000,21000,Windows-AMD64-py3.14.3,self-contained local validation harness; charged-time accounting is disclosed by timing_mode
line-duel_DLGPR-full_seed2,no-git,2026-05-27T22:16:29,2,DLGPR-full,self-contained-game-ai,LineDuelEnv,1.0-local,line-duel,0,24.0,22.0,2.0,1.0,4.0,strict_delta_max,0.5,18.417665303638522,20.417665303638522,34.80410005431622,12.506000115536153,simulated_charged,GA,2.0594812437619225,7,1,1,9,9,-0.0050000000000000044,-0.0050000000000000044,0.5,0.5,-1,1,20.417665303638522,20.417665303638522,20.417665303638522,False,False,0.0,0.0,0.7921542587254701,True,0.050794785623719606,0.0,True,10,0.27807813661331576,0.16094745197170104,0.17757106185417953,12000,22000,Windows-AMD64-py3.14.3,self-contained local validation harness; charged-time accounting is disclosed by timing_mode
line-duel_DLGPR-full_seed2,no-git,2026-05-27T22:16:29,2,DLGPR-full,self-contained-game-ai,LineDuelEnv,1.0-local,line-duel,1,24.0,22.0,2.0,1.0,4.0,strict_delta_max,0.5,20.11500098508857,22.11500098508857,22.484200075268745,12.032099883072078,simulated_charged,RL,2.3134476747965853,1,4,4,9,9,0.025000000000000022,0.025000000000000022,0.5,0.5,-1,1,22.030134201016068,22.09802762827407,22.11500098508857,False,False,0.0,0.0,0.0,False,0.017290211676612533,0.0,True,13,0.08826920204386085,0.10844143591158714,0.11071940505904432,12000,22000,Windows-AMD64-py3.14.3,self-contained local validation harness; charged-time accounting is disclosed by timing_mode
line-duel_DLGPR-full_seed2,no-git,2026-05-27T22:16:29,2,DLGPR-full,self-contained-game-ai,LineDuelEnv,1.0-local,line-duel,2,24.0,22.0,2.0,1.0,4.0,strict_delta_max,0.5,20.169708631506644,22.169708631506644,29.262500000186265,10.621699853800237,simulated_charged,GA,2.8570728259996954,6,1,1,8,8,0.025000000000000022,0.025000000000000022,0.5,0.5,-1,1,22.164237866864838,22.168614478578284,22.169708631506644,False,False,0.0,0.0,0.8073280705158346,True,0.023693080572069317,0.0,True,9,0.26665473262033645,0.10460709857453891,0.10948639074225451,12000,22000,Windows-AMD64-py3.14.3,self-contained local validation harness; charged-time accounting is disclosed by timing_mode
line-duel_DLGPR-full_seed2,no-git,2026-05-27T22:16:29,2,DLGPR-full,self-contained-game-ai,LineDuelEnv,1.0-local,line-duel,3,24.0,22.0,2.0,1.0,4.0,strict_delta_max,0.5,20.62141896114041,22.62141896114041,28.290499933063984,9.746300289407372,simulated_charged,GA,3.058286705164339,6,1,1,8,8,0.025000000000000022,0.025000000000000022,0.5,0.5,-1,1,22.553662411695345,22.607867651251397,22.62141896114041,False,False,0.0,0.0,0.8190909123738722,True,0.02932934721004929,0.0,True,9,0.2615569062809273,0.10083763165325949,0.10845298743407429,12000,22000,Windows-AMD64-py3.14.3,self-contained local validation harness; charged-time accounting is disclosed by timing_mode
line-duel_DLGPR-full_seed2,no-git,2026-05-27T22:16:29,2,DLGPR-full,self-contained-game-ai,LineDuelEnv,1.0-local,line-duel,4,24.0,22.0,2.0,1.0,4.0,strict_delta_max,0.5,18.419838909385938,20.419838909385938,25.7576999720186,9.572999784722924,simulated_charged,GA,3.6774670387105566,5,1,1,7,7,0.025000000000000022,0.025000000000000022,0.5,0.5,-1,1,22.53107689521366,22.60335054795506,22.62141896114041,False,False,0.0,0.0,0.601406732500297,True,0.022130448760506197,0.0,True,8,0.21185571040658635,0.09708554283296487,0.10361779596548555,12000,22000,Windows-AMD64-py3.14.3,self-contained local validation harness; charged-time accounting is disclosed by timing_mode
line-duel_DLGPR-full_seed2,no-git,2026-05-27T22:16:29,2,DLGPR-full,self-contained-game-ai,LineDuelEnv,1.0-local,line-duel,5,24.0,22.0,2.0,1.0,4.0,strict_delta_max,0.5,19.24159810660393,21.24159810660393,18.590899999253452,9.640600299462676,simulated_charged,PSO,3.2964373236457085,1,3,3,7,7,0.025000000000000022,0.025000000000000022,0.5,0.5,-1,1,22.508491378731968,22.598833444658723,22.62141896114041,False,False,0.0,0.0,0.0,False,0.022297831918598507,0.0,True,10,0.05926883506265666,0.0854759682470051,0.08985853505381694,12000,22000,Windows-AMD64-py3.14.3,self-contained local validation harness; charged-time accounting is disclosed by timing_mode
line-duel_fixed-split_seed0,no-git,2026-05-27T22:16:29,0,fixed-split,self-contained-game-ai,LineDuelEnv,1.0-local,line-duel,0,24.0,22.0,2.0,1.0,4.0,strict_delta_max,0.5,19.29087066128036,21.29087066128036,23.797099944204092,10.263800038956106,simulated_charged,GA,3.924209213763715,3,2,2,7,7,-0.04500000000000004,-0.04500000000000004,0.5,0.5,-1,1,21.29087066128036,21.29087066128036,21.29087066128036,False,False,0.0,0.0,0.7403203080779661,True,0.01411084932269532,0.0,True,9,0.0,0.0,0.0,10000,20000,Windows-AMD64-py3.14.3,self-contained local validation harness; charged-time accounting is disclosed by timing_mode
line-duel_fixed-split_seed0,no-git,2026-05-27T22:16:29,0,fixed-split,self-contained-game-ai,LineDuelEnv,1.0-local,line-duel,1,24.0,22.0,2.0,1.0,4.0,strict_delta_max,0.5,19.08397534688138,21.08397534688138,25.37059993483126,11.650799890048802,simulated_charged,RL,2.8205132788370633,2,3,3,8,8,-0.04500000000000004,-0.04500000000000004,0.5,0.5,-1,1,21.28052589556041,21.28880170813637,21.29087066128036,False,False,0.0,0.0,0.0,False,0.0,0.0,True,11,0.0,0.0,0.0,10000,20000,Windows-AMD64-py3.14.3,self-contained local validation harness; charged-time accounting is disclosed by timing_mode
line-duel_fixed-split_seed0,no-git,2026-05-27T22:16:29,0,fixed-split,self-contained-game-ai,LineDuelEnv,1.0-local,line-duel,2,24.0,22.0,2.0,1.0,4.0,strict_delta_max,0.5,18.359525377921074,20.359525377921074,28.51630002260208,12.417600024491549,simulated_charged,RL,2.1289674854272405,3,3,3,9,9,-0.04500000000000004,-0.04500000000000004,0.5,0.5,-1,1,21.27018112984046,21.28673275499238,21.29087066128036,False,False,0.0,0.0,0.0,False,0.018788450398514588,0.0,True,12,0.0,0.0,0.0,10000,20000,Windows-AMD64-py3.14.3,self-contained local validation harness; charged-time accounting is disclosed by timing_mode
line-duel_fixed-split_seed0,no-git,2026-05-27T22:16:29,0,fixed-split,self-contained-game-ai,LineDuelEnv,1.0-local,line-duel,3,24.0,22.0,2.0,1.0,4.0,strict_delta_max,0.5,18.375164117518807,20.375164117518807,31.126599991694093,15.405100071802735,simulated_charged,RL,3.414043272029419,3,3,3,9,9,-0.04500000000000004,-0.04500000000000004,0.5,0.5,-1,1,21.259836364120513,21.28466380184839,21.29087066128036,False,False,0.0,0.0,0.0,False,0.0,0.0,True,12,0.0,0.0,0.0,10000,20000,Windows-AMD64-py3.14.3,self-contained local validation harness; charged-time accounting is disclosed by timing_mode
line-duel_fixed-split_seed0,no-git,2026-05-27T22:16:29,0,fixed-split,self-contained-game-ai,LineDuelEnv,1.0-local,line-duel,4,24.0,22.0,2.0,1.0,4.0,strict_delta_max,0.5,18.708589971035423,20.708589971035423,25.708000059239566,12.251100037246943,simulated_charged,PSO,3.0251749353308357,3,3,2,8,8,-0.04500000000000004,-0.04500000000000004,0.5,0.5,-1,1,21.249491598400564,21.2825948487044,21.29087066128036,False,False,0.0,0.0,0.0,False,0.026561770270137484,0.0,True,10,0.0,0.0,0.0,10000,20000,Windows-AMD64-py3.14.3,self-contained local validation harness; charged-time accounting is disclosed by timing_mode
line-duel_fixed-split_seed0,no-git,2026-05-27T22:16:29,0,fixed-split,self-contained-game-ai,LineDuelEnv,1.0-local,line-duel,5,24.0,22.0,2.0,1.0,4.0,strict_delta_max,0.5,19.660225162649834,21.660225162649834,27.3029999807477,11.262899963185191,simulated_charged,GA,2.3669659532124103,3,2,3,8,8,-0.04500000000000004,-0.04500000000000004,0.5,0.5,-1,1,21.567886537307466,21.64175743758136,21.660225162649834,False,False,0.0,0.0,0.16492998018967,True,0.022537953806133063,0.0,True,11,0.0,0.0,0.0,10000,20000,Windows-AMD64-py3.14.3,self-contained local validation harness; charged-time accounting is disclosed by timing_mode
line-duel_fixed-split_seed1,no-git,2026-05-27T22:16:30,1,fixed-split,self-contained-game-ai,LineDuelEnv,1.0-local,line-duel,0,24.0,22.0,2.0,1.0,4.0,strict_delta_max,0.5,19.951861389902025,21.951861389902025,28.675899957306683,13.0868999985978,simulated_charged,PSO,3.5970221928725903,3,3,2,8,8,-1.04,-1.04,0.0,0.5,-1,1,21.951861389902025,21.951861389902025,21.951861389902025,False,False,0.0,0.0,0.0,False,0.014690883826041203,0.0,True,10,0.0,0.0,0.0,11000,21000,Windows-AMD64-py3.14.3,self-contained local validation harness; charged-time accounting is disclosed by timing_mode
line-duel_fixed-split_seed1,no-git,2026-05-27T22:16:30,1,fixed-split,self-contained-game-ai,LineDuelEnv,1.0-local,line-duel,1,24.0,22.0,2.0,1.0,4.0,strict_delta_max,0.5,18.894812645013694,20.894812645013694,31.73739998601377,14.122600085102022,simulated_charged,GA,2.523233103732615,3,2,3,8,8,-1.04,-1.04,0.0,0.5,-1,1,21.899008952657606,21.94129090245314,21.951861389902025,False,False,0.0,0.0,0.7725442157947201,True,0.022152318185992094,0.0,True,11,0.0,0.0,0.0,11000,21000,Windows-AMD64-py3.14.3,self-contained local validation harness; charged-time accounting is disclosed by timing_mode
line-duel_fixed-split_seed1,no-git,2026-05-27T22:16:30,1,fixed-split,self-contained-game-ai,LineDuelEnv,1.0-local,line-duel,2,24.0,22.0,2.0,1.0,4.0,strict_delta_max,0.5,20.748425861420234,22.748425861420234,35.28040007222444,16.334400046616793,simulated_charged,PSO,3.055367210331745,3,4,3,10,10,-1.04,-1.04,0.0,0.5,-1,1,22.668769414268414,22.73249457198987,22.748425861420234,False,False,0.0,0.0,0.0,False,0.022715961939447776,0.0,True,13,0.0,0.0,0.0,11000,21000,Windows-AMD64-py3.14.3,self-contained local validation harness; charged-time accounting is disclosed by timing_mode
line-duel_fixed-split_seed1,no-git,2026-05-27T22:16:30,1,fixed-split,self-contained-game-ai,LineDuelEnv,1.0-local,line-duel,3,24.0,22.0,2.0,1.0,4.0,strict_delta_max,0.5,19.738884409848147,21.738884409848147,31.665900023654103,13.564899913035333,simulated_charged,GA,2.330211046457789,3,2,3,8,8,-1.04,-1.04,0.0,0.5,-1,1,22.6289411906925,22.724528927274687,22.748425861420234,False,False,0.0,0.0,0.7725442157947201,True,0.035499901790598885,0.0,True,11,0.0,0.0,0.0,11000,21000,Windows-AMD64-py3.14.3,self-contained local validation harness; charged-time accounting is disclosed by timing_mode
line-duel_fixed-split_seed1,no-git,2026-05-27T22:16:30,1,fixed-split,self-contained-game-ai,LineDuelEnv,1.0-local,line-duel,4,24.0,22.0,2.0,1.0,4.0,strict_delta_max,0.5,18.994976851555705,20.994976851555705,21.565399947576225,10.272200219333172,simulated_charged,PSO,2.9296764608691657,2,3,2,7,7,-1.04,-1.04,0.0,0.5,-1,1,22.58911296711659,22.716563282559505,22.748425861420234,False,False,0.0,0.0,0.0,False,0.019720294370238204,0.0,True,9,0.0,0.0,0.0,11000,21000,Windows-AMD64-py3.14.3,self-contained local validation harness; charged-time accounting is disclosed by timing_mode
line-duel_fixed-split_seed1,no-git,2026-05-27T22:16:30,1,fixed-split,self-contained-game-ai,LineDuelEnv,1.0-local,line-duel,5,24.0,22.0,2.0,1.0,4.0,strict_delta_max,0.5,19.54268131356721,21.54268131356721,28.776599909178913,12.668300070799887,simulated_charged,GA,1.9107671910970105,3,2,3,8,8,-1.03,-1.03,0.0,0.5,-1,1,22.54928474354068,22.708597637844324,22.748425861420234,False,False,0.0,0.0,0.7658341937423979,True,0.06127130177082597,0.005233499950487848,True,11,0.0,0.0,0.0,11000,21000,Windows-AMD64-py3.14.3,self-contained local validation harness; charged-time accounting is disclosed by timing_mode
line-duel_fixed-split_seed2,no-git,2026-05-27T22:16:30,2,fixed-split,self-contained-game-ai,LineDuelEnv,1.0-local,line-duel,0,24.0,22.0,2.0,1.0,4.0,strict_delta_max,0.5,19.284685642507746,21.284685642507746,34.98770005535334,16.680800006724894,simulated_charged,PSO,2.004153722654829,3,3,2,8,8,-0.0050000000000000044,-0.0050000000000000044,0.5,0.5,-1,1,21.284685642507746,21.284685642507746,21.284685642507746,False,False,0.0,0.0,0.0,False,0.030642406765961982,0.0,True,10,0.0,0.0,0.0,12000,22000,Windows-AMD64-py3.14.3,self-contained local validation harness; charged-time accounting is disclosed by timing_mode
line-duel_fixed-split_seed2,no-git,2026-05-27T22:16:30,2,fixed-split,self-contained-game-ai,LineDuelEnv,1.0-local,line-duel,1,24.0,22.0,2.0,1.0,4.0,strict_delta_max,0.5,18.130912660012477,20.130912660012477,26.18139993865043,10.951499920338392,simulated_charged,GA,2.951792649727747,3,2,3,8,8,0.025000000000000022,0.025000000000000022,0.5,0.5,-1,1,21.226996993382983,21.273147912682795,21.284685642507746,False,False,0.0,0.0,0.6986228367753551,True,0.036700909050571884,0.0,True,11,0.0,0.0,0.0,12000,22000,Windows-AMD64-py3.14.3,self-contained local validation harness; charged-time accounting is disclosed by timing_mode
line-duel_fixed-split_seed2,no-git,2026-05-27T22:16:30,2,fixed-split,self-contained-game-ai,LineDuelEnv,1.0-local,line-duel,2,24.0,22.0,2.0,1.0,4.0,strict_delta_max,0.5,19.863266123361786,21.863266123361786,22.73209998384118,11.521899956278503,simulated_charged,RL,2.5106882039155964,2,3,3,8,8,0.025000000000000022,0.025000000000000022,0.5,0.5,-1,1,21.805408075276382,21.851694513744704,21.863266123361786,False,False,0.0,0.0,0.0,False,0.0,0.0,True,11,0.0,0.0,0.0,12000,22000,Windows-AMD64-py3.14.3,self-contained local validation harness; charged-time accounting is disclosed by timing_mode
line-duel_fixed-split_seed2,no-git,2026-05-27T22:16:30,2,fixed-split,self-contained-game-ai,LineDuelEnv,1.0-local,line-duel,3,24.0,22.0,2.0,1.0,4.0,strict_delta_max,0.5,20.65946702619084,22.65946702619084,30.204900074750185,13.308200170286,simulated_charged,GA,2.935977182784148,4,3,3,10,10,0.025000000000000022,0.025000000000000022,0.5,0.5,-1,1,22.54003689076648,22.63558099910597,22.65946702619084,False,False,0.0,0.0,0.5829731609330029,True,0.031816515606654695,0.0,True,13,0.0,0.0,0.0,12000,22000,Windows-AMD64-py3.14.3,self-contained local validation harness; charged-time accounting is disclosed by timing_mode
line-duel_fixed-split_seed2,no-git,2026-05-27T22:16:30,2,fixed-split,self-contained-game-ai,LineDuelEnv,1.0-local,line-duel,4,24.0,22.0,2.0,1.0,4.0,strict_delta_max,0.5,20.802506813270522,22.802506813270522,22.32749992981553,11.282100225798786,simulated_charged,RL,3.7105839696207106,2,3,3,8,8,0.025000000000000022,0.025000000000000022,0.5,0.5,-1,1,22.773898855854586,22.796785221787335,22.802506813270522,False,False,0.0,0.0,0.0,False,0.0,0.0,True,11,0.0,0.0,0.0,12000,22000,Windows-AMD64-py3.14.3,self-contained local validation harness; charged-time accounting is disclosed by timing_mode
line-duel_fixed-split_seed2,no-git,2026-05-27T22:16:30,2,fixed-split,self-contained-game-ai,LineDuelEnv,1.0-local,line-duel,5,24.0,22.0,2.0,1.0,4.0,strict_delta_max,0.5,19.501498098155437,21.501498098155437,22.320999996736646,9.757400024682283,simulated_charged,PSO,2.881380434483164,3,3,2,8,8,0.025000000000000022,0.025000000000000022,0.5,0.5,-1,1,22.7667468665006,22.795354823916536,22.802506813270522,False,False,0.0,0.0,0.0,False,0.044740653118205284,0.0,True,10,0.0,0.0,0.0,12000,22000,Windows-AMD64-py3.14.3,self-contained local validation harness; charged-time accounting is disclosed by timing_mode
line-duel_round-robin_seed0,no-git,2026-05-27T22:16:30,0,round-robin,self-contained-game-ai,LineDuelEnv,1.0-local,line-duel,0,24.0,22.0,2.0,1.0,4.0,strict_delta_max,0.5,19.29087066128036,21.29087066128036,24.79910000693053,11.223399895243347,simulated_charged,GA,3.924209213763715,3,2,2,7,7,-0.04500000000000004,-0.04500000000000004,0.5,0.5,-1,1,21.29087066128036,21.29087066128036,21.29087066128036,False,False,0.0,0.0,0.7403203080779661,True,0.01411084932269532,0.0,True,9,0.0,0.0,0.0,10000,20000,Windows-AMD64-py3.14.3,self-contained local validation harness; charged-time accounting is disclosed by timing_mode
line-duel_round-robin_seed0,no-git,2026-05-27T22:16:30,0,round-robin,self-contained-game-ai,LineDuelEnv,1.0-local,line-duel,1,24.0,22.0,2.0,1.0,4.0,strict_delta_max,0.5,19.08397534688138,21.08397534688138,17.610799986869097,8.003400056622922,simulated_charged,RL,2.8205132788370633,2,3,3,8,8,-0.04500000000000004,-0.04500000000000004,0.5,0.5,-1,1,21.28052589556041,21.28880170813637,21.29087066128036,False,False,0.0,0.0,0.0,False,0.0,0.0,True,11,0.0,0.0,0.0,10000,20000,Windows-AMD64-py3.14.3,self-contained local validation harness; charged-time accounting is disclosed by timing_mode
line-duel_round-robin_seed0,no-git,2026-05-27T22:16:30,0,round-robin,self-contained-game-ai,LineDuelEnv,1.0-local,line-duel,2,24.0,22.0,2.0,1.0,4.0,strict_delta_max,0.5,18.359525377921074,20.359525377921074,18.107200041413307,8.35739984177053,simulated_charged,RL,2.1289674854272405,3,3,3,9,9,-0.04500000000000004,-0.04500000000000004,0.5,0.5,-1,1,21.27018112984046,21.28673275499238,21.29087066128036,False,False,0.0,0.0,0.0,False,0.018788450398514588,0.0,True,12,0.0,0.0,0.0,10000,20000,Windows-AMD64-py3.14.3,self-contained local validation harness; charged-time accounting is disclosed by timing_mode
line-duel_round-robin_seed0,no-git,2026-05-27T22:16:30,0,round-robin,self-contained-game-ai,LineDuelEnv,1.0-local,line-duel,3,24.0,22.0,2.0,1.0,4.0,strict_delta_max,0.5,18.375164117518807,20.375164117518807,28.11780001502484,12.872199760749936,simulated_charged,RL,3.414043272029419,3,3,3,9,9,-0.04500000000000004,-0.04500000000000004,0.5,0.5,-1,1,21.259836364120513,21.28466380184839,21.29087066128036,False,False,0.0,0.0,0.0,False,0.0,0.0,True,12,0.0,0.0,0.0,10000,20000,Windows-AMD64-py3.14.3,self-contained local validation harness; charged-time accounting is disclosed by timing_mode
line-duel_round-robin_seed0,no-git,2026-05-27T22:16:30,0,round-robin,self-contained-game-ai,LineDuelEnv,1.0-local,line-duel,4,24.0,22.0,2.0,1.0,4.0,strict_delta_max,0.5,18.708589971035423,20.708589971035423,25.35180002450943,11.713300133123994,simulated_charged,PSO,3.0251749353308357,3,3,2,8,8,-0.04500000000000004,-0.04500000000000004,0.5,0.5,-1,1,21.249491598400564,21.2825948487044,21.29087066128036,False,False,0.0,0.0,0.0,False,0.026561770270137484,0.0,True,10,0.0,0.0,0.0,10000,20000,Windows-AMD64-py3.14.3,self-contained local validation harness; charged-time accounting is disclosed by timing_mode
line-duel_round-robin_seed0,no-git,2026-05-27T22:16:30,0,round-robin,self-contained-game-ai,LineDuelEnv,1.0-local,line-duel,5,24.0,22.0,2.0,1.0,4.0,strict_delta_max,0.5,19.660225162649834,21.660225162649834,27.064200025051832,10.905499919317663,simulated_charged,GA,2.3669659532124103,3,2,3,8,8,-0.04500000000000004,-0.04500000000000004,0.5,0.5,-1,1,21.567886537307466,21.64175743758136,21.660225162649834,False,False,0.0,0.0,0.16492998018967,True,0.022537953806133063,0.0,True,11,0.0,0.0,0.0,10000,20000,Windows-AMD64-py3.14.3,self-contained local validation harness; charged-time accounting is disclosed by timing_mode
line-duel_round-robin_seed1,no-git,2026-05-27T22:16:31,1,round-robin,self-contained-game-ai,LineDuelEnv,1.0-local,line-duel,0,24.0,22.0,2.0,1.0,4.0,strict_delta_max,0.5,19.951861389902025,21.951861389902025,29.229699983261526,13.876100070774555,simulated_charged,PSO,3.5970221928725903,3,3,2,8,8,-1.04,-1.04,0.0,0.5,-1,1,21.951861389902025,21.951861389902025,21.951861389902025,False,False,0.0,0.0,0.0,False,0.014690883826041203,0.0,True,10,0.0,0.0,0.0,11000,21000,Windows-AMD64-py3.14.3,self-contained local validation harness; charged-time accounting is disclosed by timing_mode
line-duel_round-robin_seed1,no-git,2026-05-27T22:16:31,1,round-robin,self-contained-game-ai,LineDuelEnv,1.0-local,line-duel,1,24.0,22.0,2.0,1.0,4.0,strict_delta_max,0.5,18.894812645013694,20.894812645013694,30.921299941837788,12.892799801193178,simulated_charged,GA,2.523233103732615,3,2,3,8,8,-1.04,-1.04,0.0,0.5,-1,1,21.899008952657606,21.94129090245314,21.951861389902025,False,False,0.0,0.0,0.7725442157947201,True,0.022152318185992094,0.0,True,11,0.0,0.0,0.0,11000,21000,Windows-AMD64-py3.14.3,self-contained local validation harness; charged-time accounting is disclosed by timing_mode
line-duel_round-robin_seed1,no-git,2026-05-27T22:16:31,1,round-robin,self-contained-game-ai,LineDuelEnv,1.0-local,line-duel,2,24.0,22.0,2.0,1.0,4.0,strict_delta_max,0.5,20.748425861420234,22.748425861420234,33.43940002378076,16.418600222095847,simulated_charged,PSO,3.055367210331745,3,4,3,10,10,-1.04,-1.04,0.0,0.5,-1,1,22.668769414268414,22.73249457198987,22.748425861420234,False,False,0.0,0.0,0.0,False,0.022715961939447776,0.0,True,13,0.0,0.0,0.0,11000,21000,Windows-AMD64-py3.14.3,self-contained local validation harness; charged-time accounting is disclosed by timing_mode
line-duel_round-robin_seed1,no-git,2026-05-27T22:16:31,1,round-robin,self-contained-game-ai,LineDuelEnv,1.0-local,line-duel,3,24.0,22.0,2.0,1.0,4.0,strict_delta_max,0.5,19.738884409848147,21.738884409848147,30.960000003688037,13.335100142285228,simulated_charged,GA,2.330211046457789,3,2,3,8,8,-1.04,-1.04,0.0,0.5,-1,1,22.6289411906925,22.724528927274687,22.748425861420234,False,False,0.0,0.0,0.7725442157947201,True,0.035499901790598885,0.0,True,11,0.0,0.0,0.0,11000,21000,Windows-AMD64-py3.14.3,self-contained local validation harness; charged-time accounting is disclosed by timing_mode
line-duel_round-robin_seed1,no-git,2026-05-27T22:16:31,1,round-robin,self-contained-game-ai,LineDuelEnv,1.0-local,line-duel,4,24.0,22.0,2.0,1.0,4.0,strict_delta_max,0.5,18.994976851555705,20.994976851555705,21.716900053434074,10.284299962222576,simulated_charged,PSO,2.9296764608691657,2,3,2,7,7,-1.04,-1.04,0.0,0.5,-1,1,22.58911296711659,22.716563282559505,22.748425861420234,False,False,0.0,0.0,0.0,False,0.019720294370238204,0.0,True,9,0.0,0.0,0.0,11000,21000,Windows-AMD64-py3.14.3,self-contained local validation harness; charged-time accounting is disclosed by timing_mode
line-duel_round-robin_seed1,no-git,2026-05-27T22:16:31,1,round-robin,self-contained-game-ai,LineDuelEnv,1.0-local,line-duel,5,24.0,22.0,2.0,1.0,4.0,strict_delta_max,0.5,19.54268131356721,21.54268131356721,28.91799993813038,12.265200144611299,simulated_charged,GA,1.9107671910970105,3,2,3,8,8,-1.03,-1.03,0.0,0.5,-1,1,22.54928474354068,22.708597637844324,22.748425861420234,False,False,0.0,0.0,0.7658341937423979,True,0.06127130177082597,0.005233499950487848,True,11,0.0,0.0,0.0,11000,21000,Windows-AMD64-py3.14.3,self-contained local validation harness; charged-time accounting is disclosed by timing_mode
line-duel_round-robin_seed2,no-git,2026-05-27T22:16:31,2,round-robin,self-contained-game-ai,LineDuelEnv,1.0-local,line-duel,0,24.0,22.0,2.0,1.0,4.0,strict_delta_max,0.5,19.284685642507746,21.284685642507746,26.053200010210276,13.01109988708049,simulated_charged,PSO,2.004153722654829,3,3,2,8,8,-0.0050000000000000044,-0.0050000000000000044,0.5,0.5,-1,1,21.284685642507746,21.284685642507746,21.284685642507746,False,False,0.0,0.0,0.0,False,0.030642406765961982,0.0,True,10,0.0,0.0,0.0,12000,22000,Windows-AMD64-py3.14.3,self-contained local validation harness; charged-time accounting is disclosed by timing_mode
line-duel_round-robin_seed2,no-git,2026-05-27T22:16:31,2,round-robin,self-contained-game-ai,LineDuelEnv,1.0-local,line-duel,1,24.0,22.0,2.0,1.0,4.0,strict_delta_max,0.5,18.130912660012477,20.130912660012477,25.799599941819906,10.938599822111428,simulated_charged,GA,2.951792649727747,3,2,3,8,8,0.025000000000000022,0.025000000000000022,0.5,0.5,-1,1,21.226996993382983,21.273147912682795,21.284685642507746,False,False,0.0,0.0,0.6986228367753551,True,0.036700909050571884,0.0,True,11,0.0,0.0,0.0,12000,22000,Windows-AMD64-py3.14.3,self-contained local validation harness; charged-time accounting is disclosed by timing_mode
line-duel_round-robin_seed2,no-git,2026-05-27T22:16:31,2,round-robin,self-contained-game-ai,LineDuelEnv,1.0-local,line-duel,2,24.0,22.0,2.0,1.0,4.0,strict_delta_max,0.5,19.863266123361786,21.863266123361786,22.8845999808982,10.953200049698353,simulated_charged,RL,2.5106882039155964,2,3,3,8,8,0.025000000000000022,0.025000000000000022,0.5,0.5,-1,1,21.805408075276382,21.851694513744704,21.863266123361786,False,False,0.0,0.0,0.0,False,0.0,0.0,True,11,0.0,0.0,0.0,12000,22000,Windows-AMD64-py3.14.3,self-contained local validation harness; charged-time accounting is disclosed by timing_mode
line-duel_round-robin_seed2,no-git,2026-05-27T22:16:31,2,round-robin,self-contained-game-ai,LineDuelEnv,1.0-local,line-duel,3,24.0,22.0,2.0,1.0,4.0,strict_delta_max,0.5,20.65946702619084,22.65946702619084,30.68830003030598,13.581800158135593,simulated_charged,GA,2.935977182784148,4,3,3,10,10,0.025000000000000022,0.025000000000000022,0.5,0.5,-1,1,22.54003689076648,22.63558099910597,22.65946702619084,False,False,0.0,0.0,0.5829731609330029,True,0.031816515606654695,0.0,True,13,0.0,0.0,0.0,12000,22000,Windows-AMD64-py3.14.3,self-contained local validation harness; charged-time accounting is disclosed by timing_mode
line-duel_round-robin_seed2,no-git,2026-05-27T22:16:31,2,round-robin,self-contained-game-ai,LineDuelEnv,1.0-local,line-duel,4,24.0,22.0,2.0,1.0,4.0,strict_delta_max,0.5,20.802506813270522,22.802506813270522,22.063400014303625,10.657700127921999,simulated_charged,RL,3.7105839696207106,2,3,3,8,8,0.025000000000000022,0.025000000000000022,0.5,0.5,-1,1,22.773898855854586,22.796785221787335,22.802506813270522,False,False,0.0,0.0,0.0,False,0.0,0.0,True,11,0.0,0.0,0.0,12000,22000,Windows-AMD64-py3.14.3,self-contained local validation harness; charged-time accounting is disclosed by timing_mode
line-duel_round-robin_seed2,no-git,2026-05-27T22:16:31,2,round-robin,self-contained-game-ai,LineDuelEnv,1.0-local,line-duel,5,24.0,22.0,2.0,1.0,4.0,strict_delta_max,0.5,19.501498098155437,21.501498098155437,21.700000041164458,9.304200299084187,simulated_charged,PSO,2.881380434483164,3,3,2,8,8,0.025000000000000022,0.025000000000000022,0.5,0.5,-1,1,22.7667468665006,22.795354823916536,22.802506813270522,False,False,0.0,0.0,0.0,False,0.044740653118205284,0.0,True,10,0.0,0.0,0.0,12000,22000,Windows-AMD64-py3.14.3,self-contained local validation harness; charged-time accounting is disclosed by timing_mode
line-duel_greedy-improvement_seed0,no-git,2026-05-27T22:16:31,0,greedy-improvement,self-contained-game-ai,LineDuelEnv,1.0-local,line-duel,0,24.0,22.0,2.0,1.0,4.0,strict_delta_max,0.5,18.688094490453704,20.688094490453704,29.994700103998184,10.246300022117794,simulated_charged,GA,3.5495492749357096,7,0,0,7,7,0.015000000000000013,0.015000000000000013,0.5,0.5,-1,1,20.688094490453704,20.688094490453704,20.688094490453704,False,False,0.0,0.0,0.6948509863091249,True,0.02783827176302636,0.29158631697506054,True,7,0.0,0.0,0.0,10000,20000,Windows-AMD64-py3.14.3,self-contained local validation harness; charged-time accounting is disclosed by timing_mode
line-duel_greedy-improvement_seed0,no-git,2026-05-27T22:16:31,0,greedy-improvement,self-contained-game-ai,LineDuelEnv,1.0-local,line-duel,1,24.0,22.0,2.0,1.0,4.0,strict_delta_max,0.5,18.89672080545019,20.89672080545019,34.16909999214113,10.769899701699615,simulated_charged,GA,1.422297174935895,8,0,0,8,8,0.015000000000000013,0.015000000000000013,0.5,0.5,-1,1,20.886289489700367,20.894634542300224,20.89672080545019,False,False,0.0,0.0,0.6284792604807337,True,0.06965279853456886,0.0,True,8,0.0,0.0,0.0,10000,20000,Windows-AMD64-py3.14.3,self-contained local validation harness; charged-time accounting is disclosed by timing_mode
line-duel_greedy-improvement_seed0,no-git,2026-05-27T22:16:31,0,greedy-improvement,self-contained-game-ai,LineDuelEnv,1.0-local,line-duel,2,24.0,22.0,2.0,1.0,4.0,strict_delta_max,0.5,19.220385953959532,21.220385953959532,32.4450999032706,9.825300076045096,simulated_charged,GA,1.3184984232654127,8,0,0,8,8,0.015000000000000013,0.015000000000000013,0.5,0.5,-1,1,21.188019439108597,21.213912650989347,21.220385953959532,False,False,0.0,0.0,0.5229060167285209,True,0.07555851910190726,0.0,True,8,0.0,0.0,0.0,10000,20000,Windows-AMD64-py3.14.3,self-contained local validation harness; charged-time accounting is disclosed by timing_mode
line-duel_greedy-improvement_seed0,no-git,2026-05-27T22:16:31,0,greedy-improvement,self-contained-game-ai,LineDuelEnv,1.0-local,line-duel,3,24.0,22.0,2.0,1.0,4.0,strict_delta_max,0.5,18.634563530198427,20.634563530198427,23.98589998483658,6.993200047872961,simulated_charged,GA,1.79730069436155,6,0,0,6,6,0.015000000000000013,0.015000000000000013,0.5,0.5,-1,1,21.17183618168313,21.21067599950425,21.220385953959532,False,False,0.0,0.0,0.46888634094355536,True,0.04166330858284027,0.0,True,6,0.0,0.0,0.0,10000,20000,Windows-AMD64-py3.14.3,self-contained local validation harness; charged-time accounting is disclosed by timing_mode
line-duel_greedy-improvement_seed0,no-git,2026-05-27T22:16:31,0,greedy-improvement,self-contained-game-ai,LineDuelEnv,1.0-local,line-duel,4,24.0,22.0,2.0,1.0,4.0,strict_delta_max,0.5,19.37783798780543,21.37783798780543,27.773600071668625,8.5400000680238,simulated_charged,GA,2.1905412747400526,7,0,0,7,7,0.015000000000000013,0.015000000000000013,0.5,0.5,-1,1,21.34634758103625,21.371539906451595,21.37783798780543,False,False,0.0,0.0,0.46888634094355536,True,0.03795218457032581,0.0,True,7,0.0,0.0,0.0,10000,20000,Windows-AMD64-py3.14.3,self-contained local validation harness; charged-time accounting is disclosed by timing_mode
line-duel_greedy-improvement_seed0,no-git,2026-05-27T22:16:31,0,greedy-improvement,self-contained-game-ai,LineDuelEnv,1.0-local,line-duel,5,24.0,22.0,2.0,1.0,4.0,strict_delta_max,0.5,18.19641754708222,20.19641754708222,31.934600090608,9.741699905134737,simulated_charged,GA,3.082664504163634,8,0,0,8,8,0.015000000000000013,0.015000000000000013,0.5,0.5,-1,1,21.338474979343957,21.369965386113137,21.37783798780543,False,False,0.0,0.0,0.46888634094355536,True,0.023142607752203188,0.0,True,8,0.0,0.0,0.0,10000,20000,Windows-AMD64-py3.14.3,self-contained local validation harness; charged-time accounting is disclosed by timing_mode
line-duel_greedy-improvement_seed1,no-git,2026-05-27T22:16:31,1,greedy-improvement,self-contained-game-ai,LineDuelEnv,1.0-local,line-duel,0,24.0,22.0,2.0,1.0,4.0,strict_delta_max,0.5,19.469407738239443,21.469407738239443,30.84290004335344,10.793999885208905,simulated_charged,GA,3.6013386276995325,7,0,0,7,7,-1.04,-1.04,0.0,0.5,-1,1,21.469407738239443,21.469407738239443,21.469407738239443,False,False,0.0,0.0,0.7947423919546869,True,0.023202563388732753,0.0,True,7,0.0,0.0,0.0,11000,21000,Windows-AMD64-py3.14.3,self-contained local validation harness; charged-time accounting is disclosed by timing_mode
line-duel_greedy-improvement_seed1,no-git,2026-05-27T22:16:31,1,greedy-improvement,self-contained-game-ai,LineDuelEnv,1.0-local,line-duel,1,24.0,22.0,2.0,1.0,4.0,strict_delta_max,0.5,18.356954243816816,20.356954243816816,26.767299976199865,9.47820011060685,simulated_charged,GA,2.0155533696076047,6,0,0,6,6,-1.04,-1.04,0.0,0.5,-1,1,21.41378506351831,21.458283203295217,21.469407738239443,False,False,0.0,0.0,0.7947423919546869,True,0.04207179710368125,0.0,True,6,0.0,0.0,0.0,11000,21000,Windows-AMD64-py3.14.3,self-contained local validation harness; charged-time accounting is disclosed by timing_mode
line-duel_greedy-improvement_seed1,no-git,2026-05-27T22:16:31,1,greedy-improvement,self-contained-game-ai,LineDuelEnv,1.0-local,line-duel,2,24.0,22.0,2.0,1.0,4.0,strict_delta_max,0.5,20.41064354256115,22.41064354256115,26.05410001706332,9.024300146847963,simulated_charged,GA,3.613821226837455,6,0,0,6,6,-1.04,-1.04,0.0,0.5,-1,1,22.31651996212898,22.391818826474715,22.41064354256115,False,False,0.0,0.0,0.7947423919546869,True,0.02299902816169593,0.0,True,6,0.0,0.0,0.0,11000,21000,Windows-AMD64-py3.14.3,self-contained local validation harness; charged-time accounting is disclosed by timing_mode
line-duel_greedy-improvement_seed1,no-git,2026-05-27T22:16:31,1,greedy-improvement,self-contained-game-ai,LineDuelEnv,1.0-local,line-duel,3,24.0,22.0,2.0,1.0,4.0,strict_delta_max,0.5,21.51466223392528,23.51466223392528,35.125400056131184,13.116100220941007,simulated_charged,GA,3.6942125629593603,8,0,0,8,8,-1.04,-1.04,0.0,0.5,-1,1,23.34905943022066,23.481541673184356,23.51466223392528,False,False,0.0,0.0,0.7947423919546869,True,0.022273783336206124,0.0,True,8,0.0,0.0,0.0,11000,21000,Windows-AMD64-py3.14.3,self-contained local validation harness; charged-time accounting is disclosed by timing_mode
line-duel_greedy-improvement_seed1,no-git,2026-05-27T22:16:31,1,greedy-improvement,self-contained-game-ai,LineDuelEnv,1.0-local,line-duel,4,24.0,22.0,2.0,1.0,4.0,strict_delta_max,0.5,21.404392451831306,23.404392451831306,38.470500032417476,13.317599892616272,simulated_charged,GA,3.433424312258796,9,0,0,9,9,-1.0150000000000001,-1.0150000000000001,0.0,0.5,-1,1,23.492608277506484,23.51025144264152,23.51466223392528,False,False,0.0,0.0,0.794443307638502,True,0.014384710226831906,0.0,True,9,0.0,0.0,0.0,11000,21000,Windows-AMD64-py3.14.3,self-contained local validation harness; charged-time accounting is disclosed by timing_mode
line-duel_greedy-improvement_seed1,no-git,2026-05-27T22:16:31,1,greedy-improvement,self-contained-game-ai,LineDuelEnv,1.0-local,line-duel,5,24.0,22.0,2.0,1.0,4.0,strict_delta_max,0.5,18.959520525810053,20.959520525810053,41.52299999259412,15.513600083068013,simulated_charged,GA,2.236520075858849,9,0,0,9,9,-1.0150000000000001,-1.0150000000000001,0.0,0.5,-1,1,23.487094788401784,23.509148744820582,23.51466223392528,False,False,0.0,0.0,0.8039066354672313,True,0.030479871943043982,0.0,True,9,0.0,0.0,0.0,11000,21000,Windows-AMD64-py3.14.3,self-contained local validation harness; charged-time accounting is disclosed by timing_mode
line-duel_greedy-improvement_seed2,no-git,2026-05-27T22:16:32,2,greedy-improvement,self-contained-game-ai,LineDuelEnv,1.0-local,line-duel,0,24.0,22.0,2.0,1.0,4.0,strict_delta_max,0.5,19.063878319084694,21.063878319084694,34.848300041630864,12.842199648730457,simulated_charged,GA,1.629106602101527,8,0,0,8,8,-0.0050000000000000044,-0.0050000000000000044,0.5,0.5,-1,1,21.063878319084694,21.063878319084694,21.063878319084694,False,False,0.0,0.0,0.7154568587181707,True,0.09098800687969989,0.0,True,8,0.0,0.0,0.0,12000,22000,Windows-AMD64-py3.14.3,self-contained local validation harness; charged-time accounting is disclosed by timing_mode
line-duel_greedy-improvement_seed2,no-git,2026-05-27T22:16:32,2,greedy-improvement,self-contained-game-ai,LineDuelEnv,1.0-local,line-duel,1,24.0,22.0,2.0,1.0,4.0,strict_delta_max,0.5,18.651552803037987,20.651552803037987,30.71369999088347,11.250900104641914,simulated_charged,GA,2.4785371143929305,7,0,0,7,7,-0.0050000000000000044,-0.0050000000000000044,0.5,0.5,-1,1,21.043262043282358,21.059755063924225,21.063878319084694,False,False,0.0,0.0,0.45184107539693913,True,0.03746041168498666,0.0,True,7,0.0,0.0,0.0,12000,22000,Windows-AMD64-py3.14.3,self-contained local validation harness; charged-time accounting is disclosed by timing_mode
line-duel_greedy-improvement_seed2,no-git,2026-05-27T22:16:32,2,greedy-improvement,self-contained-game-ai,LineDuelEnv,1.0-local,line-duel,2,24.0,22.0,2.0,1.0,4.0,strict_delta_max,0.5,18.715727490599694,20.715727490599694,34.21730000991374,11.544700362719595,simulated_charged,GA,2.784390448438287,8,0,0,8,8,-0.0050000000000000044,-0.0050000000000000044,0.5,0.5,-1,1,21.029063236236194,21.056915302514994,21.063878319084694,False,False,0.0,0.0,0.43078802384298653,True,0.03386452282887225,0.0,True,8,0.0,0.0,0.0,12000,22000,Windows-AMD64-py3.14.3,self-contained local validation harness; charged-time accounting is disclosed by timing_mode
line-duel_greedy-improvement_seed2,no-git,2026-05-27T22:16:32,2,greedy-improvement,self-contained-game-ai,LineDuelEnv,1.0-local,line-duel,3,24.0,22.0,2.0,1.0,4.0,strict_delta_max,0.5,18.674974220649403,20.674974220649403,34.170800005085766,12.256700196303427,simulated_charged,GA,2.3133281697665424,8,0,0,8,8,-0.0050000000000000044,-0.0050000000000000044,0.5,0.5,-1,1,21.011655694811942,21.053433794230145,21.063878319084694,False,False,0.0,0.0,0.43078802384298653,True,0.029015695456887612,0.0,True,8,0.0,0.0,0.0,12000,22000,Windows-AMD64-py3.14.3,self-contained local validation harness; charged-time accounting is disclosed by timing_mode
line-duel_greedy-improvement_seed2,no-git,2026-05-27T22:16:32,2,greedy-improvement,self-contained-game-ai,LineDuelEnv,1.0-local,line-duel,4,24.0,22.0,2.0,1.0,4.0,strict_delta_max,0.5,19.587958536010355,21.587958536010355,34.23949994612485,12.121599982492626,simulated_charged,GA,3.497661668737015,8,0,0,8,8,-0.0050000000000000044,-0.0050000000000000044,0.5,0.5,-1,1,21.483142492625223,21.566995327333327,21.587958536010355,False,False,0.0,0.0,0.43078802384298653,True,0.017817726797654827,0.0,True,8,0.0,0.0,0.0,12000,22000,Windows-AMD64-py3.14.3,self-contained local validation harness; charged-time accounting is disclosed by timing_mode
line-duel_greedy-improvement_seed2,no-git,2026-05-27T22:16:32,2,greedy-improvement,self-contained-game-ai,LineDuelEnv,1.0-local,line-duel,5,24.0,22.0,2.0,1.0,4.0,strict_delta_max,0.5,19.876535004734492,21.876535004734492,30.130199971608818,10.27309987694025,simulated_charged,GA,3.9642979177881172,7,0,0,7,7,-0.0050000000000000044,-0.0050000000000000044,0.5,0.5,-1,1,21.80439088755346,21.862106181298287,21.876535004734492,False,False,0.0,0.0,0.43078802384298653,True,0.01726208081987895,0.0,True,7,0.0,0.0,0.0,12000,22000,Windows-AMD64-py3.14.3,self-contained local validation harness; charged-time accounting is disclosed by timing_mode
grid-treasure_DLGPR-full_seed0,no-git,2026-05-27T22:16:32,0,DLGPR-full,self-contained-game-ai,GridTreasureEnv,1.0-local,grid-treasure,0,24.0,22.0,2.0,1.0,4.0,strict_delta_max,0.5,18.063029487273077,20.063029487273077,34.080500015988946,12.912399950437248,simulated_charged,GA,2.9812950247505547,5,1,1,7,7,0.025000000000000022,0.025000000000000022,0.5,0.5,-1,1,20.063029487273077,20.063029487273077,20.063029487273077,False,False,0.0,0.0,0.7563806949435334,True,0.04425692675023617,0.0,True,8,0.27633983191784,0.15295004852532132,0.1655463631067947,10000,20000,Windows-AMD64-py3.14.3,self-contained local validation harness; charged-time accounting is disclosed by timing_mode
grid-treasure_DLGPR-full_seed0,no-git,2026-05-27T22:16:32,0,DLGPR-full,self-contained-game-ai,GridTreasureEnv,1.0-local,grid-treasure,1,24.0,22.0,2.0,1.0,4.0,strict_delta_max,0.5,18.764992687085762,20.764992687085762,20.74970002286136,10.767599917016923,simulated_charged,RL,3.3909309545799973,1,2,3,6,6,0.030000000000000027,0.030000000000000027,0.5,0.5,-1,1,20.729894527095126,20.757973055087636,20.764992687085762,False,False,0.0,0.0,0.0,False,0.023592341180508913,0.0,True,9,0.09799413358096873,0.12183881762018962,0.1163198236071419,10000,20000,Windows-AMD64-py3.14.3,self-contained local validation harness; charged-time accounting is disclosed by timing_mode
grid-treasure_DLGPR-full_seed0,no-git,2026-05-27T22:16:32,0,DLGPR-full,self-contained-game-ai,GridTreasureEnv,1.0-local,grid-treasure,2,24.0,22.0,2.0,1.0,4.0,strict_delta_max,0.5,20.91020720173072,22.91020720173072,33.95880002062768,15.556499944068491,simulated_charged,RL,3.6243062488371307,1,1,5,7,7,0.030000000000000027,0.030000000000000027,0.5,0.5,-1,1,22.695685750266225,22.86730291143782,22.91020720173072,False,False,0.0,0.0,0.0,False,0.5932169779222808,0.0,True,12,0.09392546738186455,0.117048498366085,0.17786573210575354,10000,20000,Windows-AMD64-py3.14.3,self-contained local validation harness; charged-time accounting is disclosed by timing_mode
grid-treasure_DLGPR-full_seed0,no-git,2026-05-27T22:16:32,0,DLGPR-full,self-contained-game-ai,GridTreasureEnv,1.0-local,grid-treasure,3,24.0,22.0,2.0,1.0,4.0,strict_delta_max,0.5,18.749827413648955,20.749827413648955,36.77550004795194,13.649700093083084,simulated_charged,GA,2.6843950717050973,6,1,1,8,8,0.030000000000000027,0.030000000000000027,0.5,0.5,-1,1,22.588425024533976,22.84585076629137,22.91020720173072,False,False,0.0,0.0,0.6883677241081532,True,0.04954120526046638,0.0,True,9,0.2409561544887594,0.11237152380585251,0.09565272298195976,10000,20000,Windows-AMD64-py3.14.3,self-contained local validation harness; charged-time accounting is disclosed by timing_mode
grid-treasure_DLGPR-full_seed0,no-git,2026-05-27T22:16:32,0,DLGPR-full,self-contained-game-ai,GridTreasureEnv,1.0-local,grid-treasure,4,24.0,22.0,2.0,1.0,4.0,strict_delta_max,0.5,18.62718251308487,20.62718251308487,36.85080003924668,13.716299901716411,simulated_charged,GA,1.3097306044064896,6,1,1,8,8,0.030000000000000027,0.030000000000000027,0.5,0.5,-1,1,22.48116429880173,22.824398621144923,22.91020720173072,False,False,0.0,0.0,0.6883677241081532,True,0.0779152200520272,0.0,True,9,0.23177620508663785,0.10773356887280176,0.0988793871348338,10000,20000,Windows-AMD64-py3.14.3,self-contained local validation harness; charged-time accounting is disclosed by timing_mode
grid-treasure_DLGPR-full_seed0,no-git,2026-05-27T22:16:32,0,DLGPR-full,self-contained-game-ai,GridTreasureEnv,1.0-local,grid-treasure,5,24.0,22.0,2.0,1.0,4.0,strict_delta_max,0.5,18.218202574875892,20.218202574875892,32.34030003659427,12.196000199764967,simulated_charged,GA,3.317972889477268,5,1,1,7,7,0.030000000000000027,0.030000000000000027,0.5,0.5,-1,1,22.37390357306948,22.802946475998475,22.91020720173072,False,False,0.0,0.0,0.6785304554051436,True,0.03434587292303026,0.0,True,8,0.2205079605271096,0.1031650781291572,0.09266597190376759,10000,20000,Windows-AMD64-py3.14.3,self-contained local validation harness; charged-time accounting is disclosed by timing_mode
grid-treasure_DLGPR-full_seed1,no-git,2026-05-27T22:16:32,1,DLGPR-full,self-contained-game-ai,GridTreasureEnv,1.0-local,grid-treasure,0,24.0,22.0,2.0,1.0,4.0,strict_delta_max,0.5,19.5163465196962,21.5163465196962,37.06679993774742,15.974799985997379,simulated_charged,GA,2.7020960693144445,5,1,1,7,7,0.010000000000000009,0.010000000000000009,0.5,0.5,-1,1,21.5163465196962,21.5163465196962,21.5163465196962,False,False,0.0,0.0,0.746450933979001,True,0.05276125798999862,0.0,True,8,0.26929210780763563,0.15295004852532132,0.165699537638798,11000,21000,Windows-AMD64-py3.14.3,self-contained local validation harness; charged-time accounting is disclosed by timing_mode
grid-treasure_DLGPR-full_seed1,no-git,2026-05-27T22:16:32,1,DLGPR-full,self-contained-game-ai,GridTreasureEnv,1.0-local,grid-treasure,1,24.0,22.0,2.0,1.0,4.0,strict_delta_max,0.5,18.719646026649976,20.719646026649976,31.858099973760545,16.415900317952037,simulated_charged,PSO,2.873814791481274,1,3,3,7,7,0.010000000000000009,0.010000000000000009,0.5,0.5,-1,1,21.476511495043887,21.508379514765736,21.5163465196962,False,False,0.0,0.0,0.0,False,0.03142266106741734,0.0,True,10,0.09613985605495472,0.11039124016406349,0.11736754140712122,11000,21000,Windows-AMD64-py3.14.3,self-contained local validation harness; charged-time accounting is disclosed by timing_mode
grid-treasure_DLGPR-full_seed1,no-git,2026-05-27T22:16:32,1,DLGPR-full,self-contained-game-ai,GridTreasureEnv,1.0-local,grid-treasure,2,24.0,22.0,2.0,1.0,4.0,strict_delta_max,0.5,20.052283906047514,22.052283906047514,41.65389994159341,21.763000055216253,simulated_charged,RL,4.0,1,3,5,9,9,0.010000000000000009,0.010000000000000009,0.5,0.5,-1,1,21.99869016741238,22.041565158320488,22.052283906047514,False,False,0.0,0.0,0.0,False,0.030000000000000027,0.0,True,14,0.09488976845686649,0.09454245817543351,0.09273079820780275,11000,21000,Windows-AMD64-py3.14.3,self-contained local validation harness; charged-time accounting is disclosed by timing_mode
grid-treasure_DLGPR-full_seed1,no-git,2026-05-27T22:16:32,1,DLGPR-full,self-contained-game-ai,GridTreasureEnv,1.0-local,grid-treasure,3,24.0,22.0,2.0,1.0,4.0,strict_delta_max,0.5,19.316239374732657,21.316239374732657,44.45699998177588,19.888099981471896,simulated_charged,GA,2.0284552750463627,3,1,4,8,8,0.010000000000000009,0.010000000000000009,0.5,0.5,-1,1,21.971893298094816,22.036205784456975,22.052283906047514,False,False,0.0,0.0,0.48747275544547847,True,0.053418708561471295,0.0,True,12,0.17622581439240761,0.09308243527647585,0.08614466160267839,11000,21000,Windows-AMD64-py3.14.3,self-contained local validation harness; charged-time accounting is disclosed by timing_mode
grid-treasure_DLGPR-full_seed1,no-git,2026-05-27T22:16:32,1,DLGPR-full,self-contained-game-ai,GridTreasureEnv,1.0-local,grid-treasure,4,24.0,22.0,2.0,1.0,4.0,strict_delta_max,0.5,21.10939356943122,23.10939356943122,41.69099999126047,19.7135997004807,simulated_charged,GA,3.3863555191448236,2,2,4,8,8,0.03500000000000003,0.03500000000000003,0.5,0.5,-1,1,22.897971636754477,23.06710918289587,23.10939356943122,False,False,0.0,0.0,0.4523750773829672,True,0.02577412595899603,0.0,True,12,0.13924077886158187,0.08686446481186214,0.07987115112341234,11000,21000,Windows-AMD64-py3.14.3,self-contained local validation harness; charged-time accounting is disclosed by timing_mode
grid-treasure_DLGPR-full_seed1,no-git,2026-05-27T22:16:32,1,DLGPR-full,self-contained-game-ai,GridTreasureEnv,1.0-local,grid-treasure,5,24.0,22.0,2.0,1.0,4.0,strict_delta_max,0.5,19.620746058968706,21.620746058968706,40.43839999940246,16.09780010767281,simulated_charged,GA,2.8867934724676827,6,1,1,8,8,0.03500000000000003,0.03500000000000003,0.5,0.5,-1,1,22.845116153585295,23.056538086262034,23.10939356943122,False,False,0.0,0.0,0.4523750773829672,True,0.0415438605900319,0.0,True,9,0.17796336114228115,0.08519684205093694,0.08016720725269785,11000,21000,Windows-AMD64-py3.14.3,self-contained local validation harness; charged-time accounting is disclosed by timing_mode
grid-treasure_DLGPR-full_seed2,no-git,2026-05-27T22:16:33,2,DLGPR-full,self-contained-game-ai,GridTreasureEnv,1.0-local,grid-treasure,0,24.0,22.0,2.0,1.0,4.0,strict_delta_max,0.5,19.161440413712132,21.161440413712132,52.55080002825707,24.398800102062523,simulated_charged,GA,1.8677457225946332,7,1,1,9,9,-0.06999999999999995,-0.06999999999999995,0.5,0.5,-1,1,21.161440413712132,21.161440413712132,21.161440413712132,False,False,0.0,0.0,0.6720508655165711,True,0.05381518542912657,0.0,True,10,0.2606315322789432,0.16094745197170104,0.18196809028947966,12000,22000,Windows-AMD64-py3.14.3,self-contained local validation harness; charged-time accounting is disclosed by timing_mode
grid-treasure_DLGPR-full_seed2,no-git,2026-05-27T22:16:33,2,DLGPR-full,self-contained-game-ai,GridTreasureEnv,1.0-local,grid-treasure,1,24.0,22.0,2.0,1.0,4.0,strict_delta_max,0.5,18.63076611261593,20.63076611261593,38.458499941043556,19.514500279910862,simulated_charged,PSO,2.4122950173004165,1,3,3,7,7,-0.06999999999999995,-0.06999999999999995,0.5,0.5,-1,1,21.13490669865732,21.15613367070117,21.161440413712132,False,False,0.0,0.0,0.0,False,0.0069529340577801435,0.0,True,10,0.08926367376921425,0.11291350693452476,0.11738070176827735,12000,22000,Windows-AMD64-py3.14.3,self-contained local validation harness; charged-time accounting is disclosed by timing_mode
grid-treasure_DLGPR-full_seed2,no-git,2026-05-27T22:16:33,2,DLGPR-full,self-contained-game-ai,GridTreasureEnv,1.0-local,grid-treasure,2,24.0,22.0,2.0,1.0,4.0,strict_delta_max,0.5,19.194484371889306,21.194484371889306,43.51440002210438,21.50890009943396,simulated_charged,RL,2.3265556901799003,1,3,4,8,8,-0.06999999999999995,-0.06999999999999995,0.5,0.5,-1,1,21.191179976071588,21.193823492725762,21.194484371889306,False,False,0.0,0.0,0.0,False,0.00859639856652359,0.0,True,12,0.08688057033651171,0.09514771808846396,0.0924628647236113,12000,22000,Windows-AMD64-py3.14.3,self-contained local validation harness; charged-time accounting is disclosed by timing_mode
grid-treasure_DLGPR-full_seed2,no-git,2026-05-27T22:16:33,2,DLGPR-full,self-contained-game-ai,GridTreasureEnv,1.0-local,grid-treasure,3,24.0,22.0,2.0,1.0,4.0,strict_delta_max,0.5,18.024047358495206,20.024047358495206,38.27749995980412,16.167000285349786,simulated_charged,GA,3.356052421094697,5,1,1,7,7,-0.06999999999999995,-0.06999999999999995,0.5,0.5,-1,1,21.18952777816273,21.193493053143992,21.194484371889306,False,False,0.0,0.0,0.5250695264102896,True,0.035629145229962744,0.0,True,8,0.19193315719888748,0.09308243527647585,0.09766295340243449,12000,22000,Windows-AMD64-py3.14.3,self-contained local validation harness; charged-time accounting is disclosed by timing_mode
grid-treasure_DLGPR-full_seed2,no-git,2026-05-27T22:16:33,2,DLGPR-full,self-contained-game-ai,GridTreasureEnv,1.0-local,grid-treasure,4,24.0,22.0,2.0,1.0,4.0,strict_delta_max,0.5,18.298914103180785,20.298914103180785,45.58899998664856,19.87989980261773,simulated_charged,GA,2.7773379364094675,6,1,1,8,8,-0.06999999999999995,-0.06999999999999995,0.5,0.5,-1,1,21.18787558025387,21.19316261356222,21.194484371889306,False,False,0.0,0.0,0.5552229907573091,True,0.05020274983509708,0.0,True,9,0.19761055055588544,0.09110421928624578,0.10049157878591614,12000,22000,Windows-AMD64-py3.14.3,self-contained local validation harness; charged-time accounting is disclosed by timing_mode
grid-treasure_DLGPR-full_seed2,no-git,2026-05-27T22:16:33,2,DLGPR-full,self-contained-game-ai,GridTreasureEnv,1.0-local,grid-treasure,5,24.0,22.0,2.0,1.0,4.0,strict_delta_max,0.5,20.4989292574717,22.4989292574717,49.48739998508245,24.496299913153052,simulated_charged,PSO,3.239246767803966,1,4,4,9,9,-0.06999999999999995,-0.06999999999999995,0.5,0.5,-1,1,22.1728180360761,22.43370701319258,22.4989292574717,False,False,0.0,0.0,0.0,False,0.023178811744437835,0.0,True,13,0.06362396945259584,0.07908673209453074,0.0814103453731521,12000,22000,Windows-AMD64-py3.14.3,self-contained local validation harness; charged-time accounting is disclosed by timing_mode
grid-treasure_fixed-split_seed0,no-git,2026-05-27T22:16:33,0,fixed-split,self-contained-game-ai,GridTreasureEnv,1.0-local,grid-treasure,0,24.0,22.0,2.0,1.0,4.0,strict_delta_max,0.5,20.033627674716843,22.033627674716843,32.51719998661429,13.887700159102678,simulated_charged,GA,2.986903711950858,3,2,2,7,7,0.025000000000000022,0.025000000000000022,0.5,0.5,-1,1,22.033627674716843,22.033627674716843,22.033627674716843,False,False,0.0,0.0,0.8089314407145728,True,0.04448334011898654,0.0,True,9,0.0,0.0,0.0,10000,20000,Windows-AMD64-py3.14.3,self-contained local validation harness; charged-time accounting is disclosed by timing_mode
grid-treasure_fixed-split_seed0,no-git,2026-05-27T22:16:33,0,fixed-split,self-contained-game-ai,GridTreasureEnv,1.0-local,grid-treasure,1,24.0,22.0,2.0,1.0,4.0,strict_delta_max,0.5,18.956751399572788,20.956751399572788,35.8863000292331,18.377000000327826,simulated_charged,PSO,2.503447681985216,3,4,3,10,10,0.030000000000000027,0.030000000000000027,0.5,0.5,-1,1,21.97978386095964,22.022858911965404,22.033627674716843,False,False,0.0,0.0,0.0,False,0.05086813826889947,0.0,True,13,0.0,0.0,0.0,10000,20000,Windows-AMD64-py3.14.3,self-contained local validation harness; charged-time accounting is disclosed by timing_mode
grid-treasure_fixed-split_seed0,no-git,2026-05-27T22:16:33,0,fixed-split,self-contained-game-ai,GridTreasureEnv,1.0-local,grid-treasure,2,24.0,22.0,2.0,1.0,4.0,strict_delta_max,0.5,18.034659797306656,20.034659797306656,35.556299961172044,15.712800086475909,simulated_charged,GA,2.3504844981250144,3,2,3,8,8,0.030000000000000027,0.030000000000000027,0.5,0.5,-1,1,21.925940047202438,22.01209014921396,22.033627674716843,False,False,0.0,0.0,0.7157842771858526,True,0.059377812992479274,0.0,True,11,0.0,0.0,0.0,10000,20000,Windows-AMD64-py3.14.3,self-contained local validation harness; charged-time accounting is disclosed by timing_mode
grid-treasure_fixed-split_seed0,no-git,2026-05-27T22:16:33,0,fixed-split,self-contained-game-ai,GridTreasureEnv,1.0-local,grid-treasure,3,24.0,22.0,2.0,1.0,4.0,strict_delta_max,0.5,21.322876658722166,23.322876658722166,32.16099995188415,16.03409997187555,simulated_charged,RL,3.897749239844337,2,3,3,8,8,0.030000000000000027,0.030000000000000027,0.5,0.5,-1,1,23.129489311121368,23.284199189202006,23.322876658722166,False,False,0.0,0.0,0.0,False,0.04104933133317468,0.0,True,11,0.0,0.0,0.0,10000,20000,Windows-AMD64-py3.14.3,self-contained local validation harness; charged-time accounting is disclosed by timing_mode
grid-treasure_fixed-split_seed0,no-git,2026-05-27T22:16:33,0,fixed-split,self-contained-game-ai,GridTreasureEnv,1.0-local,grid-treasure,4,24.0,22.0,2.0,1.0,4.0,strict_delta_max,0.5,18.028172416938418,20.028172416938418,30.827200040221214,14.450699905864894,simulated_charged,PSO,3.1836319525237773,3,3,2,8,8,0.030000000000000027,0.030000000000000027,0.5,0.5,-1,1,23.0650268619211,23.271306699361954,23.322876658722166,False,False,0.0,0.0,0.0,False,0.03343670310757019,0.0,True,10,0.0,0.0,0.0,10000,20000,Windows-AMD64-py3.14.3,self-contained local validation harness; charged-time accounting is disclosed by timing_mode
grid-treasure_fixed-split_seed0,no-git,2026-05-27T22:16:33,0,fixed-split,self-contained-game-ai,GridTreasureEnv,1.0-local,grid-treasure,5,24.0,22.0,2.0,1.0,4.0,strict_delta_max,0.5,20.25588468706589,22.25588468706589,37.85230009816587,18.178599886596203,simulated_charged,PSO,3.5138667201637035,3,3,3,9,9,0.030000000000000027,0.030000000000000027,0.5,0.5,-1,1,23.056128665808096,23.269527060139353,23.322876658722166,False,False,0.0,0.0,0.0,False,0.03700143135896763,0.0,True,12,0.0,0.0,0.0,10000,20000,Windows-AMD64-py3.14.3,self-contained local validation harness; charged-time accounting is disclosed by timing_mode
grid-treasure_fixed-split_seed1,no-git,2026-05-27T22:16:33,1,fixed-split,self-contained-game-ai,GridTreasureEnv,1.0-local,grid-treasure,0,24.0,22.0,2.0,1.0,4.0,strict_delta_max,0.5,18.911451698026333,20.911451698026333,34.482100047171116,16.75629976671189,simulated_charged,GA,2.7020960693144445,3,2,2,7,7,0.010000000000000009,0.010000000000000009,0.5,0.5,-1,1,20.911451698026333,20.911451698026333,20.911451698026333,False,False,0.0,0.0,0.7008340842935765,True,0.032199094834929366,0.0,True,9,0.0,0.0,0.0,11000,21000,Windows-AMD64-py3.14.3,self-contained local validation harness; charged-time accounting is disclosed by timing_mode
grid-treasure_fixed-split_seed1,no-git,2026-05-27T22:16:33,1,fixed-split,self-contained-game-ai,GridTreasureEnv,1.0-local,grid-treasure,1,24.0,22.0,2.0,1.0,4.0,strict_delta_max,0.5,19.31905177446774,21.31905177446774,28.170400066301227,13.506100047379732,simulated_charged,PSO,3.5836735635578916,2,3,2,7,7,0.010000000000000009,0.010000000000000009,0.5,0.5,-1,1,21.298671770645672,21.314975773703328,21.31905177446774,False,False,0.0,0.0,0.0,False,0.030141211367583763,0.0,True,9,0.0,0.0,0.0,11000,21000,Windows-AMD64-py3.14.3,self-contained local validation harness; charged-time accounting is disclosed by timing_mode
grid-treasure_fixed-split_seed1,no-git,2026-05-27T22:16:33,1,fixed-split,self-contained-game-ai,GridTreasureEnv,1.0-local,grid-treasure,2,24.0,22.0,2.0,1.0,4.0,strict_delta_max,0.5,20.659003682423634,22.659003682423634,39.285700069740415,17.31730019673705,simulated_charged,GA,2.7244855280936053,3,2,3,8,8,0.010000000000000009,0.010000000000000009,0.5,0.5,-1,1,22.525008491628046,22.632204644264515,22.659003682423634,False,False,0.0,0.0,0.6197168923766674,True,0.0392995867894561,0.0,True,11,0.0,0.0,0.0,11000,21000,Windows-AMD64-py3.14.3,self-contained local validation harness; charged-time accounting is disclosed by timing_mode
grid-treasure_fixed-split_seed1,no-git,2026-05-27T22:16:33,1,fixed-split,self-contained-game-ai,GridTreasureEnv,1.0-local,grid-treasure,3,24.0,22.0,2.0,1.0,4.0,strict_delta_max,0.5,18.170421770552743,20.170421770552743,27.368299895897508,12.303000199608505,simulated_charged,GA,3.9025507300998754,2,2,2,6,6,0.010000000000000009,0.010000000000000009,0.5,0.5,-1,1,22.45801089623025,22.618805125184956,22.659003682423634,False,False,0.0,0.0,0.5762153690086328,True,0.02125562615495949,0.0,True,8,0.0,0.0,0.0,11000,21000,Windows-AMD64-py3.14.3,self-contained local validation harness; charged-time accounting is disclosed by timing_mode
grid-treasure_fixed-split_seed1,no-git,2026-05-27T22:16:33,1,fixed-split,self-contained-game-ai,GridTreasureEnv,1.0-local,grid-treasure,4,24.0,22.0,2.0,1.0,4.0,strict_delta_max,0.5,18.737034383272068,20.737034383272068,40.72459996677935,21.480799769051373,simulated_charged,RL,4.0,2,3,3,8,8,0.010000000000000009,0.010000000000000009,0.5,0.5,-1,1,22.391013300832455,22.6054056061054,22.659003682423634,False,False,0.0,0.0,0.0,False,0.0,0.0,True,11,0.0,0.0,0.0,11000,21000,Windows-AMD64-py3.14.3,self-contained local validation harness; charged-time accounting is disclosed by timing_mode
grid-treasure_fixed-split_seed1,no-git,2026-05-27T22:16:33,1,fixed-split,self-contained-game-ai,GridTreasureEnv,1.0-local,grid-treasure,5,24.0,22.0,2.0,1.0,4.0,strict_delta_max,0.5,18.663308296489134,20.663308296489134,34.791499958373606,16.551999957300723,simulated_charged,PSO,3.081755242944325,3,3,2,8,8,0.010000000000000009,0.010000000000000009,0.5,0.5,-1,1,22.32401570543466,22.59200608702584,22.659003682423634,False,False,0.0,0.0,0.0,False,0.060556372492239725,0.0,True,10,0.0,0.0,0.0,11000,21000,Windows-AMD64-py3.14.3,self-contained local validation harness; charged-time accounting is disclosed by timing_mode
grid-treasure_fixed-split_seed2,no-git,2026-05-27T22:16:34,2,fixed-split,self-contained-game-ai,GridTreasureEnv,1.0-local,grid-treasure,0,24.0,22.0,2.0,1.0,4.0,strict_delta_max,0.5,18.24129534274624,20.24129534274624,39.47580000385642,19.459000206552446,simulated_charged,GA,2.4363648014259303,3,2,2,7,7,-0.06999999999999995,-0.06999999999999995,0.5,0.5,-1,1,20.24129534274624,20.24129534274624,20.24129534274624,False,False,0.0,0.0,0.8064333509757664,True,0.06313669812067964,0.010261189122978744,True,9,0.0,0.0,0.0,12000,22000,Windows-AMD64-py3.14.3,self-contained local validation harness; charged-time accounting is disclosed by timing_mode
grid-treasure_fixed-split_seed2,no-git,2026-05-27T22:16:34,2,fixed-split,self-contained-game-ai,GridTreasureEnv,1.0-local,grid-treasure,1,24.0,22.0,2.0,1.0,4.0,strict_delta_max,0.5,18.778452084617385,20.778452084617385,38.962600054219365,18.30779982265085,simulated_charged,RL,2.293223093140829,2,3,3,8,8,-0.06999999999999995,-0.06999999999999995,0.5,0.5,-1,1,20.751594247523826,20.77308051719867,20.778452084617385,False,False,0.0,0.0,0.0,False,0.0,0.0,True,11,0.0,0.0,0.0,12000,22000,Windows-AMD64-py3.14.3,self-contained local validation harness; charged-time accounting is disclosed by timing_mode
grid-treasure_fixed-split_seed2,no-git,2026-05-27T22:16:34,2,fixed-split,self-contained-game-ai,GridTreasureEnv,1.0-local,grid-treasure,2,24.0,22.0,2.0,1.0,4.0,strict_delta_max,0.5,21.413006320539232,23.413006320539232,53.098500007763505,25.92390007339418,simulated_charged,GA,3.4451888595990283,4,3,3,10,10,-0.06999999999999995,-0.06999999999999995,0.5,0.5,-1,1,23.149550896947048,23.360315235820796,23.413006320539232,False,False,0.0,0.0,0.6896184569682962,True,0.03391612680656198,0.0,True,13,0.0,0.0,0.0,12000,22000,Windows-AMD64-py3.14.3,self-contained local validation harness; charged-time accounting is disclosed by timing_mode
grid-treasure_fixed-split_seed2,no-git,2026-05-27T22:16:34,2,fixed-split,self-contained-game-ai,GridTreasureEnv,1.0-local,grid-treasure,3,24.0,22.0,2.0,1.0,4.0,strict_delta_max,0.5,19.50146808128962,21.50146808128962,41.84329998679459,20.23539983201772,simulated_charged,GA,2.5408954315293975,3,3,3,9,9,-0.06999999999999995,-0.06999999999999995,0.5,0.5,-1,1,23.12627558465179,23.35566017336174,23.413006320539232,False,False,0.0,0.0,0.507070306340089,True,0.06001179650150377,0.0,True,12,0.0,0.0,0.0,12000,22000,Windows-AMD64-py3.14.3,self-contained local validation harness; charged-time accounting is disclosed by timing_mode
grid-treasure_fixed-split_seed2,no-git,2026-05-27T22:16:34,2,fixed-split,self-contained-game-ai,GridTreasureEnv,1.0-local,grid-treasure,4,24.0,22.0,2.0,1.0,4.0,strict_delta_max,0.5,20.949370153719848,22.949370153719848,44.70009997021407,22.11290004197508,simulated_charged,RL,3.6058187557076344,2,3,3,8,8,-0.06999999999999995,-0.06999999999999995,0.5,0.5,-1,1,23.320279087175354,23.394460873866457,23.413006320539232,False,False,0.0,0.0,0.0,False,0.0,0.0,True,11,0.0,0.0,0.0,12000,22000,Windows-AMD64-py3.14.3,self-contained local validation harness; charged-time accounting is disclosed by timing_mode
grid-treasure_fixed-split_seed2,no-git,2026-05-27T22:16:34,2,fixed-split,self-contained-game-ai,GridTreasureEnv,1.0-local,grid-treasure,5,24.0,22.0,2.0,1.0,4.0,strict_delta_max,0.5,18.80887873533557,20.80887873533557,35.04759992938489,16.115300124511123,simulated_charged,GA,3.8317668736045585,3,2,2,7,7,0.010000000000000009,0.010000000000000009,0.5,0.5,-1,1,23.297097278834386,23.389824512198263,23.413006320539232,False,False,0.0,0.0,0.5056629848647204,True,0.030203980786535203,0.0,True,9,0.0,0.0,0.0,12000,22000,Windows-AMD64-py3.14.3,self-contained local validation harness; charged-time accounting is disclosed by timing_mode
grid-treasure_round-robin_seed0,no-git,2026-05-27T22:16:34,0,round-robin,self-contained-game-ai,GridTreasureEnv,1.0-local,grid-treasure,0,24.0,22.0,2.0,1.0,4.0,strict_delta_max,0.5,20.033627674716843,22.033627674716843,32.677600043825805,14.380900072865188,simulated_charged,GA,2.986903711950858,3,2,2,7,7,0.025000000000000022,0.025000000000000022,0.5,0.5,-1,1,22.033627674716843,22.033627674716843,22.033627674716843,False,False,0.0,0.0,0.8089314407145728,True,0.04448334011898654,0.0,True,9,0.0,0.0,0.0,10000,20000,Windows-AMD64-py3.14.3,self-contained local validation harness; charged-time accounting is disclosed by timing_mode
grid-treasure_round-robin_seed0,no-git,2026-05-27T22:16:34,0,round-robin,self-contained-game-ai,GridTreasureEnv,1.0-local,grid-treasure,1,24.0,22.0,2.0,1.0,4.0,strict_delta_max,0.5,18.956751399572788,20.956751399572788,34.50100007466972,18.25850026216358,simulated_charged,PSO,2.503447681985216,3,4,3,10,10,0.030000000000000027,0.030000000000000027,0.5,0.5,-1,1,21.97978386095964,22.022858911965404,22.033627674716843,False,False,0.0,0.0,0.0,False,0.05086813826889947,0.0,True,13,0.0,0.0,0.0,10000,20000,Windows-AMD64-py3.14.3,self-contained local validation harness; charged-time accounting is disclosed by timing_mode
grid-treasure_round-robin_seed0,no-git,2026-05-27T22:16:34,0,round-robin,self-contained-game-ai,GridTreasureEnv,1.0-local,grid-treasure,2,24.0,22.0,2.0,1.0,4.0,strict_delta_max,0.5,18.034659797306656,20.034659797306656,33.13210001215339,14.426699955947697,simulated_charged,GA,2.3504844981250144,3,2,3,8,8,0.030000000000000027,0.030000000000000027,0.5,0.5,-1,1,21.925940047202438,22.01209014921396,22.033627674716843,False,False,0.0,0.0,0.7157842771858526,True,0.059377812992479274,0.0,True,11,0.0,0.0,0.0,10000,20000,Windows-AMD64-py3.14.3,self-contained local validation harness; charged-time accounting is disclosed by timing_mode
grid-treasure_round-robin_seed0,no-git,2026-05-27T22:16:34,0,round-robin,self-contained-game-ai,GridTreasureEnv,1.0-local,grid-treasure,3,24.0,22.0,2.0,1.0,4.0,strict_delta_max,0.5,21.322876658722166,23.322876658722166,31.027899938635528,15.383600140921772,simulated_charged,RL,3.897749239844337,2,3,3,8,8,0.030000000000000027,0.030000000000000027,0.5,0.5,-1,1,23.129489311121368,23.284199189202006,23.322876658722166,False,False,0.0,0.0,0.0,False,0.04104933133317468,0.0,True,11,0.0,0.0,0.0,10000,20000,Windows-AMD64-py3.14.3,self-contained local validation harness; charged-time accounting is disclosed by timing_mode
grid-treasure_round-robin_seed0,no-git,2026-05-27T22:16:34,0,round-robin,self-contained-game-ai,GridTreasureEnv,1.0-local,grid-treasure,4,24.0,22.0,2.0,1.0,4.0,strict_delta_max,0.5,18.028172416938418,20.028172416938418,30.66609997767955,14.446200104430318,simulated_charged,PSO,3.1836319525237773,3,3,2,8,8,0.030000000000000027,0.030000000000000027,0.5,0.5,-1,1,23.0650268619211,23.271306699361954,23.322876658722166,False,False,0.0,0.0,0.0,False,0.03343670310757019,0.0,True,10,0.0,0.0,0.0,10000,20000,Windows-AMD64-py3.14.3,self-contained local validation harness; charged-time accounting is disclosed by timing_mode
grid-treasure_round-robin_seed0,no-git,2026-05-27T22:16:34,0,round-robin,self-contained-game-ai,GridTreasureEnv,1.0-local,grid-treasure,5,24.0,22.0,2.0,1.0,4.0,strict_delta_max,0.5,20.25588468706589,22.25588468706589,35.95090005546808,17.104700207710266,simulated_charged,PSO,3.5138667201637035,3,3,3,9,9,0.030000000000000027,0.030000000000000027,0.5,0.5,-1,1,23.056128665808096,23.269527060139353,23.322876658722166,False,False,0.0,0.0,0.0,False,0.03700143135896763,0.0,True,12,0.0,0.0,0.0,10000,20000,Windows-AMD64-py3.14.3,self-contained local validation harness; charged-time accounting is disclosed by timing_mode
grid-treasure_round-robin_seed1,no-git,2026-05-27T22:16:34,1,round-robin,self-contained-game-ai,GridTreasureEnv,1.0-local,grid-treasure,0,24.0,22.0,2.0,1.0,4.0,strict_delta_max,0.5,18.911451698026333,20.911451698026333,35.070499987341464,17.048400011844933,simulated_charged,GA,2.7020960693144445,3,2,2,7,7,0.010000000000000009,0.010000000000000009,0.5,0.5,-1,1,20.911451698026333,20.911451698026333,20.911451698026333,False,False,0.0,0.0,0.7008340842935765,True,0.032199094834929366,0.0,True,9,0.0,0.0,0.0,11000,21000,Windows-AMD64-py3.14.3,self-contained local validation harness; charged-time accounting is disclosed by timing_mode
grid-treasure_round-robin_seed1,no-git,2026-05-27T22:16:34,1,round-robin,self-contained-game-ai,GridTreasureEnv,1.0-local,grid-treasure,1,24.0,22.0,2.0,1.0,4.0,strict_delta_max,0.5,19.31905177446774,21.31905177446774,28.701100032776594,13.796599814668298,simulated_charged,PSO,3.5836735635578916,2,3,2,7,7,0.010000000000000009,0.010000000000000009,0.5,0.5,-1,1,21.298671770645672,21.314975773703328,21.31905177446774,False,False,0.0,0.0,0.0,False,0.030141211367583763,0.0,True,9,0.0,0.0,0.0,11000,21000,Windows-AMD64-py3.14.3,self-contained local validation harness; charged-time accounting is disclosed by timing_mode
grid-treasure_round-robin_seed1,no-git,2026-05-27T22:16:34,1,round-robin,self-contained-game-ai,GridTreasureEnv,1.0-local,grid-treasure,2,24.0,22.0,2.0,1.0,4.0,strict_delta_max,0.5,20.659003682423634,22.659003682423634,39.555000024847686,17.540000029839575,simulated_charged,GA,2.7244855280936053,3,2,3,8,8,0.010000000000000009,0.010000000000000009,0.5,0.5,-1,1,22.525008491628046,22.632204644264515,22.659003682423634,False,False,0.0,0.0,0.6197168923766674,True,0.0392995867894561,0.0,True,11,0.0,0.0,0.0,11000,21000,Windows-AMD64-py3.14.3,self-contained local validation harness; charged-time accounting is disclosed by timing_mode
grid-treasure_round-robin_seed1,no-git,2026-05-27T22:16:34,1,round-robin,self-contained-game-ai,GridTreasureEnv,1.0-local,grid-treasure,3,24.0,22.0,2.0,1.0,4.0,strict_delta_max,0.5,18.170421770552743,20.170421770552743,27.341200038790703,12.124899891205132,simulated_charged,GA,3.9025507300998754,2,2,2,6,6,0.010000000000000009,0.010000000000000009,0.5,0.5,-1,1,22.45801089623025,22.618805125184956,22.659003682423634,False,False,0.0,0.0,0.5762153690086328,True,0.02125562615495949,0.0,True,8,0.0,0.0,0.0,11000,21000,Windows-AMD64-py3.14.3,self-contained local validation harness; charged-time accounting is disclosed by timing_mode
grid-treasure_round-robin_seed1,no-git,2026-05-27T22:16:34,1,round-robin,self-contained-game-ai,GridTreasureEnv,1.0-local,grid-treasure,4,24.0,22.0,2.0,1.0,4.0,strict_delta_max,0.5,18.737034383272068,20.737034383272068,39.04649999458343,20.734500139951706,simulated_charged,RL,4.0,2,3,3,8,8,0.010000000000000009,0.010000000000000009,0.5,0.5,-1,1,22.391013300832455,22.6054056061054,22.659003682423634,False,False,0.0,0.0,0.0,False,0.0,0.0,True,11,0.0,0.0,0.0,11000,21000,Windows-AMD64-py3.14.3,self-contained local validation harness; charged-time accounting is disclosed by timing_mode
grid-treasure_round-robin_seed1,no-git,2026-05-27T22:16:34,1,round-robin,self-contained-game-ai,GridTreasureEnv,1.0-local,grid-treasure,5,24.0,22.0,2.0,1.0,4.0,strict_delta_max,0.5,18.663308296489134,20.663308296489134,35.587499965913594,16.626000171527267,simulated_charged,PSO,3.081755242944325,3,3,2,8,8,0.010000000000000009,0.010000000000000009,0.5,0.5,-1,1,22.32401570543466,22.59200608702584,22.659003682423634,False,False,0.0,0.0,0.0,False,0.060556372492239725,0.0,True,10,0.0,0.0,0.0,11000,21000,Windows-AMD64-py3.14.3,self-contained local validation harness; charged-time accounting is disclosed by timing_mode
grid-treasure_round-robin_seed2,no-git,2026-05-27T22:16:35,2,round-robin,self-contained-game-ai,GridTreasureEnv,1.0-local,grid-treasure,0,24.0,22.0,2.0,1.0,4.0,strict_delta_max,0.5,18.24129534274624,20.24129534274624,39.69420003704727,19.672100199386477,simulated_charged,GA,2.4363648014259303,3,2,2,7,7,-0.06999999999999995,-0.06999999999999995,0.5,0.5,-1,1,20.24129534274624,20.24129534274624,20.24129534274624,False,False,0.0,0.0,0.8064333509757664,True,0.06313669812067964,0.010261189122978744,True,9,0.0,0.0,0.0,12000,22000,Windows-AMD64-py3.14.3,self-contained local validation harness; charged-time accounting is disclosed by timing_mode
grid-treasure_round-robin_seed2,no-git,2026-05-27T22:16:35,2,round-robin,self-contained-game-ai,GridTreasureEnv,1.0-local,grid-treasure,1,24.0,22.0,2.0,1.0,4.0,strict_delta_max,0.5,18.778452084617385,20.778452084617385,39.115100051276386,18.252599867992103,simulated_charged,RL,2.293223093140829,2,3,3,8,8,-0.06999999999999995,-0.06999999999999995,0.5,0.5,-1,1,20.751594247523826,20.77308051719867,20.778452084617385,False,False,0.0,0.0,0.0,False,0.0,0.0,True,11,0.0,0.0,0.0,12000,22000,Windows-AMD64-py3.14.3,self-contained local validation harness; charged-time accounting is disclosed by timing_mode
grid-treasure_round-robin_seed2,no-git,2026-05-27T22:16:35,2,round-robin,self-contained-game-ai,GridTreasureEnv,1.0-local,grid-treasure,2,24.0,22.0,2.0,1.0,4.0,strict_delta_max,0.5,21.413006320539232,23.413006320539232,53.62420005258173,25.830999948084354,simulated_charged,GA,3.4451888595990283,4,3,3,10,10,-0.06999999999999995,-0.06999999999999995,0.5,0.5,-1,1,23.149550896947048,23.360315235820796,23.413006320539232,False,False,0.0,0.0,0.6896184569682962,True,0.03391612680656198,0.0,True,13,0.0,0.0,0.0,12000,22000,Windows-AMD64-py3.14.3,self-contained local validation harness; charged-time accounting is disclosed by timing_mode
grid-treasure_round-robin_seed2,no-git,2026-05-27T22:16:35,2,round-robin,self-contained-game-ai,GridTreasureEnv,1.0-local,grid-treasure,3,24.0,22.0,2.0,1.0,4.0,strict_delta_max,0.5,19.50146808128962,21.50146808128962,42.17359994072467,20.24510025512427,simulated_charged,GA,2.5408954315293975,3,3,3,9,9,-0.06999999999999995,-0.06999999999999995,0.5,0.5,-1,1,23.12627558465179,23.35566017336174,23.413006320539232,False,False,0.0,0.0,0.507070306340089,True,0.06001179650150377,0.0,True,12,0.0,0.0,0.0,12000,22000,Windows-AMD64-py3.14.3,self-contained local validation harness; charged-time accounting is disclosed by timing_mode
grid-treasure_round-robin_seed2,no-git,2026-05-27T22:16:35,2,round-robin,self-contained-game-ai,GridTreasureEnv,1.0-local,grid-treasure,4,24.0,22.0,2.0,1.0,4.0,strict_delta_max,0.5,20.949370153719848,22.949370153719848,44.55040011089295,22.174699930474162,simulated_charged,RL,3.6058187557076344,2,3,3,8,8,-0.06999999999999995,-0.06999999999999995,0.5,0.5,-1,1,23.320279087175354,23.394460873866457,23.413006320539232,False,False,0.0,0.0,0.0,False,0.0,0.0,True,11,0.0,0.0,0.0,12000,22000,Windows-AMD64-py3.14.3,self-contained local validation harness; charged-time accounting is disclosed by timing_mode
grid-treasure_round-robin_seed2,no-git,2026-05-27T22:16:35,2,round-robin,self-contained-game-ai,GridTreasureEnv,1.0-local,grid-treasure,5,24.0,22.0,2.0,1.0,4.0,strict_delta_max,0.5,18.80887873533557,20.80887873533557,35.01130000222474,15.831900178454816,simulated_charged,GA,3.8317668736045585,3,2,2,7,7,0.010000000000000009,0.010000000000000009,0.5,0.5,-1,1,23.297097278834386,23.389824512198263,23.413006320539232,False,False,0.0,0.0,0.5056629848647204,True,0.030203980786535203,0.0,True,9,0.0,0.0,0.0,12000,22000,Windows-AMD64-py3.14.3,self-contained local validation harness; charged-time accounting is disclosed by timing_mode
grid-treasure_greedy-improvement_seed0,no-git,2026-05-27T22:16:35,0,greedy-improvement,self-contained-game-ai,GridTreasureEnv,1.0-local,grid-treasure,0,24.0,22.0,2.0,1.0,4.0,strict_delta_max,0.5,18.356025496054386,20.356025496054386,41.87459999229759,14.341800124384463,simulated_charged,GA,2.678739382026505,8,0,0,8,8,0.025000000000000022,0.025000000000000022,0.5,0.5,-1,1,20.356025496054386,20.356025496054386,20.356025496054386,False,False,0.0,0.0,0.7328984474742877,True,0.04745620969911341,0.0,True,8,0.0,0.0,0.0,10000,20000,Windows-AMD64-py3.14.3,self-contained local validation harness; charged-time accounting is disclosed by timing_mode
grid-treasure_greedy-improvement_seed0,no-git,2026-05-27T22:16:35,0,greedy-improvement,self-contained-game-ai,GridTreasureEnv,1.0-local,grid-treasure,1,24.0,22.0,2.0,1.0,4.0,strict_delta_max,0.5,18.597762931205207,20.597762931205207,40.943300002254546,13.350499793887138,simulated_charged,GA,3.020945986917645,8,0,0,8,8,1.05,1.05,1.0,0.5,64,1,20.585676059447664,20.595345556853697,20.597762931205207,False,False,0.0,0.0,0.7608444941799686,True,0.037933221308276754,0.0,True,8,0.0,0.0,0.0,10000,20000,Windows-AMD64-py3.14.3,self-contained local validation harness; charged-time accounting is disclosed by timing_mode
grid-treasure_greedy-improvement_seed0,no-git,2026-05-27T22:16:35,0,greedy-improvement,self-contained-game-ai,GridTreasureEnv,1.0-local,grid-treasure,2,24.0,22.0,2.0,1.0,4.0,strict_delta_max,0.5,20.366879405126696,22.366879405126696,40.89689999818802,13.549100141972303,simulated_charged,GA,2.6494565831989965,8,0,0,8,8,1.05,1.05,1.0,0.5,64,1,22.189967757734546,22.331497075648265,22.366879405126696,False,False,0.0,0.0,0.7608444941799686,True,0.045609143748350074,0.0,True,8,0.0,0.0,0.0,10000,20000,Windows-AMD64-py3.14.3,self-contained local validation harness; charged-time accounting is disclosed by timing_mode
grid-treasure_greedy-improvement_seed0,no-git,2026-05-27T22:16:35,0,greedy-improvement,self-contained-game-ai,GridTreasureEnv,1.0-local,grid-treasure,3,24.0,22.0,2.0,1.0,4.0,strict_delta_max,0.5,19.066545422785484,21.066545422785484,40.34690000116825,13.161199982278049,simulated_charged,GA,1.1969168090071092,8,0,0,8,8,1.05,1.05,1.0,0.5,64,1,22.171829307775514,22.32786938565646,22.366879405126696,False,False,0.0,0.0,0.6398798386643947,True,0.07343572969378281,0.0,True,8,0.0,0.0,0.0,10000,20000,Windows-AMD64-py3.14.3,self-contained local validation harness; charged-time accounting is disclosed by timing_mode
grid-treasure_greedy-improvement_seed0,no-git,2026-05-27T22:16:35,0,greedy-improvement,self-contained-game-ai,GridTreasureEnv,1.0-local,grid-treasure,4,24.0,22.0,2.0,1.0,4.0,strict_delta_max,0.5,19.05976894160387,21.05976894160387,46.56029993202537,16.541800112463534,simulated_charged,GA,2.263645356731006,9,0,0,9,9,1.05,1.05,1.0,0.5,64,1,22.106812608658455,22.314866045833046,22.366879405126696,False,False,0.0,0.0,0.5019761164103912,True,0.044588069847663045,0.0,True,9,0.0,0.0,0.0,10000,20000,Windows-AMD64-py3.14.3,self-contained local validation harness; charged-time accounting is disclosed by timing_mode
grid-treasure_greedy-improvement_seed0,no-git,2026-05-27T22:16:35,0,greedy-improvement,self-contained-game-ai,GridTreasureEnv,1.0-local,grid-treasure,5,24.0,22.0,2.0,1.0,4.0,strict_delta_max,0.5,21.015967021070555,23.015967021070555,38.789700018242,14.574300032109022,simulated_charged,GA,3.9662008964416904,7,0,0,7,7,1.05,1.05,1.0,0.5,64,1,22.85369511708459,22.98351264027336,23.015967021070555,False,False,0.0,0.0,0.4937719583395937,True,0.016852266717410982,0.0,True,7,0.0,0.0,0.0,10000,20000,Windows-AMD64-py3.14.3,self-contained local validation harness; charged-time accounting is disclosed by timing_mode
grid-treasure_greedy-improvement_seed1,no-git,2026-05-27T22:16:35,1,greedy-improvement,self-contained-game-ai,GridTreasureEnv,1.0-local,grid-treasure,0,24.0,22.0,2.0,1.0,4.0,strict_delta_max,0.5,18.079356629915456,20.079356629915456,46.55470000579953,16.52760012075305,simulated_charged,GA,1.8746535038726546,9,0,0,9,9,0.010000000000000009,0.010000000000000009,0.5,0.5,-1,1,20.079356629915456,20.079356629915456,20.079356629915456,False,False,0.0,0.0,0.6769834678629403,True,0.0774446404747527,0.0,True,9,0.0,0.0,0.0,11000,21000,Windows-AMD64-py3.14.3,self-contained local validation harness; charged-time accounting is disclosed by timing_mode
grid-treasure_greedy-improvement_seed1,no-git,2026-05-27T22:16:35,1,greedy-improvement,self-contained-game-ai,GridTreasureEnv,1.0-local,grid-treasure,1,24.0,22.0,2.0,1.0,4.0,strict_delta_max,0.5,19.153484350151306,21.153484350151306,31.898299930617213,11.288100038655102,simulated_charged,GA,2.6897626217203654,6,0,0,6,6,0.010000000000000009,0.010000000000000009,0.5,0.5,-1,1,21.099777964139513,21.142743072948946,21.153484350151306,False,False,0.0,0.0,0.6204291842344423,True,0.03542986205404338,0.0,True,6,0.0,0.0,0.0,11000,21000,Windows-AMD64-py3.14.3,self-contained local validation harness; charged-time accounting is disclosed by timing_mode
grid-treasure_greedy-improvement_seed1,no-git,2026-05-27T22:16:35,1,greedy-improvement,self-contained-game-ai,GridTreasureEnv,1.0-local,grid-treasure,2,24.0,22.0,2.0,1.0,4.0,strict_delta_max,0.5,18.224261984134255,20.224261984134255,42.62829991057515,14.793200069107115,simulated_charged,GA,2.7921987965269914,8,0,0,8,8,0.010000000000000009,0.010000000000000009,0.5,0.5,-1,1,21.0605621135496,21.134899902830966,21.153484350151306,False,False,0.0,0.0,0.6204291842344423,True,0.03440365428503654,0.0,True,8,0.0,0.0,0.0,11000,21000,Windows-AMD64-py3.14.3,self-contained local validation harness; charged-time accounting is disclosed by timing_mode
grid-treasure_greedy-improvement_seed1,no-git,2026-05-27T22:16:35,1,greedy-improvement,self-contained-game-ai,GridTreasureEnv,1.0-local,grid-treasure,3,24.0,22.0,2.0,1.0,4.0,strict_delta_max,0.5,18.359710860684743,20.359710860684743,37.196599994786084,13.204299844801426,simulated_charged,GA,1.533604682689079,7,0,0,7,7,0.010000000000000009,0.010000000000000009,0.5,0.5,-1,1,21.03441832673132,21.12967114546731,21.153484350151306,False,False,0.0,0.0,0.6204291842344423,True,0.061966699632498054,0.0,True,7,0.0,0.0,0.0,11000,21000,Windows-AMD64-py3.14.3,self-contained local validation harness; charged-time accounting is disclosed by timing_mode
grid-treasure_greedy-improvement_seed1,no-git,2026-05-27T22:16:35,1,greedy-improvement,self-contained-game-ai,GridTreasureEnv,1.0-local,grid-treasure,4,24.0,22.0,2.0,1.0,4.0,strict_delta_max,0.5,18.25074939403169,20.25074939403169,36.91120003350079,13.187300064601004,simulated_charged,GA,3.2773475356411352,7,0,0,7,7,0.010000000000000009,0.010000000000000009,0.5,0.5,-1,1,20.994729652257995,21.121733410572645,21.153484350151306,False,False,0.0,0.0,0.6204291842344423,True,0.03687069052074305,0.0,True,7,0.0,0.0,0.0,11000,21000,Windows-AMD64-py3.14.3,self-contained local validation harness; charged-time accounting is disclosed by timing_mode
grid-treasure_greedy-improvement_seed1,no-git,2026-05-27T22:16:35,1,greedy-improvement,self-contained-game-ai,GridTreasureEnv,1.0-local,grid-treasure,5,24.0,22.0,2.0,1.0,4.0,strict_delta_max,0.5,19.32849187837499,21.32849187837499,49.385499907657504,18.000800162553787,simulated_charged,GA,2.0362510216939596,9,0,0,9,9,0.010000000000000009,0.010000000000000009,0.5,0.5,-1,1,21.284739996319068,21.319741501963804,21.32849187837499,False,False,0.0,0.0,0.6204291842344423,True,0.05284861155309992,0.0,True,9,0.0,0.0,0.0,11000,21000,Windows-AMD64-py3.14.3,self-contained local validation harness; charged-time accounting is disclosed by timing_mode
grid-treasure_greedy-improvement_seed2,no-git,2026-05-27T22:16:36,2,greedy-improvement,self-contained-game-ai,GridTreasureEnv,1.0-local,grid-treasure,0,24.0,22.0,2.0,1.0,4.0,strict_delta_max,0.5,19.46044494444781,21.46044494444781,43.11640001833439,18.707799958065152,simulated_charged,GA,2.639303433725926,7,0,0,7,7,-0.06999999999999995,-0.06999999999999995,0.5,0.5,-1,1,21.46044494444781,21.46044494444781,21.46044494444781,False,False,0.0,0.0,0.6968178089568409,True,0.04719582484185867,0.0,True,7,0.0,0.0,0.0,12000,22000,Windows-AMD64-py3.14.3,self-contained local validation harness; charged-time accounting is disclosed by timing_mode
grid-treasure_greedy-improvement_seed2,no-git,2026-05-27T22:16:36,2,greedy-improvement,self-contained-game-ai,GridTreasureEnv,1.0-local,grid-treasure,1,24.0,22.0,2.0,1.0,4.0,strict_delta_max,0.5,19.900413838115508,21.900413838115508,48.117300029844046,20.086499862372875,simulated_charged,GA,2.3375325352233784,8,0,0,8,8,-0.06999999999999995,-0.06999999999999995,0.5,0.5,-1,1,21.878415393432125,21.896014149178832,21.900413838115508,False,False,0.0,0.0,0.56419455217573,True,0.050457712042451634,0.0,True,8,0.0,0.0,0.0,12000,22000,Windows-AMD64-py3.14.3,self-contained local validation harness; charged-time accounting is disclosed by timing_mode
grid-treasure_greedy-improvement_seed2,no-git,2026-05-27T22:16:36,2,greedy-improvement,self-contained-game-ai,GridTreasureEnv,1.0-local,grid-treasure,2,24.0,22.0,2.0,1.0,4.0,strict_delta_max,0.5,19.809303143588505,21.809303143588505,46.47439997643232,18.907600082457066,simulated_charged,GA,1.9321236620724744,8,0,0,8,8,-0.06999999999999995,-0.06999999999999995,0.5,0.5,-1,1,21.891302768662808,21.898591624224967,21.900413838115508,False,False,0.0,0.0,0.6102112795186397,True,0.06958798889026244,0.0,True,8,0.0,0.0,0.0,12000,22000,Windows-AMD64-py3.14.3,self-contained local validation harness; charged-time accounting is disclosed by timing_mode
grid-treasure_greedy-improvement_seed2,no-git,2026-05-27T22:16:36,2,greedy-improvement,self-contained-game-ai,GridTreasureEnv,1.0-local,grid-treasure,3,24.0,22.0,2.0,1.0,4.0,strict_delta_max,0.5,19.653984454826855,21.653984454826855,41.42419993877411,16.516500152647495,simulated_charged,GA,3.328180970132345,7,0,0,7,7,-0.06999999999999995,-0.06999999999999995,0.5,0.5,-1,1,21.886747233936457,21.8976805172797,21.900413838115508,False,False,0.0,0.0,0.5374138894595469,True,0.03109597018002063,0.0,True,7,0.0,0.0,0.0,12000,22000,Windows-AMD64-py3.14.3,self-contained local validation harness; charged-time accounting is disclosed by timing_mode
grid-treasure_greedy-improvement_seed2,no-git,2026-05-27T22:16:36,2,greedy-improvement,self-contained-game-ai,GridTreasureEnv,1.0-local,grid-treasure,4,24.0,22.0,2.0,1.0,4.0,strict_delta_max,0.5,20.294127497199916,22.294127497199916,44.82140007894486,17.204999923706055,simulated_charged,GA,2.319963890849973,8,0,0,8,8,-0.040000000000000036,-0.040000000000000036,0.5,0.5,-1,1,22.215384765383035,22.27837895083654,22.294127497199916,False,False,0.0,0.0,0.5943153528049001,True,0.04095619614323322,0.0,True,8,0.0,0.0,0.0,12000,22000,Windows-AMD64-py3.14.3,self-contained local validation harness; charged-time accounting is disclosed by timing_mode
grid-treasure_greedy-improvement_seed2,no-git,2026-05-27T22:16:36,2,greedy-improvement,self-contained-game-ai,GridTreasureEnv,1.0-local,grid-treasure,5,24.0,22.0,2.0,1.0,4.0,strict_delta_max,0.5,19.330014866451823,21.330014866451823,45.12840008828789,17.38939993083477,simulated_charged,GA,3.790545857000227,8,0,0,8,8,-0.040000000000000036,-0.040000000000000036,0.5,0.5,-1,1,22.195699082428813,22.274441814245694,22.294127497199916,False,False,0.0,0.0,0.5943153528049001,True,0.02457109575372209,0.0,True,8,0.0,0.0,0.0,12000,22000,Windows-AMD64-py3.14.3,self-contained local validation harness; charged-time accounting is disclosed by timing_mode
resource-defense_DLGPR-full_seed0,no-git,2026-05-27T22:16:36,0,DLGPR-full,self-contained-rts-micro,ResourceDefenseEnv,1.0-local,resource-defense,0,24.0,22.0,2.0,1.0,4.0,strict_delta_max,0.5,19.22592664209503,21.22592664209503,52.31549998279661,23.14689999911934,simulated_charged,GA,1.5959861407492306,5,1,2,8,8,0.7029200000000002,0.7029200000000002,0.0,0.5,32,1,21.22592664209503,21.22592664209503,21.22592664209503,False,False,0.0,0.0,0.6892955257055778,True,0.07314214198246523,0.0,True,10,0.25729074927575535,0.15722206109523076,0.14344447601756322,10000,20000,Windows-AMD64-py3.14.3,self-contained local validation harness; charged-time accounting is disclosed by timing_mode
resource-defense_DLGPR-full_seed0,no-git,2026-05-27T22:16:36,0,DLGPR-full,self-contained-rts-micro,ResourceDefenseEnv,1.0-local,resource-defense,1,24.0,22.0,2.0,1.0,4.0,strict_delta_max,0.5,20.527812538431412,22.527812538431412,52.26799997035414,28.004499850794673,simulated_charged,RL,3.158774593223143,1,4,4,9,9,0.940822,0.940822,0.0,0.5,32,1,22.462718243614592,22.51479367946805,22.527812538431412,False,False,0.0,0.0,0.0,False,0.0,0.0,True,13,0.09702146869146346,0.11281894056112618,0.10568917282460534,10000,20000,Windows-AMD64-py3.14.3,self-contained local validation harness; charged-time accounting is disclosed by timing_mode
resource-defense_DLGPR-full_seed0,no-git,2026-05-27T22:16:36,0,DLGPR-full,self-contained-rts-micro,ResourceDefenseEnv,1.0-local,resource-defense,2,24.0,22.0,2.0,1.0,4.0,strict_delta_max,0.5,18.679712398092754,20.679712398092754,49.870199989527464,25.714399991557002,simulated_charged,PSO,2.2178622832094175,1,3,4,8,8,0.940822,0.940822,0.0,0.5,32,1,22.397623948797772,22.501774820504686,22.527812538431412,False,False,0.0,0.0,0.0,False,0.03780349608174392,0.0,True,12,0.09610816688436372,0.09133960720010736,0.09154875840477397,10000,20000,Windows-AMD64-py3.14.3,self-contained local validation harness; charged-time accounting is disclosed by timing_mode
resource-defense_DLGPR-full_seed0,no-git,2026-05-27T22:16:36,0,DLGPR-full,self-contained-rts-micro,ResourceDefenseEnv,1.0-local,resource-defense,3,24.0,22.0,2.0,1.0,4.0,strict_delta_max,0.5,18.972502680389393,20.972502680389393,49.766200012527406,21.02990006096661,simulated_charged,GA,1.7234092562084793,6,1,1,8,8,0.940822,0.940822,0.0,0.5,32,1,22.332529653980956,22.48875596154132,22.527812538431412,False,False,0.0,0.0,0.22873734799916554,True,0.04185042134635202,0.0,True,9,0.1263861830865083,0.0896190587081567,0.09361192166903393,10000,20000,Windows-AMD64-py3.14.3,self-contained local validation harness; charged-time accounting is disclosed by timing_mode
resource-defense_DLGPR-full_seed0,no-git,2026-05-27T22:16:36,0,DLGPR-full,self-contained-rts-micro,ResourceDefenseEnv,1.0-local,resource-defense,4,24.0,22.0,2.0,1.0,4.0,strict_delta_max,0.5,18.485485261093416,20.485485261093416,60.214900062419474,30.448799952864647,simulated_charged,RL,2.550364097480862,1,3,5,9,9,0.940822,0.940822,0.0,0.5,32,1,22.267435359164136,22.475737102577956,22.527812538431412,False,False,0.0,0.0,0.0,False,0.02478783325974666,0.0,True,14,0.0753234188557234,0.08075118069700594,0.0790840932894072,10000,20000,Windows-AMD64-py3.14.3,self-contained local validation harness; charged-time accounting is disclosed by timing_mode
resource-defense_DLGPR-full_seed0,no-git,2026-05-27T22:16:36,0,DLGPR-full,self-contained-rts-micro,ResourceDefenseEnv,1.0-local,resource-defense,5,24.0,22.0,2.0,1.0,4.0,strict_delta_max,0.5,19.393642255281062,21.393642255281062,50.753099960274994,21.68660005554557,simulated_charged,GA,2.6833390394195185,6,1,1,8,8,0.9749519999999998,0.9749519999999998,0.0,0.5,32,1,22.244269967643824,22.471104024273895,22.527812538431412,False,False,0.0,0.0,0.4625217226420803,True,0.03541133711267032,0.0,True,9,0.1757519365334846,0.07952619171385543,0.0808469761380974,10000,20000,Windows-AMD64-py3.14.3,self-contained local validation harness; charged-time accounting is disclosed by timing_mode
resource-defense_DLGPR-full_seed1,no-git,2026-05-27T22:16:36,1,DLGPR-full,self-contained-rts-micro,ResourceDefenseEnv,1.0-local,resource-defense,0,24.0,22.0,2.0,1.0,4.0,strict_delta_max,0.5,18.55314165041012,20.55314165041012,46.67800001334399,19.99559986870736,simulated_charged,GA,2.6704134998623594,5,1,1,7,7,0.9027639999999999,0.9027639999999999,0.0,0.5,32,1,20.55314165041012,20.55314165041012,20.55314165041012,False,False,0.0,0.0,0.7378153438105569,True,0.05122103162624485,0.0,True,8,0.26893810357809295,0.15295004852532132,0.17155940353447424,11000,21000,Windows-AMD64-py3.14.3,self-contained local validation harness; charged-time accounting is disclosed by timing_mode
resource-defense_DLGPR-full_seed1,no-git,2026-05-27T22:16:36,1,DLGPR-full,self-contained-rts-micro,ResourceDefenseEnv,1.0-local,resource-defense,1,24.0,22.0,2.0,1.0,4.0,strict_delta_max,0.5,21.0607809795076,23.0607809795076,52.91389999911189,28.920999728143215,simulated_charged,PSO,3.129484501475518,1,4,4,9,9,0.9027639999999999,0.9027639999999999,0.0,0.5,32,1,22.935399013052727,23.035704586216628,23.0607809795076,False,False,0.0,0.0,0.0,False,0.024881835306785283,0.0,True,13,0.0961243551826554,0.10307545799175868,0.10949339756195992,11000,21000,Windows-AMD64-py3.14.3,self-contained local validation harness; charged-time accounting is disclosed by timing_mode
resource-defense_DLGPR-full_seed1,no-git,2026-05-27T22:16:36,1,DLGPR-full,self-contained-rts-micro,ResourceDefenseEnv,1.0-local,resource-defense,2,24.0,22.0,2.0,1.0,4.0,strict_delta_max,0.5,19.800499737138605,21.800499737138605,46.90560000017285,23.35589996073395,simulated_charged,PSO,2.0878945984325448,1,2,4,7,7,0.9027639999999999,0.9027639999999999,0.0,0.5,32,1,22.934752855270702,23.03557535466022,23.0607809795076,False,False,0.0,0.0,0.0,False,0.007997518667004724,0.0,True,11,0.09562522349593264,0.09454245817543351,0.09071376290773009,11000,21000,Windows-AMD64-py3.14.3,self-contained local validation harness; charged-time accounting is disclosed by timing_mode
resource-defense_DLGPR-full_seed1,no-git,2026-05-27T22:16:36,1,DLGPR-full,self-contained-rts-micro,ResourceDefenseEnv,1.0-local,resource-defense,3,24.0,22.0,2.0,1.0,4.0,strict_delta_max,0.5,18.204439139593866,20.204439139593866,38.78980001900345,18.01550027448684,simulated_charged,GA,2.769934592653276,4,2,1,7,7,0.987528,0.987528,0.0,0.5,32,1,22.87173879315225,23.02297254223653,23.0607809795076,False,False,0.0,0.0,0.21604072721093234,True,0.03172677303853176,0.02404533311965359,True,8,0.13361436882461847,0.09244034817958108,0.09096631401218434,11000,21000,Windows-AMD64-py3.14.3,self-contained local validation harness; charged-time accounting is disclosed by timing_mode
resource-defense_DLGPR-full_seed1,no-git,2026-05-27T22:16:36,1,DLGPR-full,self-contained-rts-micro,ResourceDefenseEnv,1.0-local,resource-defense,4,24.0,22.0,2.0,1.0,4.0,strict_delta_max,0.5,19.36691207858443,21.36691207858443,47.7700000628829,20.187300047837198,simulated_charged,GA,2.930176938317787,6,1,1,8,8,0.987528,0.987528,0.0,0.5,32,1,22.808724731033802,23.01036972981284,23.0607809795076,False,False,0.0,0.0,0.3176497455759987,True,0.027453611371701072,0.0,True,9,0.1447990982412683,0.0888358640667834,0.09063184170229513,11000,21000,Windows-AMD64-py3.14.3,self-contained local validation harness; charged-time accounting is disclosed by timing_mode
resource-defense_DLGPR-full_seed1,no-git,2026-05-27T22:16:36,1,DLGPR-full,self-contained-rts-micro,ResourceDefenseEnv,1.0-local,resource-defense,5,24.0,22.0,2.0,1.0,4.0,strict_delta_max,0.5,18.3668378354458,20.3668378354458,43.884299928322434,20.929899998009205,simulated_charged,RL,3.9221658433374533,1,1,4,6,6,0.987528,0.987528,0.0,0.5,32,1,22.74571066891535,22.997766917389153,23.0607809795076,False,False,0.0,0.0,0.0,False,0.0,0.0,True,10,0.06967774817420126,0.08561867989333413,0.09250307716756331,11000,21000,Windows-AMD64-py3.14.3,self-contained local validation harness; charged-time accounting is disclosed by timing_mode
resource-defense_DLGPR-full_seed2,no-git,2026-05-27T22:16:37,2,DLGPR-full,self-contained-rts-micro,ResourceDefenseEnv,1.0-local,resource-defense,0,24.0,22.0,2.0,1.0,4.0,strict_delta_max,0.5,19.76301681767771,21.76301681767771,56.808499968610704,25.353299803100526,simulated_charged,GA,1.9786552096912007,6,1,2,9,9,0.657472,0.657472,0.0,0.5,32,1,21.76301681767771,21.76301681767771,21.76301681767771,False,False,0.0,0.0,0.8523657988223285,True,0.06192050685728487,0.0,True,11,0.29922192502102746,0.16094745197170104,0.1512050462993423,12000,22000,Windows-AMD64-py3.14.3,self-contained local validation harness; charged-time accounting is disclosed by timing_mode
resource-defense_DLGPR-full_seed2,no-git,2026-05-27T22:16:37,2,DLGPR-full,self-contained-rts-micro,ResourceDefenseEnv,1.0-local,resource-defense,1,24.0,22.0,2.0,1.0,4.0,strict_delta_max,0.5,19.28013331059005,21.28013331059005,40.08080007042736,20.735899917781353,simulated_charged,RL,3.2185007060063144,1,3,3,7,7,0.657472,0.657472,0.0,0.5,32,1,21.738872642323326,21.75818798260683,21.76301681767771,False,False,0.0,0.0,0.0,False,0.03692588905704184,0.0,True,10,0.09260508303200933,0.11291350693452476,0.11538853627958276,12000,22000,Windows-AMD64-py3.14.3,self-contained local validation harness; charged-time accounting is disclosed by timing_mode
resource-defense_DLGPR-full_seed2,no-git,2026-05-27T22:16:37,2,DLGPR-full,self-contained-rts-micro,ResourceDefenseEnv,1.0-local,resource-defense,2,24.0,22.0,2.0,1.0,4.0,strict_delta_max,0.5,20.470721065805193,22.470721065805193,42.46999998576939,18.39040021877736,simulated_charged,GA,3.097581353717163,5,1,1,7,7,0.8535839999999999,0.8535839999999999,0.0,0.5,32,1,22.399950640992444,22.456566980842645,22.470721065805193,False,False,0.0,0.0,0.5405432973954318,True,0.04049457083513583,0.0,True,8,0.20535486790403834,0.10916822735487094,0.11203196796312229,12000,22000,Windows-AMD64-py3.14.3,self-contained local validation harness; charged-time accounting is disclosed by timing_mode
resource-defense_DLGPR-full_seed2,no-git,2026-05-27T22:16:37,2,DLGPR-full,self-contained-rts-micro,ResourceDefenseEnv,1.0-local,resource-defense,3,24.0,22.0,2.0,1.0,4.0,strict_delta_max,0.5,18.08334965199466,20.08334965199466,41.369999991729856,17.471399973146617,simulated_charged,GA,3.65656637530085,5,1,1,7,7,0.8535839999999999,0.8535839999999999,0.0,0.5,32,1,22.364565428586072,22.449489938361367,22.470721065805193,False,False,0.0,0.0,0.5663843959205164,True,0.019715862232859885,0.0,True,8,0.19836647691412043,0.10506101091468965,0.10897381408711292,12000,22000,Windows-AMD64-py3.14.3,self-contained local validation harness; charged-time accounting is disclosed by timing_mode
resource-defense_DLGPR-full_seed2,no-git,2026-05-27T22:16:37,2,DLGPR-full,self-contained-rts-micro,ResourceDefenseEnv,1.0-local,resource-defense,4,24.0,22.0,2.0,1.0,4.0,strict_delta_max,0.5,21.011115444866327,23.011115444866327,60.433799983002245,28.736999724060297,simulated_charged,RL,4.0,1,1,6,8,8,0.924258,0.924258,0.0,0.5,32,1,22.903036569054102,22.989499669703882,23.011115444866327,False,False,0.0,0.0,0.0,False,0.0,0.0,True,14,0.07903021664392065,0.1015074732703934,0.10507596586467916,12000,22000,Windows-AMD64-py3.14.3,self-contained local validation harness; charged-time accounting is disclosed by timing_mode
resource-defense_DLGPR-full_seed2,no-git,2026-05-27T22:16:37,2,DLGPR-full,self-contained-rts-micro,ResourceDefenseEnv,1.0-local,resource-defense,5,24.0,22.0,2.0,1.0,4.0,strict_delta_max,0.5,19.272980793392325,21.272980793392325,39.14820007048547,23.640000144951046,simulated_charged,PSO,1.367602237173468,1,6,2,9,9,0.924258,0.924258,0.0,0.5,32,1,22.876016850101045,22.98409572591327,23.011115444866327,False,False,0.0,0.0,0.0,False,0.058878395537986135,0.0,True,11,0.07226899206299256,0.07887694880790473,0.08300861459932687,12000,22000,Windows-AMD64-py3.14.3,self-contained local validation harness; charged-time accounting is disclosed by timing_mode
resource-defense_fixed-split_seed0,no-git,2026-05-27T22:16:37,0,fixed-split,self-contained-rts-micro,ResourceDefenseEnv,1.0-local,resource-defense,0,24.0,22.0,2.0,1.0,4.0,strict_delta_max,0.5,20.28619339856598,22.28619339856598,52.4219999788329,26.042399927973747,simulated_charged,RL,2.928738647300359,3,3,3,9,9,0.9066799999999999,0.9066799999999999,0.0,0.5,32,1,22.28619339856598,22.28619339856598,22.28619339856598,False,False,0.0,0.0,0.0,False,0.23211699023626856,0.0,True,12,0.0,0.0,0.0,10000,20000,Windows-AMD64-py3.14.3,self-contained local validation harness; charged-time accounting is disclosed by timing_mode
resource-defense_fixed-split_seed0,no-git,2026-05-27T22:16:37,0,fixed-split,self-contained-rts-micro,ResourceDefenseEnv,1.0-local,resource-defense,1,24.0,22.0,2.0,1.0,4.0,strict_delta_max,0.5,19.534179307081722,21.534179307081722,43.688599951565266,21.671400172635913,simulated_charged,PSO,2.0871350118071144,3,3,2,8,8,0.9066799999999999,0.9066799999999999,0.0,0.5,32,1,22.248592693991768,22.27867325765114,22.28619339856598,False,False,0.0,0.0,0.0,False,0.05590731083140581,0.0,True,10,0.0,0.0,0.0,10000,20000,Windows-AMD64-py3.14.3,self-contained local validation harness; charged-time accounting is disclosed by timing_mode
resource-defense_fixed-split_seed0,no-git,2026-05-27T22:16:37,0,fixed-split,self-contained-rts-micro,ResourceDefenseEnv,1.0-local,resource-defense,2,24.0,22.0,2.0,1.0,4.0,strict_delta_max,0.5,21.578383509586068,23.578383509586068,44.007099932059646,21.554899984039366,simulated_charged,RL,4.0,2,2,3,7,7,0.9066799999999999,0.9066799999999999,0.0,0.5,32,1,23.44916449848406,23.552539707365668,23.578383509586068,False,False,0.0,0.0,0.0,False,0.0,0.0,True,10,0.0,0.0,0.0,10000,20000,Windows-AMD64-py3.14.3,self-contained local validation harness; charged-time accounting is disclosed by timing_mode
resource-defense_fixed-split_seed0,no-git,2026-05-27T22:16:37,0,fixed-split,self-contained-rts-micro,ResourceDefenseEnv,1.0-local,resource-defense,3,24.0,22.0,2.0,1.0,4.0,strict_delta_max,0.5,21.10819528392632,23.10819528392632,48.36269991938025,24.416300118900836,simulated_charged,RL,3.158893195203189,3,3,3,9,9,0.9066799999999999,0.9066799999999999,0.0,0.5,32,1,23.507855275737107,23.564277862816276,23.578383509586068,False,False,0.0,0.0,0.0,False,0.0,0.0,True,12,0.0,0.0,0.0,10000,20000,Windows-AMD64-py3.14.3,self-contained local validation harness; charged-time accounting is disclosed by timing_mode
resource-defense_fixed-split_seed0,no-git,2026-05-27T22:16:37,0,fixed-split,self-contained-rts-micro,ResourceDefenseEnv,1.0-local,resource-defense,4,24.0,22.0,2.0,1.0,4.0,strict_delta_max,0.5,19.704759165268477,21.704759165268477,40.093200048431754,19.338500103913248,simulated_charged,GA,3.8120485142322798,3,2,2,7,7,0.9066799999999999,0.9066799999999999,0.0,0.5,32,1,23.48434586445412,23.55957598055968,23.578383509586068,False,False,0.0,0.0,0.12998834998804937,True,0.020196865822847337,0.0,True,9,0.0,0.0,0.0,10000,20000,Windows-AMD64-py3.14.3,self-contained local validation harness; charged-time accounting is disclosed by timing_mode
resource-defense_fixed-split_seed0,no-git,2026-05-27T22:16:37,0,fixed-split,self-contained-rts-micro,ResourceDefenseEnv,1.0-local,resource-defense,5,24.0,22.0,2.0,1.0,4.0,strict_delta_max,0.5,19.371264990480896,21.371264990480896,54.357900051400065,26.615899871103466,simulated_charged,GA,3.088583893293185,3,3,3,9,9,0.9066799999999999,0.9066799999999999,0.0,0.5,32,1,23.460836453171133,23.55487409830308,23.578383509586068,False,False,0.0,0.0,0.14110155911260244,True,0.024692138866627,0.0,True,12,0.0,0.0,0.0,10000,20000,Windows-AMD64-py3.14.3,self-contained local validation harness; charged-time accounting is disclosed by timing_mode
resource-defense_fixed-split_seed1,no-git,2026-05-27T22:16:38,1,fixed-split,self-contained-rts-micro,ResourceDefenseEnv,1.0-local,resource-defense,0,24.0,22.0,2.0,1.0,4.0,strict_delta_max,0.5,19.491819293253,21.491819293253,41.20499989949167,19.842499983496964,simulated_charged,GA,2.9511296279430206,3,2,2,7,7,0.9027639999999999,0.9027639999999999,0.0,0.5,32,1,21.491819293253,21.491819293253,21.491819293253,False,False,0.0,0.0,0.713969529193905,True,0.021636768912543132,0.0,True,9,0.0,0.0,0.0,11000,21000,Windows-AMD64-py3.14.3,self-contained local validation harness; charged-time accounting is disclosed by timing_mode
resource-defense_fixed-split_seed1,no-git,2026-05-27T22:16:38,1,fixed-split,self-contained-rts-micro,ResourceDefenseEnv,1.0-local,resource-defense,1,24.0,22.0,2.0,1.0,4.0,strict_delta_max,0.5,20.32753592607868,22.32753592607868,36.85659996699542,18.9879999961704,simulated_charged,PSO,2.8017412077881034,2,3,2,7,7,0.9027639999999999,0.9027639999999999,0.0,0.5,32,1,22.285750094437397,22.319178759750425,22.32753592607868,False,False,0.0,0.0,0.0,False,0.023909200819865386,0.0,True,9,0.0,0.0,0.0,11000,21000,Windows-AMD64-py3.14.3,self-contained local validation harness; charged-time accounting is disclosed by timing_mode
resource-defense_fixed-split_seed1,no-git,2026-05-27T22:16:38,1,fixed-split,self-contained-rts-micro,ResourceDefenseEnv,1.0-local,resource-defense,2,24.0,22.0,2.0,1.0,4.0,strict_delta_max,0.5,20.561988675955096,22.561988675955096,42.81000001356006,20.856200018897653,simulated_charged,RL,4.0,2,2,3,7,7,0.91228,0.91228,0.0,0.5,32,1,22.538543400967455,22.55729962095757,22.561988675955096,False,False,0.0,0.0,0.0,False,0.059742500000000004,0.0,True,10,0.0,0.0,0.0,11000,21000,Windows-AMD64-py3.14.3,self-contained local validation harness; charged-time accounting is disclosed by timing_mode
resource-defense_fixed-split_seed1,no-git,2026-05-27T22:16:38,1,fixed-split,self-contained-rts-micro,ResourceDefenseEnv,1.0-local,resource-defense,3,24.0,22.0,2.0,1.0,4.0,strict_delta_max,0.5,20.043791597538696,22.043791597538696,42.83940000459552,21.502100164070725,simulated_charged,PSO,3.3600420251679135,3,3,2,8,8,0.92222,0.92222,0.0,0.5,32,1,22.526820763473633,22.554955093458805,22.561988675955096,False,False,0.0,0.0,0.0,False,0.023787425604004132,0.0,True,10,0.0,0.0,0.0,11000,21000,Windows-AMD64-py3.14.3,self-contained local validation harness; charged-time accounting is disclosed by timing_mode
resource-defense_fixed-split_seed1,no-git,2026-05-27T22:16:38,1,fixed-split,self-contained-rts-micro,ResourceDefenseEnv,1.0-local,resource-defense,4,24.0,22.0,2.0,1.0,4.0,strict_delta_max,0.5,19.797139555675805,21.797139555675805,48.50459995213896,23.05080008227378,simulated_charged,GA,2.55566517160596,3,2,3,8,8,0.9248319999999999,0.9248319999999999,0.0,0.5,32,1,22.51509812597981,22.552610565960038,22.561988675955096,False,False,0.0,0.0,0.08800238279346487,True,0.023923745881540375,0.0010220431177838825,True,11,0.0,0.0,0.0,11000,21000,Windows-AMD64-py3.14.3,self-contained local validation harness; charged-time accounting is disclosed by timing_mode
resource-defense_fixed-split_seed1,no-git,2026-05-27T22:16:38,1,fixed-split,self-contained-rts-micro,ResourceDefenseEnv,1.0-local,resource-defense,5,24.0,22.0,2.0,1.0,4.0,strict_delta_max,0.5,19.526706101708662,21.526706101708662,36.79160005412996,19.080699887126684,simulated_charged,PSO,2.287274740221504,2,3,2,7,7,0.9248319999999999,0.9248319999999999,0.0,0.5,32,1,22.503375488485993,22.550266038461274,22.561988675955096,False,False,0.0,0.0,0.0,False,0.029838550893889218,0.0,True,9,0.0,0.0,0.0,11000,21000,Windows-AMD64-py3.14.3,self-contained local validation harness; charged-time accounting is disclosed by timing_mode
resource-defense_fixed-split_seed2,no-git,2026-05-27T22:16:38,2,fixed-split,self-contained-rts-micro,ResourceDefenseEnv,1.0-local,resource-defense,0,24.0,22.0,2.0,1.0,4.0,strict_delta_max,0.5,19.064426993301073,21.064426993301073,42.877999949269,21.60449989605695,simulated_charged,PSO,3.2964373236457085,3,3,2,8,8,0.657472,0.657472,0.0,0.5,32,1,21.064426993301073,21.064426993301073,21.064426993301073,False,False,0.0,0.0,0.0,False,0.03816598684789514,0.0,True,10,0.0,0.0,0.0,12000,22000,Windows-AMD64-py3.14.3,self-contained local validation harness; charged-time accounting is disclosed by timing_mode
resource-defense_fixed-split_seed2,no-git,2026-05-27T22:16:38,2,fixed-split,self-contained-rts-micro,ResourceDefenseEnv,1.0-local,resource-defense,1,24.0,22.0,2.0,1.0,4.0,strict_delta_max,0.5,20.191645327682018,22.191645327682018,35.182699910365045,17.150300089269876,simulated_charged,PSO,3.554799386212883,2,2,2,6,6,0.677516,0.677516,0.0,0.5,32,1,22.13528441096297,22.18037314433821,22.191645327682018,False,False,0.0,0.0,0.0,False,0.03660608418710082,0.0,True,8,0.0,0.0,0.0,12000,22000,Windows-AMD64-py3.14.3,self-contained local validation harness; charged-time accounting is disclosed by timing_mode
resource-defense_fixed-split_seed2,no-git,2026-05-27T22:16:38,2,fixed-split,self-contained-rts-micro,ResourceDefenseEnv,1.0-local,resource-defense,2,24.0,22.0,2.0,1.0,4.0,strict_delta_max,0.5,19.69799087570413,21.69799087570413,48.403199994936585,22.75310014374554,simulated_charged,GA,3.9680375939724826,3,2,3,8,8,0.8006059999999999,0.8006059999999999,0.0,0.5,32,1,22.142279882484228,22.18177223864246,22.191645327682018,False,False,0.0,0.0,0.6174481967390001,True,0.01690469704325449,0.0,True,11,0.0,0.0,0.0,12000,22000,Windows-AMD64-py3.14.3,self-contained local validation harness; charged-time accounting is disclosed by timing_mode
resource-defense_fixed-split_seed2,no-git,2026-05-27T22:16:38,2,fixed-split,self-contained-rts-micro,ResourceDefenseEnv,1.0-local,resource-defense,3,24.0,22.0,2.0,1.0,4.0,strict_delta_max,0.5,19.787155007168995,21.787155007168995,37.40500006824732,19.49530025012791,simulated_charged,PSO,2.6977349717159167,2,3,2,7,7,0.876954,0.876954,0.0,0.5,32,1,22.130971779605066,22.179510618066626,22.191645327682018,False,False,0.0,0.0,0.0,False,0.036302547511656805,0.0,True,9,0.0,0.0,0.0,12000,22000,Windows-AMD64-py3.14.3,self-contained local validation harness; charged-time accounting is disclosed by timing_mode
resource-defense_fixed-split_seed2,no-git,2026-05-27T22:16:38,2,fixed-split,self-contained-rts-micro,ResourceDefenseEnv,1.0-local,resource-defense,4,24.0,22.0,2.0,1.0,4.0,strict_delta_max,0.5,19.105702693491512,21.105702693491512,43.64649998024106,21.433800109662116,simulated_charged,RL,3.514506895236044,2,2,3,7,7,0.89228,0.89228,0.0,0.5,32,1,22.110747263579412,22.175465714861495,22.191645327682018,False,False,0.0,0.0,0.0,False,0.14432977800885263,0.0,True,10,0.0,0.0,0.0,12000,22000,Windows-AMD64-py3.14.3,self-contained local validation harness; charged-time accounting is disclosed by timing_mode
resource-defense_fixed-split_seed2,no-git,2026-05-27T22:16:38,2,fixed-split,self-contained-rts-micro,ResourceDefenseEnv,1.0-local,resource-defense,5,24.0,22.0,2.0,1.0,4.0,strict_delta_max,0.5,19.237665522506163,21.237665522506163,44.24409999046475,22.324100020341575,simulated_charged,PSO,1.6390597320561227,3,3,2,8,8,0.89228,0.89228,0.0,0.5,32,1,22.090522747553763,22.17142081165637,22.191645327682018,False,False,0.0,0.0,0.0,False,0.049612652814669776,0.0,True,10,0.0,0.0,0.0,12000,22000,Windows-AMD64-py3.14.3,self-contained local validation harness; charged-time accounting is disclosed by timing_mode
resource-defense_round-robin_seed0,no-git,2026-05-27T22:16:38,0,round-robin,self-contained-rts-micro,ResourceDefenseEnv,1.0-local,resource-defense,0,24.0,22.0,2.0,1.0,4.0,strict_delta_max,0.5,20.28619339856598,22.28619339856598,51.63329991046339,25.43330006301403,simulated_charged,RL,2.928738647300359,3,3,3,9,9,0.9066799999999999,0.9066799999999999,0.0,0.5,32,1,22.28619339856598,22.28619339856598,22.28619339856598,False,False,0.0,0.0,0.0,False,0.23211699023626856,0.0,True,12,0.0,0.0,0.0,10000,20000,Windows-AMD64-py3.14.3,self-contained local validation harness; charged-time accounting is disclosed by timing_mode
resource-defense_round-robin_seed0,no-git,2026-05-27T22:16:38,0,round-robin,self-contained-rts-micro,ResourceDefenseEnv,1.0-local,resource-defense,1,24.0,22.0,2.0,1.0,4.0,strict_delta_max,0.5,19.534179307081722,21.534179307081722,43.10909996274859,21.59729995764792,simulated_charged,PSO,2.0871350118071144,3,3,2,8,8,0.9066799999999999,0.9066799999999999,0.0,0.5,32,1,22.248592693991768,22.27867325765114,22.28619339856598,False,False,0.0,0.0,0.0,False,0.05590731083140581,0.0,True,10,0.0,0.0,0.0,10000,20000,Windows-AMD64-py3.14.3,self-contained local validation harness; charged-time accounting is disclosed by timing_mode
resource-defense_round-robin_seed0,no-git,2026-05-27T22:16:38,0,round-robin,self-contained-rts-micro,ResourceDefenseEnv,1.0-local,resource-defense,2,24.0,22.0,2.0,1.0,4.0,strict_delta_max,0.5,21.578383509586068,23.578383509586068,43.34630002267659,21.196600049734116,simulated_charged,RL,4.0,2,2,3,7,7,0.9066799999999999,0.9066799999999999,0.0,0.5,32,1,23.44916449848406,23.552539707365668,23.578383509586068,False,False,0.0,0.0,0.0,False,0.0,0.0,True,10,0.0,0.0,0.0,10000,20000,Windows-AMD64-py3.14.3,self-contained local validation harness; charged-time accounting is disclosed by timing_mode
resource-defense_round-robin_seed0,no-git,2026-05-27T22:16:38,0,round-robin,self-contained-rts-micro,ResourceDefenseEnv,1.0-local,resource-defense,3,24.0,22.0,2.0,1.0,4.0,strict_delta_max,0.5,21.10819528392632,23.10819528392632,54.839399992488325,27.653499972075224,simulated_charged,RL,3.158893195203189,3,3,3,9,9,0.9066799999999999,0.9066799999999999,0.0,0.5,32,1,23.507855275737107,23.564277862816276,23.578383509586068,False,False,0.0,0.0,0.0,False,0.0,0.0,True,12,0.0,0.0,0.0,10000,20000,Windows-AMD64-py3.14.3,self-contained local validation harness; charged-time accounting is disclosed by timing_mode
resource-defense_round-robin_seed0,no-git,2026-05-27T22:16:38,0,round-robin,self-contained-rts-micro,ResourceDefenseEnv,1.0-local,resource-defense,4,24.0,22.0,2.0,1.0,4.0,strict_delta_max,0.5,19.704759165268477,21.704759165268477,41.894700028933585,19.813000108115375,simulated_charged,GA,3.8120485142322798,3,2,2,7,7,0.9066799999999999,0.9066799999999999,0.0,0.5,32,1,23.48434586445412,23.55957598055968,23.578383509586068,False,False,0.0,0.0,0.12998834998804937,True,0.020196865822847337,0.0,True,9,0.0,0.0,0.0,10000,20000,Windows-AMD64-py3.14.3,self-contained local validation harness; charged-time accounting is disclosed by timing_mode
resource-defense_round-robin_seed0,no-git,2026-05-27T22:16:38,0,round-robin,self-contained-rts-micro,ResourceDefenseEnv,1.0-local,resource-defense,5,24.0,22.0,2.0,1.0,4.0,strict_delta_max,0.5,19.371264990480896,21.371264990480896,51.637599943205714,25.60360007919371,simulated_charged,GA,3.088583893293185,3,3,3,9,9,0.9066799999999999,0.9066799999999999,0.0,0.5,32,1,23.460836453171133,23.55487409830308,23.578383509586068,False,False,0.0,0.0,0.14110155911260244,True,0.024692138866627,0.0,True,12,0.0,0.0,0.0,10000,20000,Windows-AMD64-py3.14.3,self-contained local validation harness; charged-time accounting is disclosed by timing_mode
resource-defense_round-robin_seed1,no-git,2026-05-27T22:16:39,1,round-robin,self-contained-rts-micro,ResourceDefenseEnv,1.0-local,resource-defense,0,24.0,22.0,2.0,1.0,4.0,strict_delta_max,0.5,19.491819293253,21.491819293253,40.77110008802265,19.35160020366311,simulated_charged,GA,2.9511296279430206,3,2,2,7,7,0.9027639999999999,0.9027639999999999,0.0,0.5,32,1,21.491819293253,21.491819293253,21.491819293253,False,False,0.0,0.0,0.713969529193905,True,0.021636768912543132,0.0,True,9,0.0,0.0,0.0,11000,21000,Windows-AMD64-py3.14.3,self-contained local validation harness; charged-time accounting is disclosed by timing_mode
resource-defense_round-robin_seed1,no-git,2026-05-27T22:16:39,1,round-robin,self-contained-rts-micro,ResourceDefenseEnv,1.0-local,resource-defense,1,24.0,22.0,2.0,1.0,4.0,strict_delta_max,0.5,20.32753592607868,22.32753592607868,37.166699999943376,19.303900189697742,simulated_charged,PSO,2.8017412077881034,2,3,2,7,7,0.9027639999999999,0.9027639999999999,0.0,0.5,32,1,22.285750094437397,22.319178759750425,22.32753592607868,False,False,0.0,0.0,0.0,False,0.023909200819865386,0.0,True,9,0.0,0.0,0.0,11000,21000,Windows-AMD64-py3.14.3,self-contained local validation harness; charged-time accounting is disclosed by timing_mode
resource-defense_round-robin_seed1,no-git,2026-05-27T22:16:39,1,round-robin,self-contained-rts-micro,ResourceDefenseEnv,1.0-local,resource-defense,2,24.0,22.0,2.0,1.0,4.0,strict_delta_max,0.5,20.561988675955096,22.561988675955096,42.85119997803122,20.99009999074042,simulated_charged,RL,4.0,2,2,3,7,7,0.91228,0.91228,0.0,0.5,32,1,22.538543400967455,22.55729962095757,22.561988675955096,False,False,0.0,0.0,0.0,False,0.059742500000000004,0.0,True,10,0.0,0.0,0.0,11000,21000,Windows-AMD64-py3.14.3,self-contained local validation harness; charged-time accounting is disclosed by timing_mode
resource-defense_round-robin_seed1,no-git,2026-05-27T22:16:39,1,round-robin,self-contained-rts-micro,ResourceDefenseEnv,1.0-local,resource-defense,3,24.0,22.0,2.0,1.0,4.0,strict_delta_max,0.5,20.043791597538696,22.043791597538696,42.86769998725504,21.56129968352616,simulated_charged,PSO,3.3600420251679135,3,3,2,8,8,0.92222,0.92222,0.0,0.5,32,1,22.526820763473633,22.554955093458805,22.561988675955096,False,False,0.0,0.0,0.0,False,0.023787425604004132,0.0,True,10,0.0,0.0,0.0,11000,21000,Windows-AMD64-py3.14.3,self-contained local validation harness; charged-time accounting is disclosed by timing_mode
resource-defense_round-robin_seed1,no-git,2026-05-27T22:16:39,1,round-robin,self-contained-rts-micro,ResourceDefenseEnv,1.0-local,resource-defense,4,24.0,22.0,2.0,1.0,4.0,strict_delta_max,0.5,19.797139555675805,21.797139555675805,48.744300031103194,23.249699850566685,simulated_charged,GA,2.55566517160596,3,2,3,8,8,0.9248319999999999,0.9248319999999999,0.0,0.5,32,1,22.51509812597981,22.552610565960038,22.561988675955096,False,False,0.0,0.0,0.08800238279346487,True,0.023923745881540375,0.0010220431177838825,True,11,0.0,0.0,0.0,11000,21000,Windows-AMD64-py3.14.3,self-contained local validation harness; charged-time accounting is disclosed by timing_mode
resource-defense_round-robin_seed1,no-git,2026-05-27T22:16:39,1,round-robin,self-contained-rts-micro,ResourceDefenseEnv,1.0-local,resource-defense,5,24.0,22.0,2.0,1.0,4.0,strict_delta_max,0.5,19.526706101708662,21.526706101708662,37.311799940653145,19.354000105522573,simulated_charged,PSO,2.287274740221504,2,3,2,7,7,0.9248319999999999,0.9248319999999999,0.0,0.5,32,1,22.503375488485993,22.550266038461274,22.561988675955096,False,False,0.0,0.0,0.0,False,0.029838550893889218,0.0,True,9,0.0,0.0,0.0,11000,21000,Windows-AMD64-py3.14.3,self-contained local validation harness; charged-time accounting is disclosed by timing_mode
resource-defense_round-robin_seed2,no-git,2026-05-27T22:16:39,2,round-robin,self-contained-rts-micro,ResourceDefenseEnv,1.0-local,resource-defense,0,24.0,22.0,2.0,1.0,4.0,strict_delta_max,0.5,19.064426993301073,21.064426993301073,43.49089995957911,22.101699956692755,simulated_charged,PSO,3.2964373236457085,3,3,2,8,8,0.657472,0.657472,0.0,0.5,32,1,21.064426993301073,21.064426993301073,21.064426993301073,False,False,0.0,0.0,0.0,False,0.03816598684789514,0.0,True,10,0.0,0.0,0.0,12000,22000,Windows-AMD64-py3.14.3,self-contained local validation harness; charged-time accounting is disclosed by timing_mode
resource-defense_round-robin_seed2,no-git,2026-05-27T22:16:39,2,round-robin,self-contained-rts-micro,ResourceDefenseEnv,1.0-local,resource-defense,1,24.0,22.0,2.0,1.0,4.0,strict_delta_max,0.5,20.191645327682018,22.191645327682018,35.53330001886934,17.29589980095625,simulated_charged,PSO,3.554799386212883,2,2,2,6,6,0.677516,0.677516,0.0,0.5,32,1,22.13528441096297,22.18037314433821,22.191645327682018,False,False,0.0,0.0,0.0,False,0.03660608418710082,0.0,True,8,0.0,0.0,0.0,12000,22000,Windows-AMD64-py3.14.3,self-contained local validation harness; charged-time accounting is disclosed by timing_mode
resource-defense_round-robin_seed2,no-git,2026-05-27T22:16:39,2,round-robin,self-contained-rts-micro,ResourceDefenseEnv,1.0-local,resource-defense,2,24.0,22.0,2.0,1.0,4.0,strict_delta_max,0.5,19.69799087570413,21.69799087570413,49.35390001628548,23.196599911898375,simulated_charged,GA,3.9680375939724826,3,2,3,8,8,0.8006059999999999,0.8006059999999999,0.0,0.5,32,1,22.142279882484228,22.18177223864246,22.191645327682018,False,False,0.0,0.0,0.6174481967390001,True,0.01690469704325449,0.0,True,11,0.0,0.0,0.0,12000,22000,Windows-AMD64-py3.14.3,self-contained local validation harness; charged-time accounting is disclosed by timing_mode
resource-defense_round-robin_seed2,no-git,2026-05-27T22:16:39,2,round-robin,self-contained-rts-micro,ResourceDefenseEnv,1.0-local,resource-defense,3,24.0,22.0,2.0,1.0,4.0,strict_delta_max,0.5,19.787155007168995,21.787155007168995,37.951999926008284,19.436700036749244,simulated_charged,PSO,2.6977349717159167,2,3,2,7,7,0.876954,0.876954,0.0,0.5,32,1,22.130971779605066,22.179510618066626,22.191645327682018,False,False,0.0,0.0,0.0,False,0.036302547511656805,0.0,True,9,0.0,0.0,0.0,12000,22000,Windows-AMD64-py3.14.3,self-contained local validation harness; charged-time accounting is disclosed by timing_mode
resource-defense_round-robin_seed2,no-git,2026-05-27T22:16:39,2,round-robin,self-contained-rts-micro,ResourceDefenseEnv,1.0-local,resource-defense,4,24.0,22.0,2.0,1.0,4.0,strict_delta_max,0.5,19.105702693491512,21.105702693491512,43.494599987752736,21.21069992426783,simulated_charged,RL,3.514506895236044,2,2,3,7,7,0.89228,0.89228,0.0,0.5,32,1,22.110747263579412,22.175465714861495,22.191645327682018,False,False,0.0,0.0,0.0,False,0.14432977800885263,0.0,True,10,0.0,0.0,0.0,12000,22000,Windows-AMD64-py3.14.3,self-contained local validation harness; charged-time accounting is disclosed by timing_mode
resource-defense_round-robin_seed2,no-git,2026-05-27T22:16:39,2,round-robin,self-contained-rts-micro,ResourceDefenseEnv,1.0-local,resource-defense,5,24.0,22.0,2.0,1.0,4.0,strict_delta_max,0.5,19.237665522506163,21.237665522506163,43.26379997655749,21.587399882264435,simulated_charged,PSO,1.6390597320561227,3,3,2,8,8,0.89228,0.89228,0.0,0.5,32,1,22.090522747553763,22.17142081165637,22.191645327682018,False,False,0.0,0.0,0.0,False,0.049612652814669776,0.0,True,10,0.0,0.0,0.0,12000,22000,Windows-AMD64-py3.14.3,self-contained local validation harness; charged-time accounting is disclosed by timing_mode
resource-defense_greedy-improvement_seed0,no-git,2026-05-27T22:16:39,0,greedy-improvement,self-contained-rts-micro,ResourceDefenseEnv,1.0-local,resource-defense,0,24.0,22.0,2.0,1.0,4.0,strict_delta_max,0.5,20.22931709676935,22.22931709676935,43.67959999945015,17.02060003299266,simulated_charged,GA,3.74160563721957,7,0,0,7,7,0.701608,0.701608,0.0,0.5,32,1,22.22931709676935,22.22931709676935,22.22931709676935,False,False,0.0,0.0,0.6814405459516506,True,0.03646517063249983,0.0,True,7,0.0,0.0,0.0,10000,20000,Windows-AMD64-py3.14.3,self-contained local validation harness; charged-time accounting is disclosed by timing_mode
resource-defense_greedy-improvement_seed0,no-git,2026-05-27T22:16:39,0,greedy-improvement,self-contained-rts-micro,ResourceDefenseEnv,1.0-local,resource-defense,1,24.0,22.0,2.0,1.0,4.0,strict_delta_max,0.5,18.178467582294957,20.178467582294957,47.28259996045381,18.587199854664505,simulated_charged,GA,3.4593107775741263,7,0,0,7,7,0.7085679999999999,0.7085679999999999,0.0,0.5,32,1,22.12677462104563,22.208808601624607,22.22931709676935,False,False,0.0,0.0,0.4759144618475732,True,0.0404424974909286,0.0,True,7,0.0,0.0,0.0,10000,20000,Windows-AMD64-py3.14.3,self-contained local validation harness; charged-time accounting is disclosed by timing_mode
resource-defense_greedy-improvement_seed0,no-git,2026-05-27T22:16:39,0,greedy-improvement,self-contained-rts-micro,ResourceDefenseEnv,1.0-local,resource-defense,2,24.0,22.0,2.0,1.0,4.0,strict_delta_max,0.5,20.376718972040276,22.376718972040276,52.55090002901852,20.980199915356934,simulated_charged,GA,3.742440587258419,8,0,0,8,8,0.7085679999999999,0.7085679999999999,0.0,0.5,32,1,22.361978784513184,22.373770934534857,22.376718972040276,False,False,0.0,0.0,0.5048954661835012,True,0.029814991248126838,0.0,True,8,0.0,0.0,0.0,10000,20000,Windows-AMD64-py3.14.3,self-contained local validation harness; charged-time accounting is disclosed by timing_mode
resource-defense_greedy-improvement_seed0,no-git,2026-05-27T22:16:39,0,greedy-improvement,self-contained-rts-micro,ResourceDefenseEnv,1.0-local,resource-defense,3,24.0,22.0,2.0,1.0,4.0,strict_delta_max,0.5,18.275871142744062,20.275871142744062,45.333400019444525,18.10629991814494,simulated_charged,GA,1.7927451215278905,7,0,0,7,7,0.7085679999999999,0.7085679999999999,0.0,0.5,32,1,22.354608690749636,22.372296915782147,22.376718972040276,False,False,0.0,0.0,0.49145583094227685,True,0.060464705119066944,0.0,True,7,0.0,0.0,0.0,10000,20000,Windows-AMD64-py3.14.3,self-contained local validation harness; charged-time accounting is disclosed by timing_mode
resource-defense_greedy-improvement_seed0,no-git,2026-05-27T22:16:39,0,greedy-improvement,self-contained-rts-micro,ResourceDefenseEnv,1.0-local,resource-defense,4,24.0,22.0,2.0,1.0,4.0,strict_delta_max,0.5,19.79190151001531,21.79190151001531,50.98299996461719,19.953700248152018,simulated_charged,GA,2.246542353648355,8,0,0,8,8,0.7525159999999997,0.7525159999999997,0.0,0.5,32,1,22.34723859698609,22.370822897029438,22.376718972040276,False,False,0.0,0.0,0.49156230357332775,True,0.041167870807935575,0.0,True,8,0.0,0.0,0.0,10000,20000,Windows-AMD64-py3.14.3,self-contained local validation harness; charged-time accounting is disclosed by timing_mode
resource-defense_greedy-improvement_seed0,no-git,2026-05-27T22:16:39,0,greedy-improvement,self-contained-rts-micro,ResourceDefenseEnv,1.0-local,resource-defense,5,24.0,22.0,2.0,1.0,4.0,strict_delta_max,0.5,18.94518084767644,20.94518084767644,58.747100061737,23.50529981777072,simulated_charged,GA,2.012906277766147,9,0,0,9,9,0.7525159999999997,0.7525159999999997,0.0,0.5,32,1,22.339868503222544,22.36934887827673,22.376718972040276,False,False,0.0,0.0,0.5248146832749382,True,0.05398373320917826,0.0,True,9,0.0,0.0,0.0,10000,20000,Windows-AMD64-py3.14.3,self-contained local validation harness; charged-time accounting is disclosed by timing_mode
resource-defense_greedy-improvement_seed1,no-git,2026-05-27T22:16:40,1,greedy-improvement,self-contained-rts-micro,ResourceDefenseEnv,1.0-local,resource-defense,0,24.0,22.0,2.0,1.0,4.0,strict_delta_max,0.5,19.861472644965083,21.861472644965083,50.209200009703636,19.831800018437207,simulated_charged,GA,3.737632519477067,8,0,0,8,8,0.8901759999999999,0.8901759999999999,0.0,0.5,32,1,21.861472644965083,21.861472644965083,21.861472644965083,False,False,0.0,0.0,0.7543817870870401,True,0.041799258261332975,0.0,True,8,0.0,0.0,0.0,11000,21000,Windows-AMD64-py3.14.3,self-contained local validation harness; charged-time accounting is disclosed by timing_mode
resource-defense_greedy-improvement_seed1,no-git,2026-05-27T22:16:40,1,greedy-improvement,self-contained-rts-micro,ResourceDefenseEnv,1.0-local,resource-defense,1,24.0,22.0,2.0,1.0,4.0,strict_delta_max,0.5,19.231676089734695,21.231676089734695,42.82180010341108,16.736699850298464,simulated_charged,GA,3.7710822854607207,7,0,0,7,7,0.8901759999999999,0.8901759999999999,0.0,0.5,32,1,21.829982817203565,21.85517467941278,21.861472644965083,False,False,0.0,0.0,0.7072418876015917,True,0.032926694166984405,0.0,True,7,0.0,0.0,0.0,11000,21000,Windows-AMD64-py3.14.3,self-contained local validation harness; charged-time accounting is disclosed by timing_mode
resource-defense_greedy-improvement_seed1,no-git,2026-05-27T22:16:40,1,greedy-improvement,self-contained-rts-micro,ResourceDefenseEnv,1.0-local,resource-defense,2,24.0,22.0,2.0,1.0,4.0,strict_delta_max,0.5,18.095908283277247,20.095908283277247,43.24209992773831,16.76140003837645,simulated_charged,GA,2.3467955124705626,7,0,0,7,7,0.934008,0.934008,0.0,0.5,32,1,21.798492989442043,21.848876713860474,21.861472644965083,False,False,0.0,0.0,0.7608623979198105,True,0.04511107333535736,0.0,True,7,0.0,0.0,0.0,11000,21000,Windows-AMD64-py3.14.3,self-contained local validation harness; charged-time accounting is disclosed by timing_mode
resource-defense_greedy-improvement_seed1,no-git,2026-05-27T22:16:40,1,greedy-improvement,self-contained-rts-micro,ResourceDefenseEnv,1.0-local,resource-defense,3,24.0,22.0,2.0,1.0,4.0,strict_delta_max,0.5,20.268403467282088,22.268403467282088,42.65819990541786,16.45630004350096,simulated_charged,GA,2.4502125925384743,7,0,0,7,7,0.9540919999999999,0.9540919999999999,0.0,0.5,32,1,22.207363843934537,22.256195542612577,22.268403467282088,False,False,0.0,0.0,0.6259950065956892,True,0.04735143092923738,0.008196839760419534,True,7,0.0,0.0,0.0,11000,21000,Windows-AMD64-py3.14.3,self-contained local validation harness; charged-time accounting is disclosed by timing_mode
resource-defense_greedy-improvement_seed1,no-git,2026-05-27T22:16:40,1,greedy-improvement,self-contained-rts-micro,ResourceDefenseEnv,1.0-local,resource-defense,4,24.0,22.0,2.0,1.0,4.0,strict_delta_max,0.5,19.47921179736539,21.47921179736539,42.69510006997734,16.50329981930554,simulated_charged,GA,3.6918006104878285,7,0,0,7,7,0.9540919999999999,0.9540919999999999,0.0,0.5,32,1,22.18701730281869,22.252126234389408,22.268403467282088,False,False,0.0,0.0,0.48893963770751514,True,0.027816727140986115,0.0,True,7,0.0,0.0,0.0,11000,21000,Windows-AMD64-py3.14.3,self-contained local validation harness; charged-time accounting is disclosed by timing_mode
resource-defense_greedy-improvement_seed1,no-git,2026-05-27T22:16:40,1,greedy-improvement,self-contained-rts-micro,ResourceDefenseEnv,1.0-local,resource-defense,5,24.0,22.0,2.0,1.0,4.0,strict_delta_max,0.5,18.973126029706304,20.973126029706304,54.604100063443184,21.37179975397885,simulated_charged,GA,2.241765379749357,9,0,0,9,9,1.0091639999999997,1.0091639999999997,0.0,0.5,32,1,22.166670761702836,22.24805692616624,22.268403467282088,False,False,0.0,0.0,0.49022341313630163,True,0.049150459228008,0.0,True,9,0.0,0.0,0.0,11000,21000,Windows-AMD64-py3.14.3,self-contained local validation harness; charged-time accounting is disclosed by timing_mode
resource-defense_greedy-improvement_seed2,no-git,2026-05-27T22:16:40,2,greedy-improvement,self-contained-rts-micro,ResourceDefenseEnv,1.0-local,resource-defense,0,24.0,22.0,2.0,1.0,4.0,strict_delta_max,0.5,18.22478984593246,20.22478984593246,43.835099902935326,17.40490016527474,simulated_charged,GA,1.0031229565211865,7,0,0,7,7,0.657472,0.657472,0.0,0.5,32,1,20.22478984593246,20.22478984593246,20.22478984593246,False,False,0.0,0.0,0.7345014610069321,True,0.136818802803279,0.0,True,7,0.0,0.0,0.0,12000,22000,Windows-AMD64-py3.14.3,self-contained local validation harness; charged-time accounting is disclosed by timing_mode
resource-defense_greedy-improvement_seed2,no-git,2026-05-27T22:16:40,2,greedy-improvement,self-contained-rts-micro,ResourceDefenseEnv,1.0-local,resource-defense,1,24.0,22.0,2.0,1.0,4.0,strict_delta_max,0.5,19.173189335990763,21.173189335990763,43.20219997316599,16.888799844309688,simulated_charged,GA,2.729380956478172,7,0,0,7,7,0.949608,0.949608,0.0,0.5,32,1,21.125769361487848,21.16370534109018,21.173189335990763,False,False,0.0,0.0,0.5584225930627067,True,0.06242231752603865,0.0,True,7,0.0,0.0,0.0,12000,22000,Windows-AMD64-py3.14.3,self-contained local validation harness; charged-time accounting is disclosed by timing_mode
resource-defense_greedy-improvement_seed2,no-git,2026-05-27T22:16:40,2,greedy-improvement,self-contained-rts-micro,ResourceDefenseEnv,1.0-local,resource-defense,2,24.0,22.0,2.0,1.0,4.0,strict_delta_max,0.5,19.393763088051816,21.393763088051816,43.29189995769411,17.034200252965093,simulated_charged,GA,2.142815599763403,7,0,0,7,7,0.949608,0.949608,0.0,0.5,32,1,21.37170571284571,21.389351613010597,21.393763088051816,False,False,0.0,0.0,0.5782578406949954,True,0.061929411692554566,0.0,True,7,0.0,0.0,0.0,12000,22000,Windows-AMD64-py3.14.3,self-contained local validation harness; charged-time accounting is disclosed by timing_mode
resource-defense_greedy-improvement_seed2,no-git,2026-05-27T22:16:40,2,greedy-improvement,self-contained-rts-micro,ResourceDefenseEnv,1.0-local,resource-defense,3,24.0,22.0,2.0,1.0,4.0,strict_delta_max,0.5,19.889891222522625,21.889891222522625,48.34889993071556,19.050100003369153,simulated_charged,GA,3.341487191923412,8,0,0,8,8,0.949608,0.949608,0.0,0.5,32,1,21.815472002352003,21.8750073784885,21.889891222522625,False,False,0.0,0.0,0.551887388914564,True,0.04306340045265749,0.0,True,8,0.0,0.0,0.0,12000,22000,Windows-AMD64-py3.14.3,self-contained local validation harness; charged-time accounting is disclosed by timing_mode
resource-defense_greedy-improvement_seed2,no-git,2026-05-27T22:16:40,2,greedy-improvement,self-contained-rts-micro,ResourceDefenseEnv,1.0-local,resource-defense,4,24.0,22.0,2.0,1.0,4.0,strict_delta_max,0.5,19.19153300826401,21.19153300826401,48.82060003001243,19.137100083753467,simulated_charged,GA,2.3428117485938227,8,0,0,8,8,0.949608,0.949608,0.0,0.5,32,1,21.790665595628465,21.870046097143792,21.889891222522625,False,False,0.0,0.0,0.5094572001048397,True,0.0471480677970154,0.0,True,8,0.0,0.0,0.0,12000,22000,Windows-AMD64-py3.14.3,self-contained local validation harness; charged-time accounting is disclosed by timing_mode
resource-defense_greedy-improvement_seed2,no-git,2026-05-27T22:16:40,2,greedy-improvement,self-contained-rts-micro,ResourceDefenseEnv,1.0-local,resource-defense,5,24.0,22.0,2.0,1.0,4.0,strict_delta_max,0.5,20.332073174699214,22.332073174699214,45.41020002216101,17.7616000873968,simulated_charged,GA,3.714531973380063,7,0,0,7,7,0.949608,0.949608,0.0,0.5,32,1,22.221527686655065,22.309964077090385,22.332073174699214,False,False,0.0,0.0,0.5423008964618484,True,0.0242197269595553,0.0,True,7,0.0,0.0,0.0,12000,22000,Windows-AMD64-py3.14.3,self-contained local validation harness; charged-time accounting is disclosed by timing_mode
