run_id,seed,method,task_name,interval,atomic_index,module,charged_ms,cpu_ms,value,score,win_rate,improvement_rate,diversity,learning_progress,remaining_before_ms,remaining_after_ms,do_not_start_rule,handshake_events,note
line-duel_DLGPR-full_seed0,0,DLGPR-full,line-duel,0,0,GA,1.6893344512949398,1.8057000124827027,-1.0350000000000001,-1.0350000000000001,0.0,0.0,0.8116122098641232,0.0646168400523651,16.0,14.31066554870506,strict_delta_max,1,cross_layer_handoff_executed
line-duel_DLGPR-full_seed0,0,DLGPR-full,line-duel,0,1,PSO,1.20651110410417,1.2289999285712838,-1.04,-1.04,0.0,0.0,0.0,0.07826905056619649,14.31066554870506,13.10415444460089,strict_delta_max,1,cross_layer_handoff_executed
line-duel_DLGPR-full_seed0,0,DLGPR-full,line-duel,0,2,RL,4.0,1.6688000177964568,-0.04500000000000004,-0.04500000000000004,0.5,0.24750000000000003,0.0,0.0,13.10415444460089,9.10415444460089,strict_delta_max,2,cross_layer_handoff_executed
line-duel_DLGPR-full_seed0,0,DLGPR-full,line-duel,0,3,RL,4.0,2.2679000394418836,-0.04500000000000004,-0.04500000000000004,0.5,0.0,0.0,0.0,9.10415444460089,5.104154444600891,strict_delta_max,2,cross_layer_handoff_executed
line-duel_DLGPR-full_seed0,0,DLGPR-full,line-duel,0,4,GA,2.789233237263689,0.9939000010490417,0.015000000000000013,0.015000000000000013,0.5,0.021511288191467855,0.711090923988706,0.02769050566929943,5.104154444600891,2.3149212073372016,strict_delta_max,1,cross_layer_handoff_executed
line-duel_DLGPR-full_seed0,0,DLGPR-full,line-duel,1,0,GA,3.307601273445197,1.413899939507246,-0.04500000000000004,-0.04500000000000004,0.5,0.0,0.6518435789771772,0.026829558184357262,16.0,12.692398726554803,strict_delta_max,1,cross_layer_handoff_executed
line-duel_DLGPR-full_seed0,0,DLGPR-full,line-duel,1,1,PSO,3.5317882923873434,1.4155999524518847,-0.04500000000000004,-0.04500000000000004,0.5,0.0,0.0,0.03208641289298974,12.692398726554803,9.16061043416746,strict_delta_max,1,cross_layer_handoff_executed
line-duel_DLGPR-full_seed0,0,DLGPR-full,line-duel,1,2,RL,3.293128268925559,1.3966999249532819,-0.04500000000000004,-0.04500000000000004,0.5,0.0,0.0,0.6285816497136852,9.16061043416746,5.867482165241901,strict_delta_max,2,cross_layer_handoff_executed
line-duel_DLGPR-full_seed0,0,DLGPR-full,line-duel,1,3,RL,3.200622777385905,1.867000013589859,-0.04500000000000004,-0.04500000000000004,0.5,0.0,0.0,0.0,5.867482165241901,2.666859387855996,strict_delta_max,2,cross_layer_handoff_executed
line-duel_DLGPR-full_seed0,0,DLGPR-full,line-duel,2,0,GA,1.2663491153118376,1.1668999213725328,-0.015000000000000013,-0.015000000000000013,0.5,0.0,0.5243236503954335,0.05467311418158088,16.0,14.733650884688162,strict_delta_max,1,cross_layer_handoff_executed
line-duel_DLGPR-full_seed0,0,DLGPR-full,line-duel,2,1,PSO,1.4558779453285824,1.2504999758675694,-0.04500000000000004,-0.04500000000000004,0.5,0.0,0.0,0.06644005888348124,14.733650884688162,13.27777293935958,strict_delta_max,1,cross_layer_handoff_executed
line-duel_DLGPR-full_seed0,0,DLGPR-full,line-duel,2,2,RL,2.3319401506300985,1.5018999110907316,-0.04500000000000004,-0.04500000000000004,0.5,0.0,0.0,0.03430619777200705,13.27777293935958,10.945832788729481,strict_delta_max,2,cross_layer_handoff_executed
line-duel_DLGPR-full_seed0,0,DLGPR-full,line-duel,2,3,GA,3.2985017472380855,1.112300087697804,-0.04500000000000004,-0.04500000000000004,0.5,0.0,0.40180301766363996,0.015809710590687115,10.945832788729481,7.6473310414913955,strict_delta_max,1,cross_layer_handoff_executed
line-duel_DLGPR-full_seed0,0,DLGPR-full,line-duel,2,4,GA,1.0443161139465067,1.4190999791026115,-0.04500000000000004,-0.04500000000000004,0.5,0.0,0.37418687687504004,0.06863007607650132,7.6473310414913955,6.603014927544889,strict_delta_max,1,cross_layer_handoff_executed
line-duel_DLGPR-full_seed0,0,DLGPR-full,line-duel,2,5,GA,1.8947267502451202,1.3220999389886856,-0.04500000000000004,-0.04500000000000004,0.5,0.0,0.37418687687504004,0.029694118271693007,6.603014927544889,4.708288177299769,strict_delta_max,1,cross_layer_handoff_executed
line-duel_DLGPR-full_seed0,0,DLGPR-full,line-duel,2,6,GA,2.5641029807609663,1.2124000350013375,-1.04,-1.04,0.0,0.0,0.37418687687504004,0.02710396628908722,4.708288177299769,2.144185196538803,strict_delta_max,1,cross_layer_handoff_executed
line-duel_DLGPR-full_seed0,0,DLGPR-full,line-duel,3,0,GA,2.0990268401584924,1.2069999938830733,-0.04500000000000004,-0.04500000000000004,0.5,0.0,0.37418687687504004,0.03806995031558376,16.0,13.900973159841508,strict_delta_max,1,cross_layer_handoff_executed
line-duel_DLGPR-full_seed0,0,DLGPR-full,line-duel,3,1,PSO,1.0399865744093875,1.2785999570041895,-0.04500000000000004,-0.04500000000000004,0.5,0.0,0.0,0.0821445422730544,13.900973159841508,12.86098658543212,strict_delta_max,1,cross_layer_handoff_executed
line-duel_DLGPR-full_seed0,0,DLGPR-full,line-duel,3,2,RL,2.379883104191103,1.9422000041231513,-0.04500000000000004,-0.04500000000000004,0.5,0.0,0.0,0.0,12.86098658543212,10.481103481241016,strict_delta_max,2,cross_layer_handoff_executed
line-duel_DLGPR-full_seed0,0,DLGPR-full,line-duel,3,3,GA,2.548029451099217,1.181999919936061,-1.05,-1.05,0.0,0.0,0.37418687687504004,0.020275093040093378,10.481103481241016,7.933074030141799,strict_delta_max,1,cross_layer_handoff_executed
line-duel_DLGPR-full_seed0,0,DLGPR-full,line-duel,3,4,GA,1.2949530167682948,1.3744999887421727,-0.03500000000000003,-0.03500000000000003,0.5,0.0,0.39214953457032586,0.06311217808155861,7.933074030141799,6.638121013373504,strict_delta_max,1,cross_layer_handoff_executed
line-duel_DLGPR-full_seed0,0,DLGPR-full,line-duel,3,5,GA,2.4656462958721406,1.5202999347820878,-1.08,-1.08,0.0,0.0,0.39214953457032586,0.027872918769597757,6.638121013373504,4.1724747175013635,strict_delta_max,1,cross_layer_handoff_executed
line-duel_DLGPR-full_seed0,0,DLGPR-full,line-duel,3,6,GA,3.617056485066973,1.2867000186815858,-0.04500000000000004,-0.04500000000000004,0.5,0.0,0.39214953457032586,0.013327787215638742,4.1724747175013635,0.5554182324343904,strict_delta_max,1,cross_layer_handoff_executed
line-duel_DLGPR-full_seed0,0,DLGPR-full,line-duel,4,0,GA,3.6195050629733014,1.059299916960299,0.015000000000000013,0.015000000000000013,0.5,0.0,0.45921493606808717,0.018412828540732288,16.0,12.380494937026699,strict_delta_max,1,cross_layer_handoff_executed
line-duel_DLGPR-full_seed0,0,DLGPR-full,line-duel,4,1,PSO,1.3837663842820425,1.2538000009953976,-0.04500000000000004,-0.04500000000000004,0.5,0.0,0.0,0.05632260659234577,12.380494937026699,10.996728552744656,strict_delta_max,1,cross_layer_handoff_executed
line-duel_DLGPR-full_seed0,0,DLGPR-full,line-duel,4,2,RL,4.0,1.5708999708294868,-0.04500000000000004,-0.04500000000000004,0.5,0.0,0.0,0.0,10.996728552744656,6.996728552744656,strict_delta_max,2,cross_layer_handoff_executed
line-duel_DLGPR-full_seed0,0,DLGPR-full,line-duel,4,3,GA,3.826298112558066,0.8729000110179186,0.015000000000000013,0.015000000000000013,0.5,0.0,0.5344531742689026,0.02447711861049688,6.996728552744656,3.1704304401865904,strict_delta_max,1,cross_layer_handoff_executed
line-duel_DLGPR-full_seed0,0,DLGPR-full,line-duel,5,0,GA,2.009088121296926,1.1814000317826867,0.015000000000000013,0.015000000000000013,0.5,0.0,0.5417642616766407,0.03645272305330342,16.0,13.990911878703074,strict_delta_max,1,cross_layer_handoff_executed
line-duel_DLGPR-full_seed0,0,DLGPR-full,line-duel,5,1,PSO,2.1916436489177733,1.2369999894872308,-1.0350000000000001,-1.0350000000000001,0.0,0.0,0.0,0.03468299488975084,13.990911878703074,11.7992682297853,strict_delta_max,1,cross_layer_handoff_executed
line-duel_DLGPR-full_seed0,0,DLGPR-full,line-duel,5,2,RL,2.3661129150051514,1.5866999747231603,-0.04500000000000004,-0.04500000000000004,0.5,0.0,0.0,0.021131704950729788,11.7992682297853,9.433155314780148,strict_delta_max,2,cross_layer_handoff_executed
line-duel_DLGPR-full_seed0,0,DLGPR-full,line-duel,5,3,GA,1.9906859704144515,1.0859000030905008,0.0,0.0,0.5,0.0,0.5500159869203993,0.03503417938746507,9.433155314780148,7.442469344365696,strict_delta_max,1,cross_layer_handoff_executed
line-duel_DLGPR-full_seed0,0,DLGPR-full,line-duel,5,4,GA,1.3496190438666578,1.1020000092685223,0.015000000000000013,0.015000000000000013,0.5,0.0,0.5502010314651626,0.0600912797758529,7.442469344365696,6.092850300499038,strict_delta_max,1,cross_layer_handoff_executed
line-duel_DLGPR-full_seed0,0,DLGPR-full,line-duel,5,5,GA,3.1995702993521626,1.1406999547034502,-1.04,-1.04,0.0,0.0,0.5502010314651626,0.022503283559297066,6.092850300499038,2.893280001146876,strict_delta_max,1,cross_layer_handoff_executed
line-duel_DLGPR-full_seed1,1,DLGPR-full,line-duel,0,0,GA,2.9420915853436957,1.9711999921128154,-1.04,-1.04,0.0,0.0,0.9222503083015591,0.04079385976487518,16.0,13.057908414656303,strict_delta_max,1,cross_layer_handoff_executed
line-duel_DLGPR-full_seed1,1,DLGPR-full,line-duel,0,1,PSO,1.0478464117356086,1.6499999910593033,-1.04,-1.04,0.0,0.0,0.0,0.07191417322099722,13.057908414656303,12.010062002920694,strict_delta_max,1,cross_layer_handoff_executed
line-duel_DLGPR-full_seed1,1,DLGPR-full,line-duel,0,2,RL,3.4847291488855876,2.058400074020028,-1.09,-1.09,0.0,0.0,0.0,0.0,12.010062002920694,8.525332854035106,strict_delta_max,2,cross_layer_handoff_executed
line-duel_DLGPR-full_seed1,1,DLGPR-full,line-duel,0,3,GA,3.3528046698476497,1.204199972562492,-1.04,-1.04,0.0,0.0,0.8604127127874946,0.02728321313387214,8.525332854035106,5.172528184187456,strict_delta_max,1,cross_layer_handoff_executed
line-duel_DLGPR-full_seed1,1,DLGPR-full,line-duel,0,4,GA,1.638230672215212,1.4204999897629023,-1.025,-1.025,0.0,0.009156219728029604,0.8233593182171755,0.06188131429757374,5.172528184187456,3.534297511972244,strict_delta_max,1,cross_layer_handoff_executed
line-duel_DLGPR-full_seed1,1,DLGPR-full,line-duel,1,0,GA,1.8560707346468086,1.5163000207394361,-1.04,-1.04,0.0,0.0,0.7942710361878224,0.05097401548252652,16.0,14.143929265353192,strict_delta_max,1,cross_layer_handoff_executed
line-duel_DLGPR-full_seed1,1,DLGPR-full,line-duel,1,1,PSO,1.5989983412568323,1.6407999210059643,-1.04,-1.04,0.0,0.0,0.0,0.04597873008282046,14.143929265353192,12.54493092409636,strict_delta_max,1,cross_layer_handoff_executed
line-duel_DLGPR-full_seed1,1,DLGPR-full,line-duel,1,2,RL,2.4842817544531712,1.9174999324604869,-1.09,-1.09,0.0,0.0,0.0,0.0,12.54493092409636,10.060649169643188,strict_delta_max,2,cross_layer_handoff_executed
line-duel_DLGPR-full_seed1,1,DLGPR-full,line-duel,1,3,GA,1.2740862709207565,1.1647999053820968,-1.025,-1.025,0.0,0.0,0.811426320273675,0.0848809217119056,10.060649169643188,8.786562898722432,strict_delta_max,1,cross_layer_handoff_executed
line-duel_DLGPR-full_seed1,1,DLGPR-full,line-duel,1,4,GA,2.295424254752869,1.8497999990358949,-1.1,-1.1,0.0,0.0,0.811426320273675,0.03896196096866607,8.786562898722432,6.491138643969562,strict_delta_max,1,cross_layer_handoff_executed
line-duel_DLGPR-full_seed1,1,DLGPR-full,line-duel,1,5,GA,1.4622091409574793,1.5165000222623348,-1.025,-1.025,0.0,0.0,0.8045153749246977,0.0644780390896021,6.491138643969562,5.028929503012083,strict_delta_max,1,cross_layer_handoff_executed
line-duel_DLGPR-full_seed1,1,DLGPR-full,line-duel,1,6,GA,1.1112712499615598,1.6244000289589167,-1.1,-1.1,0.0,0.0,0.8045153749246977,0.06952138950194953,5.028929503012083,3.9176582530505235,strict_delta_max,1,cross_layer_handoff_executed
line-duel_DLGPR-full_seed1,1,DLGPR-full,line-duel,2,0,GA,1.3667819998923796,1.4494999777525663,-1.04,-1.04,0.0,0.0,0.8045153749246977,0.07886643858635216,16.0,14.63321800010762,strict_delta_max,1,cross_layer_handoff_executed
line-duel_DLGPR-full_seed1,1,DLGPR-full,line-duel,2,1,PSO,2.1142539369112967,1.6819000011309981,-1.04,-1.04,0.0,0.0,0.0,0.02486019520039958,14.63321800010762,12.518964063196323,strict_delta_max,1,cross_layer_handoff_executed
line-duel_DLGPR-full_seed1,1,DLGPR-full,line-duel,2,2,RL,2.033175089520411,2.0345000084489584,-1.1,-1.1,0.0,0.0,0.0,0.009836831123441343,12.518964063196323,10.485788973675913,strict_delta_max,2,cross_layer_handoff_executed
line-duel_DLGPR-full_seed1,1,DLGPR-full,line-duel,2,3,GA,2.4694606493483127,1.3649999164044857,-1.0550000000000002,-1.0550000000000002,0.0,0.0,0.8045153749246977,0.03655717181019943,10.485788973675913,8.0163283243276,strict_delta_max,1,cross_layer_handoff_executed
line-duel_DLGPR-full_seed1,1,DLGPR-full,line-duel,2,4,GA,1.9372188646321487,1.4709000242874026,-1.04,-1.04,0.0,0.0,0.8045153749246977,0.04477596269895665,8.0163283243276,6.0791094596954505,strict_delta_max,1,cross_layer_handoff_executed
line-duel_DLGPR-full_seed1,1,DLGPR-full,line-duel,2,5,GA,1.2506701702221128,1.5439999988302588,-1.04,-1.04,0.0,0.0,0.8045153749246977,0.09332762836588859,6.0791094596954505,4.828439289473337,strict_delta_max,1,cross_layer_handoff_executed
line-duel_DLGPR-full_seed1,1,DLGPR-full,line-duel,2,6,GA,2.71534989690136,1.5382000710815191,-1.04,-1.04,0.0,0.0,0.8045153749246977,0.033171419538903034,4.828439289473337,2.113089392571977,strict_delta_max,1,cross_layer_handoff_executed
line-duel_DLGPR-full_seed1,1,DLGPR-full,line-duel,3,0,GA,2.6970933155480896,1.419799984432757,-1.04,-1.04,0.0,0.0,0.8045153749246977,0.023139775644035285,16.0,13.30290668445191,strict_delta_max,1,cross_layer_handoff_executed
line-duel_DLGPR-full_seed1,1,DLGPR-full,line-duel,3,1,PSO,2.058384904526979,1.343000098131597,-1.04,-1.04,0.0,0.0,0.0,0.02721558194402947,13.30290668445191,11.24452177992493,strict_delta_max,1,cross_layer_handoff_executed
line-duel_DLGPR-full_seed1,1,DLGPR-full,line-duel,3,2,RL,1.829344848062264,1.8325001001358032,-1.09,-1.09,0.0,0.0,0.0,1.126086206317009,11.24452177992493,9.415176931862666,strict_delta_max,2,cross_layer_handoff_executed
line-duel_DLGPR-full_seed1,1,DLGPR-full,line-duel,3,3,GA,2.5229992136849972,1.236799987964332,-1.04,-1.04,0.0,0.0,0.8045153749246977,0.028069980451704717,9.415176931862666,6.892177718177669,strict_delta_max,1,cross_layer_handoff_executed
line-duel_DLGPR-full_seed1,1,DLGPR-full,line-duel,3,4,GA,2.422626900900388,1.4536000089719892,-1.04,-1.04,0.0,0.0,0.8045153749246977,0.04195563725978582,6.892177718177669,4.46955081727728,strict_delta_max,1,cross_layer_handoff_executed
line-duel_DLGPR-full_seed1,1,DLGPR-full,line-duel,3,5,GA,1.8286256175424753,1.421299995854497,-1.04,-1.04,0.0,0.0,0.8045153749246977,0.047950696730987785,4.46955081727728,2.640925199734805,strict_delta_max,1,cross_layer_handoff_executed
line-duel_DLGPR-full_seed1,1,DLGPR-full,line-duel,4,0,GA,1.0362063847511485,1.4539000112563372,-1.085,-1.085,0.0,0.0,0.8045153749246977,0.08696618250748077,16.0,14.963793615248852,strict_delta_max,1,cross_layer_handoff_executed
line-duel_DLGPR-full_seed1,1,DLGPR-full,line-duel,4,1,PSO,2.0809401024727516,1.3422999763861299,-1.04,-1.04,0.0,0.0,0.0,0.016473104748715175,14.963793615248852,12.8828535127761,strict_delta_max,1,cross_layer_handoff_executed
line-duel_DLGPR-full_seed1,1,DLGPR-full,line-duel,4,2,RL,2.3731989281484256,2.405000035651028,-1.1,-1.1,0.0,0.0,0.0,0.0,12.8828535127761,10.509654584627674,strict_delta_max,2,cross_layer_handoff_executed
line-duel_DLGPR-full_seed1,1,DLGPR-full,line-duel,4,3,GA,3.878951390839672,1.3041000347584486,-1.04,-1.04,0.0,0.0,0.8045153749246977,0.01979285956000537,10.509654584627674,6.630703193788001,strict_delta_max,1,cross_layer_handoff_executed
line-duel_DLGPR-full_seed1,1,DLGPR-full,line-duel,4,4,GA,3.5450346602055833,1.6994000179693103,-1.04,-1.04,0.0,0.0,0.8045153749246977,0.02524969421473713,6.630703193788001,3.085668533582418,strict_delta_max,1,cross_layer_handoff_executed
line-duel_DLGPR-full_seed1,1,DLGPR-full,line-duel,5,0,GA,1.848009289935233,1.3996000634506345,-1.04,-1.04,0.0,0.0,0.8045153749246977,0.04015515492376441,16.0,14.151990710064767,strict_delta_max,1,cross_layer_handoff_executed
line-duel_DLGPR-full_seed1,1,DLGPR-full,line-duel,5,1,PSO,2.023934881481295,1.4637999702244997,-1.04,-1.04,0.0,0.0,0.0,0.035358668073010115,14.151990710064767,12.128055828583472,strict_delta_max,1,cross_layer_handoff_executed
line-duel_DLGPR-full_seed1,1,DLGPR-full,line-duel,5,2,RL,1.4221473849233504,1.8955999985337257,-1.1,-1.1,0.0,0.0,0.0,0.05625296002939375,12.128055828583472,10.705908443660121,strict_delta_max,2,cross_layer_handoff_executed
line-duel_DLGPR-full_seed1,1,DLGPR-full,line-duel,5,3,GA,3.8429588676079645,1.3394999550655484,-1.04,-1.04,0.0,0.0,0.8045153749246977,0.020884086686460007,10.705908443660121,6.862949576052157,strict_delta_max,1,cross_layer_handoff_executed
line-duel_DLGPR-full_seed1,1,DLGPR-full,line-duel,5,4,GA,2.288331030750752,1.526899985037744,-1.04,-1.04,0.0,0.0,0.8045153749246977,0.04205488788403735,6.862949576052157,4.574618545301405,strict_delta_max,1,cross_layer_handoff_executed
line-duel_DLGPR-full_seed1,1,DLGPR-full,line-duel,5,5,GA,1.2159590433311518,1.5730999875813723,-1.04,-1.04,0.0,0.0,0.8045153749246977,0.0557312131871926,4.574618545301405,3.358659501970253,strict_delta_max,1,cross_layer_handoff_executed
line-duel_DLGPR-full_seed2,2,DLGPR-full,line-duel,0,0,GA,2.282163808635265,1.8736000638455153,-0.0050000000000000044,-0.0050000000000000044,0.5,0.43818064076566016,0.8841395898889056,0.059171347775251876,16.0,13.717836191364736,strict_delta_max,1,cross_layer_handoff_executed
line-duel_DLGPR-full_seed2,2,DLGPR-full,line-duel,0,1,PSO,1.6878748875696683,1.7155000241473317,-0.039999999999999925,-0.039999999999999925,0.5,0.0,0.0,0.05743481707658332,13.717836191364736,12.029961303795067,strict_delta_max,1,cross_layer_handoff_executed
line-duel_DLGPR-full_seed2,2,DLGPR-full,line-duel,0,2,RL,2.2195134993315166,2.014199970290065,-1.005,-1.005,0.0,0.0,0.0,0.0,12.029961303795067,9.81044780446355,strict_delta_max,2,cross_layer_handoff_executed
line-duel_DLGPR-full_seed2,2,DLGPR-full,line-duel,0,3,GA,2.5458951316609566,1.1678000446408987,-1.03,-1.03,0.0,0.0,0.8205222274787475,0.035383290517440956,9.81044780446355,7.264552672802593,strict_delta_max,1,cross_layer_handoff_executed
line-duel_DLGPR-full_seed2,2,DLGPR-full,line-duel,0,4,GA,2.3246963811722035,1.451799995265901,-1.005,-1.005,0.0,0.0,0.8180698351834279,0.04665933347019414,7.264552672802593,4.93985629163039,strict_delta_max,1,cross_layer_handoff_executed
line-duel_DLGPR-full_seed2,2,DLGPR-full,line-duel,0,5,GA,2.3598755340478395,1.4004999538883567,-1.0350000000000001,-1.0350000000000001,0.0,0.0,0.7613611695881136,0.0391291596246282,4.93985629163039,2.5799807575825504,strict_delta_max,1,cross_layer_handoff_executed
line-duel_DLGPR-full_seed2,2,DLGPR-full,line-duel,1,0,GA,1.2086574891905308,1.1064999271184206,-1.005,-1.005,0.0,0.0,0.7592924244178799,0.12162630563039699,16.0,14.79134251080947,strict_delta_max,1,cross_layer_handoff_executed
line-duel_DLGPR-full_seed2,2,DLGPR-full,line-duel,1,1,PSO,2.06699535658331,1.4887999277561903,-1.065,-1.065,0.0,0.0,0.0,0.0430475284667526,14.79134251080947,12.724347154226159,strict_delta_max,1,cross_layer_handoff_executed
line-duel_DLGPR-full_seed2,2,DLGPR-full,line-duel,1,2,RL,1.7643983574012985,1.9583000103011727,-1.005,-1.005,0.0,0.0,0.0,0.01700296300671332,12.724347154226159,10.959948796824861,strict_delta_max,2,cross_layer_handoff_executed
line-duel_DLGPR-full_seed2,2,DLGPR-full,line-duel,1,3,GA,1.9829528616097105,0.8937999373301864,-1.005,-1.005,0.0,0.0,0.7854011358791436,0.06869764206525425,10.959948796824861,8.97699593521515,strict_delta_max,1,cross_layer_handoff_executed
line-duel_DLGPR-full_seed2,2,DLGPR-full,line-duel,1,4,GA,1.442434316353863,1.168699935078621,-1.005,-1.005,0.0,0.0,0.7854011358791436,0.07535552559031487,8.97699593521515,7.534561618861288,strict_delta_max,1,cross_layer_handoff_executed
line-duel_DLGPR-full_seed2,2,DLGPR-full,line-duel,1,5,GA,2.521811328448665,1.5927000204101205,-1.03,-1.03,0.0,0.0,0.7854011358791436,0.04064897781052192,7.534561618861288,5.012750290412622,strict_delta_max,1,cross_layer_handoff_executed
line-duel_DLGPR-full_seed2,2,DLGPR-full,line-duel,1,6,GA,2.1442270521107663,1.4025000855326653,-1.005,-1.005,0.0,0.0,0.7854011358791436,0.03190811537367234,5.012750290412622,2.868523238301856,strict_delta_max,1,cross_layer_handoff_executed
line-duel_DLGPR-full_seed2,2,DLGPR-full,line-duel,2,0,GA,1.064796177993072,1.3179000234231353,-1.0699999999999998,-1.0699999999999998,0.0,0.0,0.7854011358791436,0.11901835271689302,16.0,14.935203822006928,strict_delta_max,1,cross_layer_handoff_executed
line-duel_DLGPR-full_seed2,2,DLGPR-full,line-duel,2,1,PSO,1.3771290083943135,1.3788000214844942,-1.005,-1.005,0.0,0.0,0.0,0.044992750620995045,14.935203822006928,13.558074813612615,strict_delta_max,1,cross_layer_handoff_executed
line-duel_DLGPR-full_seed2,2,DLGPR-full,line-duel,2,2,RL,3.5953849976114296,1.9317000405862927,-1.005,-1.005,0.0,0.0,0.0,0.0,13.558074813612615,9.962689816001186,strict_delta_max,2,cross_layer_handoff_executed
line-duel_DLGPR-full_seed2,2,DLGPR-full,line-duel,2,3,GA,2.1918383211908914,0.9536000434309244,-1.005,-1.005,0.0,0.0,0.7854011358791436,0.03355331875775163,9.962689816001186,7.7708514948102945,strict_delta_max,1,cross_layer_handoff_executed
line-duel_DLGPR-full_seed2,2,DLGPR-full,line-duel,2,4,GA,2.1749739169696856,1.2893000384792686,-1.005,-1.005,0.0,0.0,0.7854011358791436,0.04556931654701174,7.7708514948102945,5.595877577840609,strict_delta_max,1,cross_layer_handoff_executed
line-duel_DLGPR-full_seed2,2,DLGPR-full,line-duel,2,5,GA,2.4091167442523345,1.214600051753223,-1.005,-1.005,0.0,0.0,0.7854011358791436,0.028495178432364907,5.595877577840609,3.1867608335882744,strict_delta_max,1,cross_layer_handoff_executed
line-duel_DLGPR-full_seed2,2,DLGPR-full,line-duel,3,0,GA,3.1554731728594616,1.3267999747768044,-1.03,-1.03,0.0,0.0,0.7854011358791436,0.03153143647510773,16.0,12.844526827140538,strict_delta_max,1,cross_layer_handoff_executed
line-duel_DLGPR-full_seed2,2,DLGPR-full,line-duel,3,1,PSO,1.8559890238762204,1.1919999960809946,0.025000000000000022,0.025000000000000022,0.5,0.016163888694419773,0.0,0.04290784703446466,12.844526827140538,10.988537803264316,strict_delta_max,1,cross_layer_handoff_executed
line-duel_DLGPR-full_seed2,2,DLGPR-full,line-duel,3,2,RL,1.424715018807943,1.455599907785654,-1.005,-1.005,0.0,0.0,0.0,1.4599410917562539,10.988537803264316,9.563822784456374,strict_delta_max,2,cross_layer_handoff_executed
line-duel_DLGPR-full_seed2,2,DLGPR-full,line-duel,3,3,GA,1.989787506266858,0.952000031247735,-1.005,-1.005,0.0,0.0,0.7854011358791436,0.03473408680649335,9.563822784456374,7.574035278189516,strict_delta_max,1,cross_layer_handoff_executed
line-duel_DLGPR-full_seed2,2,DLGPR-full,line-duel,3,4,GA,2.8805174381865957,1.3807000359520316,-1.005,-1.005,0.0,0.0,0.7854011358791436,0.032972327507651056,7.574035278189516,4.6935178400029205,strict_delta_max,1,cross_layer_handoff_executed
line-duel_DLGPR-full_seed2,2,DLGPR-full,line-duel,3,5,GA,2.5275165236111774,1.8084000330418348,-0.025000000000000022,-0.025000000000000022,0.5,0.0,0.74772928935034,0.03504508910227211,4.6935178400029205,2.166001316391743,strict_delta_max,1,cross_layer_handoff_executed
line-duel_DLGPR-full_seed2,2,DLGPR-full,line-duel,4,0,GA,3.761053913694059,1.208400004543364,-1.005,-1.005,0.0,0.0,0.74772928935034,0.027240536911565777,16.0,12.23894608630594,strict_delta_max,1,cross_layer_handoff_executed
line-duel_DLGPR-full_seed2,2,DLGPR-full,line-duel,4,1,PSO,3.263332064150689,1.3876999728381634,0.025000000000000022,0.025000000000000022,0.5,0.0,0.0,0.024866715313997586,12.23894608630594,8.975614022155252,strict_delta_max,1,cross_layer_handoff_executed
line-duel_DLGPR-full_seed2,2,DLGPR-full,line-duel,4,2,RL,1.3262034144885118,1.2205999810248613,-1.005,-1.005,0.0,0.0,0.0,0.0,8.975614022155252,7.6494106076667405,strict_delta_max,2,cross_layer_handoff_executed
line-duel_DLGPR-full_seed2,2,DLGPR-full,line-duel,4,3,GA,3.8335510118239577,0.9091000538319349,-1.005,-1.005,0.0,0.0,0.74772928935034,0.026969443793016364,7.6494106076667405,3.815859595842783,strict_delta_max,1,cross_layer_handoff_executed
line-duel_DLGPR-full_seed2,2,DLGPR-full,line-duel,5,0,GA,1.917748119968149,1.3146999990567565,0.025000000000000022,0.025000000000000022,0.5,0.0,0.7521019114043604,0.044424092166384856,16.0,14.082251880031851,strict_delta_max,1,cross_layer_handoff_executed
line-duel_DLGPR-full_seed2,2,DLGPR-full,line-duel,5,1,PSO,1.289867278003148,1.0908000404015183,-1.005,-1.005,0.0,0.0,0.0,0.03738710001371627,14.082251880031851,12.792384602028703,strict_delta_max,1,cross_layer_handoff_executed
line-duel_DLGPR-full_seed2,2,DLGPR-full,line-duel,5,2,RL,3.5487465951341606,1.423400011844933,-1.005,-1.005,0.0,0.0,0.0,0.5692150582883853,12.792384602028703,9.243638006894543,strict_delta_max,2,cross_layer_handoff_executed
line-duel_DLGPR-full_seed2,2,DLGPR-full,line-duel,5,3,GA,2.1465604334775756,0.8577000116929412,-1.005,-1.005,0.0,0.0,0.7521019114043604,0.033457347441690155,9.243638006894543,7.097077573416967,strict_delta_max,1,cross_layer_handoff_executed
line-duel_DLGPR-full_seed2,2,DLGPR-full,line-duel,5,4,GA,1.047672075521349,1.247999956831336,-1.02,-1.02,0.0,0.0,0.7521019114043604,0.07758492574846718,7.097077573416967,6.049405497895618,strict_delta_max,1,cross_layer_handoff_executed
line-duel_DLGPR-full_seed2,2,DLGPR-full,line-duel,5,5,GA,3.687598605977267,1.2534999987110496,0.025000000000000022,0.025000000000000022,0.5,0.0,0.7665207549636364,0.021917738143312018,6.049405497895618,2.3618068919183512,strict_delta_max,1,cross_layer_handoff_executed
line-duel_fixed-split_seed0,0,fixed-split,line-duel,0,0,GA,1.6893344512949398,1.9753000233322382,-1.0350000000000001,-1.0350000000000001,0.0,0.0,0.8116122098641232,0.0646168400523651,16.0,14.31066554870506,strict_delta_max,1,cross_layer_handoff_executed
line-duel_fixed-split_seed0,0,fixed-split,line-duel,0,1,PSO,1.20651110410417,1.3728999765589833,-1.04,-1.04,0.0,0.0,0.0,0.07826905056619649,14.31066554870506,13.10415444460089,strict_delta_max,1,cross_layer_handoff_executed
line-duel_fixed-split_seed0,0,fixed-split,line-duel,0,2,RL,4.0,1.675400068052113,-0.04500000000000004,-0.04500000000000004,0.5,0.24750000000000003,0.0,0.0,13.10415444460089,9.10415444460089,strict_delta_max,2,cross_layer_handoff_executed
line-duel_fixed-split_seed0,0,fixed-split,line-duel,0,3,GA,3.523322366777626,1.2645000824704766,-1.0350000000000001,-1.0350000000000001,0.0,0.0,0.7735835699401835,0.032048148152888374,9.10415444460089,5.580832077823265,strict_delta_max,1,cross_layer_handoff_executed
line-duel_fixed-split_seed0,0,fixed-split,line-duel,0,4,PSO,2.703496397418464,1.464499975554645,-0.04500000000000004,-0.04500000000000004,0.5,0.0,0.0,0.04239642359119411,5.580832077823265,2.8773356804048014,strict_delta_max,1,cross_layer_handoff_executed
line-duel_fixed-split_seed0,0,fixed-split,line-duel,1,0,RL,2.243997127921444,2.256699954159558,-0.04500000000000004,-0.04500000000000004,0.5,0.0,0.0,0.0,16.0,13.756002872078556,strict_delta_max,2,cross_layer_handoff_executed
line-duel_fixed-split_seed0,0,fixed-split,line-duel,1,1,GA,3.924209213763715,1.3032000279054046,-1.08,-1.08,0.0,0.0,0.7403203080779661,0.01411084932269532,13.756002872078556,9.83179365831484,strict_delta_max,1,cross_layer_handoff_executed
line-duel_fixed-split_seed0,0,fixed-split,line-duel,1,2,PSO,2.361335149931503,1.2868000194430351,-0.04500000000000004,-0.04500000000000004,0.5,0.0,0.0,0.0440728624036507,9.83179365831484,7.470458508383337,strict_delta_max,1,cross_layer_handoff_executed
line-duel_fixed-split_seed0,0,fixed-split,line-duel,1,3,RL,1.411636959521183,1.346500008367002,-0.04500000000000004,-0.04500000000000004,0.5,0.0,0.0,1.4663826885788886,7.470458508383337,6.058821548862154,strict_delta_max,2,cross_layer_handoff_executed
line-duel_fixed-split_seed0,0,fixed-split,line-duel,1,4,GA,2.654586248440353,1.1408999562263489,-1.0350000000000001,-1.0350000000000001,0.0,0.0,0.6490609342461647,0.034627087082184475,6.058821548862154,3.404235300421801,strict_delta_max,1,cross_layer_handoff_executed
line-duel_fixed-split_seed0,0,fixed-split,line-duel,2,0,PSO,1.20081091851997,1.0741999140009284,-0.04500000000000004,-0.04500000000000004,0.5,0.0,0.0,0.0725800156241015,16.0,14.79918908148003,strict_delta_max,1,cross_layer_handoff_executed
line-duel_fixed-split_seed0,0,fixed-split,line-duel,2,1,RL,4.0,1.5316000208258629,-0.04500000000000004,-0.04500000000000004,0.5,0.0,0.0,0.0,14.79918908148003,10.79918908148003,strict_delta_max,2,cross_layer_handoff_executed
line-duel_fixed-split_seed0,0,fixed-split,line-duel,2,2,GA,2.097532685563981,1.0293000377714634,-1.04,-1.04,0.0,0.0,0.5671891136379335,0.03020290659132687,10.79918908148003,8.70165639591605,strict_delta_max,1,cross_layer_handoff_executed
line-duel_fixed-split_seed0,0,fixed-split,line-duel,2,3,PSO,2.53756010606733,1.3647000305354595,-0.04500000000000004,-0.04500000000000004,0.5,0.0,0.0,0.02995867107179076,8.70165639591605,6.16409628984872,strict_delta_max,1,cross_layer_handoff_executed
line-duel_fixed-split_seed0,0,fixed-split,line-duel,2,4,RL,2.8205132788370633,1.5046000480651855,-0.04500000000000004,-0.04500000000000004,0.5,0.0,0.0,0.0,6.16409628984872,3.3435830110116567,strict_delta_max,2,cross_layer_handoff_executed
line-duel_fixed-split_seed0,0,fixed-split,line-duel,3,0,GA,2.0990268401584924,1.2626999523490667,-0.04500000000000004,-0.04500000000000004,0.5,0.0,0.44437913161737186,0.025131603009612074,16.0,13.900973159841508,strict_delta_max,1,cross_layer_handoff_executed
line-duel_fixed-split_seed0,0,fixed-split,line-duel,3,1,PSO,1.0399865744093875,1.3135999906808138,-0.04500000000000004,-0.04500000000000004,0.5,0.0,0.0,0.08309780309268605,13.900973159841508,12.86098658543212,strict_delta_max,1,cross_layer_handoff_executed
line-duel_fixed-split_seed0,0,fixed-split,line-duel,3,2,RL,2.379883104191103,1.662400085479021,-0.04500000000000004,-0.04500000000000004,0.5,0.0,0.0,0.0,12.86098658543212,10.481103481241016,strict_delta_max,2,cross_layer_handoff_executed
line-duel_fixed-split_seed0,0,fixed-split,line-duel,3,3,GA,2.548029451099217,1.1826000409200788,-1.0350000000000001,-1.0350000000000001,0.0,0.0,0.4028031910196516,0.018714036830088574,10.481103481241016,7.933074030141799,strict_delta_max,1,cross_layer_handoff_executed
line-duel_fixed-split_seed0,0,fixed-split,line-duel,3,4,PSO,2.8847966278489108,1.346200006082654,-0.04500000000000004,-0.04500000000000004,0.5,0.0,0.0,0.01915967463226501,7.933074030141799,5.048277402292888,strict_delta_max,1,cross_layer_handoff_executed
line-duel_fixed-split_seed0,0,fixed-split,line-duel,3,5,RL,2.4922441904741928,1.3921000063419342,-0.04500000000000004,-0.04500000000000004,0.5,0.0,0.0,0.0,5.048277402292888,2.556033211818695,strict_delta_max,2,cross_layer_handoff_executed
line-duel_fixed-split_seed0,0,fixed-split,line-duel,4,0,GA,1.786591104312534,1.1706000659614801,-0.04500000000000004,-0.04500000000000004,0.5,0.0,0.2932153999852377,0.02894146878802346,16.0,14.213408895687467,strict_delta_max,1,cross_layer_handoff_executed
line-duel_fixed-split_seed0,0,fixed-split,line-duel,4,1,PSO,1.0,1.2957999715581536,-0.04500000000000004,-0.04500000000000004,0.5,0.0,0.0,0.050697307113666934,14.213408895687467,13.213408895687467,strict_delta_max,1,cross_layer_handoff_executed
line-duel_fixed-split_seed0,0,fixed-split,line-duel,4,2,RL,2.1289674854272405,1.6533000161871314,-0.04500000000000004,-0.04500000000000004,0.5,0.0,0.0,0.018788450398514588,13.213408895687467,11.084441410260226,strict_delta_max,2,cross_layer_handoff_executed
line-duel_fixed-split_seed0,0,fixed-split,line-duel,4,3,GA,1.1363288563976364,1.1521000415086746,-0.04500000000000004,-0.04500000000000004,0.5,0.0,0.16492998018967,0.047726301665997437,11.084441410260226,9.94811255386259,strict_delta_max,1,cross_layer_handoff_executed
line-duel_fixed-split_seed0,0,fixed-split,line-duel,4,4,PSO,2.37566668731714,1.2623000657185912,-0.04500000000000004,-0.04500000000000004,0.5,0.0,0.0,0.04213595726220504,9.94811255386259,7.57244586654545,strict_delta_max,1,cross_layer_handoff_executed
line-duel_fixed-split_seed0,0,fixed-split,line-duel,4,5,RL,1.7364855485135349,2.308800001628697,-0.04500000000000004,-0.04500000000000004,0.5,0.0,0.0,1.1459928369133152,7.57244586654545,5.835960318031915,strict_delta_max,2,cross_layer_handoff_executed
line-duel_fixed-split_seed0,0,fixed-split,line-duel,4,6,GA,1.2891509851708727,1.2107000220566988,-0.04500000000000004,-0.04500000000000004,0.5,0.0,0.16492998018967,0.042351749416161114,5.835960318031915,4.5468093328610415,strict_delta_max,1,cross_layer_handoff_executed
line-duel_fixed-split_seed0,0,fixed-split,line-duel,4,7,PSO,2.9397033454976556,1.301799900829792,-0.04500000000000004,-0.04500000000000004,0.5,0.0,0.0,0.03158555187092455,4.5468093328610415,1.607105987363386,strict_delta_max,1,cross_layer_handoff_executed
line-duel_fixed-split_seed0,0,fixed-split,line-duel,5,0,RL,2.5002734324824254,2.0077000372111797,-0.04500000000000004,-0.04500000000000004,0.5,0.0,0.0,0.0,16.0,13.499726567517575,strict_delta_max,2,cross_layer_handoff_executed
line-duel_fixed-split_seed0,0,fixed-split,line-duel,5,1,GA,1.37837716363411,0.8848999859765172,-1.04,-1.04,0.0,0.0,0.16492998018967,0.04223734662455496,13.499726567517575,12.121349403883466,strict_delta_max,1,cross_layer_handoff_executed
line-duel_fixed-split_seed0,0,fixed-split,line-duel,5,2,PSO,1.6051348264760161,1.2200000928714871,-0.04500000000000004,-0.04500000000000004,0.5,0.0,0.0,0.05992598055783183,12.121349403883466,10.51621457740745,strict_delta_max,1,cross_layer_handoff_executed
line-duel_fixed-split_seed0,0,fixed-split,line-duel,5,3,RL,3.414043272029419,2.08170001860708,-0.04500000000000004,-0.04500000000000004,0.5,0.0,0.0,0.0,10.51621457740745,7.102171305378031,strict_delta_max,2,cross_layer_handoff_executed
line-duel_fixed-split_seed0,0,fixed-split,line-duel,5,4,GA,1.5058339404330447,1.0991001036018133,-0.04500000000000004,-0.04500000000000004,0.5,0.0,0.16492998018967,0.036859923516276524,7.102171305378031,5.596337364944986,strict_delta_max,1,cross_layer_handoff_executed
line-duel_fixed-split_seed0,0,fixed-split,line-duel,5,5,PSO,1.7269256370131338,1.2393000070005655,-0.04500000000000004,-0.04500000000000004,0.5,0.0,0.0,0.045035460323613996,5.596337364944986,3.8694117279318525,strict_delta_max,1,cross_layer_handoff_executed
line-duel_fixed-split_seed1,1,fixed-split,line-duel,0,0,GA,2.9420915853436957,1.833300106227398,-1.04,-1.04,0.0,0.0,0.9222503083015591,0.04079385976487518,16.0,13.057908414656303,strict_delta_max,1,cross_layer_handoff_executed
line-duel_fixed-split_seed1,1,fixed-split,line-duel,0,1,PSO,1.0478464117356086,1.3273999793455005,-1.04,-1.04,0.0,0.0,0.0,0.07191417322099722,13.057908414656303,12.010062002920694,strict_delta_max,1,cross_layer_handoff_executed
line-duel_fixed-split_seed1,1,fixed-split,line-duel,0,2,RL,3.4847291488855876,2.1522999741137028,-1.09,-1.09,0.0,0.0,0.0,0.0,12.010062002920694,8.525332854035106,strict_delta_max,2,cross_layer_handoff_executed
line-duel_fixed-split_seed1,1,fixed-split,line-duel,0,3,GA,3.3528046698476497,1.2868000194430351,-1.04,-1.04,0.0,0.0,0.8604127127874946,0.02728321313387214,8.525332854035106,5.172528184187456,strict_delta_max,1,cross_layer_handoff_executed
line-duel_fixed-split_seed1,1,fixed-split,line-duel,0,4,PSO,1.9404049006445716,1.5446000033989549,-1.04,-1.04,0.0,0.0,0.0,0.03887761957055909,5.172528184187456,3.232123283542885,strict_delta_max,1,cross_layer_handoff_executed
line-duel_fixed-split_seed1,1,fixed-split,line-duel,1,0,RL,2.356833638214052,2.1504999604076147,-1.1,-1.1,0.0,0.0,0.0,0.0,16.0,13.643166361785948,strict_delta_max,2,cross_layer_handoff_executed
line-duel_fixed-split_seed1,1,fixed-split,line-duel,1,1,GA,1.2301288423582677,1.307200058363378,-1.04,-1.04,0.0,0.0,0.7466681582587485,0.06933331817003638,13.643166361785948,12.41303751942768,strict_delta_max,1,cross_layer_handoff_executed
line-duel_fixed-split_seed1,1,fixed-split,line-duel,1,2,PSO,3.5970221928725903,1.4751000562682748,-1.04,-1.04,0.0,0.0,0.0,0.014690883826041203,12.41303751942768,8.81601532655509,strict_delta_max,1,cross_layer_handoff_executed
line-duel_fixed-split_seed1,1,fixed-split,line-duel,1,3,RL,2.5002169488126262,1.7858000937849283,-1.085,-1.085,0.0,0.0,0.0,0.003999652912019932,8.81601532655509,6.315798377742464,strict_delta_max,2,cross_layer_handoff_executed
line-duel_fixed-split_seed1,1,fixed-split,line-duel,1,4,GA,3.2810987394175073,1.1732999701052904,-1.04,-1.04,0.0,0.0,0.7772472685794287,0.029940224248226906,6.315798377742464,3.0346996383249567,strict_delta_max,1,cross_layer_handoff_executed
line-duel_fixed-split_seed1,1,fixed-split,line-duel,2,0,PSO,1.5431638380787298,1.285000005736947,-1.04,-1.04,0.0,0.0,0.0,0.044503530208175546,16.0,14.45683616192127,strict_delta_max,1,cross_layer_handoff_executed
line-duel_fixed-split_seed1,1,fixed-split,line-duel,2,1,RL,1.4985815526474717,1.8257000483572483,-1.09,-1.09,0.0,0.0,0.0,1.3746332299104427,14.45683616192127,12.958254609273798,strict_delta_max,2,cross_layer_handoff_executed
line-duel_fixed-split_seed1,1,fixed-split,line-duel,2,2,GA,2.3690587219765002,1.5153998974710703,-1.1,-1.1,0.0,0.0,0.7772472685794287,0.0337426059274851,12.958254609273798,10.589195887297297,strict_delta_max,1,cross_layer_handoff_executed
line-duel_fixed-split_seed1,1,fixed-split,line-duel,2,3,PSO,1.1794597403482425,1.343499985523522,-1.04,-1.04,0.0,0.0,0.0,0.035562423372186514,10.589195887297297,9.409736146949054,strict_delta_max,1,cross_layer_handoff_executed
line-duel_fixed-split_seed1,1,fixed-split,line-duel,2,4,RL,4.0,2.458699978888035,-1.09,-1.09,0.0,0.0,0.0,0.0,9.409736146949054,5.409736146949054,strict_delta_max,2,cross_layer_handoff_executed
line-duel_fixed-split_seed1,1,fixed-split,line-duel,2,5,GA,2.523233103732615,1.3099000789225101,-1.04,-1.04,0.0,0.0,0.7725442157947201,0.022152318185992094,5.409736146949054,2.8865030432164396,strict_delta_max,1,cross_layer_handoff_executed
line-duel_fixed-split_seed1,1,fixed-split,line-duel,3,0,PSO,2.234397643984236,1.324599958024919,-1.04,-1.04,0.0,0.0,0.0,0.03947618662227849,16.0,13.765602356015764,strict_delta_max,1,cross_layer_handoff_executed
line-duel_fixed-split_seed1,1,fixed-split,line-duel,3,1,RL,2.1309407510953635,1.99859996791929,-1.1,-1.1,0.0,0.0,0.0,0.023463815206639902,13.765602356015764,11.6346616049204,strict_delta_max,2,cross_layer_handoff_executed
line-duel_fixed-split_seed1,1,fixed-split,line-duel,3,2,GA,1.2506701702221128,1.146599999628961,-1.04,-1.04,0.0,0.0,0.7725442157947201,0.0960907719012553,11.6346616049204,10.383991434698286,strict_delta_max,1,cross_layer_handoff_executed
line-duel_fixed-split_seed1,1,fixed-split,line-duel,3,3,PSO,1.398281571053552,1.3764000032097101,-1.04,-1.04,0.0,0.0,0.0,0.05161909319758749,10.383991434698286,8.985709863644734,strict_delta_max,1,cross_layer_handoff_executed
line-duel_fixed-split_seed1,1,fixed-split,line-duel,3,4,RL,4.0,2.337199985049665,-1.09,-1.09,0.0,0.0,0.0,0.007500000000000007,8.985709863644734,4.985709863644734,strict_delta_max,2,cross_layer_handoff_executed
line-duel_fixed-split_seed1,1,fixed-split,line-duel,3,5,GA,1.5005308463978229,1.3006000081077218,-1.04,-1.04,0.0,0.0,0.7725442157947201,0.06162370766996604,4.985709863644734,3.4851790172469115,strict_delta_max,1,cross_layer_handoff_executed
line-duel_fixed-split_seed1,1,fixed-split,line-duel,4,0,PSO,1.2857636617995334,1.4109000330790877,-1.04,-1.04,0.0,0.0,0.0,0.030033962493367535,16.0,14.714236338200466,strict_delta_max,1,cross_layer_handoff_executed
line-duel_fixed-split_seed1,1,fixed-split,line-duel,4,1,RL,2.30510724933007,1.4344999799504876,-1.04,-1.04,0.0,0.0,0.0,0.0,14.714236338200466,12.409129088870397,strict_delta_max,2,cross_layer_handoff_executed
line-duel_fixed-split_seed1,1,fixed-split,line-duel,4,2,GA,1.5873667572058012,1.4032999752089381,-1.085,-1.085,0.0,0.0,0.7725442157947201,0.06405065702522436,12.409129088870397,10.821762331664596,strict_delta_max,1,cross_layer_handoff_executed
line-duel_fixed-split_seed1,1,fixed-split,line-duel,4,3,PSO,3.055367210331745,1.3972000451758504,-1.04,-1.04,0.0,0.0,0.0,0.022715961939447776,10.821762331664596,7.766395121332851,strict_delta_max,1,cross_layer_handoff_executed
line-duel_fixed-split_seed1,1,fixed-split,line-duel,4,4,RL,1.3666576810300868,2.054499927908182,-1.1,-1.1,0.0,0.0,0.0,1.5146441049083963,7.766395121332851,6.399737440302764,strict_delta_max,2,cross_layer_handoff_executed
line-duel_fixed-split_seed1,1,fixed-split,line-duel,4,5,GA,3.7620290637750373,1.1940000113099813,-1.04,-1.04,0.0,0.0,0.7725442157947201,0.021487804284518713,6.399737440302764,2.6377083765277267,strict_delta_max,1,cross_layer_handoff_executed
line-duel_fixed-split_seed1,1,fixed-split,line-duel,5,0,PSO,1.373567984883265,1.249199965968728,-1.04,-1.04,0.0,0.0,0.0,0.0442898465934053,16.0,14.626432015116736,strict_delta_max,1,cross_layer_handoff_executed
line-duel_fixed-split_seed1,1,fixed-split,line-duel,5,1,RL,4.0,2.257999964058399,-1.1,-1.1,0.0,0.0,0.0,0.0,14.626432015116736,10.626432015116736,strict_delta_max,2,cross_layer_handoff_executed
line-duel_fixed-split_seed1,1,fixed-split,line-duel,5,2,GA,2.415819962862188,1.6450999537482858,-1.04,-1.04,0.0,0.0,0.7725442157947201,0.027879026602420143,10.626432015116736,8.210612052254547,strict_delta_max,1,cross_layer_handoff_executed
line-duel_fixed-split_seed1,1,fixed-split,line-duel,5,3,PSO,2.4734668851403283,1.526899985037744,-1.04,-1.04,0.0,0.0,0.0,0.03209500829799143,8.210612052254547,5.737145167114218,strict_delta_max,1,cross_layer_handoff_executed
line-duel_fixed-split_seed1,1,fixed-split,line-duel,5,4,RL,2.017131785699454,1.8517000135034323,-1.04,-1.04,0.0,0.0,0.0,0.0,5.737145167114218,3.7200133814147645,strict_delta_max,2,cross_layer_handoff_executed
line-duel_fixed-split_seed2,2,fixed-split,line-duel,0,0,GA,2.282163808635265,1.8330999882891774,-0.0050000000000000044,-0.0050000000000000044,0.5,0.43818064076566016,0.8841395898889056,0.059171347775251876,16.0,13.717836191364736,strict_delta_max,1,cross_layer_handoff_executed
line-duel_fixed-split_seed2,2,fixed-split,line-duel,0,1,PSO,1.6878748875696683,1.5563999768346548,-0.039999999999999925,-0.039999999999999925,0.5,0.0,0.0,0.05743481707658332,13.717836191364736,12.029961303795067,strict_delta_max,1,cross_layer_handoff_executed
line-duel_fixed-split_seed2,2,fixed-split,line-duel,0,2,RL,2.2195134993315166,1.8243000376969576,-1.005,-1.005,0.0,0.0,0.0,0.0,12.029961303795067,9.81044780446355,strict_delta_max,2,cross_layer_handoff_executed
line-duel_fixed-split_seed2,2,fixed-split,line-duel,0,3,GA,2.5458951316609566,1.0260000126436353,-1.03,-1.03,0.0,0.0,0.8205222274787475,0.035383290517440956,9.81044780446355,7.264552672802593,strict_delta_max,1,cross_layer_handoff_executed
line-duel_fixed-split_seed2,2,fixed-split,line-duel,0,4,PSO,2.130052285916131,1.213399926200509,-0.995,-0.995,0.0,0.0,0.0,0.037368985137760595,7.264552672802593,5.1345003868864625,strict_delta_max,1,cross_layer_handoff_executed
line-duel_fixed-split_seed2,2,fixed-split,line-duel,0,5,RL,4.0,2.4574999697506428,-1.0150000000000001,-1.0150000000000001,0.0,0.0,0.0,0.0,5.1345003868864625,1.1345003868864625,strict_delta_max,2,cross_layer_handoff_executed
line-duel_fixed-split_seed2,2,fixed-split,line-duel,1,0,GA,2.4150323067393837,1.4823999954387546,-0.025000000000000022,-0.025000000000000022,0.5,0.0,0.7451024140204439,0.04215183245311486,16.0,13.584967693260616,strict_delta_max,1,cross_layer_handoff_executed
line-duel_fixed-split_seed2,2,fixed-split,line-duel,1,1,PSO,2.004153722654829,1.5780000248923898,-0.039999999999999925,-0.039999999999999925,0.5,0.0,0.0,0.030642406765961982,13.584967693260616,11.580813970605787,strict_delta_max,1,cross_layer_handoff_executed
line-duel_fixed-split_seed2,2,fixed-split,line-duel,1,2,RL,2.045475539907869,1.9290000200271606,-1.02,-1.02,0.0,0.0,0.0,0.014666516130205727,11.580813970605787,9.535338430697918,strict_delta_max,2,cross_layer_handoff_executed
line-duel_fixed-split_seed2,2,fixed-split,line-duel,1,3,GA,2.689317696034336,1.209900015965104,-0.025000000000000022,-0.025000000000000022,0.5,0.0,0.6858479521469404,0.03966767612242961,9.535338430697918,6.846020734663582,strict_delta_max,1,cross_layer_handoff_executed
line-duel_fixed-split_seed2,2,fixed-split,line-duel,1,4,PSO,2.079777602089377,1.245700055733323,0.025000000000000022,0.025000000000000022,0.5,0.014424619233259151,0.0,0.04232826919880885,6.846020734663582,4.766243132574205,strict_delta_max,1,cross_layer_handoff_executed
line-duel_fixed-split_seed2,2,fixed-split,line-duel,1,5,RL,2.2742440826800014,1.8598000751808286,-1.0150000000000001,-1.0150000000000001,0.0,0.0,0.0,0.0,4.766243132574205,2.4919990498942037,strict_delta_max,2,cross_layer_handoff_executed
line-duel_fixed-split_seed2,2,fixed-split,line-duel,2,0,GA,1.653990125779971,1.095699961297214,-1.005,-1.005,0.0,0.0,0.7168907274086378,0.06819754099444528,16.0,14.346009874220028,strict_delta_max,1,cross_layer_handoff_executed
line-duel_fixed-split_seed2,2,fixed-split,line-duel,2,1,PSO,1.2126006187469156,1.1748999822884798,-1.005,-1.005,0.0,0.0,0.0,0.0792468200295538,14.346009874220028,13.133409255473113,strict_delta_max,1,cross_layer_handoff_executed
line-duel_fixed-split_seed2,2,fixed-split,line-duel,2,2,RL,3.2237143450462598,1.4591999351978302,-1.0,-1.0,0.0,0.0,0.0,0.01240804727672794,13.133409255473113,9.909694910426854,strict_delta_max,2,cross_layer_handoff_executed
line-duel_fixed-split_seed2,2,fixed-split,line-duel,2,3,GA,2.951792649727747,1.215500058606267,-0.0050000000000000044,-0.0050000000000000044,0.5,0.0,0.6986228367753551,0.036700909050571884,9.909694910426854,6.957902260699107,strict_delta_max,1,cross_layer_handoff_executed
line-duel_fixed-split_seed2,2,fixed-split,line-duel,2,4,PSO,1.9726544890718023,1.379600027576089,0.025000000000000022,0.025000000000000022,0.5,0.0,0.0,0.026453071635013713,6.957902260699107,4.985247771627305,strict_delta_max,1,cross_layer_handoff_executed
line-duel_fixed-split_seed2,2,fixed-split,line-duel,2,5,RL,4.0,1.888000057078898,-1.005,-1.005,0.0,0.0,0.0,0.4975,4.985247771627305,0.9852477716273054,strict_delta_max,2,cross_layer_handoff_executed
line-duel_fixed-split_seed2,2,fixed-split,line-duel,3,0,GA,1.7047239118650173,1.2639000779017806,-1.0699999999999998,-1.0699999999999998,0.0,0.0,0.6986228367753551,0.06688230310454468,16.0,14.295276088134983,strict_delta_max,1,cross_layer_handoff_executed
line-duel_fixed-split_seed2,2,fixed-split,line-duel,3,1,PSO,1.4175367443951943,1.2679999927058816,-1.0,-1.0,0.0,0.0,0.0,0.04198797662463175,14.295276088134983,12.877739343739789,strict_delta_max,1,cross_layer_handoff_executed
line-duel_fixed-split_seed2,2,fixed-split,line-duel,3,2,RL,2.1317991423535707,1.3822000473737717,-1.005,-1.005,0.0,0.0,0.0,0.03283611415788354,12.877739343739789,10.745940201386219,strict_delta_max,2,cross_layer_handoff_executed
line-duel_fixed-split_seed2,2,fixed-split,line-duel,3,3,GA,2.9993591848062944,1.2838999973610044,-0.039999999999999925,-0.039999999999999925,0.5,0.0,0.6865541737938474,0.03433576182646738,10.745940201386219,7.746581016579924,strict_delta_max,1,cross_layer_handoff_executed
line-duel_fixed-split_seed2,2,fixed-split,line-duel,3,4,PSO,3.1265044469543124,1.3455000007525086,0.025000000000000022,0.025000000000000022,0.5,0.0,0.0,0.02534377616124307,7.746581016579924,4.620076569625612,strict_delta_max,1,cross_layer_handoff_executed
line-duel_fixed-split_seed2,2,fixed-split,line-duel,3,5,RL,2.5106882039155964,1.8063000170513988,-1.005,-1.005,0.0,0.0,0.0,0.0,4.620076569625612,2.109388365710015,strict_delta_max,2,cross_layer_handoff_executed
line-duel_fixed-split_seed2,2,fixed-split,line-duel,4,0,GA,2.278068313357978,1.0306000476703048,-1.005,-1.005,0.0,0.0,0.6865541737938474,0.03313891413554785,16.0,13.721931686642023,strict_delta_max,1,cross_layer_handoff_executed
line-duel_fixed-split_seed2,2,fixed-split,line-duel,4,1,PSO,2.677749376044401,1.256300020031631,0.025000000000000022,0.025000000000000022,0.5,0.0,0.0,0.04347852359487389,13.721931686642023,11.044182310597622,strict_delta_max,1,cross_layer_handoff_executed
line-duel_fixed-split_seed2,2,fixed-split,line-duel,4,2,RL,1.4720122036609424,2.0637999987229705,-1.005,-1.005,0.0,0.0,0.0,0.0,11.044182310597622,9.57217010693668,strict_delta_max,2,cross_layer_handoff_executed
line-duel_fixed-split_seed2,2,fixed-split,line-duel,4,3,GA,1.5013716867526667,0.973900081589818,-1.0350000000000001,-1.0350000000000001,0.0,0.0,0.6865541737938474,0.09298804867358942,9.57217010693668,8.070798420184014,strict_delta_max,1,cross_layer_handoff_executed
line-duel_fixed-split_seed2,2,fixed-split,line-duel,4,4,PSO,1.4307910429688628,1.173799973912537,0.025000000000000022,0.025000000000000022,0.5,0.0,0.0,0.09528095430894507,8.070798420184014,6.64000737721515,strict_delta_max,1,cross_layer_handoff_executed
line-duel_fixed-split_seed2,2,fixed-split,line-duel,4,5,RL,2.9762476836110316,1.3789000222459435,-1.005,-1.005,0.0,0.0,0.0,0.020159612498111323,6.64000737721515,3.663759693604119,strict_delta_max,2,cross_layer_handoff_executed
line-duel_fixed-split_seed2,2,fixed-split,line-duel,5,0,GA,2.463984622808558,1.490199938416481,-0.039999999999999925,-0.039999999999999925,0.5,0.0,0.692658370450033,0.03224008605510531,16.0,13.536015377191442,strict_delta_max,1,cross_layer_handoff_executed
line-duel_fixed-split_seed2,2,fixed-split,line-duel,5,1,PSO,1.3467604633095096,1.1701000621542335,0.025000000000000022,0.025000000000000022,0.5,0.0,0.0,0.09436792002165693,13.536015377191442,12.189254913881932,strict_delta_max,1,cross_layer_handoff_executed
line-duel_fixed-split_seed2,2,fixed-split,line-duel,5,2,RL,1.5765044508927364,2.049400005489588,-1.005,-1.005,0.0,0.0,0.0,0.038058883986038544,12.189254913881932,10.612750462989196,strict_delta_max,2,cross_layer_handoff_executed
line-duel_fixed-split_seed2,2,fixed-split,line-duel,5,3,GA,2.935977182784148,0.9740999666973948,0.025000000000000022,0.025000000000000022,0.5,0.0,0.5829731609330029,0.031816515606654695,10.612750462989196,7.6767732802050475,strict_delta_max,1,cross_layer_handoff_executed
line-duel_fixed-split_seed2,2,fixed-split,line-duel,5,4,PSO,1.1101383335022357,1.3327000197023153,0.025000000000000022,0.025000000000000022,0.5,0.0,0.0,0.09139296612104834,7.6767732802050475,6.566634946702812,strict_delta_max,1,cross_layer_handoff_executed
line-duel_fixed-split_seed2,2,fixed-split,line-duel,5,5,RL,2.5937969268144236,1.7917000222951174,-1.005,-1.005,0.0,0.0,0.0,0.0,6.566634946702812,3.972838019888388,strict_delta_max,2,cross_layer_handoff_executed
line-duel_round-robin_seed0,0,round-robin,line-duel,0,0,GA,1.6893344512949398,1.8800999969244003,-1.0350000000000001,-1.0350000000000001,0.0,0.0,0.8116122098641232,0.0646168400523651,16.0,14.31066554870506,strict_delta_max,1,cross_layer_handoff_executed
line-duel_round-robin_seed0,0,round-robin,line-duel,0,1,PSO,1.20651110410417,1.5159000176936388,-1.04,-1.04,0.0,0.0,0.0,0.07826905056619649,14.31066554870506,13.10415444460089,strict_delta_max,1,cross_layer_handoff_executed
line-duel_round-robin_seed0,0,round-robin,line-duel,0,2,RL,4.0,1.5366999432444572,-0.04500000000000004,-0.04500000000000004,0.5,0.24750000000000003,0.0,0.0,13.10415444460089,9.10415444460089,strict_delta_max,2,cross_layer_handoff_executed
line-duel_round-robin_seed0,0,round-robin,line-duel,0,3,GA,3.523322366777626,1.2783999554812908,-1.0350000000000001,-1.0350000000000001,0.0,0.0,0.7735835699401835,0.032048148152888374,9.10415444460089,5.580832077823265,strict_delta_max,1,cross_layer_handoff_executed
line-duel_round-robin_seed0,0,round-robin,line-duel,0,4,PSO,2.703496397418464,1.4768000692129135,-0.04500000000000004,-0.04500000000000004,0.5,0.0,0.0,0.04239642359119411,5.580832077823265,2.8773356804048014,strict_delta_max,1,cross_layer_handoff_executed
line-duel_round-robin_seed0,0,round-robin,line-duel,1,0,RL,2.243997127921444,2.014599973335862,-0.04500000000000004,-0.04500000000000004,0.5,0.0,0.0,0.0,16.0,13.756002872078556,strict_delta_max,2,cross_layer_handoff_executed
line-duel_round-robin_seed0,0,round-robin,line-duel,1,1,GA,3.924209213763715,1.5317000215873122,-1.08,-1.08,0.0,0.0,0.7403203080779661,0.01411084932269532,13.756002872078556,9.83179365831484,strict_delta_max,1,cross_layer_handoff_executed
line-duel_round-robin_seed0,0,round-robin,line-duel,1,2,PSO,2.361335149931503,1.3205999275669456,-0.04500000000000004,-0.04500000000000004,0.5,0.0,0.0,0.0440728624036507,9.83179365831484,7.470458508383337,strict_delta_max,1,cross_layer_handoff_executed
line-duel_round-robin_seed0,0,round-robin,line-duel,1,3,RL,1.411636959521183,1.3805999187752604,-0.04500000000000004,-0.04500000000000004,0.5,0.0,0.0,1.4663826885788886,7.470458508383337,6.058821548862154,strict_delta_max,2,cross_layer_handoff_executed
line-duel_round-robin_seed0,0,round-robin,line-duel,1,4,GA,2.654586248440353,1.1153999948874116,-1.0350000000000001,-1.0350000000000001,0.0,0.0,0.6490609342461647,0.034627087082184475,6.058821548862154,3.404235300421801,strict_delta_max,1,cross_layer_handoff_executed
line-duel_round-robin_seed0,0,round-robin,line-duel,2,0,PSO,1.20081091851997,1.2645000824704766,-0.04500000000000004,-0.04500000000000004,0.5,0.0,0.0,0.0725800156241015,16.0,14.79918908148003,strict_delta_max,1,cross_layer_handoff_executed
line-duel_round-robin_seed0,0,round-robin,line-duel,2,1,RL,4.0,1.6078000189736485,-0.04500000000000004,-0.04500000000000004,0.5,0.0,0.0,0.0,14.79918908148003,10.79918908148003,strict_delta_max,2,cross_layer_handoff_executed
line-duel_round-robin_seed0,0,round-robin,line-duel,2,2,GA,2.097532685563981,0.9388000471517444,-1.04,-1.04,0.0,0.0,0.5671891136379335,0.03020290659132687,10.79918908148003,8.70165639591605,strict_delta_max,1,cross_layer_handoff_executed
line-duel_round-robin_seed0,0,round-robin,line-duel,2,3,PSO,2.53756010606733,1.919899950735271,-0.04500000000000004,-0.04500000000000004,0.5,0.0,0.0,0.02995867107179076,8.70165639591605,6.16409628984872,strict_delta_max,1,cross_layer_handoff_executed
line-duel_round-robin_seed0,0,round-robin,line-duel,2,4,RL,2.8205132788370633,1.7504999414086342,-0.04500000000000004,-0.04500000000000004,0.5,0.0,0.0,0.0,6.16409628984872,3.3435830110116567,strict_delta_max,2,cross_layer_handoff_executed
line-duel_round-robin_seed0,0,round-robin,line-duel,3,0,GA,2.0990268401584924,1.462999964132905,-0.04500000000000004,-0.04500000000000004,0.5,0.0,0.44437913161737186,0.025131603009612074,16.0,13.900973159841508,strict_delta_max,1,cross_layer_handoff_executed
line-duel_round-robin_seed0,0,round-robin,line-duel,3,1,PSO,1.0399865744093875,1.3911999994888902,-0.04500000000000004,-0.04500000000000004,0.5,0.0,0.0,0.08309780309268605,13.900973159841508,12.86098658543212,strict_delta_max,1,cross_layer_handoff_executed
line-duel_round-robin_seed0,0,round-robin,line-duel,3,2,RL,2.379883104191103,1.9434000132605433,-0.04500000000000004,-0.04500000000000004,0.5,0.0,0.0,0.0,12.86098658543212,10.481103481241016,strict_delta_max,2,cross_layer_handoff_executed
line-duel_round-robin_seed0,0,round-robin,line-duel,3,3,GA,2.548029451099217,1.107499934732914,-1.0350000000000001,-1.0350000000000001,0.0,0.0,0.4028031910196516,0.018714036830088574,10.481103481241016,7.933074030141799,strict_delta_max,1,cross_layer_handoff_executed
line-duel_round-robin_seed0,0,round-robin,line-duel,3,4,PSO,2.8847966278489108,1.6531000146642327,-0.04500000000000004,-0.04500000000000004,0.5,0.0,0.0,0.01915967463226501,7.933074030141799,5.048277402292888,strict_delta_max,1,cross_layer_handoff_executed
line-duel_round-robin_seed0,0,round-robin,line-duel,3,5,RL,2.4922441904741928,1.3855999568477273,-0.04500000000000004,-0.04500000000000004,0.5,0.0,0.0,0.0,5.048277402292888,2.556033211818695,strict_delta_max,2,cross_layer_handoff_executed
line-duel_round-robin_seed0,0,round-robin,line-duel,4,0,GA,1.786591104312534,1.4204999897629023,-0.04500000000000004,-0.04500000000000004,0.5,0.0,0.2932153999852377,0.02894146878802346,16.0,14.213408895687467,strict_delta_max,1,cross_layer_handoff_executed
line-duel_round-robin_seed0,0,round-robin,line-duel,4,1,PSO,1.0,1.456800033338368,-0.04500000000000004,-0.04500000000000004,0.5,0.0,0.0,0.050697307113666934,14.213408895687467,13.213408895687467,strict_delta_max,1,cross_layer_handoff_executed
line-duel_round-robin_seed0,0,round-robin,line-duel,4,2,RL,2.1289674854272405,1.6322999726980925,-0.04500000000000004,-0.04500000000000004,0.5,0.0,0.0,0.018788450398514588,13.213408895687467,11.084441410260226,strict_delta_max,2,cross_layer_handoff_executed
line-duel_round-robin_seed0,0,round-robin,line-duel,4,3,GA,1.1363288563976364,1.2042999733239412,-0.04500000000000004,-0.04500000000000004,0.5,0.0,0.16492998018967,0.047726301665997437,11.084441410260226,9.94811255386259,strict_delta_max,1,cross_layer_handoff_executed
line-duel_round-robin_seed0,0,round-robin,line-duel,4,4,PSO,2.37566668731714,1.3157000066712499,-0.04500000000000004,-0.04500000000000004,0.5,0.0,0.0,0.04213595726220504,9.94811255386259,7.57244586654545,strict_delta_max,1,cross_layer_handoff_executed
line-duel_round-robin_seed0,0,round-robin,line-duel,4,5,RL,1.7364855485135349,2.3328999523073435,-0.04500000000000004,-0.04500000000000004,0.5,0.0,0.0,1.1459928369133152,7.57244586654545,5.835960318031915,strict_delta_max,2,cross_layer_handoff_executed
line-duel_round-robin_seed0,0,round-robin,line-duel,4,6,GA,1.2891509851708727,1.0915999300777912,-0.04500000000000004,-0.04500000000000004,0.5,0.0,0.16492998018967,0.042351749416161114,5.835960318031915,4.5468093328610415,strict_delta_max,1,cross_layer_handoff_executed
line-duel_round-robin_seed0,0,round-robin,line-duel,4,7,PSO,2.9397033454976556,1.317499903962016,-0.04500000000000004,-0.04500000000000004,0.5,0.0,0.0,0.03158555187092455,4.5468093328610415,1.607105987363386,strict_delta_max,1,cross_layer_handoff_executed
line-duel_round-robin_seed0,0,round-robin,line-duel,5,0,RL,2.5002734324824254,1.8983999034389853,-0.04500000000000004,-0.04500000000000004,0.5,0.0,0.0,0.0,16.0,13.499726567517575,strict_delta_max,2,cross_layer_handoff_executed
line-duel_round-robin_seed0,0,round-robin,line-duel,5,1,GA,1.37837716363411,0.9539999300613999,-1.04,-1.04,0.0,0.0,0.16492998018967,0.04223734662455496,13.499726567517575,12.121349403883466,strict_delta_max,1,cross_layer_handoff_executed
line-duel_round-robin_seed0,0,round-robin,line-duel,5,2,PSO,1.6051348264760161,1.3002000050619245,-0.04500000000000004,-0.04500000000000004,0.5,0.0,0.0,0.05992598055783183,12.121349403883466,10.51621457740745,strict_delta_max,1,cross_layer_handoff_executed
line-duel_round-robin_seed0,0,round-robin,line-duel,5,3,RL,3.414043272029419,1.5450000064447522,-0.04500000000000004,-0.04500000000000004,0.5,0.0,0.0,0.0,10.51621457740745,7.102171305378031,strict_delta_max,2,cross_layer_handoff_executed
line-duel_round-robin_seed0,0,round-robin,line-duel,5,4,GA,1.5058339404330447,1.2533999979496002,-0.04500000000000004,-0.04500000000000004,0.5,0.0,0.16492998018967,0.036859923516276524,7.102171305378031,5.596337364944986,strict_delta_max,1,cross_layer_handoff_executed
line-duel_round-robin_seed0,0,round-robin,line-duel,5,5,PSO,1.7269256370131338,1.4198999851942062,-0.04500000000000004,-0.04500000000000004,0.5,0.0,0.0,0.045035460323613996,5.596337364944986,3.8694117279318525,strict_delta_max,1,cross_layer_handoff_executed
line-duel_round-robin_seed1,1,round-robin,line-duel,0,0,GA,2.9420915853436957,1.869100029580295,-1.04,-1.04,0.0,0.0,0.9222503083015591,0.04079385976487518,16.0,13.057908414656303,strict_delta_max,1,cross_layer_handoff_executed
line-duel_round-robin_seed1,1,round-robin,line-duel,0,1,PSO,1.0478464117356086,1.6570000443607569,-1.04,-1.04,0.0,0.0,0.0,0.07191417322099722,13.057908414656303,12.010062002920694,strict_delta_max,1,cross_layer_handoff_executed
line-duel_round-robin_seed1,1,round-robin,line-duel,0,2,RL,3.4847291488855876,2.205900033004582,-1.09,-1.09,0.0,0.0,0.0,0.0,12.010062002920694,8.525332854035106,strict_delta_max,2,cross_layer_handoff_executed
line-duel_round-robin_seed1,1,round-robin,line-duel,0,3,GA,3.3528046698476497,1.1931000044569373,-1.04,-1.04,0.0,0.0,0.8604127127874946,0.02728321313387214,8.525332854035106,5.172528184187456,strict_delta_max,1,cross_layer_handoff_executed
line-duel_round-robin_seed1,1,round-robin,line-duel,0,4,PSO,1.9404049006445716,1.3877999735996127,-1.04,-1.04,0.0,0.0,0.0,0.03887761957055909,5.172528184187456,3.232123283542885,strict_delta_max,1,cross_layer_handoff_executed
line-duel_round-robin_seed1,1,round-robin,line-duel,1,0,RL,2.356833638214052,2.0771000999957323,-1.1,-1.1,0.0,0.0,0.0,0.0,16.0,13.643166361785948,strict_delta_max,2,cross_layer_handoff_executed
line-duel_round-robin_seed1,1,round-robin,line-duel,1,1,GA,1.2301288423582677,1.174099976196885,-1.04,-1.04,0.0,0.0,0.7466681582587485,0.06933331817003638,13.643166361785948,12.41303751942768,strict_delta_max,1,cross_layer_handoff_executed
line-duel_round-robin_seed1,1,round-robin,line-duel,1,2,PSO,3.5970221928725903,1.3176999054849148,-1.04,-1.04,0.0,0.0,0.0,0.014690883826041203,12.41303751942768,8.81601532655509,strict_delta_max,1,cross_layer_handoff_executed
line-duel_round-robin_seed1,1,round-robin,line-duel,1,3,RL,2.5002169488126262,1.793400035239756,-1.085,-1.085,0.0,0.0,0.0,0.003999652912019932,8.81601532655509,6.315798377742464,strict_delta_max,2,cross_layer_handoff_executed
line-duel_round-robin_seed1,1,round-robin,line-duel,1,4,GA,3.2810987394175073,1.223500003106892,-1.04,-1.04,0.0,0.0,0.7772472685794287,0.029940224248226906,6.315798377742464,3.0346996383249567,strict_delta_max,1,cross_layer_handoff_executed
line-duel_round-robin_seed1,1,round-robin,line-duel,2,0,PSO,1.5431638380787298,1.1639000149443746,-1.04,-1.04,0.0,0.0,0.0,0.044503530208175546,16.0,14.45683616192127,strict_delta_max,1,cross_layer_handoff_executed
line-duel_round-robin_seed1,1,round-robin,line-duel,2,1,RL,1.4985815526474717,1.900400035083294,-1.09,-1.09,0.0,0.0,0.0,1.3746332299104427,14.45683616192127,12.958254609273798,strict_delta_max,2,cross_layer_handoff_executed
line-duel_round-robin_seed1,1,round-robin,line-duel,2,2,GA,2.3690587219765002,1.486700028181076,-1.1,-1.1,0.0,0.0,0.7772472685794287,0.0337426059274851,12.958254609273798,10.589195887297297,strict_delta_max,1,cross_layer_handoff_executed
line-duel_round-robin_seed1,1,round-robin,line-duel,2,3,PSO,1.1794597403482425,1.4851000159978867,-1.04,-1.04,0.0,0.0,0.0,0.035562423372186514,10.589195887297297,9.409736146949054,strict_delta_max,1,cross_layer_handoff_executed
line-duel_round-robin_seed1,1,round-robin,line-duel,2,4,RL,4.0,2.202900010161102,-1.09,-1.09,0.0,0.0,0.0,0.0,9.409736146949054,5.409736146949054,strict_delta_max,2,cross_layer_handoff_executed
line-duel_round-robin_seed1,1,round-robin,line-duel,2,5,GA,2.523233103732615,1.1270999675616622,-1.04,-1.04,0.0,0.0,0.7725442157947201,0.022152318185992094,5.409736146949054,2.8865030432164396,strict_delta_max,1,cross_layer_handoff_executed
line-duel_round-robin_seed1,1,round-robin,line-duel,3,0,PSO,2.234397643984236,1.2877999106422067,-1.04,-1.04,0.0,0.0,0.0,0.03947618662227849,16.0,13.765602356015764,strict_delta_max,1,cross_layer_handoff_executed
line-duel_round-robin_seed1,1,round-robin,line-duel,3,1,RL,2.1309407510953635,1.867000013589859,-1.1,-1.1,0.0,0.0,0.0,0.023463815206639902,13.765602356015764,11.6346616049204,strict_delta_max,2,cross_layer_handoff_executed
line-duel_round-robin_seed1,1,round-robin,line-duel,3,2,GA,1.2506701702221128,1.1294999858364463,-1.04,-1.04,0.0,0.0,0.7725442157947201,0.0960907719012553,11.6346616049204,10.383991434698286,strict_delta_max,1,cross_layer_handoff_executed
line-duel_round-robin_seed1,1,round-robin,line-duel,3,3,PSO,1.398281571053552,1.3162000104784966,-1.04,-1.04,0.0,0.0,0.0,0.05161909319758749,10.383991434698286,8.985709863644734,strict_delta_max,1,cross_layer_handoff_executed
line-duel_round-robin_seed1,1,round-robin,line-duel,3,4,RL,4.0,1.9564999965950847,-1.09,-1.09,0.0,0.0,0.0,0.007500000000000007,8.985709863644734,4.985709863644734,strict_delta_max,2,cross_layer_handoff_executed
line-duel_round-robin_seed1,1,round-robin,line-duel,3,5,GA,1.5005308463978229,1.1978999245911837,-1.04,-1.04,0.0,0.0,0.7725442157947201,0.06162370766996604,4.985709863644734,3.4851790172469115,strict_delta_max,1,cross_layer_handoff_executed
line-duel_round-robin_seed1,1,round-robin,line-duel,4,0,PSO,1.2857636617995334,1.280600088648498,-1.04,-1.04,0.0,0.0,0.0,0.030033962493367535,16.0,14.714236338200466,strict_delta_max,1,cross_layer_handoff_executed
line-duel_round-robin_seed1,1,round-robin,line-duel,4,1,RL,2.30510724933007,1.4738000463694334,-1.04,-1.04,0.0,0.0,0.0,0.0,14.714236338200466,12.409129088870397,strict_delta_max,2,cross_layer_handoff_executed
line-duel_round-robin_seed1,1,round-robin,line-duel,4,2,GA,1.5873667572058012,1.4339000917971134,-1.085,-1.085,0.0,0.0,0.7725442157947201,0.06405065702522436,12.409129088870397,10.821762331664596,strict_delta_max,1,cross_layer_handoff_executed
line-duel_round-robin_seed1,1,round-robin,line-duel,4,3,PSO,3.055367210331745,1.409500022418797,-1.04,-1.04,0.0,0.0,0.0,0.022715961939447776,10.821762331664596,7.766395121332851,strict_delta_max,1,cross_layer_handoff_executed
line-duel_round-robin_seed1,1,round-robin,line-duel,4,4,RL,1.3666576810300868,2.009799936786294,-1.1,-1.1,0.0,0.0,0.0,1.5146441049083963,7.766395121332851,6.399737440302764,strict_delta_max,2,cross_layer_handoff_executed
line-duel_round-robin_seed1,1,round-robin,line-duel,4,5,GA,3.7620290637750373,1.1443999828770757,-1.04,-1.04,0.0,0.0,0.7725442157947201,0.021487804284518713,6.399737440302764,2.6377083765277267,strict_delta_max,1,cross_layer_handoff_executed
line-duel_round-robin_seed1,1,round-robin,line-duel,5,0,PSO,1.373567984883265,1.157799968495965,-1.04,-1.04,0.0,0.0,0.0,0.0442898465934053,16.0,14.626432015116736,strict_delta_max,1,cross_layer_handoff_executed
line-duel_round-robin_seed1,1,round-robin,line-duel,5,1,RL,4.0,2.172800013795495,-1.1,-1.1,0.0,0.0,0.0,0.0,14.626432015116736,10.626432015116736,strict_delta_max,2,cross_layer_handoff_executed
line-duel_round-robin_seed1,1,round-robin,line-duel,5,2,GA,2.415819962862188,1.129399985074997,-1.04,-1.04,0.0,0.0,0.7725442157947201,0.027879026602420143,10.626432015116736,8.210612052254547,strict_delta_max,1,cross_layer_handoff_executed
line-duel_round-robin_seed1,1,round-robin,line-duel,5,3,PSO,2.4734668851403283,1.2663999805226922,-1.04,-1.04,0.0,0.0,0.0,0.03209500829799143,8.210612052254547,5.737145167114218,strict_delta_max,1,cross_layer_handoff_executed
line-duel_round-robin_seed1,1,round-robin,line-duel,5,4,RL,2.017131785699454,2.602200023829937,-1.04,-1.04,0.0,0.0,0.0,0.0,5.737145167114218,3.7200133814147645,strict_delta_max,2,cross_layer_handoff_executed
line-duel_round-robin_seed2,2,round-robin,line-duel,0,0,GA,2.282163808635265,1.7746000085026026,-0.0050000000000000044,-0.0050000000000000044,0.5,0.43818064076566016,0.8841395898889056,0.059171347775251876,16.0,13.717836191364736,strict_delta_max,1,cross_layer_handoff_executed
line-duel_round-robin_seed2,2,round-robin,line-duel,0,1,PSO,1.6878748875696683,1.4633999671787024,-0.039999999999999925,-0.039999999999999925,0.5,0.0,0.0,0.05743481707658332,13.717836191364736,12.029961303795067,strict_delta_max,1,cross_layer_handoff_executed
line-duel_round-robin_seed2,2,round-robin,line-duel,0,2,RL,2.2195134993315166,1.9750000210478902,-1.005,-1.005,0.0,0.0,0.0,0.0,12.029961303795067,9.81044780446355,strict_delta_max,2,cross_layer_handoff_executed
line-duel_round-robin_seed2,2,round-robin,line-duel,0,3,GA,2.5458951316609566,1.0449000401422381,-1.03,-1.03,0.0,0.0,0.8205222274787475,0.035383290517440956,9.81044780446355,7.264552672802593,strict_delta_max,1,cross_layer_handoff_executed
line-duel_round-robin_seed2,2,round-robin,line-duel,0,4,PSO,2.130052285916131,1.2058999855071306,-0.995,-0.995,0.0,0.0,0.0,0.037368985137760595,7.264552672802593,5.1345003868864625,strict_delta_max,1,cross_layer_handoff_executed
line-duel_round-robin_seed2,2,round-robin,line-duel,0,5,RL,4.0,2.1949000656604767,-1.0150000000000001,-1.0150000000000001,0.0,0.0,0.0,0.0,5.1345003868864625,1.1345003868864625,strict_delta_max,2,cross_layer_handoff_executed
line-duel_round-robin_seed2,2,round-robin,line-duel,1,0,GA,2.4150323067393837,1.296199974603951,-0.025000000000000022,-0.025000000000000022,0.5,0.0,0.7451024140204439,0.04215183245311486,16.0,13.584967693260616,strict_delta_max,1,cross_layer_handoff_executed
line-duel_round-robin_seed2,2,round-robin,line-duel,1,1,PSO,2.004153722654829,1.4760000631213188,-0.039999999999999925,-0.039999999999999925,0.5,0.0,0.0,0.030642406765961982,13.584967693260616,11.580813970605787,strict_delta_max,1,cross_layer_handoff_executed
line-duel_round-robin_seed2,2,round-robin,line-duel,1,2,RL,2.045475539907869,2.004699897952378,-1.02,-1.02,0.0,0.0,0.0,0.014666516130205727,11.580813970605787,9.535338430697918,strict_delta_max,2,cross_layer_handoff_executed
line-duel_round-robin_seed2,2,round-robin,line-duel,1,3,GA,2.689317696034336,1.3063999358564615,-0.025000000000000022,-0.025000000000000022,0.5,0.0,0.6858479521469404,0.03966767612242961,9.535338430697918,6.846020734663582,strict_delta_max,1,cross_layer_handoff_executed
line-duel_round-robin_seed2,2,round-robin,line-duel,1,4,PSO,2.079777602089377,1.2533999979496002,0.025000000000000022,0.025000000000000022,0.5,0.014424619233259151,0.0,0.04232826919880885,6.846020734663582,4.766243132574205,strict_delta_max,1,cross_layer_handoff_executed
line-duel_round-robin_seed2,2,round-robin,line-duel,1,5,RL,2.2742440826800014,1.8454999662935734,-1.0150000000000001,-1.0150000000000001,0.0,0.0,0.0,0.0,4.766243132574205,2.4919990498942037,strict_delta_max,2,cross_layer_handoff_executed
line-duel_round-robin_seed2,2,round-robin,line-duel,2,0,GA,1.653990125779971,0.9562999475747347,-1.005,-1.005,0.0,0.0,0.7168907274086378,0.06819754099444528,16.0,14.346009874220028,strict_delta_max,1,cross_layer_handoff_executed
line-duel_round-robin_seed2,2,round-robin,line-duel,2,1,PSO,1.2126006187469156,1.0665999725461006,-1.005,-1.005,0.0,0.0,0.0,0.0792468200295538,14.346009874220028,13.133409255473113,strict_delta_max,1,cross_layer_handoff_executed
line-duel_round-robin_seed2,2,round-robin,line-duel,2,2,RL,3.2237143450462598,1.5935000265017152,-1.0,-1.0,0.0,0.0,0.0,0.01240804727672794,13.133409255473113,9.909694910426854,strict_delta_max,2,cross_layer_handoff_executed
line-duel_round-robin_seed2,2,round-robin,line-duel,2,3,GA,2.951792649727747,1.0741999140009284,-0.0050000000000000044,-0.0050000000000000044,0.5,0.0,0.6986228367753551,0.036700909050571884,9.909694910426854,6.957902260699107,strict_delta_max,1,cross_layer_handoff_executed
line-duel_round-robin_seed2,2,round-robin,line-duel,2,4,PSO,1.9726544890718023,1.2496000854298472,0.025000000000000022,0.025000000000000022,0.5,0.0,0.0,0.026453071635013713,6.957902260699107,4.985247771627305,strict_delta_max,1,cross_layer_handoff_executed
line-duel_round-robin_seed2,2,round-robin,line-duel,2,5,RL,4.0,2.0897999638691545,-1.005,-1.005,0.0,0.0,0.0,0.4975,4.985247771627305,0.9852477716273054,strict_delta_max,2,cross_layer_handoff_executed
line-duel_round-robin_seed2,2,round-robin,line-duel,3,0,GA,1.7047239118650173,1.2738000368699431,-1.0699999999999998,-1.0699999999999998,0.0,0.0,0.6986228367753551,0.06688230310454468,16.0,14.295276088134983,strict_delta_max,1,cross_layer_handoff_executed
line-duel_round-robin_seed2,2,round-robin,line-duel,3,1,PSO,1.4175367443951943,1.0891000274568796,-1.0,-1.0,0.0,0.0,0.0,0.04198797662463175,14.295276088134983,12.877739343739789,strict_delta_max,1,cross_layer_handoff_executed
line-duel_round-robin_seed2,2,round-robin,line-duel,3,2,RL,2.1317991423535707,1.3851000694558024,-1.005,-1.005,0.0,0.0,0.0,0.03283611415788354,12.877739343739789,10.745940201386219,strict_delta_max,2,cross_layer_handoff_executed
line-duel_round-robin_seed2,2,round-robin,line-duel,3,3,GA,2.9993591848062944,1.2978001032024622,-0.039999999999999925,-0.039999999999999925,0.5,0.0,0.6865541737938474,0.03433576182646738,10.745940201386219,7.746581016579924,strict_delta_max,1,cross_layer_handoff_executed
line-duel_round-robin_seed2,2,round-robin,line-duel,3,4,PSO,3.1265044469543124,1.2369999894872308,0.025000000000000022,0.025000000000000022,0.5,0.0,0.0,0.02534377616124307,7.746581016579924,4.620076569625612,strict_delta_max,1,cross_layer_handoff_executed
line-duel_round-robin_seed2,2,round-robin,line-duel,3,5,RL,2.5106882039155964,1.6481999773532152,-1.005,-1.005,0.0,0.0,0.0,0.0,4.620076569625612,2.109388365710015,strict_delta_max,2,cross_layer_handoff_executed
line-duel_round-robin_seed2,2,round-robin,line-duel,4,0,GA,2.278068313357978,1.0058000916615129,-1.005,-1.005,0.0,0.0,0.6865541737938474,0.03313891413554785,16.0,13.721931686642023,strict_delta_max,1,cross_layer_handoff_executed
line-duel_round-robin_seed2,2,round-robin,line-duel,4,1,PSO,2.677749376044401,1.1425999691709876,0.025000000000000022,0.025000000000000022,0.5,0.0,0.0,0.04347852359487389,13.721931686642023,11.044182310597622,strict_delta_max,1,cross_layer_handoff_executed
line-duel_round-robin_seed2,2,round-robin,line-duel,4,2,RL,1.4720122036609424,1.8585000652819872,-1.005,-1.005,0.0,0.0,0.0,0.0,11.044182310597622,9.57217010693668,strict_delta_max,2,cross_layer_handoff_executed
line-duel_round-robin_seed2,2,round-robin,line-duel,4,3,GA,1.5013716867526667,0.9608999826014042,-1.0350000000000001,-1.0350000000000001,0.0,0.0,0.6865541737938474,0.09298804867358942,9.57217010693668,8.070798420184014,strict_delta_max,1,cross_layer_handoff_executed
line-duel_round-robin_seed2,2,round-robin,line-duel,4,4,PSO,1.4307910429688628,1.2750000460073352,0.025000000000000022,0.025000000000000022,0.5,0.0,0.0,0.09528095430894507,8.070798420184014,6.64000737721515,strict_delta_max,1,cross_layer_handoff_executed
line-duel_round-robin_seed2,2,round-robin,line-duel,4,5,RL,2.9762476836110316,1.3787999050691724,-1.005,-1.005,0.0,0.0,0.0,0.020159612498111323,6.64000737721515,3.663759693604119,strict_delta_max,2,cross_layer_handoff_executed
line-duel_round-robin_seed2,2,round-robin,line-duel,5,0,GA,2.463984622808558,1.361300004646182,-0.039999999999999925,-0.039999999999999925,0.5,0.0,0.692658370450033,0.03224008605510531,16.0,13.536015377191442,strict_delta_max,1,cross_layer_handoff_executed
line-duel_round-robin_seed2,2,round-robin,line-duel,5,1,PSO,1.3467604633095096,1.2162999482825398,0.025000000000000022,0.025000000000000022,0.5,0.0,0.0,0.09436792002165693,13.536015377191442,12.189254913881932,strict_delta_max,1,cross_layer_handoff_executed
line-duel_round-robin_seed2,2,round-robin,line-duel,5,2,RL,1.5765044508927364,1.6929999692365527,-1.005,-1.005,0.0,0.0,0.0,0.038058883986038544,12.189254913881932,10.612750462989196,strict_delta_max,2,cross_layer_handoff_executed
line-duel_round-robin_seed2,2,round-robin,line-duel,5,3,GA,2.935977182784148,0.950500019825995,0.025000000000000022,0.025000000000000022,0.5,0.0,0.5829731609330029,0.031816515606654695,10.612750462989196,7.6767732802050475,strict_delta_max,1,cross_layer_handoff_executed
line-duel_round-robin_seed2,2,round-robin,line-duel,5,4,PSO,1.1101383335022357,1.2701000086963177,0.025000000000000022,0.025000000000000022,0.5,0.0,0.0,0.09139296612104834,7.6767732802050475,6.566634946702812,strict_delta_max,1,cross_layer_handoff_executed
line-duel_round-robin_seed2,2,round-robin,line-duel,5,5,RL,2.5937969268144236,1.6110000433400273,-1.005,-1.005,0.0,0.0,0.0,0.0,6.566634946702812,3.972838019888388,strict_delta_max,2,cross_layer_handoff_executed
line-duel_greedy-improvement_seed0,0,greedy-improvement,line-duel,0,0,GA,1.6893344512949398,1.8214000156149268,-1.0350000000000001,-1.0350000000000001,0.0,0.0,0.8116122098641232,0.0646168400523651,16.0,14.31066554870506,strict_delta_max,1,cross_layer_handoff_executed
line-duel_greedy-improvement_seed0,0,greedy-improvement,line-duel,0,1,GA,2.5056547673116434,1.5913000097498298,-1.0350000000000001,-1.0350000000000001,0.0,0.0,0.8311453459131665,0.048610042225809315,14.31066554870506,11.805010781393417,strict_delta_max,1,cross_layer_handoff_executed
line-duel_greedy-improvement_seed0,0,greedy-improvement,line-duel,0,2,GA,3.2133130574313404,1.7846999689936638,-1.0350000000000001,-1.0350000000000001,0.0,0.0,0.7829156664470321,0.031784489138668576,11.805010781393417,8.591697723962076,strict_delta_max,1,cross_layer_handoff_executed
line-duel_greedy-improvement_seed0,0,greedy-improvement,line-duel,0,3,GA,3.1578918407829324,1.4498999807983637,-1.0350000000000001,-1.0350000000000001,0.0,0.0,0.7561446778792801,0.03252146195437233,8.591697723962076,5.433805883179144,strict_delta_max,1,cross_layer_handoff_executed
line-duel_greedy-improvement_seed0,0,greedy-improvement,line-duel,0,4,GA,2.937698729694839,1.4697000151500106,-1.0350000000000001,-1.0350000000000001,0.0,0.0,0.6989703687729832,0.038251989956807654,5.433805883179144,2.4961071534843047,strict_delta_max,1,cross_layer_handoff_executed
line-duel_greedy-improvement_seed0,0,greedy-improvement,line-duel,1,0,GA,1.6346523690022985,1.289999927394092,-1.02,-1.02,0.0,0.009176262968471575,0.6828797477966819,0.055282636525476096,16.0,14.365347630997702,strict_delta_max,1,cross_layer_handoff_executed
line-duel_greedy-improvement_seed0,0,greedy-improvement,line-duel,1,1,GA,3.5495492749357096,1.183000043965876,0.015000000000000013,0.015000000000000013,0.5,0.29158631697506054,0.6948509863091249,0.02783827176302636,14.365347630997702,10.815798356061993,strict_delta_max,1,cross_layer_handoff_executed
line-duel_greedy-improvement_seed0,0,greedy-improvement,line-duel,1,2,GA,2.6237057221461146,1.4529000036418438,-1.0350000000000001,-1.0350000000000001,0.0,0.0,0.6684738604233517,0.03842066196569583,10.815798356061993,8.192092633915879,strict_delta_max,1,cross_layer_handoff_executed
line-duel_greedy-improvement_seed0,0,greedy-improvement,line-duel,1,3,GA,2.944785666803855,1.4781999634578824,-1.0350000000000001,-1.0350000000000001,0.0,0.0,0.629872737374901,0.025245448390572398,8.192092633915879,5.247306967112024,strict_delta_max,1,cross_layer_handoff_executed
line-duel_greedy-improvement_seed0,0,greedy-improvement,line-duel,1,4,GA,3.719590782306286,1.4297999441623688,-1.04,-1.04,0.0,0.0,0.6111318557515489,0.02934947749294064,5.247306967112024,1.5277161848057381,strict_delta_max,1,cross_layer_handoff_executed
line-duel_greedy-improvement_seed0,0,greedy-improvement,line-duel,2,0,GA,1.0556594859765283,0.9972000261768699,-1.04,-1.04,0.0,0.0,0.6111318557515489,0.09094043402403203,16.0,14.944340514023471,strict_delta_max,1,cross_layer_handoff_executed
line-duel_greedy-improvement_seed0,0,greedy-improvement,line-duel,2,1,GA,1.9044975975937155,1.3350999215617776,-1.0350000000000001,-1.0350000000000001,0.0,0.0,0.6078617440956903,0.05399554787781659,14.944340514023471,13.039842916429755,strict_delta_max,1,cross_layer_handoff_executed
line-duel_greedy-improvement_seed0,0,greedy-improvement,line-duel,2,2,GA,2.8839562712709403,1.1935000075027347,-1.04,-1.04,0.0,0.0,0.6078617440956903,0.019695626830235773,13.039842916429755,10.155886645158816,strict_delta_max,1,cross_layer_handoff_executed
line-duel_greedy-improvement_seed0,0,greedy-improvement,line-duel,2,3,GA,2.3422281044168525,1.398199936375022,-1.0350000000000001,-1.0350000000000001,0.0,0.0,0.6078617440956903,0.041272284195477425,10.155886645158816,7.813658540741963,strict_delta_max,1,cross_layer_handoff_executed
line-duel_greedy-improvement_seed0,0,greedy-improvement,line-duel,2,4,GA,1.422297174935895,1.1543999426066875,0.015000000000000013,0.015000000000000013,0.5,0.0,0.6284792604807337,0.06965279853456886,7.813658540741963,6.391361365806068,strict_delta_max,1,cross_layer_handoff_executed
line-duel_greedy-improvement_seed0,0,greedy-improvement,line-duel,2,5,GA,1.9919546239943542,1.280000084079802,-1.0350000000000001,-1.0350000000000001,0.0,0.0,0.6284792604807337,0.03499774158770174,6.391361365806068,4.399406741811713,strict_delta_max,1,cross_layer_handoff_executed
line-duel_greedy-improvement_seed0,0,greedy-improvement,line-duel,2,6,GA,1.5887227229157082,1.146299997344613,0.015000000000000013,0.015000000000000013,0.5,0.0,0.6487426136929986,0.05673500467921454,4.399406741811713,2.810684018896005,strict_delta_max,1,cross_layer_handoff_executed
line-duel_greedy-improvement_seed0,0,greedy-improvement,line-duel,3,0,GA,2.262717038275114,1.0691999923437834,0.015000000000000013,0.015000000000000013,0.5,0.0,0.6528146563471748,0.04474702443389324,16.0,13.737282961724887,strict_delta_max,1,cross_layer_handoff_executed
line-duel_greedy-improvement_seed0,0,greedy-improvement,line-duel,3,1,GA,2.4656462958721406,1.2637999607250094,0.015000000000000013,0.015000000000000013,0.5,0.0,0.6581485889270445,0.040588325077624596,13.737282961724887,11.271636665852746,strict_delta_max,1,cross_layer_handoff_executed
line-duel_greedy-improvement_seed0,0,greedy-improvement,line-duel,3,2,GA,3.617056485066973,1.241500023752451,0.015000000000000013,0.015000000000000013,0.5,0.0,0.585947675557486,0.025055160081651994,11.271636665852746,7.654580180785773,strict_delta_max,1,cross_layer_handoff_executed
line-duel_greedy-improvement_seed0,0,greedy-improvement,line-duel,3,3,GA,3.6195050629733014,1.495300093665719,0.015000000000000013,0.015000000000000013,0.5,0.0,0.5804624807012194,0.0317491396663662,7.654580180785773,4.035075117812472,strict_delta_max,1,cross_layer_handoff_executed
line-duel_greedy-improvement_seed0,0,greedy-improvement,line-duel,3,4,GA,2.3562853015965253,1.2379999971017241,0.015000000000000013,0.015000000000000013,0.5,0.0,0.5287794361718773,0.048083416177672804,4.035075117812472,1.6787898162159465,strict_delta_max,1,cross_layer_handoff_executed
line-duel_greedy-improvement_seed0,0,greedy-improvement,line-duel,4,0,GA,1.3184984232654127,1.0544999968260527,0.015000000000000013,0.015000000000000013,0.5,0.0,0.5229060167285209,0.07555851910190726,16.0,14.681501576734588,strict_delta_max,1,cross_layer_handoff_executed
line-duel_greedy-improvement_seed0,0,greedy-improvement,line-duel,4,1,GA,3.1956330491270086,1.3037000317126513,0.015000000000000013,0.015000000000000013,0.5,0.0,0.46888634094355536,0.02755227621952123,14.681501576734588,11.485868527607579,strict_delta_max,1,cross_layer_handoff_executed
line-duel_greedy-improvement_seed0,0,greedy-improvement,line-duel,4,2,GA,3.5966551743499915,1.1545000597834587,0.015000000000000013,0.015000000000000013,0.5,0.0,0.46888634094355536,0.02245583105116616,11.485868527607579,7.889213353257587,strict_delta_max,1,cross_layer_handoff_executed
line-duel_greedy-improvement_seed0,0,greedy-improvement,line-duel,4,3,GA,3.5426599027345005,1.357500092126429,0.015000000000000013,0.015000000000000013,0.5,0.0,0.46888634094355536,0.024666815596730483,7.889213353257587,4.346553450523087,strict_delta_max,1,cross_layer_handoff_executed
line-duel_greedy-improvement_seed0,0,greedy-improvement,line-duel,4,4,GA,3.494543522843922,1.2926000636070967,0.015000000000000013,0.015000000000000013,0.5,0.0,0.46888634094355536,0.02090554337673835,4.346553450523087,0.8520099276791653,strict_delta_max,1,cross_layer_handoff_executed
line-duel_greedy-improvement_seed0,0,greedy-improvement,line-duel,5,0,GA,3.007771186781455,0.9617999894544482,0.015000000000000013,0.015000000000000013,0.5,0.0,0.46888634094355536,0.027421656986500686,16.0,12.992228813218546,strict_delta_max,1,cross_layer_handoff_executed
line-duel_greedy-improvement_seed0,0,greedy-improvement,line-duel,5,1,GA,1.79730069436155,1.2547000078484416,0.015000000000000013,0.015000000000000013,0.5,0.0,0.46888634094355536,0.04166330858284027,12.992228813218546,11.194928118856996,strict_delta_max,1,cross_layer_handoff_executed
line-duel_greedy-improvement_seed0,0,greedy-improvement,line-duel,5,2,GA,3.3131135544809656,1.4589999336749315,0.015000000000000013,0.015000000000000013,0.5,0.0,0.46888634094355536,0.029861516498371078,11.194928118856996,7.881814564376031,strict_delta_max,1,cross_layer_handoff_executed
line-duel_greedy-improvement_seed0,0,greedy-improvement,line-duel,5,3,GA,3.946364865848617,1.2573000276461244,0.015000000000000013,0.015000000000000013,0.5,0.0,0.46888634094355536,0.020269761756056912,7.881814564376031,3.935449698527414,strict_delta_max,1,cross_layer_handoff_executed
line-duel_greedy-improvement_seed1,1,greedy-improvement,line-duel,0,0,GA,2.9420915853436957,1.858999952673912,-1.04,-1.04,0.0,0.0,0.9222503083015591,0.04079385976487518,16.0,13.057908414656303,strict_delta_max,1,cross_layer_handoff_executed
line-duel_greedy-improvement_seed1,1,greedy-improvement,line-duel,0,1,GA,3.3607143190151323,1.631000079214573,-1.04,-1.04,0.0,0.0,0.8797117752526203,0.024814093669612465,13.057908414656303,9.697194095641171,strict_delta_max,1,cross_layer_handoff_executed
line-duel_greedy-improvement_seed1,1,greedy-improvement,line-duel,0,2,GA,1.8588173421450245,1.496099983341992,-1.04,-1.04,0.0,0.0,0.8535850363623821,0.0467106620636739,9.697194095641171,7.838376753496147,strict_delta_max,1,cross_layer_handoff_executed
line-duel_greedy-improvement_seed1,1,greedy-improvement,line-duel,0,3,GA,3.8270937485719205,1.6003999626263976,-1.07,-1.07,0.0,0.0,0.8604573902389677,0.030864695128723835,7.838376753496147,4.011283004924226,strict_delta_max,1,cross_layer_handoff_executed
line-duel_greedy-improvement_seed1,1,greedy-improvement,line-duel,0,4,GA,2.2352911094680827,1.4088000170886517,-1.04,-1.04,0.0,0.0,0.8212819453590211,0.04351751902763511,4.011283004924226,1.7759918954561433,strict_delta_max,1,cross_layer_handoff_executed
line-duel_greedy-improvement_seed1,1,greedy-improvement,line-duel,1,0,GA,1.6440610059960552,1.4862000243738294,-1.0550000000000002,-1.0550000000000002,0.0,0.0,0.7797741007340931,0.0550106157436788,16.0,14.355938994003944,strict_delta_max,1,cross_layer_handoff_executed
line-duel_greedy-improvement_seed1,1,greedy-improvement,line-duel,1,1,GA,3.6013386276995325,1.493800082243979,-1.04,-1.04,0.0,0.0,0.7947423919546869,0.023202563388732753,14.355938994003944,10.754600366304413,strict_delta_max,1,cross_layer_handoff_executed
line-duel_greedy-improvement_seed1,1,greedy-improvement,line-duel,1,2,GA,3.359252499970606,1.5286999987438321,-1.0550000000000002,-1.0550000000000002,0.0,0.0,0.7947423919546869,0.03234314119114962,10.754600366304413,7.395347866333807,strict_delta_max,1,cross_layer_handoff_executed
line-duel_greedy-improvement_seed1,1,greedy-improvement,line-duel,1,3,GA,3.880593776600343,1.435499987564981,-1.04,-1.04,0.0,0.0,0.7947423919546869,0.030370586676992665,7.395347866333807,3.5147540897334637,strict_delta_max,1,cross_layer_handoff_executed
line-duel_greedy-improvement_seed1,1,greedy-improvement,line-duel,2,0,GA,3.9163815312324846,1.7064999556168914,-1.1,-1.1,0.0,0.0,0.7947423919546869,0.021196025898293627,16.0,12.083618468767515,strict_delta_max,1,cross_layer_handoff_executed
line-duel_greedy-improvement_seed1,1,greedy-improvement,line-duel,2,1,GA,2.309200993567363,1.501200022175908,-1.04,-1.04,0.0,0.0,0.7947423919546869,0.03171269090573321,12.083618468767515,9.774417475200153,strict_delta_max,1,cross_layer_handoff_executed
line-duel_greedy-improvement_seed1,1,greedy-improvement,line-duel,2,2,GA,2.8759720728384104,1.442300039343536,-1.04,-1.04,0.0,0.0,0.7947423919546869,0.027701700819170182,9.774417475200153,6.898445402361743,strict_delta_max,1,cross_layer_handoff_executed
line-duel_greedy-improvement_seed1,1,greedy-improvement,line-duel,2,3,GA,2.0155533696076047,1.5524999471381307,-1.07,-1.07,0.0,0.0,0.7947423919546869,0.04207179710368125,6.898445402361743,4.882892032754138,strict_delta_max,1,cross_layer_handoff_executed
line-duel_greedy-improvement_seed1,1,greedy-improvement,line-duel,2,4,GA,3.950715051081146,1.482499996200204,-1.04,-1.04,0.0,0.0,0.7947423919546869,0.0262265439624122,4.882892032754138,0.9321769816729919,strict_delta_max,1,cross_layer_handoff_executed
line-duel_greedy-improvement_seed1,1,greedy-improvement,line-duel,3,0,GA,3.357074073939343,1.3315000105649233,-1.04,-1.04,0.0,0.0,0.7947423919546869,0.025669234105829154,16.0,12.642925926060657,strict_delta_max,1,cross_layer_handoff_executed
line-duel_greedy-improvement_seed1,1,greedy-improvement,line-duel,3,1,GA,2.5825734701822594,1.4664999907836318,-1.04,-1.04,0.0,0.0,0.7947423919546869,0.04135276805130617,12.642925926060657,10.060352455878398,strict_delta_max,1,cross_layer_handoff_executed
line-duel_greedy-improvement_seed1,1,greedy-improvement,line-duel,3,2,GA,3.709297983720855,1.4830000000074506,-1.04,-1.04,0.0,0.0,0.7947423919546869,0.01809071996715426,10.060352455878398,6.351054472157543,strict_delta_max,1,cross_layer_handoff_executed
line-duel_greedy-improvement_seed1,1,greedy-improvement,line-duel,3,3,GA,3.197161736800089,1.617999980226159,-1.04,-1.04,0.0,0.0,0.7947423919546869,0.03547040198996498,6.351054472157543,3.153892735357454,strict_delta_max,1,cross_layer_handoff_executed
line-duel_greedy-improvement_seed1,1,greedy-improvement,line-duel,4,0,GA,3.613821226837455,1.4675999991595745,-1.085,-1.085,0.0,0.0,0.7947423919546869,0.02299902816169593,16.0,12.386178773162545,strict_delta_max,1,cross_layer_handoff_executed
line-duel_greedy-improvement_seed1,1,greedy-improvement,line-duel,4,1,GA,2.215234227705039,1.3530999422073364,-1.04,-1.04,0.0,0.0,0.7947423919546869,0.03155469200562989,12.386178773162545,10.170944545457505,strict_delta_max,1,cross_layer_handoff_executed
line-duel_greedy-improvement_seed1,1,greedy-improvement,line-duel,4,2,GA,3.6837615572861377,1.8356000073254108,-1.085,-1.085,0.0,0.0,0.7947423919546869,0.026035118983522135,10.170944545457505,6.487182988171368,strict_delta_max,1,cross_layer_handoff_executed
line-duel_greedy-improvement_seed1,1,greedy-improvement,line-duel,4,3,GA,1.2147407382861002,1.509399968199432,-1.04,-1.04,0.0,0.0,0.7947423919546869,0.06356882460850613,6.487182988171368,5.272442249885268,strict_delta_max,1,cross_layer_handoff_executed
line-duel_greedy-improvement_seed1,1,greedy-improvement,line-duel,4,4,GA,2.6604781389742813,1.541399979032576,-1.04,-1.04,0.0,0.0,0.7947423919546869,0.046345279738291126,5.272442249885268,2.6119641109109866,strict_delta_max,1,cross_layer_handoff_executed
line-duel_greedy-improvement_seed1,1,greedy-improvement,line-duel,5,0,GA,3.6150834715109212,1.2141999322921038,-1.04,-1.04,0.0,0.0,0.7947423919546869,0.020391319413831283,16.0,12.384916528489079,strict_delta_max,1,cross_layer_handoff_executed
line-duel_greedy-improvement_seed1,1,greedy-improvement,line-duel,5,1,GA,1.564786151400059,1.3847999507561326,-1.04,-1.04,0.0,0.0,0.7947423919546869,0.04029975432634618,12.384916528489079,10.82013037708902,strict_delta_max,1,cross_layer_handoff_executed
line-duel_greedy-improvement_seed1,1,greedy-improvement,line-duel,5,2,GA,2.866365385803378,1.6790999798104167,-1.04,-1.04,0.0,0.0,0.7947423919546869,0.020408516729743278,10.82013037708902,7.953764991285642,strict_delta_max,1,cross_layer_handoff_executed
line-duel_greedy-improvement_seed1,1,greedy-improvement,line-duel,5,3,GA,3.6942125629593603,1.5230000717565417,-1.04,-1.04,0.0,0.0,0.7947423919546869,0.022273783336206124,7.953764991285642,4.259552428326281,strict_delta_max,1,cross_layer_handoff_executed
line-duel_greedy-improvement_seed1,1,greedy-improvement,line-duel,5,4,GA,1.0734018156637932,1.446800073608756,-1.025,-1.025,0.0,0.013974263673780078,0.7863103456639433,0.06427115370765903,4.259552428326281,3.1861506126624883,strict_delta_max,1,cross_layer_handoff_executed
line-duel_greedy-improvement_seed2,2,greedy-improvement,line-duel,0,0,GA,2.282163808635265,1.1342000216245651,-0.0050000000000000044,-0.0050000000000000044,0.5,0.43818064076566016,0.8841395898889056,0.059171347775251876,16.0,13.717836191364736,strict_delta_max,1,cross_layer_handoff_executed
line-duel_greedy-improvement_seed2,2,greedy-improvement,line-duel,0,1,GA,2.3457061389960696,1.0082999942824244,-0.039999999999999925,-0.039999999999999925,0.5,0.0,0.8550986097773818,0.04185667719227862,13.717836191364736,11.372130052368666,strict_delta_max,1,cross_layer_handoff_executed
line-duel_greedy-improvement_seed2,2,greedy-improvement,line-duel,0,2,GA,1.0097943010049981,0.73640001937747,-1.005,-1.005,0.0,0.0,0.843153020769063,0.108499091426562,11.372130052368666,10.362335751363668,strict_delta_max,1,cross_layer_handoff_executed
line-duel_greedy-improvement_seed2,2,greedy-improvement,line-duel,0,3,GA,2.3741746921163296,0.7657000096514821,-1.005,-1.005,0.0,0.0,0.8272933751285919,0.046259753751451846,10.362335751363668,7.988161059247338,strict_delta_max,1,cross_layer_handoff_executed
line-duel_greedy-improvement_seed2,2,greedy-improvement,line-duel,0,4,GA,3.6699719444740504,1.1835000477731228,-0.039999999999999925,-0.039999999999999925,0.5,0.0,0.7632706403381906,0.027238797707611808,7.988161059247338,4.318189114773288,strict_delta_max,1,cross_layer_handoff_executed
line-duel_greedy-improvement_seed2,2,greedy-improvement,line-duel,0,5,GA,3.131754768012165,0.9305999847128987,-1.0699999999999998,-1.0699999999999998,0.0,0.0,0.7632706403381906,0.026819493238345687,4.318189114773288,1.1864343467611231,strict_delta_max,1,cross_layer_handoff_executed
line-duel_greedy-improvement_seed2,2,greedy-improvement,line-duel,1,0,GA,2.6212060637442876,1.2130000395700336,-0.0050000000000000044,-0.0050000000000000044,0.5,0.0,0.7131486876000706,0.04358920381757448,16.0,13.378793936255713,strict_delta_max,1,cross_layer_handoff_executed
line-duel_greedy-improvement_seed2,2,greedy-improvement,line-duel,1,1,GA,1.629106602101527,1.5377999516204,-0.025000000000000022,-0.025000000000000022,0.5,0.0,0.7154568587181707,0.09098800687969989,13.378793936255713,11.749687334154185,strict_delta_max,1,cross_layer_handoff_executed
line-duel_greedy-improvement_seed2,2,greedy-improvement,line-duel,1,2,GA,3.5917721889106433,1.3255999656394124,-0.0050000000000000044,-0.0050000000000000044,0.5,0.0,0.6997638420786222,0.03138481747048119,11.749687334154185,8.157915145243543,strict_delta_max,1,cross_layer_handoff_executed
line-duel_greedy-improvement_seed2,2,greedy-improvement,line-duel,1,3,GA,1.8155566597074992,1.6266999300569296,-1.025,-1.025,0.0,0.0,0.6997638420786222,0.06240222532756143,8.157915145243543,6.342358485536043,strict_delta_max,1,cross_layer_handoff_executed
line-duel_greedy-improvement_seed2,2,greedy-improvement,line-duel,1,4,GA,2.8738047095599057,1.4612000668421388,-0.0050000000000000044,-0.0050000000000000044,0.5,0.0,0.6130026042811695,0.036537458772236193,6.342358485536043,3.4685537759761376,strict_delta_max,1,cross_layer_handoff_executed
line-duel_greedy-improvement_seed2,2,greedy-improvement,line-duel,2,0,GA,3.890952203227826,1.4180000871419907,-0.0050000000000000044,-0.0050000000000000044,0.5,0.0,0.597615862582006,0.030123962955007796,16.0,12.109047796772174,strict_delta_max,1,cross_layer_handoff_executed
line-duel_greedy-improvement_seed2,2,greedy-improvement,line-duel,2,1,GA,1.9090093023260253,1.4645999763160944,-0.0050000000000000044,-0.0050000000000000044,0.5,0.0,0.5219966874276593,0.06273874691011609,12.109047796772174,10.200038494446149,strict_delta_max,1,cross_layer_handoff_executed
line-duel_greedy-improvement_seed2,2,greedy-improvement,line-duel,2,2,GA,2.0919206249131546,1.5458998968824744,-0.025000000000000022,-0.025000000000000022,0.5,0.0,0.45184107539693913,0.05173727592039331,10.200038494446149,8.108117869532995,strict_delta_max,1,cross_layer_handoff_executed
line-duel_greedy-improvement_seed2,2,greedy-improvement,line-duel,2,3,GA,2.4785371143929305,1.6774999676272273,-0.039999999999999925,-0.039999999999999925,0.5,0.0,0.45184107539693913,0.03746041168498666,8.108117869532995,5.629580755140065,strict_delta_max,1,cross_layer_handoff_executed
line-duel_greedy-improvement_seed2,2,greedy-improvement,line-duel,2,4,GA,2.857246273792712,1.513900002464652,-0.025000000000000022,-0.025000000000000022,0.5,0.0,0.43072124848159543,0.031110328116791985,5.629580755140065,2.772334481347353,strict_delta_max,1,cross_layer_handoff_executed
line-duel_greedy-improvement_seed2,2,greedy-improvement,line-duel,3,0,GA,1.8157146720504387,1.560300006531179,-0.025000000000000022,-0.025000000000000022,0.5,0.0,0.411808597065815,0.04208616613650808,16.0,14.184285327949562,strict_delta_max,1,cross_layer_handoff_executed
line-duel_greedy-improvement_seed2,2,greedy-improvement,line-duel,3,1,GA,3.287860306283523,1.611200044862926,-0.0050000000000000044,-0.0050000000000000044,0.5,0.0,0.4154190737092517,0.027142128137705855,14.184285327949562,10.896425021666039,strict_delta_max,1,cross_layer_handoff_executed
line-duel_greedy-improvement_seed2,2,greedy-improvement,line-duel,3,2,GA,2.160982271170146,1.424300018697977,-0.0050000000000000044,-0.0050000000000000044,0.5,0.0,0.4339470072584767,0.05660541430590291,10.896425021666039,8.735442750495892,strict_delta_max,1,cross_layer_handoff_executed
line-duel_greedy-improvement_seed2,2,greedy-improvement,line-duel,3,3,GA,3.5482159429541262,1.3306000037118793,-0.0050000000000000044,-0.0050000000000000044,0.5,0.0,0.4169513110045364,0.031006341518334552,8.735442750495892,5.187226807541766,strict_delta_max,1,cross_layer_handoff_executed
line-duel_greedy-improvement_seed2,2,greedy-improvement,line-duel,3,4,GA,1.0343585544606988,1.3379999436438084,-1.025,-1.025,0.0,0.0,0.4169513110045364,0.10701697397558094,5.187226807541766,4.152868253081067,strict_delta_max,1,cross_layer_handoff_executed
line-duel_greedy-improvement_seed2,2,greedy-improvement,line-duel,3,5,GA,1.22695902144976,1.4279000461101532,-0.025000000000000022,-0.025000000000000022,0.5,0.0,0.4169513110045364,0.08717143953561432,4.152868253081067,2.925909231631307,strict_delta_max,1,cross_layer_handoff_executed
line-duel_greedy-improvement_seed2,2,greedy-improvement,line-duel,4,0,GA,2.784390448438287,1.2634999584406614,-0.0050000000000000044,-0.0050000000000000044,0.5,0.0,0.43078802384298653,0.03386452282887225,16.0,13.215609551561712,strict_delta_max,1,cross_layer_handoff_executed
line-duel_greedy-improvement_seed2,2,greedy-improvement,line-duel,4,1,GA,1.0415783996307042,1.4109999174252152,-0.0050000000000000044,-0.0050000000000000044,0.5,0.0,0.43078802384298653,0.09895684773390077,13.215609551561712,12.174031151931008,strict_delta_max,1,cross_layer_handoff_executed
line-duel_greedy-improvement_seed2,2,greedy-improvement,line-duel,4,2,GA,1.4400444620905253,1.5746999997645617,-0.025000000000000022,-0.025000000000000022,0.5,0.0,0.43078802384298653,0.07812146595934616,12.174031151931008,10.733986689840481,strict_delta_max,1,cross_layer_handoff_executed
line-duel_greedy-improvement_seed2,2,greedy-improvement,line-duel,4,3,GA,2.8917912114656987,1.366900047287345,-1.03,-1.03,0.0,0.0,0.43078802384298653,0.027717678860880512,10.733986689840481,7.842195478374783,strict_delta_max,1,cross_layer_handoff_executed
line-duel_greedy-improvement_seed2,2,greedy-improvement,line-duel,4,4,GA,3.0795722679005326,1.5750000020489097,-0.025000000000000022,-0.025000000000000022,0.5,0.0,0.43078802384298653,0.017085301264498053,7.842195478374783,4.76262321047425,strict_delta_max,1,cross_layer_handoff_executed
line-duel_greedy-improvement_seed2,2,greedy-improvement,line-duel,4,5,GA,3.421472115284686,1.488099922426045,-0.0050000000000000044,-0.0050000000000000044,0.5,0.0,0.43078802384298653,0.02561298384912828,4.76262321047425,1.3411510951895642,strict_delta_max,1,cross_layer_handoff_executed
line-duel_greedy-improvement_seed2,2,greedy-improvement,line-duel,5,0,GA,1.960064947371068,1.3680999400094151,-0.0050000000000000044,-0.0050000000000000044,0.5,0.0,0.43078802384298653,0.052410241179897864,16.0,14.039935052628932,strict_delta_max,1,cross_layer_handoff_executed
line-duel_greedy-improvement_seed2,2,greedy-improvement,line-duel,5,1,GA,2.527122647139648,1.4349000994116068,-0.0050000000000000044,-0.0050000000000000044,0.5,0.0,0.43078802384298653,0.031077000005866214,14.039935052628932,11.512812405489285,strict_delta_max,1,cross_layer_handoff_executed
line-duel_greedy-improvement_seed2,2,greedy-improvement,line-duel,5,2,GA,2.3133281697665424,1.5438999980688095,-0.0050000000000000044,-0.0050000000000000044,0.5,0.0,0.43078802384298653,0.029015695456887612,11.512812405489285,9.199484235722743,strict_delta_max,1,cross_layer_handoff_executed
line-duel_greedy-improvement_seed2,2,greedy-improvement,line-duel,5,3,GA,3.058286705164339,1.4802999794483185,-1.03,-1.03,0.0,0.0,0.43078802384298653,0.02091583411560469,9.199484235722743,6.1411975305584035,strict_delta_max,1,cross_layer_handoff_executed
line-duel_greedy-improvement_seed2,2,greedy-improvement,line-duel,5,4,GA,1.7902350748319058,1.7092999769374728,-0.025000000000000022,-0.025000000000000022,0.5,0.0,0.43078802384298653,0.04211526047823772,6.1411975305584035,4.350962455726497,strict_delta_max,1,cross_layer_handoff_executed
line-duel_greedy-improvement_seed2,2,greedy-improvement,line-duel,5,5,GA,1.1555369680229948,1.5391999622806907,-0.0050000000000000044,-0.0050000000000000044,0.5,0.0,0.43078802384298653,0.06238430851907733,4.350962455726497,3.1954254877035027,strict_delta_max,1,cross_layer_handoff_executed
grid-treasure_DLGPR-full_seed0,0,DLGPR-full,grid-treasure,0,0,GA,3.2127778257737645,1.887100050225854,0.025000000000000022,0.025000000000000022,0.5,0.0,0.8931030542994856,0.05487385891284679,16.0,12.787222174226235,strict_delta_max,1,cross_layer_handoff_executed
grid-treasure_DLGPR-full_seed0,0,DLGPR-full,grid-treasure,0,1,PSO,1.240539447270699,1.3500000350177288,0.010000000000000009,0.010000000000000009,0.5,0.0,0.0,0.1382138938747343,12.787222174226235,11.546682726955536,strict_delta_max,1,cross_layer_handoff_executed
grid-treasure_DLGPR-full_seed0,0,DLGPR-full,grid-treasure,0,2,RL,3.0155307486080147,3.055599983781576,-1.135,-1.135,0.0,0.0,0.0,0.0,11.546682726955536,8.531151978347522,strict_delta_max,2,cross_layer_handoff_executed
grid-treasure_DLGPR-full_seed0,0,DLGPR-full,grid-treasure,0,3,GA,2.659460384195745,1.4192999806255102,0.025000000000000022,0.025000000000000022,0.5,0.0,0.8754084243546231,0.0546770053002769,8.531151978347522,5.871691594151777,strict_delta_max,1,cross_layer_handoff_executed
grid-treasure_DLGPR-full_seed0,0,DLGPR-full,grid-treasure,0,4,GA,2.724682374746422,1.6843000194057822,0.025000000000000022,0.025000000000000022,0.5,0.0,0.866566219619511,0.05479972206317567,5.871691594151777,3.147009219405355,strict_delta_max,1,cross_layer_handoff_executed
grid-treasure_DLGPR-full_seed0,0,DLGPR-full,grid-treasure,1,0,GA,2.2287436819278796,1.6793999820947647,0.025000000000000022,0.025000000000000022,0.5,0.0,0.8157392074345331,0.061604890988247216,16.0,13.77125631807212,strict_delta_max,1,cross_layer_handoff_executed
grid-treasure_DLGPR-full_seed0,0,DLGPR-full,grid-treasure,1,1,PSO,1.8306179348758986,1.4866000274196267,-0.010000000000000009,-0.010000000000000009,0.5,0.0,0.0,0.06127783851955885,13.77125631807212,11.940638383196223,strict_delta_max,1,cross_layer_handoff_executed
grid-treasure_DLGPR-full_seed0,0,DLGPR-full,grid-treasure,1,2,RL,2.9481489158924736,1.9977000774815679,-0.010000000000000009,-0.010000000000000009,0.5,0.0,0.0,0.0,11.940638383196223,8.992489467303749,strict_delta_max,2,cross_layer_handoff_executed
grid-treasure_DLGPR-full_seed0,0,DLGPR-full,grid-treasure,1,3,GA,1.9362877726418188,1.2962999753654003,0.025000000000000022,0.025000000000000022,0.5,0.0,0.7496240834427136,0.07241192406185654,8.992489467303749,7.0562016946619295,strict_delta_max,1,cross_layer_handoff_executed
grid-treasure_DLGPR-full_seed0,0,DLGPR-full,grid-treasure,1,4,GA,1.6568541345136913,1.9209999591112137,0.025000000000000022,0.025000000000000022,0.5,0.0,0.7496240834427136,0.08420840303187381,7.0562016946619295,5.399347560148238,strict_delta_max,1,cross_layer_handoff_executed
grid-treasure_DLGPR-full_seed0,0,DLGPR-full,grid-treasure,1,5,GA,1.1121535205444677,1.7676999559625983,0.025000000000000022,0.025000000000000022,0.5,0.0,0.7496240834427136,0.15245575063753453,5.399347560148238,4.28719403960377,strict_delta_max,1,cross_layer_handoff_executed
grid-treasure_DLGPR-full_seed0,0,DLGPR-full,grid-treasure,1,6,GA,1.3597466551576876,1.7674999544396996,0.025000000000000022,0.025000000000000022,0.5,0.0,0.7496240834427136,0.13437373961066415,4.28719403960377,2.927447384446083,strict_delta_max,1,cross_layer_handoff_executed
grid-treasure_DLGPR-full_seed0,0,DLGPR-full,grid-treasure,2,0,GA,2.9349289481239778,1.6280000563710928,0.025000000000000022,0.025000000000000022,0.5,0.0,0.7496240834427136,0.04819002289394612,16.0,13.065071051876021,strict_delta_max,1,cross_layer_handoff_executed
grid-treasure_DLGPR-full_seed0,0,DLGPR-full,grid-treasure,2,1,PSO,2.784785482308259,2.656599972397089,-1.1800000000000002,-1.1800000000000002,0.0,0.0,0.0,0.05492092639224441,13.065071051876021,10.280285569567763,strict_delta_max,1,cross_layer_handoff_executed
grid-treasure_DLGPR-full_seed0,0,DLGPR-full,grid-treasure,2,2,RL,2.864667814679758,2.23430001642555,0.025000000000000022,0.025000000000000022,0.5,0.0,0.0,0.0,10.280285569567763,7.415617754888005,strict_delta_max,2,cross_layer_handoff_executed
grid-treasure_DLGPR-full_seed0,0,DLGPR-full,grid-treasure,2,3,GA,3.0330935478739542,1.3936000177636743,0.025000000000000022,0.025000000000000022,0.5,0.0,0.7496240834427136,0.04219202670648884,7.415617754888005,4.38252420701405,strict_delta_max,1,cross_layer_handoff_executed
grid-treasure_DLGPR-full_seed0,0,DLGPR-full,grid-treasure,2,4,GA,2.1867780409170416,1.4723000349476933,0.019999999999999962,0.019999999999999962,0.5,0.0,0.7496240834427136,0.06887280698004199,4.38252420701405,2.195746166097009,strict_delta_max,1,cross_layer_handoff_executed
grid-treasure_DLGPR-full_seed0,0,DLGPR-full,grid-treasure,3,0,GA,3.4593107775741263,1.5001000137999654,0.025000000000000022,0.025000000000000022,0.5,0.0,0.7496240834427136,0.03726470183929252,16.0,12.540689222425874,strict_delta_max,1,cross_layer_handoff_executed
grid-treasure_DLGPR-full_seed0,0,DLGPR-full,grid-treasure,3,1,PSO,1.6649591007083513,2.5165999541059136,-1.0899999999999999,-1.0899999999999999,0.0,0.0,0.0,0.08486074596883042,12.540689222425874,10.875730121717522,strict_delta_max,1,cross_layer_handoff_executed
grid-treasure_DLGPR-full_seed0,0,DLGPR-full,grid-treasure,3,2,RL,1.6206151265681208,1.8927000928670168,0.025000000000000022,0.025000000000000022,0.5,0.0,0.0,0.06170496520772583,10.875730121717522,9.255114995149402,strict_delta_max,2,cross_layer_handoff_executed
grid-treasure_DLGPR-full_seed0,0,DLGPR-full,grid-treasure,3,3,GA,2.9737960406545403,1.3889000983908772,0.025000000000000022,0.025000000000000022,0.5,0.0,0.7496240834427136,0.04850589608779389,9.255114995149402,6.2813189544948616,strict_delta_max,1,cross_layer_handoff_executed
grid-treasure_DLGPR-full_seed0,0,DLGPR-full,grid-treasure,3,4,GA,3.815263419220368,1.7194000538438559,0.025000000000000022,0.025000000000000022,0.5,0.0,0.7496240834427136,0.03646544537081365,6.2813189544948616,2.4660555352744935,strict_delta_max,1,cross_layer_handoff_executed
grid-treasure_DLGPR-full_seed0,0,DLGPR-full,grid-treasure,4,0,GA,3.9339588094328723,1.5297000063583255,0.025000000000000022,0.025000000000000022,0.5,0.0,0.7496240834427136,0.04053947062511888,16.0,12.066041190567127,strict_delta_max,1,cross_layer_handoff_executed
grid-treasure_DLGPR-full_seed0,0,DLGPR-full,grid-treasure,4,1,PSO,2.7840185189206106,1.5422999858856201,0.025000000000000022,0.025000000000000022,0.5,0.0,0.0,0.05720497449462245,12.066041190567127,9.282022671646516,strict_delta_max,1,cross_layer_handoff_executed
grid-treasure_DLGPR-full_seed0,0,DLGPR-full,grid-treasure,4,2,RL,1.3157305299358588,3.778000012971461,0.025000000000000022,0.025000000000000022,0.5,0.0,0.0,1.4364643496507878,9.282022671646516,7.966292141710657,strict_delta_max,2,cross_layer_handoff_executed
grid-treasure_DLGPR-full_seed0,0,DLGPR-full,grid-treasure,4,3,GA,1.561427598516178,1.4048999873921275,0.025000000000000022,0.025000000000000022,0.5,0.0,0.7496240834427136,0.0771147759857305,7.966292141710657,6.404864543194479,strict_delta_max,1,cross_layer_handoff_executed
grid-treasure_DLGPR-full_seed0,0,DLGPR-full,grid-treasure,4,4,GA,3.4569150770877823,1.6785000916570425,0.025000000000000022,0.025000000000000022,0.5,0.0,0.7496240834427136,0.049021541584793986,6.404864543194479,2.9479494661066963,strict_delta_max,1,cross_layer_handoff_executed
grid-treasure_DLGPR-full_seed0,0,DLGPR-full,grid-treasure,5,0,GA,1.4275799863178928,1.5824999427422881,0.025000000000000022,0.025000000000000022,0.5,0.0,0.7496240834427136,0.1011375155886709,16.0,14.572420013682107,strict_delta_max,1,cross_layer_handoff_executed
grid-treasure_DLGPR-full_seed0,0,DLGPR-full,grid-treasure,5,1,PSO,1.7518130366789033,1.3563999673351645,-0.010000000000000009,-0.010000000000000009,0.5,0.0,0.0,0.08053183705978395,14.572420013682107,12.820606977003203,strict_delta_max,1,cross_layer_handoff_executed
grid-treasure_DLGPR-full_seed0,0,DLGPR-full,grid-treasure,5,2,RL,2.141959022211949,1.878199982456863,0.025000000000000022,0.025000000000000022,0.5,0.0,0.0,0.0,12.820606977003203,10.678647954791254,strict_delta_max,2,cross_layer_handoff_executed
grid-treasure_DLGPR-full_seed0,0,DLGPR-full,grid-treasure,5,3,GA,2.900709382776384,1.776200020685792,-1.1,-1.1,0.0,0.0,0.7496240834427136,0.040801509599170754,10.678647954791254,7.77793857201487,strict_delta_max,1,cross_layer_handoff_executed
grid-treasure_DLGPR-full_seed0,0,DLGPR-full,grid-treasure,5,4,GA,1.8129696346290096,1.6440999461337924,0.025000000000000022,0.025000000000000022,0.5,0.0,0.7496240834427136,0.06574610025743113,7.77793857201487,5.96496893738586,strict_delta_max,1,cross_layer_handoff_executed
grid-treasure_DLGPR-full_seed0,0,DLGPR-full,grid-treasure,5,5,GA,2.382754878039515,1.6491999849677086,0.025000000000000022,0.025000000000000022,0.5,0.0,0.7496240834427136,0.0486253824762522,5.96496893738586,3.582214059346345,strict_delta_max,1,cross_layer_handoff_executed
grid-treasure_DLGPR-full_seed1,1,DLGPR-full,grid-treasure,0,0,GA,1.824988789829238,2.171300002373755,-1.05,-1.05,0.0,0.0,0.8643655984494946,0.08235453439285725,16.0,14.175011210170762,strict_delta_max,1,cross_layer_handoff_executed
grid-treasure_DLGPR-full_seed1,1,DLGPR-full,grid-treasure,0,1,PSO,2.1742379665759692,1.9621000392362475,0.010000000000000009,0.010000000000000009,0.5,0.0,0.0,0.07738612075064231,14.175011210170762,12.000773243594793,strict_delta_max,1,cross_layer_handoff_executed
grid-treasure_DLGPR-full_seed1,1,DLGPR-full,grid-treasure,0,2,RL,4.0,3.048699931241572,-1.0550000000000002,-1.0550000000000002,0.0,0.0,0.0,0.0,12.000773243594793,8.000773243594793,strict_delta_max,2,cross_layer_handoff_executed
grid-treasure_DLGPR-full_seed1,1,DLGPR-full,grid-treasure,0,3,GA,3.460774059507657,1.4199999859556556,0.0,0.0,0.5,0.0,0.7931361172545822,0.03752583778844092,8.000773243594793,4.5399991840871365,strict_delta_max,1,cross_layer_handoff_executed
grid-treasure_DLGPR-full_seed1,1,DLGPR-full,grid-treasure,0,4,GA,2.855612249299627,1.8231000285595655,-1.03,-1.03,0.0,0.0,0.7957040923505982,0.06043677339554088,4.5399991840871365,1.6843869347875096,strict_delta_max,1,cross_layer_handoff_executed
grid-treasure_DLGPR-full_seed1,1,DLGPR-full,grid-treasure,1,0,GA,2.4986373851692676,2.3913999320939183,-1.1,-1.1,0.0,0.0,0.7797323295051072,0.05145925194405685,16.0,13.501362614830732,strict_delta_max,1,cross_layer_handoff_executed
grid-treasure_DLGPR-full_seed1,1,DLGPR-full,grid-treasure,1,1,PSO,1.736408736161779,2.307899994775653,-1.07,-1.07,0.0,0.0,0.0,0.062044977726406596,13.501362614830732,11.764953878668953,strict_delta_max,1,cross_layer_handoff_executed
grid-treasure_DLGPR-full_seed1,1,DLGPR-full,grid-treasure,1,2,RL,2.442471268370655,2.529399935156107,-1.05,-1.05,0.0,0.0,0.0,0.08188427949591305,11.764953878668953,9.322482610298298,strict_delta_max,2,cross_layer_handoff_executed
grid-treasure_DLGPR-full_seed1,1,DLGPR-full,grid-treasure,1,3,GA,1.5598554746494706,1.3107999693602324,0.0,0.0,0.5,0.0,0.6616011468301051,0.08396416056889153,9.322482610298298,7.7626271356488274,strict_delta_max,1,cross_layer_handoff_executed
grid-treasure_DLGPR-full_seed1,1,DLGPR-full,grid-treasure,1,4,GA,3.0306216793299043,1.4910000609233975,0.0,0.0,0.5,0.0,0.6521638053482276,0.04410841277065985,7.7626271356488274,4.732005456318923,strict_delta_max,1,cross_layer_handoff_executed
grid-treasure_DLGPR-full_seed1,1,DLGPR-full,grid-treasure,1,5,GA,2.9502201111890267,2.0311000989750028,-1.08,-1.08,0.0,0.0,0.6521638053482276,0.04785768497383568,4.732005456318923,1.7817853451298964,strict_delta_max,1,cross_layer_handoff_executed
grid-treasure_DLGPR-full_seed1,1,DLGPR-full,grid-treasure,2,0,GA,3.6779565374781304,1.783299958333373,0.010000000000000009,0.010000000000000009,0.5,0.0,0.6591173116982358,0.030174703195565065,16.0,12.322043462521869,strict_delta_max,1,cross_layer_handoff_executed
grid-treasure_DLGPR-full_seed1,1,DLGPR-full,grid-treasure,2,1,PSO,2.873814791481274,2.304700086824596,-1.07,-1.07,0.0,0.0,0.0,0.04356432846703811,12.322043462521869,9.448228671040594,strict_delta_max,1,cross_layer_handoff_executed
grid-treasure_DLGPR-full_seed1,1,DLGPR-full,grid-treasure,2,2,RL,3.746458666847337,3.681299975141883,-1.0550000000000002,-1.0550000000000002,0.0,0.0,0.0,0.0,9.448228671040594,5.701770004193257,strict_delta_max,2,cross_layer_handoff_executed
grid-treasure_DLGPR-full_seed1,1,DLGPR-full,grid-treasure,2,3,GA,3.8711891562444243,1.8804999999701977,0.010000000000000009,0.010000000000000009,0.5,0.0,0.6412138184471672,0.033074713806639865,5.701770004193257,1.8305808479488328,strict_delta_max,1,cross_layer_handoff_executed
grid-treasure_DLGPR-full_seed1,1,DLGPR-full,grid-treasure,3,0,GA,2.7117968558518712,1.880900003015995,0.010000000000000009,0.010000000000000009,0.5,0.0,0.6332065090888546,0.04242304394263181,16.0,13.28820314414813,strict_delta_max,1,cross_layer_handoff_executed
grid-treasure_DLGPR-full_seed1,1,DLGPR-full,grid-treasure,3,1,PSO,3.14577903840321,1.8428999464958906,0.010000000000000009,0.010000000000000009,0.5,0.0,0.0,0.03384939443255022,13.28820314414813,10.142424105744919,strict_delta_max,1,cross_layer_handoff_executed
grid-treasure_DLGPR-full_seed1,1,DLGPR-full,grid-treasure,3,2,RL,2.2484807173289734,2.9513000044971704,0.0,0.0,0.5,0.0,0.0,0.008894895048848148,10.142424105744919,7.893943388415945,strict_delta_max,2,cross_layer_handoff_executed
grid-treasure_DLGPR-full_seed1,1,DLGPR-full,grid-treasure,3,3,GA,1.9030830619088985,1.5967999352142215,0.010000000000000009,0.010000000000000009,0.5,0.0,0.5966236249723275,0.06474849102306317,7.893943388415945,5.990860326507047,strict_delta_max,1,cross_layer_handoff_executed
grid-treasure_DLGPR-full_seed1,1,DLGPR-full,grid-treasure,3,4,GA,3.7712703579521842,2.0245000487193465,-1.08,-1.08,0.0,0.0,0.5966236249723275,0.035837139150294774,5.990860326507047,2.2195899685548626,strict_delta_max,1,cross_layer_handoff_executed
grid-treasure_DLGPR-full_seed1,1,DLGPR-full,grid-treasure,4,0,GA,3.9255282602204824,1.9047000678256154,0.010000000000000009,0.010000000000000009,0.5,0.0,0.66201629342641,0.0455323028765797,16.0,12.074471739779518,strict_delta_max,1,cross_layer_handoff_executed
grid-treasure_DLGPR-full_seed1,1,DLGPR-full,grid-treasure,4,1,PSO,2.461432193530414,1.9104999955743551,0.010000000000000009,0.010000000000000009,0.5,0.0,0.0,0.04501716466171042,12.074471739779518,9.613039546249105,strict_delta_max,1,cross_layer_handoff_executed
grid-treasure_DLGPR-full_seed1,1,DLGPR-full,grid-treasure,4,2,RL,2.0071047856894895,1.9169000443071127,0.0,0.0,0.5,0.0,0.0,0.08968141637815165,9.613039546249105,7.605934760559616,strict_delta_max,2,cross_layer_handoff_executed
grid-treasure_DLGPR-full_seed1,1,DLGPR-full,grid-treasure,4,3,GA,3.723166061096331,1.4489000895991921,0.0,0.0,0.5,0.0,0.66201629342641,0.028314269812895435,7.605934760559616,3.8827686994632846,strict_delta_max,1,cross_layer_handoff_executed
grid-treasure_DLGPR-full_seed1,1,DLGPR-full,grid-treasure,5,0,GA,1.1558135288120392,1.6084000235423446,0.0,0.0,0.5,0.0,0.66201629342641,0.1035036094190956,16.0,14.84418647118796,strict_delta_max,1,cross_layer_handoff_executed
grid-treasure_DLGPR-full_seed1,1,DLGPR-full,grid-treasure,5,1,PSO,3.5017436220236067,1.8839000258594751,0.010000000000000009,0.010000000000000009,0.5,0.0,0.0,0.03615203398576625,14.84418647118796,11.342442849164353,strict_delta_max,1,cross_layer_handoff_executed
grid-treasure_DLGPR-full_seed1,1,DLGPR-full,grid-treasure,5,2,RL,1.2227625684300152,2.1217999747022986,0.0,0.0,0.5,0.0,0.0,1.6765315302643986,11.342442849164353,10.119680280734338,strict_delta_max,2,cross_layer_handoff_executed
grid-treasure_DLGPR-full_seed1,1,DLGPR-full,grid-treasure,5,3,RL,2.9818038503296083,2.6793000288307667,0.0,0.0,0.5,0.0,0.0,0.0,10.119680280734338,7.137876430404729,strict_delta_max,2,cross_layer_handoff_executed
grid-treasure_DLGPR-full_seed1,1,DLGPR-full,grid-treasure,5,4,RL,2.581475063717619,2.100400044582784,0.010000000000000009,0.010000000000000009,0.5,0.0,0.0,0.0,7.137876430404729,4.55640136668711,strict_delta_max,2,cross_layer_handoff_executed
grid-treasure_DLGPR-full_seed1,1,DLGPR-full,grid-treasure,5,5,RL,2.1574661663242183,3.161099972203374,0.010000000000000009,0.010000000000000009,0.5,0.0,0.0,0.037080535142898684,4.55640136668711,2.398935200362892,strict_delta_max,2,cross_layer_handoff_executed
grid-treasure_DLGPR-full_seed2,2,DLGPR-full,grid-treasure,0,0,GA,3.9053653955254966,3.638399997726083,-0.6500000000000001,-0.6500000000000001,0.0,0.0,0.8718432739321208,0.04391968426834987,16.0,12.094634604474503,strict_delta_max,1,cross_layer_handoff_executed
grid-treasure_DLGPR-full_seed2,2,DLGPR-full,grid-treasure,0,1,PSO,1.6816474976395537,2.4410999612882733,-1.12,-1.12,0.0,0.0,0.0,0.08873132629818674,12.094634604474503,10.412987106834949,strict_delta_max,1,cross_layer_handoff_executed
grid-treasure_DLGPR-full_seed2,2,DLGPR-full,grid-treasure,0,2,RL,1.3622580479494517,2.7892999351024628,-1.12,-1.12,0.0,0.0,0.0,0.0,10.412987106834949,9.050729058885498,strict_delta_max,2,cross_layer_handoff_executed
grid-treasure_DLGPR-full_seed2,2,DLGPR-full,grid-treasure,0,3,GA,3.3079688215383105,3.182699903845787,-1.2349999999999999,-1.2349999999999999,0.0,0.0,0.8441815109289925,0.04901357931999614,9.050729058885498,5.742760237347188,strict_delta_max,1,cross_layer_handoff_executed
grid-treasure_DLGPR-full_seed2,2,DLGPR-full,grid-treasure,0,4,GA,1.2647531072632963,2.728200051933527,-0.12,-0.12,0.5,0.0,0.7893992672097868,0.10537769007532313,5.742760237347188,4.478007130083892,strict_delta_max,1,cross_layer_handoff_executed
grid-treasure_DLGPR-full_seed2,2,DLGPR-full,grid-treasure,0,5,GA,3.4762739439628696,2.4889999767765403,-0.10999999999999999,-0.10999999999999999,0.5,0.0,0.7857552850322262,0.03930323124540112,4.478007130083892,1.0017331861210224,strict_delta_max,1,cross_layer_handoff_executed
grid-treasure_DLGPR-full_seed2,2,DLGPR-full,grid-treasure,1,0,GA,1.1954839939561188,2.2616999922320247,-0.08999999999999997,-0.08999999999999997,0.5,0.004182406477441749,0.7419046016899835,0.10076546212493463,16.0,14.804516006043881,strict_delta_max,1,cross_layer_handoff_executed
grid-treasure_DLGPR-full_seed2,2,DLGPR-full,grid-treasure,1,1,PSO,2.984060029159317,2.1790999453514814,-1.095,-1.095,0.0,0.0,0.0,0.04395976887830286,14.804516006043881,11.820455976884563,strict_delta_max,1,cross_layer_handoff_executed
grid-treasure_DLGPR-full_seed2,2,DLGPR-full,grid-treasure,1,2,RL,4.0,3.529599984176457,-1.12,-1.12,0.0,0.0,0.0,0.0,11.820455976884563,7.820455976884563,strict_delta_max,2,cross_layer_handoff_executed
grid-treasure_DLGPR-full_seed2,2,DLGPR-full,grid-treasure,1,3,GA,2.9332935921936913,2.31859995983541,-0.10999999999999999,-0.10999999999999999,0.5,0.0,0.7410023746462719,0.045954098698873236,7.820455976884563,4.887162384690872,strict_delta_max,1,cross_layer_handoff_executed
grid-treasure_DLGPR-full_seed2,2,DLGPR-full,grid-treasure,1,4,GA,1.8421526725391235,2.139899996109307,-0.07000000000000006,-0.07000000000000006,0.5,0.01085686343924632,0.6913675835844081,0.07280272837548722,4.887162384690872,3.0450097121517485,strict_delta_max,1,cross_layer_handoff_executed
grid-treasure_DLGPR-full_seed2,2,DLGPR-full,grid-treasure,2,0,GA,1.5796136838328758,2.868899959139526,-0.13,-0.13,0.5,0.0,0.6357706498928092,0.07954857843556727,16.0,14.420386316167125,strict_delta_max,1,cross_layer_handoff_executed
grid-treasure_DLGPR-full_seed2,2,DLGPR-full,grid-treasure,2,1,PSO,1.4239732053298313,2.0745000801980495,-0.09499999999999997,-0.09499999999999997,0.5,0.0,0.0,0.08086012452943134,14.420386316167125,12.996413110837294,strict_delta_max,1,cross_layer_handoff_executed
grid-treasure_DLGPR-full_seed2,2,DLGPR-full,grid-treasure,2,2,RL,1.3355040625999792,3.885700018145144,-0.08500000000000008,-0.08500000000000008,0.5,0.0,0.0,0.007487809494590275,12.996413110837294,11.660909048237315,strict_delta_max,2,cross_layer_handoff_executed
grid-treasure_DLGPR-full_seed2,2,DLGPR-full,grid-treasure,2,3,GA,3.2944592506696977,3.0481000430881977,-0.14,-0.14,0.5,0.0,0.5643946256266885,0.023222142847680458,11.660909048237315,8.366449797567617,strict_delta_max,1,cross_layer_handoff_executed
grid-treasure_DLGPR-full_seed2,2,DLGPR-full,grid-treasure,2,4,GA,3.90583357918222,2.9991999035701156,-1.1600000000000001,-1.1600000000000001,0.0,0.0,0.5643946256266885,0.031958332828699705,8.366449797567617,4.460616218385397,strict_delta_max,1,cross_layer_handoff_executed
grid-treasure_DLGPR-full_seed2,2,DLGPR-full,grid-treasure,2,5,GA,3.4999308173336123,2.282500034198165,-0.09499999999999997,-0.09499999999999997,0.5,0.0,0.5679443577679044,0.040826208279416194,4.460616218385397,0.9606854010517845,strict_delta_max,1,cross_layer_handoff_executed
grid-treasure_DLGPR-full_seed2,2,DLGPR-full,grid-treasure,3,0,GA,1.7756373762098105,2.1612999262288213,-0.09499999999999997,-0.09499999999999997,0.5,0.0,0.5684145702996057,0.06839602536190452,16.0,14.224362623790189,strict_delta_max,1,cross_layer_handoff_executed
grid-treasure_DLGPR-full_seed2,2,DLGPR-full,grid-treasure,3,1,PSO,3.5757670861904773,1.8958000000566244,-0.06999999999999995,-0.06999999999999995,0.5,3.1048527431017806e-17,0.0,0.006158730223826525,14.224362623790189,10.64859553759971,strict_delta_max,1,cross_layer_handoff_executed
grid-treasure_DLGPR-full_seed2,2,DLGPR-full,grid-treasure,3,2,RL,3.2185007060063144,2.83440004568547,-0.08499999999999996,-0.08499999999999996,0.5,0.0,0.0,0.018642220549471688,10.64859553759971,7.430094831593396,strict_delta_max,2,cross_layer_handoff_executed
grid-treasure_DLGPR-full_seed2,2,DLGPR-full,grid-treasure,3,3,GA,3.8356175777092916,2.0952000049874187,-0.09499999999999997,-0.09499999999999997,0.5,0.0,0.5488324698027741,0.03749997030755986,7.430094831593396,3.5944772538841048,strict_delta_max,1,cross_layer_handoff_executed
grid-treasure_DLGPR-full_seed2,2,DLGPR-full,grid-treasure,4,0,GA,1.5574725954905169,2.1306000417098403,-0.09499999999999997,-0.09499999999999997,0.5,0.0,0.5397603455148197,0.06262551346603872,16.0,14.442527404509484,strict_delta_max,1,cross_layer_handoff_executed
grid-treasure_DLGPR-full_seed2,2,DLGPR-full,grid-treasure,4,1,PSO,3.3864504276455447,2.0077999215573072,-0.09499999999999997,-0.09499999999999997,0.5,0.0,0.0,0.021851045227779677,14.442527404509484,11.056076976863938,strict_delta_max,1,cross_layer_handoff_executed
grid-treasure_DLGPR-full_seed2,2,DLGPR-full,grid-treasure,4,2,RL,2.31824196944001,2.9325999785214663,-0.08499999999999996,-0.08499999999999996,0.5,0.0,0.0,0.0,11.056076976863938,8.737835007423929,strict_delta_max,2,cross_layer_handoff_executed
grid-treasure_DLGPR-full_seed2,2,DLGPR-full,grid-treasure,4,3,GA,1.9061548202400036,2.16599996201694,-0.09499999999999997,-0.09499999999999997,0.5,0.0,0.5094832956778974,0.06257353012402626,8.737835007423929,6.831680187183925,strict_delta_max,1,cross_layer_handoff_executed
grid-treasure_DLGPR-full_seed2,2,DLGPR-full,grid-treasure,4,4,GA,2.0409935517974334,2.0178999984636903,-0.06999999999999995,-0.06999999999999995,0.5,0.0,0.486894440852474,0.04236446672173257,6.831680187183925,4.790686635386491,strict_delta_max,1,cross_layer_handoff_executed
grid-treasure_DLGPR-full_seed2,2,DLGPR-full,grid-treasure,4,5,GA,1.9315629449947949,1.9135000184178352,-0.06999999999999995,-0.06999999999999995,0.5,0.0,0.4815418543807987,0.051670094402988545,4.790686635386491,2.859123690391696,strict_delta_max,1,cross_layer_handoff_executed
grid-treasure_DLGPR-full_seed2,2,DLGPR-full,grid-treasure,5,0,GA,3.8156255757248383,2.4974000407382846,-0.10999999999999999,-0.10999999999999999,0.5,0.0,0.4815418543807987,0.023884312505934504,16.0,12.184374424275163,strict_delta_max,1,cross_layer_handoff_executed
grid-treasure_DLGPR-full_seed2,2,DLGPR-full,grid-treasure,5,1,PSO,1.4273481353051027,1.8555999267846346,-0.06999999999999995,-0.06999999999999995,0.5,0.0,0.0,0.06940203225917423,12.184374424275163,10.75702628897006,strict_delta_max,1,cross_layer_handoff_executed
grid-treasure_DLGPR-full_seed2,2,DLGPR-full,grid-treasure,5,2,RL,4.0,3.479599952697754,-0.10999999999999999,-0.10999999999999999,0.5,0.0,0.0,0.0050000000000000044,10.75702628897006,6.75702628897006,strict_delta_max,2,cross_layer_handoff_executed
grid-treasure_DLGPR-full_seed2,2,DLGPR-full,grid-treasure,5,3,GA,3.328180970132345,2.474099979735911,-0.10999999999999999,-0.10999999999999999,0.5,0.0,0.4815418543807987,0.02929726895106372,6.75702628897006,3.4288453188377153,strict_delta_max,1,cross_layer_handoff_executed
grid-treasure_fixed-split_seed0,0,fixed-split,grid-treasure,0,0,GA,3.2127778257737645,1.9160999218001962,0.025000000000000022,0.025000000000000022,0.5,0.0,0.8931030542994856,0.05487385891284679,16.0,12.787222174226235,strict_delta_max,1,cross_layer_handoff_executed
grid-treasure_fixed-split_seed0,0,fixed-split,grid-treasure,0,1,PSO,1.240539447270699,1.3653000351041555,0.010000000000000009,0.010000000000000009,0.5,0.0,0.0,0.1382138938747343,12.787222174226235,11.546682726955536,strict_delta_max,1,cross_layer_handoff_executed
grid-treasure_fixed-split_seed0,0,fixed-split,grid-treasure,0,2,RL,3.0155307486080147,3.0125000048428774,-1.135,-1.135,0.0,0.0,0.0,0.0,11.546682726955536,8.531151978347522,strict_delta_max,2,cross_layer_handoff_executed
grid-treasure_fixed-split_seed0,0,fixed-split,grid-treasure,0,3,GA,2.659460384195745,1.415999955497682,0.025000000000000022,0.025000000000000022,0.5,0.0,0.8754084243546231,0.0546770053002769,8.531151978347522,5.871691594151777,strict_delta_max,1,cross_layer_handoff_executed
grid-treasure_fixed-split_seed0,0,fixed-split,grid-treasure,0,4,PSO,3.298536398613016,2.8580999933183193,-1.225,-1.225,0.0,0.0,0.0,0.037742041008579905,5.871691594151777,2.573155195538761,strict_delta_max,1,cross_layer_handoff_executed
grid-treasure_fixed-split_seed0,0,fixed-split,grid-treasure,1,0,RL,3.619879158304743,2.684700069949031,-0.07499999999999996,-0.07499999999999996,0.5,0.0,0.0,0.01105009262760384,16.0,12.380120841695257,strict_delta_max,2,cross_layer_handoff_executed
grid-treasure_fixed-split_seed0,0,fixed-split,grid-treasure,1,1,GA,2.986903711950858,1.5090999659150839,0.025000000000000022,0.025000000000000022,0.5,0.0,0.8089314407145728,0.04448334011898654,12.380120841695257,9.3932171297444,strict_delta_max,1,cross_layer_handoff_executed
grid-treasure_fixed-split_seed0,0,fixed-split,grid-treasure,1,2,PSO,1.6663911333067114,2.011100063100457,-1.0699999999999998,-1.0699999999999998,0.0,0.0,0.0,0.09014254428411451,9.3932171297444,7.726825996437689,strict_delta_max,1,cross_layer_handoff_executed
grid-treasure_fixed-split_seed0,0,fixed-split,grid-treasure,1,3,RL,1.911591196405813,2.1331999450922012,0.010000000000000009,0.010000000000000009,0.5,0.0,0.0,1.051480046455129,7.726825996437689,5.815234800031876,strict_delta_max,2,cross_layer_handoff_executed
grid-treasure_fixed-split_seed0,0,fixed-split,grid-treasure,1,4,GA,1.2021036244648466,1.4579999260604382,0.025000000000000022,0.025000000000000022,0.5,0.0,0.7337264185087455,0.11969196506391623,5.815234800031876,4.613131175567029,strict_delta_max,1,cross_layer_handoff_executed
grid-treasure_fixed-split_seed0,0,fixed-split,grid-treasure,1,5,PSO,1.588517437152293,1.6775999683886766,0.025000000000000022,0.025000000000000022,0.5,0.0,0.0,0.08334409797848809,4.613131175567029,3.0246137384147356,strict_delta_max,1,cross_layer_handoff_executed
grid-treasure_fixed-split_seed0,0,fixed-split,grid-treasure,2,0,RL,1.7652171229546167,1.7735000001266599,0.030000000000000027,0.030000000000000027,0.5,0.0028325127458717456,0.0,0.0,16.0,14.234782877045383,strict_delta_max,2,cross_layer_handoff_executed
grid-treasure_fixed-split_seed0,0,fixed-split,grid-treasure,2,1,GA,1.192276019740498,1.437900005839765,0.025000000000000022,0.025000000000000022,0.5,0.0,0.7296562057328728,0.10560968736444179,14.234782877045383,13.042506857304884,strict_delta_max,1,cross_layer_handoff_executed
grid-treasure_fixed-split_seed0,0,fixed-split,grid-treasure,2,2,PSO,1.2078564187023542,1.7505999421700835,0.025000000000000022,0.025000000000000022,0.5,0.0,0.0,0.13205147628888905,13.042506857304884,11.83465043860253,strict_delta_max,1,cross_layer_handoff_executed
grid-treasure_fixed-split_seed0,0,fixed-split,grid-treasure,2,3,RL,2.4784460018601084,3.7275999784469604,0.030000000000000027,0.030000000000000027,0.5,0.0,0.0,0.7787137579561985,11.83465043860253,9.356204436742422,strict_delta_max,2,cross_layer_handoff_executed
grid-treasure_fixed-split_seed0,0,fixed-split,grid-treasure,2,4,GA,3.4409047630003293,1.4704999048262835,0.025000000000000022,0.025000000000000022,0.5,0.0,0.7157842771858526,0.04292567567179621,9.356204436742422,5.915299673742092,strict_delta_max,1,cross_layer_handoff_executed
grid-treasure_fixed-split_seed0,0,fixed-split,grid-treasure,2,5,PSO,2.503447681985216,1.4799999771639705,0.020000000000000018,0.020000000000000018,0.5,0.0,0.0,0.05086813826889947,5.915299673742092,3.4118519917568766,strict_delta_max,1,cross_layer_handoff_executed
grid-treasure_fixed-split_seed0,0,fixed-split,grid-treasure,3,0,RL,1.1778177618203227,1.9741000141948462,0.025000000000000022,0.025000000000000022,0.5,0.0,0.0,0.0,16.0,14.822182238179677,strict_delta_max,2,cross_layer_handoff_executed
grid-treasure_fixed-split_seed0,0,fixed-split,grid-treasure,3,1,GA,3.338838565311309,1.4301000628620386,0.025000000000000022,0.025000000000000022,0.5,0.0,0.7157842771858526,0.027484559993904353,14.822182238179677,11.483343672868369,strict_delta_max,1,cross_layer_handoff_executed
grid-treasure_fixed-split_seed0,0,fixed-split,grid-treasure,3,2,PSO,3.152416723963589,1.800200087018311,-1.06,-1.06,0.0,0.0,0.0,0.038081492699909195,11.483343672868369,8.330926948904779,strict_delta_max,1,cross_layer_handoff_executed
grid-treasure_fixed-split_seed0,0,fixed-split,grid-treasure,3,3,RL,3.083842197612888,2.292499993927777,0.025000000000000022,0.025000000000000022,0.5,0.0,0.0,0.6712405717783896,8.330926948904779,5.24708475129189,strict_delta_max,2,cross_layer_handoff_executed
grid-treasure_fixed-split_seed0,0,fixed-split,grid-treasure,3,4,GA,1.5959601187479744,1.5543000772595406,0.025000000000000022,0.025000000000000022,0.5,0.0,0.7157842771858526,0.0902195029468794,5.24708475129189,3.6511246325439157,strict_delta_max,1,cross_layer_handoff_executed
grid-treasure_fixed-split_seed0,0,fixed-split,grid-treasure,4,0,PSO,1.3583915449176174,1.3671000488102436,0.025000000000000022,0.025000000000000022,0.5,0.0,0.0,0.06801663008843986,16.0,14.641608455082382,strict_delta_max,1,cross_layer_handoff_executed
grid-treasure_fixed-split_seed0,0,fixed-split,grid-treasure,4,1,RL,1.9769083868079425,2.8841999592259526,0.025000000000000022,0.025000000000000022,0.5,0.0,0.0,0.0,14.641608455082382,12.66470006827444,strict_delta_max,2,cross_layer_handoff_executed
grid-treasure_fixed-split_seed0,0,fixed-split,grid-treasure,4,2,GA,2.3504844981250144,1.3595999917015433,0.025000000000000022,0.025000000000000022,0.5,0.0,0.7157842771858526,0.059377812992479274,12.66470006827444,10.314215570149425,strict_delta_max,1,cross_layer_handoff_executed
grid-treasure_fixed-split_seed0,0,fixed-split,grid-treasure,4,3,PSO,1.361028059531196,1.540199969895184,0.025000000000000022,0.025000000000000022,0.5,0.0,0.0,0.12369540121194694,10.314215570149425,8.953187510618228,strict_delta_max,1,cross_layer_handoff_executed
grid-treasure_fixed-split_seed0,0,fixed-split,grid-treasure,4,4,RL,4.0,2.3787999525666237,0.025000000000000022,0.025000000000000022,0.5,0.0,0.0,0.04000000000000001,8.953187510618228,4.953187510618228,strict_delta_max,2,cross_layer_handoff_executed
grid-treasure_fixed-split_seed0,0,fixed-split,grid-treasure,4,5,GA,1.3320942750459381,2.238099928945303,-1.225,-1.225,0.0,0.0,0.7157842771858526,0.11157714590188063,4.953187510618228,3.6210932355722902,strict_delta_max,1,cross_layer_handoff_executed
grid-treasure_fixed-split_seed0,0,fixed-split,grid-treasure,5,0,PSO,1.6967719168408875,1.448799972422421,0.025000000000000022,0.025000000000000022,0.5,0.0,0.0,0.1008681866268687,16.0,14.303228083159112,strict_delta_max,1,cross_layer_handoff_executed
grid-treasure_fixed-split_seed0,0,fixed-split,grid-treasure,5,1,RL,2.7107205683670657,2.667300053872168,0.025000000000000022,0.025000000000000022,0.5,0.0,0.0,0.0,14.303228083159112,11.592507514792047,strict_delta_max,2,cross_layer_handoff_executed
grid-treasure_fixed-split_seed0,0,fixed-split,grid-treasure,5,2,GA,3.3052494332797067,1.313099986873567,0.019999999999999962,0.019999999999999962,0.5,0.0,0.7157842771858526,0.04920160548833136,11.592507514792047,8.28725808151234,strict_delta_max,1,cross_layer_handoff_executed
grid-treasure_fixed-split_seed0,0,fixed-split,grid-treasure,5,3,PSO,3.019263165813034,1.7899000085890293,0.025000000000000022,0.025000000000000022,0.5,0.0,0.0,0.05341304204742464,8.28725808151234,5.267994915699306,strict_delta_max,1,cross_layer_handoff_executed
grid-treasure_fixed-split_seed0,0,fixed-split,grid-treasure,5,4,RL,3.897749239844337,2.23129999358207,0.025000000000000022,0.025000000000000022,0.5,0.0,0.0,0.04104933133317468,5.267994915699306,1.3702456758549686,strict_delta_max,2,cross_layer_handoff_executed
grid-treasure_fixed-split_seed1,1,fixed-split,grid-treasure,0,0,GA,1.824988789829238,2.279500011354685,-1.05,-1.05,0.0,0.0,0.8643655984494946,0.08235453439285725,16.0,14.175011210170762,strict_delta_max,1,cross_layer_handoff_executed
grid-treasure_fixed-split_seed1,1,fixed-split,grid-treasure,0,1,PSO,2.1742379665759692,1.9709999905899167,0.010000000000000009,0.010000000000000009,0.5,0.0,0.0,0.07738612075064231,14.175011210170762,12.000773243594793,strict_delta_max,1,cross_layer_handoff_executed
grid-treasure_fixed-split_seed1,1,fixed-split,grid-treasure,0,2,RL,4.0,3.2607000321149826,-1.0550000000000002,-1.0550000000000002,0.0,0.0,0.0,0.0,12.000773243594793,8.000773243594793,strict_delta_max,2,cross_layer_handoff_executed
grid-treasure_fixed-split_seed1,1,fixed-split,grid-treasure,0,3,GA,3.460774059507657,1.27730006352067,0.0,0.0,0.5,0.0,0.7931361172545822,0.03752583778844092,8.000773243594793,4.5399991840871365,strict_delta_max,1,cross_layer_handoff_executed
grid-treasure_fixed-split_seed1,1,fixed-split,grid-treasure,0,4,PSO,2.0008536891128346,2.41049996111542,-1.04,-1.04,0.0,0.0,0.0,0.051395187414308784,4.5399991840871365,2.539145494974302,strict_delta_max,1,cross_layer_handoff_executed
grid-treasure_fixed-split_seed1,1,fixed-split,grid-treasure,1,0,RL,2.7485011236861947,4.274899954907596,-1.05,-1.05,0.0,0.0,0.0,0.014553386809736208,16.0,13.251498876313805,strict_delta_max,2,cross_layer_handoff_executed
grid-treasure_fixed-split_seed1,1,fixed-split,grid-treasure,1,1,GA,2.7020960693144445,1.7668000655248761,-1.08,-1.08,0.0,0.0,0.7008340842935765,0.032199094834929366,13.251498876313805,10.54940280699936,strict_delta_max,1,cross_layer_handoff_executed
grid-treasure_fixed-split_seed1,1,fixed-split,grid-treasure,1,2,PSO,2.295104876251857,2.061599981971085,0.010000000000000009,0.010000000000000009,0.5,0.0,0.0,0.05757072288614942,10.54940280699936,8.254297930747503,strict_delta_max,1,cross_layer_handoff_executed
grid-treasure_fixed-split_seed1,1,fixed-split,grid-treasure,1,3,RL,3.470270163333467,2.5490999687463045,-1.0550000000000002,-1.0550000000000002,0.0,0.0,0.0,0.03457944031790617,8.254297930747503,4.784027767414036,strict_delta_max,2,cross_layer_handoff_executed
grid-treasure_fixed-split_seed1,1,fixed-split,grid-treasure,1,4,GA,2.6446531908504545,1.4126000460237265,0.0,0.0,0.5,0.0,0.587050156845271,0.04917995822641878,4.784027767414036,2.139374576563582,strict_delta_max,1,cross_layer_handoff_executed
grid-treasure_fixed-split_seed1,1,fixed-split,grid-treasure,2,0,PSO,1.048953610537581,2.0212000235915184,0.010000000000000009,0.010000000000000009,0.5,0.0,0.0,0.10838583167019007,16.0,14.95104638946242,strict_delta_max,1,cross_layer_handoff_executed
grid-treasure_fixed-split_seed1,1,fixed-split,grid-treasure,2,1,RL,3.3464353588503535,2.81510001514107,-1.08,-1.08,0.0,0.0,0.0,0.008964763033793169,14.95104638946242,11.604611030612066,strict_delta_max,2,cross_layer_handoff_executed
grid-treasure_fixed-split_seed1,1,fixed-split,grid-treasure,2,2,GA,2.9299610110861365,1.791000016964972,-1.025,-1.025,0.0,0.0,0.594233575450996,0.043615134640600975,11.604611030612066,8.674650019525929,strict_delta_max,1,cross_layer_handoff_executed
grid-treasure_fixed-split_seed1,1,fixed-split,grid-treasure,2,3,PSO,3.5836735635578916,2.2471999982371926,0.010000000000000009,0.010000000000000009,0.5,0.0,0.0,0.030141211367583763,8.674650019525929,5.090976455968038,strict_delta_max,1,cross_layer_handoff_executed
grid-treasure_fixed-split_seed1,1,fixed-split,grid-treasure,2,4,RL,1.7600278885807048,2.3324000649154186,-1.08,-1.08,0.0,0.0,0.0,0.01704518445113513,5.090976455968038,3.330948567387333,strict_delta_max,2,cross_layer_handoff_executed
grid-treasure_fixed-split_seed1,1,fixed-split,grid-treasure,3,0,GA,1.0283804123806597,1.8312000902369618,0.0050000000000000044,0.0050000000000000044,0.5,0.0,0.615860430993454,0.12422071385560951,16.0,14.97161958761934,strict_delta_max,1,cross_layer_handoff_executed
grid-treasure_fixed-split_seed1,1,fixed-split,grid-treasure,3,1,PSO,3.5807414256660484,2.0048998994752765,0.010000000000000009,0.010000000000000009,0.5,0.0,0.0,0.02596033294839066,14.97161958761934,11.390878161953292,strict_delta_max,1,cross_layer_handoff_executed
grid-treasure_fixed-split_seed1,1,fixed-split,grid-treasure,3,2,RL,3.106232181567027,3.651399980299175,-1.08,-1.08,0.0,0.0,0.0,0.0,11.390878161953292,8.284645980386266,strict_delta_max,2,cross_layer_handoff_executed
grid-treasure_fixed-split_seed1,1,fixed-split,grid-treasure,3,3,GA,2.410179956330361,1.7327000387012959,0.010000000000000009,0.010000000000000009,0.5,0.0,0.6457060898751952,0.053003827421019445,8.284645980386266,5.874466024055905,strict_delta_max,1,cross_layer_handoff_executed
grid-treasure_fixed-split_seed1,1,fixed-split,grid-treasure,3,4,PSO,3.0831472135316935,2.044500084593892,0.010000000000000009,0.010000000000000009,0.5,0.0,0.0,0.04939743163120048,5.874466024055905,2.7913188105242113,strict_delta_max,1,cross_layer_handoff_executed
grid-treasure_fixed-split_seed1,1,fixed-split,grid-treasure,4,0,RL,2.9658090762735356,3.624900011345744,-1.0750000000000002,-1.0750000000000002,0.0,0.0,0.0,0.0269740896809575,16.0,13.034190923726465,strict_delta_max,2,cross_layer_handoff_executed
grid-treasure_fixed-split_seed1,1,fixed-split,grid-treasure,4,1,GA,2.7244855280936053,1.9347000634297729,0.010000000000000009,0.010000000000000009,0.5,0.0,0.6197168923766674,0.0392995867894561,13.034190923726465,10.309705395632859,strict_delta_max,1,cross_layer_handoff_executed
grid-treasure_fixed-split_seed1,1,fixed-split,grid-treasure,4,2,PSO,2.9371187622318797,2.092100097797811,0.010000000000000009,0.010000000000000009,0.5,0.0,0.0,0.03785060873339655,10.309705395632859,7.37258663340098,strict_delta_max,1,cross_layer_handoff_executed
grid-treasure_fixed-split_seed1,1,fixed-split,grid-treasure,4,3,RL,3.6174844740033185,2.4418000830337405,0.010000000000000009,0.010000000000000009,0.5,0.0,0.0,0.0,7.37258663340098,3.7551021593976612,strict_delta_max,2,cross_layer_handoff_executed
grid-treasure_fixed-split_seed1,1,fixed-split,grid-treasure,5,0,GA,1.2826114920861778,1.6660999972373247,0.0,0.0,0.5,0.0,0.5902023103478207,0.07301314931413753,16.0,14.717388507913823,strict_delta_max,1,cross_layer_handoff_executed
grid-treasure_fixed-split_seed1,1,fixed-split,grid-treasure,5,1,PSO,2.430656312131491,2.0865999395027757,0.010000000000000009,0.010000000000000009,0.5,0.0,0.0,0.05597978500857115,14.717388507913823,12.286732195782331,strict_delta_max,1,cross_layer_handoff_executed
grid-treasure_fixed-split_seed1,1,fixed-split,grid-treasure,5,2,RL,4.0,3.271099994890392,0.010000000000000009,0.010000000000000009,0.5,0.0,0.0,0.017500000000000016,12.286732195782331,8.286732195782331,strict_delta_max,2,cross_layer_handoff_executed
grid-treasure_fixed-split_seed1,1,fixed-split,grid-treasure,5,3,GA,3.9025507300998754,1.829399960115552,0.010000000000000009,0.010000000000000009,0.5,0.0,0.5762153690086328,0.02125562615495949,8.286732195782331,4.384181465682456,strict_delta_max,1,cross_layer_handoff_executed
grid-treasure_fixed-split_seed1,1,fixed-split,grid-treasure,5,4,PSO,2.7306178130860688,2.022000029683113,0.010000000000000009,0.010000000000000009,0.5,0.0,0.0,0.05362138034953934,4.384181465682456,1.6535636525963873,strict_delta_max,1,cross_layer_handoff_executed
grid-treasure_fixed-split_seed2,2,fixed-split,grid-treasure,0,0,GA,3.9053653955254966,4.020799999125302,-0.6500000000000001,-0.6500000000000001,0.0,0.0,0.8718432739321208,0.04391968426834987,16.0,12.094634604474503,strict_delta_max,1,cross_layer_handoff_executed
grid-treasure_fixed-split_seed2,2,fixed-split,grid-treasure,0,1,PSO,1.6816474976395537,2.4376000510528684,-1.12,-1.12,0.0,0.0,0.0,0.08873132629818674,12.094634604474503,10.412987106834949,strict_delta_max,1,cross_layer_handoff_executed
grid-treasure_fixed-split_seed2,2,fixed-split,grid-treasure,0,2,RL,1.3622580479494517,2.8331000357866287,-1.12,-1.12,0.0,0.0,0.0,0.0,10.412987106834949,9.050729058885498,strict_delta_max,2,cross_layer_handoff_executed
grid-treasure_fixed-split_seed2,2,fixed-split,grid-treasure,0,3,GA,3.3079688215383105,3.163000103086233,-1.2349999999999999,-1.2349999999999999,0.0,0.0,0.8441815109289925,0.04901357931999614,9.050729058885498,5.742760237347188,strict_delta_max,1,cross_layer_handoff_executed
grid-treasure_fixed-split_seed2,2,fixed-split,grid-treasure,0,4,PSO,2.2659582207028057,1.9247999880462885,-0.975,-0.975,0.0,0.0,0.0,0.05362958242575609,5.742760237347188,3.476802016644382,strict_delta_max,1,cross_layer_handoff_executed
grid-treasure_fixed-split_seed2,2,fixed-split,grid-treasure,1,0,RL,3.281732557964693,4.666100023314357,-1.12,-1.12,0.0,0.0,0.0,0.0,16.0,12.718267442035307,strict_delta_max,2,cross_layer_handoff_executed
grid-treasure_fixed-split_seed2,2,fixed-split,grid-treasure,1,1,GA,2.4363648014259303,2.0701000466942787,-0.06999999999999995,-0.06999999999999995,0.5,0.010261189122978744,0.8064333509757664,0.06313669812067964,12.718267442035307,10.281902640609378,strict_delta_max,1,cross_layer_handoff_executed
grid-treasure_fixed-split_seed2,2,fixed-split,grid-treasure,1,2,PSO,3.035932338780581,2.430699998512864,-1.12,-1.12,0.0,0.0,0.0,0.030053440383706644,10.281902640609378,7.245970301828796,strict_delta_max,1,cross_layer_handoff_executed
grid-treasure_fixed-split_seed2,2,fixed-split,grid-treasure,1,3,RL,4.0,3.725699963979423,-1.12,-1.12,0.0,0.0,0.0,0.03250000000000003,7.245970301828796,3.2459703018287964,strict_delta_max,2,cross_layer_handoff_executed
grid-treasure_fixed-split_seed2,2,fixed-split,grid-treasure,2,0,GA,1.5061364349955495,2.011000062339008,-0.06999999999999995,-0.06999999999999995,0.5,0.0,0.8189175342018038,0.10717178680063962,16.0,14.49386356500445,strict_delta_max,1,cross_layer_handoff_executed
grid-treasure_fixed-split_seed2,2,fixed-split,grid-treasure,2,1,PSO,1.138152930681977,2.860400010831654,-1.12,-1.12,0.0,0.0,0.0,0.05648333593767272,14.49386356500445,13.355710634322472,strict_delta_max,1,cross_layer_handoff_executed
grid-treasure_fixed-split_seed2,2,fixed-split,grid-treasure,2,2,RL,1.6531780555544702,2.62379995547235,-1.12,-1.12,0.0,0.0,0.0,0.0,13.355710634322472,11.702532578768002,strict_delta_max,2,cross_layer_handoff_executed
grid-treasure_fixed-split_seed2,2,fixed-split,grid-treasure,2,3,GA,3.89199335172641,1.8694999162107706,-0.09499999999999997,-0.09499999999999997,0.5,0.0,0.7668710046910088,0.03233953276617344,11.702532578768002,7.810539227041592,strict_delta_max,1,cross_layer_handoff_executed
grid-treasure_fixed-split_seed2,2,fixed-split,grid-treasure,2,4,PSO,1.2598358797375702,1.7274999991059303,-1.0,-1.0,0.0,0.0,0.0,0.0897660842136489,7.810539227041592,6.550703347304022,strict_delta_max,1,cross_layer_handoff_executed
grid-treasure_fixed-split_seed2,2,fixed-split,grid-treasure,2,5,RL,2.293223093140829,2.6175000239163637,-1.12,-1.12,0.0,0.0,0.0,0.0,6.550703347304022,4.257480254163193,strict_delta_max,2,cross_layer_handoff_executed
grid-treasure_fixed-split_seed2,2,fixed-split,grid-treasure,2,6,GA,3.0313871446115948,2.2333000088110566,-1.12,-1.12,0.0,0.0,0.7668710046910088,0.04993383289702889,4.257480254163193,1.2260931095515981,strict_delta_max,1,cross_layer_handoff_executed
grid-treasure_fixed-split_seed2,2,fixed-split,grid-treasure,3,0,PSO,1.7612349902445743,2.3363000946119428,-1.12,-1.12,0.0,0.0,0.0,0.06691824613037199,16.0,14.238765009755426,strict_delta_max,1,cross_layer_handoff_executed
grid-treasure_fixed-split_seed2,2,fixed-split,grid-treasure,3,1,RL,1.9013373260137705,3.6466000601649284,-1.12,-1.12,0.0,0.0,0.0,0.0,14.238765009755426,12.337427683741655,strict_delta_max,2,cross_layer_handoff_executed
grid-treasure_fixed-split_seed2,2,fixed-split,grid-treasure,3,2,GA,1.3462409169364309,2.4213000433519483,-1.135,-1.135,0.0,0.0,0.7668710046910088,0.118975098789455,12.337427683741655,10.991186766805225,strict_delta_max,1,cross_layer_handoff_executed
grid-treasure_fixed-split_seed2,2,fixed-split,grid-treasure,3,3,PSO,1.1387559756188803,2.0268000662326813,-0.07999999999999996,-0.07999999999999996,0.5,0.0,0.0,0.10180961841300246,10.991186766805225,9.852430791186345,strict_delta_max,1,cross_layer_handoff_executed
grid-treasure_fixed-split_seed2,2,fixed-split,grid-treasure,3,4,RL,1.5539695480718154,4.248799988999963,-1.12,-1.12,0.0,0.0,0.0,0.0,9.852430791186345,8.298461243114529,strict_delta_max,2,cross_layer_handoff_executed
grid-treasure_fixed-split_seed2,2,fixed-split,grid-treasure,3,5,GA,1.1115101470866477,2.3764000507071614,-0.08499999999999996,-0.08499999999999996,0.5,0.0,0.7467841859013832,0.096397658259096,8.298461243114529,7.186951096027881,strict_delta_max,1,cross_layer_handoff_executed
grid-treasure_fixed-split_seed2,2,fixed-split,grid-treasure,3,6,PSO,3.1470739495555695,2.117799944244325,-0.09499999999999997,-0.09499999999999997,0.5,0.0,0.0,0.02453543364165067,7.186951096027881,4.039877146472312,strict_delta_max,1,cross_layer_handoff_executed
grid-treasure_fixed-split_seed2,2,fixed-split,grid-treasure,3,7,RL,2.97630746280092,2.471699961461127,-1.12,-1.12,0.0,0.0,0.0,0.036958547251862935,4.039877146472312,1.0635696836713922,strict_delta_max,2,cross_layer_handoff_executed
grid-treasure_fixed-split_seed2,2,fixed-split,grid-treasure,4,0,GA,3.4451888595990283,2.494900021702051,-0.10999999999999999,-0.10999999999999999,0.5,0.0,0.6896184569682962,0.03391612680656198,16.0,12.554811140400972,strict_delta_max,1,cross_layer_handoff_executed
grid-treasure_fixed-split_seed2,2,fixed-split,grid-treasure,4,1,PSO,3.1874809694966126,2.9516000067815185,-1.145,-1.145,0.0,0.0,0.0,0.04944306089534031,12.554811140400972,9.36733017090436,strict_delta_max,1,cross_layer_handoff_executed
grid-treasure_fixed-split_seed2,2,fixed-split,grid-treasure,4,2,RL,2.9088523361849923,3.1611999729648232,-0.06999999999999995,-0.06999999999999995,0.5,0.0,0.0,0.0,9.36733017090436,6.458477834719368,strict_delta_max,2,cross_layer_handoff_executed
grid-treasure_fixed-split_seed2,2,fixed-split,grid-treasure,4,3,GA,1.3987878776491236,1.798100071027875,-0.06999999999999995,-0.06999999999999995,0.5,0.0,0.6038719510383954,0.10214333214408196,6.458477834719368,5.059689957070244,strict_delta_max,1,cross_layer_handoff_executed
grid-treasure_fixed-split_seed2,2,fixed-split,grid-treasure,4,4,PSO,1.3934486104922021,2.0880999509245157,-0.09499999999999997,-0.09499999999999997,0.5,0.0,0.0,0.06709094899247027,5.059689957070244,3.666241346578042,strict_delta_max,1,cross_layer_handoff_executed
grid-treasure_fixed-split_seed2,2,fixed-split,grid-treasure,5,0,RL,1.6035975270961769,3.0938000418245792,-0.06999999999999995,-0.06999999999999995,0.5,0.0,0.0,0.0,16.0,14.396402472903823,strict_delta_max,2,cross_layer_handoff_executed
grid-treasure_fixed-split_seed2,2,fixed-split,grid-treasure,5,1,GA,3.113041615168579,1.873500063084066,-0.09499999999999997,-0.09499999999999997,0.5,0.0,0.5516764159936336,0.03654375351356408,14.396402472903823,11.283360857735243,strict_delta_max,1,cross_layer_handoff_executed
grid-treasure_fixed-split_seed2,2,fixed-split,grid-treasure,5,2,PSO,1.3584570956379494,2.051200019195676,-0.06999999999999995,-0.06999999999999995,0.5,0.0,0.0,0.03683893078088622,11.283360857735243,9.924903762097294,strict_delta_max,1,cross_layer_handoff_executed
grid-treasure_fixed-split_seed2,2,fixed-split,grid-treasure,5,3,RL,1.9969066180345878,2.3188000777736306,-0.06999999999999995,-0.06999999999999995,0.5,0.0,0.0,0.020030981738830216,9.924903762097294,7.927997144062706,strict_delta_max,2,cross_layer_handoff_executed
grid-treasure_fixed-split_seed2,2,fixed-split,grid-treasure,5,4,GA,2.5408954315293975,1.9816000713035464,-0.09499999999999997,-0.09499999999999997,0.5,0.0,0.507070306340089,0.06001179650150377,7.927997144062706,5.387101712533308,strict_delta_max,1,cross_layer_handoff_executed
grid-treasure_fixed-split_seed2,2,fixed-split,grid-treasure,5,5,PSO,1.0846313290735214,1.8471000948920846,-0.06999999999999995,-0.06999999999999995,0.5,0.0,0.0,0.033402943370583194,5.387101712533308,4.302470383459787,strict_delta_max,1,cross_layer_handoff_executed
grid-treasure_fixed-split_seed2,2,fixed-split,grid-treasure,5,6,RL,3.037994776016133,4.365700064226985,-0.13,-0.13,0.5,0.0,0.0,0.0,4.302470383459787,1.264475607443654,strict_delta_max,2,cross_layer_handoff_executed
grid-treasure_round-robin_seed0,0,round-robin,grid-treasure,0,0,GA,3.2127778257737645,2.0976000232622027,0.025000000000000022,0.025000000000000022,0.5,0.0,0.8931030542994856,0.05487385891284679,16.0,12.787222174226235,strict_delta_max,1,cross_layer_handoff_executed
grid-treasure_round-robin_seed0,0,round-robin,grid-treasure,0,1,PSO,1.240539447270699,1.2680001091212034,0.010000000000000009,0.010000000000000009,0.5,0.0,0.0,0.1382138938747343,12.787222174226235,11.546682726955536,strict_delta_max,1,cross_layer_handoff_executed
grid-treasure_round-robin_seed0,0,round-robin,grid-treasure,0,2,RL,3.0155307486080147,3.0672000721096992,-1.135,-1.135,0.0,0.0,0.0,0.0,11.546682726955536,8.531151978347522,strict_delta_max,2,cross_layer_handoff_executed
grid-treasure_round-robin_seed0,0,round-robin,grid-treasure,0,3,GA,2.659460384195745,1.4529000036418438,0.025000000000000022,0.025000000000000022,0.5,0.0,0.8754084243546231,0.0546770053002769,8.531151978347522,5.871691594151777,strict_delta_max,1,cross_layer_handoff_executed
grid-treasure_round-robin_seed0,0,round-robin,grid-treasure,0,4,PSO,3.298536398613016,2.7845000149682164,-1.225,-1.225,0.0,0.0,0.0,0.037742041008579905,5.871691594151777,2.573155195538761,strict_delta_max,1,cross_layer_handoff_executed
grid-treasure_round-robin_seed0,0,round-robin,grid-treasure,1,0,RL,3.619879158304743,2.354600001126528,-0.07499999999999996,-0.07499999999999996,0.5,0.0,0.0,0.01105009262760384,16.0,12.380120841695257,strict_delta_max,2,cross_layer_handoff_executed
grid-treasure_round-robin_seed0,0,round-robin,grid-treasure,1,1,GA,2.986903711950858,1.5675999457016587,0.025000000000000022,0.025000000000000022,0.5,0.0,0.8089314407145728,0.04448334011898654,12.380120841695257,9.3932171297444,strict_delta_max,1,cross_layer_handoff_executed
grid-treasure_round-robin_seed0,0,round-robin,grid-treasure,1,2,PSO,1.6663911333067114,1.867000013589859,-1.0699999999999998,-1.0699999999999998,0.0,0.0,0.0,0.09014254428411451,9.3932171297444,7.726825996437689,strict_delta_max,1,cross_layer_handoff_executed
grid-treasure_round-robin_seed0,0,round-robin,grid-treasure,1,3,RL,1.911591196405813,2.190500032156706,0.010000000000000009,0.010000000000000009,0.5,0.0,0.0,1.051480046455129,7.726825996437689,5.815234800031876,strict_delta_max,2,cross_layer_handoff_executed
grid-treasure_round-robin_seed0,0,round-robin,grid-treasure,1,4,GA,1.2021036244648466,1.4624999603256583,0.025000000000000022,0.025000000000000022,0.5,0.0,0.7337264185087455,0.11969196506391623,5.815234800031876,4.613131175567029,strict_delta_max,1,cross_layer_handoff_executed
grid-treasure_round-robin_seed0,0,round-robin,grid-treasure,1,5,PSO,1.588517437152293,1.5768000157549977,0.025000000000000022,0.025000000000000022,0.5,0.0,0.0,0.08334409797848809,4.613131175567029,3.0246137384147356,strict_delta_max,1,cross_layer_handoff_executed
grid-treasure_round-robin_seed0,0,round-robin,grid-treasure,2,0,RL,1.7652171229546167,1.5837999526411295,0.030000000000000027,0.030000000000000027,0.5,0.0028325127458717456,0.0,0.0,16.0,14.234782877045383,strict_delta_max,2,cross_layer_handoff_executed
grid-treasure_round-robin_seed0,0,round-robin,grid-treasure,2,1,GA,1.192276019740498,1.353600062429905,0.025000000000000022,0.025000000000000022,0.5,0.0,0.7296562057328728,0.10560968736444179,14.234782877045383,13.042506857304884,strict_delta_max,1,cross_layer_handoff_executed
grid-treasure_round-robin_seed0,0,round-robin,grid-treasure,2,2,PSO,1.2078564187023542,1.521000056527555,0.025000000000000022,0.025000000000000022,0.5,0.0,0.0,0.13205147628888905,13.042506857304884,11.83465043860253,strict_delta_max,1,cross_layer_handoff_executed
grid-treasure_round-robin_seed0,0,round-robin,grid-treasure,2,3,RL,2.4784460018601084,3.6976999836042523,0.030000000000000027,0.030000000000000027,0.5,0.0,0.0,0.7787137579561985,11.83465043860253,9.356204436742422,strict_delta_max,2,cross_layer_handoff_executed
grid-treasure_round-robin_seed0,0,round-robin,grid-treasure,2,4,GA,3.4409047630003293,1.3723999727517366,0.025000000000000022,0.025000000000000022,0.5,0.0,0.7157842771858526,0.04292567567179621,9.356204436742422,5.915299673742092,strict_delta_max,1,cross_layer_handoff_executed
grid-treasure_round-robin_seed0,0,round-robin,grid-treasure,2,5,PSO,2.503447681985216,1.4030999736860394,0.020000000000000018,0.020000000000000018,0.5,0.0,0.0,0.05086813826889947,5.915299673742092,3.4118519917568766,strict_delta_max,1,cross_layer_handoff_executed
grid-treasure_round-robin_seed0,0,round-robin,grid-treasure,3,0,RL,1.1778177618203227,1.8532000249251723,0.025000000000000022,0.025000000000000022,0.5,0.0,0.0,0.0,16.0,14.822182238179677,strict_delta_max,2,cross_layer_handoff_executed
grid-treasure_round-robin_seed0,0,round-robin,grid-treasure,3,1,GA,3.338838565311309,1.3738000998273492,0.025000000000000022,0.025000000000000022,0.5,0.0,0.7157842771858526,0.027484559993904353,14.822182238179677,11.483343672868369,strict_delta_max,1,cross_layer_handoff_executed
grid-treasure_round-robin_seed0,0,round-robin,grid-treasure,3,2,PSO,3.152416723963589,1.7468000296503305,-1.06,-1.06,0.0,0.0,0.0,0.038081492699909195,11.483343672868369,8.330926948904779,strict_delta_max,1,cross_layer_handoff_executed
grid-treasure_round-robin_seed0,0,round-robin,grid-treasure,3,3,RL,3.083842197612888,2.316799946129322,0.025000000000000022,0.025000000000000022,0.5,0.0,0.0,0.6712405717783896,8.330926948904779,5.24708475129189,strict_delta_max,2,cross_layer_handoff_executed
grid-treasure_round-robin_seed0,0,round-robin,grid-treasure,3,4,GA,1.5959601187479744,1.3500999193638563,0.025000000000000022,0.025000000000000022,0.5,0.0,0.7157842771858526,0.0902195029468794,5.24708475129189,3.6511246325439157,strict_delta_max,1,cross_layer_handoff_executed
grid-treasure_round-robin_seed0,0,round-robin,grid-treasure,4,0,PSO,1.3583915449176174,1.3348000356927514,0.025000000000000022,0.025000000000000022,0.5,0.0,0.0,0.06801663008843986,16.0,14.641608455082382,strict_delta_max,1,cross_layer_handoff_executed
grid-treasure_round-robin_seed0,0,round-robin,grid-treasure,4,1,RL,1.9769083868079425,2.61929992120713,0.025000000000000022,0.025000000000000022,0.5,0.0,0.0,0.0,14.641608455082382,12.66470006827444,strict_delta_max,2,cross_layer_handoff_executed
grid-treasure_round-robin_seed0,0,round-robin,grid-treasure,4,2,GA,2.3504844981250144,1.4242000179365277,0.025000000000000022,0.025000000000000022,0.5,0.0,0.7157842771858526,0.059377812992479274,12.66470006827444,10.314215570149425,strict_delta_max,1,cross_layer_handoff_executed
grid-treasure_round-robin_seed0,0,round-robin,grid-treasure,4,3,PSO,1.361028059531196,1.5339999226853251,0.025000000000000022,0.025000000000000022,0.5,0.0,0.0,0.12369540121194694,10.314215570149425,8.953187510618228,strict_delta_max,1,cross_layer_handoff_executed
grid-treasure_round-robin_seed0,0,round-robin,grid-treasure,4,4,RL,4.0,3.333500004373491,0.025000000000000022,0.025000000000000022,0.5,0.0,0.0,0.04000000000000001,8.953187510618228,4.953187510618228,strict_delta_max,2,cross_layer_handoff_executed
grid-treasure_round-robin_seed0,0,round-robin,grid-treasure,4,5,GA,1.3320942750459381,2.447200007736683,-1.225,-1.225,0.0,0.0,0.7157842771858526,0.11157714590188063,4.953187510618228,3.6210932355722902,strict_delta_max,1,cross_layer_handoff_executed
grid-treasure_round-robin_seed0,0,round-robin,grid-treasure,5,0,PSO,1.6967719168408875,1.3961000367999077,0.025000000000000022,0.025000000000000022,0.5,0.0,0.0,0.1008681866268687,16.0,14.303228083159112,strict_delta_max,1,cross_layer_handoff_executed
grid-treasure_round-robin_seed0,0,round-robin,grid-treasure,5,1,RL,2.7107205683670657,2.8701999690383673,0.025000000000000022,0.025000000000000022,0.5,0.0,0.0,0.0,14.303228083159112,11.592507514792047,strict_delta_max,2,cross_layer_handoff_executed
grid-treasure_round-robin_seed0,0,round-robin,grid-treasure,5,2,GA,3.3052494332797067,1.3580999802798033,0.019999999999999962,0.019999999999999962,0.5,0.0,0.7157842771858526,0.04920160548833136,11.592507514792047,8.28725808151234,strict_delta_max,1,cross_layer_handoff_executed
grid-treasure_round-robin_seed0,0,round-robin,grid-treasure,5,3,PSO,3.019263165813034,1.905200071632862,0.025000000000000022,0.025000000000000022,0.5,0.0,0.0,0.05341304204742464,8.28725808151234,5.267994915699306,strict_delta_max,1,cross_layer_handoff_executed
grid-treasure_round-robin_seed0,0,round-robin,grid-treasure,5,4,RL,3.897749239844337,2.2247000597417355,0.025000000000000022,0.025000000000000022,0.5,0.0,0.0,0.04104933133317468,5.267994915699306,1.3702456758549686,strict_delta_max,2,cross_layer_handoff_executed
grid-treasure_round-robin_seed1,1,round-robin,grid-treasure,0,0,GA,1.824988789829238,2.4971000384539366,-1.05,-1.05,0.0,0.0,0.8643655984494946,0.08235453439285725,16.0,14.175011210170762,strict_delta_max,1,cross_layer_handoff_executed
grid-treasure_round-robin_seed1,1,round-robin,grid-treasure,0,1,PSO,2.1742379665759692,1.9261999987065792,0.010000000000000009,0.010000000000000009,0.5,0.0,0.0,0.07738612075064231,14.175011210170762,12.000773243594793,strict_delta_max,1,cross_layer_handoff_executed
grid-treasure_round-robin_seed1,1,round-robin,grid-treasure,0,2,RL,4.0,3.078000037930906,-1.0550000000000002,-1.0550000000000002,0.0,0.0,0.0,0.0,12.000773243594793,8.000773243594793,strict_delta_max,2,cross_layer_handoff_executed
grid-treasure_round-robin_seed1,1,round-robin,grid-treasure,0,3,GA,3.460774059507657,1.3154000043869019,0.0,0.0,0.5,0.0,0.7931361172545822,0.03752583778844092,8.000773243594793,4.5399991840871365,strict_delta_max,1,cross_layer_handoff_executed
grid-treasure_round-robin_seed1,1,round-robin,grid-treasure,0,4,PSO,2.0008536891128346,2.0779999904334545,-1.04,-1.04,0.0,0.0,0.0,0.051395187414308784,4.5399991840871365,2.539145494974302,strict_delta_max,1,cross_layer_handoff_executed
grid-treasure_round-robin_seed1,1,round-robin,grid-treasure,1,0,RL,2.7485011236861947,4.184299963526428,-1.05,-1.05,0.0,0.0,0.0,0.014553386809736208,16.0,13.251498876313805,strict_delta_max,2,cross_layer_handoff_executed
grid-treasure_round-robin_seed1,1,round-robin,grid-treasure,1,1,GA,2.7020960693144445,1.789500005543232,-1.08,-1.08,0.0,0.0,0.7008340842935765,0.032199094834929366,13.251498876313805,10.54940280699936,strict_delta_max,1,cross_layer_handoff_executed
grid-treasure_round-robin_seed1,1,round-robin,grid-treasure,1,2,PSO,2.295104876251857,1.8828000174835324,0.010000000000000009,0.010000000000000009,0.5,0.0,0.0,0.05757072288614942,10.54940280699936,8.254297930747503,strict_delta_max,1,cross_layer_handoff_executed
grid-treasure_round-robin_seed1,1,round-robin,grid-treasure,1,3,RL,3.470270163333467,2.4941000156104565,-1.0550000000000002,-1.0550000000000002,0.0,0.0,0.0,0.03457944031790617,8.254297930747503,4.784027767414036,strict_delta_max,2,cross_layer_handoff_executed
grid-treasure_round-robin_seed1,1,round-robin,grid-treasure,1,4,GA,2.6446531908504545,1.3763000024482608,0.0,0.0,0.5,0.0,0.587050156845271,0.04917995822641878,4.784027767414036,2.139374576563582,strict_delta_max,1,cross_layer_handoff_executed
grid-treasure_round-robin_seed1,1,round-robin,grid-treasure,2,0,PSO,1.048953610537581,1.7963000573217869,0.010000000000000009,0.010000000000000009,0.5,0.0,0.0,0.10838583167019007,16.0,14.95104638946242,strict_delta_max,1,cross_layer_handoff_executed
grid-treasure_round-robin_seed1,1,round-robin,grid-treasure,2,1,RL,3.3464353588503535,2.6358000468462706,-1.08,-1.08,0.0,0.0,0.0,0.008964763033793169,14.95104638946242,11.604611030612066,strict_delta_max,2,cross_layer_handoff_executed
grid-treasure_round-robin_seed1,1,round-robin,grid-treasure,2,2,GA,2.9299610110861365,1.4773999573662877,-1.025,-1.025,0.0,0.0,0.594233575450996,0.043615134640600975,11.604611030612066,8.674650019525929,strict_delta_max,1,cross_layer_handoff_executed
grid-treasure_round-robin_seed1,1,round-robin,grid-treasure,2,3,PSO,3.5836735635578916,1.8205000087618828,0.010000000000000009,0.010000000000000009,0.5,0.0,0.0,0.030141211367583763,8.674650019525929,5.090976455968038,strict_delta_max,1,cross_layer_handoff_executed
grid-treasure_round-robin_seed1,1,round-robin,grid-treasure,2,4,RL,1.7600278885807048,2.116899937391281,-1.08,-1.08,0.0,0.0,0.0,0.01704518445113513,5.090976455968038,3.330948567387333,strict_delta_max,2,cross_layer_handoff_executed
grid-treasure_round-robin_seed1,1,round-robin,grid-treasure,3,0,GA,1.0283804123806597,1.7568999901413918,0.0050000000000000044,0.0050000000000000044,0.5,0.0,0.615860430993454,0.12422071385560951,16.0,14.97161958761934,strict_delta_max,1,cross_layer_handoff_executed
grid-treasure_round-robin_seed1,1,round-robin,grid-treasure,3,1,PSO,3.5807414256660484,1.8162999767810106,0.010000000000000009,0.010000000000000009,0.5,0.0,0.0,0.02596033294839066,14.97161958761934,11.390878161953292,strict_delta_max,1,cross_layer_handoff_executed
grid-treasure_round-robin_seed1,1,round-robin,grid-treasure,3,2,RL,3.106232181567027,3.3624001080170274,-1.08,-1.08,0.0,0.0,0.0,0.0,11.390878161953292,8.284645980386266,strict_delta_max,2,cross_layer_handoff_executed
grid-treasure_round-robin_seed1,1,round-robin,grid-treasure,3,3,GA,2.410179956330361,1.698100008070469,0.010000000000000009,0.010000000000000009,0.5,0.0,0.6457060898751952,0.053003827421019445,8.284645980386266,5.874466024055905,strict_delta_max,1,cross_layer_handoff_executed
grid-treasure_round-robin_seed1,1,round-robin,grid-treasure,3,4,PSO,3.0831472135316935,1.989099895581603,0.010000000000000009,0.010000000000000009,0.5,0.0,0.0,0.04939743163120048,5.874466024055905,2.7913188105242113,strict_delta_max,1,cross_layer_handoff_executed
grid-treasure_round-robin_seed1,1,round-robin,grid-treasure,4,0,RL,2.9658090762735356,3.2656999537721276,-1.0750000000000002,-1.0750000000000002,0.0,0.0,0.0,0.0269740896809575,16.0,13.034190923726465,strict_delta_max,2,cross_layer_handoff_executed
grid-treasure_round-robin_seed1,1,round-robin,grid-treasure,4,1,GA,2.7244855280936053,1.6443999484181404,0.010000000000000009,0.010000000000000009,0.5,0.0,0.6197168923766674,0.0392995867894561,13.034190923726465,10.309705395632859,strict_delta_max,1,cross_layer_handoff_executed
grid-treasure_round-robin_seed1,1,round-robin,grid-treasure,4,2,PSO,2.9371187622318797,1.7511999467387795,0.010000000000000009,0.010000000000000009,0.5,0.0,0.0,0.03785060873339655,10.309705395632859,7.37258663340098,strict_delta_max,1,cross_layer_handoff_executed
grid-treasure_round-robin_seed1,1,round-robin,grid-treasure,4,3,RL,3.6174844740033185,2.331299940124154,0.010000000000000009,0.010000000000000009,0.5,0.0,0.0,0.0,7.37258663340098,3.7551021593976612,strict_delta_max,2,cross_layer_handoff_executed
grid-treasure_round-robin_seed1,1,round-robin,grid-treasure,5,0,GA,1.2826114920861778,1.541699981316924,0.0,0.0,0.5,0.0,0.5902023103478207,0.07301314931413753,16.0,14.717388507913823,strict_delta_max,1,cross_layer_handoff_executed
grid-treasure_round-robin_seed1,1,round-robin,grid-treasure,5,1,PSO,2.430656312131491,1.8443999579176307,0.010000000000000009,0.010000000000000009,0.5,0.0,0.0,0.05597978500857115,14.717388507913823,12.286732195782331,strict_delta_max,1,cross_layer_handoff_executed
grid-treasure_round-robin_seed1,1,round-robin,grid-treasure,5,2,RL,4.0,3.0166000360623,0.010000000000000009,0.010000000000000009,0.5,0.0,0.0,0.017500000000000016,12.286732195782331,8.286732195782331,strict_delta_max,2,cross_layer_handoff_executed
grid-treasure_round-robin_seed1,1,round-robin,grid-treasure,5,3,GA,3.9025507300998754,1.837100018747151,0.010000000000000009,0.010000000000000009,0.5,0.0,0.5762153690086328,0.02125562615495949,8.286732195782331,4.384181465682456,strict_delta_max,1,cross_layer_handoff_executed
grid-treasure_round-robin_seed1,1,round-robin,grid-treasure,5,4,PSO,2.7306178130860688,1.9127000123262405,0.010000000000000009,0.010000000000000009,0.5,0.0,0.0,0.05362138034953934,4.384181465682456,1.6535636525963873,strict_delta_max,1,cross_layer_handoff_executed
grid-treasure_round-robin_seed2,2,round-robin,grid-treasure,0,0,GA,3.9053653955254966,3.868800005875528,-0.6500000000000001,-0.6500000000000001,0.0,0.0,0.8718432739321208,0.04391968426834987,16.0,12.094634604474503,strict_delta_max,1,cross_layer_handoff_executed
grid-treasure_round-robin_seed2,2,round-robin,grid-treasure,0,1,PSO,1.6816474976395537,2.453400054946542,-1.12,-1.12,0.0,0.0,0.0,0.08873132629818674,12.094634604474503,10.412987106834949,strict_delta_max,1,cross_layer_handoff_executed
grid-treasure_round-robin_seed2,2,round-robin,grid-treasure,0,2,RL,1.3622580479494517,2.671999973244965,-1.12,-1.12,0.0,0.0,0.0,0.0,10.412987106834949,9.050729058885498,strict_delta_max,2,cross_layer_handoff_executed
grid-treasure_round-robin_seed2,2,round-robin,grid-treasure,0,3,GA,3.3079688215383105,3.3360000234097242,-1.2349999999999999,-1.2349999999999999,0.0,0.0,0.8441815109289925,0.04901357931999614,9.050729058885498,5.742760237347188,strict_delta_max,1,cross_layer_handoff_executed
grid-treasure_round-robin_seed2,2,round-robin,grid-treasure,0,4,PSO,2.2659582207028057,1.6479999758303165,-0.975,-0.975,0.0,0.0,0.0,0.05362958242575609,5.742760237347188,3.476802016644382,strict_delta_max,1,cross_layer_handoff_executed
grid-treasure_round-robin_seed2,2,round-robin,grid-treasure,1,0,RL,3.281732557964693,4.593999939970672,-1.12,-1.12,0.0,0.0,0.0,0.0,16.0,12.718267442035307,strict_delta_max,2,cross_layer_handoff_executed
grid-treasure_round-robin_seed2,2,round-robin,grid-treasure,1,1,GA,2.4363648014259303,1.853100024163723,-0.06999999999999995,-0.06999999999999995,0.5,0.010261189122978744,0.8064333509757664,0.06313669812067964,12.718267442035307,10.281902640609378,strict_delta_max,1,cross_layer_handoff_executed
grid-treasure_round-robin_seed2,2,round-robin,grid-treasure,1,2,PSO,3.035932338780581,2.4323000106960535,-1.12,-1.12,0.0,0.0,0.0,0.030053440383706644,10.281902640609378,7.245970301828796,strict_delta_max,1,cross_layer_handoff_executed
grid-treasure_round-robin_seed2,2,round-robin,grid-treasure,1,3,RL,4.0,3.5549000604078174,-1.12,-1.12,0.0,0.0,0.0,0.03250000000000003,7.245970301828796,3.2459703018287964,strict_delta_max,2,cross_layer_handoff_executed
grid-treasure_round-robin_seed2,2,round-robin,grid-treasure,2,0,GA,1.5061364349955495,1.9749000202864408,-0.06999999999999995,-0.06999999999999995,0.5,0.0,0.8189175342018038,0.10717178680063962,16.0,14.49386356500445,strict_delta_max,1,cross_layer_handoff_executed
grid-treasure_round-robin_seed2,2,round-robin,grid-treasure,2,1,PSO,1.138152930681977,2.6836999459192157,-1.12,-1.12,0.0,0.0,0.0,0.05648333593767272,14.49386356500445,13.355710634322472,strict_delta_max,1,cross_layer_handoff_executed
grid-treasure_round-robin_seed2,2,round-robin,grid-treasure,2,2,RL,1.6531780555544702,2.593599958345294,-1.12,-1.12,0.0,0.0,0.0,0.0,13.355710634322472,11.702532578768002,strict_delta_max,2,cross_layer_handoff_executed
grid-treasure_round-robin_seed2,2,round-robin,grid-treasure,2,3,GA,3.89199335172641,2.1364999702200294,-0.09499999999999997,-0.09499999999999997,0.5,0.0,0.7668710046910088,0.03233953276617344,11.702532578768002,7.810539227041592,strict_delta_max,1,cross_layer_handoff_executed
grid-treasure_round-robin_seed2,2,round-robin,grid-treasure,2,4,PSO,1.2598358797375702,1.9869999960064888,-1.0,-1.0,0.0,0.0,0.0,0.0897660842136489,7.810539227041592,6.550703347304022,strict_delta_max,1,cross_layer_handoff_executed
grid-treasure_round-robin_seed2,2,round-robin,grid-treasure,2,5,RL,2.293223093140829,2.8122999938204885,-1.12,-1.12,0.0,0.0,0.0,0.0,6.550703347304022,4.257480254163193,strict_delta_max,2,cross_layer_handoff_executed
grid-treasure_round-robin_seed2,2,round-robin,grid-treasure,2,6,GA,3.0313871446115948,2.2254999494180083,-1.12,-1.12,0.0,0.0,0.7668710046910088,0.04993383289702889,4.257480254163193,1.2260931095515981,strict_delta_max,1,cross_layer_handoff_executed
grid-treasure_round-robin_seed2,2,round-robin,grid-treasure,3,0,PSO,1.7612349902445743,2.1486999467015266,-1.12,-1.12,0.0,0.0,0.0,0.06691824613037199,16.0,14.238765009755426,strict_delta_max,1,cross_layer_handoff_executed
grid-treasure_round-robin_seed2,2,round-robin,grid-treasure,3,1,RL,1.9013373260137705,3.700900007970631,-1.12,-1.12,0.0,0.0,0.0,0.0,14.238765009755426,12.337427683741655,strict_delta_max,2,cross_layer_handoff_executed
grid-treasure_round-robin_seed2,2,round-robin,grid-treasure,3,2,GA,1.3462409169364309,2.728199935518205,-1.135,-1.135,0.0,0.0,0.7668710046910088,0.118975098789455,12.337427683741655,10.991186766805225,strict_delta_max,1,cross_layer_handoff_executed
grid-treasure_round-robin_seed2,2,round-robin,grid-treasure,3,3,PSO,1.1387559756188803,1.9437000155448914,-0.07999999999999996,-0.07999999999999996,0.5,0.0,0.0,0.10180961841300246,10.991186766805225,9.852430791186345,strict_delta_max,1,cross_layer_handoff_executed
grid-treasure_round-robin_seed2,2,round-robin,grid-treasure,3,4,RL,1.5539695480718154,4.274099948816001,-1.12,-1.12,0.0,0.0,0.0,0.0,9.852430791186345,8.298461243114529,strict_delta_max,2,cross_layer_handoff_executed
grid-treasure_round-robin_seed2,2,round-robin,grid-treasure,3,5,GA,1.1115101470866477,2.5945999659597874,-0.08499999999999996,-0.08499999999999996,0.5,0.0,0.7467841859013832,0.096397658259096,8.298461243114529,7.186951096027881,strict_delta_max,1,cross_layer_handoff_executed
grid-treasure_round-robin_seed2,2,round-robin,grid-treasure,3,6,PSO,3.1470739495555695,2.102700062096119,-0.09499999999999997,-0.09499999999999997,0.5,0.0,0.0,0.02453543364165067,7.186951096027881,4.039877146472312,strict_delta_max,1,cross_layer_handoff_executed
grid-treasure_round-robin_seed2,2,round-robin,grid-treasure,3,7,RL,2.97630746280092,2.471799962222576,-1.12,-1.12,0.0,0.0,0.0,0.036958547251862935,4.039877146472312,1.0635696836713922,strict_delta_max,2,cross_layer_handoff_executed
grid-treasure_round-robin_seed2,2,round-robin,grid-treasure,4,0,GA,3.4451888595990283,2.548100077547133,-0.10999999999999999,-0.10999999999999999,0.5,0.0,0.6896184569682962,0.03391612680656198,16.0,12.554811140400972,strict_delta_max,1,cross_layer_handoff_executed
grid-treasure_round-robin_seed2,2,round-robin,grid-treasure,4,1,PSO,3.1874809694966126,2.4753999896347523,-1.145,-1.145,0.0,0.0,0.0,0.04944306089534031,12.554811140400972,9.36733017090436,strict_delta_max,1,cross_layer_handoff_executed
grid-treasure_round-robin_seed2,2,round-robin,grid-treasure,4,2,RL,2.9088523361849923,3.0493000522255898,-0.06999999999999995,-0.06999999999999995,0.5,0.0,0.0,0.0,9.36733017090436,6.458477834719368,strict_delta_max,2,cross_layer_handoff_executed
grid-treasure_round-robin_seed2,2,round-robin,grid-treasure,4,3,GA,1.3987878776491236,1.8306999700143933,-0.06999999999999995,-0.06999999999999995,0.5,0.0,0.6038719510383954,0.10214333214408196,6.458477834719368,5.059689957070244,strict_delta_max,1,cross_layer_handoff_executed
grid-treasure_round-robin_seed2,2,round-robin,grid-treasure,4,4,PSO,1.3934486104922021,2.088500070385635,-0.09499999999999997,-0.09499999999999997,0.5,0.0,0.0,0.06709094899247027,5.059689957070244,3.666241346578042,strict_delta_max,1,cross_layer_handoff_executed
grid-treasure_round-robin_seed2,2,round-robin,grid-treasure,5,0,RL,1.6035975270961769,2.9907000716775656,-0.06999999999999995,-0.06999999999999995,0.5,0.0,0.0,0.0,16.0,14.396402472903823,strict_delta_max,2,cross_layer_handoff_executed
grid-treasure_round-robin_seed2,2,round-robin,grid-treasure,5,1,GA,3.113041615168579,2.039100043475628,-0.09499999999999997,-0.09499999999999997,0.5,0.0,0.5516764159936336,0.03654375351356408,14.396402472903823,11.283360857735243,strict_delta_max,1,cross_layer_handoff_executed
grid-treasure_round-robin_seed2,2,round-robin,grid-treasure,5,2,PSO,1.3584570956379494,1.792099908925593,-0.06999999999999995,-0.06999999999999995,0.5,0.0,0.0,0.03683893078088622,11.283360857735243,9.924903762097294,strict_delta_max,1,cross_layer_handoff_executed
grid-treasure_round-robin_seed2,2,round-robin,grid-treasure,5,3,RL,1.9969066180345878,2.368199988268316,-0.06999999999999995,-0.06999999999999995,0.5,0.0,0.0,0.020030981738830216,9.924903762097294,7.927997144062706,strict_delta_max,2,cross_layer_handoff_executed
grid-treasure_round-robin_seed2,2,round-robin,grid-treasure,5,4,GA,2.5408954315293975,1.8212998984381557,-0.09499999999999997,-0.09499999999999997,0.5,0.0,0.507070306340089,0.06001179650150377,7.927997144062706,5.387101712533308,strict_delta_max,1,cross_layer_handoff_executed
grid-treasure_round-robin_seed2,2,round-robin,grid-treasure,5,5,PSO,1.0846313290735214,1.9895000150427222,-0.06999999999999995,-0.06999999999999995,0.5,0.0,0.0,0.033402943370583194,5.387101712533308,4.302470383459787,strict_delta_max,1,cross_layer_handoff_executed
grid-treasure_round-robin_seed2,2,round-robin,grid-treasure,5,6,RL,3.037994776016133,4.373600007966161,-0.13,-0.13,0.5,0.0,0.0,0.0,4.302470383459787,1.264475607443654,strict_delta_max,2,cross_layer_handoff_executed
grid-treasure_greedy-improvement_seed0,0,greedy-improvement,grid-treasure,0,0,GA,3.2127778257737645,2.1508000791072845,0.025000000000000022,0.025000000000000022,0.5,0.0,0.8931030542994856,0.05487385891284679,16.0,12.787222174226235,strict_delta_max,1,cross_layer_handoff_executed
grid-treasure_greedy-improvement_seed0,0,greedy-improvement,grid-treasure,0,1,GA,3.5221199679911415,1.774099888280034,0.025000000000000022,0.025000000000000022,0.5,0.0,0.8716202985283468,0.045234247938315195,12.787222174226235,9.265102206235094,strict_delta_max,1,cross_layer_handoff_executed
grid-treasure_greedy-improvement_seed0,0,greedy-improvement,grid-treasure,0,2,GA,1.2791422413487052,1.6839000163599849,0.025000000000000022,0.025000000000000022,0.5,0.0,0.869587833327935,0.1378859041269557,9.265102206235094,7.985959964886389,strict_delta_max,1,cross_layer_handoff_executed
grid-treasure_greedy-improvement_seed0,0,greedy-improvement,grid-treasure,0,3,GA,1.6179289395620384,1.5931000234559178,0.025000000000000022,0.025000000000000022,0.5,0.0,0.8056684933570712,0.07892583339735855,7.985959964886389,6.368031025324351,strict_delta_max,1,cross_layer_handoff_executed
grid-treasure_greedy-improvement_seed0,0,greedy-improvement,grid-treasure,0,4,GA,1.7755865413627387,1.66680000256747,0.025000000000000022,0.025000000000000022,0.5,0.0,0.7328984474742877,0.089592336886136,6.368031025324351,4.5924444839616125,strict_delta_max,1,cross_layer_handoff_executed
grid-treasure_greedy-improvement_seed0,0,greedy-improvement,grid-treasure,0,5,GA,2.3445051467421636,1.6957999905571342,0.025000000000000022,0.025000000000000022,0.5,0.0,0.7328984474742877,0.056183197221847885,4.5924444839616125,2.247939337219449,strict_delta_max,1,cross_layer_handoff_executed
grid-treasure_greedy-improvement_seed0,0,greedy-improvement,grid-treasure,1,0,GA,1.9252254512473295,1.538699958473444,0.025000000000000022,0.025000000000000022,0.5,0.0,0.7328984474742877,0.0790403589044626,16.0,14.074774548752671,strict_delta_max,1,cross_layer_handoff_executed
grid-treasure_greedy-improvement_seed0,0,greedy-improvement,grid-treasure,1,1,GA,2.678739382026505,1.6110999276861548,0.025000000000000022,0.025000000000000022,0.5,0.0,0.7328984474742877,0.04745620969911341,14.074774548752671,11.396035166726167,strict_delta_max,1,cross_layer_handoff_executed
grid-treasure_greedy-improvement_seed0,0,greedy-improvement,grid-treasure,1,2,GA,2.9593102896109347,1.7307000234723091,0.025000000000000022,0.025000000000000022,0.5,0.0,0.7328984474742877,0.04750347811785558,11.396035166726167,8.436724877115232,strict_delta_max,1,cross_layer_handoff_executed
grid-treasure_greedy-improvement_seed0,0,greedy-improvement,grid-treasure,1,3,GA,2.1347197790668404,1.5038000419735909,0.010000000000000009,0.010000000000000009,0.5,0.0,0.7328984474742877,0.05520162842354082,8.436724877115232,6.302005098048392,strict_delta_max,1,cross_layer_handoff_executed
grid-treasure_greedy-improvement_seed0,0,greedy-improvement,grid-treasure,1,4,GA,1.049789246947391,1.2744000414386392,0.030000000000000027,0.030000000000000027,0.5,0.004762860749944958,0.7591869014902193,0.14228817560248855,6.302005098048392,5.252215851101001,strict_delta_max,1,cross_layer_handoff_executed
grid-treasure_greedy-improvement_seed0,0,greedy-improvement,grid-treasure,1,5,GA,3.0276574243603855,1.6030000988394022,0.025000000000000022,0.025000000000000022,0.5,0.0,0.7591869014902193,0.04170702289049015,5.252215851101001,2.2245584267406153,strict_delta_max,1,cross_layer_handoff_executed
grid-treasure_greedy-improvement_seed0,0,greedy-improvement,grid-treasure,2,0,GA,1.1179103182693553,1.559399999678135,0.025000000000000022,0.025000000000000022,0.5,0.0,0.7591869014902193,0.10204583629120274,16.0,14.882089681730644,strict_delta_max,1,cross_layer_handoff_executed
grid-treasure_greedy-improvement_seed0,0,greedy-improvement,grid-treasure,2,1,GA,2.192762034067517,1.5800000401213765,0.025000000000000022,0.025000000000000022,0.5,0.0,0.7591869014902193,0.056769360117537866,14.882089681730644,12.689327647663127,strict_delta_max,1,cross_layer_handoff_executed
grid-treasure_greedy-improvement_seed0,0,greedy-improvement,grid-treasure,2,2,GA,3.094667851965138,1.4498000964522362,1.05,1.05,1.0,0.32959918440109565,0.7570074431952223,0.03556419766223814,12.689327647663127,9.59465979569799,strict_delta_max,1,cross_layer_handoff_executed
grid-treasure_greedy-improvement_seed0,0,greedy-improvement,grid-treasure,2,3,GA,3.020945986917645,1.498199999332428,1.05,1.05,1.0,0.0,0.7608444941799686,0.037933221308276754,9.59465979569799,6.573713808780344,strict_delta_max,1,cross_layer_handoff_executed
grid-treasure_greedy-improvement_seed0,0,greedy-improvement,grid-treasure,2,4,GA,2.845077307670694,1.652600010856986,0.015000000000000013,0.015000000000000013,0.5,0.0,0.7608444941799686,0.04751030362142755,6.573713808780344,3.7286365011096496,strict_delta_max,1,cross_layer_handoff_executed
grid-treasure_greedy-improvement_seed0,0,greedy-improvement,grid-treasure,3,0,GA,2.799132498155631,1.5688000712543726,0.025000000000000022,0.025000000000000022,0.5,0.0,0.7608444941799686,0.04446006794637743,16.0,13.20086750184437,strict_delta_max,1,cross_layer_handoff_executed
grid-treasure_greedy-improvement_seed0,0,greedy-improvement,grid-treasure,3,1,GA,2.4712209121490147,1.6875999281182885,0.025000000000000022,0.025000000000000022,0.5,0.0,0.7608444941799686,0.03410162373255324,13.20086750184437,10.729646589695355,strict_delta_max,1,cross_layer_handoff_executed
grid-treasure_greedy-improvement_seed0,0,greedy-improvement,grid-treasure,3,2,GA,1.0605357807469415,1.8714000470936298,-1.1,-1.1,0.0,0.0,0.7608444941799686,0.123399013236235,10.729646589695355,9.669110808948414,strict_delta_max,1,cross_layer_handoff_executed
grid-treasure_greedy-improvement_seed0,0,greedy-improvement,grid-treasure,3,3,GA,2.2268260078202924,1.7540999688208103,0.025000000000000022,0.025000000000000022,0.5,0.0,0.7608444941799686,0.05797913541671382,9.669110808948414,7.442284801128121,strict_delta_max,1,cross_layer_handoff_executed
grid-treasure_greedy-improvement_seed0,0,greedy-improvement,grid-treasure,3,4,GA,3.0461532197980365,1.5674999449402094,0.025000000000000022,0.025000000000000022,0.5,0.0,0.7608444941799686,0.035868648634521376,7.442284801128121,4.396131581330085,strict_delta_max,1,cross_layer_handoff_executed
grid-treasure_greedy-improvement_seed0,0,greedy-improvement,grid-treasure,3,5,GA,3.268477095587089,1.6148999566212296,0.025000000000000022,0.025000000000000022,0.5,0.0,0.7608444941799686,0.04009410137483764,4.396131581330085,1.1276544857429958,strict_delta_max,1,cross_layer_handoff_executed
grid-treasure_greedy-improvement_seed0,0,greedy-improvement,grid-treasure,4,0,GA,2.6494565831989965,1.4941999688744545,0.025000000000000022,0.025000000000000022,0.5,0.0,0.7608444941799686,0.045609143748350074,16.0,13.350543416801003,strict_delta_max,1,cross_layer_handoff_executed
grid-treasure_greedy-improvement_seed0,0,greedy-improvement,grid-treasure,4,1,GA,1.2897492549940717,1.484300009906292,1.05,1.05,1.0,0.0,0.7392180644492159,0.0753202963357608,13.350543416801003,12.060794161806932,strict_delta_max,1,cross_layer_handoff_executed
grid-treasure_greedy-improvement_seed0,0,greedy-improvement,grid-treasure,4,2,GA,1.0432808565490914,1.6469000838696957,0.025000000000000022,0.025000000000000022,0.5,0.0,0.7392180644492159,0.0947781331412197,12.060794161806932,11.01751330525784,strict_delta_max,1,cross_layer_handoff_executed
grid-treasure_greedy-improvement_seed0,0,greedy-improvement,grid-treasure,4,3,GA,3.3018087684943405,1.3845000648871064,1.05,1.05,1.0,0.0,0.7238450462943306,0.033685645104575425,11.01751330525784,7.715704536763499,strict_delta_max,1,cross_layer_handoff_executed
grid-treasure_greedy-improvement_seed0,0,greedy-improvement,grid-treasure,4,4,GA,3.98056434733576,1.5468000201508403,1.045,1.045,1.0,0.0,0.7135837298066932,0.024773201697359616,7.715704536763499,3.735140189427739,strict_delta_max,1,cross_layer_handoff_executed
grid-treasure_greedy-improvement_seed0,0,greedy-improvement,grid-treasure,5,0,GA,3.3375839332854076,1.4319999609142542,0.025000000000000022,0.025000000000000022,0.5,0.0,0.7135837298066932,0.030991160670951135,16.0,12.662416066714592,strict_delta_max,1,cross_layer_handoff_executed
grid-treasure_greedy-improvement_seed0,0,greedy-improvement,grid-treasure,5,1,GA,2.074530555964414,1.532800029963255,1.05,1.05,1.0,0.0,0.680175488513555,0.04669596304967269,12.662416066714592,10.587885510750178,strict_delta_max,1,cross_layer_handoff_executed
grid-treasure_greedy-improvement_seed0,0,greedy-improvement,grid-treasure,5,2,GA,2.8421108971552878,1.927900011651218,-1.08,-1.08,0.0,0.0,0.680175488513555,0.033913787787430386,10.587885510750178,7.74577461359489,strict_delta_max,1,cross_layer_handoff_executed
grid-treasure_greedy-improvement_seed0,0,greedy-improvement,grid-treasure,5,3,GA,1.1969168090071092,1.5425999881699681,1.05,1.05,1.0,0.0,0.6398798386643947,0.07343572969378281,7.74577461359489,6.548857804587781,strict_delta_max,1,cross_layer_handoff_executed
grid-treasure_greedy-improvement_seed0,0,greedy-improvement,grid-treasure,5,4,GA,1.271419343909364,1.5568999806419015,1.05,1.05,1.0,0.0,0.5796563197999883,0.06495571837744052,6.548857804587781,5.277438460678417,strict_delta_max,1,cross_layer_handoff_executed
grid-treasure_greedy-improvement_seed0,0,greedy-improvement,grid-treasure,5,5,GA,1.7927451215278905,2.951200003735721,-1.195,-1.195,0.0,0.0,0.5796563197999883,0.06273627744847245,5.277438460678417,3.484693339150527,strict_delta_max,1,cross_layer_handoff_executed
grid-treasure_greedy-improvement_seed1,1,greedy-improvement,grid-treasure,0,0,GA,1.824988789829238,2.357100020162761,-1.05,-1.05,0.0,0.0,0.8643655984494946,0.08235453439285725,16.0,14.175011210170762,strict_delta_max,1,cross_layer_handoff_executed
grid-treasure_greedy-improvement_seed1,1,greedy-improvement,grid-treasure,0,1,GA,2.157453571044023,1.9685999723151326,0.010000000000000009,0.010000000000000009,0.5,0.0,0.8386960735132042,0.061908755814642565,14.175011210170762,12.01755763912674,strict_delta_max,1,cross_layer_handoff_executed
grid-treasure_greedy-improvement_seed1,1,greedy-improvement,grid-treasure,0,2,GA,1.5853477314847222,1.6185001004487276,0.0,0.0,0.5,0.0,0.7996318624163499,0.0977247096616392,12.01755763912674,10.432209907642017,strict_delta_max,1,cross_layer_handoff_executed
grid-treasure_greedy-improvement_seed1,1,greedy-improvement,grid-treasure,0,3,GA,2.27420097886176,1.7674999544396996,0.0,0.0,0.5,0.0,0.7677885932144511,0.0616445043036751,10.432209907642017,8.158008928780257,strict_delta_max,1,cross_layer_handoff_executed
grid-treasure_greedy-improvement_seed1,1,greedy-improvement,grid-treasure,0,4,GA,1.2992741399651955,2.0478999940678477,0.010000000000000009,0.010000000000000009,0.5,0.0,0.771574976407978,0.13795365850866434,8.158008928780257,6.858734788815061,strict_delta_max,1,cross_layer_handoff_executed
grid-treasure_greedy-improvement_seed1,1,greedy-improvement,grid-treasure,0,5,GA,2.5011147310219464,1.536599942483008,0.0,0.0,0.5,0.0,0.7448022248096569,0.06872653817606263,6.858734788815061,4.357620057793115,strict_delta_max,1,cross_layer_handoff_executed
grid-treasure_greedy-improvement_seed1,1,greedy-improvement,grid-treasure,0,6,GA,1.0622897383164795,2.131699933670461,0.010000000000000009,0.010000000000000009,0.5,0.0,0.6966165814672267,0.1215856758608736,4.357620057793115,3.2953303194766352,strict_delta_max,1,cross_layer_handoff_executed
grid-treasure_greedy-improvement_seed1,1,greedy-improvement,grid-treasure,1,0,GA,3.5000334455194375,2.0332999993115664,0.010000000000000009,0.010000000000000009,0.5,0.0,0.6769834678629403,0.04284588773717419,16.0,12.499966554480562,strict_delta_max,1,cross_layer_handoff_executed
grid-treasure_greedy-improvement_seed1,1,greedy-improvement,grid-treasure,1,1,GA,1.8746535038726546,2.0525000290945172,0.0,0.0,0.5,0.0,0.6769834678629403,0.0774446404747527,12.499966554480562,10.625313050607907,strict_delta_max,1,cross_layer_handoff_executed
grid-treasure_greedy-improvement_seed1,1,greedy-improvement,grid-treasure,1,2,GA,2.4106716758292404,2.5077000027522445,0.010000000000000009,0.010000000000000009,0.5,0.0,0.6515480846478969,0.059966086230489136,10.625313050607907,8.214641374778667,strict_delta_max,1,cross_layer_handoff_executed
grid-treasure_greedy-improvement_seed1,1,greedy-improvement,grid-treasure,1,3,GA,3.91367453433013,2.1083999890834093,0.010000000000000009,0.010000000000000009,0.5,0.0,0.6296077587395043,0.028934987054915533,8.214641374778667,4.300966840448537,strict_delta_max,1,cross_layer_handoff_executed
grid-treasure_greedy-improvement_seed1,1,greedy-improvement,grid-treasure,1,4,GA,2.8547718829211686,1.95870001334697,-1.02,-1.02,0.0,0.0,0.6296077587395043,0.038291533538040094,4.300966840448537,1.4461949575273687,strict_delta_max,1,cross_layer_handoff_executed
grid-treasure_greedy-improvement_seed1,1,greedy-improvement,grid-treasure,2,0,GA,3.3624148768577857,1.514800009317696,0.0,0.0,0.5,0.0,0.6296077587395043,0.029071680901047173,16.0,12.637585123142214,strict_delta_max,1,cross_layer_handoff_executed
grid-treasure_greedy-improvement_seed1,1,greedy-improvement,grid-treasure,2,1,GA,3.922188758492613,1.9432000117376447,0.010000000000000009,0.010000000000000009,0.5,0.0,0.6204291842344423,0.035016781361354,12.637585123142214,8.715396364649601,strict_delta_max,1,cross_layer_handoff_executed
grid-treasure_greedy-improvement_seed1,1,greedy-improvement,grid-treasure,2,2,GA,2.6897626217203654,2.0976000232622027,0.010000000000000009,0.010000000000000009,0.5,0.0,0.6204291842344423,0.03542986205404338,8.715396364649601,6.0256337429292355,strict_delta_max,1,cross_layer_handoff_executed
grid-treasure_greedy-improvement_seed1,1,greedy-improvement,grid-treasure,2,3,GA,1.3603771893577763,1.9554999889805913,0.010000000000000009,0.010000000000000009,0.5,0.0,0.6204291842344423,0.09892984874071149,6.0256337429292355,4.665256553571459,strict_delta_max,1,cross_layer_handoff_executed
grid-treasure_greedy-improvement_seed1,1,greedy-improvement,grid-treasure,2,4,GA,2.8238474377882063,1.4977999962866306,0.0,0.0,0.5,0.0,0.6204291842344423,0.06447752648678634,4.665256553571459,1.8414091157832528,strict_delta_max,1,cross_layer_handoff_executed
grid-treasure_greedy-improvement_seed1,1,greedy-improvement,grid-treasure,3,0,GA,2.410179956330361,1.9299000268802047,0.010000000000000009,0.010000000000000009,0.5,0.0,0.6204291842344423,0.05913914336512478,16.0,13.58982004366964,strict_delta_max,1,cross_layer_handoff_executed
grid-treasure_greedy-improvement_seed1,1,greedy-improvement,grid-treasure,3,1,GA,2.212682807783297,2.161300042644143,0.010000000000000009,0.010000000000000009,0.5,0.0,0.6204291842344423,0.049149388265564024,13.58982004366964,11.377137235886343,strict_delta_max,1,cross_layer_handoff_executed
grid-treasure_greedy-improvement_seed1,1,greedy-improvement,grid-treasure,3,2,GA,3.4772050016394647,1.6902999486774206,0.0,0.0,0.5,0.0,0.6204291842344423,0.03446953778363974,11.377137235886343,7.899932234246878,strict_delta_max,1,cross_layer_handoff_executed
grid-treasure_greedy-improvement_seed1,1,greedy-improvement,grid-treasure,3,3,GA,1.4550638152758775,1.9983999663963914,0.010000000000000009,0.010000000000000009,0.5,0.0,0.6204291842344423,0.08332812224665034,7.899932234246878,6.444868418971,strict_delta_max,1,cross_layer_handoff_executed
grid-treasure_greedy-improvement_seed1,1,greedy-improvement,grid-treasure,3,4,GA,1.6927069794322795,1.7234999686479568,0.0,0.0,0.5,0.0,0.6204291842344423,0.07685250515187535,6.444868418971,4.75216143953872,strict_delta_max,1,cross_layer_handoff_executed
grid-treasure_greedy-improvement_seed1,1,greedy-improvement,grid-treasure,3,5,GA,2.7921987965269914,2.1208999678492546,0.010000000000000009,0.010000000000000009,0.5,0.0,0.6204291842344423,0.03440365428503654,4.75216143953872,1.9599626430117287,strict_delta_max,1,cross_layer_handoff_executed
grid-treasure_greedy-improvement_seed1,1,greedy-improvement,grid-treasure,4,0,GA,3.12394551347376,2.886800095438957,0.010000000000000009,0.010000000000000009,0.5,0.0,0.6204291842344423,0.039961353861807554,16.0,12.87605448652624,strict_delta_max,1,cross_layer_handoff_executed
grid-treasure_greedy-improvement_seed1,1,greedy-improvement,grid-treasure,4,1,GA,2.895094997341174,2.3649000795558095,0.010000000000000009,0.010000000000000009,0.5,0.0,0.6204291842344423,0.03530112285950518,12.87605448652624,9.980959489185066,strict_delta_max,1,cross_layer_handoff_executed
grid-treasure_greedy-improvement_seed1,1,greedy-improvement,grid-treasure,4,2,GA,3.641842756726703,2.152899978682399,0.010000000000000009,0.010000000000000009,0.5,0.0,0.6204291842344423,0.027135717681587044,9.980959489185066,6.339116732458363,strict_delta_max,1,cross_layer_handoff_executed
grid-treasure_greedy-improvement_seed1,1,greedy-improvement,grid-treasure,4,3,GA,1.665525568709917,1.9386999774724245,0.010000000000000009,0.010000000000000009,0.5,0.0,0.6204291842344423,0.06402643140856198,6.339116732458363,4.673591163748446,strict_delta_max,1,cross_layer_handoff_executed
grid-treasure_greedy-improvement_seed1,1,greedy-improvement,grid-treasure,4,4,GA,2.529567284521296,1.6403000336140394,-1.03,-1.03,0.0,0.0,0.6204291842344423,0.04154984094672821,4.673591163748446,2.14402387922715,strict_delta_max,1,cross_layer_handoff_executed
grid-treasure_greedy-improvement_seed1,1,greedy-improvement,grid-treasure,5,0,GA,2.970130057222815,1.7911999020725489,0.010000000000000009,0.010000000000000009,0.5,0.0,0.6204291842344423,0.03142141228436051,16.0,13.029869942777186,strict_delta_max,1,cross_layer_handoff_executed
grid-treasure_greedy-improvement_seed1,1,greedy-improvement,grid-treasure,5,1,GA,1.533604682689079,1.9934999290853739,0.010000000000000009,0.010000000000000009,0.5,0.0,0.6204291842344423,0.061966699632498054,13.029869942777186,11.496265260088107,strict_delta_max,1,cross_layer_handoff_executed
grid-treasure_greedy-improvement_seed1,1,greedy-improvement,grid-treasure,5,2,GA,2.661094459647861,2.045900095254183,0.010000000000000009,0.010000000000000009,0.5,0.0,0.6204291842344423,0.03504814312876186,11.496265260088107,8.835170800440245,strict_delta_max,1,cross_layer_handoff_executed
grid-treasure_greedy-improvement_seed1,1,greedy-improvement,grid-treasure,5,3,GA,2.4352134438174864,1.8965000053867698,0.010000000000000009,0.010000000000000009,0.5,0.0,0.6204291842344423,0.03649197691477858,8.835170800440245,6.3999573566227586,strict_delta_max,1,cross_layer_handoff_executed
grid-treasure_greedy-improvement_seed1,1,greedy-improvement,grid-treasure,5,4,GA,1.926658935882183,1.545200007967651,0.0,0.0,0.5,0.0,0.6204291842344423,0.04767752497000055,6.3999573566227586,4.4732984207405755,strict_delta_max,1,cross_layer_handoff_executed
grid-treasure_greedy-improvement_seed1,1,greedy-improvement,grid-treasure,5,5,GA,1.9412481572220335,2.0701000466942787,-1.06,-1.06,0.0,0.0,0.6204291842344423,0.05976543276065173,4.4732984207405755,2.532050263518542,strict_delta_max,1,cross_layer_handoff_executed
grid-treasure_greedy-improvement_seed2,2,greedy-improvement,grid-treasure,0,0,GA,3.9053653955254966,3.6566000198945403,-0.6500000000000001,-0.6500000000000001,0.0,0.0,0.8718432739321208,0.04391968426834987,16.0,12.094634604474503,strict_delta_max,1,cross_layer_handoff_executed
grid-treasure_greedy-improvement_seed2,2,greedy-improvement,grid-treasure,0,1,GA,1.4956316206822053,2.218100009486079,-0.09499999999999997,-0.09499999999999997,0.5,0.0,0.8476131485123842,0.08404952550697707,12.094634604474503,10.599002983792298,strict_delta_max,1,cross_layer_handoff_executed
grid-treasure_greedy-improvement_seed2,2,greedy-improvement,grid-treasure,0,2,GA,3.2343446338780675,2.8911998961120844,-0.13,-0.13,0.5,0.0,0.8050254321672382,0.03514867677963218,10.599002983792298,7.36465834991423,strict_delta_max,1,cross_layer_handoff_executed
grid-treasure_greedy-improvement_seed2,2,greedy-improvement,grid-treasure,0,3,GA,1.433185864447942,2.218600013293326,-1.105,-1.105,0.0,0.0,0.8050254321672382,0.09598534478124351,7.36465834991423,5.931472485466289,strict_delta_max,1,cross_layer_handoff_executed
grid-treasure_greedy-improvement_seed2,2,greedy-improvement,grid-treasure,0,4,GA,3.058286705164339,2.251700032502413,-0.09499999999999997,-0.09499999999999997,0.5,0.0,0.7564481121746757,0.04200950245614174,5.931472485466289,2.8731857803019496,strict_delta_max,1,cross_layer_handoff_executed
grid-treasure_greedy-improvement_seed2,2,greedy-improvement,grid-treasure,1,0,GA,3.694327291023837,2.088499953970313,-0.06999999999999995,-0.06999999999999995,0.5,0.006767131883724244,0.7374918716881371,0.03776104833488673,16.0,12.305672708976163,strict_delta_max,1,cross_layer_handoff_executed
grid-treasure_greedy-improvement_seed2,2,greedy-improvement,grid-treasure,1,1,GA,2.639303433725926,2.181299962103367,-0.09499999999999997,-0.09499999999999997,0.5,0.0,0.6968178089568409,0.04719582484185867,12.305672708976163,9.666369275250236,strict_delta_max,1,cross_layer_handoff_executed
grid-treasure_greedy-improvement_seed2,2,greedy-improvement,grid-treasure,1,2,GA,3.886921007373951,2.28749995585531,-0.08499999999999996,-0.08499999999999996,0.5,0.0,0.6581393137793173,0.03314847951266317,9.666369275250236,5.779448267876285,strict_delta_max,1,cross_layer_handoff_executed
grid-treasure_greedy-improvement_seed2,2,greedy-improvement,grid-treasure,1,3,GA,1.4467484594268698,2.0188000053167343,-0.06999999999999995,-0.06999999999999995,0.5,0.0,0.6297610817126345,0.0871967013773655,5.779448267876285,4.332699808449416,strict_delta_max,1,cross_layer_handoff_executed
grid-treasure_greedy-improvement_seed2,2,greedy-improvement,grid-treasure,1,4,GA,3.554418391917593,2.4134999839589,-0.10999999999999999,-0.10999999999999999,0.5,0.0,0.5833263704528967,0.033636794896372856,4.332699808449416,0.7782814165318226,strict_delta_max,1,cross_layer_handoff_executed
grid-treasure_greedy-improvement_seed2,2,greedy-improvement,grid-treasure,2,0,GA,1.4878687279934035,2.09650001488626,-0.09499999999999997,-0.09499999999999997,0.5,0.0,0.5853730908370977,0.0780909097586351,16.0,14.512131272006597,strict_delta_max,1,cross_layer_handoff_executed
grid-treasure_greedy-improvement_seed2,2,greedy-improvement,grid-treasure,2,1,GA,3.5604558170223997,2.4490999057888985,-0.10999999999999999,-0.10999999999999999,0.5,0.0,0.5853730908370977,0.02996502102158816,14.512131272006597,10.951675454984198,strict_delta_max,1,cross_layer_handoff_executed
grid-treasure_greedy-improvement_seed2,2,greedy-improvement,grid-treasure,2,2,GA,1.0003974757857894,2.1467000478878617,-0.09499999999999997,-0.09499999999999997,0.5,0.0,0.5803527357158597,0.11533711990073174,10.951675454984198,9.951277979198409,strict_delta_max,1,cross_layer_handoff_executed
grid-treasure_greedy-improvement_seed2,2,greedy-improvement,grid-treasure,2,3,GA,2.626071423372124,1.9452000269666314,-0.06999999999999995,-0.06999999999999995,0.5,0.0,0.56419455217573,0.052200138804218706,9.951277979198409,7.325206555826284,strict_delta_max,1,cross_layer_handoff_executed
grid-treasure_greedy-improvement_seed2,2,greedy-improvement,grid-treasure,2,4,GA,2.3375325352233784,2.8729999903589487,-0.13,-0.13,0.5,0.0,0.56419455217573,0.050457712042451634,7.325206555826284,4.987674020602906,strict_delta_max,1,cross_layer_handoff_executed
grid-treasure_greedy-improvement_seed2,2,greedy-improvement,grid-treasure,2,5,GA,2.6545449193943087,1.8663000082597136,-0.06999999999999995,-0.06999999999999995,0.5,0.0,0.5859298814884426,0.049961563664153365,4.987674020602906,2.3331291012085975,strict_delta_max,1,cross_layer_handoff_executed
grid-treasure_greedy-improvement_seed2,2,greedy-improvement,grid-treasure,3,0,GA,3.9540036376497714,1.6829000087454915,-1.12,-1.12,0.0,0.0,0.5859298814884426,0.027144559789037095,16.0,12.045996362350229,strict_delta_max,1,cross_layer_handoff_executed
grid-treasure_greedy-improvement_seed2,2,greedy-improvement,grid-treasure,3,1,GA,1.1472145570708139,1.8804999999701977,-0.06999999999999995,-0.06999999999999995,0.5,0.0,0.6102112795186397,0.11605187106191092,12.045996362350229,10.898781805279414,strict_delta_max,1,cross_layer_handoff_executed
grid-treasure_greedy-improvement_seed2,2,greedy-improvement,grid-treasure,3,2,GA,3.9356003594585838,3.1733999494463205,-1.21,-1.21,0.0,0.0,0.6102112795186397,0.03453714590805337,10.898781805279414,6.9631814458208305,strict_delta_max,1,cross_layer_handoff_executed
grid-treasure_greedy-improvement_seed2,2,greedy-improvement,grid-treasure,3,3,GA,1.5928629010609505,2.471999963745475,-0.10999999999999999,-0.10999999999999999,0.5,0.0,0.6102112795186397,0.07605449597069622,6.9631814458208305,5.37031854475988,strict_delta_max,1,cross_layer_handoff_executed
grid-treasure_greedy-improvement_seed2,2,greedy-improvement,grid-treasure,3,4,GA,3.541341656708042,2.079600002616644,-0.09499999999999997,-0.09499999999999997,0.5,0.0,0.6102112795186397,0.029418107987846758,5.37031854475988,1.8289768880518382,strict_delta_max,1,cross_layer_handoff_executed
grid-treasure_greedy-improvement_seed2,2,greedy-improvement,grid-treasure,4,0,GA,1.0516114501735605,2.41650000680238,-0.10999999999999999,-0.10999999999999999,0.5,0.0,0.6102112795186397,0.0931021314125912,16.0,14.94838854982644,strict_delta_max,1,cross_layer_handoff_executed
grid-treasure_greedy-improvement_seed2,2,greedy-improvement,grid-treasure,4,1,GA,1.9321236620724744,2.1838999819010496,-0.09499999999999997,-0.09499999999999997,0.5,0.0,0.6102112795186397,0.06958798889026244,14.94838854982644,13.016264887753966,strict_delta_max,1,cross_layer_handoff_executed
grid-treasure_greedy-improvement_seed2,2,greedy-improvement,grid-treasure,4,2,GA,3.739850374267561,1.9072999712079763,-0.06999999999999995,-0.06999999999999995,0.5,0.0,0.5704602606069714,0.03491914964585788,13.016264887753966,9.276414513486404,strict_delta_max,1,cross_layer_handoff_executed
grid-treasure_greedy-improvement_seed2,2,greedy-improvement,grid-treasure,4,3,GA,2.8770210087316967,2.2625999990850687,-0.09499999999999997,-0.09499999999999997,0.5,0.0,0.5704602606069714,0.03108603083723169,9.276414513486404,6.399393504754707,strict_delta_max,1,cross_layer_handoff_executed
grid-treasure_greedy-improvement_seed2,2,greedy-improvement,grid-treasure,4,4,GA,1.915911428095249,2.3551000049337745,-0.09499999999999997,-0.09499999999999997,0.5,0.0,0.5704602606069714,0.05187373359575193,6.399393504754707,4.483482076659458,strict_delta_max,1,cross_layer_handoff_executed
grid-treasure_greedy-improvement_seed2,2,greedy-improvement,grid-treasure,4,5,GA,1.4787064094038416,1.9373999675735831,-0.06999999999999995,-0.06999999999999995,0.5,0.0,0.5374138894595469,0.09690610256553019,4.483482076659458,3.0047756672556165,strict_delta_max,1,cross_layer_handoff_executed
grid-treasure_greedy-improvement_seed2,2,greedy-improvement,grid-treasure,5,0,GA,2.579157018985171,2.6123999850824475,-1.135,-1.135,0.0,0.0,0.5374138894595469,0.048529095817541126,16.0,13.420842981014829,strict_delta_max,1,cross_layer_handoff_executed
grid-treasure_greedy-improvement_seed2,2,greedy-improvement,grid-treasure,5,1,GA,3.735157245210992,2.756499918177724,-0.13,-0.13,0.5,0.0,0.5374138894595469,0.03335542085147393,13.420842981014829,9.685685735803837,strict_delta_max,1,cross_layer_handoff_executed
grid-treasure_greedy-improvement_seed2,2,greedy-improvement,grid-treasure,5,2,GA,3.328180970132345,2.5421000318601727,-0.08499999999999996,-0.08499999999999996,0.5,0.0,0.5374138894595469,0.03109597018002063,9.685685735803837,6.357504765671492,strict_delta_max,1,cross_layer_handoff_executed
grid-treasure_greedy-improvement_seed2,2,greedy-improvement,grid-treasure,5,3,GA,3.0099464377671694,1.8841999117285013,-0.06999999999999995,-0.06999999999999995,0.5,0.0,0.5764225640641605,0.056915212136915506,6.357504765671492,3.3475583279043226,strict_delta_max,1,cross_layer_handoff_executed
resource-defense_DLGPR-full_seed0,0,DLGPR-full,resource-defense,0,0,GA,2.900117049606808,2.56309995893389,0.675128,0.675128,0.0,0.0,0.9088272647789373,0.05260290404668859,16.0,13.099882950393193,strict_delta_max,1,cross_layer_handoff_executed
resource-defense_DLGPR-full_seed0,0,DLGPR-full,resource-defense,0,1,PSO,1.5305249378732895,1.9736000103875995,0.10590799999999989,0.10590799999999989,0.0,0.0,0.0,0.10043349719174326,13.099882950393193,11.569358012519903,strict_delta_max,1,cross_layer_handoff_executed
resource-defense_DLGPR-full_seed0,0,DLGPR-full,resource-defense,0,2,RL,2.1785896675980054,4.0602999506518245,0.7029200000000002,0.7029200000000002,0.0,0.0006022244663662349,0.0,0.17213062449408242,11.569358012519903,9.390768344921897,strict_delta_max,2,cross_layer_handoff_executed
resource-defense_DLGPR-full_seed0,0,DLGPR-full,resource-defense,0,3,GA,2.857045352822311,2.3067001020535827,0.6965199999999998,0.6965199999999998,0.0,0.0,0.8406604725099949,0.04059936913562151,9.390768344921897,6.533722992099586,strict_delta_max,1,cross_layer_handoff_executed
resource-defense_DLGPR-full_seed0,0,DLGPR-full,resource-defense,0,4,GA,3.400313148130356,2.406400046311319,0.701608,0.701608,0.0,0.0,0.8190293695423023,0.04974043985351009,6.533722992099586,3.1334098439692295,strict_delta_max,1,cross_layer_handoff_executed
resource-defense_DLGPR-full_seed0,0,DLGPR-full,resource-defense,1,0,GA,1.470595010827022,2.2963000228628516,0.8315079999999999,0.8315079999999999,0.0,0.08743943713482705,0.7849621959632657,0.1005601436279026,16.0,14.529404989172978,strict_delta_max,1,cross_layer_handoff_executed
resource-defense_DLGPR-full_seed0,0,DLGPR-full,resource-defense,1,1,PSO,3.0626592419321805,2.3335000732913613,0.14504000000000006,0.14504000000000006,0.0,0.0,0.0,0.051149855164791626,14.529404989172978,11.466745747240797,strict_delta_max,1,cross_layer_handoff_executed
resource-defense_DLGPR-full_seed0,0,DLGPR-full,resource-defense,1,2,RL,4.0,4.060099949128926,0.6925540000000001,0.6925540000000001,0.0,0.0,0.0,0.0772095,11.466745747240797,7.466745747240797,strict_delta_max,2,cross_layer_handoff_executed
resource-defense_DLGPR-full_seed0,0,DLGPR-full,resource-defense,1,3,GA,1.6138563422045187,2.301699947565794,0.8006039999999999,0.8006039999999999,0.0,0.0,0.6620033825377011,0.09962028945990818,7.466745747240797,5.852889405036278,strict_delta_max,1,cross_layer_handoff_executed
resource-defense_DLGPR-full_seed0,0,DLGPR-full,resource-defense,1,4,GA,2.3809401093738236,2.398399985395372,-0.31915200000000016,-0.31915200000000016,0.0,0.0,0.6620033825377011,0.03399697762521813,5.852889405036278,3.471949295662454,strict_delta_max,1,cross_layer_handoff_executed
resource-defense_DLGPR-full_seed0,0,DLGPR-full,resource-defense,2,0,GA,3.3330085946408463,2.2839000448584557,0.8436999999999999,0.8436999999999999,0.0,0.003657956363990039,0.6285153298103789,0.05143152740456738,16.0,12.666991405359154,strict_delta_max,1,cross_layer_handoff_executed
resource-defense_DLGPR-full_seed0,0,DLGPR-full,resource-defense,2,1,PSO,1.9429972836890839,2.4000999983400106,0.8986719999999999,0.8986719999999999,0.0,0.02829237099890695,0.0,0.08325774165569169,12.666991405359154,10.72399412167007,strict_delta_max,1,cross_layer_handoff_executed
resource-defense_DLGPR-full_seed0,0,DLGPR-full,resource-defense,2,2,RL,2.221980493196196,4.027000046335161,0.775802,0.775802,0.0,0.0,0.0,0.0,10.72399412167007,8.502013628473875,strict_delta_max,2,cross_layer_handoff_executed
resource-defense_DLGPR-full_seed0,0,DLGPR-full,resource-defense,2,3,GA,1.964714807330951,2.1704999962821603,-0.19432000000000005,-0.19432000000000005,0.0,0.0,0.534442276858652,0.07572286047329717,8.502013628473875,6.537298821142924,strict_delta_max,1,cross_layer_handoff_executed
resource-defense_DLGPR-full_seed0,0,DLGPR-full,resource-defense,2,4,GA,1.7769677762353604,2.316600061021745,0.7661479999999998,0.7661479999999998,0.0,0.0,0.5167318778889997,0.06295563731374805,6.537298821142924,4.760331044907564,strict_delta_max,1,cross_layer_handoff_executed
resource-defense_DLGPR-full_seed0,0,DLGPR-full,resource-defense,2,5,GA,3.165878210664094,2.449600026011467,0.581992,0.581992,0.0,0.0,0.5167318778889997,0.04780889553483405,4.760331044907564,1.5944528342434698,strict_delta_max,1,cross_layer_handoff_executed
resource-defense_DLGPR-full_seed0,0,DLGPR-full,resource-defense,3,0,GA,2.405071464516763,2.3530999897047877,0.908496,0.908496,0.0,0.004084701908005022,0.5346155620935763,0.07060887150344394,16.0,13.594928535483238,strict_delta_max,1,cross_layer_handoff_executed
resource-defense_DLGPR-full_seed0,0,DLGPR-full,resource-defense,3,1,PSO,1.1692211184235086,2.2003999911248684,0.747408,0.747408,0.0,0.0,0.0,0.09113028974125541,13.594928535483238,12.42570741705973,strict_delta_max,1,cross_layer_handoff_executed
resource-defense_DLGPR-full_seed0,0,DLGPR-full,resource-defense,3,2,RL,2.582185760087355,3.9899999974295497,0.7685999999999998,0.7685999999999998,0.0,0.0,0.0,0.0040903331446002405,12.42570741705973,9.843521656972374,strict_delta_max,2,cross_layer_handoff_executed
resource-defense_DLGPR-full_seed0,0,DLGPR-full,resource-defense,3,3,GA,2.541301584417199,2.2597999777644873,0.9255599999999997,0.9255599999999997,0.0,0.00671466940587969,0.5108297688706136,0.024629316907854647,9.843521656972374,7.302220072555175,strict_delta_max,1,cross_layer_handoff_executed
resource-defense_DLGPR-full_seed0,0,DLGPR-full,resource-defense,3,4,GA,1.2163605240408009,2.4130999809131026,0.843636,0.843636,0.0,0.0,0.5029431093442057,0.1052664296639654,7.302220072555175,6.0858595485143745,strict_delta_max,1,cross_layer_handoff_executed
resource-defense_DLGPR-full_seed0,0,DLGPR-full,resource-defense,3,5,GA,2.5231586876202625,2.3999999975785613,0.8457479999999999,0.8457479999999999,0.0,0.0,0.4864834770608764,0.061942939353870075,6.0858595485143745,3.562700860894112,strict_delta_max,1,cross_layer_handoff_executed
resource-defense_DLGPR-full_seed0,0,DLGPR-full,resource-defense,4,0,GA,1.1467979037316816,2.3752000415697694,0.84566,0.84566,0.0,0.0,0.49171109914987343,0.108554661502564,16.0,14.853202096268319,strict_delta_max,1,cross_layer_handoff_executed
resource-defense_DLGPR-full_seed0,0,DLGPR-full,resource-defense,4,1,PSO,1.5629471059713747,2.4123999755829573,0.861122,0.861122,0.0,0.0,0.0,0.07205614729349864,14.853202096268319,13.290254990296944,strict_delta_max,1,cross_layer_handoff_executed
resource-defense_DLGPR-full_seed0,0,DLGPR-full,resource-defense,4,2,RL,3.1907803210540227,4.085400025360286,0.8006039999999999,0.8006039999999999,0.0,0.0,0.0,0.03691197392150582,13.290254990296944,10.099474669242921,strict_delta_max,2,cross_layer_handoff_executed
resource-defense_DLGPR-full_seed0,0,DLGPR-full,resource-defense,4,3,GA,3.512748028320889,2.3247000062838197,0.705036,0.705036,0.0,0.0,0.485534719479015,0.04167497773874894,10.099474669242921,6.586726640922032,strict_delta_max,1,cross_layer_handoff_executed
resource-defense_DLGPR-full_seed0,0,DLGPR-full,resource-defense,4,4,GA,3.0746647381403642,2.346599940210581,0.903808,0.903808,0.0,0.0,0.49255533504433596,0.02601457903707368,6.586726640922032,3.512061902781668,strict_delta_max,1,cross_layer_handoff_executed
resource-defense_DLGPR-full_seed0,0,DLGPR-full,resource-defense,5,0,GA,2.26459007842004,2.0978000247851014,0.042079999999999895,0.042079999999999895,0.0,0.0,0.49255533504433596,0.04818615641546384,16.0,13.73540992157996,strict_delta_max,1,cross_layer_handoff_executed
resource-defense_DLGPR-full_seed0,0,DLGPR-full,resource-defense,5,1,PSO,2.135309695073062,2.3047999711707234,0.7413919999999998,0.7413919999999998,0.0,0.0,0.0,0.08282328353716646,13.73540992157996,11.600100226506898,strict_delta_max,1,cross_layer_handoff_executed
resource-defense_DLGPR-full_seed0,0,DLGPR-full,resource-defense,5,2,RL,2.3108456068915832,4.087300039827824,0.8165,0.8165,0.0,0.0,0.0,0.0573599549899392,11.600100226506898,9.289254619615315,strict_delta_max,2,cross_layer_handoff_executed
resource-defense_DLGPR-full_seed0,0,DLGPR-full,resource-defense,5,3,GA,1.5501910257548546,2.297899918630719,0.5230539999999998,0.5230539999999998,0.0,0.0,0.4899372431480068,0.07574141222269484,9.289254619615315,7.739063593860461,strict_delta_max,1,cross_layer_handoff_executed
resource-defense_DLGPR-full_seed0,0,DLGPR-full,resource-defense,5,4,GA,1.4069705316734473,2.32920004054904,0.8993199999999999,0.8993199999999999,0.0,0.0,0.49806032291089525,0.0774242767222912,7.739063593860461,6.332093062187013,strict_delta_max,1,cross_layer_handoff_executed
resource-defense_DLGPR-full_seed0,0,DLGPR-full,resource-defense,5,5,GA,3.1277580059086176,2.271300065331161,0.09648800000000002,0.09648800000000002,0.0,0.0,0.49806032291089525,0.03309985485998668,6.332093062187013,3.2043350562783957,strict_delta_max,1,cross_layer_handoff_executed
resource-defense_DLGPR-full_seed1,1,DLGPR-full,resource-defense,0,0,GA,1.9020835094768749,2.633300027810037,0.7475840000000001,0.7475840000000001,0.0,0.0,0.9187276469971314,0.10320116966747558,16.0,14.097916490523126,strict_delta_max,1,cross_layer_handoff_executed
resource-defense_DLGPR-full_seed1,1,DLGPR-full,resource-defense,0,1,PSO,1.753787846213536,2.198199974372983,0.7298560000000001,0.7298560000000001,0.0,0.0,0.0,0.07933765931040297,14.097916490523126,12.34412864430959,strict_delta_max,1,cross_layer_handoff_executed
resource-defense_DLGPR-full_seed1,1,DLGPR-full,resource-defense,0,2,RL,4.0,4.101300030015409,0.9027639999999999,0.9027639999999999,0.0,0.012604000000000004,0.0,0.0,12.34412864430959,8.34412864430959,strict_delta_max,2,cross_layer_handoff_executed
resource-defense_DLGPR-full_seed1,1,DLGPR-full,resource-defense,0,3,GA,3.4809483824350433,2.2025000071153045,0.854968,0.854968,0.0,0.0,0.8325725896037208,0.02900098157656912,8.34412864430959,4.863180261874547,strict_delta_max,1,cross_layer_handoff_executed
resource-defense_DLGPR-full_seed1,1,DLGPR-full,resource-defense,0,4,GA,2.8712549085496537,2.4017998948693275,0.6304719999999999,0.6304719999999999,0.0,0.0,0.7847072863218921,0.04197955335833807,4.863180261874547,1.991925353324893,strict_delta_max,1,cross_layer_handoff_executed
resource-defense_DLGPR-full_seed1,1,DLGPR-full,resource-defense,1,0,GA,1.8746535038726546,2.2607999853789806,0.8882079999999999,0.8882079999999999,0.0,0.0,0.7852799130792669,0.0580519545616368,16.0,14.125346496127346,strict_delta_max,1,cross_layer_handoff_executed
resource-defense_DLGPR-full_seed1,1,DLGPR-full,resource-defense,1,1,PSO,1.321118183975954,2.3236999986693263,0.8997119999999998,0.8997119999999998,0.0,0.0,0.0,0.0662290547713492,14.125346496127346,12.804228312151391,strict_delta_max,1,cross_layer_handoff_executed
resource-defense_DLGPR-full_seed1,1,DLGPR-full,resource-defense,1,2,RL,1.9367624385175606,3.9915000088512897,0.9185639999999999,0.9185639999999999,0.0,0.00815794425055749,0.0,0.660252375081574,12.804228312151391,10.867465873633831,strict_delta_max,2,cross_layer_handoff_executed
resource-defense_DLGPR-full_seed1,1,DLGPR-full,resource-defense,1,3,GA,1.491506943602961,2.3227999918162823,0.854968,0.854968,0.0,0.0,0.6947288717252776,0.09117549584587173,10.867465873633831,9.37595893003087,strict_delta_max,1,cross_layer_handoff_executed
resource-defense_DLGPR-full_seed1,1,DLGPR-full,resource-defense,1,4,GA,2.2091268886942395,2.3921000538393855,0.9066759999999999,0.9066759999999999,0.0,0.0,0.6613673932745461,0.041209064887824,9.37595893003087,7.166832041336631,strict_delta_max,1,cross_layer_handoff_executed
resource-defense_DLGPR-full_seed1,1,DLGPR-full,resource-defense,1,5,GA,2.077341025241487,2.3273000260815024,0.919424,0.919424,0.0,0.00041399076490106364,0.6570008337212727,0.035649749680758826,7.166832041336631,5.0894910160951445,strict_delta_max,1,cross_layer_handoff_executed
resource-defense_DLGPR-full_seed1,1,DLGPR-full,resource-defense,1,6,GA,1.5755260788949852,2.423599944449961,0.3373520000000001,0.3373520000000001,0.0,0.0,0.6570008337212727,0.05092743333960282,5.0894910160951445,3.5139649372001593,strict_delta_max,1,cross_layer_handoff_executed
resource-defense_DLGPR-full_seed1,1,DLGPR-full,resource-defense,2,0,GA,1.9730152217768855,2.3016000632196665,0.8368879999999999,0.8368879999999999,0.0,0.0,0.6570008337212727,0.038528465492011416,16.0,14.026984778223115,strict_delta_max,1,cross_layer_handoff_executed
resource-defense_DLGPR-full_seed1,1,DLGPR-full,resource-defense,2,1,PSO,2.7026654982556253,2.5045000948011875,0.8945679999999999,0.8945679999999999,0.0,0.0,0.0,0.007451851851103323,14.026984778223115,11.32431927996749,strict_delta_max,1,cross_layer_handoff_executed
resource-defense_DLGPR-full_seed1,1,DLGPR-full,resource-defense,2,2,RL,3.303218706198793,3.958699991926551,0.920924,0.920924,0.0,0.0004541025385891216,0.0,0.0,11.32431927996749,8.021100573768697,strict_delta_max,2,cross_layer_handoff_executed
resource-defense_DLGPR-full_seed1,1,DLGPR-full,resource-defense,2,3,GA,1.385242907831031,2.163599943742156,0.8429039999999999,0.8429039999999999,0.0,0.0,0.6242247451778583,0.075130361824654,8.021100573768697,6.635857665937666,strict_delta_max,1,cross_layer_handoff_executed
resource-defense_DLGPR-full_seed1,1,DLGPR-full,resource-defense,2,4,GA,1.4550638152758775,2.3041999666020274,0.889848,0.889848,0.0,0.0,0.6179985180522445,0.04658529779710167,6.635857665937666,5.180793850661788,strict_delta_max,1,cross_layer_handoff_executed
resource-defense_DLGPR-full_seed1,1,DLGPR-full,resource-defense,2,5,GA,1.0727472364540003,2.515600062906742,0.8762319999999999,0.8762319999999999,0.0,0.0,0.6179985180522445,0.07199623303261146,5.180793850661788,4.108046614207788,strict_delta_max,1,cross_layer_handoff_executed
resource-defense_DLGPR-full_seed1,1,DLGPR-full,resource-defense,2,6,GA,2.2572854887870513,2.346599940210581,0.7310319999999998,0.7310319999999998,0.0,0.0,0.6179985180522445,0.03170707768228049,4.108046614207788,1.8507611254207363,strict_delta_max,1,cross_layer_handoff_executed
resource-defense_DLGPR-full_seed1,1,DLGPR-full,resource-defense,3,0,GA,1.1558135288120392,2.284600050188601,0.854968,0.854968,0.0,0.0,0.6179985180522445,0.09672059553520854,16.0,14.84418647118796,strict_delta_max,1,cross_layer_handoff_executed
resource-defense_DLGPR-full_seed1,1,DLGPR-full,resource-defense,3,1,PSO,3.5211376047252463,2.294300007633865,0.41209600000000013,0.41209600000000013,0.0,0.0,0.0,0.024003595563049877,14.84418647118796,11.323048866462713,strict_delta_max,1,cross_layer_handoff_executed
resource-defense_DLGPR-full_seed1,1,DLGPR-full,resource-defense,3,2,RL,4.0,4.051299998536706,0.92994,0.92994,0.0,0.002254000000000006,0.0,0.0,11.323048866462713,7.323048866462713,strict_delta_max,2,cross_layer_handoff_executed
resource-defense_DLGPR-full_seed1,1,DLGPR-full,resource-defense,3,3,GA,3.946310553889452,2.3505999706685543,0.8613279999999999,0.8613279999999999,0.0,0.0,0.5888055628675312,0.01905358668432009,7.323048866462713,3.376738312573261,strict_delta_max,1,cross_layer_handoff_executed
resource-defense_DLGPR-full_seed1,1,DLGPR-full,resource-defense,4,0,GA,2.90639049427826,2.8536999598145485,0.8613279999999999,0.8613279999999999,0.0,0.0,0.5888055628675312,0.025080836921743756,16.0,13.09360950572174,strict_delta_max,1,cross_layer_handoff_executed
resource-defense_DLGPR-full_seed1,1,DLGPR-full,resource-defense,4,1,PSO,3.484870483473079,3.037499962374568,0.854968,0.854968,0.0,0.0,0.0,0.02656364878398616,13.09360950572174,9.608739022248661,strict_delta_max,1,cross_layer_handoff_executed
resource-defense_DLGPR-full_seed1,1,DLGPR-full,resource-defense,4,2,RL,2.1671764113735046,4.32329997420311,0.9027639999999999,0.9027639999999999,0.0,0.0,0.0,0.014859888577132335,9.608739022248661,7.441562610875157,strict_delta_max,2,cross_layer_handoff_executed
resource-defense_DLGPR-full_seed1,1,DLGPR-full,resource-defense,4,3,GA,1.0964685940616694,2.9676000121980906,0.8945679999999999,0.8945679999999999,0.0,0.0,0.4123006940707658,0.0587638291933797,7.441562610875157,6.345094016813487,strict_delta_max,1,cross_layer_handoff_executed
resource-defense_DLGPR-full_seed1,1,DLGPR-full,resource-defense,4,4,GA,2.605269504235038,2.30679998639971,0.854968,0.854968,0.0,0.0,0.4123006940707658,0.029697704868247368,6.345094016813487,3.739824512578449,strict_delta_max,1,cross_layer_handoff_executed
resource-defense_DLGPR-full_seed1,1,DLGPR-full,resource-defense,5,0,GA,3.0396423040099863,2.287200069986284,0.854968,0.854968,0.0,0.0,0.4123006940707658,0.02320961813202033,16.0,12.960357695990014,strict_delta_max,1,cross_layer_handoff_executed
resource-defense_DLGPR-full_seed1,1,DLGPR-full,resource-defense,5,1,PSO,2.2580195592212844,2.249700017273426,0.8945679999999999,0.8945679999999999,0.0,0.0,0.0,0.009744148722247433,12.960357695990014,10.70233813676873,strict_delta_max,1,cross_layer_handoff_executed
resource-defense_DLGPR-full_seed1,1,DLGPR-full,resource-defense,5,2,RL,2.867282858865884,3.934200038202107,0.896928,0.896928,0.0,0.0,0.0,0.0,10.70233813676873,7.835055277902846,strict_delta_max,2,cross_layer_handoff_executed
resource-defense_DLGPR-full_seed1,1,DLGPR-full,resource-defense,5,3,GA,1.4521572053854608,2.483000047504902,0.9170599999999999,0.9170599999999999,0.0,0.0,0.3257959408144038,0.06816945372643325,7.835055277902846,6.382898072517385,strict_delta_max,1,cross_layer_handoff_executed
resource-defense_DLGPR-full_seed1,1,DLGPR-full,resource-defense,5,4,GA,1.0658090456078244,2.2829000372439623,0.896928,0.896928,0.0,0.0,0.3257959408144038,0.10513638359822382,6.382898072517385,5.31708902690956,strict_delta_max,1,cross_layer_handoff_executed
resource-defense_DLGPR-full_seed1,1,DLGPR-full,resource-defense,5,5,GA,2.602247905805825,2.4916999973356724,0.839836,0.839836,0.0,0.0,0.3257959408144038,0.03311169650298815,5.31708902690956,2.714841121103735,strict_delta_max,1,cross_layer_handoff_executed
resource-defense_DLGPR-full_seed2,2,DLGPR-full,resource-defense,0,0,GA,3.9051999001172466,2.651299932040274,0.26544600000000007,0.26544600000000007,0.0,0.0,0.9221321296069481,0.03772849699813911,16.0,12.094800099882754,strict_delta_max,1,cross_layer_handoff_executed
resource-defense_DLGPR-full_seed2,2,DLGPR-full,resource-defense,0,1,PSO,1.0477483033184853,2.3188000777736306,0.12172799999999984,0.12172799999999984,0.0,0.0,0.0,0.14499387204475772,12.094800099882754,11.047051796564268,strict_delta_max,1,cross_layer_handoff_executed
resource-defense_DLGPR-full_seed2,2,DLGPR-full,resource-defense,0,2,RL,2.0715315278143036,4.039000021293759,-0.29552199999999995,-0.29552199999999995,0.0,0.0,0.0,0.32114596908980075,11.047051796564268,8.975520268749964,strict_delta_max,2,cross_layer_handoff_executed
resource-defense_DLGPR-full_seed2,2,DLGPR-full,resource-defense,0,3,GA,2.929206743654812,2.218299894593656,0.1216279999999999,0.1216279999999999,0.0,0.0,0.9091336900778896,0.04864995141401914,8.975520268749964,6.046313525095152,strict_delta_max,1,cross_layer_handoff_executed
resource-defense_DLGPR-full_seed2,2,DLGPR-full,resource-defense,0,4,GA,3.096933392334994,2.550399978645146,-0.5327419999999999,-0.5327419999999999,0.0,0.0,0.9091336900778896,0.04432555781248093,6.046313525095152,2.9493801327601576,strict_delta_max,1,cross_layer_handoff_executed
resource-defense_DLGPR-full_seed2,2,DLGPR-full,resource-defense,1,0,GA,1.4467484594268698,2.4298999924212694,0.12149600000000008,0.12149600000000008,0.0,0.0,0.8877192807451773,0.11086768786610811,16.0,14.55325154057313,strict_delta_max,1,cross_layer_handoff_executed
resource-defense_DLGPR-full_seed2,2,DLGPR-full,resource-defense,1,1,PSO,3.0105107855218862,2.0710000535473228,-0.2624959999999999,-0.2624959999999999,0.0,0.0,0.0,0.039950001851189715,14.55325154057313,11.542740755051245,strict_delta_max,1,cross_layer_handoff_executed
resource-defense_DLGPR-full_seed2,2,DLGPR-full,resource-defense,1,2,RL,2.8069501560765584,3.8978999946266413,-0.28364199999999995,-0.28364199999999995,0.0,0.0,0.0,0.0,11.542740755051245,8.735790598974686,strict_delta_max,2,cross_layer_handoff_executed
resource-defense_DLGPR-full_seed2,2,DLGPR-full,resource-defense,1,3,GA,2.657143144353673,2.2631000028923154,0.657472,0.657472,0.0,0.0,0.8734848921262385,0.06713515973381917,8.735790598974686,6.078647454621013,strict_delta_max,1,cross_layer_handoff_executed
resource-defense_DLGPR-full_seed2,2,DLGPR-full,resource-defense,1,4,GA,3.4651944709489504,2.455900073982775,0.657472,0.657472,0.0,0.0,0.8811730297808437,0.04751289737354706,6.078647454621013,2.6134529836720626,strict_delta_max,1,cross_layer_handoff_executed
resource-defense_DLGPR-full_seed2,2,DLGPR-full,resource-defense,2,0,GA,3.4835262763186594,2.321799984201789,0.657472,0.657472,0.0,0.0,0.8761517238317817,0.04995308279655512,16.0,12.51647372368134,strict_delta_max,1,cross_layer_handoff_executed
resource-defense_DLGPR-full_seed2,2,DLGPR-full,resource-defense,2,1,PSO,1.2721902818890192,2.2971000289544463,-0.323072,-0.323072,0.0,0.0,0.0,0.1080888553136669,12.51647372368134,11.244283441792321,strict_delta_max,1,cross_layer_handoff_executed
resource-defense_DLGPR-full_seed2,2,DLGPR-full,resource-defense,2,2,RL,2.9479282586160123,4.065799992531538,0.6724319999999999,0.6724319999999999,0.0,0.005074750362827135,0.0,0.07601677528787831,11.244283441792321,8.29635518317631,strict_delta_max,2,cross_layer_handoff_executed
resource-defense_DLGPR-full_seed2,2,DLGPR-full,resource-defense,2,3,GA,1.3177231204789264,2.3367999820038676,0.657472,0.657472,0.0,0.0,0.8237671360557635,0.15363357839073757,8.29635518317631,6.9786320626973835,strict_delta_max,1,cross_layer_handoff_executed
resource-defense_DLGPR-full_seed2,2,DLGPR-full,resource-defense,2,4,GA,1.4620411922705712,2.45789997279644,0.657472,0.657472,0.0,0.0,0.7735964550683169,0.08618973570215036,6.9786320626973835,5.516590870426812,strict_delta_max,1,cross_layer_handoff_executed
resource-defense_DLGPR-full_seed2,2,DLGPR-full,resource-defense,2,5,GA,1.5928629010609505,2.4260999634861946,0.657472,0.657472,0.0,0.0,0.7006397823240899,0.11133307845476659,5.516590870426812,3.9237279693658618,strict_delta_max,1,cross_layer_handoff_executed
resource-defense_DLGPR-full_seed2,2,DLGPR-full,resource-defense,3,0,GA,3.2412174229715256,2.2869000677019358,0.657472,0.657472,0.0,0.0,0.6065926082773768,0.04310144539364562,16.0,12.758782577028475,strict_delta_max,1,cross_layer_handoff_executed
resource-defense_DLGPR-full_seed2,2,DLGPR-full,resource-defense,3,1,PSO,1.8821721775564975,2.267699921503663,0.12172799999999984,0.12172799999999984,0.0,0.0,0.0,0.069780984363148,12.758782577028475,10.876610399471977,strict_delta_max,1,cross_layer_handoff_executed
resource-defense_DLGPR-full_seed2,2,DLGPR-full,resource-defense,3,2,RL,3.610726576186453,4.013399942778051,0.657472,0.657472,0.0,0.0,0.0,0.0,10.876610399471977,7.265883823285524,strict_delta_max,2,cross_layer_handoff_executed
resource-defense_DLGPR-full_seed2,2,DLGPR-full,resource-defense,3,3,GA,3.9160329018493334,2.3357999743893743,0.657472,0.657472,0.0,0.0,0.559236902790928,0.02341442969598092,7.265883823285524,3.3498509214361905,strict_delta_max,1,cross_layer_handoff_executed
resource-defense_DLGPR-full_seed2,2,DLGPR-full,resource-defense,4,0,GA,1.0608039672178422,2.3612999357283115,0.657472,0.657472,0.0,0.0,0.559236902790928,0.06777907921305315,16.0,14.939196032782158,strict_delta_max,1,cross_layer_handoff_executed
resource-defense_DLGPR-full_seed2,2,DLGPR-full,resource-defense,4,1,PSO,2.1706443960788615,2.2588000865653157,-0.010721999999999954,-0.010721999999999954,0.0,0.0,0.0,0.0624365445705229,14.939196032782158,12.768551636703297,strict_delta_max,1,cross_layer_handoff_executed
resource-defense_DLGPR-full_seed2,2,DLGPR-full,resource-defense,4,2,RL,1.1830881734238365,4.111899994313717,0.657472,0.657472,0.0,0.0,0.0,0.08353561655002237,12.768551636703297,11.58546346327946,strict_delta_max,2,cross_layer_handoff_executed
resource-defense_DLGPR-full_seed2,2,DLGPR-full,resource-defense,4,3,GA,2.000212622081211,2.355600008741021,0.657472,0.657472,0.0,0.0,0.559236902790928,0.07160225267413398,11.58546346327946,9.585250841198249,strict_delta_max,1,cross_layer_handoff_executed
resource-defense_DLGPR-full_seed2,2,DLGPR-full,resource-defense,4,4,GA,3.858013297106744,2.4031000211834908,0.657472,0.657472,0.0,0.0,0.559236902790928,0.020896805992915626,9.585250841198249,5.727237544091505,strict_delta_max,1,cross_layer_handoff_executed
resource-defense_DLGPR-full_seed2,2,DLGPR-full,resource-defense,4,5,GA,2.4881898420138473,2.3612999357283115,0.657472,0.657472,0.0,0.0,0.559236902790928,0.061429508888952225,5.727237544091505,3.2390477020776576,strict_delta_max,1,cross_layer_handoff_executed
resource-defense_DLGPR-full_seed2,2,DLGPR-full,resource-defense,5,0,GA,1.9142164263575885,2.2755999816581607,0.7267159999999999,0.7267159999999999,0.0,0.028358339868231483,0.5912660030116588,0.04522655288372236,16.0,14.085783573642411,strict_delta_max,1,cross_layer_handoff_executed
resource-defense_DLGPR-full_seed2,2,DLGPR-full,resource-defense,5,1,PSO,1.7738566141062058,2.301700063981116,0.12172799999999984,0.12172799999999984,0.0,0.0,0.0,0.09000626221728157,14.085783573642411,12.311926959536205,strict_delta_max,1,cross_layer_handoff_executed
resource-defense_DLGPR-full_seed2,2,DLGPR-full,resource-defense,5,2,RL,1.8456866504138245,4.076899960637093,0.657472,0.657472,0.0,0.0,0.0,0.0,12.311926959536205,10.46624030912238,strict_delta_max,2,cross_layer_handoff_executed
resource-defense_DLGPR-full_seed2,2,DLGPR-full,resource-defense,5,3,GA,3.3414515471386186,2.3469000589102507,0.657472,0.657472,0.0,0.0,0.5912660030116588,0.03142026651589005,10.46624030912238,7.124788761983762,strict_delta_max,1,cross_layer_handoff_executed
resource-defense_DLGPR-full_seed2,2,DLGPR-full,resource-defense,5,4,GA,1.9787131433585894,2.4302001111209393,0.657472,0.657472,0.0,0.0,0.5912660030116588,0.04328295265728455,7.124788761983762,5.146075618625172,strict_delta_max,1,cross_layer_handoff_executed
resource-defense_DLGPR-full_seed2,2,DLGPR-full,resource-defense,5,5,GA,1.422720275021534,2.4621000047773123,-0.1876719999999999,-0.1876719999999999,0.0,0.0,0.5912660030116588,0.08461894886139404,5.146075618625172,3.723355343603638,strict_delta_max,1,cross_layer_handoff_executed
resource-defense_fixed-split_seed0,0,fixed-split,resource-defense,0,0,GA,2.900117049606808,2.6267999783158302,0.675128,0.675128,0.0,0.0,0.9088272647789373,0.05260290404668859,16.0,13.099882950393193,strict_delta_max,1,cross_layer_handoff_executed
resource-defense_fixed-split_seed0,0,fixed-split,resource-defense,0,1,PSO,1.5305249378732895,2.0580999553203583,0.10590799999999989,0.10590799999999989,0.0,0.0,0.0,0.10043349719174326,13.099882950393193,11.569358012519903,strict_delta_max,1,cross_layer_handoff_executed
resource-defense_fixed-split_seed0,0,fixed-split,resource-defense,0,2,RL,2.1785896675980054,4.079500096850097,0.7029200000000002,0.7029200000000002,0.0,0.0006022244663662349,0.0,0.17213062449408242,11.569358012519903,9.390768344921897,strict_delta_max,2,cross_layer_handoff_executed
resource-defense_fixed-split_seed0,0,fixed-split,resource-defense,0,3,GA,2.857045352822311,2.53950001206249,0.6965199999999998,0.6965199999999998,0.0,0.0,0.8406604725099949,0.04059936913562151,9.390768344921897,6.533722992099586,strict_delta_max,1,cross_layer_handoff_executed
resource-defense_fixed-split_seed0,0,fixed-split,resource-defense,0,4,PSO,1.147541053257409,2.262099995277822,0.9066799999999999,0.9066799999999999,0.0,0.1775622749370114,0.0,0.12318006669310327,6.533722992099586,5.386181938842176,strict_delta_max,1,cross_layer_handoff_executed
resource-defense_fixed-split_seed0,0,fixed-split,resource-defense,0,5,RL,3.859466596758335,4.068800015375018,0.7068960000000002,0.7068960000000002,0.0,0.0,0.0,0.0,5.386181938842176,1.526715342083841,strict_delta_max,2,cross_layer_handoff_executed
resource-defense_fixed-split_seed0,0,fixed-split,resource-defense,1,0,GA,1.0387709778599095,2.179899951443076,-0.21203000000000005,-0.21203000000000005,0.0,0.0,0.7485042278260132,0.12112416710660337,16.0,14.96122902214009,strict_delta_max,1,cross_layer_handoff_executed
resource-defense_fixed-split_seed0,0,fixed-split,resource-defense,1,1,PSO,1.8453991154895528,2.3363999789580703,0.8214279999999998,0.8214279999999998,0.0,0.0,0.0,0.07405402769062312,14.96122902214009,13.115829906650537,strict_delta_max,1,cross_layer_handoff_executed
resource-defense_fixed-split_seed0,0,fixed-split,resource-defense,1,2,RL,2.928738647300359,4.072299925610423,0.758896,0.758896,0.0,0.0,0.0,0.23211699023626856,13.115829906650537,10.18709125935018,strict_delta_max,2,cross_layer_handoff_executed
resource-defense_fixed-split_seed0,0,fixed-split,resource-defense,1,3,GA,2.446390967044077,2.3327000671997666,0.701608,0.701608,0.0,0.0,0.6799484534242094,0.0691265158963363,10.18709125935018,7.740700292306102,strict_delta_max,1,cross_layer_handoff_executed
resource-defense_fixed-split_seed0,0,fixed-split,resource-defense,1,4,PSO,3.0968142867002966,2.224600058980286,0.858628,0.858628,0.0,0.0,0.0,0.03343312183384014,7.740700292306102,4.643886005605806,strict_delta_max,1,cross_layer_handoff_executed
resource-defense_fixed-split_seed0,0,fixed-split,resource-defense,1,5,RL,2.3426868247028754,4.112599999643862,0.7350940000000001,0.7350940000000001,0.0,0.0,0.0,0.0,4.643886005605806,2.3011991809029304,strict_delta_max,2,cross_layer_handoff_executed
resource-defense_fixed-split_seed0,0,fixed-split,resource-defense,2,0,GA,1.7443722188962705,2.08170001860708,-0.21921599999999997,-0.21921599999999997,0.0,0.0,0.5908100786316843,0.07029564442885632,16.0,14.25562778110373,strict_delta_max,1,cross_layer_handoff_executed
resource-defense_fixed-split_seed0,0,fixed-split,resource-defense,2,1,PSO,1.8877925074864896,2.315100049600005,0.7911079999999999,0.7911079999999999,0.0,0.0,0.0,0.05357176613343724,14.25562778110373,12.36783527361724,strict_delta_max,1,cross_layer_handoff_executed
resource-defense_fixed-split_seed0,0,fixed-split,resource-defense,2,2,RL,3.8148213742841017,4.09779988694936,0.7350940000000001,0.7350940000000001,0.0,0.0,0.0,0.02658368244542807,12.36783527361724,8.553013899333138,strict_delta_max,2,cross_layer_handoff_executed
resource-defense_fixed-split_seed0,0,fixed-split,resource-defense,2,3,GA,2.1141661161604968,2.338099991902709,0.701608,0.701608,0.0,0.0,0.46422248121535015,0.0748632470996692,8.553013899333138,6.4388477831726405,strict_delta_max,1,cross_layer_handoff_executed
resource-defense_fixed-split_seed0,0,fixed-split,resource-defense,2,4,PSO,2.0871350118071144,2.2523999214172363,0.8078919999999998,0.8078919999999998,0.0,0.0,0.0,0.05590731083140581,6.4388477831726405,4.351712771365526,strict_delta_max,1,cross_layer_handoff_executed
resource-defense_fixed-split_seed0,0,fixed-split,resource-defense,2,5,RL,4.0,4.201899981126189,0.726196,0.726196,0.0,0.0,0.0,0.0,4.351712771365526,0.35171277136552614,strict_delta_max,2,cross_layer_handoff_executed
resource-defense_fixed-split_seed0,0,fixed-split,resource-defense,3,0,GA,3.742623707715902,2.370100002735853,0.701608,0.701608,0.0,0.0,0.421510814450338,0.020506159221624118,16.0,12.257376292284098,strict_delta_max,1,cross_layer_handoff_executed
resource-defense_fixed-split_seed0,0,fixed-split,resource-defense,3,1,PSO,1.5725020609651414,2.3730999091640115,0.842432,0.842432,0.0,0.0,0.0,0.05755619750482654,12.257376292284098,10.684874231318958,strict_delta_max,1,cross_layer_handoff_executed
resource-defense_fixed-split_seed0,0,fixed-split,resource-defense,3,2,RL,4.0,4.054399905726314,0.726196,0.726196,0.0,0.0,0.0,0.042269500000000015,10.684874231318958,6.6848742313189575,strict_delta_max,2,cross_layer_handoff_executed
resource-defense_fixed-split_seed0,0,fixed-split,resource-defense,3,3,GA,2.082256637816921,2.3740000324323773,0.7407600000000001,0.7407600000000001,0.0,0.0,0.3305026815904769,0.03715962210978182,6.6848742313189575,4.602617593502036,strict_delta_max,1,cross_layer_handoff_executed
resource-defense_fixed-split_seed0,0,fixed-split,resource-defense,3,4,PSO,2.181001103088103,2.4715999606996775,0.855664,0.855664,0.0,0.0,0.0,0.03288562606495464,4.602617593502036,2.4216164904139332,strict_delta_max,1,cross_layer_handoff_executed
resource-defense_fixed-split_seed0,0,fixed-split,resource-defense,4,0,RL,4.0,4.176900023594499,0.728468,0.728468,0.0,0.0,0.0,0.0,16.0,12.0,strict_delta_max,2,cross_layer_handoff_executed
resource-defense_fixed-split_seed0,0,fixed-split,resource-defense,4,1,GA,2.5242909841781027,2.258499967865646,-0.11494999999999977,-0.11494999999999977,0.0,0.0,0.2246010555385666,0.028931054982472476,12.0,9.475709015821897,strict_delta_max,1,cross_layer_handoff_executed
resource-defense_fixed-split_seed0,0,fixed-split,resource-defense,4,2,PSO,2.666698163112854,2.423900063149631,0.8022179999999999,0.8022179999999999,0.0,0.0,0.0,0.05247173923737774,9.475709015821897,6.809010852709043,strict_delta_max,1,cross_layer_handoff_executed
resource-defense_fixed-split_seed0,0,fixed-split,resource-defense,4,3,RL,1.3436769145139917,4.144400008954108,0.7591749999999998,0.7591749999999998,0.0,0.0,0.0,0.0,6.809010852709043,5.465333938195051,strict_delta_max,2,cross_layer_handoff_executed
resource-defense_fixed-split_seed0,0,fixed-split,resource-defense,4,4,GA,1.8051708872793644,2.3566000163555145,0.692868,0.692868,0.0,0.0,0.2171243002092402,0.043794703253789855,5.465333938195051,3.6601630509156866,strict_delta_max,1,cross_layer_handoff_executed
resource-defense_fixed-split_seed0,0,fixed-split,resource-defense,5,0,PSO,3.2305823023580538,2.002699999138713,0.18358799999999992,0.18358799999999992,0.0,0.0,0.0,0.04698564770794893,16.0,12.769417697641947,strict_delta_max,1,cross_layer_handoff_executed
resource-defense_fixed-split_seed0,0,fixed-split,resource-defense,5,1,RL,1.1593904813240952,4.271000041626394,0.7714279999999998,0.7714279999999998,0.0,0.0,0.0,0.4914789358536352,12.769417697641947,11.610027216317851,strict_delta_max,2,cross_layer_handoff_executed
resource-defense_fixed-split_seed0,0,fixed-split,resource-defense,5,2,GA,3.6779086670399126,2.3099000100046396,0.2778480000000001,0.2778480000000001,0.0,0.0,0.21255719577268908,0.025131307577656237,11.610027216317851,7.932118549277939,strict_delta_max,1,cross_layer_handoff_executed
resource-defense_fixed-split_seed0,0,fixed-split,resource-defense,5,3,PSO,1.5415836889167582,2.363500068895519,0.7086559999999998,0.7086559999999998,0.0,0.0,0.0,0.08455720108290656,7.932118549277939,6.39053486036118,strict_delta_max,1,cross_layer_handoff_executed
resource-defense_fixed-split_seed0,0,fixed-split,resource-defense,5,4,RL,3.158893195203189,4.266100004315376,0.7599519999999998,0.7599519999999998,0.0,0.0,0.0,0.0,6.39053486036118,3.231641665157991,strict_delta_max,2,cross_layer_handoff_executed
resource-defense_fixed-split_seed1,1,fixed-split,resource-defense,0,0,GA,1.9020835094768749,2.904099994339049,0.7475840000000001,0.7475840000000001,0.0,0.0,0.9187276469971314,0.10320116966747558,16.0,14.097916490523126,strict_delta_max,1,cross_layer_handoff_executed
resource-defense_fixed-split_seed1,1,fixed-split,resource-defense,0,1,PSO,1.753787846213536,2.2573000751435757,0.7298560000000001,0.7298560000000001,0.0,0.0,0.0,0.07933765931040297,14.097916490523126,12.34412864430959,strict_delta_max,1,cross_layer_handoff_executed
resource-defense_fixed-split_seed1,1,fixed-split,resource-defense,0,2,RL,4.0,4.3611000292003155,0.9027639999999999,0.9027639999999999,0.0,0.012604000000000004,0.0,0.0,12.34412864430959,8.34412864430959,strict_delta_max,2,cross_layer_handoff_executed
resource-defense_fixed-split_seed1,1,fixed-split,resource-defense,0,3,GA,3.4809483824350433,2.468600054271519,0.854968,0.854968,0.0,0.0,0.8325725896037208,0.02900098157656912,8.34412864430959,4.863180261874547,strict_delta_max,1,cross_layer_handoff_executed
resource-defense_fixed-split_seed1,1,fixed-split,resource-defense,0,4,PSO,1.4038699271845236,2.346899942494929,0.12170400000000003,0.12170400000000003,0.0,0.0,0.0,0.06255193535273662,4.863180261874547,3.459310334690023,strict_delta_max,1,cross_layer_handoff_executed
resource-defense_fixed-split_seed1,1,fixed-split,resource-defense,1,0,RL,4.0,4.312700009904802,0.9027639999999999,0.9027639999999999,0.0,0.0,0.0,0.290659,16.0,12.0,strict_delta_max,2,cross_layer_handoff_executed
resource-defense_fixed-split_seed1,1,fixed-split,resource-defense,1,1,GA,2.9511296279430206,2.360000042244792,0.8402479999999999,0.8402479999999999,0.0,0.0,0.713969529193905,0.021636768912543132,12.0,9.04887037205698,strict_delta_max,1,cross_layer_handoff_executed
resource-defense_fixed-split_seed1,1,fixed-split,resource-defense,1,2,PSO,2.110202535127694,2.380700083449483,0.889848,0.889848,0.0,0.0,0.0,0.00804828438752089,9.04887037205698,6.938667836929286,strict_delta_max,1,cross_layer_handoff_executed
resource-defense_fixed-split_seed1,1,fixed-split,resource-defense,1,3,RL,3.5372519470062302,4.3138000182807446,0.9027639999999999,0.9027639999999999,0.0,0.0,0.0,0.0,6.938667836929286,3.4014158899230553,strict_delta_max,2,cross_layer_handoff_executed
resource-defense_fixed-split_seed1,1,fixed-split,resource-defense,2,0,GA,3.1931275460903046,2.4426999734714627,0.889848,0.889848,0.0,0.0,0.6095297573028537,0.021230215267887535,16.0,12.806872453909696,strict_delta_max,1,cross_layer_handoff_executed
resource-defense_fixed-split_seed1,1,fixed-split,resource-defense,2,1,PSO,3.2688546333497266,2.4307999992743134,0.41209600000000013,0.41209600000000013,0.0,0.0,0.0,0.02481465226372821,12.806872453909696,9.538017820559968,strict_delta_max,1,cross_layer_handoff_executed
resource-defense_fixed-split_seed1,1,fixed-split,resource-defense,2,2,RL,3.021897131031914,4.443499958142638,0.9027639999999999,0.9027639999999999,0.0,0.0,0.0,0.0,9.538017820559968,6.516120689528055,strict_delta_max,2,cross_layer_handoff_executed
resource-defense_fixed-split_seed1,1,fixed-split,resource-defense,2,3,GA,2.394460925684707,2.4228000547736883,0.622792,0.622792,0.0,0.0,0.5849407798060527,0.029946928564862363,6.516120689528055,4.121659763843348,strict_delta_max,1,cross_layer_handoff_executed
resource-defense_fixed-split_seed1,1,fixed-split,resource-defense,2,4,PSO,2.8017412077881034,2.500499947927892,0.854968,0.854968,0.0,0.0,0.0,0.023909200819865386,4.121659763843348,1.3199185560552444,strict_delta_max,1,cross_layer_handoff_executed
resource-defense_fixed-split_seed1,1,fixed-split,resource-defense,3,0,RL,4.0,4.279200104065239,0.9027639999999999,0.9027639999999999,0.0,0.0,0.0,0.013001500000000062,16.0,12.0,strict_delta_max,2,cross_layer_handoff_executed
resource-defense_fixed-split_seed1,1,fixed-split,resource-defense,3,1,GA,3.4772050016394647,2.2634000051766634,0.854968,0.854968,0.0,0.0,0.5446873685535536,0.036346460417774826,12.0,8.522794998360535,strict_delta_max,1,cross_layer_handoff_executed
resource-defense_fixed-split_seed1,1,fixed-split,resource-defense,3,2,PSO,2.8624173430218938,2.267700037918985,0.889848,0.889848,0.0,0.0,0.0,0.006032029716831812,8.522794998360535,5.660377655338641,strict_delta_max,1,cross_layer_handoff_executed
resource-defense_fixed-split_seed1,1,fixed-split,resource-defense,3,3,RL,1.122210409896033,4.3490000534802675,0.8945679999999999,0.8945679999999999,0.0,0.0,0.0,0.30218575501488837,5.660377655338641,4.538167245442608,strict_delta_max,2,cross_layer_handoff_executed
resource-defense_fixed-split_seed1,1,fixed-split,resource-defense,3,4,GA,3.8136033046499365,2.45489994995296,0.852968,0.852968,0.0,0.0,0.5113252085758064,0.01782891385391078,4.538167245442608,0.7245639407926716,strict_delta_max,1,cross_layer_handoff_executed
resource-defense_fixed-split_seed1,1,fixed-split,resource-defense,4,0,PSO,1.2865526167477672,2.4974000407382846,0.91228,0.91228,0.0,0.007396510547742116,0.0,0.06321310433349706,16.0,14.713447383252232,strict_delta_max,1,cross_layer_handoff_executed
resource-defense_fixed-split_seed1,1,fixed-split,resource-defense,4,1,RL,4.0,4.24200005363673,0.8945679999999999,0.8945679999999999,0.0,0.0,0.0,0.059742500000000004,14.713447383252232,10.713447383252232,strict_delta_max,2,cross_layer_handoff_executed
resource-defense_fixed-split_seed1,1,fixed-split,resource-defense,4,2,GA,3.3427080385879195,2.3588000331074,0.6304719999999999,0.6304719999999999,0.0,0.0,0.39979681068997,0.022680902818723727,10.713447383252232,7.370739344664313,strict_delta_max,1,cross_layer_handoff_executed
resource-defense_fixed-split_seed1,1,fixed-split,resource-defense,4,3,PSO,2.497969978354465,2.2468999959528446,0.92222,0.92222,0.0,0.003979231170163231,0.0,0.023203267306547825,7.370739344664313,4.872769366309848,strict_delta_max,1,cross_layer_handoff_executed
resource-defense_fixed-split_seed1,1,fixed-split,resource-defense,4,4,RL,1.155933396391025,4.344600019976497,0.9027639999999999,0.9027639999999999,0.0,0.0,0.0,0.0,4.872769366309848,3.716835969918823,strict_delta_max,2,cross_layer_handoff_executed
resource-defense_fixed-split_seed1,1,fixed-split,resource-defense,5,0,GA,3.5714878861528216,2.275500097312033,0.8677999999999999,0.8677999999999999,0.0,0.0,0.28208836338198373,0.022246770633737332,16.0,12.428512113847178,strict_delta_max,1,cross_layer_handoff_executed
resource-defense_fixed-split_seed1,1,fixed-split,resource-defense,5,1,PSO,1.0,2.924000029452145,0.8613279999999999,0.8613279999999999,0.0,0.0,0.0,0.08286470548104408,12.428512113847178,11.428512113847178,strict_delta_max,1,cross_layer_handoff_executed
resource-defense_fixed-split_seed1,1,fixed-split,resource-defense,5,2,RL,2.860745536466986,4.597799968905747,0.9027639999999999,0.9027639999999999,0.0,0.0,0.0,0.08583356921121042,11.428512113847178,8.567766577380192,strict_delta_max,2,cross_layer_handoff_executed
resource-defense_fixed-split_seed1,1,fixed-split,resource-defense,5,3,GA,2.2549047364175645,2.642100094817579,0.12170400000000003,0.12170400000000003,0.0,0.0,0.1609778625380336,0.03171686143235012,8.567766577380192,6.312861840962627,strict_delta_max,1,cross_layer_handoff_executed
resource-defense_fixed-split_seed1,1,fixed-split,resource-defense,5,4,PSO,3.3600420251679135,2.6508000446483493,0.8402479999999999,0.8402479999999999,0.0,0.0,0.0,0.023787425604004132,6.312861840962627,2.952819815794714,strict_delta_max,1,cross_layer_handoff_executed
resource-defense_fixed-split_seed2,2,fixed-split,resource-defense,0,0,GA,3.9051999001172466,2.720499993301928,0.26544600000000007,0.26544600000000007,0.0,0.0,0.9221321296069481,0.03772849699813911,16.0,12.094800099882754,strict_delta_max,1,cross_layer_handoff_executed
resource-defense_fixed-split_seed2,2,fixed-split,resource-defense,0,1,PSO,1.0477483033184853,2.2996000479906797,0.12172799999999984,0.12172799999999984,0.0,0.0,0.0,0.14499387204475772,12.094800099882754,11.047051796564268,strict_delta_max,1,cross_layer_handoff_executed
resource-defense_fixed-split_seed2,2,fixed-split,resource-defense,0,2,RL,2.0715315278143036,4.17970004491508,-0.29552199999999995,-0.29552199999999995,0.0,0.0,0.0,0.32114596908980075,11.047051796564268,8.975520268749964,strict_delta_max,2,cross_layer_handoff_executed
resource-defense_fixed-split_seed2,2,fixed-split,resource-defense,0,3,GA,2.929206743654812,2.251500030979514,0.1216279999999999,0.1216279999999999,0.0,0.0,0.9091336900778896,0.04864995141401914,8.975520268749964,6.046313525095152,strict_delta_max,1,cross_layer_handoff_executed
resource-defense_fixed-split_seed2,2,fixed-split,resource-defense,0,4,PSO,1.2040818476112218,2.2279999684542418,0.12172799999999984,0.12172799999999984,0.0,0.0,0.0,0.11687578326066757,6.046313525095152,4.84223167748393,strict_delta_max,1,cross_layer_handoff_executed
resource-defense_fixed-split_seed2,2,fixed-split,resource-defense,0,5,RL,1.104152196523844,4.1859999764710665,-0.222992,-0.222992,0.0,0.0,0.0,0.0,4.84223167748393,3.738079480960086,strict_delta_max,2,cross_layer_handoff_executed
resource-defense_fixed-split_seed2,2,fixed-split,resource-defense,1,0,GA,3.5060691506154504,2.428599982522428,0.657472,0.657472,0.0,0.0,0.9031393577729832,0.04976998442690581,16.0,12.49393084938455,strict_delta_max,1,cross_layer_handoff_executed
resource-defense_fixed-split_seed2,2,fixed-split,resource-defense,1,1,PSO,3.2964373236457085,2.149999956600368,0.04307799999999995,0.04307799999999995,0.0,0.0,0.0,0.03816598684789514,12.49393084938455,9.19749352573884,strict_delta_max,1,cross_layer_handoff_executed
resource-defense_fixed-split_seed2,2,fixed-split,resource-defense,1,2,RL,3.5803501118292886,4.10260003991425,-0.07732199999999997,-0.07732199999999997,0.0,0.0,0.0,0.0,9.19749352573884,5.617143413909552,strict_delta_max,2,cross_layer_handoff_executed
resource-defense_fixed-split_seed2,2,fixed-split,resource-defense,1,3,GA,2.3272677848466587,2.3575000232085586,0.526882,0.526882,0.0,0.0,0.8900692926057706,0.07106040493439252,5.617143413909552,3.2898756290628937,strict_delta_max,1,cross_layer_handoff_executed
resource-defense_fixed-split_seed2,2,fixed-split,resource-defense,2,0,PSO,3.519720276980774,2.2216999204829335,0.12172799999999984,0.12172799999999984,0.0,0.0,0.0,0.03548146890232629,16.0,12.480279723019226,strict_delta_max,1,cross_layer_handoff_executed
resource-defense_fixed-split_seed2,2,fixed-split,resource-defense,2,1,RL,3.4045179352849386,4.172799992375076,0.677516,0.677516,0.0,0.005887470819953984,0.0,0.0,12.480279723019226,9.075761787734287,strict_delta_max,2,cross_layer_handoff_executed
resource-defense_fixed-split_seed2,2,fixed-split,resource-defense,2,2,GA,3.8049898325274754,2.153899986296892,0.657472,0.657472,0.0,0.0,0.8787079747592791,0.0420513290881972,9.075761787734287,5.270771955206811,strict_delta_max,1,cross_layer_handoff_executed
resource-defense_fixed-split_seed2,2,fixed-split,resource-defense,2,3,PSO,3.554799386212883,2.269799937494099,0.15024799999999983,0.15024799999999983,0.0,0.0,0.0,0.03660608418710082,5.270771955206811,1.7159725689939282,strict_delta_max,1,cross_layer_handoff_executed
resource-defense_fixed-split_seed2,2,fixed-split,resource-defense,3,0,RL,2.1014485342469094,4.1476000333204865,0.7161119999999999,0.7161119999999999,0.0,0.018366378891040223,0.0,0.10573849246307172,16.0,13.89855146575309,strict_delta_max,2,cross_layer_handoff_executed
resource-defense_fixed-split_seed2,2,fixed-split,resource-defense,3,1,GA,1.5757689899186331,2.294400008395314,0.657472,0.657472,0.0,0.0,0.8084814045500452,0.12413067857199601,13.89855146575309,12.322782475834458,strict_delta_max,1,cross_layer_handoff_executed
resource-defense_fixed-split_seed2,2,fixed-split,resource-defense,3,2,PSO,1.7196731665175935,2.3831999860703945,0.8006059999999999,0.8006059999999999,0.0,0.049133754974559365,0.0,0.04557908232919515,12.322782475834458,10.603109309316865,strict_delta_max,1,cross_layer_handoff_executed
resource-defense_fixed-split_seed2,2,fixed-split,resource-defense,3,3,RL,1.5382874624470662,3.9543999591842294,0.7161119999999999,0.7161119999999999,0.0,0.0,0.0,0.0,10.603109309316865,9.0648218468698,strict_delta_max,2,cross_layer_handoff_executed
resource-defense_fixed-split_seed2,2,fixed-split,resource-defense,3,4,GA,3.172897865185073,2.3324000649154186,0.59117,0.59117,0.0,0.0,0.6722370594113442,0.028523304288160183,9.0648218468698,5.891923981684727,strict_delta_max,1,cross_layer_handoff_executed
resource-defense_fixed-split_seed2,2,fixed-split,resource-defense,3,5,PSO,2.061633490747105,2.253200043924153,0.06502800000000014,0.06502800000000014,0.0,0.0,0.0,0.05900387287653524,5.891923981684727,3.830290490937622,strict_delta_max,1,cross_layer_handoff_executed
resource-defense_fixed-split_seed2,2,fixed-split,resource-defense,4,0,RL,3.560243772669269,3.494400065392256,0.646258,0.646258,0.0,0.0,0.0,0.0,16.0,12.439756227330731,strict_delta_max,2,cross_layer_handoff_executed
resource-defense_fixed-split_seed2,2,fixed-split,resource-defense,4,1,GA,3.9680375939724826,2.2694000508636236,-0.27447199999999994,-0.27447199999999994,0.0,0.0,0.6174481967390001,0.01690469704325449,12.439756227330731,8.471718633358249,strict_delta_max,1,cross_layer_handoff_executed
resource-defense_fixed-split_seed2,2,fixed-split,resource-defense,4,2,PSO,2.5127679717935427,2.3250000085681677,0.7161119999999999,0.7161119999999999,0.0,0.0,0.0,0.01668407580018685,8.471718633358249,5.958950661564706,strict_delta_max,1,cross_layer_handoff_executed
resource-defense_fixed-split_seed2,2,fixed-split,resource-defense,4,3,RL,3.7100201692069317,4.249399993568659,0.646258,0.646258,0.0,0.0,0.0,0.43280249884550953,5.958950661564706,2.248930492357774,strict_delta_max,2,cross_layer_handoff_executed
resource-defense_fixed-split_seed2,2,fixed-split,resource-defense,5,0,GA,3.3824575939200088,2.2860999451950192,0.5903740000000001,0.5903740000000001,0.0,0.0,0.5240588612819085,0.023081794692141125,16.0,12.617542406079991,strict_delta_max,1,cross_layer_handoff_executed
resource-defense_fixed-split_seed2,2,fixed-split,resource-defense,5,1,PSO,3.266358304072535,2.299400046467781,0.12172799999999984,0.12172799999999984,0.0,0.0,0.0,0.028165308382382535,12.617542406079991,9.351184102007457,strict_delta_max,1,cross_layer_handoff_executed
resource-defense_fixed-split_seed2,2,fixed-split,resource-defense,5,2,RL,2.175327078120747,4.168899962678552,0.7161119999999999,0.7161119999999999,0.0,0.0,0.0,0.17457512657272253,9.351184102007457,7.17585702388671,strict_delta_max,2,cross_layer_handoff_executed
resource-defense_fixed-split_seed2,2,fixed-split,resource-defense,5,3,GA,2.0424889183393113,2.307099988684058,0.876954,0.876954,0.0,0.03737988456851772,0.49627931923502183,0.07966320395306985,7.17585702388671,5.133368105547399,strict_delta_max,1,cross_layer_handoff_executed
resource-defense_fixed-split_seed2,2,fixed-split,resource-defense,5,4,PSO,2.6977349717159167,2.1600000327453017,0.12172799999999984,0.12172799999999984,0.0,0.0,0.0,0.036302547511656805,5.133368105547399,2.4356331338314825,strict_delta_max,1,cross_layer_handoff_executed
resource-defense_round-robin_seed0,0,round-robin,resource-defense,0,0,GA,2.900117049606808,2.952600014396012,0.675128,0.675128,0.0,0.0,0.9088272647789373,0.05260290404668859,16.0,13.099882950393193,strict_delta_max,1,cross_layer_handoff_executed
resource-defense_round-robin_seed0,0,round-robin,resource-defense,0,1,PSO,1.5305249378732895,1.9653999479487538,0.10590799999999989,0.10590799999999989,0.0,0.0,0.0,0.10043349719174326,13.099882950393193,11.569358012519903,strict_delta_max,1,cross_layer_handoff_executed
resource-defense_round-robin_seed0,0,round-robin,resource-defense,0,2,RL,2.1785896675980054,4.111899994313717,0.7029200000000002,0.7029200000000002,0.0,0.0006022244663662349,0.0,0.17213062449408242,11.569358012519903,9.390768344921897,strict_delta_max,2,cross_layer_handoff_executed
resource-defense_round-robin_seed0,0,round-robin,resource-defense,0,3,GA,2.857045352822311,2.2380000445991755,0.6965199999999998,0.6965199999999998,0.0,0.0,0.8406604725099949,0.04059936913562151,9.390768344921897,6.533722992099586,strict_delta_max,1,cross_layer_handoff_executed
resource-defense_round-robin_seed0,0,round-robin,resource-defense,0,4,PSO,1.147541053257409,2.26239999756217,0.9066799999999999,0.9066799999999999,0.0,0.1775622749370114,0.0,0.12318006669310327,6.533722992099586,5.386181938842176,strict_delta_max,1,cross_layer_handoff_executed
resource-defense_round-robin_seed0,0,round-robin,resource-defense,0,5,RL,3.859466596758335,3.9715999737381935,0.7068960000000002,0.7068960000000002,0.0,0.0,0.0,0.0,5.386181938842176,1.526715342083841,strict_delta_max,2,cross_layer_handoff_executed
resource-defense_round-robin_seed0,0,round-robin,resource-defense,1,0,GA,1.0387709778599095,2.158600022085011,-0.21203000000000005,-0.21203000000000005,0.0,0.0,0.7485042278260132,0.12112416710660337,16.0,14.96122902214009,strict_delta_max,1,cross_layer_handoff_executed
resource-defense_round-robin_seed0,0,round-robin,resource-defense,1,1,PSO,1.8453991154895528,2.2495000157505274,0.8214279999999998,0.8214279999999998,0.0,0.0,0.0,0.07405402769062312,14.96122902214009,13.115829906650537,strict_delta_max,1,cross_layer_handoff_executed
resource-defense_round-robin_seed0,0,round-robin,resource-defense,1,2,RL,2.928738647300359,4.033499979414046,0.758896,0.758896,0.0,0.0,0.0,0.23211699023626856,13.115829906650537,10.18709125935018,strict_delta_max,2,cross_layer_handoff_executed
resource-defense_round-robin_seed0,0,round-robin,resource-defense,1,3,GA,2.446390967044077,2.2681999253109097,0.701608,0.701608,0.0,0.0,0.6799484534242094,0.0691265158963363,10.18709125935018,7.740700292306102,strict_delta_max,1,cross_layer_handoff_executed
resource-defense_round-robin_seed0,0,round-robin,resource-defense,1,4,PSO,3.0968142867002966,2.2879999596625566,0.858628,0.858628,0.0,0.0,0.0,0.03343312183384014,7.740700292306102,4.643886005605806,strict_delta_max,1,cross_layer_handoff_executed
resource-defense_round-robin_seed0,0,round-robin,resource-defense,1,5,RL,2.3426868247028754,4.151300061494112,0.7350940000000001,0.7350940000000001,0.0,0.0,0.0,0.0,4.643886005605806,2.3011991809029304,strict_delta_max,2,cross_layer_handoff_executed
resource-defense_round-robin_seed0,0,round-robin,resource-defense,2,0,GA,1.7443722188962705,1.9933999283239245,-0.21921599999999997,-0.21921599999999997,0.0,0.0,0.5908100786316843,0.07029564442885632,16.0,14.25562778110373,strict_delta_max,1,cross_layer_handoff_executed
resource-defense_round-robin_seed0,0,round-robin,resource-defense,2,1,PSO,1.8877925074864896,2.1858999971300364,0.7911079999999999,0.7911079999999999,0.0,0.0,0.0,0.05357176613343724,14.25562778110373,12.36783527361724,strict_delta_max,1,cross_layer_handoff_executed
resource-defense_round-robin_seed0,0,round-robin,resource-defense,2,2,RL,3.8148213742841017,4.131700028665364,0.7350940000000001,0.7350940000000001,0.0,0.0,0.0,0.02658368244542807,12.36783527361724,8.553013899333138,strict_delta_max,2,cross_layer_handoff_executed
resource-defense_round-robin_seed0,0,round-robin,resource-defense,2,3,GA,2.1141661161604968,2.212400082498789,0.701608,0.701608,0.0,0.0,0.46422248121535015,0.0748632470996692,8.553013899333138,6.4388477831726405,strict_delta_max,1,cross_layer_handoff_executed
resource-defense_round-robin_seed0,0,round-robin,resource-defense,2,4,PSO,2.0871350118071144,2.4232000578194857,0.8078919999999998,0.8078919999999998,0.0,0.0,0.0,0.05590731083140581,6.4388477831726405,4.351712771365526,strict_delta_max,1,cross_layer_handoff_executed
resource-defense_round-robin_seed0,0,round-robin,resource-defense,2,5,RL,4.0,4.189900006167591,0.726196,0.726196,0.0,0.0,0.0,0.0,4.351712771365526,0.35171277136552614,strict_delta_max,2,cross_layer_handoff_executed
resource-defense_round-robin_seed0,0,round-robin,resource-defense,3,0,GA,3.742623707715902,2.2664000280201435,0.701608,0.701608,0.0,0.0,0.421510814450338,0.020506159221624118,16.0,12.257376292284098,strict_delta_max,1,cross_layer_handoff_executed
resource-defense_round-robin_seed0,0,round-robin,resource-defense,3,1,PSO,1.5725020609651414,2.3048000875860453,0.842432,0.842432,0.0,0.0,0.0,0.05755619750482654,12.257376292284098,10.684874231318958,strict_delta_max,1,cross_layer_handoff_executed
resource-defense_round-robin_seed0,0,round-robin,resource-defense,3,2,RL,4.0,3.975900006480515,0.726196,0.726196,0.0,0.0,0.0,0.042269500000000015,10.684874231318958,6.6848742313189575,strict_delta_max,2,cross_layer_handoff_executed
resource-defense_round-robin_seed0,0,round-robin,resource-defense,3,3,GA,2.082256637816921,2.396999974735081,0.7407600000000001,0.7407600000000001,0.0,0.0,0.3305026815904769,0.03715962210978182,6.6848742313189575,4.602617593502036,strict_delta_max,1,cross_layer_handoff_executed
resource-defense_round-robin_seed0,0,round-robin,resource-defense,3,4,PSO,2.181001103088103,2.2335000103339553,0.855664,0.855664,0.0,0.0,0.0,0.03288562606495464,4.602617593502036,2.4216164904139332,strict_delta_max,1,cross_layer_handoff_executed
resource-defense_round-robin_seed0,0,round-robin,resource-defense,4,0,RL,4.0,3.998299944214523,0.728468,0.728468,0.0,0.0,0.0,0.0,16.0,12.0,strict_delta_max,2,cross_layer_handoff_executed
resource-defense_round-robin_seed0,0,round-robin,resource-defense,4,1,GA,2.5242909841781027,2.132199937477708,-0.11494999999999977,-0.11494999999999977,0.0,0.0,0.2246010555385666,0.028931054982472476,12.0,9.475709015821897,strict_delta_max,1,cross_layer_handoff_executed
resource-defense_round-robin_seed0,0,round-robin,resource-defense,4,2,PSO,2.666698163112854,2.45520006865263,0.8022179999999999,0.8022179999999999,0.0,0.0,0.0,0.05247173923737774,9.475709015821897,6.809010852709043,strict_delta_max,1,cross_layer_handoff_executed
resource-defense_round-robin_seed0,0,round-robin,resource-defense,4,3,RL,1.3436769145139917,4.004499991424382,0.7591749999999998,0.7591749999999998,0.0,0.0,0.0,0.0,6.809010852709043,5.465333938195051,strict_delta_max,2,cross_layer_handoff_executed
resource-defense_round-robin_seed0,0,round-robin,resource-defense,4,4,GA,1.8051708872793644,2.2785000037401915,0.692868,0.692868,0.0,0.0,0.2171243002092402,0.043794703253789855,5.465333938195051,3.6601630509156866,strict_delta_max,1,cross_layer_handoff_executed
resource-defense_round-robin_seed0,0,round-robin,resource-defense,5,0,PSO,3.2305823023580538,2.072199946269393,0.18358799999999992,0.18358799999999992,0.0,0.0,0.0,0.04698564770794893,16.0,12.769417697641947,strict_delta_max,1,cross_layer_handoff_executed
resource-defense_round-robin_seed0,0,round-robin,resource-defense,5,1,RL,1.1593904813240952,4.2082000290974975,0.7714279999999998,0.7714279999999998,0.0,0.0,0.0,0.4914789358536352,12.769417697641947,11.610027216317851,strict_delta_max,2,cross_layer_handoff_executed
resource-defense_round-robin_seed0,0,round-robin,resource-defense,5,2,GA,3.6779086670399126,2.2763999877497554,0.2778480000000001,0.2778480000000001,0.0,0.0,0.21255719577268908,0.025131307577656237,11.610027216317851,7.932118549277939,strict_delta_max,1,cross_layer_handoff_executed
resource-defense_round-robin_seed0,0,round-robin,resource-defense,5,3,PSO,1.5415836889167582,2.4471000069752336,0.7086559999999998,0.7086559999999998,0.0,0.0,0.0,0.08455720108290656,7.932118549277939,6.39053486036118,strict_delta_max,1,cross_layer_handoff_executed
resource-defense_round-robin_seed0,0,round-robin,resource-defense,5,4,RL,3.158893195203189,4.131799913011491,0.7599519999999998,0.7599519999999998,0.0,0.0,0.0,0.0,6.39053486036118,3.231641665157991,strict_delta_max,2,cross_layer_handoff_executed
resource-defense_round-robin_seed1,1,round-robin,resource-defense,0,0,GA,1.9020835094768749,2.5846000062301755,0.7475840000000001,0.7475840000000001,0.0,0.0,0.9187276469971314,0.10320116966747558,16.0,14.097916490523126,strict_delta_max,1,cross_layer_handoff_executed
resource-defense_round-robin_seed1,1,round-robin,resource-defense,0,1,PSO,1.753787846213536,2.2869999520480633,0.7298560000000001,0.7298560000000001,0.0,0.0,0.0,0.07933765931040297,14.097916490523126,12.34412864430959,strict_delta_max,1,cross_layer_handoff_executed
resource-defense_round-robin_seed1,1,round-robin,resource-defense,0,2,RL,4.0,4.1742000030353665,0.9027639999999999,0.9027639999999999,0.0,0.012604000000000004,0.0,0.0,12.34412864430959,8.34412864430959,strict_delta_max,2,cross_layer_handoff_executed
resource-defense_round-robin_seed1,1,round-robin,resource-defense,0,3,GA,3.4809483824350433,2.3202000884339213,0.854968,0.854968,0.0,0.0,0.8325725896037208,0.02900098157656912,8.34412864430959,4.863180261874547,strict_delta_max,1,cross_layer_handoff_executed
resource-defense_round-robin_seed1,1,round-robin,resource-defense,0,4,PSO,1.4038699271845236,2.417600015178323,0.12170400000000003,0.12170400000000003,0.0,0.0,0.0,0.06255193535273662,4.863180261874547,3.459310334690023,strict_delta_max,1,cross_layer_handoff_executed
resource-defense_round-robin_seed1,1,round-robin,resource-defense,1,0,RL,4.0,4.154999973252416,0.9027639999999999,0.9027639999999999,0.0,0.0,0.0,0.290659,16.0,12.0,strict_delta_max,2,cross_layer_handoff_executed
resource-defense_round-robin_seed1,1,round-robin,resource-defense,1,1,GA,2.9511296279430206,2.2099000634625554,0.8402479999999999,0.8402479999999999,0.0,0.0,0.713969529193905,0.021636768912543132,12.0,9.04887037205698,strict_delta_max,1,cross_layer_handoff_executed
resource-defense_round-robin_seed1,1,round-robin,resource-defense,1,2,PSO,2.110202535127694,2.280800021253526,0.889848,0.889848,0.0,0.0,0.0,0.00804828438752089,9.04887037205698,6.938667836929286,strict_delta_max,1,cross_layer_handoff_executed
resource-defense_round-robin_seed1,1,round-robin,resource-defense,1,3,RL,3.5372519470062302,4.0982000064104795,0.9027639999999999,0.9027639999999999,0.0,0.0,0.0,0.0,6.938667836929286,3.4014158899230553,strict_delta_max,2,cross_layer_handoff_executed
resource-defense_round-robin_seed1,1,round-robin,resource-defense,2,0,GA,3.1931275460903046,2.2459999890998006,0.889848,0.889848,0.0,0.0,0.6095297573028537,0.021230215267887535,16.0,12.806872453909696,strict_delta_max,1,cross_layer_handoff_executed
resource-defense_round-robin_seed1,1,round-robin,resource-defense,2,1,PSO,3.2688546333497266,2.273599966429174,0.41209600000000013,0.41209600000000013,0.0,0.0,0.0,0.02481465226372821,12.806872453909696,9.538017820559968,strict_delta_max,1,cross_layer_handoff_executed
resource-defense_round-robin_seed1,1,round-robin,resource-defense,2,2,RL,3.021897131031914,4.174400004558265,0.9027639999999999,0.9027639999999999,0.0,0.0,0.0,0.0,9.538017820559968,6.516120689528055,strict_delta_max,2,cross_layer_handoff_executed
resource-defense_round-robin_seed1,1,round-robin,resource-defense,2,3,GA,2.394460925684707,2.3489000741392374,0.622792,0.622792,0.0,0.0,0.5849407798060527,0.029946928564862363,6.516120689528055,4.121659763843348,strict_delta_max,1,cross_layer_handoff_executed
resource-defense_round-robin_seed1,1,round-robin,resource-defense,2,4,PSO,2.8017412077881034,2.2903000935912132,0.854968,0.854968,0.0,0.0,0.0,0.023909200819865386,4.121659763843348,1.3199185560552444,strict_delta_max,1,cross_layer_handoff_executed
resource-defense_round-robin_seed1,1,round-robin,resource-defense,3,0,RL,4.0,4.0645000990480185,0.9027639999999999,0.9027639999999999,0.0,0.0,0.0,0.013001500000000062,16.0,12.0,strict_delta_max,2,cross_layer_handoff_executed
resource-defense_round-robin_seed1,1,round-robin,resource-defense,3,1,GA,3.4772050016394647,2.20320001244545,0.854968,0.854968,0.0,0.0,0.5446873685535536,0.036346460417774826,12.0,8.522794998360535,strict_delta_max,1,cross_layer_handoff_executed
resource-defense_round-robin_seed1,1,round-robin,resource-defense,3,2,PSO,2.8624173430218938,2.377200056798756,0.889848,0.889848,0.0,0.0,0.0,0.006032029716831812,8.522794998360535,5.660377655338641,strict_delta_max,1,cross_layer_handoff_executed
resource-defense_round-robin_seed1,1,round-robin,resource-defense,3,3,RL,1.122210409896033,4.127099993638694,0.8945679999999999,0.8945679999999999,0.0,0.0,0.0,0.30218575501488837,5.660377655338641,4.538167245442608,strict_delta_max,2,cross_layer_handoff_executed
resource-defense_round-robin_seed1,1,round-robin,resource-defense,3,4,GA,3.8136033046499365,2.3039999650791287,0.852968,0.852968,0.0,0.0,0.5113252085758064,0.01782891385391078,4.538167245442608,0.7245639407926716,strict_delta_max,1,cross_layer_handoff_executed
resource-defense_round-robin_seed1,1,round-robin,resource-defense,4,0,PSO,1.2865526167477672,2.361199934966862,0.91228,0.91228,0.0,0.007396510547742116,0.0,0.06321310433349706,16.0,14.713447383252232,strict_delta_max,1,cross_layer_handoff_executed
resource-defense_round-robin_seed1,1,round-robin,resource-defense,4,1,RL,4.0,4.0648001013323665,0.8945679999999999,0.8945679999999999,0.0,0.0,0.0,0.059742500000000004,14.713447383252232,10.713447383252232,strict_delta_max,2,cross_layer_handoff_executed
resource-defense_round-robin_seed1,1,round-robin,resource-defense,4,2,GA,3.3427080385879195,2.357100020162761,0.6304719999999999,0.6304719999999999,0.0,0.0,0.39979681068997,0.022680902818723727,10.713447383252232,7.370739344664313,strict_delta_max,1,cross_layer_handoff_executed
resource-defense_round-robin_seed1,1,round-robin,resource-defense,4,3,PSO,2.497969978354465,2.295500016771257,0.92222,0.92222,0.0,0.003979231170163231,0.0,0.023203267306547825,7.370739344664313,4.872769366309848,strict_delta_max,1,cross_layer_handoff_executed
resource-defense_round-robin_seed1,1,round-robin,resource-defense,4,4,RL,1.155933396391025,4.029400064609945,0.9027639999999999,0.9027639999999999,0.0,0.0,0.0,0.0,4.872769366309848,3.716835969918823,strict_delta_max,2,cross_layer_handoff_executed
resource-defense_round-robin_seed1,1,round-robin,resource-defense,5,0,GA,3.5714878861528216,2.2233999334275723,0.8677999999999999,0.8677999999999999,0.0,0.0,0.28208836338198373,0.022246770633737332,16.0,12.428512113847178,strict_delta_max,1,cross_layer_handoff_executed
resource-defense_round-robin_seed1,1,round-robin,resource-defense,5,1,PSO,1.0,2.1639999467879534,0.8613279999999999,0.8613279999999999,0.0,0.0,0.0,0.08286470548104408,12.428512113847178,11.428512113847178,strict_delta_max,1,cross_layer_handoff_executed
resource-defense_round-robin_seed1,1,round-robin,resource-defense,5,2,RL,2.860745536466986,3.997699939645827,0.9027639999999999,0.9027639999999999,0.0,0.0,0.0,0.08583356921121042,11.428512113847178,8.567766577380192,strict_delta_max,2,cross_layer_handoff_executed
resource-defense_round-robin_seed1,1,round-robin,resource-defense,5,3,GA,2.2549047364175645,2.205300028435886,0.12170400000000003,0.12170400000000003,0.0,0.0,0.1609778625380336,0.03171686143235012,8.567766577380192,6.312861840962627,strict_delta_max,1,cross_layer_handoff_executed
resource-defense_round-robin_seed1,1,round-robin,resource-defense,5,4,PSO,3.3600420251679135,2.2351000225171447,0.8402479999999999,0.8402479999999999,0.0,0.0,0.0,0.023787425604004132,6.312861840962627,2.952819815794714,strict_delta_max,1,cross_layer_handoff_executed
resource-defense_round-robin_seed2,2,round-robin,resource-defense,0,0,GA,3.9051999001172466,2.738500013947487,0.26544600000000007,0.26544600000000007,0.0,0.0,0.9221321296069481,0.03772849699813911,16.0,12.094800099882754,strict_delta_max,1,cross_layer_handoff_executed
resource-defense_round-robin_seed2,2,round-robin,resource-defense,0,1,PSO,1.0477483033184853,2.293099998496473,0.12172799999999984,0.12172799999999984,0.0,0.0,0.0,0.14499387204475772,12.094800099882754,11.047051796564268,strict_delta_max,1,cross_layer_handoff_executed
resource-defense_round-robin_seed2,2,round-robin,resource-defense,0,2,RL,2.0715315278143036,4.041600041091442,-0.29552199999999995,-0.29552199999999995,0.0,0.0,0.0,0.32114596908980075,11.047051796564268,8.975520268749964,strict_delta_max,2,cross_layer_handoff_executed
resource-defense_round-robin_seed2,2,round-robin,resource-defense,0,3,GA,2.929206743654812,2.18260008841753,0.1216279999999999,0.1216279999999999,0.0,0.0,0.9091336900778896,0.04864995141401914,8.975520268749964,6.046313525095152,strict_delta_max,1,cross_layer_handoff_executed
resource-defense_round-robin_seed2,2,round-robin,resource-defense,0,4,PSO,1.2040818476112218,2.2080999333411455,0.12172799999999984,0.12172799999999984,0.0,0.0,0.0,0.11687578326066757,6.046313525095152,4.84223167748393,strict_delta_max,1,cross_layer_handoff_executed
resource-defense_round-robin_seed2,2,round-robin,resource-defense,0,5,RL,1.104152196523844,4.034099983982742,-0.222992,-0.222992,0.0,0.0,0.0,0.0,4.84223167748393,3.738079480960086,strict_delta_max,2,cross_layer_handoff_executed
resource-defense_round-robin_seed2,2,round-robin,resource-defense,1,0,GA,3.5060691506154504,2.4219000479206443,0.657472,0.657472,0.0,0.0,0.9031393577729832,0.04976998442690581,16.0,12.49393084938455,strict_delta_max,1,cross_layer_handoff_executed
resource-defense_round-robin_seed2,2,round-robin,resource-defense,1,1,PSO,3.2964373236457085,2.2841000463813543,0.04307799999999995,0.04307799999999995,0.0,0.0,0.0,0.03816598684789514,12.49393084938455,9.19749352573884,strict_delta_max,1,cross_layer_handoff_executed
resource-defense_round-robin_seed2,2,round-robin,resource-defense,1,2,RL,3.5803501118292886,4.1739000007510185,-0.07732199999999997,-0.07732199999999997,0.0,0.0,0.0,0.0,9.19749352573884,5.617143413909552,strict_delta_max,2,cross_layer_handoff_executed
resource-defense_round-robin_seed2,2,round-robin,resource-defense,1,3,GA,2.3272677848466587,2.3966000881046057,0.526882,0.526882,0.0,0.0,0.8900692926057706,0.07106040493439252,5.617143413909552,3.2898756290628937,strict_delta_max,1,cross_layer_handoff_executed
resource-defense_round-robin_seed2,2,round-robin,resource-defense,2,0,PSO,3.519720276980774,2.7132000541314483,0.12172799999999984,0.12172799999999984,0.0,0.0,0.0,0.03548146890232629,16.0,12.480279723019226,strict_delta_max,1,cross_layer_handoff_executed
resource-defense_round-robin_seed2,2,round-robin,resource-defense,2,1,RL,3.4045179352849386,4.758800030685961,0.677516,0.677516,0.0,0.005887470819953984,0.0,0.0,12.480279723019226,9.075761787734287,strict_delta_max,2,cross_layer_handoff_executed
resource-defense_round-robin_seed2,2,round-robin,resource-defense,2,2,GA,3.8049898325274754,2.2661000257357955,0.657472,0.657472,0.0,0.0,0.8787079747592791,0.0420513290881972,9.075761787734287,5.270771955206811,strict_delta_max,1,cross_layer_handoff_executed
resource-defense_round-robin_seed2,2,round-robin,resource-defense,2,3,PSO,3.554799386212883,2.265900024212897,0.15024799999999983,0.15024799999999983,0.0,0.0,0.0,0.03660608418710082,5.270771955206811,1.7159725689939282,strict_delta_max,1,cross_layer_handoff_executed
resource-defense_round-robin_seed2,2,round-robin,resource-defense,3,0,RL,2.1014485342469094,4.069600021466613,0.7161119999999999,0.7161119999999999,0.0,0.018366378891040223,0.0,0.10573849246307172,16.0,13.89855146575309,strict_delta_max,2,cross_layer_handoff_executed
resource-defense_round-robin_seed2,2,round-robin,resource-defense,3,1,GA,1.5757689899186331,2.3271000245586038,0.657472,0.657472,0.0,0.0,0.8084814045500452,0.12413067857199601,13.89855146575309,12.322782475834458,strict_delta_max,1,cross_layer_handoff_executed
resource-defense_round-robin_seed2,2,round-robin,resource-defense,3,2,PSO,1.7196731665175935,2.288099960424006,0.8006059999999999,0.8006059999999999,0.0,0.049133754974559365,0.0,0.04557908232919515,12.322782475834458,10.603109309316865,strict_delta_max,1,cross_layer_handoff_executed
resource-defense_round-robin_seed2,2,round-robin,resource-defense,3,3,RL,1.5382874624470662,3.999599954113364,0.7161119999999999,0.7161119999999999,0.0,0.0,0.0,0.0,10.603109309316865,9.0648218468698,strict_delta_max,2,cross_layer_handoff_executed
resource-defense_round-robin_seed2,2,round-robin,resource-defense,3,4,GA,3.172897865185073,2.4606999941170216,0.59117,0.59117,0.0,0.0,0.6722370594113442,0.028523304288160183,9.0648218468698,5.891923981684727,strict_delta_max,1,cross_layer_handoff_executed
resource-defense_round-robin_seed2,2,round-robin,resource-defense,3,5,PSO,2.061633490747105,2.5198999792337418,0.06502800000000014,0.06502800000000014,0.0,0.0,0.0,0.05900387287653524,5.891923981684727,3.830290490937622,strict_delta_max,1,cross_layer_handoff_executed
resource-defense_round-robin_seed2,2,round-robin,resource-defense,4,0,RL,3.560243772669269,3.539099940098822,0.646258,0.646258,0.0,0.0,0.0,0.0,16.0,12.439756227330731,strict_delta_max,2,cross_layer_handoff_executed
resource-defense_round-robin_seed2,2,round-robin,resource-defense,4,1,GA,3.9680375939724826,2.3994999937713146,-0.27447199999999994,-0.27447199999999994,0.0,0.0,0.6174481967390001,0.01690469704325449,12.439756227330731,8.471718633358249,strict_delta_max,1,cross_layer_handoff_executed
resource-defense_round-robin_seed2,2,round-robin,resource-defense,4,2,PSO,2.5127679717935427,2.230699989013374,0.7161119999999999,0.7161119999999999,0.0,0.0,0.0,0.01668407580018685,8.471718633358249,5.958950661564706,strict_delta_max,1,cross_layer_handoff_executed
resource-defense_round-robin_seed2,2,round-robin,resource-defense,4,3,RL,3.7100201692069317,4.228800069540739,0.646258,0.646258,0.0,0.0,0.0,0.43280249884550953,5.958950661564706,2.248930492357774,strict_delta_max,2,cross_layer_handoff_executed
resource-defense_round-robin_seed2,2,round-robin,resource-defense,5,0,GA,3.3824575939200088,2.4512000381946564,0.5903740000000001,0.5903740000000001,0.0,0.0,0.5240588612819085,0.023081794692141125,16.0,12.617542406079991,strict_delta_max,1,cross_layer_handoff_executed
resource-defense_round-robin_seed2,2,round-robin,resource-defense,5,1,PSO,3.266358304072535,2.290500095114112,0.12172799999999984,0.12172799999999984,0.0,0.0,0.0,0.028165308382382535,12.617542406079991,9.351184102007457,strict_delta_max,1,cross_layer_handoff_executed
resource-defense_round-robin_seed2,2,round-robin,resource-defense,5,2,RL,2.175327078120747,4.15439996868372,0.7161119999999999,0.7161119999999999,0.0,0.0,0.0,0.17457512657272253,9.351184102007457,7.17585702388671,strict_delta_max,2,cross_layer_handoff_executed
resource-defense_round-robin_seed2,2,round-robin,resource-defense,5,3,GA,2.0424889183393113,2.435299917124212,0.876954,0.876954,0.0,0.03737988456851772,0.49627931923502183,0.07966320395306985,7.17585702388671,5.133368105547399,strict_delta_max,1,cross_layer_handoff_executed
resource-defense_round-robin_seed2,2,round-robin,resource-defense,5,4,PSO,2.6977349717159167,2.2775999968871474,0.12172799999999984,0.12172799999999984,0.0,0.0,0.0,0.036302547511656805,5.133368105547399,2.4356331338314825,strict_delta_max,1,cross_layer_handoff_executed
resource-defense_greedy-improvement_seed0,0,greedy-improvement,resource-defense,0,0,GA,2.900117049606808,2.7556000277400017,0.675128,0.675128,0.0,0.0,0.9088272647789373,0.05260290404668859,16.0,13.099882950393193,strict_delta_max,1,cross_layer_handoff_executed
resource-defense_greedy-improvement_seed0,0,greedy-improvement,resource-defense,0,1,GA,3.6351463334126546,2.3816999746486545,0.701608,0.701608,0.0,0.0,0.8696735103891018,0.041017804875248864,13.099882950393193,9.464736616980538,strict_delta_max,1,cross_layer_handoff_executed
resource-defense_greedy-improvement_seed0,0,greedy-improvement,resource-defense,0,2,GA,1.4434714017931365,2.467299927957356,0.701608,0.701608,0.0,0.0,0.8547887410980215,0.11084482323348006,9.464736616980538,8.021265215187402,strict_delta_max,1,cross_layer_handoff_executed
resource-defense_greedy-improvement_seed0,0,greedy-improvement,resource-defense,0,3,GA,3.0286414282957237,2.351099974475801,-0.2166160000000002,-0.2166160000000002,0.0,0.0,0.8594749012039006,0.045851458007010404,8.021265215187402,4.992623786891678,strict_delta_max,1,cross_layer_handoff_executed
resource-defense_greedy-improvement_seed0,0,greedy-improvement,resource-defense,0,4,GA,2.045413609487858,2.377099939621985,0.701608,0.701608,0.0,0.0,0.8019161559329542,0.06794007233679307,4.992623786891678,2.94721017740382,strict_delta_max,1,cross_layer_handoff_executed
resource-defense_greedy-improvement_seed0,0,greedy-improvement,resource-defense,1,0,GA,3.4349216369536,2.4320000084117055,0.701608,0.701608,0.0,0.0,0.7436136139990157,0.04359945595748709,16.0,12.5650783630464,strict_delta_max,1,cross_layer_handoff_executed
resource-defense_greedy-improvement_seed0,0,greedy-improvement,resource-defense,1,1,GA,3.74160563721957,2.460199990309775,0.683308,0.683308,0.0,0.0,0.6814405459516506,0.03646517063249983,12.5650783630464,8.82347272582683,strict_delta_max,1,cross_layer_handoff_executed
resource-defense_greedy-improvement_seed0,0,greedy-improvement,resource-defense,1,2,GA,1.981209273983283,2.3809000849723816,0.701608,0.701608,0.0,0.0,0.6037424751567013,0.0775259390539189,8.82347272582683,6.8422634518435475,strict_delta_max,1,cross_layer_handoff_executed
resource-defense_greedy-improvement_seed0,0,greedy-improvement,resource-defense,1,3,GA,2.0245567891429643,2.482200041413307,0.701608,0.701608,0.0,0.0,0.539276493887666,0.06629666747912574,6.8422634518435475,4.817706662700584,strict_delta_max,1,cross_layer_handoff_executed
resource-defense_greedy-improvement_seed0,0,greedy-improvement,resource-defense,1,4,GA,2.6534672406885096,2.538600005209446,0.701608,0.701608,0.0,0.0,0.4590469754394006,0.052943160786129075,4.817706662700584,2.164239422012074,strict_delta_max,1,cross_layer_handoff_executed
resource-defense_greedy-improvement_seed0,0,greedy-improvement,resource-defense,2,0,GA,3.7739728835304605,2.3382999934256077,0.7085679999999999,0.7085679999999999,0.0,0.001844210389102993,0.46775535855912037,0.03506130760374121,16.0,12.22602711646954,strict_delta_max,1,cross_layer_handoff_executed
resource-defense_greedy-improvement_seed0,0,greedy-improvement,resource-defense,2,1,GA,2.073997571545312,2.4021000135689974,0.701608,0.701608,0.0,0.0,0.4759144618475732,0.0650178449409525,12.22602711646954,10.152029544924229,strict_delta_max,1,cross_layer_handoff_executed
resource-defense_greedy-improvement_seed0,0,greedy-improvement,resource-defense,2,2,GA,2.211953045830299,2.45039991568774,0.701608,0.701608,0.0,0.0,0.4759144618475732,0.060472321562880425,10.152029544924229,7.94007649909393,strict_delta_max,1,cross_layer_handoff_executed
resource-defense_greedy-improvement_seed0,0,greedy-improvement,resource-defense,2,3,GA,3.4593107775741263,2.3348999675363302,0.6965199999999998,0.6965199999999998,0.0,0.0,0.4759144618475732,0.0404424974909286,7.94007649909393,4.480765721519804,strict_delta_max,1,cross_layer_handoff_executed
resource-defense_greedy-improvement_seed0,0,greedy-improvement,resource-defense,2,4,GA,1.7077750270474974,2.473499975167215,0.701608,0.701608,0.0,0.0,0.4759144618475732,0.07223402023760249,4.480765721519804,2.7729906944723064,strict_delta_max,1,cross_layer_handoff_executed
resource-defense_greedy-improvement_seed0,0,greedy-improvement,resource-defense,3,0,GA,3.502685248848432,2.2953000152483582,0.701608,0.701608,0.0,0.0,0.4759144618475732,0.03478856817574283,16.0,12.497314751151567,strict_delta_max,1,cross_layer_handoff_executed
resource-defense_greedy-improvement_seed0,0,greedy-improvement,resource-defense,3,1,GA,1.5959601187479744,2.4980000453069806,0.701608,0.701608,0.0,0.0,0.4759144618475732,0.07869830909648355,12.497314751151567,10.901354632403592,strict_delta_max,1,cross_layer_handoff_executed
resource-defense_greedy-improvement_seed0,0,greedy-improvement,resource-defense,3,2,GA,1.5293730955052056,2.5412999093532562,0.701608,0.701608,0.0,0.0,0.4759144618475732,0.07819729602476942,10.901354632403592,9.371981536898387,strict_delta_max,1,cross_layer_handoff_executed
resource-defense_greedy-improvement_seed0,0,greedy-improvement,resource-defense,3,3,GA,2.193588710845586,2.3766999365761876,0.701608,0.701608,0.0,0.0,0.4759144618475732,0.0522068793890852,9.371981536898387,7.178392826052801,strict_delta_max,1,cross_layer_handoff_executed
resource-defense_greedy-improvement_seed0,0,greedy-improvement,resource-defense,3,4,GA,3.1926635892745114,2.530600060708821,0.701608,0.701608,0.0,0.0,0.4759144618475732,0.03858708204213633,7.178392826052801,3.9857292367782895,strict_delta_max,1,cross_layer_handoff_executed
resource-defense_greedy-improvement_seed0,0,greedy-improvement,resource-defense,4,0,GA,2.9122325945126515,2.372700022533536,0.701608,0.701608,0.0,0.0,0.4759144618475732,0.040998693224747626,16.0,13.087767405487348,strict_delta_max,1,cross_layer_handoff_executed
resource-defense_greedy-improvement_seed0,0,greedy-improvement,resource-defense,4,1,GA,3.742440587258419,2.397299977019429,0.7082759999999999,0.7082759999999999,0.0,0.0,0.5048954661835012,0.029814991248126838,13.087767405487348,9.34532681822893,strict_delta_max,1,cross_layer_handoff_executed
resource-defense_greedy-improvement_seed0,0,greedy-improvement,resource-defense,4,2,GA,1.669689480747334,2.490699989721179,0.701608,0.701608,0.0,0.0,0.5048954661835012,0.06378376607349347,9.34532681822893,7.6756373374815965,strict_delta_max,1,cross_layer_handoff_executed
resource-defense_greedy-improvement_seed0,0,greedy-improvement,resource-defense,4,3,GA,3.6452637288696725,2.458399976603687,0.701608,0.701608,0.0,0.0,0.5048954661835012,0.03130620991114672,7.6756373374815965,4.030373608611924,strict_delta_max,1,cross_layer_handoff_executed
resource-defense_greedy-improvement_seed0,0,greedy-improvement,resource-defense,4,4,GA,2.724532011505043,2.3755000438541174,0.701608,0.701608,0.0,0.0,0.5048954661835012,0.03564843044256725,4.030373608611924,1.3058415971068813,strict_delta_max,1,cross_layer_handoff_executed
resource-defense_greedy-improvement_seed0,0,greedy-improvement,resource-defense,5,0,GA,3.355139676646471,2.4779000086709857,0.701608,0.701608,0.0,0.0,0.5048954661835012,0.03334184758067239,16.0,12.644860323353528,strict_delta_max,1,cross_layer_handoff_executed
resource-defense_greedy-improvement_seed0,0,greedy-improvement,resource-defense,5,1,GA,1.450734803113157,2.320999978110194,0.701608,0.701608,0.0,0.0,0.5048954661835012,0.07396136988812124,12.644860323353528,11.194125520240371,strict_delta_max,1,cross_layer_handoff_executed
resource-defense_greedy-improvement_seed0,0,greedy-improvement,resource-defense,5,2,GA,3.6377663203344937,2.4816999211907387,0.7082759999999999,0.7082759999999999,0.0,0.0,0.49145583094227685,0.027849303792689722,11.194125520240371,7.556359199905877,strict_delta_max,1,cross_layer_handoff_executed
resource-defense_greedy-improvement_seed0,0,greedy-improvement,resource-defense,5,3,GA,1.7927451215278905,2.4456001119688153,0.0169399999999999,0.0169399999999999,0.0,0.0,0.49145583094227685,0.060464705119066944,7.556359199905877,5.763614078377987,strict_delta_max,1,cross_layer_handoff_executed
resource-defense_greedy-improvement_seed0,0,greedy-improvement,resource-defense,5,4,GA,1.8173698892178831,2.4225000524893403,0.701608,0.701608,0.0,0.0,0.49145583094227685,0.05478459145725549,5.763614078377987,3.946244189160104,strict_delta_max,1,cross_layer_handoff_executed
resource-defense_greedy-improvement_seed1,1,greedy-improvement,resource-defense,0,0,GA,1.9020835094768749,2.692400012165308,0.7475840000000001,0.7475840000000001,0.0,0.0,0.9187276469971314,0.10320116966747558,16.0,14.097916490523126,strict_delta_max,1,cross_layer_handoff_executed
resource-defense_greedy-improvement_seed1,1,greedy-improvement,resource-defense,0,1,GA,3.0254970734362936,2.2858999436721206,0.854968,0.854968,0.0,0.0008659734041733274,0.8910766176290544,0.048547767505483536,14.097916490523126,11.072419417086833,strict_delta_max,1,cross_layer_handoff_executed
resource-defense_greedy-improvement_seed1,1,greedy-improvement,resource-defense,0,2,GA,1.9189506843568034,2.4687000550329685,0.854968,0.854968,0.0,0.0,0.8322375303245185,0.06689813851842107,11.072419417086833,9.15346873273003,strict_delta_max,1,cross_layer_handoff_executed
resource-defense_greedy-improvement_seed1,1,greedy-improvement,resource-defense,0,3,GA,2.507802145643157,2.4192999117076397,0.854968,0.854968,0.0,0.0,0.798125219337948,0.06538431340414862,9.15346873273003,6.645666587086873,strict_delta_max,1,cross_layer_handoff_executed
resource-defense_greedy-improvement_seed1,1,greedy-improvement,resource-defense,0,4,GA,2.2134525862106624,2.3231999948620796,0.6304719999999999,0.6304719999999999,0.0,0.0,0.798125219337948,0.04816626566971457,6.645666587086873,4.43221400087621,strict_delta_max,1,cross_layer_handoff_executed
resource-defense_greedy-improvement_seed1,1,greedy-improvement,resource-defense,0,5,GA,2.145382450534985,2.3942000698298216,0.854968,0.854968,0.0,0.0,0.7638461793283378,0.06469636117152495,4.43221400087621,2.2868315503412253,strict_delta_max,1,cross_layer_handoff_executed
resource-defense_greedy-improvement_seed1,1,greedy-improvement,resource-defense,1,0,GA,2.4106716758292404,2.282200031913817,0.8901759999999999,0.8901759999999999,0.0,0.014605058147492774,0.7543817870870401,0.06140292989030209,16.0,13.58932832417076,strict_delta_max,1,cross_layer_handoff_executed
resource-defense_greedy-improvement_seed1,1,greedy-improvement,resource-defense,1,1,GA,3.737632519477067,2.3889999138191342,0.6304719999999999,0.6304719999999999,0.0,0.0,0.7543817870870401,0.041799258261332975,13.58932832417076,9.851695804693692,strict_delta_max,1,cross_layer_handoff_executed
resource-defense_greedy-improvement_seed1,1,greedy-improvement,resource-defense,1,2,GA,3.3898362460908786,2.404000028036535,0.8523479999999999,0.8523479999999999,0.0,0.0,0.7422883567523676,0.044824286639767286,9.851695804693692,6.461859558602814,strict_delta_max,1,cross_layer_handoff_executed
resource-defense_greedy-improvement_seed1,1,greedy-improvement,resource-defense,1,3,GA,3.624219255389079,2.2933000000193715,0.6657679999999999,0.6657679999999999,0.0,0.0,0.7422883567523676,0.03536510272766172,6.461859558602814,2.8376403032137354,strict_delta_max,1,cross_layer_handoff_executed
resource-defense_greedy-improvement_seed1,1,greedy-improvement,resource-defense,2,0,GA,2.0243894678858108,2.3674999829381704,0.854968,0.854968,0.0,0.0,0.7072418876015917,0.06003423172029399,16.0,13.975610532114189,strict_delta_max,1,cross_layer_handoff_executed
resource-defense_greedy-improvement_seed1,1,greedy-improvement,resource-defense,2,1,GA,1.2541300037475702,2.5891000404953957,0.41809600000000013,0.41809600000000013,0.0,0.0,0.7072418876015917,0.12844353181658977,13.975610532114189,12.72148052836662,strict_delta_max,1,cross_layer_handoff_executed
resource-defense_greedy-improvement_seed1,1,greedy-improvement,resource-defense,2,2,GA,1.7334072305149562,2.4021000135689974,0.854968,0.854968,0.0,0.0,0.7072418876015917,0.0691213223792596,12.72148052836662,10.988073297851663,strict_delta_max,1,cross_layer_handoff_executed
resource-defense_greedy-improvement_seed1,1,greedy-improvement,resource-defense,2,3,GA,3.4346116006456775,2.432700013741851,0.854968,0.854968,0.0,0.0,0.7072418876015917,0.04186793953338533,10.988073297851663,7.553461697205986,strict_delta_max,1,cross_layer_handoff_executed
resource-defense_greedy-improvement_seed1,1,greedy-improvement,resource-defense,2,4,GA,3.7710822854607207,2.419200027361512,0.690044,0.690044,0.0,0.0,0.7072418876015917,0.032926694166984405,7.553461697205986,3.782379411745265,strict_delta_max,1,cross_layer_handoff_executed
resource-defense_greedy-improvement_seed1,1,greedy-improvement,resource-defense,3,0,GA,3.4931234334360743,2.4193000281229615,0.926168,0.926168,0.0,0.010303672540021281,0.7482701837009401,0.04214296488500059,16.0,12.506876566563925,strict_delta_max,1,cross_layer_handoff_executed
resource-defense_greedy-improvement_seed1,1,greedy-improvement,resource-defense,3,1,GA,3.3541438888881836,2.445799997076392,0.854968,0.854968,0.0,0.0,0.7482701837009401,0.031244991190948708,12.506876566563925,9.152732677675742,strict_delta_max,1,cross_layer_handoff_executed
resource-defense_greedy-improvement_seed1,1,greedy-improvement,resource-defense,3,2,GA,2.2575985922682644,2.4044999154284596,0.934008,0.934008,0.0,0.003472716552380075,0.7593105646963385,0.07403982815228391,9.152732677675742,6.895134085407477,strict_delta_max,1,cross_layer_handoff_executed
resource-defense_greedy-improvement_seed1,1,greedy-improvement,resource-defense,3,3,GA,1.4983896268477768,2.3158000549301505,0.854968,0.854968,0.0,0.0,0.7593105646963385,0.10191336104167134,6.895134085407477,5.3967444585597,strict_delta_max,1,cross_layer_handoff_executed
resource-defense_greedy-improvement_seed1,1,greedy-improvement,resource-defense,3,4,GA,1.9961801672767252,2.3878999054431915,0.6469960000000001,0.6469960000000001,0.0,0.0,0.7593105646963385,0.07666245640144759,5.3967444585597,3.400564291282975,strict_delta_max,1,cross_layer_handoff_executed
resource-defense_greedy-improvement_seed1,1,greedy-improvement,resource-defense,4,0,GA,3.1496770620896597,2.3762000491842628,0.5657340000000001,0.5657340000000001,0.0,0.0,0.7593105646963385,0.04354401312807182,16.0,12.85032293791034,strict_delta_max,1,cross_layer_handoff_executed
resource-defense_greedy-improvement_seed1,1,greedy-improvement,resource-defense,4,1,GA,2.3467955124705626,2.347899950109422,0.9143680000000001,0.9143680000000001,0.0,0.0,0.7608623979198105,0.04511107333535736,12.85032293791034,10.503527425439778,strict_delta_max,1,cross_layer_handoff_executed
resource-defense_greedy-improvement_seed1,1,greedy-improvement,resource-defense,4,2,GA,3.8893449426749886,2.445999998599291,0.8350479999999998,0.8350479999999998,0.0,0.0,0.7608623979198105,0.02845007948719348,10.503527425439778,6.6141824827647895,strict_delta_max,1,cross_layer_handoff_executed
resource-defense_greedy-improvement_seed1,1,greedy-improvement,resource-defense,4,3,GA,2.5494926850308284,2.329800045117736,0.9214479999999999,0.9214479999999999,0.0,0.0,0.7570972444237205,0.04375885024185218,6.6141824827647895,4.064689797733961,strict_delta_max,1,cross_layer_handoff_executed
resource-defense_greedy-improvement_seed1,1,greedy-improvement,resource-defense,4,4,GA,2.465503082218685,2.45789997279644,0.926168,0.926168,0.0,0.0,0.7187133898218796,0.05349321461224059,4.064689797733961,1.599186715515276,strict_delta_max,1,cross_layer_handoff_executed
resource-defense_greedy-improvement_seed1,1,greedy-improvement,resource-defense,5,0,GA,1.546535138630106,2.238200046122074,0.8834879999999999,0.8834879999999999,0.0,0.0,0.7187133898218796,0.10603438026014855,16.0,14.453464861369895,strict_delta_max,1,cross_layer_handoff_executed
resource-defense_greedy-improvement_seed1,1,greedy-improvement,resource-defense,5,1,GA,3.3863555191448236,2.4007000029087067,0.928528,0.928528,0.0,0.0,0.7012380656535109,0.03351867106108966,14.453464861369895,11.067109342225072,strict_delta_max,1,cross_layer_handoff_executed
resource-defense_greedy-improvement_seed1,1,greedy-improvement,resource-defense,5,2,GA,3.9809595070441817,2.4404999567195773,0.889848,0.889848,0.0,0.0,0.7012380656535109,0.03734326854970022,11.067109342225072,7.0861498351808905,strict_delta_max,1,cross_layer_handoff_executed
resource-defense_greedy-improvement_seed1,1,greedy-improvement,resource-defense,5,3,GA,2.4502125925384743,2.272399957291782,0.9540919999999999,0.9540919999999999,0.0,0.008196839760419534,0.6259950065956892,0.04735143092923738,7.0861498351808905,4.635937242642417,strict_delta_max,1,cross_layer_handoff_executed
resource-defense_greedy-improvement_seed1,1,greedy-improvement,resource-defense,5,4,GA,2.2114727752040686,2.430900000035763,0.910592,0.910592,0.0,0.0,0.6070512027979247,0.04962733008750656,4.635937242642417,2.424464467438348,strict_delta_max,1,cross_layer_handoff_executed
resource-defense_greedy-improvement_seed2,2,greedy-improvement,resource-defense,0,0,GA,3.9051999001172466,2.660700003616512,0.26544600000000007,0.26544600000000007,0.0,0.0,0.9221321296069481,0.03772849699813911,16.0,12.094800099882754,strict_delta_max,1,cross_layer_handoff_executed
resource-defense_greedy-improvement_seed2,2,greedy-improvement,resource-defense,0,1,GA,1.0487937550372526,2.5136000476777554,0.4893950000000001,0.4893950000000001,0.0,0.0,0.8915283738666642,0.12083361600815357,12.094800099882754,11.046006344845502,strict_delta_max,1,cross_layer_handoff_executed
resource-defense_greedy-improvement_seed2,2,greedy-improvement,resource-defense,0,2,GA,3.5566656234211957,2.531499951146543,0.563631,0.563631,0.0,0.0,0.8630708519109553,0.04072410928441301,11.046006344845502,7.4893407214243055,strict_delta_max,1,cross_layer_handoff_executed
resource-defense_greedy-improvement_seed2,2,greedy-improvement,resource-defense,0,3,GA,2.4363648014259303,2.3666999768465757,0.466584,0.466584,0.0,0.0,0.8250511165725389,0.063007601832216,7.4893407214243055,5.052975919998375,strict_delta_max,1,cross_layer_handoff_executed
resource-defense_greedy-improvement_seed2,2,greedy-improvement,resource-defense,0,4,GA,3.740484792257108,2.547799958847463,0.5467520000000001,0.5467520000000001,0.0,0.0,0.8388973103425893,0.03999196562768238,5.052975919998375,1.3124911277412674,strict_delta_max,1,cross_layer_handoff_executed
resource-defense_greedy-improvement_seed2,2,greedy-improvement,resource-defense,1,0,GA,2.5341580171525386,2.4033000227063894,0.4570040000000001,0.4570040000000001,0.0,0.0,0.7896746615419015,0.0653510904018965,16.0,13.465841982847461,strict_delta_max,1,cross_layer_handoff_executed
resource-defense_greedy-improvement_seed2,2,greedy-improvement,resource-defense,1,1,GA,1.0031229565211865,2.4255000753328204,0.515796,0.515796,0.0,0.0,0.7345014610069321,0.136818802803279,13.465841982847461,12.462719026326274,strict_delta_max,1,cross_layer_handoff_executed
resource-defense_greedy-improvement_seed2,2,greedy-improvement,resource-defense,1,2,GA,1.749104304800324,2.493900014087558,0.949608,0.949608,0.0,0.1670203424679982,0.6665751759463677,0.09443462365312144,12.462719026326274,10.71361472152595,strict_delta_max,1,cross_layer_handoff_executed
resource-defense_greedy-improvement_seed2,2,greedy-improvement,resource-defense,1,3,GA,3.353915533847288,2.333899959921837,0.4093650000000001,0.4093650000000001,0.0,0.0,0.6244181993397953,0.033218378271485174,10.71361472152595,7.359699187678662,strict_delta_max,1,cross_layer_handoff_executed
resource-defense_greedy-improvement_seed2,2,greedy-improvement,resource-defense,1,4,GA,3.1137997058210907,2.661300008185208,0.657472,0.657472,0.0,0.0,0.5544452285494965,0.04351459537059179,7.359699187678662,4.245899481857571,strict_delta_max,1,cross_layer_handoff_executed
resource-defense_greedy-improvement_seed2,2,greedy-improvement,resource-defense,1,5,GA,2.046730220709815,2.5885000359266996,0.596908,0.596908,0.0,0.0,0.5263883571059931,0.061404117849243614,4.245899481857571,2.1991692611477562,strict_delta_max,1,cross_layer_handoff_executed
resource-defense_greedy-improvement_seed2,2,greedy-improvement,resource-defense,2,0,GA,2.6803277970004626,2.440700074657798,0.678472,0.678472,0.0,0.0,0.5243447756607084,0.0445950772889921,16.0,13.319672202999538,strict_delta_max,1,cross_layer_handoff_executed
resource-defense_greedy-improvement_seed2,2,greedy-improvement,resource-defense,2,1,GA,3.4999308173336123,2.5606000563129783,0.657472,0.657472,0.0,0.0,0.5503848520952874,0.03464396908756328,13.319672202999538,9.819741385665925,strict_delta_max,1,cross_layer_handoff_executed
resource-defense_greedy-improvement_seed2,2,greedy-improvement,resource-defense,2,2,GA,2.729380956478172,2.638799953274429,0.7534479999999999,0.7534479999999999,0.0,0.0,0.5584225930627067,0.06242231752603865,9.819741385665925,7.0903604291877524,strict_delta_max,1,cross_layer_handoff_executed
resource-defense_greedy-improvement_seed2,2,greedy-improvement,resource-defense,2,3,GA,3.949777095792092,2.441100077703595,0.3761840000000001,0.3761840000000001,0.0,0.0,0.5584225930627067,0.03560936648790745,7.0903604291877524,3.1405833333956603,strict_delta_max,1,cross_layer_handoff_executed
resource-defense_greedy-improvement_seed2,2,greedy-improvement,resource-defense,3,0,GA,2.123846224777633,2.4343000259250402,0.8749919999999998,0.8749919999999998,0.0,0.0,0.5830515549240682,0.07341567426633003,16.0,13.876153775222367,strict_delta_max,1,cross_layer_handoff_executed
resource-defense_greedy-improvement_seed2,2,greedy-improvement,resource-defense,3,1,GA,2.5894360098186966,2.5652999756857753,0.506082,0.506082,0.0,0.0,0.5830515549240682,0.04160010750411708,13.876153775222367,11.28671776540367,strict_delta_max,1,cross_layer_handoff_executed
resource-defense_greedy-improvement_seed2,2,greedy-improvement,resource-defense,3,2,GA,2.819202244015359,2.3916999343782663,0.657472,0.657472,0.0,0.0,0.6070971203553547,0.05639193829451686,11.28671776540367,8.46751552138831,strict_delta_max,1,cross_layer_handoff_executed
resource-defense_greedy-improvement_seed2,2,greedy-improvement,resource-defense,3,3,GA,3.7627226973839383,2.661700011231005,0.790472,0.790472,0.0,0.0,0.5782578406949954,0.03296109228955637,8.46751552138831,4.704792824004373,strict_delta_max,1,cross_layer_handoff_executed
resource-defense_greedy-improvement_seed2,2,greedy-improvement,resource-defense,3,4,GA,2.0059632165006955,2.4017000105232,0.590017,0.590017,0.0,0.0,0.5782578406949954,0.06366793950870958,4.704792824004373,2.698829607503677,strict_delta_max,1,cross_layer_handoff_executed
resource-defense_greedy-improvement_seed2,2,greedy-improvement,resource-defense,4,0,GA,2.142815599763403,2.3524999851360917,0.5384040000000001,0.5384040000000001,0.0,0.0,0.5782578406949954,0.061929411692554566,16.0,13.857184400236598,strict_delta_max,1,cross_layer_handoff_executed
resource-defense_greedy-improvement_seed2,2,greedy-improvement,resource-defense,4,1,GA,2.6618786465699817,2.446300000883639,0.657472,0.657472,0.0,0.0,0.5706189822958373,0.049268047479706506,13.857184400236598,11.195305753666617,strict_delta_max,1,cross_layer_handoff_executed
resource-defense_greedy-improvement_seed2,2,greedy-improvement,resource-defense,4,2,GA,3.266531254923978,2.7054999954998493,0.8712880000000001,0.8712880000000001,0.0,0.0,0.580417349096643,0.04815916733840851,11.195305753666617,7.928774498742639,strict_delta_max,1,cross_layer_handoff_executed
resource-defense_greedy-improvement_seed2,2,greedy-improvement,resource-defense,4,3,GA,1.4906908230499698,2.382499980740249,0.9137679999999999,0.9137679999999999,0.0,0.0,0.5533122976045386,0.11402120860170448,7.928774498742639,6.438083675692669,strict_delta_max,1,cross_layer_handoff_executed
resource-defense_greedy-improvement_seed2,2,greedy-improvement,resource-defense,4,4,GA,3.125446309521131,2.4741999804973602,0.866568,0.866568,0.0,0.0,0.5418308452021364,0.05465423683191487,6.438083675692669,3.3126373661715376,strict_delta_max,1,cross_layer_handoff_executed
resource-defense_greedy-improvement_seed2,2,greedy-improvement,resource-defense,5,0,GA,3.32925483626837,2.3342000786215067,0.803368,0.803368,0.0,0.0,0.5511864320338186,0.03127642193289066,16.0,12.670745163731631,strict_delta_max,1,cross_layer_handoff_executed
resource-defense_greedy-improvement_seed2,2,greedy-improvement,resource-defense,5,1,GA,1.6623840432690828,2.5517999893054366,0.9317959999999998,0.9317959999999998,0.0,0.0,0.5929782043374824,0.09405873319159291,12.670745163731631,11.008361120462549,strict_delta_max,1,cross_layer_handoff_executed
resource-defense_greedy-improvement_seed2,2,greedy-improvement,resource-defense,5,2,GA,1.0122181169966988,2.518199966289103,0.8832719999999998,0.8832719999999998,0.0,0.0,0.5514261455229728,0.14387052017733645,11.008361120462549,9.99614300346585,strict_delta_max,1,cross_layer_handoff_executed
resource-defense_greedy-improvement_seed2,2,greedy-improvement,resource-defense,5,3,GA,3.341487191923412,3.1145999673753977,0.9161279999999998,0.9161279999999998,0.0,0.0,0.551887388914564,0.04306340045265749,9.99614300346585,6.654655811542438,strict_delta_max,1,cross_layer_handoff_executed
resource-defense_greedy-improvement_seed2,2,greedy-improvement,resource-defense,5,4,GA,1.3688793293671315,3.0331999296322465,0.9326479999999999,0.9326479999999999,0.0,0.0,0.531288526325496,0.08786242924561424,6.654655811542438,5.285776482175306,strict_delta_max,1,cross_layer_handoff_executed
resource-defense_greedy-improvement_seed2,2,greedy-improvement,resource-defense,5,5,GA,2.398766763121283,2.835500054061413,0.77248,0.77248,0.0,0.0,0.531288526325496,0.05354759697534079,5.285776482175306,2.8870097190540234,strict_delta_max,1,cross_layer_handoff_executed
