run_id,git_commit,timestamp,seed,method,benchmark,environment_name,environment_version,task_name,interval,B_tau_ms,allowed_ms,guard_margin_ms,delta_min_ms,delta_max_ms,do_not_start_rule,scheduler_ema_lambda,loop_time_ms,e2e_time_ms,actual_cpu_e2e_ms,total_atomic_cpu_ms,timing_mode,selected_module,atomic_step_duration_ms,num_ga_steps,num_pso_steps,num_rl_steps,candidate_count,evaluated_candidate_count,score,return,win,threshold_T,steps_to_threshold,evaluation_cadence,p95_latency_ms,p99_latency_ms,max_latency_ms,loop_overrun,e2e_overrun,loop_overrun_ms,e2e_overrun_ms,diversity_value,diversity_descriptor_valid,learning_progress_value,improvement_rate_value,handshake_enabled,handshake_events,scheduler_index_ga,scheduler_index_pso,scheduler_index_rl,rng_train_seed,rng_eval_seed,hardware_id,notes
line-duel_DLGPR-full_seed0,no-git,2026-05-27T22:16:19,0,DLGPR-full,self-contained-game-ai,LineDuelEnv,1.0-local,line-duel,0,18.0,16.0,2.0,1.0,4.0,strict_delta_max,0.9,13.685078792662798,15.685078792662798,18.412599922157824,7.965299999341369,simulated_charged,GA,2.789233237263689,2,1,2,5,5,0.015000000000000013,0.015000000000000013,0.5,0.5,-1,1,15.685078792662798,15.685078792662798,15.685078792662798,False,False,0.0,0.0,0.711090923988706,True,0.02769050566929943,0.021511288191467855,True,7,0.14916410449324907,0.1419763854618634,0.1413768271093487,10000,20000,Windows-AMD64-py3.14.3,self-contained local validation harness; charged-time accounting is disclosed by timing_mode
line-duel_DLGPR-full_seed0,no-git,2026-05-27T22:16:19,0,DLGPR-full,self-contained-game-ai,LineDuelEnv,1.0-local,line-duel,1,18.0,16.0,2.0,1.0,4.0,strict_delta_max,0.9,13.333140612144003,15.333140612144003,13.809000025503337,6.093199830502272,simulated_charged,RL,3.200622777385905,1,1,2,4,4,0.015000000000000013,0.015000000000000013,0.5,0.5,-1,1,15.667481883636858,15.681559410857611,15.685078792662798,False,False,0.0,0.0,0.0,False,0.0,0.0,True,6,0.1480208798382555,0.1314130442439233,0.13720213744072107,10000,20000,Windows-AMD64-py3.14.3,self-contained local validation harness; charged-time accounting is disclosed by timing_mode
line-duel_DLGPR-full_seed0,no-git,2026-05-27T22:16:19,0,DLGPR-full,self-contained-game-ai,LineDuelEnv,1.0-local,line-duel,2,18.0,16.0,2.0,1.0,4.0,strict_delta_max,0.9,13.855814803461199,15.855814803461199,25.669399998150766,8.985199849121273,simulated_charged,GA,2.5641029807609663,5,1,1,7,7,0.015000000000000013,0.015000000000000013,0.5,0.5,-1,1,15.838741202381359,15.85240008324523,15.855814803461199,False,False,0.0,0.0,0.37418687687504004,True,0.02710396628908722,0.0,True,8,0.14038254075477571,0.12624113854174562,0.13291415805557505,10000,20000,Windows-AMD64-py3.14.3,self-contained local validation harness; charged-time accounting is disclosed by timing_mode
line-duel_DLGPR-full_seed0,no-git,2026-05-27T22:16:19,0,DLGPR-full,self-contained-game-ai,LineDuelEnv,1.0-local,line-duel,3,18.0,16.0,2.0,1.0,4.0,strict_delta_max,0.9,15.444581767565609,17.44458176756561,26.420700014568865,9.791299817152321,simulated_charged,GA,3.617056485066973,5,1,1,7,7,0.015000000000000013,0.015000000000000013,0.5,0.5,-1,1,17.206266722949948,17.396918758642475,17.44458176756561,False,False,0.0,0.0,0.39214953457032586,True,0.013327787215638742,0.0,True,8,0.13684548660727527,0.1195878013702307,0.12651601923933106,10000,20000,Windows-AMD64-py3.14.3,self-contained local validation harness; charged-time accounting is disclosed by timing_mode
line-duel_DLGPR-full_seed0,no-git,2026-05-27T22:16:19,0,DLGPR-full,self-contained-game-ai,LineDuelEnv,1.0-local,line-duel,4,18.0,16.0,2.0,1.0,4.0,strict_delta_max,0.9,12.82956955981341,14.82956955981341,13.224599999375641,4.756899899803102,simulated_charged,GA,3.826298112558066,2,1,1,4,4,0.015000000000000013,0.015000000000000013,0.5,0.5,-1,1,17.126828374744726,17.381031089001432,17.44458176756561,False,False,0.0,0.0,0.5344531742689026,True,0.02447711861049688,0.0,True,5,0.13318271246796018,0.11178446633212065,0.11915577172033441,10000,20000,Windows-AMD64-py3.14.3,self-contained local validation harness; charged-time accounting is disclosed by timing_mode
line-duel_DLGPR-full_seed0,no-git,2026-05-27T22:16:19,0,DLGPR-full,self-contained-game-ai,LineDuelEnv,1.0-local,line-duel,5,18.0,16.0,2.0,1.0,4.0,strict_delta_max,0.9,13.106719998853123,15.106719998853123,20.712600089609623,7.333699963055551,simulated_charged,GA,3.1995702993521626,4,1,1,6,6,0.015000000000000013,0.015000000000000013,0.5,0.5,-1,1,17.047390026539507,17.36514341936039,17.44458176756561,False,False,0.0,0.0,0.5502010314651626,True,0.022503283559297066,0.0,True,7,0.1427231917229681,0.10646469019207638,0.1147333862968791,10000,20000,Windows-AMD64-py3.14.3,self-contained local validation harness; charged-time accounting is disclosed by timing_mode
line-duel_DLGPR-full_seed1,no-git,2026-05-27T22:16:19,1,DLGPR-full,self-contained-game-ai,LineDuelEnv,1.0-local,line-duel,0,18.0,16.0,2.0,1.0,4.0,strict_delta_max,0.9,12.465702488027754,14.465702488027754,20.500499987974763,8.304300019517541,simulated_charged,GA,1.638230672215212,3,1,1,5,5,-1.025,-1.025,0.0,0.5,-1,1,14.465702488027754,14.465702488027754,14.465702488027754,False,False,0.0,0.0,0.8233593182171755,True,0.06188131429757374,0.009156219728029604,True,6,0.15637856657630606,0.1419763854618634,0.1461170477065609,11000,21000,Windows-AMD64-py3.14.3,self-contained local validation harness; charged-time accounting is disclosed by timing_mode
line-duel_DLGPR-full_seed1,no-git,2026-05-27T22:16:19,1,DLGPR-full,self-contained-game-ai,LineDuelEnv,1.0-local,line-duel,1,18.0,16.0,2.0,1.0,4.0,strict_delta_max,0.9,12.082341746949476,14.082341746949476,28.868199908174574,11.23009982984513,simulated_charged,GA,1.1112712499615598,5,1,1,7,7,-1.025,-1.025,0.0,0.5,-1,1,14.44653445097384,14.46186888061697,14.465702488027754,False,False,0.0,0.0,0.8045153749246977,True,0.06952138950194953,0.0,True,8,0.18694481452211986,0.13869794584261702,0.14755912843529898,11000,21000,Windows-AMD64-py3.14.3,self-contained local validation harness; charged-time accounting is disclosed by timing_mode
line-duel_DLGPR-full_seed1,no-git,2026-05-27T22:16:19,1,DLGPR-full,self-contained-game-ai,LineDuelEnv,1.0-local,line-duel,2,18.0,16.0,2.0,1.0,4.0,strict_delta_max,0.9,13.886910607428021,15.886910607428021,28.95649999845773,11.08399999793619,simulated_charged,GA,2.71534989690136,5,1,1,7,7,-1.025,-1.025,0.0,0.5,-1,1,15.744789795487995,15.858486445040016,15.886910607428021,False,False,0.0,0.0,0.8045153749246977,True,0.033171419538903034,0.0,True,8,0.20041918290765737,0.1298113786951714,0.14012794220100355,11000,21000,Windows-AMD64-py3.14.3,self-contained local validation harness; charged-time accounting is disclosed by timing_mode
line-duel_DLGPR-full_seed1,no-git,2026-05-27T22:16:19,1,DLGPR-full,self-contained-game-ai,LineDuelEnv,1.0-local,line-duel,3,18.0,16.0,2.0,1.0,4.0,strict_delta_max,0.9,13.359074800265192,15.359074800265192,23.690700065344572,8.707000175490975,simulated_charged,GA,1.8286256175424753,4,1,1,6,6,-1.025,-1.025,0.0,0.5,-1,1,15.807735236353597,15.871075533213135,15.886910607428021,False,False,0.0,0.0,0.8045153749246977,True,0.047950696730987785,0.0,True,7,0.19987508057491854,0.12108441031403121,0.15058916134686665,11000,21000,Windows-AMD64-py3.14.3,self-contained local validation harness; charged-time accounting is disclosed by timing_mode
line-duel_DLGPR-full_seed1,no-git,2026-05-27T22:16:19,1,DLGPR-full,self-contained-game-ai,LineDuelEnv,1.0-local,line-duel,4,18.0,16.0,2.0,1.0,4.0,strict_delta_max,0.9,12.914331466417583,14.914331466417583,20.390099962241948,8.204700076021254,simulated_charged,GA,3.5450346602055833,3,1,1,5,5,-1.025,-1.025,0.0,0.5,-1,1,15.781343445995455,15.865797175141507,15.886910607428021,False,False,0.0,0.0,0.8045153749246977,True,0.02524969421473713,0.0,True,6,0.1924374439265668,0.11347886154178362,0.13370438881725547,11000,21000,Windows-AMD64-py3.14.3,self-contained local validation harness; charged-time accounting is disclosed by timing_mode
line-duel_DLGPR-full_seed1,no-git,2026-05-27T22:16:19,1,DLGPR-full,self-contained-game-ai,LineDuelEnv,1.0-local,line-duel,5,18.0,16.0,2.0,1.0,4.0,strict_delta_max,0.9,12.641340498029749,14.641340498029749,24.113900028169155,9.198499959893525,simulated_charged,GA,1.2159590433311518,4,1,1,6,6,-1.025,-1.025,0.0,0.5,-1,1,15.754951655637313,15.86051881706988,15.886910607428021,False,False,0.0,0.0,0.8045153749246977,True,0.0557312131871926,0.0,True,7,0.19344218472673733,0.10773356887280176,0.12344262256145386,11000,21000,Windows-AMD64-py3.14.3,self-contained local validation harness; charged-time accounting is disclosed by timing_mode
line-duel_DLGPR-full_seed2,no-git,2026-05-27T22:16:20,2,DLGPR-full,self-contained-game-ai,LineDuelEnv,1.0-local,line-duel,0,18.0,16.0,2.0,1.0,4.0,strict_delta_max,0.9,13.420019242417448,15.420019242417448,24.359299917705357,9.623400052078068,simulated_charged,GA,2.3598755340478395,4,1,1,6,6,-0.0050000000000000044,-0.0050000000000000044,0.5,0.5,-1,1,15.420019242417448,15.420019242417448,15.420019242417448,False,False,0.0,0.0,0.7613611695881136,True,0.0391291596246282,0.0,True,7,0.19262811738160246,0.14795772766865634,0.15251788011112347,12000,22000,Windows-AMD64-py3.14.3,self-contained local validation harness; charged-time accounting is disclosed by timing_mode
line-duel_DLGPR-full_seed2,no-git,2026-05-27T22:16:20,2,DLGPR-full,self-contained-game-ai,LineDuelEnv,1.0-local,line-duel,1,18.0,16.0,2.0,1.0,4.0,strict_delta_max,0.9,13.131476761698144,15.131476761698144,26.745399925857782,9.611299843527377,simulated_charged,GA,2.1442270521107663,5,1,1,7,7,-0.0050000000000000044,-0.0050000000000000044,0.5,0.5,-1,1,15.405592118381483,15.417133817610255,15.420019242417448,False,False,0.0,0.0,0.7854011358791436,True,0.03190811537367234,0.0,True,8,0.20563029439863129,0.14068734830152438,0.14988902349829455,12000,22000,Windows-AMD64-py3.14.3,self-contained local validation harness; charged-time accounting is disclosed by timing_mode
line-duel_DLGPR-full_seed2,no-git,2026-05-27T22:16:20,2,DLGPR-full,self-contained-game-ai,LineDuelEnv,1.0-local,line-duel,2,18.0,16.0,2.0,1.0,4.0,strict_delta_max,0.9,12.813239166411726,14.813239166411726,22.801400045864284,8.085900219157338,simulated_charged,GA,2.4091167442523345,4,1,1,6,6,-0.0050000000000000044,-0.0050000000000000044,0.5,0.5,-1,1,15.391164994345518,15.414248392803062,15.420019242417448,False,False,0.0,0.0,0.7854011358791436,True,0.028495178432364907,0.0,True,7,0.2048724464906925,0.1298113786951714,0.1396136422208353,12000,22000,Windows-AMD64-py3.14.3,self-contained local validation harness; charged-time accounting is disclosed by timing_mode
line-duel_DLGPR-full_seed2,no-git,2026-05-27T22:16:20,2,DLGPR-full,self-contained-game-ai,LineDuelEnv,1.0-local,line-duel,3,18.0,16.0,2.0,1.0,4.0,strict_delta_max,0.9,13.833998683608256,15.833998683608256,21.697800024412572,8.115499978885055,simulated_charged,GA,2.5275165236111774,4,1,1,6,6,0.025000000000000022,0.025000000000000022,0.5,0.5,-1,1,15.771901767429634,15.821579300372532,15.833998683608256,False,False,0.0,0.0,0.74772928935034,True,0.03504508910227211,0.0,True,7,0.2012256934445849,0.12270079918347318,0.15639180220502918,12000,22000,Windows-AMD64-py3.14.3,self-contained local validation harness; charged-time accounting is disclosed by timing_mode
line-duel_DLGPR-full_seed2,no-git,2026-05-27T22:16:20,2,DLGPR-full,self-contained-game-ai,LineDuelEnv,1.0-local,line-duel,4,18.0,16.0,2.0,1.0,4.0,strict_delta_max,0.9,12.184140404157219,14.184140404157219,12.96700001694262,4.725800012238324,simulated_charged,GA,3.8335510118239577,2,1,1,4,4,0.025000000000000022,0.025000000000000022,0.5,0.5,-1,1,15.751202795370094,15.817439505960623,15.833998683608256,False,False,0.0,0.0,0.74772928935034,True,0.026969443793016364,0.0,True,5,0.18558146123317615,0.11439052899532029,0.13777520469765342,12000,22000,Windows-AMD64-py3.14.3,self-contained local validation harness; charged-time accounting is disclosed by timing_mode
line-duel_DLGPR-full_seed2,no-git,2026-05-27T22:16:20,2,DLGPR-full,self-contained-game-ai,LineDuelEnv,1.0-local,line-duel,5,18.0,16.0,2.0,1.0,4.0,strict_delta_max,0.9,13.638193108081648,15.638193108081648,21.46249997895211,7.188100018538535,simulated_charged,GA,3.687598605977267,4,1,1,6,6,0.025000000000000022,0.025000000000000022,0.5,0.5,-1,1,15.785047289726604,15.824208404831925,15.833998683608256,False,False,0.0,0.0,0.7665207549636364,True,0.021917738143312018,0.0,True,7,0.18695157266544477,0.10863333440594422,0.13513885011555002,12000,22000,Windows-AMD64-py3.14.3,self-contained local validation harness; charged-time accounting is disclosed by timing_mode
line-duel_fixed-split_seed0,no-git,2026-05-27T22:16:20,0,fixed-split,self-contained-game-ai,LineDuelEnv,1.0-local,line-duel,0,18.0,16.0,2.0,1.0,4.0,strict_delta_max,0.9,13.122664319595199,15.122664319595199,16.825699945911765,7.752600125968456,simulated_charged,PSO,2.703496397418464,2,2,1,5,5,-0.04500000000000004,-0.04500000000000004,0.5,0.5,-1,1,15.122664319595199,15.122664319595199,15.122664319595199,False,False,0.0,0.0,0.0,False,0.04239642359119411,0.0,True,6,0.0,0.0,0.0,10000,20000,Windows-AMD64-py3.14.3,self-contained local validation harness; charged-time accounting is disclosed by timing_mode
line-duel_fixed-split_seed0,no-git,2026-05-27T22:16:20,0,fixed-split,self-contained-game-ai,LineDuelEnv,1.0-local,line-duel,1,18.0,16.0,2.0,1.0,4.0,strict_delta_max,0.9,12.595764699578197,14.595764699578197,18.25380010996014,7.334099966101348,simulated_charged,GA,2.654586248440353,2,1,2,5,5,-0.04500000000000004,-0.04500000000000004,0.5,0.5,-1,1,15.096319338594348,15.117395323395028,15.122664319595199,False,False,0.0,0.0,0.6490609342461647,True,0.034627087082184475,0.0,True,7,0.0,0.0,0.0,10000,20000,Windows-AMD64-py3.14.3,self-contained local validation harness; charged-time accounting is disclosed by timing_mode
line-duel_fixed-split_seed0,no-git,2026-05-27T22:16:20,0,fixed-split,self-contained-game-ai,LineDuelEnv,1.0-local,line-duel,2,18.0,16.0,2.0,1.0,4.0,strict_delta_max,0.9,12.656416988988346,14.656416988988346,14.47059994097799,6.5044000511989,simulated_charged,RL,2.8205132788370633,1,2,2,5,5,-0.04500000000000004,-0.04500000000000004,0.5,0.5,-1,1,15.076039586534513,15.113339372983061,15.122664319595199,False,False,0.0,0.0,0.0,False,0.0,0.0,True,7,0.0,0.0,0.0,10000,20000,Windows-AMD64-py3.14.3,self-contained local validation harness; charged-time accounting is disclosed by timing_mode
line-duel_fixed-split_seed0,no-git,2026-05-27T22:16:20,0,fixed-split,self-contained-game-ai,LineDuelEnv,1.0-local,line-duel,3,18.0,16.0,2.0,1.0,4.0,strict_delta_max,0.9,13.443966788181303,15.443966788181303,18.669000011868775,8.159600081853569,simulated_charged,RL,2.4922441904741928,2,2,2,6,6,-0.04500000000000004,-0.04500000000000004,0.5,0.5,-1,1,15.395771417893387,15.43432771412372,15.443966788181303,False,False,0.0,0.0,0.0,False,0.0,0.0,True,8,0.0,0.0,0.0,10000,20000,Windows-AMD64-py3.14.3,self-contained local validation harness; charged-time accounting is disclosed by timing_mode
line-duel_fixed-split_seed0,no-git,2026-05-27T22:16:20,0,fixed-split,self-contained-game-ai,LineDuelEnv,1.0-local,line-duel,4,18.0,16.0,2.0,1.0,4.0,strict_delta_max,0.9,14.392894012636612,16.39289401263661,24.720899993553758,11.355400085449219,simulated_charged,PSO,2.9397033454976556,3,3,2,8,8,-0.04500000000000004,-0.04500000000000004,0.5,0.5,-1,1,16.20310856774555,16.354936923658396,16.39289401263661,False,False,0.0,0.0,0.0,False,0.03158555187092455,0.0,True,10,0.0,0.0,0.0,10000,20000,Windows-AMD64-py3.14.3,self-contained local validation harness; charged-time accounting is disclosed by timing_mode
line-duel_fixed-split_seed0,no-git,2026-05-27T22:16:20,0,fixed-split,self-contained-game-ai,LineDuelEnv,1.0-local,line-duel,5,18.0,16.0,2.0,1.0,4.0,strict_delta_max,0.9,12.130588272068149,14.130588272068149,19.163400051184,8.532700245268643,simulated_charged,PSO,1.7269256370131338,2,2,2,6,6,-0.04500000000000004,-0.04500000000000004,0.5,0.5,-1,1,16.155662206522784,16.345447651413846,16.39289401263661,False,False,0.0,0.0,0.0,False,0.045035460323613996,0.0,True,8,0.0,0.0,0.0,10000,20000,Windows-AMD64-py3.14.3,self-contained local validation harness; charged-time accounting is disclosed by timing_mode
line-duel_fixed-split_seed1,no-git,2026-05-27T22:16:20,1,fixed-split,self-contained-game-ai,LineDuelEnv,1.0-local,line-duel,0,18.0,16.0,2.0,1.0,4.0,strict_delta_max,0.9,12.767876716457113,14.767876716457113,17.278200015425682,8.144400082528591,simulated_charged,PSO,1.9404049006445716,2,2,1,5,5,-1.04,-1.04,0.0,0.5,-1,1,14.767876716457113,14.767876716457113,14.767876716457113,False,False,0.0,0.0,0.0,False,0.03887761957055909,0.0,True,6,0.0,0.0,0.0,11000,21000,Windows-AMD64-py3.14.3,self-contained local validation harness; charged-time accounting is disclosed by timing_mode
line-duel_fixed-split_seed1,no-git,2026-05-27T22:16:20,1,fixed-split,self-contained-game-ai,LineDuelEnv,1.0-local,line-duel,1,18.0,16.0,2.0,1.0,4.0,strict_delta_max,0.9,12.965300361675043,14.965300361675043,19.80589993763715,7.891900138929486,simulated_charged,GA,3.2810987394175073,2,1,2,5,5,-1.04,-1.04,0.0,0.5,-1,1,14.955429179414146,14.963326125222864,14.965300361675043,False,False,0.0,0.0,0.7772472685794287,True,0.029940224248226906,0.0,True,7,0.0,0.0,0.0,11000,21000,Windows-AMD64-py3.14.3,self-contained local validation harness; charged-time accounting is disclosed by timing_mode
line-duel_fixed-split_seed1,no-git,2026-05-27T22:16:20,1,fixed-split,self-contained-game-ai,LineDuelEnv,1.0-local,line-duel,2,18.0,16.0,2.0,1.0,4.0,strict_delta_max,0.9,13.113496956783559,15.113496956783559,22.046600002795458,9.738199994899333,simulated_charged,GA,2.523233103732615,2,2,2,6,6,-1.04,-1.04,0.0,0.5,-1,1,15.098677297272706,15.110533024881388,15.113496956783559,False,False,0.0,0.0,0.7725442157947201,True,0.022152318185992094,0.0,True,8,0.0,0.0,0.0,11000,21000,Windows-AMD64-py3.14.3,self-contained local validation harness; charged-time accounting is disclosed by timing_mode
line-duel_fixed-split_seed1,no-git,2026-05-27T22:16:20,1,fixed-split,self-contained-game-ai,LineDuelEnv,1.0-local,line-duel,3,18.0,16.0,2.0,1.0,4.0,strict_delta_max,0.9,12.514820982753086,14.514820982753086,21.922199986875057,9.483999921940267,simulated_charged,GA,1.5005308463978229,2,2,2,6,6,-1.04,-1.04,0.0,0.5,-1,1,15.091267467517282,15.109051058930303,15.113496956783559,False,False,0.0,0.0,0.7725442157947201,True,0.06162370766996604,0.0,True,8,0.0,0.0,0.0,11000,21000,Windows-AMD64-py3.14.3,self-contained local validation harness; charged-time accounting is disclosed by timing_mode
line-duel_fixed-split_seed1,no-git,2026-05-27T22:16:20,1,fixed-split,self-contained-game-ai,LineDuelEnv,1.0-local,line-duel,4,18.0,16.0,2.0,1.0,4.0,strict_delta_max,0.9,13.362291623472274,15.362291623472274,20.96449991222471,8.894399972632527,simulated_charged,GA,3.7620290637750373,2,2,2,6,6,-1.04,-1.04,0.0,0.5,-1,1,15.31253269013453,15.352339836804726,15.362291623472274,False,False,0.0,0.0,0.7725442157947201,True,0.021487804284518713,0.0,True,8,0.0,0.0,0.0,11000,21000,Windows-AMD64-py3.14.3,self-contained local validation harness; charged-time accounting is disclosed by timing_mode
line-duel_fixed-split_seed1,no-git,2026-05-27T22:16:20,1,fixed-split,self-contained-game-ai,LineDuelEnv,1.0-local,line-duel,5,18.0,16.0,2.0,1.0,4.0,strict_delta_max,0.9,12.279986618585237,14.279986618585237,17.612099996767938,8.53089988231659,simulated_charged,RL,2.017131785699454,1,2,2,5,5,-1.04,-1.04,0.0,0.5,-1,1,15.300092956800095,15.349851890137838,15.362291623472274,False,False,0.0,0.0,0.0,False,0.0,0.0,True,7,0.0,0.0,0.0,11000,21000,Windows-AMD64-py3.14.3,self-contained local validation harness; charged-time accounting is disclosed by timing_mode
line-duel_fixed-split_seed2,no-git,2026-05-27T22:16:20,2,fixed-split,self-contained-game-ai,LineDuelEnv,1.0-local,line-duel,0,18.0,16.0,2.0,1.0,4.0,strict_delta_max,0.9,14.865499613113537,16.865499613113535,20.14880010392517,9.910699911415577,simulated_charged,RL,4.0,2,2,2,6,6,-0.0050000000000000044,-0.0050000000000000044,0.5,0.5,-1,1,16.865499613113535,16.865499613113535,16.865499613113535,False,False,0.0,0.0,0.0,False,0.0,0.0,True,8,0.0,0.0,0.0,12000,22000,Windows-AMD64-py3.14.3,self-contained local validation harness; charged-time accounting is disclosed by timing_mode
line-duel_fixed-split_seed2,no-git,2026-05-27T22:16:20,2,fixed-split,self-contained-game-ai,LineDuelEnv,1.0-local,line-duel,1,18.0,16.0,2.0,1.0,4.0,strict_delta_max,0.9,13.508000950105796,15.508000950105796,19.62209993507713,9.30480018723756,simulated_charged,RL,2.2742440826800014,2,2,2,6,6,0.025000000000000022,0.025000000000000022,0.5,0.5,-1,1,16.797624679963146,16.851924626483456,16.865499613113535,False,False,0.0,0.0,0.0,False,0.0,0.0,True,8,0.0,0.0,0.0,12000,22000,Windows-AMD64-py3.14.3,self-contained local validation harness; charged-time accounting is disclosed by timing_mode
line-duel_fixed-split_seed2,no-git,2026-05-27T22:16:20,2,fixed-split,self-contained-game-ai,LineDuelEnv,1.0-local,line-duel,2,18.0,16.0,2.0,1.0,4.0,strict_delta_max,0.9,15.014752228372695,17.014752228372693,17.941200057975948,8.212900022044778,simulated_charged,RL,4.0,2,2,2,6,6,0.025000000000000022,0.025000000000000022,0.5,0.5,-1,1,16.999826966846776,17.011767176067508,17.014752228372693,False,False,0.0,0.0,0.0,False,0.4975,0.0,True,8,0.0,0.0,0.0,12000,22000,Windows-AMD64-py3.14.3,self-contained local validation harness; charged-time accounting is disclosed by timing_mode
line-duel_fixed-split_seed2,no-git,2026-05-27T22:16:20,2,fixed-split,self-contained-game-ai,LineDuelEnv,1.0-local,line-duel,3,18.0,16.0,2.0,1.0,4.0,strict_delta_max,0.9,13.890611634289986,15.890611634289986,17.981100012548268,8.349800133146346,simulated_charged,RL,2.5106882039155964,2,2,2,6,6,0.025000000000000022,0.025000000000000022,0.5,0.5,-1,1,16.99236433608382,17.01027464991492,17.014752228372693,False,False,0.0,0.0,0.0,False,0.0,0.0,True,8,0.0,0.0,0.0,12000,22000,Windows-AMD64-py3.14.3,self-contained local validation harness; charged-time accounting is disclosed by timing_mode
line-duel_fixed-split_seed2,no-git,2026-05-27T22:16:20,2,fixed-split,self-contained-game-ai,LineDuelEnv,1.0-local,line-duel,4,18.0,16.0,2.0,1.0,4.0,strict_delta_max,0.9,12.336240306395883,14.336240306395883,17.9567999439314,7.877300144173205,simulated_charged,RL,2.9762476836110316,2,2,2,6,6,0.025000000000000022,0.025000000000000022,0.5,0.5,-1,1,16.984901705320862,17.008782123762327,17.014752228372693,False,False,0.0,0.0,0.0,False,0.020159612498111323,0.0,True,8,0.0,0.0,0.0,12000,22000,Windows-AMD64-py3.14.3,self-contained local validation harness; charged-time accounting is disclosed by timing_mode
line-duel_fixed-split_seed2,no-git,2026-05-27T22:16:20,2,fixed-split,self-contained-game-ai,LineDuelEnv,1.0-local,line-duel,5,18.0,16.0,2.0,1.0,4.0,strict_delta_max,0.9,12.027161980111611,14.027161980111611,18.357499968260527,8.80820001475513,simulated_charged,RL,2.5937969268144236,2,2,2,6,6,0.025000000000000022,0.025000000000000022,0.5,0.5,-1,1,16.977439074557903,17.007289597609734,17.014752228372693,False,False,0.0,0.0,0.0,False,0.0,0.0,True,8,0.0,0.0,0.0,12000,22000,Windows-AMD64-py3.14.3,self-contained local validation harness; charged-time accounting is disclosed by timing_mode
line-duel_round-robin_seed0,no-git,2026-05-27T22:16:20,0,round-robin,self-contained-game-ai,LineDuelEnv,1.0-local,line-duel,0,18.0,16.0,2.0,1.0,4.0,strict_delta_max,0.9,13.122664319595199,15.122664319595199,16.263099969364703,7.687899982556701,simulated_charged,PSO,2.703496397418464,2,2,1,5,5,-0.04500000000000004,-0.04500000000000004,0.5,0.5,-1,1,15.122664319595199,15.122664319595199,15.122664319595199,False,False,0.0,0.0,0.0,False,0.04239642359119411,0.0,True,6,0.0,0.0,0.0,10000,20000,Windows-AMD64-py3.14.3,self-contained local validation harness; charged-time accounting is disclosed by timing_mode
line-duel_round-robin_seed0,no-git,2026-05-27T22:16:20,0,round-robin,self-contained-game-ai,LineDuelEnv,1.0-local,line-duel,1,18.0,16.0,2.0,1.0,4.0,strict_delta_max,0.9,12.595764699578197,14.595764699578197,18.754999968223274,7.362899836152792,simulated_charged,GA,2.654586248440353,2,1,2,5,5,-0.04500000000000004,-0.04500000000000004,0.5,0.5,-1,1,15.096319338594348,15.117395323395028,15.122664319595199,False,False,0.0,0.0,0.6490609342461647,True,0.034627087082184475,0.0,True,7,0.0,0.0,0.0,10000,20000,Windows-AMD64-py3.14.3,self-contained local validation harness; charged-time accounting is disclosed by timing_mode
line-duel_round-robin_seed0,no-git,2026-05-27T22:16:20,0,round-robin,self-contained-game-ai,LineDuelEnv,1.0-local,line-duel,2,18.0,16.0,2.0,1.0,4.0,strict_delta_max,0.9,12.656416988988346,14.656416988988346,16.48849993944168,7.481500040739775,simulated_charged,RL,2.8205132788370633,1,2,2,5,5,-0.04500000000000004,-0.04500000000000004,0.5,0.5,-1,1,15.076039586534513,15.113339372983061,15.122664319595199,False,False,0.0,0.0,0.0,False,0.0,0.0,True,7,0.0,0.0,0.0,10000,20000,Windows-AMD64-py3.14.3,self-contained local validation harness; charged-time accounting is disclosed by timing_mode
line-duel_round-robin_seed0,no-git,2026-05-27T22:16:20,0,round-robin,self-contained-game-ai,LineDuelEnv,1.0-local,line-duel,3,18.0,16.0,2.0,1.0,4.0,strict_delta_max,0.9,13.443966788181303,15.443966788181303,20.039600087329745,8.943799883127213,simulated_charged,RL,2.4922441904741928,2,2,2,6,6,-0.04500000000000004,-0.04500000000000004,0.5,0.5,-1,1,15.395771417893387,15.43432771412372,15.443966788181303,False,False,0.0,0.0,0.0,False,0.0,0.0,True,8,0.0,0.0,0.0,10000,20000,Windows-AMD64-py3.14.3,self-contained local validation harness; charged-time accounting is disclosed by timing_mode
line-duel_round-robin_seed0,no-git,2026-05-27T22:16:20,0,round-robin,self-contained-game-ai,LineDuelEnv,1.0-local,line-duel,4,18.0,16.0,2.0,1.0,4.0,strict_delta_max,0.9,14.392894012636612,16.39289401263661,25.315299979411066,11.771599762141705,simulated_charged,PSO,2.9397033454976556,3,3,2,8,8,-0.04500000000000004,-0.04500000000000004,0.5,0.5,-1,1,16.20310856774555,16.354936923658396,16.39289401263661,False,False,0.0,0.0,0.0,False,0.03158555187092455,0.0,True,10,0.0,0.0,0.0,10000,20000,Windows-AMD64-py3.14.3,self-contained local validation harness; charged-time accounting is disclosed by timing_mode
line-duel_round-robin_seed0,no-git,2026-05-27T22:16:20,0,round-robin,self-contained-game-ai,LineDuelEnv,1.0-local,line-duel,5,18.0,16.0,2.0,1.0,4.0,strict_delta_max,0.9,12.130588272068149,14.130588272068149,19.102999940514565,8.370899828150868,simulated_charged,PSO,1.7269256370131338,2,2,2,6,6,-0.04500000000000004,-0.04500000000000004,0.5,0.5,-1,1,16.155662206522784,16.345447651413846,16.39289401263661,False,False,0.0,0.0,0.0,False,0.045035460323613996,0.0,True,8,0.0,0.0,0.0,10000,20000,Windows-AMD64-py3.14.3,self-contained local validation harness; charged-time accounting is disclosed by timing_mode
line-duel_round-robin_seed1,no-git,2026-05-27T22:16:21,1,round-robin,self-contained-game-ai,LineDuelEnv,1.0-local,line-duel,0,18.0,16.0,2.0,1.0,4.0,strict_delta_max,0.9,12.767876716457113,14.767876716457113,17.681799945421517,8.312900085002184,simulated_charged,PSO,1.9404049006445716,2,2,1,5,5,-1.04,-1.04,0.0,0.5,-1,1,14.767876716457113,14.767876716457113,14.767876716457113,False,False,0.0,0.0,0.0,False,0.03887761957055909,0.0,True,6,0.0,0.0,0.0,11000,21000,Windows-AMD64-py3.14.3,self-contained local validation harness; charged-time accounting is disclosed by timing_mode
line-duel_round-robin_seed1,no-git,2026-05-27T22:16:21,1,round-robin,self-contained-game-ai,LineDuelEnv,1.0-local,line-duel,1,18.0,16.0,2.0,1.0,4.0,strict_delta_max,0.9,12.965300361675043,14.965300361675043,19.603600027039647,7.58580002002418,simulated_charged,GA,3.2810987394175073,2,1,2,5,5,-1.04,-1.04,0.0,0.5,-1,1,14.955429179414146,14.963326125222864,14.965300361675043,False,False,0.0,0.0,0.7772472685794287,True,0.029940224248226906,0.0,True,7,0.0,0.0,0.0,11000,21000,Windows-AMD64-py3.14.3,self-contained local validation harness; charged-time accounting is disclosed by timing_mode
line-duel_round-robin_seed1,no-git,2026-05-27T22:16:21,1,round-robin,self-contained-game-ai,LineDuelEnv,1.0-local,line-duel,2,18.0,16.0,2.0,1.0,4.0,strict_delta_max,0.9,13.113496956783559,15.113496956783559,21.489700069651008,9.366100071929395,simulated_charged,GA,2.523233103732615,2,2,2,6,6,-1.04,-1.04,0.0,0.5,-1,1,15.098677297272706,15.110533024881388,15.113496956783559,False,False,0.0,0.0,0.7725442157947201,True,0.022152318185992094,0.0,True,8,0.0,0.0,0.0,11000,21000,Windows-AMD64-py3.14.3,self-contained local validation harness; charged-time accounting is disclosed by timing_mode
line-duel_round-robin_seed1,no-git,2026-05-27T22:16:21,1,round-robin,self-contained-game-ai,LineDuelEnv,1.0-local,line-duel,3,18.0,16.0,2.0,1.0,4.0,strict_delta_max,0.9,12.514820982753086,14.514820982753086,21.043599932454526,8.754899841733277,simulated_charged,GA,1.5005308463978229,2,2,2,6,6,-1.04,-1.04,0.0,0.5,-1,1,15.091267467517282,15.109051058930303,15.113496956783559,False,False,0.0,0.0,0.7725442157947201,True,0.06162370766996604,0.0,True,8,0.0,0.0,0.0,11000,21000,Windows-AMD64-py3.14.3,self-contained local validation harness; charged-time accounting is disclosed by timing_mode
line-duel_round-robin_seed1,no-git,2026-05-27T22:16:21,1,round-robin,self-contained-game-ai,LineDuelEnv,1.0-local,line-duel,4,18.0,16.0,2.0,1.0,4.0,strict_delta_max,0.9,13.362291623472274,15.362291623472274,20.310700056143105,8.752000168897212,simulated_charged,GA,3.7620290637750373,2,2,2,6,6,-1.04,-1.04,0.0,0.5,-1,1,15.31253269013453,15.352339836804726,15.362291623472274,False,False,0.0,0.0,0.7725442157947201,True,0.021487804284518713,0.0,True,8,0.0,0.0,0.0,11000,21000,Windows-AMD64-py3.14.3,self-contained local validation harness; charged-time accounting is disclosed by timing_mode
line-duel_round-robin_seed1,no-git,2026-05-27T22:16:21,1,round-robin,self-contained-game-ai,LineDuelEnv,1.0-local,line-duel,5,18.0,16.0,2.0,1.0,4.0,strict_delta_max,0.9,12.279986618585237,14.279986618585237,17.243299982510507,8.328599971719086,simulated_charged,RL,2.017131785699454,1,2,2,5,5,-1.04,-1.04,0.0,0.5,-1,1,15.300092956800095,15.349851890137838,15.362291623472274,False,False,0.0,0.0,0.0,False,0.0,0.0,True,7,0.0,0.0,0.0,11000,21000,Windows-AMD64-py3.14.3,self-contained local validation harness; charged-time accounting is disclosed by timing_mode
line-duel_round-robin_seed2,no-git,2026-05-27T22:16:21,2,round-robin,self-contained-game-ai,LineDuelEnv,1.0-local,line-duel,0,18.0,16.0,2.0,1.0,4.0,strict_delta_max,0.9,14.865499613113537,16.865499613113535,19.900299957953393,9.65870008803904,simulated_charged,RL,4.0,2,2,2,6,6,-0.0050000000000000044,-0.0050000000000000044,0.5,0.5,-1,1,16.865499613113535,16.865499613113535,16.865499613113535,False,False,0.0,0.0,0.0,False,0.0,0.0,True,8,0.0,0.0,0.0,12000,22000,Windows-AMD64-py3.14.3,self-contained local validation harness; charged-time accounting is disclosed by timing_mode
line-duel_round-robin_seed2,no-git,2026-05-27T22:16:21,2,round-robin,self-contained-game-ai,LineDuelEnv,1.0-local,line-duel,1,18.0,16.0,2.0,1.0,4.0,strict_delta_max,0.9,13.508000950105796,15.508000950105796,19.16279993019998,9.182199835777283,simulated_charged,RL,2.2742440826800014,2,2,2,6,6,0.025000000000000022,0.025000000000000022,0.5,0.5,-1,1,16.797624679963146,16.851924626483456,16.865499613113535,False,False,0.0,0.0,0.0,False,0.0,0.0,True,8,0.0,0.0,0.0,12000,22000,Windows-AMD64-py3.14.3,self-contained local validation harness; charged-time accounting is disclosed by timing_mode
line-duel_round-robin_seed2,no-git,2026-05-27T22:16:21,2,round-robin,self-contained-game-ai,LineDuelEnv,1.0-local,line-duel,2,18.0,16.0,2.0,1.0,4.0,strict_delta_max,0.9,15.014752228372695,17.014752228372693,18.04859994444996,8.02999990992248,simulated_charged,RL,4.0,2,2,2,6,6,0.025000000000000022,0.025000000000000022,0.5,0.5,-1,1,16.999826966846776,17.011767176067508,17.014752228372693,False,False,0.0,0.0,0.0,False,0.4975,0.0,True,8,0.0,0.0,0.0,12000,22000,Windows-AMD64-py3.14.3,self-contained local validation harness; charged-time accounting is disclosed by timing_mode
line-duel_round-robin_seed2,no-git,2026-05-27T22:16:21,2,round-robin,self-contained-game-ai,LineDuelEnv,1.0-local,line-duel,3,18.0,16.0,2.0,1.0,4.0,strict_delta_max,0.9,13.890611634289986,15.890611634289986,17.58810004685074,7.931000203825533,simulated_charged,RL,2.5106882039155964,2,2,2,6,6,0.025000000000000022,0.025000000000000022,0.5,0.5,-1,1,16.99236433608382,17.01027464991492,17.014752228372693,False,False,0.0,0.0,0.0,False,0.0,0.0,True,8,0.0,0.0,0.0,12000,22000,Windows-AMD64-py3.14.3,self-contained local validation harness; charged-time accounting is disclosed by timing_mode
line-duel_round-robin_seed2,no-git,2026-05-27T22:16:21,2,round-robin,self-contained-game-ai,LineDuelEnv,1.0-local,line-duel,4,18.0,16.0,2.0,1.0,4.0,strict_delta_max,0.9,12.336240306395883,14.336240306395883,17.09909993223846,7.621600059792399,simulated_charged,RL,2.9762476836110316,2,2,2,6,6,0.025000000000000022,0.025000000000000022,0.5,0.5,-1,1,16.984901705320862,17.008782123762327,17.014752228372693,False,False,0.0,0.0,0.0,False,0.020159612498111323,0.0,True,8,0.0,0.0,0.0,12000,22000,Windows-AMD64-py3.14.3,self-contained local validation harness; charged-time accounting is disclosed by timing_mode
line-duel_round-robin_seed2,no-git,2026-05-27T22:16:21,2,round-robin,self-contained-game-ai,LineDuelEnv,1.0-local,line-duel,5,18.0,16.0,2.0,1.0,4.0,strict_delta_max,0.9,12.027161980111611,14.027161980111611,17.544099944643676,8.102199994027615,simulated_charged,RL,2.5937969268144236,2,2,2,6,6,0.025000000000000022,0.025000000000000022,0.5,0.5,-1,1,16.977439074557903,17.007289597609734,17.014752228372693,False,False,0.0,0.0,0.0,False,0.0,0.0,True,8,0.0,0.0,0.0,12000,22000,Windows-AMD64-py3.14.3,self-contained local validation harness; charged-time accounting is disclosed by timing_mode
line-duel_greedy-improvement_seed0,no-git,2026-05-27T22:16:21,0,greedy-improvement,self-contained-game-ai,LineDuelEnv,1.0-local,line-duel,0,18.0,16.0,2.0,1.0,4.0,strict_delta_max,0.9,13.503892846515695,15.503892846515695,22.389800054952502,8.116999990306795,simulated_charged,GA,2.937698729694839,5,0,0,5,5,-1.0350000000000001,-1.0350000000000001,0.0,0.5,-1,1,15.503892846515695,15.503892846515695,15.503892846515695,False,False,0.0,0.0,0.6989703687729832,True,0.038251989956807654,0.0,True,5,0.0,0.0,0.0,10000,20000,Windows-AMD64-py3.14.3,self-contained local validation harness; charged-time accounting is disclosed by timing_mode
line-duel_greedy-improvement_seed0,no-git,2026-05-27T22:16:21,0,greedy-improvement,self-contained-game-ai,LineDuelEnv,1.0-local,line-duel,1,18.0,16.0,2.0,1.0,4.0,strict_delta_max,0.9,14.472283815194263,16.472283815194263,20.616300054825842,6.833899882622063,simulated_charged,GA,3.719590782306286,5,0,0,5,5,0.015000000000000013,0.015000000000000013,0.5,0.5,-1,1,16.423864266760337,16.462599905507478,16.472283815194263,False,False,0.0,0.0,0.6111318557515489,True,0.02934947749294064,0.0,True,5,0.0,0.0,0.0,10000,20000,Windows-AMD64-py3.14.3,self-contained local validation harness; charged-time accounting is disclosed by timing_mode
line-duel_greedy-improvement_seed0,no-git,2026-05-27T22:16:21,0,greedy-improvement,self-contained-game-ai,LineDuelEnv,1.0-local,line-duel,2,18.0,16.0,2.0,1.0,4.0,strict_delta_max,0.9,13.189315981103995,15.189315981103995,28.499900014139712,8.504699915647507,simulated_charged,GA,1.5887227229157082,7,0,0,7,7,0.015000000000000013,0.015000000000000013,0.5,0.5,-1,1,16.375444718326406,16.452915995820693,16.472283815194263,False,False,0.0,0.0,0.6487426136929986,True,0.05673500467921454,0.0,True,7,0.0,0.0,0.0,10000,20000,Windows-AMD64-py3.14.3,self-contained local validation harness; charged-time accounting is disclosed by timing_mode
line-duel_greedy-improvement_seed0,no-git,2026-05-27T22:16:21,0,greedy-improvement,self-contained-game-ai,LineDuelEnv,1.0-local,line-duel,3,18.0,16.0,2.0,1.0,4.0,strict_delta_max,0.9,14.321210183784055,16.321210183784054,20.41210001334548,6.307800067588687,simulated_charged,GA,2.3562853015965253,5,0,0,5,5,0.015000000000000013,0.015000000000000013,0.5,0.5,-1,1,16.449622770482733,16.467751606251955,16.472283815194263,False,False,0.0,0.0,0.5287794361718773,True,0.048083416177672804,0.0,True,5,0.0,0.0,0.0,10000,20000,Windows-AMD64-py3.14.3,self-contained local validation harness; charged-time accounting is disclosed by timing_mode
line-duel_greedy-improvement_seed0,no-git,2026-05-27T22:16:21,0,greedy-improvement,self-contained-game-ai,LineDuelEnv,1.0-local,line-duel,4,18.0,16.0,2.0,1.0,4.0,strict_delta_max,0.9,15.147990072320834,17.147990072320834,20.447999937459826,6.162800244055688,simulated_charged,GA,3.494543522843922,5,0,0,5,5,0.015000000000000013,0.015000000000000013,0.5,0.5,-1,1,17.01284882089552,17.12096182203577,17.147990072320834,False,False,0.0,0.0,0.46888634094355536,True,0.02090554337673835,0.0,True,5,0.0,0.0,0.0,10000,20000,Windows-AMD64-py3.14.3,self-contained local validation harness; charged-time accounting is disclosed by timing_mode
line-duel_greedy-improvement_seed0,no-git,2026-05-27T22:16:21,0,greedy-improvement,self-contained-game-ai,LineDuelEnv,1.0-local,line-duel,5,18.0,16.0,2.0,1.0,4.0,strict_delta_max,0.9,12.064550301472588,14.064550301472588,16.74230000935495,4.932799958623946,simulated_charged,GA,3.946364865848617,4,0,0,4,4,0.015000000000000013,0.015000000000000013,0.5,0.5,-1,1,16.97906350803919,17.114204759464506,17.147990072320834,False,False,0.0,0.0,0.46888634094355536,True,0.020269761756056912,0.0,True,4,0.0,0.0,0.0,10000,20000,Windows-AMD64-py3.14.3,self-contained local validation harness; charged-time accounting is disclosed by timing_mode
line-duel_greedy-improvement_seed1,no-git,2026-05-27T22:16:21,1,greedy-improvement,self-contained-game-ai,LineDuelEnv,1.0-local,line-duel,0,18.0,16.0,2.0,1.0,4.0,strict_delta_max,0.9,14.224008104543856,16.224008104543856,22.228999994695187,7.995299994945526,simulated_charged,GA,2.2352911094680827,5,0,0,5,5,-1.04,-1.04,0.0,0.5,-1,1,16.224008104543856,16.224008104543856,16.224008104543856,False,False,0.0,0.0,0.8212819453590211,True,0.04351751902763511,0.0,True,5,0.0,0.0,0.0,11000,21000,Windows-AMD64-py3.14.3,self-contained local validation harness; charged-time accounting is disclosed by timing_mode
line-duel_greedy-improvement_seed1,no-git,2026-05-27T22:16:21,1,greedy-improvement,self-contained-game-ai,LineDuelEnv,1.0-local,line-duel,1,18.0,16.0,2.0,1.0,4.0,strict_delta_max,0.9,12.485245910266535,14.485245910266535,17.485100077465177,5.944200092926621,simulated_charged,GA,3.880593776600343,4,0,0,4,4,-1.04,-1.04,0.0,0.5,-1,1,16.13706999482999,16.206620482601082,16.224008104543856,False,False,0.0,0.0,0.7947423919546869,True,0.030370586676992665,0.0,True,4,0.0,0.0,0.0,11000,21000,Windows-AMD64-py3.14.3,self-contained local validation harness; charged-time accounting is disclosed by timing_mode
line-duel_greedy-improvement_seed1,no-git,2026-05-27T22:16:21,1,greedy-improvement,self-contained-game-ai,LineDuelEnv,1.0-local,line-duel,2,18.0,16.0,2.0,1.0,4.0,strict_delta_max,0.9,15.067823018327008,17.067823018327008,21.82099991478026,7.68499996047467,simulated_charged,GA,3.950715051081146,5,0,0,5,5,-1.04,-1.04,0.0,0.5,-1,1,16.983441526948692,17.050946720051346,17.067823018327008,False,False,0.0,0.0,0.7947423919546869,True,0.0262265439624122,0.0,True,5,0.0,0.0,0.0,11000,21000,Windows-AMD64-py3.14.3,self-contained local validation harness; charged-time accounting is disclosed by timing_mode
line-duel_greedy-improvement_seed1,no-git,2026-05-27T22:16:21,1,greedy-improvement,self-contained-game-ai,LineDuelEnv,1.0-local,line-duel,3,18.0,16.0,2.0,1.0,4.0,strict_delta_max,0.9,12.846107264642546,14.846107264642546,17.304500099271536,5.898999981582165,simulated_charged,GA,3.197161736800089,4,0,0,4,4,-1.04,-1.04,0.0,0.5,-1,1,16.941250781259534,17.042508570913512,17.067823018327008,False,False,0.0,0.0,0.7947423919546869,True,0.03547040198996498,0.0,True,4,0.0,0.0,0.0,11000,21000,Windows-AMD64-py3.14.3,self-contained local validation harness; charged-time accounting is disclosed by timing_mode
line-duel_greedy-improvement_seed1,no-git,2026-05-27T22:16:21,1,greedy-improvement,self-contained-game-ai,LineDuelEnv,1.0-local,line-duel,4,18.0,16.0,2.0,1.0,4.0,strict_delta_max,0.9,13.388035889089014,15.388035889089014,21.8999000499025,7.70709989592433,simulated_charged,GA,2.6604781389742813,5,0,0,5,5,-1.04,-1.04,0.0,0.5,-1,1,16.89906003557038,17.03407042177568,17.067823018327008,False,False,0.0,0.0,0.7947423919546869,True,0.046345279738291126,0.0,True,5,0.0,0.0,0.0,11000,21000,Windows-AMD64-py3.14.3,self-contained local validation harness; charged-time accounting is disclosed by timing_mode
line-duel_greedy-improvement_seed1,no-git,2026-05-27T22:16:21,1,greedy-improvement,self-contained-game-ai,LineDuelEnv,1.0-local,line-duel,5,18.0,16.0,2.0,1.0,4.0,strict_delta_max,0.9,12.813849387337513,14.813849387337513,21.44060004502535,7.247900008223951,simulated_charged,GA,1.0734018156637932,5,0,0,5,5,-1.025,-1.025,0.0,0.5,-1,1,16.85686928988122,17.02563227263785,17.067823018327008,False,False,0.0,0.0,0.7863103456639433,True,0.06427115370765903,0.013974263673780078,True,5,0.0,0.0,0.0,11000,21000,Windows-AMD64-py3.14.3,self-contained local validation harness; charged-time accounting is disclosed by timing_mode
line-duel_greedy-improvement_seed2,no-git,2026-05-27T22:16:22,2,greedy-improvement,self-contained-game-ai,LineDuelEnv,1.0-local,line-duel,0,18.0,16.0,2.0,1.0,4.0,strict_delta_max,0.9,14.813565653238879,16.81356565323888,16.301299910992384,5.758700077421963,simulated_charged,GA,3.131754768012165,6,0,0,6,6,-0.0050000000000000044,-0.0050000000000000044,0.5,0.5,-1,1,16.81356565323888,16.81356565323888,16.81356565323888,False,False,0.0,0.0,0.7632706403381906,True,0.026819493238345687,0.0,True,6,0.0,0.0,0.0,12000,22000,Windows-AMD64-py3.14.3,self-contained local validation harness; charged-time accounting is disclosed by timing_mode
line-duel_greedy-improvement_seed2,no-git,2026-05-27T22:16:22,2,greedy-improvement,self-contained-game-ai,LineDuelEnv,1.0-local,line-duel,1,18.0,16.0,2.0,1.0,4.0,strict_delta_max,0.9,12.531446224023863,14.531446224023863,20.856200018897653,7.164299953728914,simulated_charged,GA,2.8738047095599057,5,0,0,5,5,-0.0050000000000000044,-0.0050000000000000044,0.5,0.5,-1,1,16.699459681778126,16.79074445894673,16.81356565323888,False,False,0.0,0.0,0.6130026042811695,True,0.036537458772236193,0.0,True,5,0.0,0.0,0.0,12000,22000,Windows-AMD64-py3.14.3,self-contained local validation harness; charged-time accounting is disclosed by timing_mode
line-duel_greedy-improvement_seed2,no-git,2026-05-27T22:16:22,2,greedy-improvement,self-contained-game-ai,LineDuelEnv,1.0-local,line-duel,2,18.0,16.0,2.0,1.0,4.0,strict_delta_max,0.9,13.227665518652646,15.227665518652646,21.464399993419647,7.619899930432439,simulated_charged,GA,2.857246273792712,5,0,0,5,5,-0.0050000000000000044,-0.0050000000000000044,0.5,0.5,-1,1,16.654975639780254,16.781847650547153,16.81356565323888,False,False,0.0,0.0,0.43072124848159543,True,0.031110328116791985,0.0,True,5,0.0,0.0,0.0,12000,22000,Windows-AMD64-py3.14.3,self-contained local validation harness; charged-time accounting is disclosed by timing_mode
line-duel_greedy-improvement_seed2,no-git,2026-05-27T22:16:22,2,greedy-improvement,self-contained-game-ai,LineDuelEnv,1.0-local,line-duel,3,18.0,16.0,2.0,1.0,4.0,strict_delta_max,0.9,13.074090768368693,15.074090768368693,26.16210002452135,8.692300063557923,simulated_charged,GA,1.22695902144976,6,0,0,6,6,-0.0050000000000000044,-0.0050000000000000044,0.5,0.5,-1,1,16.575680633050943,16.76598864920129,16.81356565323888,False,False,0.0,0.0,0.4169513110045364,True,0.08717143953561432,0.0,True,6,0.0,0.0,0.0,12000,22000,Windows-AMD64-py3.14.3,self-contained local validation harness; charged-time accounting is disclosed by timing_mode
line-duel_greedy-improvement_seed2,no-git,2026-05-27T22:16:22,2,greedy-improvement,self-contained-game-ai,LineDuelEnv,1.0-local,line-duel,4,18.0,16.0,2.0,1.0,4.0,strict_delta_max,0.9,14.658848904810435,16.658848904810434,26.11039998009801,8.679199847392738,simulated_charged,GA,3.421472115284686,6,0,0,6,6,-0.0050000000000000044,-0.0050000000000000044,0.5,0.5,-1,1,16.78262230355319,16.80737698330174,16.81356565323888,False,False,0.0,0.0,0.43078802384298653,True,0.02561298384912828,0.0,True,6,0.0,0.0,0.0,12000,22000,Windows-AMD64-py3.14.3,self-contained local validation harness; charged-time accounting is disclosed by timing_mode
line-duel_greedy-improvement_seed2,no-git,2026-05-27T22:16:22,2,greedy-improvement,self-contained-game-ai,LineDuelEnv,1.0-local,line-duel,5,18.0,16.0,2.0,1.0,4.0,strict_delta_max,0.9,12.804574512296497,14.804574512296497,25.676000048406422,9.075699956156313,simulated_charged,GA,1.1555369680229948,6,0,0,6,6,-0.0050000000000000044,-0.0050000000000000044,0.5,0.5,-1,1,16.77488646613177,16.805829815817457,16.81356565323888,False,False,0.0,0.0,0.43078802384298653,True,0.06238430851907733,0.0,True,6,0.0,0.0,0.0,12000,22000,Windows-AMD64-py3.14.3,self-contained local validation harness; charged-time accounting is disclosed by timing_mode
grid-treasure_DLGPR-full_seed0,no-git,2026-05-27T22:16:22,0,DLGPR-full,self-contained-game-ai,GridTreasureEnv,1.0-local,grid-treasure,0,18.0,16.0,2.0,1.0,4.0,strict_delta_max,0.9,12.852990780594645,14.852990780594645,24.130700039677322,9.396300069056451,simulated_charged,GA,2.724682374746422,3,1,1,5,5,0.025000000000000022,0.025000000000000022,0.5,0.5,-1,1,14.852990780594645,14.852990780594645,14.852990780594645,False,False,0.0,0.0,0.866566219619511,True,0.05479972206317567,0.0,True,6,0.15640243281505287,0.1419763854618634,0.14799562781938402,10000,20000,Windows-AMD64-py3.14.3,self-contained local validation harness; charged-time accounting is disclosed by timing_mode
grid-treasure_DLGPR-full_seed0,no-git,2026-05-27T22:16:22,0,DLGPR-full,self-contained-game-ai,GridTreasureEnv,1.0-local,grid-treasure,1,18.0,16.0,2.0,1.0,4.0,strict_delta_max,0.9,13.072552615553917,15.072552615553917,31.31659992504865,11.916199931874871,simulated_charged,GA,1.3597466551576876,5,1,1,7,7,0.025000000000000022,0.025000000000000022,0.5,0.5,-1,1,15.061574523805954,15.070356997204325,15.072552615553917,False,False,0.0,0.0,0.7496240834427136,True,0.13437373961066415,0.0,True,8,0.18215355245499282,0.13869794584261702,0.15311453905307923,10000,20000,Windows-AMD64-py3.14.3,self-contained local validation harness; charged-time accounting is disclosed by timing_mode
grid-treasure_DLGPR-full_seed0,no-git,2026-05-27T22:16:22,0,DLGPR-full,self-contained-game-ai,GridTreasureEnv,1.0-local,grid-treasure,2,18.0,16.0,2.0,1.0,4.0,strict_delta_max,0.9,13.80425383390299,15.80425383390299,23.247199947945774,9.3848000979051,simulated_charged,GA,2.1867780409170416,3,1,1,5,5,0.025000000000000022,0.025000000000000022,0.5,0.5,-1,1,15.731083712068083,15.789619809536008,15.80425383390299,False,False,0.0,0.0,0.7496240834427136,True,0.06887280698004199,0.0,True,6,0.1817947552032983,0.12750820027812299,0.14048356591238245,10000,20000,Windows-AMD64-py3.14.3,self-contained local validation harness; charged-time accounting is disclosed by timing_mode
grid-treasure_DLGPR-full_seed0,no-git,2026-05-27T22:16:22,0,DLGPR-full,self-contained-game-ai,GridTreasureEnv,1.0-local,grid-treasure,3,18.0,16.0,2.0,1.0,4.0,strict_delta_max,0.9,13.533944464725508,15.533944464725508,22.7174999890849,9.017700213007629,simulated_charged,GA,3.815263419220368,3,1,1,5,5,0.025000000000000022,0.025000000000000022,0.5,0.5,-1,1,15.763707428526368,15.796144552827666,15.80425383390299,False,False,0.0,0.0,0.7496240834427136,True,0.03646544537081365,0.0,True,6,0.18036098011289314,0.11878435912055582,0.1318565484828328,10000,20000,Windows-AMD64-py3.14.3,self-contained local validation harness; charged-time accounting is disclosed by timing_mode
grid-treasure_DLGPR-full_seed0,no-git,2026-05-27T22:16:22,0,DLGPR-full,self-contained-game-ai,GridTreasureEnv,1.0-local,grid-treasure,4,18.0,16.0,2.0,1.0,4.0,strict_delta_max,0.9,13.0520505338933,15.0520505338933,23.659400059841573,9.933400084264576,simulated_charged,GA,3.4569150770877823,3,1,1,5,5,0.025000000000000022,0.025000000000000022,0.5,0.5,-1,1,15.750191960067493,15.793441459135892,15.80425383390299,False,False,0.0,0.0,0.7496240834427136,True,0.049021541584793986,0.0,True,6,0.1784470883669647,0.11178446633212065,0.1532599968354718,10000,20000,Windows-AMD64-py3.14.3,self-contained local validation harness; charged-time accounting is disclosed by timing_mode
grid-treasure_DLGPR-full_seed0,no-git,2026-05-27T22:16:22,0,DLGPR-full,self-contained-game-ai,GridTreasureEnv,1.0-local,grid-treasure,5,18.0,16.0,2.0,1.0,4.0,strict_delta_max,0.9,12.417785940653653,14.417785940653653,26.903799967840314,9.886599844321609,simulated_charged,GA,2.382754878039515,4,1,1,6,6,0.025000000000000022,0.025000000000000022,0.5,0.5,-1,1,15.73667649160862,15.790738365444117,15.80425383390299,False,False,0.0,0.0,0.7496240834427136,True,0.0486253824762522,0.0,True,7,0.18244289340335365,0.10646469019207638,0.1348415807322615,10000,20000,Windows-AMD64-py3.14.3,self-contained local validation harness; charged-time accounting is disclosed by timing_mode
grid-treasure_DLGPR-full_seed1,no-git,2026-05-27T22:16:22,1,DLGPR-full,self-contained-game-ai,GridTreasureEnv,1.0-local,grid-treasure,0,18.0,16.0,2.0,1.0,4.0,strict_delta_max,0.9,14.31561306521249,16.31561306521249,25.00050002709031,10.425199987366796,simulated_charged,GA,2.855612249299627,3,1,1,5,5,0.010000000000000009,0.010000000000000009,0.5,0.5,-1,1,16.31561306521249,16.31561306521249,16.31561306521249,False,False,0.0,0.0,0.7957040923505982,True,0.06043677339554088,0.0,True,6,0.15230838660399965,0.1419763854618634,0.14709281844805114,11000,21000,Windows-AMD64-py3.14.3,self-contained local validation harness; charged-time accounting is disclosed by timing_mode
grid-treasure_DLGPR-full_seed1,no-git,2026-05-27T22:16:22,1,DLGPR-full,self-contained-game-ai,GridTreasureEnv,1.0-local,grid-treasure,1,18.0,16.0,2.0,1.0,4.0,strict_delta_max,0.9,14.218214654870103,16.218214654870103,30.045900028198957,12.06159999128431,simulated_charged,GA,2.9502201111890267,4,1,1,6,6,0.010000000000000009,0.010000000000000009,0.5,0.5,-1,1,16.31074314469537,16.314639081109064,16.31561306521249,False,False,0.0,0.0,0.6521638053482276,True,0.04785768497383568,0.0,True,7,0.16707509966257078,0.13651666518564684,0.14639459119444678,11000,21000,Windows-AMD64-py3.14.3,self-contained local validation harness; charged-time accounting is disclosed by timing_mode
grid-treasure_DLGPR-full_seed1,no-git,2026-05-27T22:16:22,1,DLGPR-full,self-contained-game-ai,GridTreasureEnv,1.0-local,grid-treasure,2,18.0,16.0,2.0,1.0,4.0,strict_delta_max,0.9,14.169419152051166,16.169419152051166,20.811400027014315,9.64980002027005,simulated_charged,GA,3.8711891562444243,2,1,1,4,4,0.010000000000000009,0.010000000000000009,0.5,0.5,-1,1,16.30587322417825,16.31366509700564,16.31561306521249,False,False,0.0,0.0,0.6412138184471672,True,0.033074713806639865,0.0,True,5,0.16179446482428173,0.12488319167365465,0.13362307839039098,11000,21000,Windows-AMD64-py3.14.3,self-contained local validation harness; charged-time accounting is disclosed by timing_mode
grid-treasure_DLGPR-full_seed1,no-git,2026-05-27T22:16:22,1,DLGPR-full,self-contained-game-ai,GridTreasureEnv,1.0-local,grid-treasure,3,18.0,16.0,2.0,1.0,4.0,strict_delta_max,0.9,13.780410031445138,15.780410031445138,24.10429995507002,10.296399937942624,simulated_charged,GA,3.7712703579521842,3,1,1,5,5,0.010000000000000009,0.010000000000000009,0.5,0.5,-1,1,16.30100330366113,16.31269111290222,16.31561306521249,False,False,0.0,0.0,0.5966236249723275,True,0.035837139150294774,0.0,True,6,0.16021549232316307,0.117048498366085,0.12605495441676834,11000,21000,Windows-AMD64-py3.14.3,self-contained local validation harness; charged-time accounting is disclosed by timing_mode
grid-treasure_DLGPR-full_seed1,no-git,2026-05-27T22:16:22,1,DLGPR-full,self-contained-game-ai,GridTreasureEnv,1.0-local,grid-treasure,4,18.0,16.0,2.0,1.0,4.0,strict_delta_max,0.9,12.117231300536718,14.117231300536718,17.746300087310374,7.181000197306275,simulated_charged,GA,3.723166061096331,2,1,1,4,4,0.010000000000000009,0.010000000000000009,0.5,0.5,-1,1,16.29613338314401,16.311717128798794,16.31561306521249,False,False,0.0,0.0,0.66201629342641,True,0.028314269812895435,0.0,True,5,0.1555925478863271,0.1098671213023066,0.12024336953531604,11000,21000,Windows-AMD64-py3.14.3,self-contained local validation harness; charged-time accounting is disclosed by timing_mode
grid-treasure_DLGPR-full_seed1,no-git,2026-05-27T22:16:22,1,DLGPR-full,self-contained-game-ai,GridTreasureEnv,1.0-local,grid-treasure,5,18.0,16.0,2.0,1.0,4.0,strict_delta_max,0.9,13.601064799637106,15.601064799637106,30.100699979811907,13.554900069721043,simulated_charged,RL,2.1574661663242183,1,1,4,6,6,0.010000000000000009,0.010000000000000009,0.5,0.5,-1,1,16.291263462626894,16.31074314469537,16.31561306521249,False,False,0.0,0.0,0.0,False,0.037080535142898684,0.0,True,10,0.12502469029846866,0.10506101091468965,0.12701744233001955,11000,21000,Windows-AMD64-py3.14.3,self-contained local validation harness; charged-time accounting is disclosed by timing_mode
grid-treasure_DLGPR-full_seed2,no-git,2026-05-27T22:16:22,2,DLGPR-full,self-contained-game-ai,GridTreasureEnv,1.0-local,grid-treasure,0,18.0,16.0,2.0,1.0,4.0,strict_delta_max,0.9,14.998266813878978,16.998266813878978,36.839500069618225,17.268699826672673,simulated_charged,GA,3.4762739439628696,4,1,1,6,6,-0.09499999999999997,-0.09499999999999997,0.5,0.5,-1,1,16.998266813878978,16.998266813878978,16.998266813878978,False,False,0.0,0.0,0.7857552850322262,True,0.03930323124540112,0.0,True,7,0.16094709297611615,0.14795772766865634,0.15440760039641252,12000,22000,Windows-AMD64-py3.14.3,self-contained local validation harness; charged-time accounting is disclosed by timing_mode
grid-treasure_DLGPR-full_seed2,no-git,2026-05-27T22:16:22,2,DLGPR-full,self-contained-game-ai,GridTreasureEnv,1.0-local,grid-treasure,1,18.0,16.0,2.0,1.0,4.0,strict_delta_max,0.9,12.954990287848252,14.954990287848252,28.736200067214668,12.42889987770468,simulated_charged,GA,1.8421526725391235,3,1,1,5,5,-0.07000000000000006,-0.07000000000000006,0.5,0.5,-1,1,16.896102987577443,16.97783404861867,16.998266813878978,False,False,0.0,0.0,0.6913675835844081,True,0.07280272837548722,0.01085686343924632,True,6,0.17093089045739296,0.13651666518564684,0.1456332582430827,12000,22000,Windows-AMD64-py3.14.3,self-contained local validation harness; charged-time accounting is disclosed by timing_mode
grid-treasure_DLGPR-full_seed2,no-git,2026-05-27T22:16:22,2,DLGPR-full,self-contained-game-ai,GridTreasureEnv,1.0-local,grid-treasure,2,18.0,16.0,2.0,1.0,4.0,strict_delta_max,0.9,15.039314598948216,17.039314598948216,36.40470001846552,17.158900038339198,simulated_charged,GA,3.4999308173336123,4,1,1,6,6,-0.07000000000000006,-0.07000000000000006,0.5,0.5,-1,1,17.035209820441292,17.03849364324683,17.039314598948216,False,False,0.0,0.0,0.5679443577679044,True,0.040826208279416194,0.0,True,7,0.16791807460320657,0.12750820027812299,0.1372001872200998,12000,22000,Windows-AMD64-py3.14.3,self-contained local validation harness; charged-time accounting is disclosed by timing_mode
grid-treasure_DLGPR-full_seed2,no-git,2026-05-27T22:16:22,2,DLGPR-full,self-contained-game-ai,GridTreasureEnv,1.0-local,grid-treasure,3,18.0,16.0,2.0,1.0,4.0,strict_delta_max,0.9,12.405522746115894,14.405522746115894,22.257099975831807,8.986699976958334,simulated_charged,GA,3.8356175777092916,2,1,1,4,4,-0.06999999999999995,-0.06999999999999995,0.5,0.5,-1,1,17.03315743118783,17.038083165396138,17.039314598948216,False,False,0.0,0.0,0.5488324698027741,True,0.03749997030755986,0.0,True,5,0.1565772498695844,0.11793935322915934,0.12702644693109563,12000,22000,Windows-AMD64-py3.14.3,self-contained local validation harness; charged-time accounting is disclosed by timing_mode
grid-treasure_DLGPR-full_seed2,no-git,2026-05-27T22:16:22,2,DLGPR-full,self-contained-game-ai,GridTreasureEnv,1.0-local,grid-treasure,4,18.0,16.0,2.0,1.0,4.0,strict_delta_max,0.9,13.140876309608302,15.140876309608302,32.9009999986738,13.16839992068708,simulated_charged,GA,1.9315629449947949,4,1,1,6,6,-0.06999999999999995,-0.06999999999999995,0.5,0.5,-1,1,17.031105041934367,17.037672687545445,17.039314598948216,False,False,0.0,0.0,0.4815418543807987,True,0.051670094402988545,0.0,True,7,0.15166636161196745,0.11178446633212065,0.1214086925980093,12000,22000,Windows-AMD64-py3.14.3,self-contained local validation harness; charged-time accounting is disclosed by timing_mode
grid-treasure_DLGPR-full_seed2,no-git,2026-05-27T22:16:22,2,DLGPR-full,self-contained-game-ai,GridTreasureEnv,1.0-local,grid-treasure,5,18.0,16.0,2.0,1.0,4.0,strict_delta_max,0.9,12.571154681162284,14.571154681162284,23.499000002630055,10.306699899956584,simulated_charged,GA,3.328180970132345,2,1,1,4,4,-0.06999999999999995,-0.06999999999999995,0.5,0.5,-1,1,17.029052652680907,17.037262209694756,17.039314598948216,False,False,0.0,0.0,0.4815418543807987,True,0.02929726895106372,0.0,True,5,0.14049707998107022,0.1055455607870661,0.11454563011256116,12000,22000,Windows-AMD64-py3.14.3,self-contained local validation harness; charged-time accounting is disclosed by timing_mode
grid-treasure_fixed-split_seed0,no-git,2026-05-27T22:16:23,0,fixed-split,self-contained-game-ai,GridTreasureEnv,1.0-local,grid-treasure,0,18.0,16.0,2.0,1.0,4.0,strict_delta_max,0.9,13.42684480446124,15.42684480446124,22.238399949856102,10.56799991056323,simulated_charged,PSO,3.298536398613016,2,2,1,5,5,0.025000000000000022,0.025000000000000022,0.5,0.5,-1,1,15.42684480446124,15.42684480446124,15.42684480446124,False,False,0.0,0.0,0.0,False,0.037742041008579905,0.0,True,6,0.0,0.0,0.0,10000,20000,Windows-AMD64-py3.14.3,self-contained local validation harness; charged-time accounting is disclosed by timing_mode
grid-treasure_fixed-split_seed0,no-git,2026-05-27T22:16:23,0,fixed-split,self-contained-game-ai,GridTreasureEnv,1.0-local,grid-treasure,1,18.0,16.0,2.0,1.0,4.0,strict_delta_max,0.9,12.975386261585266,14.975386261585266,25.23050003219396,11.473699938505888,simulated_charged,PSO,1.588517437152293,2,2,2,6,6,0.025000000000000022,0.025000000000000022,0.5,0.5,-1,1,15.404271877317441,15.42233021903248,15.42684480446124,False,False,0.0,0.0,0.0,False,0.08334409797848809,0.0,True,8,0.0,0.0,0.0,10000,20000,Windows-AMD64-py3.14.3,self-contained local validation harness; charged-time accounting is disclosed by timing_mode
grid-treasure_fixed-split_seed0,no-git,2026-05-27T22:16:23,0,fixed-split,self-contained-game-ai,GridTreasureEnv,1.0-local,grid-treasure,2,18.0,16.0,2.0,1.0,4.0,strict_delta_max,0.9,12.588148008243122,14.588148008243122,22.846700041554868,11.640099808573723,simulated_charged,PSO,2.503447681985216,2,2,2,6,6,0.030000000000000027,0.030000000000000027,0.5,0.5,-1,1,15.381698950173643,15.41781563360372,15.42684480446124,False,False,0.0,0.0,0.0,False,0.05086813826889947,0.0,True,8,0.0,0.0,0.0,10000,20000,Windows-AMD64-py3.14.3,self-contained local validation harness; charged-time accounting is disclosed by timing_mode
grid-treasure_fixed-split_seed0,no-git,2026-05-27T22:16:23,0,fixed-split,self-contained-game-ai,GridTreasureEnv,1.0-local,grid-treasure,3,18.0,16.0,2.0,1.0,4.0,strict_delta_max,0.9,12.348875367456083,14.348875367456083,22.276200004853308,9.051200235262513,simulated_charged,GA,1.5959601187479744,2,1,2,5,5,0.030000000000000027,0.030000000000000027,0.5,0.5,-1,1,15.359126023029843,15.41330104817496,15.42684480446124,False,False,0.0,0.0,0.7157842771858526,True,0.0902195029468794,0.0,True,7,0.0,0.0,0.0,10000,20000,Windows-AMD64-py3.14.3,self-contained local validation harness; charged-time accounting is disclosed by timing_mode
grid-treasure_fixed-split_seed0,no-git,2026-05-27T22:16:23,0,fixed-split,self-contained-game-ai,GridTreasureEnv,1.0-local,grid-treasure,4,18.0,16.0,2.0,1.0,4.0,strict_delta_max,0.9,12.37890676442771,14.37890676442771,25.194199988618493,11.76799985114485,simulated_charged,GA,1.3320942750459381,2,2,2,6,6,0.030000000000000027,0.030000000000000027,0.5,0.5,-1,1,15.336553095886044,15.408786462746201,15.42684480446124,False,False,0.0,0.0,0.7157842771858526,True,0.11157714590188063,0.0,True,8,0.0,0.0,0.0,10000,20000,Windows-AMD64-py3.14.3,self-contained local validation harness; charged-time accounting is disclosed by timing_mode
grid-treasure_fixed-split_seed0,no-git,2026-05-27T22:16:23,0,fixed-split,self-contained-game-ai,GridTreasureEnv,1.0-local,grid-treasure,5,18.0,16.0,2.0,1.0,4.0,strict_delta_max,0.9,14.629754324145033,16.629754324145033,19.10809997934848,9.450400015339255,simulated_charged,RL,3.897749239844337,1,2,2,5,5,0.030000000000000027,0.030000000000000027,0.5,0.5,-1,1,16.329026944224083,16.569608848160843,16.629754324145033,False,False,0.0,0.0,0.0,False,0.04104933133317468,0.0,True,7,0.0,0.0,0.0,10000,20000,Windows-AMD64-py3.14.3,self-contained local validation harness; charged-time accounting is disclosed by timing_mode
grid-treasure_fixed-split_seed1,no-git,2026-05-27T22:16:23,1,fixed-split,self-contained-game-ai,GridTreasureEnv,1.0-local,grid-treasure,0,18.0,16.0,2.0,1.0,4.0,strict_delta_max,0.9,13.460854505025697,15.460854505025697,22.768400027416646,11.199000058695674,simulated_charged,PSO,2.0008536891128346,2,2,1,5,5,0.010000000000000009,0.010000000000000009,0.5,0.5,-1,1,15.460854505025697,15.460854505025697,15.460854505025697,False,False,0.0,0.0,0.0,False,0.051395187414308784,0.0,True,6,0.0,0.0,0.0,11000,21000,Windows-AMD64-py3.14.3,self-contained local validation harness; charged-time accounting is disclosed by timing_mode
grid-treasure_fixed-split_seed1,no-git,2026-05-27T22:16:23,1,fixed-split,self-contained-game-ai,GridTreasureEnv,1.0-local,grid-treasure,1,18.0,16.0,2.0,1.0,4.0,strict_delta_max,0.9,13.860625423436417,15.860625423436417,28.0542999971658,12.065000017173588,simulated_charged,GA,2.6446531908504545,2,1,2,5,5,0.010000000000000009,0.010000000000000009,0.5,0.5,-1,1,15.84063687751588,15.85662771425231,15.860625423436417,False,False,0.0,0.0,0.587050156845271,True,0.04917995822641878,0.0,True,7,0.0,0.0,0.0,11000,21000,Windows-AMD64-py3.14.3,self-contained local validation harness; charged-time accounting is disclosed by timing_mode
grid-treasure_fixed-split_seed1,no-git,2026-05-27T22:16:23,1,fixed-split,self-contained-game-ai,GridTreasureEnv,1.0-local,grid-treasure,2,18.0,16.0,2.0,1.0,4.0,strict_delta_max,0.9,12.669051432612667,14.669051432612667,23.294799961149693,11.206900118850172,simulated_charged,RL,1.7600278885807048,1,2,2,5,5,0.010000000000000009,0.010000000000000009,0.5,0.5,-1,1,15.820648331595345,15.852630005068203,15.860625423436417,False,False,0.0,0.0,0.0,False,0.01704518445113513,0.0,True,7,0.0,0.0,0.0,11000,21000,Windows-AMD64-py3.14.3,self-contained local validation harness; charged-time accounting is disclosed by timing_mode
grid-treasure_fixed-split_seed1,no-git,2026-05-27T22:16:23,1,fixed-split,self-contained-game-ai,GridTreasureEnv,1.0-local,grid-treasure,3,18.0,16.0,2.0,1.0,4.0,strict_delta_max,0.9,13.208681189475788,15.208681189475788,23.778999922797084,11.264700093306601,simulated_charged,PSO,3.0831472135316935,2,2,1,5,5,0.010000000000000009,0.010000000000000009,0.5,0.5,-1,1,15.800659785674808,15.848632295884096,15.860625423436417,False,False,0.0,0.0,0.0,False,0.04939743163120048,0.0,True,6,0.0,0.0,0.0,11000,21000,Windows-AMD64-py3.14.3,self-contained local validation harness; charged-time accounting is disclosed by timing_mode
grid-treasure_fixed-split_seed1,no-git,2026-05-27T22:16:23,1,fixed-split,self-contained-game-ai,GridTreasureEnv,1.0-local,grid-treasure,4,18.0,16.0,2.0,1.0,4.0,strict_delta_max,0.9,12.244897840602338,14.244897840602338,22.7990000275895,10.093500255607069,simulated_charged,RL,3.6174844740033185,1,1,2,4,4,0.010000000000000009,0.010000000000000009,0.5,0.5,-1,1,15.780671239754273,15.84463458669999,15.860625423436417,False,False,0.0,0.0,0.0,False,0.0,0.0,True,6,0.0,0.0,0.0,11000,21000,Windows-AMD64-py3.14.3,self-contained local validation harness; charged-time accounting is disclosed by timing_mode
grid-treasure_fixed-split_seed1,no-git,2026-05-27T22:16:23,1,fixed-split,self-contained-game-ai,GridTreasureEnv,1.0-local,grid-treasure,5,18.0,16.0,2.0,1.0,4.0,strict_delta_max,0.9,14.346436347403612,16.34643634740361,23.346400004811585,10.875199921429157,simulated_charged,PSO,2.7306178130860688,2,2,1,5,5,0.010000000000000009,0.010000000000000009,0.5,0.5,-1,1,16.224983616411812,16.322145801205252,16.34643634740361,False,False,0.0,0.0,0.0,False,0.05362138034953934,0.0,True,6,0.0,0.0,0.0,11000,21000,Windows-AMD64-py3.14.3,self-contained local validation harness; charged-time accounting is disclosed by timing_mode
grid-treasure_fixed-split_seed2,no-git,2026-05-27T22:16:23,2,fixed-split,self-contained-game-ai,GridTreasureEnv,1.0-local,grid-treasure,0,18.0,16.0,2.0,1.0,4.0,strict_delta_max,0.9,12.523197983355619,14.523197983355619,27.27359998971224,14.37930017709732,simulated_charged,PSO,2.2659582207028057,2,2,1,5,5,-0.09499999999999997,-0.09499999999999997,0.5,0.5,-1,1,14.523197983355619,14.523197983355619,14.523197983355619,False,False,0.0,0.0,0.0,False,0.05362958242575609,0.0,True,6,0.0,0.0,0.0,12000,22000,Windows-AMD64-py3.14.3,self-contained local validation harness; charged-time accounting is disclosed by timing_mode
grid-treasure_fixed-split_seed2,no-git,2026-05-27T22:16:23,2,fixed-split,self-contained-game-ai,GridTreasureEnv,1.0-local,grid-treasure,1,18.0,16.0,2.0,1.0,4.0,strict_delta_max,0.9,12.754029698171205,14.754029698171205,27.660600026138127,12.892600032500923,simulated_charged,RL,4.0,1,1,2,4,4,-0.06999999999999995,-0.06999999999999995,0.5,0.5,-1,1,14.742488112430426,14.75172138102305,14.754029698171205,False,False,0.0,0.0,0.0,False,0.03250000000000003,0.0,True,6,0.0,0.0,0.0,12000,22000,Windows-AMD64-py3.14.3,self-contained local validation harness; charged-time accounting is disclosed by timing_mode
grid-treasure_fixed-split_seed2,no-git,2026-05-27T22:16:23,2,fixed-split,self-contained-game-ai,GridTreasureEnv,1.0-local,grid-treasure,2,18.0,16.0,2.0,1.0,4.0,strict_delta_max,0.9,14.773906890448401,16.7739068904484,36.49440000299364,15.942999976687133,simulated_charged,GA,3.0313871446115948,3,2,2,7,7,-0.06999999999999995,-0.06999999999999995,0.5,0.5,-1,1,16.57191917122068,16.733509346602858,16.7739068904484,False,False,0.0,0.0,0.7668710046910088,True,0.04993383289702889,0.0,True,9,0.0,0.0,0.0,12000,22000,Windows-AMD64-py3.14.3,self-contained local validation harness; charged-time accounting is disclosed by timing_mode
grid-treasure_fixed-split_seed2,no-git,2026-05-27T22:16:23,2,fixed-split,self-contained-game-ai,GridTreasureEnv,1.0-local,grid-treasure,3,18.0,16.0,2.0,1.0,4.0,strict_delta_max,0.9,14.936430316328607,16.936430316328607,42.77049994561821,21.645700209774077,simulated_charged,RL,2.97630746280092,2,3,3,8,8,-0.06999999999999995,-0.06999999999999995,0.5,0.5,-1,1,16.912051802446577,16.9315546135522,16.936430316328607,False,False,0.0,0.0,0.0,False,0.036958547251862935,0.0,True,11,0.0,0.0,0.0,12000,22000,Windows-AMD64-py3.14.3,self-contained local validation harness; charged-time accounting is disclosed by timing_mode
grid-treasure_fixed-split_seed2,no-git,2026-05-27T22:16:23,2,fixed-split,self-contained-game-ai,GridTreasureEnv,1.0-local,grid-treasure,4,18.0,16.0,2.0,1.0,4.0,strict_delta_max,0.9,12.333758653421958,14.333758653421958,24.140099994838238,12.493900023400784,simulated_charged,PSO,1.3934486104922021,2,2,1,5,5,-0.06999999999999995,-0.06999999999999995,0.5,0.5,-1,1,16.903925631152568,16.929929379293398,16.936430316328607,False,False,0.0,0.0,0.0,False,0.06709094899247027,0.0,True,6,0.0,0.0,0.0,12000,22000,Windows-AMD64-py3.14.3,self-contained local validation harness; charged-time accounting is disclosed by timing_mode
grid-treasure_fixed-split_seed2,no-git,2026-05-27T22:16:23,2,fixed-split,self-contained-game-ai,GridTreasureEnv,1.0-local,grid-treasure,5,18.0,16.0,2.0,1.0,4.0,strict_delta_max,0.9,14.735524392556346,16.735524392556346,37.876499933190644,17.531700432300568,simulated_charged,RL,3.037994776016133,2,2,3,7,7,-0.06999999999999995,-0.06999999999999995,0.5,0.5,-1,1,16.895799459858555,16.9283041450346,16.936430316328607,False,False,0.0,0.0,0.0,False,0.0,0.0,True,10,0.0,0.0,0.0,12000,22000,Windows-AMD64-py3.14.3,self-contained local validation harness; charged-time accounting is disclosed by timing_mode
grid-treasure_round-robin_seed0,no-git,2026-05-27T22:16:23,0,round-robin,self-contained-game-ai,GridTreasureEnv,1.0-local,grid-treasure,0,18.0,16.0,2.0,1.0,4.0,strict_delta_max,0.9,13.42684480446124,15.42684480446124,22.247099899686873,10.670200223103166,simulated_charged,PSO,3.298536398613016,2,2,1,5,5,0.025000000000000022,0.025000000000000022,0.5,0.5,-1,1,15.42684480446124,15.42684480446124,15.42684480446124,False,False,0.0,0.0,0.0,False,0.037742041008579905,0.0,True,6,0.0,0.0,0.0,10000,20000,Windows-AMD64-py3.14.3,self-contained local validation harness; charged-time accounting is disclosed by timing_mode
grid-treasure_round-robin_seed0,no-git,2026-05-27T22:16:23,0,round-robin,self-contained-game-ai,GridTreasureEnv,1.0-local,grid-treasure,1,18.0,16.0,2.0,1.0,4.0,strict_delta_max,0.9,12.975386261585266,14.975386261585266,24.860900011844933,11.018999968655407,simulated_charged,PSO,1.588517437152293,2,2,2,6,6,0.025000000000000022,0.025000000000000022,0.5,0.5,-1,1,15.404271877317441,15.42233021903248,15.42684480446124,False,False,0.0,0.0,0.0,False,0.08334409797848809,0.0,True,8,0.0,0.0,0.0,10000,20000,Windows-AMD64-py3.14.3,self-contained local validation harness; charged-time accounting is disclosed by timing_mode
grid-treasure_round-robin_seed0,no-git,2026-05-27T22:16:23,0,round-robin,self-contained-game-ai,GridTreasureEnv,1.0-local,grid-treasure,2,18.0,16.0,2.0,1.0,4.0,strict_delta_max,0.9,12.588148008243122,14.588148008243122,22.334799985401332,10.931600001640618,simulated_charged,PSO,2.503447681985216,2,2,2,6,6,0.030000000000000027,0.030000000000000027,0.5,0.5,-1,1,15.381698950173643,15.41781563360372,15.42684480446124,False,False,0.0,0.0,0.0,False,0.05086813826889947,0.0,True,8,0.0,0.0,0.0,10000,20000,Windows-AMD64-py3.14.3,self-contained local validation harness; charged-time accounting is disclosed by timing_mode
grid-treasure_round-robin_seed0,no-git,2026-05-27T22:16:23,0,round-robin,self-contained-game-ai,GridTreasureEnv,1.0-local,grid-treasure,3,18.0,16.0,2.0,1.0,4.0,strict_delta_max,0.9,12.348875367456083,14.348875367456083,22.02079992275685,8.64070001989603,simulated_charged,GA,1.5959601187479744,2,1,2,5,5,0.030000000000000027,0.030000000000000027,0.5,0.5,-1,1,15.359126023029843,15.41330104817496,15.42684480446124,False,False,0.0,0.0,0.7157842771858526,True,0.0902195029468794,0.0,True,7,0.0,0.0,0.0,10000,20000,Windows-AMD64-py3.14.3,self-contained local validation harness; charged-time accounting is disclosed by timing_mode
grid-treasure_round-robin_seed0,no-git,2026-05-27T22:16:23,0,round-robin,self-contained-game-ai,GridTreasureEnv,1.0-local,grid-treasure,4,18.0,16.0,2.0,1.0,4.0,strict_delta_max,0.9,12.37890676442771,14.37890676442771,27.80520007945597,12.692999909631908,simulated_charged,GA,1.3320942750459381,2,2,2,6,6,0.030000000000000027,0.030000000000000027,0.5,0.5,-1,1,15.336553095886044,15.408786462746201,15.42684480446124,False,False,0.0,0.0,0.7157842771858526,True,0.11157714590188063,0.0,True,8,0.0,0.0,0.0,10000,20000,Windows-AMD64-py3.14.3,self-contained local validation harness; charged-time accounting is disclosed by timing_mode
grid-treasure_round-robin_seed0,no-git,2026-05-27T22:16:23,0,round-robin,self-contained-game-ai,GridTreasureEnv,1.0-local,grid-treasure,5,18.0,16.0,2.0,1.0,4.0,strict_delta_max,0.9,14.629754324145033,16.629754324145033,19.597700098529458,9.754300117492676,simulated_charged,RL,3.897749239844337,1,2,2,5,5,0.030000000000000027,0.030000000000000027,0.5,0.5,-1,1,16.329026944224083,16.569608848160843,16.629754324145033,False,False,0.0,0.0,0.0,False,0.04104933133317468,0.0,True,7,0.0,0.0,0.0,10000,20000,Windows-AMD64-py3.14.3,self-contained local validation harness; charged-time accounting is disclosed by timing_mode
grid-treasure_round-robin_seed1,no-git,2026-05-27T22:16:24,1,round-robin,self-contained-game-ai,GridTreasureEnv,1.0-local,grid-treasure,0,18.0,16.0,2.0,1.0,4.0,strict_delta_max,0.9,13.460854505025697,15.460854505025697,21.831699996255338,10.894700069911778,simulated_charged,PSO,2.0008536891128346,2,2,1,5,5,0.010000000000000009,0.010000000000000009,0.5,0.5,-1,1,15.460854505025697,15.460854505025697,15.460854505025697,False,False,0.0,0.0,0.0,False,0.051395187414308784,0.0,True,6,0.0,0.0,0.0,11000,21000,Windows-AMD64-py3.14.3,self-contained local validation harness; charged-time accounting is disclosed by timing_mode
grid-treasure_round-robin_seed1,no-git,2026-05-27T22:16:24,1,round-robin,self-contained-game-ai,GridTreasureEnv,1.0-local,grid-treasure,1,18.0,16.0,2.0,1.0,4.0,strict_delta_max,0.9,13.860625423436417,15.860625423436417,26.10249991994351,11.72700000461191,simulated_charged,GA,2.6446531908504545,2,1,2,5,5,0.010000000000000009,0.010000000000000009,0.5,0.5,-1,1,15.84063687751588,15.85662771425231,15.860625423436417,False,False,0.0,0.0,0.587050156845271,True,0.04917995822641878,0.0,True,7,0.0,0.0,0.0,11000,21000,Windows-AMD64-py3.14.3,self-contained local validation harness; charged-time accounting is disclosed by timing_mode
grid-treasure_round-robin_seed1,no-git,2026-05-27T22:16:24,1,round-robin,self-contained-game-ai,GridTreasureEnv,1.0-local,grid-treasure,2,18.0,16.0,2.0,1.0,4.0,strict_delta_max,0.9,12.669051432612667,14.669051432612667,21.52489998843521,9.846900007687509,simulated_charged,RL,1.7600278885807048,1,2,2,5,5,0.010000000000000009,0.010000000000000009,0.5,0.5,-1,1,15.820648331595345,15.852630005068203,15.860625423436417,False,False,0.0,0.0,0.0,False,0.01704518445113513,0.0,True,7,0.0,0.0,0.0,11000,21000,Windows-AMD64-py3.14.3,self-contained local validation harness; charged-time accounting is disclosed by timing_mode
grid-treasure_round-robin_seed1,no-git,2026-05-27T22:16:24,1,round-robin,self-contained-game-ai,GridTreasureEnv,1.0-local,grid-treasure,3,18.0,16.0,2.0,1.0,4.0,strict_delta_max,0.9,13.208681189475788,15.208681189475788,22.11879997048527,10.622799978591502,simulated_charged,PSO,3.0831472135316935,2,2,1,5,5,0.010000000000000009,0.010000000000000009,0.5,0.5,-1,1,15.800659785674808,15.848632295884096,15.860625423436417,False,False,0.0,0.0,0.0,False,0.04939743163120048,0.0,True,6,0.0,0.0,0.0,11000,21000,Windows-AMD64-py3.14.3,self-contained local validation harness; charged-time accounting is disclosed by timing_mode
grid-treasure_round-robin_seed1,no-git,2026-05-27T22:16:24,1,round-robin,self-contained-game-ai,GridTreasureEnv,1.0-local,grid-treasure,4,18.0,16.0,2.0,1.0,4.0,strict_delta_max,0.9,12.244897840602338,14.244897840602338,20.943800103850663,8.992599789053202,simulated_charged,RL,3.6174844740033185,1,1,2,4,4,0.010000000000000009,0.010000000000000009,0.5,0.5,-1,1,15.780671239754273,15.84463458669999,15.860625423436417,False,False,0.0,0.0,0.0,False,0.0,0.0,True,6,0.0,0.0,0.0,11000,21000,Windows-AMD64-py3.14.3,self-contained local validation harness; charged-time accounting is disclosed by timing_mode
grid-treasure_round-robin_seed1,no-git,2026-05-27T22:16:24,1,round-robin,self-contained-game-ai,GridTreasureEnv,1.0-local,grid-treasure,5,18.0,16.0,2.0,1.0,4.0,strict_delta_max,0.9,14.346436347403612,16.34643634740361,21.772900014184415,10.152500006370246,simulated_charged,PSO,2.7306178130860688,2,2,1,5,5,0.010000000000000009,0.010000000000000009,0.5,0.5,-1,1,16.224983616411812,16.322145801205252,16.34643634740361,False,False,0.0,0.0,0.0,False,0.05362138034953934,0.0,True,6,0.0,0.0,0.0,11000,21000,Windows-AMD64-py3.14.3,self-contained local validation harness; charged-time accounting is disclosed by timing_mode
grid-treasure_round-robin_seed2,no-git,2026-05-27T22:16:24,2,round-robin,self-contained-game-ai,GridTreasureEnv,1.0-local,grid-treasure,0,18.0,16.0,2.0,1.0,4.0,strict_delta_max,0.9,12.523197983355619,14.523197983355619,27.26290002465248,13.978200033307076,simulated_charged,PSO,2.2659582207028057,2,2,1,5,5,-0.09499999999999997,-0.09499999999999997,0.5,0.5,-1,1,14.523197983355619,14.523197983355619,14.523197983355619,False,False,0.0,0.0,0.0,False,0.05362958242575609,0.0,True,6,0.0,0.0,0.0,12000,22000,Windows-AMD64-py3.14.3,self-contained local validation harness; charged-time accounting is disclosed by timing_mode
grid-treasure_round-robin_seed2,no-git,2026-05-27T22:16:24,2,round-robin,self-contained-game-ai,GridTreasureEnv,1.0-local,grid-treasure,1,18.0,16.0,2.0,1.0,4.0,strict_delta_max,0.9,12.754029698171205,14.754029698171205,26.60049998667091,12.434300035238266,simulated_charged,RL,4.0,1,1,2,4,4,-0.06999999999999995,-0.06999999999999995,0.5,0.5,-1,1,14.742488112430426,14.75172138102305,14.754029698171205,False,False,0.0,0.0,0.0,False,0.03250000000000003,0.0,True,6,0.0,0.0,0.0,12000,22000,Windows-AMD64-py3.14.3,self-contained local validation harness; charged-time accounting is disclosed by timing_mode
grid-treasure_round-robin_seed2,no-git,2026-05-27T22:16:24,2,round-robin,self-contained-game-ai,GridTreasureEnv,1.0-local,grid-treasure,2,18.0,16.0,2.0,1.0,4.0,strict_delta_max,0.9,14.773906890448401,16.7739068904484,37.20270004123449,16.413499834015965,simulated_charged,GA,3.0313871446115948,3,2,2,7,7,-0.06999999999999995,-0.06999999999999995,0.5,0.5,-1,1,16.57191917122068,16.733509346602858,16.7739068904484,False,False,0.0,0.0,0.7668710046910088,True,0.04993383289702889,0.0,True,9,0.0,0.0,0.0,12000,22000,Windows-AMD64-py3.14.3,self-contained local validation harness; charged-time accounting is disclosed by timing_mode
grid-treasure_round-robin_seed2,no-git,2026-05-27T22:16:24,2,round-robin,self-contained-game-ai,GridTreasureEnv,1.0-local,grid-treasure,3,18.0,16.0,2.0,1.0,4.0,strict_delta_max,0.9,14.936430316328607,16.936430316328607,43.38990000542253,21.964699844829738,simulated_charged,RL,2.97630746280092,2,3,3,8,8,-0.06999999999999995,-0.06999999999999995,0.5,0.5,-1,1,16.912051802446577,16.9315546135522,16.936430316328607,False,False,0.0,0.0,0.0,False,0.036958547251862935,0.0,True,11,0.0,0.0,0.0,12000,22000,Windows-AMD64-py3.14.3,self-contained local validation harness; charged-time accounting is disclosed by timing_mode
grid-treasure_round-robin_seed2,no-git,2026-05-27T22:16:24,2,round-robin,self-contained-game-ai,GridTreasureEnv,1.0-local,grid-treasure,4,18.0,16.0,2.0,1.0,4.0,strict_delta_max,0.9,12.333758653421958,14.333758653421958,23.582300054840744,11.992000159807503,simulated_charged,PSO,1.3934486104922021,2,2,1,5,5,-0.06999999999999995,-0.06999999999999995,0.5,0.5,-1,1,16.903925631152568,16.929929379293398,16.936430316328607,False,False,0.0,0.0,0.0,False,0.06709094899247027,0.0,True,6,0.0,0.0,0.0,12000,22000,Windows-AMD64-py3.14.3,self-contained local validation harness; charged-time accounting is disclosed by timing_mode
grid-treasure_round-robin_seed2,no-git,2026-05-27T22:16:24,2,round-robin,self-contained-game-ai,GridTreasureEnv,1.0-local,grid-treasure,5,18.0,16.0,2.0,1.0,4.0,strict_delta_max,0.9,14.735524392556346,16.735524392556346,37.953600054606795,17.37449993379414,simulated_charged,RL,3.037994776016133,2,2,3,7,7,-0.06999999999999995,-0.06999999999999995,0.5,0.5,-1,1,16.895799459858555,16.9283041450346,16.936430316328607,False,False,0.0,0.0,0.0,False,0.0,0.0,True,10,0.0,0.0,0.0,12000,22000,Windows-AMD64-py3.14.3,self-contained local validation harness; charged-time accounting is disclosed by timing_mode
grid-treasure_greedy-improvement_seed0,no-git,2026-05-27T22:16:24,0,greedy-improvement,self-contained-game-ai,GridTreasureEnv,1.0-local,grid-treasure,0,18.0,16.0,2.0,1.0,4.0,strict_delta_max,0.9,13.75206066278055,15.75206066278055,31.073100049979985,10.564500000327826,simulated_charged,GA,2.3445051467421636,6,0,0,6,6,0.025000000000000022,0.025000000000000022,0.5,0.5,-1,1,15.75206066278055,15.75206066278055,15.75206066278055,False,False,0.0,0.0,0.7328984474742877,True,0.056183197221847885,0.0,True,6,0.0,0.0,0.0,10000,20000,Windows-AMD64-py3.14.3,self-contained local validation harness; charged-time accounting is disclosed by timing_mode
grid-treasure_greedy-improvement_seed0,no-git,2026-05-27T22:16:24,0,greedy-improvement,self-contained-game-ai,GridTreasureEnv,1.0-local,grid-treasure,1,18.0,16.0,2.0,1.0,4.0,strict_delta_max,0.9,13.775441573259386,15.775441573259386,29.22149992082268,9.26170009188354,simulated_charged,GA,3.0276574243603855,6,0,0,6,6,0.030000000000000027,0.030000000000000027,0.5,0.5,-1,1,15.774272527735445,15.775207764154597,15.775441573259386,False,False,0.0,0.0,0.7591869014902193,True,0.04170702289049015,0.0,True,6,0.0,0.0,0.0,10000,20000,Windows-AMD64-py3.14.3,self-contained local validation harness; charged-time accounting is disclosed by timing_mode
grid-treasure_greedy-improvement_seed0,no-git,2026-05-27T22:16:24,0,greedy-improvement,self-contained-game-ai,GridTreasureEnv,1.0-local,grid-treasure,2,18.0,16.0,2.0,1.0,4.0,strict_delta_max,0.9,12.271363498890349,14.271363498890349,24.96810001321137,7.740000146441162,simulated_charged,GA,2.845077307670694,5,0,0,5,5,1.05,1.05,1.0,0.5,96,1,15.773103482211502,15.77497395504981,15.775441573259386,False,False,0.0,0.0,0.7608444941799686,True,0.04751030362142755,0.0,True,5,0.0,0.0,0.0,10000,20000,Windows-AMD64-py3.14.3,self-contained local validation harness; charged-time accounting is disclosed by timing_mode
grid-treasure_greedy-improvement_seed0,no-git,2026-05-27T22:16:24,0,greedy-improvement,self-contained-game-ai,GridTreasureEnv,1.0-local,grid-treasure,3,18.0,16.0,2.0,1.0,4.0,strict_delta_max,0.9,14.872345514257004,16.872345514257006,30.96999996341765,10.06429991684854,simulated_charged,GA,3.268477095587089,6,0,0,6,6,1.05,1.05,1.0,0.5,96,1,16.707809923107362,16.839438396027077,16.872345514257006,False,False,0.0,0.0,0.7608444941799686,True,0.04009410137483764,0.0,True,6,0.0,0.0,0.0,10000,20000,Windows-AMD64-py3.14.3,self-contained local validation harness; charged-time accounting is disclosed by timing_mode
grid-treasure_greedy-improvement_seed0,no-git,2026-05-27T22:16:24,0,greedy-improvement,self-contained-game-ai,GridTreasureEnv,1.0-local,grid-treasure,4,18.0,16.0,2.0,1.0,4.0,strict_delta_max,0.9,12.26485981057226,14.26485981057226,24.628299986943603,7.556700147688389,simulated_charged,GA,3.98056434733576,5,0,0,5,5,1.05,1.05,1.0,0.5,96,1,16.652964726057483,16.828469356617102,16.872345514257006,False,False,0.0,0.0,0.7135837298066932,True,0.024773201697359616,0.0,True,5,0.0,0.0,0.0,10000,20000,Windows-AMD64-py3.14.3,self-contained local validation harness; charged-time accounting is disclosed by timing_mode
grid-treasure_greedy-improvement_seed0,no-git,2026-05-27T22:16:24,0,greedy-improvement,self-contained-game-ai,GridTreasureEnv,1.0-local,grid-treasure,5,18.0,16.0,2.0,1.0,4.0,strict_delta_max,0.9,12.515306660849475,14.515306660849475,31.305899959988892,10.943399975076318,simulated_charged,GA,1.7927451215278905,6,0,0,6,6,1.05,1.05,1.0,0.5,96,1,16.5981195290076,16.817500317207124,16.872345514257006,False,False,0.0,0.0,0.5796563197999883,True,0.06273627744847245,0.0,True,6,0.0,0.0,0.0,10000,20000,Windows-AMD64-py3.14.3,self-contained local validation harness; charged-time accounting is disclosed by timing_mode
grid-treasure_greedy-improvement_seed1,no-git,2026-05-27T22:16:24,1,greedy-improvement,self-contained-game-ai,GridTreasureEnv,1.0-local,grid-treasure,0,18.0,16.0,2.0,1.0,4.0,strict_delta_max,0.9,12.704669680523365,14.704669680523365,37.79200010467321,13.427899917587638,simulated_charged,GA,1.0622897383164795,7,0,0,7,7,0.010000000000000009,0.010000000000000009,0.5,0.5,-1,1,14.704669680523365,14.704669680523365,14.704669680523365,False,False,0.0,0.0,0.6966165814672267,True,0.1215856758608736,0.0,True,7,0.0,0.0,0.0,11000,21000,Windows-AMD64-py3.14.3,self-contained local validation harness; charged-time accounting is disclosed by timing_mode
grid-treasure_greedy-improvement_seed1,no-git,2026-05-27T22:16:24,1,greedy-improvement,self-contained-game-ai,GridTreasureEnv,1.0-local,grid-treasure,1,18.0,16.0,2.0,1.0,4.0,strict_delta_max,0.9,14.55380504247263,16.553805042472632,29.145300039090216,10.660600033588707,simulated_charged,GA,2.8547718829211686,5,0,0,5,5,0.010000000000000009,0.010000000000000009,0.5,0.5,-1,1,16.46134827437517,16.53531368885314,16.553805042472632,False,False,0.0,0.0,0.6296077587395043,True,0.038291533538040094,0.0,True,5,0.0,0.0,0.0,11000,21000,Windows-AMD64-py3.14.3,self-contained local validation harness; charged-time accounting is disclosed by timing_mode
grid-treasure_greedy-improvement_seed1,no-git,2026-05-27T22:16:24,1,greedy-improvement,self-contained-game-ai,GridTreasureEnv,1.0-local,grid-treasure,2,18.0,16.0,2.0,1.0,4.0,strict_delta_max,0.9,14.158590884216746,16.158590884216746,26.80099999997765,9.008900029584765,simulated_charged,GA,2.8238474377882063,5,0,0,5,5,0.010000000000000009,0.010000000000000009,0.5,0.5,-1,1,16.514283626647043,16.545900759307514,16.553805042472632,False,False,0.0,0.0,0.6204291842344423,True,0.06447752648678634,0.0,True,5,0.0,0.0,0.0,11000,21000,Windows-AMD64-py3.14.3,self-contained local validation harness; charged-time accounting is disclosed by timing_mode
grid-treasure_greedy-improvement_seed1,no-git,2026-05-27T22:16:24,1,greedy-improvement,self-contained-game-ai,GridTreasureEnv,1.0-local,grid-treasure,3,18.0,16.0,2.0,1.0,4.0,strict_delta_max,0.9,14.04003735698827,16.04003735698827,32.78540004976094,11.624299921095371,simulated_charged,GA,2.7921987965269914,6,0,0,6,6,0.010000000000000009,0.010000000000000009,0.5,0.5,-1,1,16.494522918734248,16.541948617724955,16.553805042472632,False,False,0.0,0.0,0.6204291842344423,True,0.03440365428503654,0.0,True,6,0.0,0.0,0.0,11000,21000,Windows-AMD64-py3.14.3,self-contained local validation harness; charged-time accounting is disclosed by timing_mode
grid-treasure_greedy-improvement_seed1,no-git,2026-05-27T22:16:24,1,greedy-improvement,self-contained-game-ai,GridTreasureEnv,1.0-local,grid-treasure,4,18.0,16.0,2.0,1.0,4.0,strict_delta_max,0.9,13.85597612077285,15.85597612077285,30.94930003862828,10.98360016476363,simulated_charged,GA,2.529567284521296,5,0,0,5,5,0.010000000000000009,0.010000000000000009,0.5,0.5,-1,1,16.474762210821456,16.537996476142396,16.553805042472632,False,False,0.0,0.0,0.6204291842344423,True,0.04154984094672821,0.0,True,5,0.0,0.0,0.0,11000,21000,Windows-AMD64-py3.14.3,self-contained local validation harness; charged-time accounting is disclosed by timing_mode
grid-treasure_greedy-improvement_seed1,no-git,2026-05-27T22:16:24,1,greedy-improvement,self-contained-game-ai,GridTreasureEnv,1.0-local,grid-treasure,5,18.0,16.0,2.0,1.0,4.0,strict_delta_max,0.9,13.467949736481458,15.467949736481458,31.955600017681718,11.342399986460805,simulated_charged,GA,1.9412481572220335,6,0,0,6,6,0.010000000000000009,0.010000000000000009,0.5,0.5,-1,1,16.45500150290866,16.534044334559837,16.553805042472632,False,False,0.0,0.0,0.6204291842344423,True,0.05976543276065173,0.0,True,6,0.0,0.0,0.0,11000,21000,Windows-AMD64-py3.14.3,self-contained local validation harness; charged-time accounting is disclosed by timing_mode
grid-treasure_greedy-improvement_seed2,no-git,2026-05-27T22:16:25,2,greedy-improvement,self-contained-game-ai,GridTreasureEnv,1.0-local,grid-treasure,0,18.0,16.0,2.0,1.0,4.0,strict_delta_max,0.9,13.126814219698051,15.126814219698051,30.99360002670437,13.236199971288443,simulated_charged,GA,3.058286705164339,5,0,0,5,5,-0.09499999999999997,-0.09499999999999997,0.5,0.5,-1,1,15.126814219698051,15.126814219698051,15.126814219698051,False,False,0.0,0.0,0.7564481121746757,True,0.04200950245614174,0.0,True,5,0.0,0.0,0.0,12000,22000,Windows-AMD64-py3.14.3,self-contained local validation harness; charged-time accounting is disclosed by timing_mode
grid-treasure_greedy-improvement_seed2,no-git,2026-05-27T22:16:25,2,greedy-improvement,self-contained-game-ai,GridTreasureEnv,1.0-local,grid-treasure,1,18.0,16.0,2.0,1.0,4.0,strict_delta_max,0.9,15.221718583468176,17.221718583468174,29.020900023169816,10.989599861204624,simulated_charged,GA,3.554418391917593,5,0,0,5,5,-0.06999999999999995,-0.06999999999999995,0.5,0.5,-1,1,17.11697336527967,17.200769539830475,17.221718583468174,False,False,0.0,0.0,0.5833263704528967,True,0.033636794896372856,0.0,True,5,0.0,0.0,0.0,12000,22000,Windows-AMD64-py3.14.3,self-contained local validation harness; charged-time accounting is disclosed by timing_mode
grid-treasure_greedy-improvement_seed2,no-git,2026-05-27T22:16:25,2,greedy-improvement,self-contained-game-ai,GridTreasureEnv,1.0-local,grid-treasure,2,18.0,16.0,2.0,1.0,4.0,strict_delta_max,0.9,13.666870898791405,15.666870898791405,34.13479996379465,13.376799994148314,simulated_charged,GA,2.6545449193943087,6,0,0,6,6,-0.06999999999999995,-0.06999999999999995,0.5,0.5,-1,1,17.066233815000498,17.19062162977464,17.221718583468174,False,False,0.0,0.0,0.5859298814884426,True,0.049961563664153365,0.0,True,6,0.0,0.0,0.0,12000,22000,Windows-AMD64-py3.14.3,self-contained local validation harness; charged-time accounting is disclosed by timing_mode
grid-treasure_greedy-improvement_seed2,no-git,2026-05-27T22:16:25,2,greedy-improvement,self-contained-game-ai,GridTreasureEnv,1.0-local,grid-treasure,3,18.0,16.0,2.0,1.0,4.0,strict_delta_max,0.9,14.171023111948163,16.171023111948163,28.98459997959435,11.288399924524128,simulated_charged,GA,3.541341656708042,5,0,0,5,5,-0.06999999999999995,-0.06999999999999995,0.5,0.5,-1,1,17.064114262740173,17.190197719322573,17.221718583468174,False,False,0.0,0.0,0.6102112795186397,True,0.029418107987846758,0.0,True,5,0.0,0.0,0.0,12000,22000,Windows-AMD64-py3.14.3,self-contained local validation harness; charged-time accounting is disclosed by timing_mode
grid-treasure_greedy-improvement_seed2,no-git,2026-05-27T22:16:25,2,greedy-improvement,self-contained-game-ai,GridTreasureEnv,1.0-local,grid-treasure,4,18.0,16.0,2.0,1.0,4.0,strict_delta_max,0.9,12.995224332744383,14.995224332744383,34.29929993581027,13.062799931503832,simulated_charged,GA,1.4787064094038416,6,0,0,6,6,-0.06999999999999995,-0.06999999999999995,0.5,0.5,-1,1,17.011579489164173,17.179690764607376,17.221718583468174,False,False,0.0,0.0,0.5374138894595469,True,0.09690610256553019,0.0,True,6,0.0,0.0,0.0,12000,22000,Windows-AMD64-py3.14.3,self-contained local validation harness; charged-time accounting is disclosed by timing_mode
grid-treasure_greedy-improvement_seed2,no-git,2026-05-27T22:16:25,2,greedy-improvement,self-contained-game-ai,GridTreasureEnv,1.0-local,grid-treasure,5,18.0,16.0,2.0,1.0,4.0,strict_delta_max,0.9,12.652441672095676,14.652441672095676,24.452900048345327,9.795199846848845,simulated_charged,GA,3.0099464377671694,4,0,0,4,4,-0.06999999999999995,-0.06999999999999995,0.5,0.5,-1,1,16.95904471558817,17.169183809892175,17.221718583468174,False,False,0.0,0.0,0.5764225640641605,True,0.056915212136915506,0.0,True,4,0.0,0.0,0.0,12000,22000,Windows-AMD64-py3.14.3,self-contained local validation harness; charged-time accounting is disclosed by timing_mode
resource-defense_DLGPR-full_seed0,no-git,2026-05-27T22:16:25,0,DLGPR-full,self-contained-rts-micro,ResourceDefenseEnv,1.0-local,resource-defense,0,18.0,16.0,2.0,1.0,4.0,strict_delta_max,0.9,12.866590156030771,14.866590156030771,30.289299902506173,13.310100068338215,simulated_charged,GA,3.400313148130356,3,1,1,5,5,0.7029200000000002,0.7029200000000002,0.0,0.5,32,1,14.866590156030771,14.866590156030771,14.866590156030771,False,False,0.0,0.0,0.8190293695423023,True,0.04974043985351009,0.0,True,6,0.1546900990090077,0.1419763854618634,0.15037246947633975,10000,20000,Windows-AMD64-py3.14.3,self-contained local validation harness; charged-time accounting is disclosed by timing_mode
resource-defense_DLGPR-full_seed0,no-git,2026-05-27T22:16:25,0,DLGPR-full,self-contained-rts-micro,ResourceDefenseEnv,1.0-local,resource-defense,1,18.0,16.0,2.0,1.0,4.0,strict_delta_max,0.9,12.528050704337545,14.528050704337545,30.446000047959387,13.389999978244305,simulated_charged,GA,2.3809401093738236,3,1,1,5,5,0.8315079999999999,0.8315079999999999,0.0,0.5,32,1,14.84966318344611,14.863204761513838,14.866590156030771,False,False,0.0,0.0,0.6620033825377011,True,0.03399697762521813,0.0,True,6,0.1712577929997552,0.13410523683282385,0.14631819712670388,10000,20000,Windows-AMD64-py3.14.3,self-contained local validation harness; charged-time accounting is disclosed by timing_mode
resource-defense_DLGPR-full_seed0,no-git,2026-05-27T22:16:25,0,DLGPR-full,self-contained-rts-micro,ResourceDefenseEnv,1.0-local,resource-defense,2,18.0,16.0,2.0,1.0,4.0,strict_delta_max,0.9,14.40554716575653,16.40554716575653,36.00950003601611,15.647700172849,simulated_charged,GA,3.165878210664094,4,1,1,6,6,0.8986719999999999,0.8986719999999999,0.0,0.5,32,1,16.251651464783954,16.374768025562016,16.40554716575653,False,False,0.0,0.0,0.5167318778889997,True,0.04780889553483405,0.0,True,7,0.16627825218874068,0.12907037564163631,0.13902157467097448,10000,20000,Windows-AMD64-py3.14.3,self-contained local validation harness; charged-time accounting is disclosed by timing_mode
resource-defense_DLGPR-full_seed0,no-git,2026-05-27T22:16:25,0,DLGPR-full,self-contained-rts-micro,ResourceDefenseEnv,1.0-local,resource-defense,3,18.0,16.0,2.0,1.0,4.0,strict_delta_max,0.9,12.437299139105889,14.437299139105889,36.17690003011376,15.616399934515357,simulated_charged,GA,2.5231586876202625,4,1,1,6,6,0.9255599999999997,0.9255599999999997,0.0,0.5,32,1,16.174703614297666,16.359378455464757,16.40554716575653,False,False,0.0,0.0,0.4864834770608764,True,0.061942939353870075,0.0,True,7,0.15965956098860587,0.12133067251045744,0.13262185378358743,10000,20000,Windows-AMD64-py3.14.3,self-contained local validation harness; charged-time accounting is disclosed by timing_mode
resource-defense_DLGPR-full_seed0,no-git,2026-05-27T22:16:25,0,DLGPR-full,self-contained-rts-micro,ResourceDefenseEnv,1.0-local,resource-defense,4,18.0,16.0,2.0,1.0,4.0,strict_delta_max,0.9,12.487938097218333,14.487938097218333,30.680800089612603,13.544299989007413,simulated_charged,GA,3.0746647381403642,3,1,1,5,5,0.9255599999999997,0.9255599999999997,0.0,0.5,32,1,16.097755763811378,16.3439888853675,16.40554716575653,False,False,0.0,0.0,0.49255533504433596,True,0.02601457903707368,0.0,True,6,0.15018706526787015,0.11407614838303211,0.12539826678102842,10000,20000,Windows-AMD64-py3.14.3,self-contained local validation harness; charged-time accounting is disclosed by timing_mode
resource-defense_DLGPR-full_seed0,no-git,2026-05-27T22:16:25,0,DLGPR-full,self-contained-rts-micro,ResourceDefenseEnv,1.0-local,resource-defense,5,18.0,16.0,2.0,1.0,4.0,strict_delta_max,0.9,12.795664943721604,14.795664943721604,35.90499993879348,15.388300060294569,simulated_charged,GA,3.1277580059086176,4,1,1,6,6,0.9255599999999997,0.9255599999999997,0.0,0.5,32,1,16.02080791332509,16.328599315270242,16.40554716575653,False,False,0.0,0.0,0.49806032291089525,True,0.03309985485998668,0.0,True,7,0.14679096138814432,0.1085272040378967,0.12093272077092157,10000,20000,Windows-AMD64-py3.14.3,self-contained local validation harness; charged-time accounting is disclosed by timing_mode
resource-defense_DLGPR-full_seed1,no-git,2026-05-27T22:16:25,1,DLGPR-full,self-contained-rts-micro,ResourceDefenseEnv,1.0-local,resource-defense,0,18.0,16.0,2.0,1.0,4.0,strict_delta_max,0.9,14.008074646675107,16.008074646675105,30.69429995957762,13.537099934183061,simulated_charged,GA,2.8712549085496537,3,1,1,5,5,0.9027639999999999,0.9027639999999999,0.0,0.5,32,1,16.008074646675105,16.008074646675105,16.008074646675105,False,False,0.0,0.0,0.7847072863218921,True,0.04197955335833807,0.0,True,6,0.15381246058244025,0.1419763854618634,0.1480774824076975,11000,21000,Windows-AMD64-py3.14.3,self-contained local validation harness; charged-time accounting is disclosed by timing_mode
resource-defense_DLGPR-full_seed1,no-git,2026-05-27T22:16:25,1,DLGPR-full,self-contained-rts-micro,ResourceDefenseEnv,1.0-local,resource-defense,1,18.0,16.0,2.0,1.0,4.0,strict_delta_max,0.9,12.486035062799843,14.486035062799843,41.92220000550151,18.041800009086728,simulated_charged,GA,1.5755260788949852,5,1,1,7,7,0.919424,0.919424,0.0,0.5,32,1,15.931972667481341,15.992854250836352,16.008074646675105,False,False,0.0,0.0,0.6570008337212727,True,0.05092743333960282,0.0,True,8,0.17336008541637868,0.13869794584261702,0.1601136119534599,11000,21000,Windows-AMD64-py3.14.3,self-contained local validation harness; charged-time accounting is disclosed by timing_mode
resource-defense_DLGPR-full_seed1,no-git,2026-05-27T22:16:25,1,DLGPR-full,self-contained-rts-micro,ResourceDefenseEnv,1.0-local,resource-defense,2,18.0,16.0,2.0,1.0,4.0,strict_delta_max,0.9,14.149238874579265,16.149238874579265,42.41380002349615,18.09480006340891,simulated_charged,GA,2.2572854887870513,5,1,1,7,7,0.920924,0.920924,0.0,0.5,32,1,16.13512245178885,16.14641559002118,16.149238874579265,False,False,0.0,0.0,0.6179985180522445,True,0.03170707768228049,0.0,True,8,0.17598297469633256,0.1298113786951714,0.1462693133934701,11000,21000,Windows-AMD64-py3.14.3,self-contained local validation harness; charged-time accounting is disclosed by timing_mode
resource-defense_DLGPR-full_seed1,no-git,2026-05-27T22:16:25,1,DLGPR-full,self-contained-rts-micro,ResourceDefenseEnv,1.0-local,resource-defense,3,18.0,16.0,2.0,1.0,4.0,strict_delta_max,0.9,12.623261687426737,14.623261687426737,24.472299963235855,10.980800027027726,simulated_charged,GA,3.946310553889452,2,1,1,4,4,0.92994,0.92994,0.0,0.5,32,1,16.12806424039364,16.14500394774214,16.149238874579265,False,False,0.0,0.0,0.5888055628675312,True,0.01905358668432009,0.0,True,5,0.16277571434365362,0.1195878013702307,0.13377555161543359,11000,21000,Windows-AMD64-py3.14.3,self-contained local validation harness; charged-time accounting is disclosed by timing_mode
resource-defense_DLGPR-full_seed1,no-git,2026-05-27T22:16:25,1,DLGPR-full,self-contained-rts-micro,ResourceDefenseEnv,1.0-local,resource-defense,4,18.0,16.0,2.0,1.0,4.0,strict_delta_max,0.9,12.26017548742155,14.26017548742155,33.439100021496415,15.488899894990027,simulated_charged,GA,2.605269504235038,3,1,1,5,5,0.92994,0.92994,0.0,0.5,32,1,16.121006028998433,16.1435923054631,16.149238874579265,False,False,0.0,0.0,0.4123006940707658,True,0.029697704868247368,0.0,True,6,0.14903420191940328,0.11237152380585251,0.12458162364582845,11000,21000,Windows-AMD64-py3.14.3,self-contained local validation harness; charged-time accounting is disclosed by timing_mode
resource-defense_DLGPR-full_seed1,no-git,2026-05-27T22:16:25,1,DLGPR-full,self-contained-rts-micro,ResourceDefenseEnv,1.0-local,resource-defense,5,18.0,16.0,2.0,1.0,4.0,strict_delta_max,0.9,13.285158878896267,15.285158878896267,36.422699922695756,15.728700207546353,simulated_charged,GA,2.602247905805825,4,1,1,6,6,0.92994,0.92994,0.0,0.5,32,1,16.113947817603226,16.142180663184057,16.149238874579265,False,False,0.0,0.0,0.3257959408144038,True,0.03311169650298815,0.0,True,7,0.13277963916146526,0.10690137736885727,0.11907886096991259,11000,21000,Windows-AMD64-py3.14.3,self-contained local validation harness; charged-time accounting is disclosed by timing_mode
resource-defense_DLGPR-full_seed2,no-git,2026-05-27T22:16:26,2,DLGPR-full,self-contained-rts-micro,ResourceDefenseEnv,1.0-local,resource-defense,0,18.0,16.0,2.0,1.0,4.0,strict_delta_max,0.9,13.050619867239842,15.050619867239842,30.864200089126825,13.777799904346466,simulated_charged,GA,3.096933392334994,3,1,1,5,5,0.657472,0.657472,0.0,0.5,32,1,15.050619867239842,15.050619867239842,15.050619867239842,False,False,0.0,0.0,0.9091336900778896,True,0.04432555781248093,0.0,True,6,0.1587015874630165,0.1419763854618634,0.153943709178087,12000,22000,Windows-AMD64-py3.14.3,self-contained local validation harness; charged-time accounting is disclosed by timing_mode
resource-defense_DLGPR-full_seed2,no-git,2026-05-27T22:16:26,2,DLGPR-full,self-contained-rts-micro,ResourceDefenseEnv,1.0-local,resource-defense,1,18.0,16.0,2.0,1.0,4.0,strict_delta_max,0.9,13.386547016327938,15.386547016327938,30.20130004733801,13.117800117470324,simulated_charged,GA,3.4651944709489504,3,1,1,5,5,0.657472,0.657472,0.0,0.5,32,1,15.369750658873533,15.383187744837057,15.386547016327938,False,False,0.0,0.0,0.8811730297808437,True,0.04751289737354706,0.0,True,6,0.17846699063899776,0.13410523683282385,0.1464167813763281,12000,22000,Windows-AMD64-py3.14.3,self-contained local validation harness; charged-time accounting is disclosed by timing_mode
resource-defense_DLGPR-full_seed2,no-git,2026-05-27T22:16:26,2,DLGPR-full,self-contained-rts-micro,ResourceDefenseEnv,1.0-local,resource-defense,2,18.0,16.0,2.0,1.0,4.0,strict_delta_max,0.9,12.07627203063414,14.07627203063414,36.698600044474006,15.905499923974276,simulated_charged,GA,1.5928629010609505,4,1,1,6,6,0.6724319999999999,0.6724319999999999,0.0,0.5,32,1,15.352954301419128,15.379828473346176,15.386547016327938,False,False,0.0,0.0,0.7006397823240899,True,0.11133307845476659,0.0,True,7,0.18885159058990136,0.12624113854174562,0.14502090217427022,12000,22000,Windows-AMD64-py3.14.3,self-contained local validation harness; charged-time accounting is disclosed by timing_mode
resource-defense_DLGPR-full_seed2,no-git,2026-05-27T22:16:26,2,DLGPR-full,self-contained-rts-micro,ResourceDefenseEnv,1.0-local,resource-defense,3,18.0,16.0,2.0,1.0,4.0,strict_delta_max,0.9,12.65014907856381,14.65014907856381,24.66890006326139,10.903799906373024,simulated_charged,GA,3.9160329018493334,2,1,1,4,4,0.6724319999999999,0.6724319999999999,0.0,0.5,32,1,15.336157943964723,15.376469201855295,15.386547016327938,False,False,0.0,0.0,0.559236902790928,True,0.02341442969598092,0.0,True,5,0.17158555228444458,0.117048498366085,0.13227762396478618,12000,22000,Windows-AMD64-py3.14.3,self-contained local validation harness; charged-time accounting is disclosed by timing_mode
resource-defense_DLGPR-full_seed2,no-git,2026-05-27T22:16:26,2,DLGPR-full,self-contained-rts-micro,ResourceDefenseEnv,1.0-local,resource-defense,4,18.0,16.0,2.0,1.0,4.0,strict_delta_max,0.9,12.760952297922342,14.760952297922342,36.905799992382526,15.851999982260168,simulated_charged,GA,2.4881898420138473,4,1,1,6,6,0.6724319999999999,0.6724319999999999,0.0,0.5,32,1,15.319361586510318,15.373109930364414,15.386547016327938,False,False,0.0,0.0,0.559236902790928,True,0.061429508888952225,0.0,True,7,0.1648004556514767,0.11117278555256334,0.12643748355234097,12000,22000,Windows-AMD64-py3.14.3,self-contained local validation harness; charged-time accounting is disclosed by timing_mode
resource-defense_DLGPR-full_seed2,no-git,2026-05-27T22:16:26,2,DLGPR-full,self-contained-rts-micro,ResourceDefenseEnv,1.0-local,resource-defense,5,18.0,16.0,2.0,1.0,4.0,strict_delta_max,0.9,12.276644656396362,14.276644656396362,36.8597999913618,15.893400181084871,simulated_charged,GA,1.422720275021534,4,1,1,6,6,0.7267159999999999,0.7267159999999999,0.0,0.5,32,1,15.302565229055915,15.369750658873533,15.386547016327938,False,False,0.0,0.0,0.5912660030116588,True,0.08461894886139404,0.0,True,7,0.16454260825786363,0.10601308553529458,0.12014644379302844,12000,22000,Windows-AMD64-py3.14.3,self-contained local validation harness; charged-time accounting is disclosed by timing_mode
resource-defense_fixed-split_seed0,no-git,2026-05-27T22:16:26,0,fixed-split,self-contained-rts-micro,ResourceDefenseEnv,1.0-local,resource-defense,0,18.0,16.0,2.0,1.0,4.0,strict_delta_max,0.9,14.473284657916158,16.47328465791616,36.024700035341084,17.634800053201616,simulated_charged,RL,3.859466596758335,2,2,2,6,6,0.9066799999999999,0.9066799999999999,0.0,0.5,32,1,16.47328465791616,16.47328465791616,16.47328465791616,False,False,0.0,0.0,0.0,False,0.0,0.0,True,8,0.0,0.0,0.0,10000,20000,Windows-AMD64-py3.14.3,self-contained local validation harness; charged-time accounting is disclosed by timing_mode
resource-defense_fixed-split_seed0,no-git,2026-05-27T22:16:26,0,fixed-split,self-contained-rts-micro,ResourceDefenseEnv,1.0-local,resource-defense,1,18.0,16.0,2.0,1.0,4.0,strict_delta_max,0.9,13.698800819097071,15.698800819097071,35.38359992671758,17.258499981835485,simulated_charged,RL,2.3426868247028754,2,2,2,6,6,0.9066799999999999,0.9066799999999999,0.0,0.5,32,1,16.434560465975206,16.46553981952797,16.47328465791616,False,False,0.0,0.0,0.0,False,0.0,0.0,True,8,0.0,0.0,0.0,10000,20000,Windows-AMD64-py3.14.3,self-contained local validation harness; charged-time accounting is disclosed by timing_mode
resource-defense_fixed-split_seed0,no-git,2026-05-27T22:16:26,0,fixed-split,self-contained-rts-micro,ResourceDefenseEnv,1.0-local,resource-defense,2,18.0,16.0,2.0,1.0,4.0,strict_delta_max,0.9,15.648287228634473,17.648287228634473,35.31669999938458,17.28699984960258,simulated_charged,RL,4.0,2,2,2,6,6,0.9066799999999999,0.9066799999999999,0.0,0.5,32,1,17.53078697156264,17.624787177220107,17.648287228634473,False,False,0.0,0.0,0.0,False,0.0,0.0,True,8,0.0,0.0,0.0,10000,20000,Windows-AMD64-py3.14.3,self-contained local validation harness; charged-time accounting is disclosed by timing_mode
resource-defense_fixed-split_seed0,no-git,2026-05-27T22:16:26,0,fixed-split,self-contained-rts-micro,ResourceDefenseEnv,1.0-local,resource-defense,3,18.0,16.0,2.0,1.0,4.0,strict_delta_max,0.9,13.578383509586068,15.578383509586068,27.53740001935512,13.643199810758233,simulated_charged,PSO,2.181001103088103,2,2,1,5,5,0.9066799999999999,0.9066799999999999,0.0,0.5,32,1,17.472036843026725,17.613037151512923,17.648287228634473,False,False,0.0,0.0,0.0,False,0.03288562606495464,0.0,True,6,0.0,0.0,0.0,10000,20000,Windows-AMD64-py3.14.3,self-contained local validation harness; charged-time accounting is disclosed by timing_mode
resource-defense_fixed-split_seed0,no-git,2026-05-27T22:16:26,0,fixed-split,self-contained-rts-micro,ResourceDefenseEnv,1.0-local,resource-defense,4,18.0,16.0,2.0,1.0,4.0,strict_delta_max,0.9,12.339836949084313,14.339836949084313,33.79419993143529,15.360300079919398,simulated_charged,GA,1.8051708872793644,2,1,2,5,5,0.9066799999999999,0.9066799999999999,0.0,0.5,32,1,17.41328671449081,17.60128712580574,17.648287228634473,False,False,0.0,0.0,0.2171243002092402,True,0.043794703253789855,0.0,True,7,0.0,0.0,0.0,10000,20000,Windows-AMD64-py3.14.3,self-contained local validation harness; charged-time accounting is disclosed by timing_mode
resource-defense_fixed-split_seed0,no-git,2026-05-27T22:16:26,0,fixed-split,self-contained-rts-micro,ResourceDefenseEnv,1.0-local,resource-defense,5,18.0,16.0,2.0,1.0,4.0,strict_delta_max,0.9,12.76835833484201,14.76835833484201,30.231499928049743,15.213200123980641,simulated_charged,RL,3.158893195203189,1,2,2,5,5,0.9066799999999999,0.9066799999999999,0.0,0.5,32,1,17.354536585954897,17.589537100098557,17.648287228634473,False,False,0.0,0.0,0.0,False,0.0,0.0,True,7,0.0,0.0,0.0,10000,20000,Windows-AMD64-py3.14.3,self-contained local validation harness; charged-time accounting is disclosed by timing_mode
resource-defense_fixed-split_seed1,no-git,2026-05-27T22:16:26,1,fixed-split,self-contained-rts-micro,ResourceDefenseEnv,1.0-local,resource-defense,0,18.0,16.0,2.0,1.0,4.0,strict_delta_max,0.9,12.540689665309976,14.540689665309976,28.89399998821318,14.338000095449388,simulated_charged,PSO,1.4038699271845236,2,2,1,5,5,0.9027639999999999,0.9027639999999999,0.0,0.5,32,1,14.540689665309976,14.540689665309976,14.540689665309976,False,False,0.0,0.0,0.0,False,0.06255193535273662,0.0,True,6,0.0,0.0,0.0,11000,21000,Windows-AMD64-py3.14.3,self-contained local validation harness; charged-time accounting is disclosed by timing_mode
resource-defense_fixed-split_seed1,no-git,2026-05-27T22:16:26,1,fixed-split,self-contained-rts-micro,ResourceDefenseEnv,1.0-local,resource-defense,1,18.0,16.0,2.0,1.0,4.0,strict_delta_max,0.9,12.598584110076946,14.598584110076946,28.533500037156045,13.367200153879821,simulated_charged,RL,3.5372519470062302,1,1,2,4,4,0.9027639999999999,0.9027639999999999,0.0,0.5,32,1,14.595689387838597,14.598005165629276,14.598584110076946,False,False,0.0,0.0,0.0,False,0.0,0.0,True,6,0.0,0.0,0.0,11000,21000,Windows-AMD64-py3.14.3,self-contained local validation harness; charged-time accounting is disclosed by timing_mode
resource-defense_fixed-split_seed1,no-git,2026-05-27T22:16:26,1,fixed-split,self-contained-rts-micro,ResourceDefenseEnv,1.0-local,resource-defense,2,18.0,16.0,2.0,1.0,4.0,strict_delta_max,0.9,14.680081443944756,16.680081443944758,28.5950000397861,14.240299933589995,simulated_charged,PSO,2.8017412077881034,2,2,1,5,5,0.9027639999999999,0.9027639999999999,0.0,0.5,32,1,16.471931710557975,16.6384514972674,16.680081443944758,False,False,0.0,0.0,0.0,False,0.023909200819865386,0.0,True,6,0.0,0.0,0.0,11000,21000,Windows-AMD64-py3.14.3,self-contained local validation harness; charged-time accounting is disclosed by timing_mode
resource-defense_fixed-split_seed1,no-git,2026-05-27T22:16:26,1,fixed-split,self-contained-rts-micro,ResourceDefenseEnv,1.0-local,resource-defense,3,18.0,16.0,2.0,1.0,4.0,strict_delta_max,0.9,15.275436059207328,17.27543605920733,34.49579991865903,15.614200150594115,simulated_charged,GA,3.8136033046499365,2,1,2,5,5,0.9027639999999999,0.9027639999999999,0.0,0.5,32,1,17.186132866917944,17.257575420749454,17.27543605920733,False,False,0.0,0.0,0.5113252085758064,True,0.01782891385391078,0.0,True,7,0.0,0.0,0.0,11000,21000,Windows-AMD64-py3.14.3,self-contained local validation harness; charged-time accounting is disclosed by timing_mode
resource-defense_fixed-split_seed1,no-git,2026-05-27T22:16:26,1,fixed-split,self-contained-rts-micro,ResourceDefenseEnv,1.0-local,resource-defense,4,18.0,16.0,2.0,1.0,4.0,strict_delta_max,0.9,12.283164030081178,14.283164030081178,30.31100006774068,15.689700143411756,simulated_charged,RL,1.155933396391025,1,2,2,5,5,0.92222,0.92222,0.0,0.5,32,1,17.156365136154815,17.251621874596825,17.27543605920733,False,False,0.0,0.0,0.0,False,0.0,0.0,True,7,0.0,0.0,0.0,11000,21000,Windows-AMD64-py3.14.3,self-contained local validation harness; charged-time accounting is disclosed by timing_mode
resource-defense_fixed-split_seed1,no-git,2026-05-27T22:16:26,1,fixed-split,self-contained-rts-micro,ResourceDefenseEnv,1.0-local,resource-defense,5,18.0,16.0,2.0,1.0,4.0,strict_delta_max,0.9,13.047180184205287,15.047180184205287,29.61409999988973,15.090200235135853,simulated_charged,PSO,3.3600420251679135,2,2,1,5,5,0.92222,0.92222,0.0,0.5,32,1,17.126597405391685,17.2456683284442,17.27543605920733,False,False,0.0,0.0,0.0,False,0.023787425604004132,0.0,True,6,0.0,0.0,0.0,11000,21000,Windows-AMD64-py3.14.3,self-contained local validation harness; charged-time accounting is disclosed by timing_mode
resource-defense_fixed-split_seed2,no-git,2026-05-27T22:16:27,2,fixed-split,self-contained-rts-micro,ResourceDefenseEnv,1.0-local,resource-defense,0,18.0,16.0,2.0,1.0,4.0,strict_delta_max,0.9,12.261920519039913,14.261920519039913,35.57649999856949,17.86530006211251,simulated_charged,RL,1.104152196523844,2,2,2,6,6,0.657472,0.657472,0.0,0.5,32,1,14.261920519039913,14.261920519039913,14.261920519039913,False,False,0.0,0.0,0.0,False,0.0,0.0,True,8,0.0,0.0,0.0,12000,22000,Windows-AMD64-py3.14.3,self-contained local validation harness; charged-time accounting is disclosed by timing_mode
resource-defense_fixed-split_seed2,no-git,2026-05-27T22:16:27,2,fixed-split,self-contained-rts-micro,ResourceDefenseEnv,1.0-local,resource-defense,1,18.0,16.0,2.0,1.0,4.0,strict_delta_max,0.9,12.710124370937105,14.710124370937105,24.59470008034259,11.038700002245605,simulated_charged,GA,2.3272677848466587,2,1,1,4,4,0.657472,0.657472,0.0,0.5,32,1,14.687714178342246,14.705642332418133,14.710124370937105,False,False,0.0,0.0,0.8900692926057706,True,0.07106040493439252,0.0,True,5,0.0,0.0,0.0,12000,22000,Windows-AMD64-py3.14.3,self-contained local validation harness; charged-time accounting is disclosed by timing_mode
resource-defense_fixed-split_seed2,no-git,2026-05-27T22:16:27,2,fixed-split,self-contained-rts-micro,ResourceDefenseEnv,1.0-local,resource-defense,2,18.0,16.0,2.0,1.0,4.0,strict_delta_max,0.9,14.284027431006072,16.284027431006074,20.98249993287027,10.818199836649,simulated_charged,PSO,3.554799386212883,1,2,1,4,4,0.677516,0.677516,0.0,0.5,32,1,16.126637124999178,16.252549369804694,16.284027431006074,False,False,0.0,0.0,0.0,False,0.03660608418710082,0.0,True,5,0.0,0.0,0.0,12000,22000,Windows-AMD64-py3.14.3,self-contained local validation harness; charged-time accounting is disclosed by timing_mode
resource-defense_fixed-split_seed2,no-git,2026-05-27T22:16:27,2,fixed-split,self-contained-rts-micro,ResourceDefenseEnv,1.0-local,resource-defense,3,18.0,16.0,2.0,1.0,4.0,strict_delta_max,0.9,12.169709509062379,14.169709509062379,35.40149994660169,17.365200095809996,simulated_charged,PSO,2.061633490747105,2,2,2,6,6,0.8006059999999999,0.8006059999999999,0.0,0.5,32,1,16.047941971995726,16.236810339204006,16.284027431006074,False,False,0.0,0.0,0.0,False,0.05900387287653524,0.0,True,8,0.0,0.0,0.0,12000,22000,Windows-AMD64-py3.14.3,self-contained local validation harness; charged-time accounting is disclosed by timing_mode
resource-defense_fixed-split_seed2,no-git,2026-05-27T22:16:27,2,fixed-split,self-contained-rts-micro,ResourceDefenseEnv,1.0-local,resource-defense,4,18.0,16.0,2.0,1.0,4.0,strict_delta_max,0.9,13.751069507642224,15.751069507642224,26.438200031407177,12.338200118392706,simulated_charged,RL,3.7100201692069317,1,1,2,4,4,0.8006059999999999,0.8006059999999999,0.0,0.5,32,1,16.177435846333303,16.26270911407152,16.284027431006074,False,False,0.0,0.0,0.0,False,0.43280249884550953,0.0,True,6,0.0,0.0,0.0,12000,22000,Windows-AMD64-py3.14.3,self-contained local validation harness; charged-time accounting is disclosed by timing_mode
resource-defense_fixed-split_seed2,no-git,2026-05-27T22:16:27,2,fixed-split,self-contained-rts-micro,ResourceDefenseEnv,1.0-local,resource-defense,5,18.0,16.0,2.0,1.0,4.0,strict_delta_max,0.9,13.564366866168518,15.564366866168518,26.777499937452376,13.221499975770712,simulated_charged,PSO,2.6977349717159167,2,2,1,5,5,0.876954,0.876954,0.0,0.5,32,1,16.15078795016511,16.25737953483788,16.284027431006074,False,False,0.0,0.0,0.0,False,0.036302547511656805,0.0,True,6,0.0,0.0,0.0,12000,22000,Windows-AMD64-py3.14.3,self-contained local validation harness; charged-time accounting is disclosed by timing_mode
resource-defense_round-robin_seed0,no-git,2026-05-27T22:16:27,0,round-robin,self-contained-rts-micro,ResourceDefenseEnv,1.0-local,resource-defense,0,18.0,16.0,2.0,1.0,4.0,strict_delta_max,0.9,14.473284657916158,16.47328465791616,35.4695999994874,17.50189997255802,simulated_charged,RL,3.859466596758335,2,2,2,6,6,0.9066799999999999,0.9066799999999999,0.0,0.5,32,1,16.47328465791616,16.47328465791616,16.47328465791616,False,False,0.0,0.0,0.0,False,0.0,0.0,True,8,0.0,0.0,0.0,10000,20000,Windows-AMD64-py3.14.3,self-contained local validation harness; charged-time accounting is disclosed by timing_mode
resource-defense_round-robin_seed0,no-git,2026-05-27T22:16:27,0,round-robin,self-contained-rts-micro,ResourceDefenseEnv,1.0-local,resource-defense,1,18.0,16.0,2.0,1.0,4.0,strict_delta_max,0.9,13.698800819097071,15.698800819097071,34.78190000168979,17.149099963717163,simulated_charged,RL,2.3426868247028754,2,2,2,6,6,0.9066799999999999,0.9066799999999999,0.0,0.5,32,1,16.434560465975206,16.46553981952797,16.47328465791616,False,False,0.0,0.0,0.0,False,0.0,0.0,True,8,0.0,0.0,0.0,10000,20000,Windows-AMD64-py3.14.3,self-contained local validation harness; charged-time accounting is disclosed by timing_mode
resource-defense_round-robin_seed0,no-git,2026-05-27T22:16:27,0,round-robin,self-contained-rts-micro,ResourceDefenseEnv,1.0-local,resource-defense,2,18.0,16.0,2.0,1.0,4.0,strict_delta_max,0.9,15.648287228634473,17.648287228634473,35.06479994393885,17.13650010060519,simulated_charged,RL,4.0,2,2,2,6,6,0.9066799999999999,0.9066799999999999,0.0,0.5,32,1,17.53078697156264,17.624787177220107,17.648287228634473,False,False,0.0,0.0,0.0,False,0.0,0.0,True,8,0.0,0.0,0.0,10000,20000,Windows-AMD64-py3.14.3,self-contained local validation harness; charged-time accounting is disclosed by timing_mode
resource-defense_round-robin_seed0,no-git,2026-05-27T22:16:27,0,round-robin,self-contained-rts-micro,ResourceDefenseEnv,1.0-local,resource-defense,3,18.0,16.0,2.0,1.0,4.0,strict_delta_max,0.9,13.578383509586068,15.578383509586068,26.874199975281954,13.17760010715574,simulated_charged,PSO,2.181001103088103,2,2,1,5,5,0.9066799999999999,0.9066799999999999,0.0,0.5,32,1,17.472036843026725,17.613037151512923,17.648287228634473,False,False,0.0,0.0,0.0,False,0.03288562606495464,0.0,True,6,0.0,0.0,0.0,10000,20000,Windows-AMD64-py3.14.3,self-contained local validation harness; charged-time accounting is disclosed by timing_mode
resource-defense_round-robin_seed0,no-git,2026-05-27T22:16:27,0,round-robin,self-contained-rts-micro,ResourceDefenseEnv,1.0-local,resource-defense,4,18.0,16.0,2.0,1.0,4.0,strict_delta_max,0.9,12.339836949084313,14.339836949084313,32.76410000398755,14.868699945509434,simulated_charged,GA,1.8051708872793644,2,1,2,5,5,0.9066799999999999,0.9066799999999999,0.0,0.5,32,1,17.41328671449081,17.60128712580574,17.648287228634473,False,False,0.0,0.0,0.2171243002092402,True,0.043794703253789855,0.0,True,7,0.0,0.0,0.0,10000,20000,Windows-AMD64-py3.14.3,self-contained local validation harness; charged-time accounting is disclosed by timing_mode
resource-defense_round-robin_seed0,no-git,2026-05-27T22:16:27,0,round-robin,self-contained-rts-micro,ResourceDefenseEnv,1.0-local,resource-defense,5,18.0,16.0,2.0,1.0,4.0,strict_delta_max,0.9,12.76835833484201,14.76835833484201,29.84959993045777,15.13569988310337,simulated_charged,RL,3.158893195203189,1,2,2,5,5,0.9066799999999999,0.9066799999999999,0.0,0.5,32,1,17.354536585954897,17.589537100098557,17.648287228634473,False,False,0.0,0.0,0.0,False,0.0,0.0,True,7,0.0,0.0,0.0,10000,20000,Windows-AMD64-py3.14.3,self-contained local validation harness; charged-time accounting is disclosed by timing_mode
resource-defense_round-robin_seed1,no-git,2026-05-27T22:16:27,1,round-robin,self-contained-rts-micro,ResourceDefenseEnv,1.0-local,resource-defense,0,18.0,16.0,2.0,1.0,4.0,strict_delta_max,0.9,12.540689665309976,14.540689665309976,27.294499916024506,13.78360006492585,simulated_charged,PSO,1.4038699271845236,2,2,1,5,5,0.9027639999999999,0.9027639999999999,0.0,0.5,32,1,14.540689665309976,14.540689665309976,14.540689665309976,False,False,0.0,0.0,0.0,False,0.06255193535273662,0.0,True,6,0.0,0.0,0.0,11000,21000,Windows-AMD64-py3.14.3,self-contained local validation harness; charged-time accounting is disclosed by timing_mode
resource-defense_round-robin_seed1,no-git,2026-05-27T22:16:27,1,round-robin,self-contained-rts-micro,ResourceDefenseEnv,1.0-local,resource-defense,1,18.0,16.0,2.0,1.0,4.0,strict_delta_max,0.9,12.598584110076946,14.598584110076946,27.07049995660782,12.743900064378977,simulated_charged,RL,3.5372519470062302,1,1,2,4,4,0.9027639999999999,0.9027639999999999,0.0,0.5,32,1,14.595689387838597,14.598005165629276,14.598584110076946,False,False,0.0,0.0,0.0,False,0.0,0.0,True,6,0.0,0.0,0.0,11000,21000,Windows-AMD64-py3.14.3,self-contained local validation harness; charged-time accounting is disclosed by timing_mode
resource-defense_round-robin_seed1,no-git,2026-05-27T22:16:27,1,round-robin,self-contained-rts-micro,ResourceDefenseEnv,1.0-local,resource-defense,2,18.0,16.0,2.0,1.0,4.0,strict_delta_max,0.9,14.680081443944756,16.680081443944758,27.25859999191016,13.33320012781769,simulated_charged,PSO,2.8017412077881034,2,2,1,5,5,0.9027639999999999,0.9027639999999999,0.0,0.5,32,1,16.471931710557975,16.6384514972674,16.680081443944758,False,False,0.0,0.0,0.0,False,0.023909200819865386,0.0,True,6,0.0,0.0,0.0,11000,21000,Windows-AMD64-py3.14.3,self-contained local validation harness; charged-time accounting is disclosed by timing_mode
resource-defense_round-robin_seed1,no-git,2026-05-27T22:16:27,1,round-robin,self-contained-rts-micro,ResourceDefenseEnv,1.0-local,resource-defense,3,18.0,16.0,2.0,1.0,4.0,strict_delta_max,0.9,15.275436059207328,17.27543605920733,33.107400056906044,15.076000127010047,simulated_charged,GA,3.8136033046499365,2,1,2,5,5,0.9027639999999999,0.9027639999999999,0.0,0.5,32,1,17.186132866917944,17.257575420749454,17.27543605920733,False,False,0.0,0.0,0.5113252085758064,True,0.01782891385391078,0.0,True,7,0.0,0.0,0.0,11000,21000,Windows-AMD64-py3.14.3,self-contained local validation harness; charged-time accounting is disclosed by timing_mode
resource-defense_round-robin_seed1,no-git,2026-05-27T22:16:27,1,round-robin,self-contained-rts-micro,ResourceDefenseEnv,1.0-local,resource-defense,4,18.0,16.0,2.0,1.0,4.0,strict_delta_max,0.9,12.283164030081178,14.283164030081178,29.537900001741946,15.108000137843192,simulated_charged,RL,1.155933396391025,1,2,2,5,5,0.92222,0.92222,0.0,0.5,32,1,17.156365136154815,17.251621874596825,17.27543605920733,False,False,0.0,0.0,0.0,False,0.0,0.0,True,7,0.0,0.0,0.0,11000,21000,Windows-AMD64-py3.14.3,self-contained local validation harness; charged-time accounting is disclosed by timing_mode
resource-defense_round-robin_seed1,no-git,2026-05-27T22:16:27,1,round-robin,self-contained-rts-micro,ResourceDefenseEnv,1.0-local,resource-defense,5,18.0,16.0,2.0,1.0,4.0,strict_delta_max,0.9,13.047180184205287,15.047180184205287,26.673800079151988,12.825499870814383,simulated_charged,PSO,3.3600420251679135,2,2,1,5,5,0.92222,0.92222,0.0,0.5,32,1,17.126597405391685,17.2456683284442,17.27543605920733,False,False,0.0,0.0,0.0,False,0.023787425604004132,0.0,True,6,0.0,0.0,0.0,11000,21000,Windows-AMD64-py3.14.3,self-contained local validation harness; charged-time accounting is disclosed by timing_mode
resource-defense_round-robin_seed2,no-git,2026-05-27T22:16:27,2,round-robin,self-contained-rts-micro,ResourceDefenseEnv,1.0-local,resource-defense,0,18.0,16.0,2.0,1.0,4.0,strict_delta_max,0.9,12.261920519039913,14.261920519039913,35.40839999914169,17.49800005927682,simulated_charged,RL,1.104152196523844,2,2,2,6,6,0.657472,0.657472,0.0,0.5,32,1,14.261920519039913,14.261920519039913,14.261920519039913,False,False,0.0,0.0,0.0,False,0.0,0.0,True,8,0.0,0.0,0.0,12000,22000,Windows-AMD64-py3.14.3,self-contained local validation harness; charged-time accounting is disclosed by timing_mode
resource-defense_round-robin_seed2,no-git,2026-05-27T22:16:27,2,round-robin,self-contained-rts-micro,ResourceDefenseEnv,1.0-local,resource-defense,1,18.0,16.0,2.0,1.0,4.0,strict_delta_max,0.9,12.710124370937105,14.710124370937105,26.321799959987402,11.276500183157623,simulated_charged,GA,2.3272677848466587,2,1,1,4,4,0.657472,0.657472,0.0,0.5,32,1,14.687714178342246,14.705642332418133,14.710124370937105,False,False,0.0,0.0,0.8900692926057706,True,0.07106040493439252,0.0,True,5,0.0,0.0,0.0,12000,22000,Windows-AMD64-py3.14.3,self-contained local validation harness; charged-time accounting is disclosed by timing_mode
resource-defense_round-robin_seed2,no-git,2026-05-27T22:16:27,2,round-robin,self-contained-rts-micro,ResourceDefenseEnv,1.0-local,resource-defense,2,18.0,16.0,2.0,1.0,4.0,strict_delta_max,0.9,14.284027431006072,16.284027431006074,22.50419999472797,12.004000134766102,simulated_charged,PSO,3.554799386212883,1,2,1,4,4,0.677516,0.677516,0.0,0.5,32,1,16.126637124999178,16.252549369804694,16.284027431006074,False,False,0.0,0.0,0.0,False,0.03660608418710082,0.0,True,5,0.0,0.0,0.0,12000,22000,Windows-AMD64-py3.14.3,self-contained local validation harness; charged-time accounting is disclosed by timing_mode
resource-defense_round-robin_seed2,no-git,2026-05-27T22:16:27,2,round-robin,self-contained-rts-micro,ResourceDefenseEnv,1.0-local,resource-defense,3,18.0,16.0,2.0,1.0,4.0,strict_delta_max,0.9,12.169709509062379,14.169709509062379,35.78839998226613,17.66499993391335,simulated_charged,PSO,2.061633490747105,2,2,2,6,6,0.8006059999999999,0.8006059999999999,0.0,0.5,32,1,16.047941971995726,16.236810339204006,16.284027431006074,False,False,0.0,0.0,0.0,False,0.05900387287653524,0.0,True,8,0.0,0.0,0.0,12000,22000,Windows-AMD64-py3.14.3,self-contained local validation harness; charged-time accounting is disclosed by timing_mode
resource-defense_round-robin_seed2,no-git,2026-05-27T22:16:27,2,round-robin,self-contained-rts-micro,ResourceDefenseEnv,1.0-local,resource-defense,4,18.0,16.0,2.0,1.0,4.0,strict_delta_max,0.9,13.751069507642224,15.751069507642224,27.34139992389828,12.39809999242425,simulated_charged,RL,3.7100201692069317,1,1,2,4,4,0.8006059999999999,0.8006059999999999,0.0,0.5,32,1,16.177435846333303,16.26270911407152,16.284027431006074,False,False,0.0,0.0,0.0,False,0.43280249884550953,0.0,True,6,0.0,0.0,0.0,12000,22000,Windows-AMD64-py3.14.3,self-contained local validation harness; charged-time accounting is disclosed by timing_mode
resource-defense_round-robin_seed2,no-git,2026-05-27T22:16:27,2,round-robin,self-contained-rts-micro,ResourceDefenseEnv,1.0-local,resource-defense,5,18.0,16.0,2.0,1.0,4.0,strict_delta_max,0.9,13.564366866168518,15.564366866168518,27.56700001191348,13.609000016003847,simulated_charged,PSO,2.6977349717159167,2,2,1,5,5,0.876954,0.876954,0.0,0.5,32,1,16.15078795016511,16.25737953483788,16.284027431006074,False,False,0.0,0.0,0.0,False,0.036302547511656805,0.0,True,6,0.0,0.0,0.0,12000,22000,Windows-AMD64-py3.14.3,self-contained local validation harness; charged-time accounting is disclosed by timing_mode
resource-defense_greedy-improvement_seed0,no-git,2026-05-27T22:16:28,0,greedy-improvement,self-contained-rts-micro,ResourceDefenseEnv,1.0-local,resource-defense,0,18.0,16.0,2.0,1.0,4.0,strict_delta_max,0.9,13.05278982259618,15.05278982259618,32.264400040730834,12.332799844443798,simulated_charged,GA,2.045413609487858,5,0,0,5,5,0.701608,0.701608,0.0,0.5,32,1,15.05278982259618,15.05278982259618,15.05278982259618,False,False,0.0,0.0,0.8019161559329542,True,0.06794007233679307,0.0,True,5,0.0,0.0,0.0,10000,20000,Windows-AMD64-py3.14.3,self-contained local validation harness; charged-time accounting is disclosed by timing_mode
resource-defense_greedy-improvement_seed0,no-git,2026-05-27T22:16:28,0,greedy-improvement,self-contained-rts-micro,ResourceDefenseEnv,1.0-local,resource-defense,1,18.0,16.0,2.0,1.0,4.0,strict_delta_max,0.9,13.835760577987928,15.835760577987928,32.25599997676909,12.293900130316615,simulated_charged,GA,2.6534672406885096,5,0,0,5,5,0.701608,0.701608,0.0,0.5,32,1,15.79661204021834,15.827930870434011,15.835760577987928,False,False,0.0,0.0,0.4590469754394006,True,0.052943160786129075,0.0,True,5,0.0,0.0,0.0,10000,20000,Windows-AMD64-py3.14.3,self-contained local validation harness; charged-time accounting is disclosed by timing_mode
resource-defense_greedy-improvement_seed0,no-git,2026-05-27T22:16:28,0,greedy-improvement,self-contained-rts-micro,ResourceDefenseEnv,1.0-local,resource-defense,2,18.0,16.0,2.0,1.0,4.0,strict_delta_max,0.9,13.227009305527694,15.227009305527694,32.01480000279844,11.99919986538589,simulated_charged,GA,1.7077750270474974,5,0,0,5,5,0.7085679999999999,0.7085679999999999,0.0,0.5,32,1,15.774885450741905,15.823585552538724,15.835760577987928,False,False,0.0,0.0,0.4759144618475732,True,0.07223402023760249,0.0,True,5,0.0,0.0,0.0,10000,20000,Windows-AMD64-py3.14.3,self-contained local validation harness; charged-time accounting is disclosed by timing_mode
resource-defense_greedy-improvement_seed0,no-git,2026-05-27T22:16:28,0,greedy-improvement,self-contained-rts-micro,ResourceDefenseEnv,1.0-local,resource-defense,3,18.0,16.0,2.0,1.0,4.0,strict_delta_max,0.9,12.014270763221708,14.014270763221708,32.15380001347512,12.241899967193604,simulated_charged,GA,3.1926635892745114,5,0,0,5,5,0.7085679999999999,0.7085679999999999,0.0,0.5,32,1,15.744447887118893,15.81749803981412,15.835760577987928,False,False,0.0,0.0,0.4759144618475732,True,0.03858708204213633,0.0,True,5,0.0,0.0,0.0,10000,20000,Windows-AMD64-py3.14.3,self-contained local validation harness; charged-time accounting is disclosed by timing_mode
resource-defense_greedy-improvement_seed0,no-git,2026-05-27T22:16:28,0,greedy-improvement,self-contained-rts-micro,ResourceDefenseEnv,1.0-local,resource-defense,4,18.0,16.0,2.0,1.0,4.0,strict_delta_max,0.9,14.69415840289312,16.69415840289312,32.096699927933514,12.094600009731948,simulated_charged,GA,2.724532011505043,5,0,0,5,5,0.7085679999999999,0.7085679999999999,0.0,0.5,32,1,16.522478837912082,16.65982248989691,16.69415840289312,False,False,0.0,0.0,0.5048954661835012,True,0.03564843044256725,0.0,True,5,0.0,0.0,0.0,10000,20000,Windows-AMD64-py3.14.3,self-contained local validation harness; charged-time accounting is disclosed by timing_mode
resource-defense_greedy-improvement_seed0,no-git,2026-05-27T22:16:28,0,greedy-improvement,self-contained-rts-micro,ResourceDefenseEnv,1.0-local,resource-defense,5,18.0,16.0,2.0,1.0,4.0,strict_delta_max,0.9,12.053755810839895,14.053755810839895,31.981099979020655,12.148700072430074,simulated_charged,GA,1.8173698892178831,5,0,0,5,5,0.7085679999999999,0.7085679999999999,0.0,0.5,32,1,16.47955894666682,16.65123851164786,16.69415840289312,False,False,0.0,0.0,0.49145583094227685,True,0.05478459145725549,0.0,True,5,0.0,0.0,0.0,10000,20000,Windows-AMD64-py3.14.3,self-contained local validation harness; charged-time accounting is disclosed by timing_mode
resource-defense_greedy-improvement_seed1,no-git,2026-05-27T22:16:28,1,greedy-improvement,self-contained-rts-micro,ResourceDefenseEnv,1.0-local,resource-defense,0,18.0,16.0,2.0,1.0,4.0,strict_delta_max,0.9,13.713168449658776,15.713168449658776,37.75689995381981,14.583699987269938,simulated_charged,GA,2.145382450534985,6,0,0,6,6,0.854968,0.854968,0.0,0.5,32,1,15.713168449658776,15.713168449658776,15.713168449658776,False,False,0.0,0.0,0.7638461793283378,True,0.06469636117152495,0.0,True,6,0.0,0.0,0.0,11000,21000,Windows-AMD64-py3.14.3,self-contained local validation harness; charged-time accounting is disclosed by timing_mode
resource-defense_greedy-improvement_seed1,no-git,2026-05-27T22:16:28,1,greedy-improvement,self-contained-rts-micro,ResourceDefenseEnv,1.0-local,resource-defense,1,18.0,16.0,2.0,1.0,4.0,strict_delta_max,0.9,13.162359696786265,15.162359696786265,25.779400020837784,9.368499973788857,simulated_charged,GA,3.624219255389079,4,0,0,4,4,0.8901759999999999,0.8901759999999999,0.0,0.5,32,1,15.68562801201515,15.707660362130051,15.713168449658776,False,False,0.0,0.0,0.7422883567523676,True,0.03536510272766172,0.0,True,4,0.0,0.0,0.0,11000,21000,Windows-AMD64-py3.14.3,self-contained local validation harness; charged-time accounting is disclosed by timing_mode
resource-defense_greedy-improvement_seed1,no-git,2026-05-27T22:16:28,1,greedy-improvement,self-contained-rts-micro,ResourceDefenseEnv,1.0-local,resource-defense,2,18.0,16.0,2.0,1.0,4.0,strict_delta_max,0.9,12.217620588254736,14.217620588254736,31.805300037376583,12.210600078105927,simulated_charged,GA,3.7710822854607207,5,0,0,5,5,0.8901759999999999,0.8901759999999999,0.0,0.5,32,1,15.658087574371525,15.702152274601325,15.713168449658776,False,False,0.0,0.0,0.7072418876015917,True,0.032926694166984405,0.0,True,5,0.0,0.0,0.0,11000,21000,Windows-AMD64-py3.14.3,self-contained local validation harness; charged-time accounting is disclosed by timing_mode
resource-defense_greedy-improvement_seed1,no-git,2026-05-27T22:16:28,1,greedy-improvement,self-contained-rts-micro,ResourceDefenseEnv,1.0-local,resource-defense,3,18.0,16.0,2.0,1.0,4.0,strict_delta_max,0.9,12.599435708717024,14.599435708717024,31.662399997003376,11.973299901001155,simulated_charged,GA,1.9961801672767252,5,0,0,5,5,0.934008,0.934008,0.0,0.5,32,1,15.630547136727898,15.6966441870726,15.713168449658776,False,False,0.0,0.0,0.7593105646963385,True,0.07666245640144759,0.0,True,5,0.0,0.0,0.0,11000,21000,Windows-AMD64-py3.14.3,self-contained local validation harness; charged-time accounting is disclosed by timing_mode
resource-defense_greedy-improvement_seed1,no-git,2026-05-27T22:16:28,1,greedy-improvement,self-contained-rts-micro,ResourceDefenseEnv,1.0-local,resource-defense,4,18.0,16.0,2.0,1.0,4.0,strict_delta_max,0.9,14.400813284484723,16.400813284484723,31.863700016401708,11.957800015807152,simulated_charged,GA,2.465503082218685,5,0,0,5,5,0.934008,0.934008,0.0,0.5,32,1,16.263284317519535,16.373307491091687,16.400813284484723,False,False,0.0,0.0,0.7187133898218796,True,0.05349321461224059,0.0,True,5,0.0,0.0,0.0,11000,21000,Windows-AMD64-py3.14.3,self-contained local validation harness; charged-time accounting is disclosed by timing_mode
resource-defense_greedy-improvement_seed1,no-git,2026-05-27T22:16:28,1,greedy-improvement,self-contained-rts-micro,ResourceDefenseEnv,1.0-local,resource-defense,5,18.0,16.0,2.0,1.0,4.0,strict_delta_max,0.9,13.575535532561654,15.575535532561654,31.486599938943982,11.782699963077903,simulated_charged,GA,2.2114727752040686,5,0,0,5,5,0.9540919999999999,0.9540919999999999,0.0,0.5,32,1,16.228902075778237,16.366431042743425,16.400813284484723,False,False,0.0,0.0,0.6070512027979247,True,0.04962733008750656,0.0,True,5,0.0,0.0,0.0,11000,21000,Windows-AMD64-py3.14.3,self-contained local validation harness; charged-time accounting is disclosed by timing_mode
resource-defense_greedy-improvement_seed2,no-git,2026-05-27T22:16:28,2,greedy-improvement,self-contained-rts-micro,ResourceDefenseEnv,1.0-local,resource-defense,0,18.0,16.0,2.0,1.0,4.0,strict_delta_max,0.9,14.687508872258734,16.687508872258732,32.58250001817942,12.620299938134849,simulated_charged,GA,3.740484792257108,5,0,0,5,5,0.657472,0.657472,0.0,0.5,32,1,16.687508872258732,16.687508872258732,16.687508872258732,False,False,0.0,0.0,0.8388973103425893,True,0.03999196562768238,0.0,True,5,0.0,0.0,0.0,12000,22000,Windows-AMD64-py3.14.3,self-contained local validation harness; charged-time accounting is disclosed by timing_mode
resource-defense_greedy-improvement_seed2,no-git,2026-05-27T22:16:28,2,greedy-improvement,self-contained-rts-micro,ResourceDefenseEnv,1.0-local,resource-defense,1,18.0,16.0,2.0,1.0,4.0,strict_delta_max,0.9,13.800830738852243,15.800830738852243,38.40880002826452,14.906400116160512,simulated_charged,GA,2.046730220709815,6,0,0,6,6,0.949608,0.949608,0.0,0.5,32,1,16.643174965588408,16.67864209092467,16.687508872258732,False,False,0.0,0.0,0.5263883571059931,True,0.061404117849243614,0.0,True,6,0.0,0.0,0.0,12000,22000,Windows-AMD64-py3.14.3,self-contained local validation harness; charged-time accounting is disclosed by timing_mode
resource-defense_greedy-improvement_seed2,no-git,2026-05-27T22:16:28,2,greedy-improvement,self-contained-rts-micro,ResourceDefenseEnv,1.0-local,resource-defense,2,18.0,16.0,2.0,1.0,4.0,strict_delta_max,0.9,12.85941666660434,14.85941666660434,26.62139991298318,10.0812001619488,simulated_charged,GA,3.949777095792092,4,0,0,4,4,0.949608,0.949608,0.0,0.5,32,1,16.598841058918083,16.6697753095906,16.687508872258732,False,False,0.0,0.0,0.5584225930627067,True,0.03560936648790745,0.0,True,4,0.0,0.0,0.0,12000,22000,Windows-AMD64-py3.14.3,self-contained local validation harness; charged-time accounting is disclosed by timing_mode
resource-defense_greedy-improvement_seed2,no-git,2026-05-27T22:16:28,2,greedy-improvement,self-contained-rts-micro,ResourceDefenseEnv,1.0-local,resource-defense,3,18.0,16.0,2.0,1.0,4.0,strict_delta_max,0.9,13.301170392496322,15.301170392496322,32.67940005753189,12.454699957743287,simulated_charged,GA,2.0059632165006955,5,0,0,5,5,0.949608,0.949608,0.0,0.5,32,1,16.55450715224776,16.660908528256538,16.687508872258732,False,False,0.0,0.0,0.5782578406949954,True,0.06366793950870958,0.0,True,5,0.0,0.0,0.0,12000,22000,Windows-AMD64-py3.14.3,self-contained local validation harness; charged-time accounting is disclosed by timing_mode
resource-defense_greedy-improvement_seed2,no-git,2026-05-27T22:16:28,2,greedy-improvement,self-contained-rts-micro,ResourceDefenseEnv,1.0-local,resource-defense,4,18.0,16.0,2.0,1.0,4.0,strict_delta_max,0.9,12.687362633828464,14.687362633828464,32.19709999393672,12.36099994275719,simulated_charged,GA,3.125446309521131,5,0,0,5,5,0.949608,0.949608,0.0,0.5,32,1,16.510173245577434,16.65204174692247,16.687508872258732,False,False,0.0,0.0,0.5418308452021364,True,0.05465423683191487,0.0,True,5,0.0,0.0,0.0,12000,22000,Windows-AMD64-py3.14.3,self-contained local validation harness; charged-time accounting is disclosed by timing_mode
resource-defense_greedy-improvement_seed2,no-git,2026-05-27T22:16:28,2,greedy-improvement,self-contained-rts-micro,ResourceDefenseEnv,1.0-local,resource-defense,5,18.0,16.0,2.0,1.0,4.0,strict_delta_max,0.9,13.11299028094598,15.11299028094598,40.81209993455559,16.387499985285103,simulated_charged,GA,2.398766763121283,6,0,0,6,6,0.949608,0.949608,0.0,0.5,32,1,16.46583933890711,16.643174965588408,16.687508872258732,False,False,0.0,0.0,0.531288526325496,True,0.05354759697534079,0.0,True,6,0.0,0.0,0.0,12000,22000,Windows-AMD64-py3.14.3,self-contained local validation harness; charged-time accounting is disclosed by timing_mode
