run_id,git_commit,timestamp,seed,method,benchmark,environment_name,environment_version,task_name,interval,B_tau_ms,allowed_ms,guard_margin_ms,delta_min_ms,delta_max_ms,do_not_start_rule,scheduler_ema_lambda,loop_time_ms,e2e_time_ms,actual_cpu_e2e_ms,total_atomic_cpu_ms,timing_mode,selected_module,atomic_step_duration_ms,num_ga_steps,num_pso_steps,num_rl_steps,candidate_count,evaluated_candidate_count,score,return,win,threshold_T,steps_to_threshold,evaluation_cadence,p95_latency_ms,p99_latency_ms,max_latency_ms,loop_overrun,e2e_overrun,loop_overrun_ms,e2e_overrun_ms,diversity_value,diversity_descriptor_valid,learning_progress_value,improvement_rate_value,handshake_enabled,handshake_events,scheduler_index_ga,scheduler_index_pso,scheduler_index_rl,rng_train_seed,rng_eval_seed,hardware_id,notes
line-duel_DLGPR-full_seed0,no-git,2026-05-27T22:17:19,0,DLGPR-full,self-contained-game-ai,LineDuelEnv,1.0-local,line-duel,0,30.0,28.0,2.0,1.0,4.0,strict_delta_max,0.75,24.445072893157956,26.445072893157956,39.02659995947033,16.027099918574095,simulated_charged,GA,1.283306326837439,6,1,3,10,10,-0.04500000000000004,-0.04500000000000004,0.5,0.5,-1,1,26.445072893157956,26.445072893157956,26.445072893157956,False,False,0.0,0.0,0.6441779133689934,True,0.051771469181883883,0.0,True,13,0.2156703373317267,0.16424470103775546,0.15835312896993228,10000,20000,Windows-AMD64-py3.14.3,self-contained local validation harness; charged-time accounting is disclosed by timing_mode
line-duel_DLGPR-full_seed0,no-git,2026-05-27T22:17:19,0,DLGPR-full,self-contained-game-ai,LineDuelEnv,1.0-local,line-duel,1,30.0,28.0,2.0,1.0,4.0,strict_delta_max,0.75,24.579309440752446,26.579309440752446,41.52969992719591,14.87410010304302,simulated_charged,GA,3.6834682208478196,9,1,1,11,11,-0.04500000000000004,-0.04500000000000004,0.5,0.5,-1,1,26.57259761337272,26.5779670752765,26.579309440752446,False,False,0.0,0.0,0.33504560767978386,True,0.015554612042059835,0.0,True,12,0.1692548180730989,0.15225905030633605,0.15145909055282836,10000,20000,Windows-AMD64-py3.14.3,self-contained local validation harness; charged-time accounting is disclosed by timing_mode
line-duel_DLGPR-full_seed0,no-git,2026-05-27T22:17:19,0,DLGPR-full,self-contained-game-ai,LineDuelEnv,1.0-local,line-duel,2,30.0,28.0,2.0,1.0,4.0,strict_delta_max,0.75,25.842005358142,27.842005358142,34.80999998282641,16.5082000894472,simulated_charged,RL,3.018423434554432,1,4,6,11,11,-0.04500000000000004,-0.04500000000000004,0.5,0.5,-1,1,27.715735766403043,27.81675143979421,27.842005358142,False,False,0.0,0.0,0.0,False,0.0,0.0,True,17,0.07357058346434373,0.10601308553529458,0.12836102696074286,10000,20000,Windows-AMD64-py3.14.3,self-contained local validation harness; charged-time accounting is disclosed by timing_mode
line-duel_DLGPR-full_seed0,no-git,2026-05-27T22:17:19,0,DLGPR-full,self-contained-game-ai,LineDuelEnv,1.0-local,line-duel,3,30.0,28.0,2.0,1.0,4.0,strict_delta_max,0.75,24.90587146636103,26.90587146636103,25.00220004003495,12.654699850827456,simulated_charged,RL,4.0,1,4,4,9,9,-0.04500000000000004,-0.04500000000000004,0.5,0.5,-1,1,27.701585274374853,27.81392134138857,27.842005358142,False,False,0.0,0.0,0.0,False,0.5125,0.0,True,13,0.07086527235653425,0.08743702482429895,0.1155541576248508,10000,20000,Windows-AMD64-py3.14.3,self-contained local validation harness; charged-time accounting is disclosed by timing_mode
line-duel_DLGPR-full_seed0,no-git,2026-05-27T22:17:19,0,DLGPR-full,self-contained-game-ai,LineDuelEnv,1.0-local,line-duel,4,30.0,28.0,2.0,1.0,4.0,strict_delta_max,0.75,25.53177187983597,27.53177187983597,22.52909995149821,10.57999988552183,simulated_charged,RL,3.8508017420144043,1,3,4,8,8,-0.04500000000000004,-0.04500000000000004,0.5,0.5,-1,1,27.779958662480794,27.82959601900976,27.842005358142,False,False,0.0,0.0,0.0,False,0.0,0.0,True,12,0.07111038169664756,0.07929173872574857,0.07597683106512529,10000,20000,Windows-AMD64-py3.14.3,self-contained local validation harness; charged-time accounting is disclosed by timing_mode
line-duel_DLGPR-full_seed0,no-git,2026-05-27T22:17:19,0,DLGPR-full,self-contained-game-ai,LineDuelEnv,1.0-local,line-duel,5,30.0,28.0,2.0,1.0,4.0,strict_delta_max,0.75,24.500699731845245,26.500699731845245,30.348900007084012,11.589599889703095,simulated_charged,GA,2.368106867915159,6,1,1,8,8,-0.04500000000000004,-0.04500000000000004,0.5,0.5,-1,1,27.764446988565492,27.826493684226698,27.842005358142,False,False,0.0,0.0,0.33504560767978386,True,0.029760681026521473,0.0,True,9,0.12743626925919738,0.07804270956226231,0.07337852054444943,10000,20000,Windows-AMD64-py3.14.3,self-contained local validation harness; charged-time accounting is disclosed by timing_mode
line-duel_DLGPR-full_seed1,no-git,2026-05-27T22:17:20,1,DLGPR-full,self-contained-game-ai,LineDuelEnv,1.0-local,line-duel,0,30.0,28.0,2.0,1.0,4.0,strict_delta_max,0.75,24.400126509227455,26.400126509227455,43.00059995148331,17.29759993031621,simulated_charged,GA,2.748756718281964,8,1,1,10,10,-1.025,-1.025,0.0,0.5,-1,1,26.400126509227455,26.400126509227455,26.400126509227455,False,False,0.0,0.0,0.8115700590224146,True,0.025646358869680308,0.0,True,11,0.2584825279510774,0.16424470103775546,0.17433401223034625,11000,21000,Windows-AMD64-py3.14.3,self-contained local validation harness; charged-time accounting is disclosed by timing_mode
line-duel_DLGPR-full_seed1,no-git,2026-05-27T22:17:20,1,DLGPR-full,self-contained-game-ai,LineDuelEnv,1.0-local,line-duel,1,30.0,28.0,2.0,1.0,4.0,strict_delta_max,0.75,24.48649945639466,26.48649945639466,50.760500016622245,19.069800269789994,simulated_charged,GA,1.4286262908883705,10,1,1,12,12,-1.025,-1.025,0.0,0.5,-1,1,26.4821808090363,26.48563572692299,26.48649945639466,False,False,0.0,0.0,0.7797754174472316,True,0.0549547590850403,0.0,True,13,0.2544972205726713,0.15334994822127793,0.16771908715032646,11000,21000,Windows-AMD64-py3.14.3,self-contained local validation harness; charged-time accounting is disclosed by timing_mode
line-duel_DLGPR-full_seed1,no-git,2026-05-27T22:17:20,1,DLGPR-full,self-contained-game-ai,LineDuelEnv,1.0-local,line-duel,2,30.0,28.0,2.0,1.0,4.0,strict_delta_max,0.75,25.335655957244054,27.335655957244054,27.755899936892092,12.934700353071094,simulated_charged,PSO,3.017094075333223,1,3,4,8,8,-1.025,-1.025,0.0,0.5,-1,1,27.250740307159113,27.318672827227065,27.335655957244054,False,False,0.0,0.0,0.0,False,0.01890208760132092,0.0,True,12,0.08805834703960172,0.11347886154178362,0.11783085441561042,11000,21000,Windows-AMD64-py3.14.3,self-contained local validation harness; charged-time accounting is disclosed by timing_mode
line-duel_DLGPR-full_seed1,no-git,2026-05-27T22:17:20,1,DLGPR-full,self-contained-game-ai,LineDuelEnv,1.0-local,line-duel,3,30.0,28.0,2.0,1.0,4.0,strict_delta_max,0.75,24.713414257761013,26.713414257761013,27.274199994280934,13.667100109159946,simulated_charged,PSO,1.0090995652407513,1,4,4,9,9,-1.025,-1.025,0.0,0.5,-1,1,27.2423197023216,27.31698870625956,27.335655957244054,False,False,0.0,0.0,0.0,False,0.0833670104327331,0.0,True,13,0.06970741728516817,0.09110421928624578,0.09571205787168807,11000,21000,Windows-AMD64-py3.14.3,self-contained local validation harness; charged-time accounting is disclosed by timing_mode
line-duel_DLGPR-full_seed1,no-git,2026-05-27T22:17:20,1,DLGPR-full,self-contained-game-ai,LineDuelEnv,1.0-local,line-duel,4,30.0,28.0,2.0,1.0,4.0,strict_delta_max,0.75,25.938229162300004,27.938229162300004,44.403399922885,17.064300132915378,simulated_charged,GA,2.3781896496549786,9,1,1,11,11,-1.025,-1.025,0.0,0.5,-1,1,27.817714521288814,27.914126234097765,27.938229162300004,False,False,0.0,0.0,0.748823054488012,True,0.026914434699173734,0.0,True,12,0.22937946121248498,0.08967926523110382,0.0949435885761321,11000,21000,Windows-AMD64-py3.14.3,self-contained local validation harness; charged-time accounting is disclosed by timing_mode
line-duel_DLGPR-full_seed1,no-git,2026-05-27T22:17:20,1,DLGPR-full,self-contained-game-ai,LineDuelEnv,1.0-local,line-duel,5,30.0,28.0,2.0,1.0,4.0,strict_delta_max,0.75,24.71445056921094,26.71445056921094,42.58359991945326,15.751799801364541,simulated_charged,GA,3.2425608575293285,8,1,1,10,10,-1.025,-1.025,0.0,0.5,-1,1,27.787585861036018,27.90810050204721,27.938229162300004,False,False,0.0,0.0,0.7213807716243663,True,0.024634095036384217,0.0,True,11,0.21928684090079312,0.08779458124124152,0.09315291624413553,11000,21000,Windows-AMD64-py3.14.3,self-contained local validation harness; charged-time accounting is disclosed by timing_mode
line-duel_DLGPR-full_seed2,no-git,2026-05-27T22:17:20,2,DLGPR-full,self-contained-game-ai,LineDuelEnv,1.0-local,line-duel,0,30.0,28.0,2.0,1.0,4.0,strict_delta_max,0.75,26.716426041271827,28.716426041271827,49.04900002293289,17.66870019491762,simulated_charged,GA,2.963810074078382,11,1,1,13,13,-0.0050000000000000044,-0.0050000000000000044,0.5,0.5,-1,1,28.716426041271827,28.716426041271827,28.716426041271827,False,False,0.0,0.0,0.7812314952078258,True,0.03552784188573753,0.0,True,14,0.2629554134229198,0.17230610830197415,0.18643878105567038,12000,22000,Windows-AMD64-py3.14.3,self-contained local validation harness; charged-time accounting is disclosed by timing_mode
line-duel_DLGPR-full_seed2,no-git,2026-05-27T22:17:20,2,DLGPR-full,self-contained-game-ai,LineDuelEnv,1.0-local,line-duel,1,30.0,28.0,2.0,1.0,4.0,strict_delta_max,0.75,24.488194433462596,26.488194433462596,41.491399984806776,15.244000125676394,simulated_charged,GA,1.8703373874483629,9,1,1,11,11,-0.0050000000000000044,-0.0050000000000000044,0.5,0.5,-1,1,28.605014460881364,28.694143725193733,28.716426041271827,False,False,0.0,0.0,0.6341529133620913,True,0.06115409802883833,0.0,True,12,0.2298673347150432,0.15537557300461197,0.16774884689851222,12000,22000,Windows-AMD64-py3.14.3,self-contained local validation harness; charged-time accounting is disclosed by timing_mode
line-duel_DLGPR-full_seed2,no-git,2026-05-27T22:17:20,2,DLGPR-full,self-contained-game-ai,LineDuelEnv,1.0-local,line-duel,2,30.0,28.0,2.0,1.0,4.0,strict_delta_max,0.75,25.019104492488506,27.019104492488506,36.9718000292778,13.87809996958822,simulated_charged,GA,1.883210479831185,8,1,1,10,10,0.025000000000000022,0.025000000000000022,0.5,0.5,-1,1,28.546693886393495,28.68247961029616,28.716426041271827,False,False,0.0,0.0,0.44849760687166584,True,0.045952712202506685,0.0,True,11,0.16246467746062176,0.14358292983210724,0.15293715581365577,12000,22000,Windows-AMD64-py3.14.3,self-contained local validation harness; charged-time accounting is disclosed by timing_mode
line-duel_DLGPR-full_seed2,no-git,2026-05-27T22:17:20,2,DLGPR-full,self-contained-game-ai,LineDuelEnv,1.0-local,line-duel,3,30.0,28.0,2.0,1.0,4.0,strict_delta_max,0.75,25.917406718178242,27.917406718178242,25.36940004210919,11.138099944218993,simulated_charged,PSO,2.8276733944891124,1,2,5,8,8,0.025000000000000022,0.025000000000000022,0.5,0.5,-1,1,28.596573142807788,28.69245546157902,28.716426041271827,False,False,0.0,0.0,0.0,False,0.02687043979922508,0.0,True,13,0.06789076050626935,0.11998057594803858,0.1213766518666296,12000,22000,Windows-AMD64-py3.14.3,self-contained local validation harness; charged-time accounting is disclosed by timing_mode
line-duel_DLGPR-full_seed2,no-git,2026-05-27T22:17:20,2,DLGPR-full,self-contained-game-ai,LineDuelEnv,1.0-local,line-duel,4,30.0,28.0,2.0,1.0,4.0,strict_delta_max,0.75,26.65275030277453,28.65275030277453,34.85480009112507,18.847699859179556,simulated_charged,PSO,3.3992043229502955,1,6,5,12,12,0.025000000000000022,0.025000000000000022,0.5,0.5,-1,1,28.703690893572368,28.713879011731937,28.716426041271827,False,False,0.0,0.0,0.0,False,0.03642142660026081,0.0,True,17,0.055607970465636015,0.08689870264382246,0.08995322074993048,12000,22000,Windows-AMD64-py3.14.3,self-contained local validation harness; charged-time accounting is disclosed by timing_mode
line-duel_DLGPR-full_seed2,no-git,2026-05-27T22:17:20,2,DLGPR-full,self-contained-game-ai,LineDuelEnv,1.0-local,line-duel,5,30.0,28.0,2.0,1.0,4.0,strict_delta_max,0.75,26.39242859716982,28.39242859716982,38.82510005496442,17.91470020543784,simulated_charged,RL,3.6014244257324273,1,2,7,10,10,0.025000000000000022,0.025000000000000022,0.5,0.5,-1,1,28.700507106647503,28.713242254346962,28.716426041271827,False,False,0.0,0.0,0.0,False,0.0,0.0,True,17,0.05639395007636234,0.0820294467577538,0.08947212364425704,12000,22000,Windows-AMD64-py3.14.3,self-contained local validation harness; charged-time accounting is disclosed by timing_mode
line-duel_fixed-split_seed0,no-git,2026-05-27T22:17:20,0,fixed-split,self-contained-game-ai,LineDuelEnv,1.0-local,line-duel,0,30.0,28.0,2.0,1.0,4.0,strict_delta_max,0.75,25.718429019173396,27.718429019173396,32.023899955675006,13.933900161646307,simulated_charged,GA,2.654586248440353,4,3,3,10,10,-0.04500000000000004,-0.04500000000000004,0.5,0.5,-1,1,27.718429019173396,27.718429019173396,27.718429019173396,False,False,0.0,0.0,0.6490609342461647,True,0.034627087082184475,0.0,True,13,0.0,0.0,0.0,10000,20000,Windows-AMD64-py3.14.3,self-contained local validation harness; charged-time accounting is disclosed by timing_mode
line-duel_fixed-split_seed0,no-git,2026-05-27T22:17:20,0,fixed-split,self-contained-game-ai,LineDuelEnv,1.0-local,line-duel,1,30.0,28.0,2.0,1.0,4.0,strict_delta_max,0.75,26.100383777169647,28.100383777169647,32.62369998265058,14.71740030683577,simulated_charged,RL,2.4922441904741928,3,4,4,11,11,-0.04500000000000004,-0.04500000000000004,0.5,0.5,-1,1,28.081286039269834,28.096564229589685,28.100383777169647,False,False,0.0,0.0,0.0,False,0.0,0.0,True,15,0.0,0.0,0.0,10000,20000,Windows-AMD64-py3.14.3,self-contained local validation harness; charged-time accounting is disclosed by timing_mode
line-duel_fixed-split_seed0,no-git,2026-05-27T22:17:20,0,fixed-split,self-contained-game-ai,LineDuelEnv,1.0-local,line-duel,2,30.0,28.0,2.0,1.0,4.0,strict_delta_max,0.75,24.796556647691627,26.796556647691627,41.21870000381023,18.188499961979687,simulated_charged,GA,1.5058339404330447,5,4,4,13,13,-0.04500000000000004,-0.04500000000000004,0.5,0.5,-1,1,28.06218830137002,28.092744682009723,28.100383777169647,False,False,0.0,0.0,0.16492998018967,True,0.036859923516276524,0.0,True,17,0.0,0.0,0.0,10000,20000,Windows-AMD64-py3.14.3,self-contained local validation harness; charged-time accounting is disclosed by timing_mode
line-duel_fixed-split_seed0,no-git,2026-05-27T22:17:20,0,fixed-split,self-contained-game-ai,LineDuelEnv,1.0-local,line-duel,3,30.0,28.0,2.0,1.0,4.0,strict_delta_max,0.75,24.725307643679244,26.725307643679244,29.680100036785007,13.914500130340457,simulated_charged,PSO,3.4986549709484467,3,4,3,10,10,-0.04500000000000004,-0.04500000000000004,0.5,0.5,-1,1,28.04309056347021,28.088925134429758,28.100383777169647,False,False,0.0,0.0,0.0,False,0.015520151013188236,0.0,True,13,0.0,0.0,0.0,10000,20000,Windows-AMD64-py3.14.3,self-contained local validation harness; charged-time accounting is disclosed by timing_mode
line-duel_fixed-split_seed0,no-git,2026-05-27T22:17:20,0,fixed-split,self-contained-game-ai,LineDuelEnv,1.0-local,line-duel,4,30.0,28.0,2.0,1.0,4.0,strict_delta_max,0.75,25.68839139774782,27.68839139774782,31.677699997089803,14.590800274163485,simulated_charged,RL,2.604917554706675,3,3,4,10,10,-0.04500000000000004,-0.04500000000000004,0.5,0.5,-1,1,28.023992825570396,28.085105586849796,28.100383777169647,False,False,0.0,0.0,0.0,False,0.0,0.0,True,14,0.0,0.0,0.0,10000,20000,Windows-AMD64-py3.14.3,self-contained local validation harness; charged-time accounting is disclosed by timing_mode
line-duel_fixed-split_seed0,no-git,2026-05-27T22:17:20,0,fixed-split,self-contained-game-ai,LineDuelEnv,1.0-local,line-duel,5,30.0,28.0,2.0,1.0,4.0,strict_delta_max,0.75,25.548230379489798,27.548230379489798,32.965100021101534,14.150800183415413,simulated_charged,GA,1.7077750270474974,4,3,3,10,10,-0.04500000000000004,-0.04500000000000004,0.5,0.5,-1,1,28.004895087670583,28.081286039269834,28.100383777169647,False,False,0.0,0.0,0.16492998018967,True,0.03176636011477445,0.0,True,13,0.0,0.0,0.0,10000,20000,Windows-AMD64-py3.14.3,self-contained local validation harness; charged-time accounting is disclosed by timing_mode
line-duel_fixed-split_seed1,no-git,2026-05-27T22:17:21,1,fixed-split,self-contained-game-ai,LineDuelEnv,1.0-local,line-duel,0,30.0,28.0,2.0,1.0,4.0,strict_delta_max,0.75,25.733177078132158,27.733177078132158,38.641100050881505,17.8868998773396,simulated_charged,GA,3.2810987394175073,4,3,3,10,10,-1.04,-1.04,0.0,0.5,-1,1,27.733177078132158,27.733177078132158,27.733177078132158,False,False,0.0,0.0,0.7772472685794287,True,0.029940224248226906,0.0,True,13,0.0,0.0,0.0,11000,21000,Windows-AMD64-py3.14.3,self-contained local validation harness; charged-time accounting is disclosed by timing_mode
line-duel_fixed-split_seed1,no-git,2026-05-27T22:17:21,1,fixed-split,self-contained-game-ai,LineDuelEnv,1.0-local,line-duel,1,30.0,28.0,2.0,1.0,4.0,strict_delta_max,0.75,24.12778709313882,26.12778709313882,38.2764000678435,17.777099856175482,simulated_charged,RL,4.0,3,4,4,11,11,-1.04,-1.04,0.0,0.5,-1,1,27.65290757888249,27.717123178282225,27.733177078132158,False,False,0.0,0.0,0.0,False,0.007500000000000007,0.0,True,15,0.0,0.0,0.0,11000,21000,Windows-AMD64-py3.14.3,self-contained local validation harness; charged-time accounting is disclosed by timing_mode
line-duel_fixed-split_seed1,no-git,2026-05-27T22:17:21,1,fixed-split,self-contained-game-ai,LineDuelEnv,1.0-local,line-duel,2,30.0,28.0,2.0,1.0,4.0,strict_delta_max,0.75,25.12567730275588,27.12567730275588,36.41230007633567,17.126900027506053,simulated_charged,PSO,2.4734668851403283,4,4,3,11,11,-1.04,-1.04,0.0,0.5,-1,1,27.67242710059453,27.721027082624634,27.733177078132158,False,False,0.0,0.0,0.0,False,0.03209500829799143,0.0,True,14,0.0,0.0,0.0,11000,21000,Windows-AMD64-py3.14.3,self-contained local validation harness; charged-time accounting is disclosed by timing_mode
line-duel_fixed-split_seed1,no-git,2026-05-27T22:17:21,1,fixed-split,self-contained-game-ai,LineDuelEnv,1.0-local,line-duel,3,30.0,28.0,2.0,1.0,4.0,strict_delta_max,0.75,27.34231968371295,29.34231968371295,33.566199941560626,15.916500007733703,simulated_charged,RL,4.0,3,3,4,10,10,-1.04,-1.04,0.0,0.5,-1,1,29.10094829287583,29.29404540554553,29.34231968371295,False,False,0.0,0.0,0.0,False,0.5175000000000001,0.0,True,14,0.0,0.0,0.0,11000,21000,Windows-AMD64-py3.14.3,self-contained local validation harness; charged-time accounting is disclosed by timing_mode
line-duel_fixed-split_seed1,no-git,2026-05-27T22:17:21,1,fixed-split,self-contained-game-ai,LineDuelEnv,1.0-local,line-duel,4,30.0,28.0,2.0,1.0,4.0,strict_delta_max,0.75,24.73759214086723,26.73759214086723,37.963499897159636,17.32570002786815,simulated_charged,RL,2.0909921456597362,4,4,4,12,12,-1.03,-1.03,0.0,0.5,-1,1,29.02049116259679,29.27795397948972,29.34231968371295,False,False,0.0,0.0,0.0,False,0.0,0.0,True,16,0.0,0.0,0.0,11000,21000,Windows-AMD64-py3.14.3,self-contained local validation harness; charged-time accounting is disclosed by timing_mode
line-duel_fixed-split_seed1,no-git,2026-05-27T22:17:21,1,fixed-split,self-contained-game-ai,LineDuelEnv,1.0-local,line-duel,5,30.0,28.0,2.0,1.0,4.0,strict_delta_max,0.75,26.52601506549928,28.52601506549928,33.205099985934794,14.597299857996404,simulated_charged,GA,2.867229962546011,4,3,3,10,10,-1.025,-1.025,0.0,0.5,-1,1,29.13824352915953,29.301504452802266,29.34231968371295,False,False,0.0,0.0,0.7469520868227956,True,0.04961964550033471,0.0,True,13,0.0,0.0,0.0,11000,21000,Windows-AMD64-py3.14.3,self-contained local validation harness; charged-time accounting is disclosed by timing_mode
line-duel_fixed-split_seed2,no-git,2026-05-27T22:17:21,2,fixed-split,self-contained-game-ai,LineDuelEnv,1.0-local,line-duel,0,30.0,28.0,2.0,1.0,4.0,strict_delta_max,0.75,24.019478878449952,26.019478878449952,32.706999918445945,15.069100190885365,simulated_charged,GA,2.689317696034336,4,3,3,10,10,-0.0050000000000000044,-0.0050000000000000044,0.5,0.5,-1,1,26.019478878449952,26.019478878449952,26.019478878449952,False,False,0.0,0.0,0.6858479521469404,True,0.03966767612242961,0.0,True,13,0.0,0.0,0.0,12000,22000,Windows-AMD64-py3.14.3,self-contained local validation harness; charged-time accounting is disclosed by timing_mode
line-duel_fixed-split_seed2,no-git,2026-05-27T22:17:21,2,fixed-split,self-contained-game-ai,LineDuelEnv,1.0-local,line-duel,1,30.0,28.0,2.0,1.0,4.0,strict_delta_max,0.75,24.622833711755852,26.622833711755852,30.125200049951673,14.36019956599921,simulated_charged,RL,2.1317991423535707,3,4,4,11,11,0.025000000000000022,0.025000000000000022,0.5,0.5,-1,1,26.592665970090557,26.616800163422795,26.622833711755852,False,False,0.0,0.0,0.0,False,0.03283611415788354,0.0,True,15,0.0,0.0,0.0,12000,22000,Windows-AMD64-py3.14.3,self-contained local validation harness; charged-time accounting is disclosed by timing_mode
line-duel_fixed-split_seed2,no-git,2026-05-27T22:17:21,2,fixed-split,self-contained-game-ai,LineDuelEnv,1.0-local,line-duel,2,30.0,28.0,2.0,1.0,4.0,strict_delta_max,0.75,24.783537228190156,26.783537228190156,30.882999999448657,14.601600007154047,simulated_charged,PSO,1.3467604633095096,4,4,3,11,11,0.025000000000000022,0.025000000000000022,0.5,0.5,-1,1,26.767466876546724,26.78032315786147,26.783537228190156,False,False,0.0,0.0,0.0,False,0.09436792002165693,0.0,True,14,0.0,0.0,0.0,12000,22000,Windows-AMD64-py3.14.3,self-contained local validation harness; charged-time accounting is disclosed by timing_mode
line-duel_fixed-split_seed2,no-git,2026-05-27T22:17:21,2,fixed-split,self-contained-game-ai,LineDuelEnv,1.0-local,line-duel,3,30.0,28.0,2.0,1.0,4.0,strict_delta_max,0.75,25.31498844694741,27.31498844694741,28.512999997474253,13.696700101718307,simulated_charged,RL,3.7105839696207106,3,3,4,10,10,0.025000000000000022,0.025000000000000022,0.5,0.5,-1,1,27.235270764133823,27.299044910384694,27.31498844694741,False,False,0.0,0.0,0.0,False,0.0,0.0,True,14,0.0,0.0,0.0,12000,22000,Windows-AMD64-py3.14.3,self-contained local validation harness; charged-time accounting is disclosed by timing_mode
line-duel_fixed-split_seed2,no-git,2026-05-27T22:17:21,2,fixed-split,self-contained-game-ai,LineDuelEnv,1.0-local,line-duel,4,30.0,28.0,2.0,1.0,4.0,strict_delta_max,0.75,24.361476738371007,26.361476738371007,28.568799956701696,11.88100001309067,simulated_charged,GA,1.1940633338985955,4,3,3,10,10,0.025000000000000022,0.025000000000000022,0.5,0.5,-1,1,27.208698203195958,27.29373039819712,27.31498844694741,False,False,0.0,0.0,0.4995192726139319,True,0.06780905229795453,0.0,True,13,0.0,0.0,0.0,12000,22000,Windows-AMD64-py3.14.3,self-contained local validation harness; charged-time accounting is disclosed by timing_mode
line-duel_fixed-split_seed2,no-git,2026-05-27T22:17:21,2,fixed-split,self-contained-game-ai,LineDuelEnv,1.0-local,line-duel,5,30.0,28.0,2.0,1.0,4.0,strict_delta_max,0.75,25.929263027049014,27.929263027049014,31.252300017513335,15.028699766844511,simulated_charged,RL,2.7995073587195543,3,4,4,11,11,0.025000000000000022,0.025000000000000022,0.5,0.5,-1,1,27.775694382023612,27.898549298043935,27.929263027049014,False,False,0.0,0.0,0.0,False,0.0,0.0,True,15,0.0,0.0,0.0,12000,22000,Windows-AMD64-py3.14.3,self-contained local validation harness; charged-time accounting is disclosed by timing_mode
line-duel_round-robin_seed0,no-git,2026-05-27T22:17:21,0,round-robin,self-contained-game-ai,LineDuelEnv,1.0-local,line-duel,0,30.0,28.0,2.0,1.0,4.0,strict_delta_max,0.75,25.718429019173396,27.718429019173396,32.322000013664365,14.236299903132021,simulated_charged,GA,2.654586248440353,4,3,3,10,10,-0.04500000000000004,-0.04500000000000004,0.5,0.5,-1,1,27.718429019173396,27.718429019173396,27.718429019173396,False,False,0.0,0.0,0.6490609342461647,True,0.034627087082184475,0.0,True,13,0.0,0.0,0.0,10000,20000,Windows-AMD64-py3.14.3,self-contained local validation harness; charged-time accounting is disclosed by timing_mode
line-duel_round-robin_seed0,no-git,2026-05-27T22:17:21,0,round-robin,self-contained-game-ai,LineDuelEnv,1.0-local,line-duel,1,30.0,28.0,2.0,1.0,4.0,strict_delta_max,0.75,26.100383777169647,28.100383777169647,31.595399952493608,14.172200113534927,simulated_charged,RL,2.4922441904741928,3,4,4,11,11,-0.04500000000000004,-0.04500000000000004,0.5,0.5,-1,1,28.081286039269834,28.096564229589685,28.100383777169647,False,False,0.0,0.0,0.0,False,0.0,0.0,True,15,0.0,0.0,0.0,10000,20000,Windows-AMD64-py3.14.3,self-contained local validation harness; charged-time accounting is disclosed by timing_mode
line-duel_round-robin_seed0,no-git,2026-05-27T22:17:21,0,round-robin,self-contained-game-ai,LineDuelEnv,1.0-local,line-duel,2,30.0,28.0,2.0,1.0,4.0,strict_delta_max,0.75,24.796556647691627,26.796556647691627,41.07479995582253,18.107699928805232,simulated_charged,GA,1.5058339404330447,5,4,4,13,13,-0.04500000000000004,-0.04500000000000004,0.5,0.5,-1,1,28.06218830137002,28.092744682009723,28.100383777169647,False,False,0.0,0.0,0.16492998018967,True,0.036859923516276524,0.0,True,17,0.0,0.0,0.0,10000,20000,Windows-AMD64-py3.14.3,self-contained local validation harness; charged-time accounting is disclosed by timing_mode
line-duel_round-robin_seed0,no-git,2026-05-27T22:17:21,0,round-robin,self-contained-game-ai,LineDuelEnv,1.0-local,line-duel,3,30.0,28.0,2.0,1.0,4.0,strict_delta_max,0.75,24.725307643679244,26.725307643679244,29.11489992402494,13.770199846476316,simulated_charged,PSO,3.4986549709484467,3,4,3,10,10,-0.04500000000000004,-0.04500000000000004,0.5,0.5,-1,1,28.04309056347021,28.088925134429758,28.100383777169647,False,False,0.0,0.0,0.0,False,0.015520151013188236,0.0,True,13,0.0,0.0,0.0,10000,20000,Windows-AMD64-py3.14.3,self-contained local validation harness; charged-time accounting is disclosed by timing_mode
line-duel_round-robin_seed0,no-git,2026-05-27T22:17:21,0,round-robin,self-contained-game-ai,LineDuelEnv,1.0-local,line-duel,4,30.0,28.0,2.0,1.0,4.0,strict_delta_max,0.75,25.68839139774782,27.68839139774782,30.339400051161647,13.201900059357285,simulated_charged,RL,2.604917554706675,3,3,4,10,10,-0.04500000000000004,-0.04500000000000004,0.5,0.5,-1,1,28.023992825570396,28.085105586849796,28.100383777169647,False,False,0.0,0.0,0.0,False,0.0,0.0,True,14,0.0,0.0,0.0,10000,20000,Windows-AMD64-py3.14.3,self-contained local validation harness; charged-time accounting is disclosed by timing_mode
line-duel_round-robin_seed0,no-git,2026-05-27T22:17:21,0,round-robin,self-contained-game-ai,LineDuelEnv,1.0-local,line-duel,5,30.0,28.0,2.0,1.0,4.0,strict_delta_max,0.75,25.548230379489798,27.548230379489798,31.94050001911819,13.685699785128236,simulated_charged,GA,1.7077750270474974,4,3,3,10,10,-0.04500000000000004,-0.04500000000000004,0.5,0.5,-1,1,28.004895087670583,28.081286039269834,28.100383777169647,False,False,0.0,0.0,0.16492998018967,True,0.03176636011477445,0.0,True,13,0.0,0.0,0.0,10000,20000,Windows-AMD64-py3.14.3,self-contained local validation harness; charged-time accounting is disclosed by timing_mode
line-duel_round-robin_seed1,no-git,2026-05-27T22:17:21,1,round-robin,self-contained-game-ai,LineDuelEnv,1.0-local,line-duel,0,30.0,28.0,2.0,1.0,4.0,strict_delta_max,0.75,25.733177078132158,27.733177078132158,35.19429999869317,15.177600085735321,simulated_charged,GA,3.2810987394175073,4,3,3,10,10,-1.04,-1.04,0.0,0.5,-1,1,27.733177078132158,27.733177078132158,27.733177078132158,False,False,0.0,0.0,0.7772472685794287,True,0.029940224248226906,0.0,True,13,0.0,0.0,0.0,11000,21000,Windows-AMD64-py3.14.3,self-contained local validation harness; charged-time accounting is disclosed by timing_mode
line-duel_round-robin_seed1,no-git,2026-05-27T22:17:21,1,round-robin,self-contained-game-ai,LineDuelEnv,1.0-local,line-duel,1,30.0,28.0,2.0,1.0,4.0,strict_delta_max,0.75,24.12778709313882,26.12778709313882,37.584800040349364,17.758000059984624,simulated_charged,RL,4.0,3,4,4,11,11,-1.04,-1.04,0.0,0.5,-1,1,27.65290757888249,27.717123178282225,27.733177078132158,False,False,0.0,0.0,0.0,False,0.007500000000000007,0.0,True,15,0.0,0.0,0.0,11000,21000,Windows-AMD64-py3.14.3,self-contained local validation harness; charged-time accounting is disclosed by timing_mode
line-duel_round-robin_seed1,no-git,2026-05-27T22:17:21,1,round-robin,self-contained-game-ai,LineDuelEnv,1.0-local,line-duel,2,30.0,28.0,2.0,1.0,4.0,strict_delta_max,0.75,25.12567730275588,27.12567730275588,35.64310004003346,16.182799939997494,simulated_charged,PSO,2.4734668851403283,4,4,3,11,11,-1.04,-1.04,0.0,0.5,-1,1,27.67242710059453,27.721027082624634,27.733177078132158,False,False,0.0,0.0,0.0,False,0.03209500829799143,0.0,True,14,0.0,0.0,0.0,11000,21000,Windows-AMD64-py3.14.3,self-contained local validation harness; charged-time accounting is disclosed by timing_mode
line-duel_round-robin_seed1,no-git,2026-05-27T22:17:21,1,round-robin,self-contained-game-ai,LineDuelEnv,1.0-local,line-duel,3,30.0,28.0,2.0,1.0,4.0,strict_delta_max,0.75,27.34231968371295,29.34231968371295,37.04630001448095,18.197499797679484,simulated_charged,RL,4.0,3,3,4,10,10,-1.04,-1.04,0.0,0.5,-1,1,29.10094829287583,29.29404540554553,29.34231968371295,False,False,0.0,0.0,0.0,False,0.5175000000000001,0.0,True,14,0.0,0.0,0.0,11000,21000,Windows-AMD64-py3.14.3,self-contained local validation harness; charged-time accounting is disclosed by timing_mode
line-duel_round-robin_seed1,no-git,2026-05-27T22:17:21,1,round-robin,self-contained-game-ai,LineDuelEnv,1.0-local,line-duel,4,30.0,28.0,2.0,1.0,4.0,strict_delta_max,0.75,24.73759214086723,26.73759214086723,38.04609994404018,17.285200068727136,simulated_charged,RL,2.0909921456597362,4,4,4,12,12,-1.03,-1.03,0.0,0.5,-1,1,29.02049116259679,29.27795397948972,29.34231968371295,False,False,0.0,0.0,0.0,False,0.0,0.0,True,16,0.0,0.0,0.0,11000,21000,Windows-AMD64-py3.14.3,self-contained local validation harness; charged-time accounting is disclosed by timing_mode
line-duel_round-robin_seed1,no-git,2026-05-27T22:17:21,1,round-robin,self-contained-game-ai,LineDuelEnv,1.0-local,line-duel,5,30.0,28.0,2.0,1.0,4.0,strict_delta_max,0.75,26.52601506549928,28.52601506549928,33.51859992835671,14.757899916730821,simulated_charged,GA,2.867229962546011,4,3,3,10,10,-1.025,-1.025,0.0,0.5,-1,1,29.13824352915953,29.301504452802266,29.34231968371295,False,False,0.0,0.0,0.7469520868227956,True,0.04961964550033471,0.0,True,13,0.0,0.0,0.0,11000,21000,Windows-AMD64-py3.14.3,self-contained local validation harness; charged-time accounting is disclosed by timing_mode
line-duel_round-robin_seed2,no-git,2026-05-27T22:17:22,2,round-robin,self-contained-game-ai,LineDuelEnv,1.0-local,line-duel,0,30.0,28.0,2.0,1.0,4.0,strict_delta_max,0.75,24.019478878449952,26.019478878449952,32.66509994864464,15.185799915343523,simulated_charged,GA,2.689317696034336,4,3,3,10,10,-0.0050000000000000044,-0.0050000000000000044,0.5,0.5,-1,1,26.019478878449952,26.019478878449952,26.019478878449952,False,False,0.0,0.0,0.6858479521469404,True,0.03966767612242961,0.0,True,13,0.0,0.0,0.0,12000,22000,Windows-AMD64-py3.14.3,self-contained local validation harness; charged-time accounting is disclosed by timing_mode
line-duel_round-robin_seed2,no-git,2026-05-27T22:17:22,2,round-robin,self-contained-game-ai,LineDuelEnv,1.0-local,line-duel,1,30.0,28.0,2.0,1.0,4.0,strict_delta_max,0.75,24.622833711755852,26.622833711755852,29.810099978931248,14.128000009804964,simulated_charged,RL,2.1317991423535707,3,4,4,11,11,0.025000000000000022,0.025000000000000022,0.5,0.5,-1,1,26.592665970090557,26.616800163422795,26.622833711755852,False,False,0.0,0.0,0.0,False,0.03283611415788354,0.0,True,15,0.0,0.0,0.0,12000,22000,Windows-AMD64-py3.14.3,self-contained local validation harness; charged-time accounting is disclosed by timing_mode
line-duel_round-robin_seed2,no-git,2026-05-27T22:17:22,2,round-robin,self-contained-game-ai,LineDuelEnv,1.0-local,line-duel,2,30.0,28.0,2.0,1.0,4.0,strict_delta_max,0.75,24.783537228190156,26.783537228190156,30.6426000315696,14.244999852962792,simulated_charged,PSO,1.3467604633095096,4,4,3,11,11,0.025000000000000022,0.025000000000000022,0.5,0.5,-1,1,26.767466876546724,26.78032315786147,26.783537228190156,False,False,0.0,0.0,0.0,False,0.09436792002165693,0.0,True,14,0.0,0.0,0.0,12000,22000,Windows-AMD64-py3.14.3,self-contained local validation harness; charged-time accounting is disclosed by timing_mode
line-duel_round-robin_seed2,no-git,2026-05-27T22:17:22,2,round-robin,self-contained-game-ai,LineDuelEnv,1.0-local,line-duel,3,30.0,28.0,2.0,1.0,4.0,strict_delta_max,0.75,25.31498844694741,27.31498844694741,28.44100003130734,13.19670001976192,simulated_charged,RL,3.7105839696207106,3,3,4,10,10,0.025000000000000022,0.025000000000000022,0.5,0.5,-1,1,27.235270764133823,27.299044910384694,27.31498844694741,False,False,0.0,0.0,0.0,False,0.0,0.0,True,14,0.0,0.0,0.0,12000,22000,Windows-AMD64-py3.14.3,self-contained local validation harness; charged-time accounting is disclosed by timing_mode
line-duel_round-robin_seed2,no-git,2026-05-27T22:17:22,2,round-robin,self-contained-game-ai,LineDuelEnv,1.0-local,line-duel,4,30.0,28.0,2.0,1.0,4.0,strict_delta_max,0.75,24.361476738371007,26.361476738371007,28.338799951598048,12.193800183013082,simulated_charged,GA,1.1940633338985955,4,3,3,10,10,0.025000000000000022,0.025000000000000022,0.5,0.5,-1,1,27.208698203195958,27.29373039819712,27.31498844694741,False,False,0.0,0.0,0.4995192726139319,True,0.06780905229795453,0.0,True,13,0.0,0.0,0.0,12000,22000,Windows-AMD64-py3.14.3,self-contained local validation harness; charged-time accounting is disclosed by timing_mode
line-duel_round-robin_seed2,no-git,2026-05-27T22:17:22,2,round-robin,self-contained-game-ai,LineDuelEnv,1.0-local,line-duel,5,30.0,28.0,2.0,1.0,4.0,strict_delta_max,0.75,25.929263027049014,27.929263027049014,31.09890001360327,14.953700010664761,simulated_charged,RL,2.7995073587195543,3,4,4,11,11,0.025000000000000022,0.025000000000000022,0.5,0.5,-1,1,27.775694382023612,27.898549298043935,27.929263027049014,False,False,0.0,0.0,0.0,False,0.0,0.0,True,15,0.0,0.0,0.0,12000,22000,Windows-AMD64-py3.14.3,self-contained local validation harness; charged-time accounting is disclosed by timing_mode
line-duel_greedy-improvement_seed0,no-git,2026-05-27T22:17:22,0,greedy-improvement,self-contained-game-ai,LineDuelEnv,1.0-local,line-duel,0,30.0,28.0,2.0,1.0,4.0,strict_delta_max,0.75,24.256585879403676,26.256585879403676,36.8087999522686,12.5427998136729,simulated_charged,GA,2.944785666803855,9,0,0,9,9,0.015000000000000013,0.015000000000000013,0.5,0.5,-1,1,26.256585879403676,26.256585879403676,26.256585879403676,False,False,0.0,0.0,0.629872737374901,True,0.025245448390572398,0.0,True,9,0.0,0.0,0.0,10000,20000,Windows-AMD64-py3.14.3,self-contained local validation harness; charged-time accounting is disclosed by timing_mode
line-duel_greedy-improvement_seed0,no-git,2026-05-27T22:17:22,0,greedy-improvement,self-contained-game-ai,LineDuelEnv,1.0-local,line-duel,1,30.0,28.0,2.0,1.0,4.0,strict_delta_max,0.75,25.254326582624508,27.254326582624508,42.736200033687055,13.508099946193397,simulated_charged,GA,3.617056485066973,11,0,0,11,11,0.015000000000000013,0.015000000000000013,0.5,0.5,-1,1,27.204439547463465,27.244349175592298,27.254326582624508,False,False,0.0,0.0,0.585947675557486,True,0.025055160081651994,0.0,True,11,0.0,0.0,0.0,10000,20000,Windows-AMD64-py3.14.3,self-contained local validation harness; charged-time accounting is disclosed by timing_mode
line-duel_greedy-improvement_seed0,no-git,2026-05-27T22:17:22,0,greedy-improvement,self-contained-game-ai,LineDuelEnv,1.0-local,line-duel,2,30.0,28.0,2.0,1.0,4.0,strict_delta_max,0.75,24.131551623672117,26.131551623672117,30.73719993699342,8.942099986597896,simulated_charged,GA,3.007771186781455,8,0,0,8,8,0.015000000000000013,0.015000000000000013,0.5,0.5,-1,1,27.154552512302423,27.23437176856009,27.254326582624508,False,False,0.0,0.0,0.46888634094355536,True,0.027421656986500686,0.0,True,8,0.0,0.0,0.0,10000,20000,Windows-AMD64-py3.14.3,self-contained local validation harness; charged-time accounting is disclosed by timing_mode
line-duel_greedy-improvement_seed0,no-git,2026-05-27T22:17:22,0,greedy-improvement,self-contained-game-ai,LineDuelEnv,1.0-local,line-duel,3,30.0,28.0,2.0,1.0,4.0,strict_delta_max,0.75,24.67384048327236,26.67384048327236,34.3212999869138,10.256399749778211,simulated_charged,GA,3.4987018011053794,9,0,0,9,9,0.015000000000000013,0.015000000000000013,0.5,0.5,-1,1,27.167253667721685,27.236911999643944,27.254326582624508,False,False,0.0,0.0,0.46888634094355536,True,0.016707940214708967,0.0,True,9,0.0,0.0,0.0,10000,20000,Windows-AMD64-py3.14.3,self-contained local validation harness; charged-time accounting is disclosed by timing_mode
line-duel_greedy-improvement_seed0,no-git,2026-05-27T22:17:22,0,greedy-improvement,self-contained-game-ai,LineDuelEnv,1.0-local,line-duel,4,30.0,28.0,2.0,1.0,4.0,strict_delta_max,0.75,25.481284062808736,27.481284062808736,42.0988000696525,12.70620001014322,simulated_charged,GA,3.46581859022326,11,0,0,11,11,0.015000000000000013,0.015000000000000013,0.5,0.5,-1,1,27.43589256677189,27.472205763601366,27.481284062808736,False,False,0.0,0.0,0.46888634094355536,True,0.021062519759437435,0.0,True,11,0.0,0.0,0.0,10000,20000,Windows-AMD64-py3.14.3,self-contained local validation harness; charged-time accounting is disclosed by timing_mode
line-duel_greedy-improvement_seed0,no-git,2026-05-27T22:17:22,0,greedy-improvement,self-contained-game-ai,LineDuelEnv,1.0-local,line-duel,5,30.0,28.0,2.0,1.0,4.0,strict_delta_max,0.75,24.209880346054263,26.209880346054263,38.407000014558434,11.82630006223917,simulated_charged,GA,3.191832606418024,10,0,0,10,10,0.015000000000000013,0.015000000000000013,0.5,0.5,-1,1,27.42454469276268,27.469936188799526,27.481284062808736,False,False,0.0,0.0,0.46888634094355536,True,0.020583981154581252,0.0,True,10,0.0,0.0,0.0,10000,20000,Windows-AMD64-py3.14.3,self-contained local validation harness; charged-time accounting is disclosed by timing_mode
line-duel_greedy-improvement_seed1,no-git,2026-05-27T22:17:22,1,greedy-improvement,self-contained-game-ai,LineDuelEnv,1.0-local,line-duel,0,30.0,28.0,2.0,1.0,4.0,strict_delta_max,0.75,26.70925401481039,28.70925401481039,38.505999953486025,13.989299768581986,simulated_charged,GA,3.880593776600343,9,0,0,9,9,-1.04,-1.04,0.0,0.5,-1,1,28.70925401481039,28.70925401481039,28.70925401481039,False,False,0.0,0.0,0.7947423919546869,True,0.030370586676992665,0.0,True,9,0.0,0.0,0.0,11000,21000,Windows-AMD64-py3.14.3,self-contained local validation harness; charged-time accounting is disclosed by timing_mode
line-duel_greedy-improvement_seed1,no-git,2026-05-27T22:17:22,1,greedy-improvement,self-contained-game-ai,LineDuelEnv,1.0-local,line-duel,1,30.0,28.0,2.0,1.0,4.0,strict_delta_max,0.75,24.716768546169465,26.716768546169465,33.92259997781366,11.974699911661446,simulated_charged,GA,3.709297983720855,8,0,0,8,8,-1.04,-1.04,0.0,0.5,-1,1,28.609629741378345,28.689329160123982,28.70925401481039,False,False,0.0,0.0,0.7947423919546869,True,0.01809071996715426,0.0,True,8,0.0,0.0,0.0,11000,21000,Windows-AMD64-py3.14.3,self-contained local validation harness; charged-time accounting is disclosed by timing_mode
line-duel_greedy-improvement_seed1,no-git,2026-05-27T22:17:22,1,greedy-improvement,self-contained-game-ai,LineDuelEnv,1.0-local,line-duel,2,30.0,28.0,2.0,1.0,4.0,strict_delta_max,0.75,24.63143263460346,26.63143263460346,37.99280000384897,13.623399892821908,simulated_charged,GA,2.866365385803378,9,0,0,9,9,-1.04,-1.04,0.0,0.5,-1,1,28.510005467946296,28.66940430543757,28.70925401481039,False,False,0.0,0.0,0.7947423919546869,True,0.020408516729743278,0.0,True,9,0.0,0.0,0.0,11000,21000,Windows-AMD64-py3.14.3,self-contained local validation harness; charged-time accounting is disclosed by timing_mode
line-duel_greedy-improvement_seed1,no-git,2026-05-27T22:17:22,1,greedy-improvement,self-contained-game-ai,LineDuelEnv,1.0-local,line-duel,3,30.0,28.0,2.0,1.0,4.0,strict_delta_max,0.75,25.098605014790667,27.098605014790667,41.72120010480285,14.498099917545915,simulated_charged,GA,3.433424312258796,10,0,0,10,10,-1.0150000000000001,-1.0150000000000001,0.0,0.5,-1,1,28.467656664807432,28.6609345448098,28.70925401481039,False,False,0.0,0.0,0.794443307638502,True,0.014384710226831906,0.0,True,10,0.0,0.0,0.0,11000,21000,Windows-AMD64-py3.14.3,self-contained local validation harness; charged-time accounting is disclosed by timing_mode
line-duel_greedy-improvement_seed1,no-git,2026-05-27T22:17:22,1,greedy-improvement,self-contained-game-ai,LineDuelEnv,1.0-local,line-duel,4,30.0,28.0,2.0,1.0,4.0,strict_delta_max,0.75,25.691962342731625,27.691962342731625,56.25739996321499,20.663400064222515,simulated_charged,GA,2.0541326229632113,13,0,0,13,13,-1.0150000000000001,-1.0150000000000001,0.0,0.5,-1,1,28.505795680394638,28.66856234792724,28.70925401481039,False,False,0.0,0.0,0.8039066354672313,True,0.027877681620482583,0.0,True,13,0.0,0.0,0.0,11000,21000,Windows-AMD64-py3.14.3,self-contained local validation harness; charged-time accounting is disclosed by timing_mode
line-duel_greedy-improvement_seed1,no-git,2026-05-27T22:17:22,1,greedy-improvement,self-contained-game-ai,LineDuelEnv,1.0-local,line-duel,5,30.0,28.0,2.0,1.0,4.0,strict_delta_max,0.75,27.10955755580117,29.10955755580117,42.86790010519326,15.444199903868139,simulated_charged,GA,3.9991205201942557,10,0,0,10,10,-1.0150000000000001,-1.0150000000000001,0.0,0.5,-1,1,29.009481670553477,29.08954237875163,29.10955755580117,False,False,0.0,0.0,0.8039066354672313,True,0.015294991729222515,0.0,True,10,0.0,0.0,0.0,11000,21000,Windows-AMD64-py3.14.3,self-contained local validation harness; charged-time accounting is disclosed by timing_mode
line-duel_greedy-improvement_seed2,no-git,2026-05-27T22:17:23,2,greedy-improvement,self-contained-game-ai,LineDuelEnv,1.0-local,line-duel,0,30.0,28.0,2.0,1.0,4.0,strict_delta_max,0.75,24.471207167702836,26.471207167702836,32.52390003763139,12.025900068692863,simulated_charged,GA,1.8155566597074992,10,0,0,10,10,-0.0050000000000000044,-0.0050000000000000044,0.5,0.5,-1,1,26.471207167702836,26.471207167702836,26.471207167702836,False,False,0.0,0.0,0.6997638420786222,True,0.06240222532756143,0.0,True,10,0.0,0.0,0.0,12000,22000,Windows-AMD64-py3.14.3,self-contained local validation harness; charged-time accounting is disclosed by timing_mode
line-duel_greedy-improvement_seed2,no-git,2026-05-27T22:17:23,2,greedy-improvement,self-contained-game-ai,LineDuelEnv,1.0-local,line-duel,1,30.0,28.0,2.0,1.0,4.0,strict_delta_max,0.75,26.914243420670786,28.914243420670786,27.915399987250566,10.283099953085184,simulated_charged,GA,3.5482159429541262,10,0,0,10,10,-0.0050000000000000044,-0.0050000000000000044,0.5,0.5,-1,1,28.79209160802239,28.889813058141108,28.914243420670786,False,False,0.0,0.0,0.4169513110045364,True,0.031006341518334552,0.0,True,10,0.0,0.0,0.0,12000,22000,Windows-AMD64-py3.14.3,self-contained local validation harness; charged-time accounting is disclosed by timing_mode
line-duel_greedy-improvement_seed2,no-git,2026-05-27T22:17:23,2,greedy-improvement,self-contained-game-ai,LineDuelEnv,1.0-local,line-duel,2,30.0,28.0,2.0,1.0,4.0,strict_delta_max,0.75,26.77896895016249,28.77896895016249,48.02890005521476,16.929999692365527,simulated_charged,GA,3.058286705164339,12,0,0,12,12,-0.0050000000000000044,-0.0050000000000000044,0.5,0.5,-1,1,28.900715973619956,28.91153793126062,28.914243420670786,False,False,0.0,0.0,0.43078802384298653,True,0.02091583411560469,0.0,True,12,0.0,0.0,0.0,12000,22000,Windows-AMD64-py3.14.3,self-contained local validation harness; charged-time accounting is disclosed by timing_mode
line-duel_greedy-improvement_seed2,no-git,2026-05-27T22:17:23,2,greedy-improvement,self-contained-game-ai,LineDuelEnv,1.0-local,line-duel,3,30.0,28.0,2.0,1.0,4.0,strict_delta_max,0.75,25.097951798075183,27.097951798075183,47.57570009678602,16.48989995010197,simulated_charged,GA,1.4878687279934035,11,0,0,11,11,-0.0050000000000000044,-0.0050000000000000044,0.5,0.5,-1,1,28.893952250094543,28.910185186555537,28.914243420670786,False,False,0.0,0.0,0.43078802384298653,True,0.03425653018882695,0.0,True,11,0.0,0.0,0.0,12000,22000,Windows-AMD64-py3.14.3,self-contained local validation harness; charged-time accounting is disclosed by timing_mode
line-duel_greedy-improvement_seed2,no-git,2026-05-27T22:17:23,2,greedy-improvement,self-contained-game-ai,LineDuelEnv,1.0-local,line-duel,4,30.0,28.0,2.0,1.0,4.0,strict_delta_max,0.75,26.231229304829508,28.231229304829508,43.08840003795922,15.511800069361925,simulated_charged,GA,2.816339697197972,10,0,0,10,10,-0.0050000000000000044,-0.0050000000000000044,0.5,0.5,-1,1,28.887188526569126,28.908832441850453,28.914243420670786,False,False,0.0,0.0,0.43078802384298653,True,0.021789168628090057,0.0,True,10,0.0,0.0,0.0,12000,22000,Windows-AMD64-py3.14.3,self-contained local validation harness; charged-time accounting is disclosed by timing_mode
line-duel_greedy-improvement_seed2,no-git,2026-05-27T22:17:23,2,greedy-improvement,self-contained-game-ai,LineDuelEnv,1.0-local,line-duel,5,30.0,28.0,2.0,1.0,4.0,strict_delta_max,0.75,25.146018815407007,27.146018815407007,48.45290002413094,17.280499800108373,simulated_charged,GA,3.265519671863714,11,0,0,11,11,-0.0050000000000000044,-0.0050000000000000044,0.5,0.5,-1,1,28.880424803043713,28.907479697145373,28.914243420670786,False,False,0.0,0.0,0.43078802384298653,True,0.019804439082593297,0.0,True,11,0.0,0.0,0.0,12000,22000,Windows-AMD64-py3.14.3,self-contained local validation harness; charged-time accounting is disclosed by timing_mode
grid-treasure_DLGPR-full_seed0,no-git,2026-05-27T22:17:23,0,DLGPR-full,self-contained-game-ai,GridTreasureEnv,1.0-local,grid-treasure,0,30.0,28.0,2.0,1.0,4.0,strict_delta_max,0.75,24.898264272357032,26.898264272357032,45.96809996291995,17.25810009520501,simulated_charged,GA,3.4349216369536,7,1,1,9,9,0.025000000000000022,0.025000000000000022,0.5,0.5,-1,1,26.898264272357032,26.898264272357032,26.898264272357032,False,False,0.0,0.0,0.7563806949435334,True,0.040294539341708915,0.0,True,10,0.24701166197912572,0.16094745197170104,0.1716691320900492,10000,20000,Windows-AMD64-py3.14.3,self-contained local validation harness; charged-time accounting is disclosed by timing_mode
grid-treasure_DLGPR-full_seed0,no-git,2026-05-27T22:17:23,0,DLGPR-full,self-contained-game-ai,GridTreasureEnv,1.0-local,grid-treasure,1,30.0,28.0,2.0,1.0,4.0,strict_delta_max,0.75,26.07887003998961,28.07887003998961,53.16330003552139,19.151499844156206,simulated_charged,GA,3.7816346908140788,9,1,1,11,11,1.045,1.045,1.0,0.5,64,1,28.019839751607982,28.067063982313286,28.07887003998961,False,False,0.0,0.0,0.7466605558870933,True,0.03484629564260353,0.0,True,12,0.3542633497869691,0.15110896162347773,0.16502029278907493,10000,20000,Windows-AMD64-py3.14.3,self-contained local validation harness; charged-time accounting is disclosed by timing_mode
grid-treasure_DLGPR-full_seed0,no-git,2026-05-27T22:17:23,0,DLGPR-full,self-contained-game-ai,GridTreasureEnv,1.0-local,grid-treasure,2,30.0,28.0,2.0,1.0,4.0,strict_delta_max,0.75,26.712514024951385,28.712514024951385,53.793500061146915,19.575299811549485,simulated_charged,GA,3.517217787635061,9,1,1,11,11,1.05,1.05,1.0,0.5,64,1,28.64914962645521,28.69984114525215,28.712514024951385,False,False,0.0,0.0,0.7450733054213199,True,0.030206144622206776,0.0,True,12,0.2412995550317208,0.13962365291471376,0.15522124160675943,10000,20000,Windows-AMD64-py3.14.3,self-contained local validation harness; charged-time accounting is disclosed by timing_mode
grid-treasure_DLGPR-full_seed0,no-git,2026-05-27T22:17:23,0,DLGPR-full,self-contained-game-ai,GridTreasureEnv,1.0-local,grid-treasure,3,30.0,28.0,2.0,1.0,4.0,strict_delta_max,0.75,25.46087942613905,27.46087942613905,55.70280004758388,19.849600037559867,simulated_charged,GA,2.1621450273807556,10,1,1,12,12,1.05,1.05,1.0,0.5,64,1,28.617467427207117,28.693504705402532,28.712514024951385,False,False,0.0,0.0,0.7402617860867151,True,0.042683765008167375,0.0,True,13,0.22793216750750894,0.13049464875094371,0.14387492014361178,10000,20000,Windows-AMD64-py3.14.3,self-contained local validation harness; charged-time accounting is disclosed by timing_mode
grid-treasure_DLGPR-full_seed0,no-git,2026-05-27T22:17:23,0,DLGPR-full,self-contained-game-ai,GridTreasureEnv,1.0-local,grid-treasure,4,30.0,28.0,2.0,1.0,4.0,strict_delta_max,0.75,27.358855892321003,29.358855892321003,41.20350000448525,19.590699928812683,simulated_charged,RL,3.9139497659133284,1,1,6,8,8,1.05,1.05,1.0,0.5,64,1,29.22958751884708,29.33300221762622,29.358855892321003,False,False,0.0,0.0,0.0,False,0.0,0.0,True,14,0.07346275958532539,0.1217257735431587,0.12064704955441642,10000,20000,Windows-AMD64-py3.14.3,self-contained local validation harness; charged-time accounting is disclosed by timing_mode
grid-treasure_DLGPR-full_seed0,no-git,2026-05-27T22:17:23,0,DLGPR-full,self-contained-game-ai,GridTreasureEnv,1.0-local,grid-treasure,5,30.0,28.0,2.0,1.0,4.0,strict_delta_max,0.75,26.310471901098957,28.310471901098957,44.92490005213767,23.168800282292068,simulated_charged,PSO,2.994126185241856,1,4,6,11,11,1.05,1.05,1.0,0.5,64,1,29.1972704254786,29.326538798952523,29.358855892321003,False,False,0.0,0.0,0.0,False,0.037642093066125246,0.0,True,17,0.053427525810661944,0.09655078008168005,0.09641176246015243,10000,20000,Windows-AMD64-py3.14.3,self-contained local validation harness; charged-time accounting is disclosed by timing_mode
grid-treasure_DLGPR-full_seed1,no-git,2026-05-27T22:17:23,1,DLGPR-full,self-contained-game-ai,GridTreasureEnv,1.0-local,grid-treasure,0,30.0,28.0,2.0,1.0,4.0,strict_delta_max,0.75,24.56909645170225,26.56909645170225,51.73390009440482,20.733100129291415,simulated_charged,GA,1.5974069264642425,8,1,1,10,10,0.010000000000000009,0.010000000000000009,0.5,0.5,-1,1,26.56909645170225,26.56909645170225,26.56909645170225,False,False,0.0,0.0,0.7241117892162839,True,0.08085037117942938,0.0,True,11,0.24211605623119176,0.16424470103775546,0.18107005982631436,11000,21000,Windows-AMD64-py3.14.3,self-contained local validation harness; charged-time accounting is disclosed by timing_mode
grid-treasure_DLGPR-full_seed1,no-git,2026-05-27T22:17:23,1,DLGPR-full,self-contained-game-ai,GridTreasureEnv,1.0-local,grid-treasure,1,30.0,28.0,2.0,1.0,4.0,strict_delta_max,0.75,24.070535572417313,26.070535572417313,47.59620002005249,19.705999875441194,simulated_charged,GA,3.821648722141484,7,1,1,9,9,0.010000000000000009,0.010000000000000009,0.5,0.5,-1,1,26.544168407738002,26.5641108429094,26.56909645170225,False,False,0.0,0.0,0.6507720460478812,True,0.02835730830747125,0.0,True,10,0.222242875749367,0.1498932688670673,0.16042917753447894,11000,21000,Windows-AMD64-py3.14.3,self-contained local validation harness; charged-time accounting is disclosed by timing_mode
grid-treasure_DLGPR-full_seed1,no-git,2026-05-27T22:17:23,1,DLGPR-full,self-contained-game-ai,GridTreasureEnv,1.0-local,grid-treasure,2,30.0,28.0,2.0,1.0,4.0,strict_delta_max,0.75,25.284741283455226,27.284741283455226,58.46369999926537,23.788600112311542,simulated_charged,GA,3.4329579346278902,9,1,1,11,11,0.010000000000000009,0.010000000000000009,0.5,0.5,-1,1,27.21317680027993,27.270428386820168,27.284741283455226,False,False,0.0,0.0,0.6479169565095577,True,0.043354610337194094,0.0,True,12,0.2084053463881254,0.13898265368465573,0.1539714980862313,11000,21000,Windows-AMD64-py3.14.3,self-contained local validation harness; charged-time accounting is disclosed by timing_mode
grid-treasure_DLGPR-full_seed1,no-git,2026-05-27T22:17:23,1,DLGPR-full,self-contained-game-ai,GridTreasureEnv,1.0-local,grid-treasure,3,30.0,28.0,2.0,1.0,4.0,strict_delta_max,0.75,26.10778880238683,28.10778880238683,54.22500008717179,23.065000190399587,simulated_charged,GA,3.4344381055816493,8,1,1,10,10,0.010000000000000009,0.010000000000000009,0.5,0.5,-1,1,27.98433167454709,28.08309737681888,28.10778880238683,False,False,0.0,0.0,0.6479169565095577,True,0.04360811564774896,0.0,True,11,0.20232235091795814,0.1292713204859043,0.14312773200716808,11000,21000,Windows-AMD64-py3.14.3,self-contained local validation harness; charged-time accounting is disclosed by timing_mode
grid-treasure_DLGPR-full_seed1,no-git,2026-05-27T22:17:23,1,DLGPR-full,self-contained-game-ai,GridTreasureEnv,1.0-local,grid-treasure,4,30.0,28.0,2.0,1.0,4.0,strict_delta_max,0.75,24.91106505023068,26.91106505023068,50.50529993604869,19.128099782392383,simulated_charged,GA,3.175429881744786,8,1,1,10,10,0.010000000000000009,0.010000000000000009,0.5,0.5,-1,1,27.94317929860051,28.074866901629566,28.10778880238683,False,False,0.0,0.0,0.6479169565095577,True,0.037225090566887824,0.0,True,11,0.19840916380059911,0.12142629913950363,0.13467917537907617,11000,21000,Windows-AMD64-py3.14.3,self-contained local validation harness; charged-time accounting is disclosed by timing_mode
grid-treasure_DLGPR-full_seed1,no-git,2026-05-27T22:17:23,1,DLGPR-full,self-contained-game-ai,GridTreasureEnv,1.0-local,grid-treasure,5,30.0,28.0,2.0,1.0,4.0,strict_delta_max,0.75,26.394201424976014,28.394201424976014,51.07360007241368,19.660299993120134,simulated_charged,GA,3.819934077714983,8,1,1,10,10,0.010000000000000009,0.010000000000000009,0.5,0.5,-1,1,28.32259826932872,28.379880793846556,28.394201424976014,False,False,0.0,0.0,0.6479169565095577,True,0.029818529652304523,0.0,True,11,0.1954025008410757,0.11495008975569695,0.12635166444101806,11000,21000,Windows-AMD64-py3.14.3,self-contained local validation harness; charged-time accounting is disclosed by timing_mode
grid-treasure_DLGPR-full_seed2,no-git,2026-05-27T22:17:24,2,DLGPR-full,self-contained-game-ai,GridTreasureEnv,1.0-local,grid-treasure,0,30.0,28.0,2.0,1.0,4.0,strict_delta_max,0.75,24.93107984269955,26.93107984269955,64.49070002418011,29.132500174455345,simulated_charged,GA,2.13913177404589,9,1,1,11,11,-0.06999999999999995,-0.06999999999999995,0.5,0.5,-1,1,26.93107984269955,26.93107984269955,26.93107984269955,False,False,0.0,0.0,0.579575590818771,True,0.04595590374351621,0.0,True,12,0.23020124690031782,0.16719808554560364,0.18199497089717237,12000,22000,Windows-AMD64-py3.14.3,self-contained local validation harness; charged-time accounting is disclosed by timing_mode
grid-treasure_DLGPR-full_seed2,no-git,2026-05-27T22:17:24,2,DLGPR-full,self-contained-game-ai,GridTreasureEnv,1.0-local,grid-treasure,1,30.0,28.0,2.0,1.0,4.0,strict_delta_max,0.75,25.60968963844512,27.60968963844512,58.20450000464916,25.584699935279787,simulated_charged,GA,2.5583737059791805,8,1,1,10,10,-0.06999999999999995,-0.06999999999999995,0.5,0.5,-1,1,27.57575914865784,27.602903540487663,27.60968963844512,False,False,0.0,0.0,0.6427811915864249,True,0.03821079569700223,0.0,True,11,0.21018831215177133,0.15225905030633605,0.1654463166451713,12000,22000,Windows-AMD64-py3.14.3,self-contained local validation harness; charged-time accounting is disclosed by timing_mode
grid-treasure_DLGPR-full_seed2,no-git,2026-05-27T22:17:24,2,DLGPR-full,self-contained-game-ai,GridTreasureEnv,1.0-local,grid-treasure,2,30.0,28.0,2.0,1.0,4.0,strict_delta_max,0.75,25.73944152374628,27.73944152374628,56.49180000182241,23.7789002712816,simulated_charged,GA,3.8477844742641505,8,1,1,10,10,-0.06999999999999995,-0.06999999999999995,0.5,0.5,-1,1,27.726466335216163,27.736846486040257,27.73944152374628,False,False,0.0,0.0,0.6114253281760895,True,0.028910011872923698,0.0,True,11,0.19551168159439003,0.13962365291471376,0.15001692161067898,12000,22000,Windows-AMD64-py3.14.3,self-contained local validation harness; charged-time accounting is disclosed by timing_mode
grid-treasure_DLGPR-full_seed2,no-git,2026-05-27T22:17:24,2,DLGPR-full,self-contained-game-ai,GridTreasureEnv,1.0-local,grid-treasure,3,30.0,28.0,2.0,1.0,4.0,strict_delta_max,0.75,25.302384148852376,27.302384148852376,70.18629997037351,36.1981998430565,simulated_charged,RL,1.8067718276750835,1,5,6,12,12,-0.06999999999999995,-0.06999999999999995,0.5,0.5,-1,1,27.719978740951106,27.735548967187245,27.73944152374628,False,False,0.0,0.0,0.0,False,0.06641679827076637,0.0,True,18,0.06224446556495788,0.09726496843568938,0.1000418102947075,12000,22000,Windows-AMD64-py3.14.3,self-contained local validation harness; charged-time accounting is disclosed by timing_mode
grid-treasure_DLGPR-full_seed2,no-git,2026-05-27T22:17:24,2,DLGPR-full,self-contained-game-ai,GridTreasureEnv,1.0-local,grid-treasure,4,30.0,28.0,2.0,1.0,4.0,strict_delta_max,0.75,25.13753767719875,27.13753767719875,54.82359998859465,25.356000056490302,simulated_charged,RL,3.937100169811928,1,3,5,9,9,-0.06999999999999995,-0.06999999999999995,0.5,0.5,-1,1,27.713491146686046,27.734251448334234,27.73944152374628,False,False,0.0,0.0,0.0,False,0.0,0.0,True,14,0.06058903264835056,0.08628034154956868,0.08301669621138197,12000,22000,Windows-AMD64-py3.14.3,self-contained local validation harness; charged-time accounting is disclosed by timing_mode
grid-treasure_DLGPR-full_seed2,no-git,2026-05-27T22:17:24,2,DLGPR-full,self-contained-game-ai,GridTreasureEnv,1.0-local,grid-treasure,5,30.0,28.0,2.0,1.0,4.0,strict_delta_max,0.75,24.564481517609554,26.564481517609554,50.6000000750646,25.978800025768578,simulated_charged,PSO,1.870638665895982,1,5,4,10,10,-0.06999999999999995,-0.06999999999999995,0.5,0.5,-1,1,27.70700355242099,27.732953929481223,27.73944152374628,False,False,0.0,0.0,0.0,False,0.03141470936804159,0.0,True,14,0.059664093925528155,0.07405106796855067,0.07463810181775904,12000,22000,Windows-AMD64-py3.14.3,self-contained local validation harness; charged-time accounting is disclosed by timing_mode
grid-treasure_fixed-split_seed0,no-git,2026-05-27T22:17:24,0,fixed-split,self-contained-game-ai,GridTreasureEnv,1.0-local,grid-treasure,0,30.0,28.0,2.0,1.0,4.0,strict_delta_max,0.75,24.813713628894213,26.813713628894213,44.76209997665137,20.681799855083227,simulated_charged,GA,1.2021036244648466,4,3,3,10,10,0.025000000000000022,0.025000000000000022,0.5,0.5,-1,1,26.813713628894213,26.813713628894213,26.813713628894213,False,False,0.0,0.0,0.7337264185087455,True,0.11969196506391623,0.0,True,13,0.0,0.0,0.0,10000,20000,Windows-AMD64-py3.14.3,self-contained local validation harness; charged-time accounting is disclosed by timing_mode
grid-treasure_fixed-split_seed0,no-git,2026-05-27T22:17:24,0,fixed-split,self-contained-game-ai,GridTreasureEnv,1.0-local,grid-treasure,1,30.0,28.0,2.0,1.0,4.0,strict_delta_max,0.75,24.929580694103528,26.929580694103528,40.119800018146634,19.82059981673956,simulated_charged,RL,3.083842197612888,3,4,4,11,11,0.030000000000000027,0.030000000000000027,0.5,0.5,-1,1,26.923787340843063,26.928422023451436,26.929580694103528,False,False,0.0,0.0,0.0,False,0.6712405717783896,0.0,True,15,0.0,0.0,0.0,10000,20000,Windows-AMD64-py3.14.3,self-contained local validation harness; charged-time accounting is disclosed by timing_mode
grid-treasure_fixed-split_seed0,no-git,2026-05-27T22:17:24,0,fixed-split,self-contained-game-ai,GridTreasureEnv,1.0-local,grid-treasure,2,30.0,28.0,2.0,1.0,4.0,strict_delta_max,0.75,24.706871967476378,26.706871967476378,43.03279996383935,20.496100187301636,simulated_charged,PSO,3.019263165813034,4,4,3,11,11,0.030000000000000027,0.030000000000000027,0.5,0.5,-1,1,26.917993987582598,26.927263352799343,26.929580694103528,False,False,0.0,0.0,0.0,False,0.05341304204742464,0.0,True,14,0.0,0.0,0.0,10000,20000,Windows-AMD64-py3.14.3,self-contained local validation harness; charged-time accounting is disclosed by timing_mode
grid-treasure_fixed-split_seed0,no-git,2026-05-27T22:17:24,0,fixed-split,self-contained-game-ai,GridTreasureEnv,1.0-local,grid-treasure,3,30.0,28.0,2.0,1.0,4.0,strict_delta_max,0.75,24.67498190683785,26.67498190683785,45.65580002963543,20.303200115449727,simulated_charged,GA,1.1387097874724046,4,3,4,11,11,0.030000000000000027,0.030000000000000027,0.5,0.5,-1,1,26.91220063432213,26.926104682147248,26.929580694103528,False,False,0.0,0.0,0.7157842771858526,True,0.14554145960533849,0.0,True,15,0.0,0.0,0.0,10000,20000,Windows-AMD64-py3.14.3,self-contained local validation harness; charged-time accounting is disclosed by timing_mode
grid-treasure_fixed-split_seed0,no-git,2026-05-27T22:17:24,0,fixed-split,self-contained-game-ai,GridTreasureEnv,1.0-local,grid-treasure,4,30.0,28.0,2.0,1.0,4.0,strict_delta_max,0.75,24.54292168455531,26.54292168455531,37.64730005059391,18.02410022355616,simulated_charged,GA,3.4440321481599216,3,3,3,9,9,0.030000000000000027,0.030000000000000027,0.5,0.5,-1,1,26.906407281061664,26.924946011495155,26.929580694103528,False,False,0.0,0.0,0.7157842771858526,True,0.02856900918336737,0.0,True,12,0.0,0.0,0.0,10000,20000,Windows-AMD64-py3.14.3,self-contained local validation harness; charged-time accounting is disclosed by timing_mode
grid-treasure_fixed-split_seed0,no-git,2026-05-27T22:17:24,0,fixed-split,self-contained-game-ai,GridTreasureEnv,1.0-local,grid-treasure,5,30.0,28.0,2.0,1.0,4.0,strict_delta_max,0.75,25.150385616478136,27.150385616478136,43.165900046005845,23.117400123737752,simulated_charged,PSO,2.711562205030032,3,4,3,10,10,0.030000000000000027,0.030000000000000027,0.5,0.5,-1,1,27.095184385884483,27.139345370359404,27.150385616478136,False,False,0.0,0.0,0.0,False,0.03885731331890001,0.0,True,13,0.0,0.0,0.0,10000,20000,Windows-AMD64-py3.14.3,self-contained local validation harness; charged-time accounting is disclosed by timing_mode
grid-treasure_fixed-split_seed1,no-git,2026-05-27T22:17:25,1,fixed-split,self-contained-game-ai,GridTreasureEnv,1.0-local,grid-treasure,0,30.0,28.0,2.0,1.0,4.0,strict_delta_max,0.75,24.676826737611655,26.676826737611655,42.03770007006824,21.71249978709966,simulated_charged,RL,3.470270163333467,3,3,3,9,9,0.010000000000000009,0.010000000000000009,0.5,0.5,-1,1,26.676826737611655,26.676826737611655,26.676826737611655,False,False,0.0,0.0,0.0,False,0.03457944031790617,0.0,True,12,0.0,0.0,0.0,11000,21000,Windows-AMD64-py3.14.3,self-contained local validation harness; charged-time accounting is disclosed by timing_mode
grid-treasure_fixed-split_seed1,no-git,2026-05-27T22:17:25,1,fixed-split,self-contained-game-ai,GridTreasureEnv,1.0-local,grid-treasure,1,30.0,28.0,2.0,1.0,4.0,strict_delta_max,0.75,25.439238599407215,27.439238599407215,45.161599991843104,20.03959973808378,simulated_charged,GA,2.410179956330361,4,3,3,10,10,0.010000000000000009,0.010000000000000009,0.5,0.5,-1,1,27.401118006317436,27.43161448078926,27.439238599407215,False,False,0.0,0.0,0.6457060898751952,True,0.053003827421019445,0.0,True,13,0.0,0.0,0.0,11000,21000,Windows-AMD64-py3.14.3,self-contained local validation harness; charged-time accounting is disclosed by timing_mode
grid-treasure_fixed-split_seed1,no-git,2026-05-27T22:17:25,1,fixed-split,self-contained-game-ai,GridTreasureEnv,1.0-local,grid-treasure,2,30.0,28.0,2.0,1.0,4.0,strict_delta_max,0.75,26.943863588451578,28.943863588451578,40.92639998998493,18.81040004082024,simulated_charged,GA,3.9025507300998754,3,3,3,9,9,0.010000000000000009,0.010000000000000009,0.5,0.5,-1,1,28.793401089547142,28.91377108867069,28.943863588451578,False,False,0.0,0.0,0.5762153690086328,True,0.02125562615495949,0.0,True,12,0.0,0.0,0.0,11000,21000,Windows-AMD64-py3.14.3,self-contained local validation harness; charged-time accounting is disclosed by timing_mode
grid-treasure_fixed-split_seed1,no-git,2026-05-27T22:17:25,1,fixed-split,self-contained-game-ai,GridTreasureEnv,1.0-local,grid-treasure,3,30.0,28.0,2.0,1.0,4.0,strict_delta_max,0.75,24.903619903597658,26.903619903597658,53.57750004623085,27.787999948486686,simulated_charged,RL,2.4633270942216523,3,4,4,11,11,0.010000000000000009,0.010000000000000009,0.5,0.5,-1,1,28.718169840094923,28.898724838780247,28.943863588451578,False,False,0.0,0.0,0.0,False,0.08525055421693989,0.0,True,15,0.0,0.0,0.0,11000,21000,Windows-AMD64-py3.14.3,self-contained local validation harness; charged-time accounting is disclosed by timing_mode
grid-treasure_fixed-split_seed1,no-git,2026-05-27T22:17:25,1,fixed-split,self-contained-game-ai,GridTreasureEnv,1.0-local,grid-treasure,4,30.0,28.0,2.0,1.0,4.0,strict_delta_max,0.75,24.902374850581804,26.902374850581804,57.04750004224479,27.002200251445174,simulated_charged,RL,2.815519217786527,4,4,4,12,12,0.010000000000000009,0.010000000000000009,0.5,0.5,-1,1,28.642938590642704,28.883678588889804,28.943863588451578,False,False,0.0,0.0,0.0,False,0.05327614141377632,0.0,True,16,0.0,0.0,0.0,11000,21000,Windows-AMD64-py3.14.3,self-contained local validation harness; charged-time accounting is disclosed by timing_mode
grid-treasure_fixed-split_seed1,no-git,2026-05-27T22:17:25,1,fixed-split,self-contained-game-ai,GridTreasureEnv,1.0-local,grid-treasure,5,30.0,28.0,2.0,1.0,4.0,strict_delta_max,0.75,24.70794945864853,26.70794945864853,49.12530002184212,23.72499997727573,simulated_charged,PSO,1.4445862002248762,4,4,3,11,11,0.010000000000000009,0.010000000000000009,0.5,0.5,-1,1,28.567707341190488,28.868632338999358,28.943863588451578,False,False,0.0,0.0,0.0,False,0.06511230341079766,0.0,True,14,0.0,0.0,0.0,11000,21000,Windows-AMD64-py3.14.3,self-contained local validation harness; charged-time accounting is disclosed by timing_mode
grid-treasure_fixed-split_seed2,no-git,2026-05-27T22:17:25,2,fixed-split,self-contained-game-ai,GridTreasureEnv,1.0-local,grid-treasure,0,30.0,28.0,2.0,1.0,4.0,strict_delta_max,0.75,25.277227681526824,27.277227681526824,49.71059993840754,25.178999989293516,simulated_charged,RL,4.0,3,3,3,9,9,-0.06999999999999995,-0.06999999999999995,0.5,0.5,-1,1,27.277227681526824,27.277227681526824,27.277227681526824,False,False,0.0,0.0,0.0,False,0.03250000000000003,0.0,True,12,0.0,0.0,0.0,12000,22000,Windows-AMD64-py3.14.3,self-contained local validation harness; charged-time accounting is disclosed by timing_mode
grid-treasure_fixed-split_seed2,no-git,2026-05-27T22:17:25,2,fixed-split,self-contained-game-ai,GridTreasureEnv,1.0-local,grid-treasure,1,30.0,28.0,2.0,1.0,4.0,strict_delta_max,0.75,26.73402974397609,28.73402974397609,70.23239997215569,34.38829991500825,simulated_charged,PSO,3.1470739495555695,5,5,4,14,14,-0.06999999999999995,-0.06999999999999995,0.5,0.5,-1,1,28.661189640853628,28.7194617233516,28.73402974397609,False,False,0.0,0.0,0.0,False,0.02453543364165067,0.0,True,18,0.0,0.0,0.0,12000,22000,Windows-AMD64-py3.14.3,self-contained local validation harness; charged-time accounting is disclosed by timing_mode
grid-treasure_fixed-split_seed2,no-git,2026-05-27T22:17:25,2,fixed-split,self-contained-game-ai,GridTreasureEnv,1.0-local,grid-treasure,2,30.0,28.0,2.0,1.0,4.0,strict_delta_max,0.75,25.922964403689566,27.922964403689566,54.603799944743514,25.177900097332895,simulated_charged,GA,2.5408954315293975,4,3,4,11,11,-0.06999999999999995,-0.06999999999999995,0.5,0.5,-1,1,28.65292320994744,28.717808437170362,28.73402974397609,False,False,0.0,0.0,0.507070306340089,True,0.06001179650150377,0.0,True,15,0.0,0.0,0.0,12000,22000,Windows-AMD64-py3.14.3,self-contained local validation harness; charged-time accounting is disclosed by timing_mode
grid-treasure_fixed-split_seed2,no-git,2026-05-27T22:17:25,2,fixed-split,self-contained-game-ai,GridTreasureEnv,1.0-local,grid-treasure,3,30.0,28.0,2.0,1.0,4.0,strict_delta_max,0.75,25.53156389275073,27.53156389275073,51.84450000524521,25.854000123217702,simulated_charged,PSO,2.755038975644727,3,4,3,10,10,0.010000000000000009,0.010000000000000009,0.5,0.5,-1,1,28.61236994293311,28.709697783767496,28.73402974397609,False,False,0.0,0.0,0.0,False,0.03237288976902153,0.0,True,13,0.0,0.0,0.0,12000,22000,Windows-AMD64-py3.14.3,self-contained local validation harness; charged-time accounting is disclosed by timing_mode
grid-treasure_fixed-split_seed2,no-git,2026-05-27T22:17:25,2,fixed-split,self-contained-game-ai,GridTreasureEnv,1.0-local,grid-treasure,4,30.0,28.0,2.0,1.0,4.0,strict_delta_max,0.75,27.025523195673035,29.025523195673035,51.22170003596693,24.176599690690637,simulated_charged,RL,3.3142213603151944,3,3,4,10,10,0.010000000000000009,0.010000000000000009,0.5,0.5,-1,1,28.967224505333647,29.013863457605158,29.025523195673035,False,False,0.0,0.0,0.0,False,0.0,0.0,True,14,0.0,0.0,0.0,12000,22000,Windows-AMD64-py3.14.3,self-contained local validation harness; charged-time accounting is disclosed by timing_mode
grid-treasure_fixed-split_seed2,no-git,2026-05-27T22:17:25,2,fixed-split,self-contained-game-ai,GridTreasureEnv,1.0-local,grid-treasure,5,30.0,28.0,2.0,1.0,4.0,strict_delta_max,0.75,24.234749917944185,26.234749917944185,50.91420002281666,26.866900036111474,simulated_charged,RL,4.0,3,3,3,9,9,0.010000000000000009,0.010000000000000009,0.5,0.5,-1,1,28.952649832748797,29.01094852308819,29.025523195673035,False,False,0.0,0.0,0.0,False,0.0,0.0,True,12,0.0,0.0,0.0,12000,22000,Windows-AMD64-py3.14.3,self-contained local validation harness; charged-time accounting is disclosed by timing_mode
grid-treasure_round-robin_seed0,no-git,2026-05-27T22:17:25,0,round-robin,self-contained-game-ai,GridTreasureEnv,1.0-local,grid-treasure,0,30.0,28.0,2.0,1.0,4.0,strict_delta_max,0.75,24.813713628894213,26.813713628894213,43.653200031258166,19.805500051006675,simulated_charged,GA,1.2021036244648466,4,3,3,10,10,0.025000000000000022,0.025000000000000022,0.5,0.5,-1,1,26.813713628894213,26.813713628894213,26.813713628894213,False,False,0.0,0.0,0.7337264185087455,True,0.11969196506391623,0.0,True,13,0.0,0.0,0.0,10000,20000,Windows-AMD64-py3.14.3,self-contained local validation harness; charged-time accounting is disclosed by timing_mode
grid-treasure_round-robin_seed0,no-git,2026-05-27T22:17:25,0,round-robin,self-contained-game-ai,GridTreasureEnv,1.0-local,grid-treasure,1,30.0,28.0,2.0,1.0,4.0,strict_delta_max,0.75,24.929580694103528,26.929580694103528,42.60120005346835,21.21090015862137,simulated_charged,RL,3.083842197612888,3,4,4,11,11,0.030000000000000027,0.030000000000000027,0.5,0.5,-1,1,26.923787340843063,26.928422023451436,26.929580694103528,False,False,0.0,0.0,0.0,False,0.6712405717783896,0.0,True,15,0.0,0.0,0.0,10000,20000,Windows-AMD64-py3.14.3,self-contained local validation harness; charged-time accounting is disclosed by timing_mode
grid-treasure_round-robin_seed0,no-git,2026-05-27T22:17:25,0,round-robin,self-contained-game-ai,GridTreasureEnv,1.0-local,grid-treasure,2,30.0,28.0,2.0,1.0,4.0,strict_delta_max,0.75,24.706871967476378,26.706871967476378,43.07280003558844,20.427700015716255,simulated_charged,PSO,3.019263165813034,4,4,3,11,11,0.030000000000000027,0.030000000000000027,0.5,0.5,-1,1,26.917993987582598,26.927263352799343,26.929580694103528,False,False,0.0,0.0,0.0,False,0.05341304204742464,0.0,True,14,0.0,0.0,0.0,10000,20000,Windows-AMD64-py3.14.3,self-contained local validation harness; charged-time accounting is disclosed by timing_mode
grid-treasure_round-robin_seed0,no-git,2026-05-27T22:17:25,0,round-robin,self-contained-game-ai,GridTreasureEnv,1.0-local,grid-treasure,3,30.0,28.0,2.0,1.0,4.0,strict_delta_max,0.75,24.67498190683785,26.67498190683785,45.403400086797774,20.305100013501942,simulated_charged,GA,1.1387097874724046,4,3,4,11,11,0.030000000000000027,0.030000000000000027,0.5,0.5,-1,1,26.91220063432213,26.926104682147248,26.929580694103528,False,False,0.0,0.0,0.7157842771858526,True,0.14554145960533849,0.0,True,15,0.0,0.0,0.0,10000,20000,Windows-AMD64-py3.14.3,self-contained local validation harness; charged-time accounting is disclosed by timing_mode
grid-treasure_round-robin_seed0,no-git,2026-05-27T22:17:25,0,round-robin,self-contained-game-ai,GridTreasureEnv,1.0-local,grid-treasure,4,30.0,28.0,2.0,1.0,4.0,strict_delta_max,0.75,24.54292168455531,26.54292168455531,37.190499948337674,18.095699953846633,simulated_charged,GA,3.4440321481599216,3,3,3,9,9,0.030000000000000027,0.030000000000000027,0.5,0.5,-1,1,26.906407281061664,26.924946011495155,26.929580694103528,False,False,0.0,0.0,0.7157842771858526,True,0.02856900918336737,0.0,True,12,0.0,0.0,0.0,10000,20000,Windows-AMD64-py3.14.3,self-contained local validation harness; charged-time accounting is disclosed by timing_mode
grid-treasure_round-robin_seed0,no-git,2026-05-27T22:17:25,0,round-robin,self-contained-game-ai,GridTreasureEnv,1.0-local,grid-treasure,5,30.0,28.0,2.0,1.0,4.0,strict_delta_max,0.75,25.150385616478136,27.150385616478136,40.09669995866716,21.233799983747303,simulated_charged,PSO,2.711562205030032,3,4,3,10,10,0.030000000000000027,0.030000000000000027,0.5,0.5,-1,1,27.095184385884483,27.139345370359404,27.150385616478136,False,False,0.0,0.0,0.0,False,0.03885731331890001,0.0,True,13,0.0,0.0,0.0,10000,20000,Windows-AMD64-py3.14.3,self-contained local validation harness; charged-time accounting is disclosed by timing_mode
grid-treasure_round-robin_seed1,no-git,2026-05-27T22:17:26,1,round-robin,self-contained-game-ai,GridTreasureEnv,1.0-local,grid-treasure,0,30.0,28.0,2.0,1.0,4.0,strict_delta_max,0.75,24.676826737611655,26.676826737611655,41.921099997125566,21.327799768187106,simulated_charged,RL,3.470270163333467,3,3,3,9,9,0.010000000000000009,0.010000000000000009,0.5,0.5,-1,1,26.676826737611655,26.676826737611655,26.676826737611655,False,False,0.0,0.0,0.0,False,0.03457944031790617,0.0,True,12,0.0,0.0,0.0,11000,21000,Windows-AMD64-py3.14.3,self-contained local validation harness; charged-time accounting is disclosed by timing_mode
grid-treasure_round-robin_seed1,no-git,2026-05-27T22:17:26,1,round-robin,self-contained-game-ai,GridTreasureEnv,1.0-local,grid-treasure,1,30.0,28.0,2.0,1.0,4.0,strict_delta_max,0.75,25.439238599407215,27.439238599407215,45.49809999298304,20.422099973075092,simulated_charged,GA,2.410179956330361,4,3,3,10,10,0.010000000000000009,0.010000000000000009,0.5,0.5,-1,1,27.401118006317436,27.43161448078926,27.439238599407215,False,False,0.0,0.0,0.6457060898751952,True,0.053003827421019445,0.0,True,13,0.0,0.0,0.0,11000,21000,Windows-AMD64-py3.14.3,self-contained local validation harness; charged-time accounting is disclosed by timing_mode
grid-treasure_round-robin_seed1,no-git,2026-05-27T22:17:26,1,round-robin,self-contained-game-ai,GridTreasureEnv,1.0-local,grid-treasure,2,30.0,28.0,2.0,1.0,4.0,strict_delta_max,0.75,26.943863588451578,28.943863588451578,41.50579997804016,19.0077000297606,simulated_charged,GA,3.9025507300998754,3,3,3,9,9,0.010000000000000009,0.010000000000000009,0.5,0.5,-1,1,28.793401089547142,28.91377108867069,28.943863588451578,False,False,0.0,0.0,0.5762153690086328,True,0.02125562615495949,0.0,True,12,0.0,0.0,0.0,11000,21000,Windows-AMD64-py3.14.3,self-contained local validation harness; charged-time accounting is disclosed by timing_mode
grid-treasure_round-robin_seed1,no-git,2026-05-27T22:17:26,1,round-robin,self-contained-game-ai,GridTreasureEnv,1.0-local,grid-treasure,3,30.0,28.0,2.0,1.0,4.0,strict_delta_max,0.75,24.903619903597658,26.903619903597658,53.47020004410297,27.536899782717228,simulated_charged,RL,2.4633270942216523,3,4,4,11,11,0.010000000000000009,0.010000000000000009,0.5,0.5,-1,1,28.718169840094923,28.898724838780247,28.943863588451578,False,False,0.0,0.0,0.0,False,0.08525055421693989,0.0,True,15,0.0,0.0,0.0,11000,21000,Windows-AMD64-py3.14.3,self-contained local validation harness; charged-time accounting is disclosed by timing_mode
grid-treasure_round-robin_seed1,no-git,2026-05-27T22:17:26,1,round-robin,self-contained-game-ai,GridTreasureEnv,1.0-local,grid-treasure,4,30.0,28.0,2.0,1.0,4.0,strict_delta_max,0.75,24.902374850581804,26.902374850581804,54.98360004276037,26.320199947804213,simulated_charged,RL,2.815519217786527,4,4,4,12,12,0.010000000000000009,0.010000000000000009,0.5,0.5,-1,1,28.642938590642704,28.883678588889804,28.943863588451578,False,False,0.0,0.0,0.0,False,0.05327614141377632,0.0,True,16,0.0,0.0,0.0,11000,21000,Windows-AMD64-py3.14.3,self-contained local validation harness; charged-time accounting is disclosed by timing_mode
grid-treasure_round-robin_seed1,no-git,2026-05-27T22:17:26,1,round-robin,self-contained-game-ai,GridTreasureEnv,1.0-local,grid-treasure,5,30.0,28.0,2.0,1.0,4.0,strict_delta_max,0.75,24.70794945864853,26.70794945864853,47.87069989833981,22.977899992838502,simulated_charged,PSO,1.4445862002248762,4,4,3,11,11,0.010000000000000009,0.010000000000000009,0.5,0.5,-1,1,28.567707341190488,28.868632338999358,28.943863588451578,False,False,0.0,0.0,0.0,False,0.06511230341079766,0.0,True,14,0.0,0.0,0.0,11000,21000,Windows-AMD64-py3.14.3,self-contained local validation harness; charged-time accounting is disclosed by timing_mode
grid-treasure_round-robin_seed2,no-git,2026-05-27T22:17:26,2,round-robin,self-contained-game-ai,GridTreasureEnv,1.0-local,grid-treasure,0,30.0,28.0,2.0,1.0,4.0,strict_delta_max,0.75,25.277227681526824,27.277227681526824,51.19039991404861,26.516999816522002,simulated_charged,RL,4.0,3,3,3,9,9,-0.06999999999999995,-0.06999999999999995,0.5,0.5,-1,1,27.277227681526824,27.277227681526824,27.277227681526824,False,False,0.0,0.0,0.0,False,0.03250000000000003,0.0,True,12,0.0,0.0,0.0,12000,22000,Windows-AMD64-py3.14.3,self-contained local validation harness; charged-time accounting is disclosed by timing_mode
grid-treasure_round-robin_seed2,no-git,2026-05-27T22:17:26,2,round-robin,self-contained-game-ai,GridTreasureEnv,1.0-local,grid-treasure,1,30.0,28.0,2.0,1.0,4.0,strict_delta_max,0.75,26.73402974397609,28.73402974397609,73.24930001050234,36.31699993275106,simulated_charged,PSO,3.1470739495555695,5,5,4,14,14,-0.06999999999999995,-0.06999999999999995,0.5,0.5,-1,1,28.661189640853628,28.7194617233516,28.73402974397609,False,False,0.0,0.0,0.0,False,0.02453543364165067,0.0,True,18,0.0,0.0,0.0,12000,22000,Windows-AMD64-py3.14.3,self-contained local validation harness; charged-time accounting is disclosed by timing_mode
grid-treasure_round-robin_seed2,no-git,2026-05-27T22:17:26,2,round-robin,self-contained-game-ai,GridTreasureEnv,1.0-local,grid-treasure,2,30.0,28.0,2.0,1.0,4.0,strict_delta_max,0.75,25.922964403689566,27.922964403689566,56.49069999344647,25.955299846827984,simulated_charged,GA,2.5408954315293975,4,3,4,11,11,-0.06999999999999995,-0.06999999999999995,0.5,0.5,-1,1,28.65292320994744,28.717808437170362,28.73402974397609,False,False,0.0,0.0,0.507070306340089,True,0.06001179650150377,0.0,True,15,0.0,0.0,0.0,12000,22000,Windows-AMD64-py3.14.3,self-contained local validation harness; charged-time accounting is disclosed by timing_mode
grid-treasure_round-robin_seed2,no-git,2026-05-27T22:17:26,2,round-robin,self-contained-game-ai,GridTreasureEnv,1.0-local,grid-treasure,3,30.0,28.0,2.0,1.0,4.0,strict_delta_max,0.75,25.53156389275073,27.53156389275073,56.583400000818074,27.763199992477894,simulated_charged,PSO,2.755038975644727,3,4,3,10,10,0.010000000000000009,0.010000000000000009,0.5,0.5,-1,1,28.61236994293311,28.709697783767496,28.73402974397609,False,False,0.0,0.0,0.0,False,0.03237288976902153,0.0,True,13,0.0,0.0,0.0,12000,22000,Windows-AMD64-py3.14.3,self-contained local validation harness; charged-time accounting is disclosed by timing_mode
grid-treasure_round-robin_seed2,no-git,2026-05-27T22:17:26,2,round-robin,self-contained-game-ai,GridTreasureEnv,1.0-local,grid-treasure,4,30.0,28.0,2.0,1.0,4.0,strict_delta_max,0.75,27.025523195673035,29.025523195673035,51.170999999158084,24.307699990458786,simulated_charged,RL,3.3142213603151944,3,3,4,10,10,0.010000000000000009,0.010000000000000009,0.5,0.5,-1,1,28.967224505333647,29.013863457605158,29.025523195673035,False,False,0.0,0.0,0.0,False,0.0,0.0,True,14,0.0,0.0,0.0,12000,22000,Windows-AMD64-py3.14.3,self-contained local validation harness; charged-time accounting is disclosed by timing_mode
grid-treasure_round-robin_seed2,no-git,2026-05-27T22:17:26,2,round-robin,self-contained-game-ai,GridTreasureEnv,1.0-local,grid-treasure,5,30.0,28.0,2.0,1.0,4.0,strict_delta_max,0.75,24.234749917944185,26.234749917944185,53.85969998314977,27.613799669779837,simulated_charged,RL,4.0,3,3,3,9,9,0.010000000000000009,0.010000000000000009,0.5,0.5,-1,1,28.952649832748797,29.01094852308819,29.025523195673035,False,False,0.0,0.0,0.0,False,0.0,0.0,True,12,0.0,0.0,0.0,12000,22000,Windows-AMD64-py3.14.3,self-contained local validation harness; charged-time accounting is disclosed by timing_mode
grid-treasure_greedy-improvement_seed0,no-git,2026-05-27T22:17:27,0,greedy-improvement,self-contained-game-ai,GridTreasureEnv,1.0-local,grid-treasure,0,30.0,28.0,2.0,1.0,4.0,strict_delta_max,0.75,24.49984481167955,26.49984481167955,54.31180004961789,18.09800008777529,simulated_charged,GA,1.049789246947391,11,0,0,11,11,0.030000000000000027,0.030000000000000027,0.5,0.5,-1,1,26.49984481167955,26.49984481167955,26.49984481167955,False,False,0.0,0.0,0.7591869014902193,True,0.14228817560248855,0.004762860749944958,True,11,0.0,0.0,0.0,10000,20000,Windows-AMD64-py3.14.3,self-contained local validation harness; charged-time accounting is disclosed by timing_mode
grid-treasure_greedy-improvement_seed0,no-git,2026-05-27T22:17:27,0,greedy-improvement,self-contained-game-ai,GridTreasureEnv,1.0-local,grid-treasure,1,30.0,28.0,2.0,1.0,4.0,strict_delta_max,0.75,26.902889341920652,28.902889341920652,55.327000096440315,19.058599951677024,simulated_charged,GA,3.0461532197980365,11,0,0,11,11,1.05,1.05,1.0,0.5,64,1,28.782737115408597,28.87885889661824,28.902889341920652,False,False,0.0,0.0,0.7608444941799686,True,0.035868648634521376,0.0,True,11,0.0,0.0,0.0,10000,20000,Windows-AMD64-py3.14.3,self-contained local validation harness; charged-time accounting is disclosed by timing_mode
grid-treasure_greedy-improvement_seed0,no-git,2026-05-27T22:17:27,0,greedy-improvement,self-contained-game-ai,GridTreasureEnv,1.0-local,grid-treasure,2,30.0,28.0,2.0,1.0,4.0,strict_delta_max,0.75,24.984479101571566,26.984479101571566,49.53640000894666,15.957400086335838,simulated_charged,GA,1.1969168090071092,10,0,0,10,10,1.05,1.05,1.0,0.5,64,1,28.711048317885744,28.86452113711367,28.902889341920652,False,False,0.0,0.0,0.6398798386643947,True,0.07343572969378281,0.0,True,10,0.0,0.0,0.0,10000,20000,Windows-AMD64-py3.14.3,self-contained local validation harness; charged-time accounting is disclosed by timing_mode
grid-treasure_greedy-improvement_seed0,no-git,2026-05-27T22:17:27,0,greedy-improvement,self-contained-game-ai,GridTreasureEnv,1.0-local,grid-treasure,3,30.0,28.0,2.0,1.0,4.0,strict_delta_max,0.75,25.98034310437825,27.98034310437825,55.98830000963062,19.47799976915121,simulated_charged,GA,3.212666274229473,11,0,0,11,11,1.05,1.05,1.0,0.5,64,1,28.76450740628929,28.875212954794378,28.902889341920652,False,False,0.0,0.0,0.4870031626783414,True,0.03669658850860258,0.0,True,11,0.0,0.0,0.0,10000,20000,Windows-AMD64-py3.14.3,self-contained local validation harness; charged-time accounting is disclosed by timing_mode
grid-treasure_greedy-improvement_seed0,no-git,2026-05-27T22:17:27,0,greedy-improvement,self-contained-game-ai,GridTreasureEnv,1.0-local,grid-treasure,4,30.0,28.0,2.0,1.0,4.0,strict_delta_max,0.75,24.471837757038035,26.471837757038035,50.10840005706996,16.726700123399496,simulated_charged,GA,1.5262200629744078,10,0,0,10,10,1.05,1.05,1.0,0.5,64,1,28.718380094412172,28.865987492418956,28.902889341920652,False,False,0.0,0.0,0.4937719583395937,True,0.06303245962753741,0.0,True,10,0.0,0.0,0.0,10000,20000,Windows-AMD64-py3.14.3,self-contained local validation harness; charged-time accounting is disclosed by timing_mode
grid-treasure_greedy-improvement_seed0,no-git,2026-05-27T22:17:27,0,greedy-improvement,self-contained-game-ai,GridTreasureEnv,1.0-local,grid-treasure,5,30.0,28.0,2.0,1.0,4.0,strict_delta_max,0.75,25.723139126390848,27.723139126390848,53.67970000952482,17.089700209908187,simulated_charged,GA,3.5360111453550336,11,0,0,11,11,1.05,1.05,1.0,0.5,64,1,28.67225278253505,28.85676203004353,28.902889341920652,False,False,0.0,0.0,0.4937719583395937,True,0.028554678261579983,0.0,True,11,0.0,0.0,0.0,10000,20000,Windows-AMD64-py3.14.3,self-contained local validation harness; charged-time accounting is disclosed by timing_mode
grid-treasure_greedy-improvement_seed1,no-git,2026-05-27T22:17:27,1,greedy-improvement,self-contained-game-ai,GridTreasureEnv,1.0-local,grid-treasure,0,30.0,28.0,2.0,1.0,4.0,strict_delta_max,0.75,24.403702840074825,26.403702840074825,59.451900073327124,21.709099877625704,simulated_charged,GA,3.91367453433013,11,0,0,11,11,0.010000000000000009,0.010000000000000009,0.5,0.5,-1,1,26.403702840074825,26.403702840074825,26.403702840074825,False,False,0.0,0.0,0.6296077587395043,True,0.028934987054915533,0.0,True,11,0.0,0.0,0.0,11000,21000,Windows-AMD64-py3.14.3,self-contained local validation harness; charged-time accounting is disclosed by timing_mode
grid-treasure_greedy-improvement_seed1,no-git,2026-05-27T22:17:27,1,greedy-improvement,self-contained-game-ai,GridTreasureEnv,1.0-local,grid-treasure,1,30.0,28.0,2.0,1.0,4.0,strict_delta_max,0.75,25.11343053289104,27.11343053289104,48.04639995563775,16.914999927394092,simulated_charged,GA,3.4772050016394647,9,0,0,9,9,0.010000000000000009,0.010000000000000009,0.5,0.5,-1,1,27.07794414825023,27.106333255962877,27.11343053289104,False,False,0.0,0.0,0.6204291842344423,True,0.03446953778363974,0.0,True,9,0.0,0.0,0.0,11000,21000,Windows-AMD64-py3.14.3,self-contained local validation harness; charged-time accounting is disclosed by timing_mode
grid-treasure_greedy-improvement_seed1,no-git,2026-05-27T22:17:27,1,greedy-improvement,self-contained-game-ai,GridTreasureEnv,1.0-local,grid-treasure,2,30.0,28.0,2.0,1.0,4.0,strict_delta_max,0.75,24.29968045191989,26.29968045191989,52.93750006239861,18.70229991618544,simulated_charged,GA,1.533604682689079,10,0,0,10,10,0.010000000000000009,0.010000000000000009,0.5,0.5,-1,1,27.04245776360942,27.099235979034717,27.11343053289104,False,False,0.0,0.0,0.6204291842344423,True,0.061966699632498054,0.0,True,10,0.0,0.0,0.0,11000,21000,Windows-AMD64-py3.14.3,self-contained local validation harness; charged-time accounting is disclosed by timing_mode
grid-treasure_greedy-improvement_seed1,no-git,2026-05-27T22:17:27,1,greedy-improvement,self-contained-game-ai,GridTreasureEnv,1.0-local,grid-treasure,3,30.0,28.0,2.0,1.0,4.0,strict_delta_max,0.75,24.97305716162853,26.97305716162853,53.17129998002201,19.269400159828365,simulated_charged,GA,2.533757978219624,10,0,0,10,10,0.010000000000000009,0.010000000000000009,0.5,0.5,-1,1,27.092374527201663,27.109219331753167,27.11343053289104,False,False,0.0,0.0,0.6204291842344423,True,0.03221211439962023,0.0,True,10,0.0,0.0,0.0,11000,21000,Windows-AMD64-py3.14.3,self-contained local validation harness; charged-time accounting is disclosed by timing_mode
grid-treasure_greedy-improvement_seed1,no-git,2026-05-27T22:17:27,1,greedy-improvement,self-contained-game-ai,GridTreasureEnv,1.0-local,grid-treasure,4,30.0,28.0,2.0,1.0,4.0,strict_delta_max,0.75,24.029187096637603,26.029187096637603,65.21209992934018,22.824799874797463,simulated_charged,GA,1.7227885303296995,13,0,0,13,13,0.010000000000000009,0.010000000000000009,0.5,0.5,-1,1,27.08535585863854,27.107815598040542,27.11343053289104,False,False,0.0,0.0,0.6204291842344423,True,0.04065141088501044,0.0,True,13,0.0,0.0,0.0,11000,21000,Windows-AMD64-py3.14.3,self-contained local validation harness; charged-time accounting is disclosed by timing_mode
grid-treasure_greedy-improvement_seed1,no-git,2026-05-27T22:17:27,1,greedy-improvement,self-contained-game-ai,GridTreasureEnv,1.0-local,grid-treasure,5,30.0,28.0,2.0,1.0,4.0,strict_delta_max,0.75,25.953852091378153,27.953852091378153,57.408399996347725,21.01449982728809,simulated_charged,GA,2.6155834873735366,11,0,0,11,11,0.010000000000000009,0.010000000000000009,0.5,0.5,-1,1,27.743746701756375,27.911831013453796,27.953852091378153,False,False,0.0,0.0,0.6204291842344423,True,0.04074185745875792,0.0,True,11,0.0,0.0,0.0,11000,21000,Windows-AMD64-py3.14.3,self-contained local validation harness; charged-time accounting is disclosed by timing_mode
grid-treasure_greedy-improvement_seed2,no-git,2026-05-27T22:17:28,2,greedy-improvement,self-contained-game-ai,GridTreasureEnv,1.0-local,grid-treasure,0,30.0,28.0,2.0,1.0,4.0,strict_delta_max,0.75,24.794114411248632,26.794114411248632,53.07839997112751,22.152700112201273,simulated_charged,GA,1.4467484594268698,9,0,0,9,9,-0.06999999999999995,-0.06999999999999995,0.5,0.5,-1,1,26.794114411248632,26.794114411248632,26.794114411248632,False,False,0.0,0.0,0.6297610817126345,True,0.0871967013773655,0.0,True,9,0.0,0.0,0.0,12000,22000,Windows-AMD64-py3.14.3,self-contained local validation harness; charged-time accounting is disclosed by timing_mode
grid-treasure_greedy-improvement_seed2,no-git,2026-05-27T22:17:28,2,greedy-improvement,self-contained-game-ai,GridTreasureEnv,1.0-local,grid-treasure,1,30.0,28.0,2.0,1.0,4.0,strict_delta_max,0.75,26.258107844888162,28.258107844888162,58.00610000733286,23.964400053955615,simulated_charged,GA,3.9356003594585838,10,0,0,10,10,-0.06999999999999995,-0.06999999999999995,0.5,0.5,-1,1,28.184908173206185,28.243467910551768,28.258107844888162,False,False,0.0,0.0,0.6102112795186397,True,0.03453714590805337,0.0,True,10,0.0,0.0,0.0,12000,22000,Windows-AMD64-py3.14.3,self-contained local validation harness; charged-time accounting is disclosed by timing_mode
grid-treasure_greedy-improvement_seed2,no-git,2026-05-27T22:17:28,2,greedy-improvement,self-contained-game-ai,GridTreasureEnv,1.0-local,grid-treasure,2,30.0,28.0,2.0,1.0,4.0,strict_delta_max,0.75,24.443743154709537,26.443743154709537,56.94689997471869,23.44429981894791,simulated_charged,GA,3.735157245210992,10,0,0,10,10,-0.06999999999999995,-0.06999999999999995,0.5,0.5,-1,1,28.11170850152421,28.22882797621537,28.258107844888162,False,False,0.0,0.0,0.5374138894595469,True,0.03335542085147393,0.0,True,10,0.0,0.0,0.0,12000,22000,Windows-AMD64-py3.14.3,self-contained local validation harness; charged-time accounting is disclosed by timing_mode
grid-treasure_greedy-improvement_seed2,no-git,2026-05-27T22:17:28,2,greedy-improvement,self-contained-game-ai,GridTreasureEnv,1.0-local,grid-treasure,3,30.0,28.0,2.0,1.0,4.0,strict_delta_max,0.75,25.17684264277403,27.17684264277403,55.55759998969734,21.58369997050613,simulated_charged,GA,1.5545341754417712,10,0,0,10,10,-0.040000000000000036,-0.040000000000000036,0.5,0.5,-1,1,28.09591806457104,28.225669888824736,28.258107844888162,False,False,0.0,0.0,0.5943153528049001,True,0.07031083734462101,0.0,True,10,0.0,0.0,0.0,12000,22000,Windows-AMD64-py3.14.3,self-contained local validation harness; charged-time accounting is disclosed by timing_mode
grid-treasure_greedy-improvement_seed2,no-git,2026-05-27T22:17:28,2,greedy-improvement,self-contained-game-ai,GridTreasureEnv,1.0-local,grid-treasure,4,30.0,28.0,2.0,1.0,4.0,strict_delta_max,0.75,25.46738962119396,27.46738962119396,55.44020002707839,21.497500129044056,simulated_charged,GA,3.2133936280451523,10,0,0,10,10,-0.040000000000000036,-0.040000000000000036,0.5,0.5,-1,1,28.099964200149323,28.226479115940393,28.258107844888162,False,False,0.0,0.0,0.5943153528049001,True,0.03064623884300103,0.0,True,10,0.0,0.0,0.0,12000,22000,Windows-AMD64-py3.14.3,self-contained local validation harness; charged-time accounting is disclosed by timing_mode
grid-treasure_greedy-improvement_seed2,no-git,2026-05-27T22:17:28,2,greedy-improvement,self-contained-game-ai,GridTreasureEnv,1.0-local,grid-treasure,5,30.0,28.0,2.0,1.0,4.0,strict_delta_max,0.75,25.80132066408013,27.80132066408013,63.410299946554005,26.114400010555983,simulated_charged,GA,2.6475984187453396,11,0,0,11,11,-0.040000000000000036,-0.040000000000000036,0.5,0.5,-1,1,28.143911049686153,28.23526848584776,28.258107844888162,False,False,0.0,0.0,0.5943153528049001,True,0.04827391294469747,0.0,True,11,0.0,0.0,0.0,12000,22000,Windows-AMD64-py3.14.3,self-contained local validation harness; charged-time accounting is disclosed by timing_mode
resource-defense_DLGPR-full_seed0,no-git,2026-05-27T22:17:28,0,DLGPR-full,self-contained-rts-micro,ResourceDefenseEnv,1.0-local,resource-defense,0,30.0,28.0,2.0,1.0,4.0,strict_delta_max,0.75,26.002256895024644,28.002256895024644,66.53129996266216,28.377999900840223,simulated_charged,GA,3.784074900183172,9,1,1,11,11,0.8315079999999999,0.8315079999999999,0.0,0.5,32,1,28.002256895024644,28.002256895024644,28.002256895024644,False,False,0.0,0.0,0.5211771746888839,True,0.03657086076341847,0.0,True,12,0.22137977868006614,0.16719808554560364,0.18327463955381829,10000,20000,Windows-AMD64-py3.14.3,self-contained local validation harness; charged-time accounting is disclosed by timing_mode
resource-defense_DLGPR-full_seed0,no-git,2026-05-27T22:17:28,0,DLGPR-full,self-contained-rts-micro,ResourceDefenseEnv,1.0-local,resource-defense,1,30.0,28.0,2.0,1.0,4.0,strict_delta_max,0.75,26.81897931168869,28.81897931168869,58.72590001672506,24.568399996496737,simulated_charged,GA,3.952461447747271,8,1,1,10,10,0.840938,0.840938,0.0,0.5,32,1,28.778143190855488,28.81081208752205,28.81897931168869,False,False,0.0,0.0,0.49190229201189034,True,0.024263496558950857,0.0,True,11,0.18022161824545546,0.15388186836110632,0.1639187991937095,10000,20000,Windows-AMD64-py3.14.3,self-contained local validation harness; charged-time accounting is disclosed by timing_mode
resource-defense_DLGPR-full_seed0,no-git,2026-05-27T22:17:28,0,DLGPR-full,self-contained-rts-micro,ResourceDefenseEnv,1.0-local,resource-defense,2,30.0,28.0,2.0,1.0,4.0,strict_delta_max,0.75,25.02207275868807,27.02207275868807,51.31710006389767,27.73089986294508,simulated_charged,PSO,3.4107344911105715,1,4,4,9,9,0.945422,0.945422,0.0,0.5,32,1,28.737307070022286,28.802644863355408,28.81897931168869,False,False,0.0,0.0,0.0,False,0.04284167865101638,0.0,True,13,0.0760626371617183,0.10932498317301306,0.11611545954364895,10000,20000,Windows-AMD64-py3.14.3,self-contained local validation harness; charged-time accounting is disclosed by timing_mode
resource-defense_DLGPR-full_seed0,no-git,2026-05-27T22:17:28,0,DLGPR-full,self-contained-rts-micro,ResourceDefenseEnv,1.0-local,resource-defense,3,30.0,28.0,2.0,1.0,4.0,strict_delta_max,0.75,27.931691227980476,29.931691227980476,58.749099960550666,30.80840001348406,simulated_charged,RL,4.0,1,4,5,10,10,0.945422,0.945422,0.0,0.5,32,1,29.764784440536708,29.898309870491723,29.931691227980476,False,False,0.0,0.0,0.0,False,0.0,0.0,True,15,0.06790650849319532,0.08850385396439851,0.09074108021509444,10000,20000,Windows-AMD64-py3.14.3,self-contained local validation harness; charged-time accounting is disclosed by timing_mode
resource-defense_DLGPR-full_seed0,no-git,2026-05-27T22:17:28,0,DLGPR-full,self-contained-rts-micro,ResourceDefenseEnv,1.0-local,resource-defense,4,30.0,28.0,2.0,1.0,4.0,strict_delta_max,0.75,24.303673112354634,26.303673112354634,54.172599921002984,26.722799870185554,simulated_charged,RL,3.6566848998836767,1,2,5,8,8,0.945422,0.945422,0.0,0.5,32,1,29.70914884472212,29.887182751328805,29.931691227980476,False,False,0.0,0.0,0.0,False,0.0,0.0,True,13,0.06905964041035775,0.08283107602404526,0.08113568566948304,10000,20000,Windows-AMD64-py3.14.3,self-contained local validation harness; charged-time accounting is disclosed by timing_mode
resource-defense_DLGPR-full_seed0,no-git,2026-05-27T22:17:28,0,DLGPR-full,self-contained-rts-micro,ResourceDefenseEnv,1.0-local,resource-defense,5,30.0,28.0,2.0,1.0,4.0,strict_delta_max,0.75,25.657703834467668,27.657703834467668,59.19040006119758,31.401599873788655,simulated_charged,PSO,2.930751192839384,1,4,5,10,10,0.945422,0.945422,0.0,0.5,32,1,29.65351324890753,29.876055632165887,29.931691227980476,False,False,0.0,0.0,0.0,False,0.044578666408097094,0.0,True,15,0.06592121224596463,0.07370263170846432,0.07364044885843671,10000,20000,Windows-AMD64-py3.14.3,self-contained local validation harness; charged-time accounting is disclosed by timing_mode
resource-defense_DLGPR-full_seed1,no-git,2026-05-27T22:17:28,1,DLGPR-full,self-contained-rts-micro,ResourceDefenseEnv,1.0-local,resource-defense,0,30.0,28.0,2.0,1.0,4.0,strict_delta_max,0.75,27.695182586197056,29.695182586197056,59.390799957327545,25.415100040845573,simulated_charged,GA,3.9278788299409912,8,1,1,10,10,0.9027639999999999,0.9027639999999999,0.0,0.5,32,1,29.695182586197056,29.695182586197056,29.695182586197056,False,False,0.0,0.0,0.6816262276352125,True,0.03271926449213974,0.0,True,11,0.23681329720486913,0.16424470103775546,0.17804353573651122,11000,21000,Windows-AMD64-py3.14.3,self-contained local validation harness; charged-time accounting is disclosed by timing_mode
resource-defense_DLGPR-full_seed1,no-git,2026-05-27T22:17:28,1,DLGPR-full,self-contained-rts-micro,ResourceDefenseEnv,1.0-local,resource-defense,1,30.0,28.0,2.0,1.0,4.0,strict_delta_max,0.75,26.671006967325,28.671006967325,78.20449990686029,40.56840005796403,simulated_charged,PSO,3.519222885569232,1,4,7,12,12,0.9027639999999999,0.9027639999999999,0.0,0.5,32,1,29.643973805253452,29.684940830008337,29.695182586197056,False,False,0.0,0.0,0.0,False,0.006213080691646356,0.0,True,19,0.09084132966985013,0.10843478828187157,0.10622654769855139,11000,21000,Windows-AMD64-py3.14.3,self-contained local validation harness; charged-time accounting is disclosed by timing_mode
resource-defense_DLGPR-full_seed1,no-git,2026-05-27T22:17:28,1,DLGPR-full,self-contained-rts-micro,ResourceDefenseEnv,1.0-local,resource-defense,2,30.0,28.0,2.0,1.0,4.0,strict_delta_max,0.75,24.264708335085135,26.264708335085135,44.541899929754436,24.731500074267387,simulated_charged,RL,1.7693369958833507,1,5,3,9,9,0.9304399999999999,0.9304399999999999,0.0,0.5,32,1,29.592765024309852,29.674699073819614,29.695182586197056,False,False,0.0,0.0,0.0,False,0.0,0.0,True,12,0.08636634836808753,0.08671444854809164,0.08474558791636855,11000,21000,Windows-AMD64-py3.14.3,self-contained local validation harness; charged-time accounting is disclosed by timing_mode
resource-defense_DLGPR-full_seed1,no-git,2026-05-27T22:17:28,1,DLGPR-full,self-contained-rts-micro,ResourceDefenseEnv,1.0-local,resource-defense,3,30.0,28.0,2.0,1.0,4.0,strict_delta_max,0.75,25.272856841167176,27.272856841167176,74.95020003989339,33.89419999439269,simulated_charged,GA,1.3535922122170594,5,1,5,11,11,0.931608,0.931608,0.0,0.5,32,1,29.541556243366248,29.664457317630895,29.695182586197056,False,False,0.0,0.0,0.10570965590639483,True,0.056310922903104736,0.0,True,16,0.09169260152104297,0.08586634031976245,0.08442881007663124,11000,21000,Windows-AMD64-py3.14.3,self-contained local validation harness; charged-time accounting is disclosed by timing_mode
resource-defense_DLGPR-full_seed1,no-git,2026-05-27T22:17:28,1,DLGPR-full,self-contained-rts-micro,ResourceDefenseEnv,1.0-local,resource-defense,4,30.0,28.0,2.0,1.0,4.0,strict_delta_max,0.75,25.831934718947068,27.831934718947068,58.89260000549257,24.975300068035722,simulated_charged,GA,2.3304829695646934,8,1,1,10,10,0.931608,0.931608,0.0,0.5,32,1,29.490347462422644,29.654215561442175,29.695182586197056,False,False,0.0,0.0,0.10596267781358919,True,0.03639430933562715,0.0,True,11,0.08552923830004412,0.08431196837950912,0.0793433616773295,11000,21000,Windows-AMD64-py3.14.3,self-contained local validation harness; charged-time accounting is disclosed by timing_mode
resource-defense_DLGPR-full_seed1,no-git,2026-05-27T22:17:28,1,DLGPR-full,self-contained-rts-micro,ResourceDefenseEnv,1.0-local,resource-defense,5,30.0,28.0,2.0,1.0,4.0,strict_delta_max,0.75,25.012847108808998,27.012847108808998,60.94909994862974,33.15020014997572,simulated_charged,RL,1.3844216534804028,1,5,5,11,11,0.931608,0.931608,0.0,0.5,32,1,29.439138681479044,29.643973805253452,29.695182586197056,False,False,0.0,0.0,0.0,False,0.0,0.0,True,16,0.06259038701934062,0.07243748584263959,0.07283775117271954,11000,21000,Windows-AMD64-py3.14.3,self-contained local validation harness; charged-time accounting is disclosed by timing_mode
resource-defense_DLGPR-full_seed2,no-git,2026-05-27T22:17:29,2,DLGPR-full,self-contained-rts-micro,ResourceDefenseEnv,1.0-local,resource-defense,0,30.0,28.0,2.0,1.0,4.0,strict_delta_max,0.75,26.400278398556505,28.400278398556505,71.61300000734627,30.353999929502606,simulated_charged,GA,3.873162892062616,10,1,1,12,12,0.6912680000000001,0.6912680000000001,0.0,0.5,32,1,28.400278398556505,28.400278398556505,28.400278398556505,False,False,0.0,0.0,0.8280363722162447,True,0.03271223985389783,0.008725685167866105,True,13,0.2741734753929355,0.16986959784329356,0.18882964679908132,12000,22000,Windows-AMD64-py3.14.3,self-contained local validation harness; charged-time accounting is disclosed by timing_mode
resource-defense_DLGPR-full_seed2,no-git,2026-05-27T22:17:29,2,DLGPR-full,self-contained-rts-micro,ResourceDefenseEnv,1.0-local,resource-defense,1,30.0,28.0,2.0,1.0,4.0,strict_delta_max,0.75,26.136732971903697,28.136732971903697,60.34700002055615,26.167300180532038,simulated_charged,GA,3.6850883247868014,8,1,1,10,10,0.6912680000000001,0.6912680000000001,0.0,0.5,32,1,28.387101127223865,28.397642944289977,28.400278398556505,False,False,0.0,0.0,0.5133319970923821,True,0.03223581218943622,0.0,True,11,0.19398910140592004,0.15334994822127793,0.16652928434069203,12000,22000,Windows-AMD64-py3.14.3,self-contained local validation harness; charged-time accounting is disclosed by timing_mode
resource-defense_DLGPR-full_seed2,no-git,2026-05-27T22:17:29,2,DLGPR-full,self-contained-rts-micro,ResourceDefenseEnv,1.0-local,resource-defense,2,30.0,28.0,2.0,1.0,4.0,strict_delta_max,0.75,26.00812305851113,28.00812305851113,58.724200003780425,30.277700047008693,simulated_charged,PSO,3.077923560903433,1,4,5,10,10,0.698048,0.698048,0.0,0.5,32,1,28.373923855891224,28.39500749002345,28.400278398556505,False,False,0.0,0.0,0.0,False,0.030475482520011823,0.0,True,15,0.07337346251483286,0.10601308553529458,0.11051717938422326,12000,22000,Windows-AMD64-py3.14.3,self-contained local validation harness; charged-time accounting is disclosed by timing_mode
resource-defense_DLGPR-full_seed2,no-git,2026-05-27T22:17:29,2,DLGPR-full,self-contained-rts-micro,ResourceDefenseEnv,1.0-local,resource-defense,3,30.0,28.0,2.0,1.0,4.0,strict_delta_max,0.75,26.210364735427277,28.210364735427277,65.20209996961057,33.003500080667436,simulated_charged,PSO,3.5530345299543096,1,3,6,10,10,0.698048,0.698048,0.0,0.5,32,1,28.371791349087122,28.39458098866263,28.400278398556505,False,False,0.0,0.0,0.0,False,0.040750847374697516,0.0,True,16,0.0667944681935616,0.09199293592613791,0.09018228116222951,12000,22000,Windows-AMD64-py3.14.3,self-contained local validation harness; charged-time accounting is disclosed by timing_mode
resource-defense_DLGPR-full_seed2,no-git,2026-05-27T22:17:29,2,DLGPR-full,self-contained-rts-micro,ResourceDefenseEnv,1.0-local,resource-defense,4,30.0,28.0,2.0,1.0,4.0,strict_delta_max,0.75,25.800756323037522,27.800756323037522,65.68040000274777,27.920300024561584,simulated_charged,GA,3.200346455821484,9,1,1,11,11,0.7605159999999999,0.7605159999999999,0.0,0.5,32,1,28.36229566593066,28.392681852031338,28.400278398556505,False,False,0.0,0.0,0.5091223935296817,True,0.03396105720892862,0.0,True,12,0.17387215578895904,0.09032876369014778,0.08964464029682395,12000,22000,Windows-AMD64-py3.14.3,self-contained local validation harness; charged-time accounting is disclosed by timing_mode
resource-defense_DLGPR-full_seed2,no-git,2026-05-27T22:17:29,2,DLGPR-full,self-contained-rts-micro,ResourceDefenseEnv,1.0-local,resource-defense,5,30.0,28.0,2.0,1.0,4.0,strict_delta_max,0.75,26.935089336823737,28.935089336823737,60.152700054459274,25.730300112627447,simulated_charged,GA,3.56848978251726,8,1,1,10,10,0.7605159999999999,0.7605159999999999,0.0,0.5,32,1,28.80138660225693,28.908348789910374,28.935089336823737,False,False,0.0,0.0,0.514334249242802,True,0.038610522183094256,0.0,True,11,0.16990336475762197,0.0883057516886606,0.08736321184085896,12000,22000,Windows-AMD64-py3.14.3,self-contained local validation harness; charged-time accounting is disclosed by timing_mode
resource-defense_fixed-split_seed0,no-git,2026-05-27T22:17:29,0,fixed-split,self-contained-rts-micro,ResourceDefenseEnv,1.0-local,resource-defense,0,30.0,28.0,2.0,1.0,4.0,strict_delta_max,0.75,25.829398652310356,27.829398652310356,60.03339996095747,30.207299860194325,simulated_charged,PSO,3.0968142867002966,4,4,3,11,11,0.9066799999999999,0.9066799999999999,0.0,0.5,32,1,27.829398652310356,27.829398652310356,27.829398652310356,False,False,0.0,0.0,0.0,False,0.03343312183384014,0.0,True,14,0.0,0.0,0.0,10000,20000,Windows-AMD64-py3.14.3,self-contained local validation harness; charged-time accounting is disclosed by timing_mode
resource-defense_fixed-split_seed0,no-git,2026-05-27T22:17:29,0,fixed-split,self-contained-rts-micro,ResourceDefenseEnv,1.0-local,resource-defense,1,30.0,28.0,2.0,1.0,4.0,strict_delta_max,0.75,27.30609982201839,29.30609982201839,65.22949994541705,32.588599948212504,simulated_charged,RL,4.0,3,3,4,10,10,0.9066799999999999,0.9066799999999999,0.0,0.5,32,1,29.23226476353299,29.291332810321308,29.30609982201839,False,False,0.0,0.0,0.0,False,0.042269500000000015,0.0,True,14,0.0,0.0,0.0,10000,20000,Windows-AMD64-py3.14.3,self-contained local validation harness; charged-time accounting is disclosed by timing_mode
resource-defense_fixed-split_seed0,no-git,2026-05-27T22:17:29,0,fixed-split,self-contained-rts-micro,ResourceDefenseEnv,1.0-local,resource-defense,2,30.0,28.0,2.0,1.0,4.0,strict_delta_max,0.75,24.6709761407114,26.6709761407114,60.635600006207824,29.71639984752983,simulated_charged,GA,3.6779086670399126,4,3,3,10,10,0.9066799999999999,0.9066799999999999,0.0,0.5,32,1,29.158429705047585,29.27656579862423,29.30609982201839,False,False,0.0,0.0,0.21255719577268908,True,0.025131307577656237,0.0,True,13,0.0,0.0,0.0,10000,20000,Windows-AMD64-py3.14.3,self-contained local validation harness; charged-time accounting is disclosed by timing_mode
resource-defense_fixed-split_seed0,no-git,2026-05-27T22:17:29,0,fixed-split,self-contained-rts-micro,ResourceDefenseEnv,1.0-local,resource-defense,3,30.0,28.0,2.0,1.0,4.0,strict_delta_max,0.75,24.405236049388428,26.405236049388428,54.433700046502054,27.222399949096143,simulated_charged,GA,3.8120485142322798,3,3,3,9,9,0.9066799999999999,0.9066799999999999,0.0,0.5,32,1,29.084594646562184,29.261798786927148,29.30609982201839,False,False,0.0,0.0,0.12998834998804937,True,0.020196865822847337,0.0,True,12,0.0,0.0,0.0,10000,20000,Windows-AMD64-py3.14.3,self-contained local validation harness; charged-time accounting is disclosed by timing_mode
resource-defense_fixed-split_seed0,no-git,2026-05-27T22:17:29,0,fixed-split,self-contained-rts-micro,ResourceDefenseEnv,1.0-local,resource-defense,4,30.0,28.0,2.0,1.0,4.0,strict_delta_max,0.75,26.713578777374245,28.713578777374245,70.48450002912432,35.22009984590113,simulated_charged,GA,3.568907640897554,4,4,4,12,12,0.9066799999999999,0.9066799999999999,0.0,0.5,32,1,29.18759561308956,29.282398980232625,29.30609982201839,False,False,0.0,0.0,0.12947576587888796,True,0.02010156271097826,0.0,True,16,0.0,0.0,0.0,10000,20000,Windows-AMD64-py3.14.3,self-contained local validation harness; charged-time accounting is disclosed by timing_mode
resource-defense_fixed-split_seed0,no-git,2026-05-27T22:17:29,0,fixed-split,self-contained-rts-micro,ResourceDefenseEnv,1.0-local,resource-defense,5,30.0,28.0,2.0,1.0,4.0,strict_delta_max,0.75,24.416570128549008,26.416570128549008,66.47920003160834,34.76689977105707,simulated_charged,RL,1.2526552030073497,3,4,4,11,11,0.9066799999999999,0.9066799999999999,0.0,0.5,32,1,29.157969560857353,29.276473769786183,29.30609982201839,False,False,0.0,0.0,0.0,False,0.0,0.0,True,15,0.0,0.0,0.0,10000,20000,Windows-AMD64-py3.14.3,self-contained local validation harness; charged-time accounting is disclosed by timing_mode
resource-defense_fixed-split_seed1,no-git,2026-05-27T22:17:30,1,fixed-split,self-contained-rts-micro,ResourceDefenseEnv,1.0-local,resource-defense,0,30.0,28.0,2.0,1.0,4.0,strict_delta_max,0.75,25.139273775386922,27.139273775386922,53.33510006312281,26.69829991646111,simulated_charged,RL,3.5372519470062302,3,3,3,9,9,0.9027639999999999,0.9027639999999999,0.0,0.5,32,1,27.139273775386922,27.139273775386922,27.139273775386922,False,False,0.0,0.0,0.0,False,0.0,0.0,True,12,0.0,0.0,0.0,11000,21000,Windows-AMD64-py3.14.3,self-contained local validation harness; charged-time accounting is disclosed by timing_mode
resource-defense_fixed-split_seed1,no-git,2026-05-27T22:17:30,1,fixed-split,self-contained-rts-micro,ResourceDefenseEnv,1.0-local,resource-defense,1,30.0,28.0,2.0,1.0,4.0,strict_delta_max,0.75,25.019703788606115,27.019703788606115,43.746800045482814,21.888299961574376,simulated_charged,PSO,2.8624173430218938,3,3,2,8,8,0.9027639999999999,0.9027639999999999,0.0,0.5,32,1,27.133295276047882,27.138078075519115,27.139273775386922,False,False,0.0,0.0,0.0,False,0.006032029716831812,0.0,True,10,0.0,0.0,0.0,11000,21000,Windows-AMD64-py3.14.3,self-contained local validation harness; charged-time accounting is disclosed by timing_mode
resource-defense_fixed-split_seed1,no-git,2026-05-27T22:17:30,1,fixed-split,self-contained-rts-micro,ResourceDefenseEnv,1.0-local,resource-defense,2,30.0,28.0,2.0,1.0,4.0,strict_delta_max,0.75,24.651211167246956,26.651211167246956,60.21370005328208,29.91729974746704,simulated_charged,RL,2.860745536466986,3,3,4,10,10,0.92222,0.92222,0.0,0.5,32,1,27.12731677670884,27.136882375651307,27.139273775386922,False,False,0.0,0.0,0.0,False,0.08583356921121042,0.0,True,14,0.0,0.0,0.0,11000,21000,Windows-AMD64-py3.14.3,self-contained local validation harness; charged-time accounting is disclosed by timing_mode
resource-defense_fixed-split_seed1,no-git,2026-05-27T22:17:30,1,fixed-split,self-contained-rts-micro,ResourceDefenseEnv,1.0-local,resource-defense,3,30.0,28.0,2.0,1.0,4.0,strict_delta_max,0.75,25.412086317261284,27.412086317261284,58.275099960155785,28.071500128135085,simulated_charged,GA,2.55566517160596,4,3,3,10,10,0.9248319999999999,0.9248319999999999,0.0,0.5,32,1,27.37116443598013,27.403901941005053,27.412086317261284,False,False,0.0,0.0,0.08800238279346487,True,0.023923745881540375,0.0010220431177838825,True,13,0.0,0.0,0.0,11000,21000,Windows-AMD64-py3.14.3,self-contained local validation harness; charged-time accounting is disclosed by timing_mode
resource-defense_fixed-split_seed1,no-git,2026-05-27T22:17:30,1,fixed-split,self-contained-rts-micro,ResourceDefenseEnv,1.0-local,resource-defense,4,30.0,28.0,2.0,1.0,4.0,strict_delta_max,0.75,24.857456947910663,26.857456947910663,51.61009996663779,25.682199862785637,simulated_charged,GA,1.7392065383663797,3,3,3,9,9,0.9248319999999999,0.9248319999999999,0.0,0.5,32,1,27.357523808886413,27.40117381558631,27.412086317261284,False,False,0.0,0.0,0.15198792148758639,True,0.034956042751708376,0.0,True,12,0.0,0.0,0.0,11000,21000,Windows-AMD64-py3.14.3,self-contained local validation harness; charged-time accounting is disclosed by timing_mode
resource-defense_fixed-split_seed1,no-git,2026-05-27T22:17:30,1,fixed-split,self-contained-rts-micro,ResourceDefenseEnv,1.0-local,resource-defense,5,30.0,28.0,2.0,1.0,4.0,strict_delta_max,0.75,27.046014506317785,29.046014506317785,61.4647000329569,31.546700047329068,simulated_charged,RL,3.1251623932202817,3,4,4,11,11,0.9311959999999999,0.9311959999999999,0.0,0.5,32,1,28.63753245905366,28.96431809686496,29.046014506317785,False,False,0.0,0.0,0.0,False,0.061817587597721546,0.0,True,15,0.0,0.0,0.0,11000,21000,Windows-AMD64-py3.14.3,self-contained local validation harness; charged-time accounting is disclosed by timing_mode
resource-defense_fixed-split_seed2,no-git,2026-05-27T22:17:30,2,fixed-split,self-contained-rts-micro,ResourceDefenseEnv,1.0-local,resource-defense,0,30.0,28.0,2.0,1.0,4.0,strict_delta_max,0.75,24.97204488997702,26.97204488997702,57.84319993108511,28.525499859824777,simulated_charged,GA,2.3272677848466587,4,3,3,10,10,0.657472,0.657472,0.0,0.5,32,1,26.97204488997702,26.97204488997702,26.97204488997702,False,False,0.0,0.0,0.8900692926057706,True,0.07106040493439252,0.0,True,13,0.0,0.0,0.0,12000,22000,Windows-AMD64-py3.14.3,self-contained local validation harness; charged-time accounting is disclosed by timing_mode
resource-defense_fixed-split_seed2,no-git,2026-05-27T22:17:30,2,fixed-split,self-contained-rts-micro,ResourceDefenseEnv,1.0-local,resource-defense,1,30.0,28.0,2.0,1.0,4.0,strict_delta_max,0.75,24.392103449321347,26.392103449321347,51.88170005567372,25.664399843662977,simulated_charged,GA,3.172897865185073,3,3,3,9,9,0.8006059999999999,0.8006059999999999,0.0,0.5,32,1,26.943047817944237,26.966245475570464,26.97204488997702,False,False,0.0,0.0,0.6722370594113442,True,0.028523304288160183,0.0,True,12,0.0,0.0,0.0,12000,22000,Windows-AMD64-py3.14.3,self-contained local validation harness; charged-time accounting is disclosed by timing_mode
resource-defense_fixed-split_seed2,no-git,2026-05-27T22:17:30,2,fixed-split,self-contained-rts-micro,ResourceDefenseEnv,1.0-local,resource-defense,2,30.0,28.0,2.0,1.0,4.0,strict_delta_max,0.75,24.636845974502624,26.636845974502624,45.05970003083348,22.770400042645633,simulated_charged,RL,2.175327078120747,2,3,3,8,8,0.8006059999999999,0.8006059999999999,0.0,0.5,32,1,26.938524998429582,26.965340911667532,26.97204488997702,False,False,0.0,0.0,0.0,False,0.17457512657272253,0.0,True,11,0.0,0.0,0.0,12000,22000,Windows-AMD64-py3.14.3,self-contained local validation harness; charged-time accounting is disclosed by timing_mode
resource-defense_fixed-split_seed2,no-git,2026-05-27T22:17:30,2,fixed-split,self-contained-rts-micro,ResourceDefenseEnv,1.0-local,resource-defense,3,30.0,28.0,2.0,1.0,4.0,strict_delta_max,0.75,26.45424620336151,28.45424620336151,60.67909998819232,30.3903998574242,simulated_charged,GA,2.6083196198147713,4,3,3,10,10,0.89228,0.89228,0.0,0.5,32,1,28.231916006353835,28.409780163959976,28.45424620336151,False,False,0.0,0.0,0.37647959164251177,True,0.02589623888647757,0.0,True,13,0.0,0.0,0.0,12000,22000,Windows-AMD64-py3.14.3,self-contained local validation harness; charged-time accounting is disclosed by timing_mode
resource-defense_fixed-split_seed2,no-git,2026-05-27T22:17:30,2,fixed-split,self-contained-rts-micro,ResourceDefenseEnv,1.0-local,resource-defense,4,30.0,28.0,2.0,1.0,4.0,strict_delta_max,0.75,25.918669199973053,27.918669199973053,54.50130009558052,28.396599693223834,simulated_charged,PSO,2.9410460406804133,3,4,3,10,10,0.89228,0.89228,0.0,0.5,32,1,28.347130802683818,28.432823123225972,28.45424620336151,False,False,0.0,0.0,0.0,False,0.007035595254795535,0.0,True,13,0.0,0.0,0.0,12000,22000,Windows-AMD64-py3.14.3,self-contained local validation harness; charged-time accounting is disclosed by timing_mode
resource-defense_fixed-split_seed2,no-git,2026-05-27T22:17:30,2,fixed-split,self-contained-rts-micro,ResourceDefenseEnv,1.0-local,resource-defense,5,30.0,28.0,2.0,1.0,4.0,strict_delta_max,0.75,25.467277184297718,27.467277184297718,67.11279996670783,32.599200028926134,simulated_charged,GA,3.2472315089846946,4,3,4,11,11,0.9238639999999999,0.9238639999999999,0.0,0.5,32,1,28.320351952514397,28.42746735319209,28.45424620336151,False,False,0.0,0.0,0.35700222019615335,True,0.022402980403164154,0.0,True,15,0.0,0.0,0.0,12000,22000,Windows-AMD64-py3.14.3,self-contained local validation harness; charged-time accounting is disclosed by timing_mode
resource-defense_round-robin_seed0,no-git,2026-05-27T22:17:31,0,round-robin,self-contained-rts-micro,ResourceDefenseEnv,1.0-local,resource-defense,0,30.0,28.0,2.0,1.0,4.0,strict_delta_max,0.75,25.829398652310356,27.829398652310356,61.28339993301779,30.998000176623464,simulated_charged,PSO,3.0968142867002966,4,4,3,11,11,0.9066799999999999,0.9066799999999999,0.0,0.5,32,1,27.829398652310356,27.829398652310356,27.829398652310356,False,False,0.0,0.0,0.0,False,0.03343312183384014,0.0,True,14,0.0,0.0,0.0,10000,20000,Windows-AMD64-py3.14.3,self-contained local validation harness; charged-time accounting is disclosed by timing_mode
resource-defense_round-robin_seed0,no-git,2026-05-27T22:17:31,0,round-robin,self-contained-rts-micro,ResourceDefenseEnv,1.0-local,resource-defense,1,30.0,28.0,2.0,1.0,4.0,strict_delta_max,0.75,27.30609982201839,29.30609982201839,72.64749996829778,37.713399971835315,simulated_charged,RL,4.0,3,3,4,10,10,0.9066799999999999,0.9066799999999999,0.0,0.5,32,1,29.23226476353299,29.291332810321308,29.30609982201839,False,False,0.0,0.0,0.0,False,0.042269500000000015,0.0,True,14,0.0,0.0,0.0,10000,20000,Windows-AMD64-py3.14.3,self-contained local validation harness; charged-time accounting is disclosed by timing_mode
resource-defense_round-robin_seed0,no-git,2026-05-27T22:17:31,0,round-robin,self-contained-rts-micro,ResourceDefenseEnv,1.0-local,resource-defense,2,30.0,28.0,2.0,1.0,4.0,strict_delta_max,0.75,24.6709761407114,26.6709761407114,59.67480002436787,29.466799809597433,simulated_charged,GA,3.6779086670399126,4,3,3,10,10,0.9066799999999999,0.9066799999999999,0.0,0.5,32,1,29.158429705047585,29.27656579862423,29.30609982201839,False,False,0.0,0.0,0.21255719577268908,True,0.025131307577656237,0.0,True,13,0.0,0.0,0.0,10000,20000,Windows-AMD64-py3.14.3,self-contained local validation harness; charged-time accounting is disclosed by timing_mode
resource-defense_round-robin_seed0,no-git,2026-05-27T22:17:31,0,round-robin,self-contained-rts-micro,ResourceDefenseEnv,1.0-local,resource-defense,3,30.0,28.0,2.0,1.0,4.0,strict_delta_max,0.75,24.405236049388428,26.405236049388428,54.37449994497001,27.52970007713884,simulated_charged,GA,3.8120485142322798,3,3,3,9,9,0.9066799999999999,0.9066799999999999,0.0,0.5,32,1,29.084594646562184,29.261798786927148,29.30609982201839,False,False,0.0,0.0,0.12998834998804937,True,0.020196865822847337,0.0,True,12,0.0,0.0,0.0,10000,20000,Windows-AMD64-py3.14.3,self-contained local validation harness; charged-time accounting is disclosed by timing_mode
resource-defense_round-robin_seed0,no-git,2026-05-27T22:17:31,0,round-robin,self-contained-rts-micro,ResourceDefenseEnv,1.0-local,resource-defense,4,30.0,28.0,2.0,1.0,4.0,strict_delta_max,0.75,26.713578777374245,28.713578777374245,70.86239999625832,35.932000377215445,simulated_charged,GA,3.568907640897554,4,4,4,12,12,0.9066799999999999,0.9066799999999999,0.0,0.5,32,1,29.18759561308956,29.282398980232625,29.30609982201839,False,False,0.0,0.0,0.12947576587888796,True,0.02010156271097826,0.0,True,16,0.0,0.0,0.0,10000,20000,Windows-AMD64-py3.14.3,self-contained local validation harness; charged-time accounting is disclosed by timing_mode
resource-defense_round-robin_seed0,no-git,2026-05-27T22:17:31,0,round-robin,self-contained-rts-micro,ResourceDefenseEnv,1.0-local,resource-defense,5,30.0,28.0,2.0,1.0,4.0,strict_delta_max,0.75,24.416570128549008,26.416570128549008,64.57659997977316,33.04549981839955,simulated_charged,RL,1.2526552030073497,3,4,4,11,11,0.9066799999999999,0.9066799999999999,0.0,0.5,32,1,29.157969560857353,29.276473769786183,29.30609982201839,False,False,0.0,0.0,0.0,False,0.0,0.0,True,15,0.0,0.0,0.0,10000,20000,Windows-AMD64-py3.14.3,self-contained local validation harness; charged-time accounting is disclosed by timing_mode
resource-defense_round-robin_seed1,no-git,2026-05-27T22:17:31,1,round-robin,self-contained-rts-micro,ResourceDefenseEnv,1.0-local,resource-defense,0,30.0,28.0,2.0,1.0,4.0,strict_delta_max,0.75,25.139273775386922,27.139273775386922,52.93499992694706,26.70709998346865,simulated_charged,RL,3.5372519470062302,3,3,3,9,9,0.9027639999999999,0.9027639999999999,0.0,0.5,32,1,27.139273775386922,27.139273775386922,27.139273775386922,False,False,0.0,0.0,0.0,False,0.0,0.0,True,12,0.0,0.0,0.0,11000,21000,Windows-AMD64-py3.14.3,self-contained local validation harness; charged-time accounting is disclosed by timing_mode
resource-defense_round-robin_seed1,no-git,2026-05-27T22:17:31,1,round-robin,self-contained-rts-micro,ResourceDefenseEnv,1.0-local,resource-defense,1,30.0,28.0,2.0,1.0,4.0,strict_delta_max,0.75,25.019703788606115,27.019703788606115,43.884800048545,21.99259994085878,simulated_charged,PSO,2.8624173430218938,3,3,2,8,8,0.9027639999999999,0.9027639999999999,0.0,0.5,32,1,27.133295276047882,27.138078075519115,27.139273775386922,False,False,0.0,0.0,0.0,False,0.006032029716831812,0.0,True,10,0.0,0.0,0.0,11000,21000,Windows-AMD64-py3.14.3,self-contained local validation harness; charged-time accounting is disclosed by timing_mode
resource-defense_round-robin_seed1,no-git,2026-05-27T22:17:31,1,round-robin,self-contained-rts-micro,ResourceDefenseEnv,1.0-local,resource-defense,2,30.0,28.0,2.0,1.0,4.0,strict_delta_max,0.75,24.651211167246956,26.651211167246956,59.76540001574904,29.721600003540516,simulated_charged,RL,2.860745536466986,3,3,4,10,10,0.92222,0.92222,0.0,0.5,32,1,27.12731677670884,27.136882375651307,27.139273775386922,False,False,0.0,0.0,0.0,False,0.08583356921121042,0.0,True,14,0.0,0.0,0.0,11000,21000,Windows-AMD64-py3.14.3,self-contained local validation harness; charged-time accounting is disclosed by timing_mode
resource-defense_round-robin_seed1,no-git,2026-05-27T22:17:31,1,round-robin,self-contained-rts-micro,ResourceDefenseEnv,1.0-local,resource-defense,3,30.0,28.0,2.0,1.0,4.0,strict_delta_max,0.75,25.412086317261284,27.412086317261284,56.89940007869154,27.763499994762242,simulated_charged,GA,2.55566517160596,4,3,3,10,10,0.9248319999999999,0.9248319999999999,0.0,0.5,32,1,27.37116443598013,27.403901941005053,27.412086317261284,False,False,0.0,0.0,0.08800238279346487,True,0.023923745881540375,0.0010220431177838825,True,13,0.0,0.0,0.0,11000,21000,Windows-AMD64-py3.14.3,self-contained local validation harness; charged-time accounting is disclosed by timing_mode
resource-defense_round-robin_seed1,no-git,2026-05-27T22:17:31,1,round-robin,self-contained-rts-micro,ResourceDefenseEnv,1.0-local,resource-defense,4,30.0,28.0,2.0,1.0,4.0,strict_delta_max,0.75,24.857456947910663,26.857456947910663,53.74650005251169,26.569100096821785,simulated_charged,GA,1.7392065383663797,3,3,3,9,9,0.9248319999999999,0.9248319999999999,0.0,0.5,32,1,27.357523808886413,27.40117381558631,27.412086317261284,False,False,0.0,0.0,0.15198792148758639,True,0.034956042751708376,0.0,True,12,0.0,0.0,0.0,11000,21000,Windows-AMD64-py3.14.3,self-contained local validation harness; charged-time accounting is disclosed by timing_mode
resource-defense_round-robin_seed1,no-git,2026-05-27T22:17:31,1,round-robin,self-contained-rts-micro,ResourceDefenseEnv,1.0-local,resource-defense,5,30.0,28.0,2.0,1.0,4.0,strict_delta_max,0.75,27.046014506317785,29.046014506317785,62.985500087961555,32.5969000114128,simulated_charged,RL,3.1251623932202817,3,4,4,11,11,0.9311959999999999,0.9311959999999999,0.0,0.5,32,1,28.63753245905366,28.96431809686496,29.046014506317785,False,False,0.0,0.0,0.0,False,0.061817587597721546,0.0,True,15,0.0,0.0,0.0,11000,21000,Windows-AMD64-py3.14.3,self-contained local validation harness; charged-time accounting is disclosed by timing_mode
resource-defense_round-robin_seed2,no-git,2026-05-27T22:17:32,2,round-robin,self-contained-rts-micro,ResourceDefenseEnv,1.0-local,resource-defense,0,30.0,28.0,2.0,1.0,4.0,strict_delta_max,0.75,24.97204488997702,26.97204488997702,57.66540009062737,28.444900177419186,simulated_charged,GA,2.3272677848466587,4,3,3,10,10,0.657472,0.657472,0.0,0.5,32,1,26.97204488997702,26.97204488997702,26.97204488997702,False,False,0.0,0.0,0.8900692926057706,True,0.07106040493439252,0.0,True,13,0.0,0.0,0.0,12000,22000,Windows-AMD64-py3.14.3,self-contained local validation harness; charged-time accounting is disclosed by timing_mode
resource-defense_round-robin_seed2,no-git,2026-05-27T22:17:32,2,round-robin,self-contained-rts-micro,ResourceDefenseEnv,1.0-local,resource-defense,1,30.0,28.0,2.0,1.0,4.0,strict_delta_max,0.75,24.392103449321347,26.392103449321347,52.31520009692758,25.968299945816398,simulated_charged,GA,3.172897865185073,3,3,3,9,9,0.8006059999999999,0.8006059999999999,0.0,0.5,32,1,26.943047817944237,26.966245475570464,26.97204488997702,False,False,0.0,0.0,0.6722370594113442,True,0.028523304288160183,0.0,True,12,0.0,0.0,0.0,12000,22000,Windows-AMD64-py3.14.3,self-contained local validation harness; charged-time accounting is disclosed by timing_mode
resource-defense_round-robin_seed2,no-git,2026-05-27T22:17:32,2,round-robin,self-contained-rts-micro,ResourceDefenseEnv,1.0-local,resource-defense,2,30.0,28.0,2.0,1.0,4.0,strict_delta_max,0.75,24.636845974502624,26.636845974502624,45.75199994724244,23.125699954107404,simulated_charged,RL,2.175327078120747,2,3,3,8,8,0.8006059999999999,0.8006059999999999,0.0,0.5,32,1,26.938524998429582,26.965340911667532,26.97204488997702,False,False,0.0,0.0,0.0,False,0.17457512657272253,0.0,True,11,0.0,0.0,0.0,12000,22000,Windows-AMD64-py3.14.3,self-contained local validation harness; charged-time accounting is disclosed by timing_mode
resource-defense_round-robin_seed2,no-git,2026-05-27T22:17:32,2,round-robin,self-contained-rts-micro,ResourceDefenseEnv,1.0-local,resource-defense,3,30.0,28.0,2.0,1.0,4.0,strict_delta_max,0.75,26.45424620336151,28.45424620336151,57.66220006626099,28.383299941197038,simulated_charged,GA,2.6083196198147713,4,3,3,10,10,0.89228,0.89228,0.0,0.5,32,1,28.231916006353835,28.409780163959976,28.45424620336151,False,False,0.0,0.0,0.37647959164251177,True,0.02589623888647757,0.0,True,13,0.0,0.0,0.0,12000,22000,Windows-AMD64-py3.14.3,self-contained local validation harness; charged-time accounting is disclosed by timing_mode
resource-defense_round-robin_seed2,no-git,2026-05-27T22:17:32,2,round-robin,self-contained-rts-micro,ResourceDefenseEnv,1.0-local,resource-defense,4,30.0,28.0,2.0,1.0,4.0,strict_delta_max,0.75,25.918669199973053,27.918669199973053,55.319600040093064,28.50269991904497,simulated_charged,PSO,2.9410460406804133,3,4,3,10,10,0.89228,0.89228,0.0,0.5,32,1,28.347130802683818,28.432823123225972,28.45424620336151,False,False,0.0,0.0,0.0,False,0.007035595254795535,0.0,True,13,0.0,0.0,0.0,12000,22000,Windows-AMD64-py3.14.3,self-contained local validation harness; charged-time accounting is disclosed by timing_mode
resource-defense_round-robin_seed2,no-git,2026-05-27T22:17:32,2,round-robin,self-contained-rts-micro,ResourceDefenseEnv,1.0-local,resource-defense,5,30.0,28.0,2.0,1.0,4.0,strict_delta_max,0.75,25.467277184297718,27.467277184297718,65.33759995363653,31.512000132352114,simulated_charged,GA,3.2472315089846946,4,3,4,11,11,0.9238639999999999,0.9238639999999999,0.0,0.5,32,1,28.320351952514397,28.42746735319209,28.45424620336151,False,False,0.0,0.0,0.35700222019615335,True,0.022402980403164154,0.0,True,15,0.0,0.0,0.0,12000,22000,Windows-AMD64-py3.14.3,self-contained local validation harness; charged-time accounting is disclosed by timing_mode
resource-defense_greedy-improvement_seed0,no-git,2026-05-27T22:17:32,0,greedy-improvement,self-contained-rts-micro,ResourceDefenseEnv,1.0-local,resource-defense,0,30.0,28.0,2.0,1.0,4.0,strict_delta_max,0.75,24.235083159895595,26.235083159895595,57.023099972866476,23.067699978128076,simulated_charged,GA,2.0245567891429643,9,0,0,9,9,0.701608,0.701608,0.0,0.5,32,1,26.235083159895595,26.235083159895595,26.235083159895595,False,False,0.0,0.0,0.539276493887666,True,0.06629666747912574,0.0,True,9,0.0,0.0,0.0,10000,20000,Windows-AMD64-py3.14.3,self-contained local validation harness; charged-time accounting is disclosed by timing_mode
resource-defense_greedy-improvement_seed0,no-git,2026-05-27T22:17:32,0,greedy-improvement,self-contained-rts-micro,ResourceDefenseEnv,1.0-local,resource-defense,1,30.0,28.0,2.0,1.0,4.0,strict_delta_max,0.75,24.702083720163404,26.702083720163404,63.26889991760254,25.794899906031787,simulated_charged,GA,2.193588710845586,10,0,0,10,10,0.7085679999999999,0.7085679999999999,0.0,0.5,32,1,26.678733692150015,26.697413714560728,26.702083720163404,False,False,0.0,0.0,0.4759144618475732,True,0.0522068793890852,0.0,True,10,0.0,0.0,0.0,10000,20000,Windows-AMD64-py3.14.3,self-contained local validation harness; charged-time accounting is disclosed by timing_mode
resource-defense_greedy-improvement_seed0,no-git,2026-05-27T22:17:32,0,greedy-improvement,self-contained-rts-micro,ResourceDefenseEnv,1.0-local,resource-defense,2,30.0,28.0,2.0,1.0,4.0,strict_delta_max,0.75,26.330462792261752,28.330462792261752,56.79439997766167,22.448600037023425,simulated_charged,GA,3.6377663203344937,9,0,0,9,9,0.7085679999999999,0.7085679999999999,0.0,0.5,32,1,28.167624885051918,28.297895210819785,28.330462792261752,False,False,0.0,0.0,0.49145583094227685,True,0.027849303792689722,0.0,True,9,0.0,0.0,0.0,10000,20000,Windows-AMD64-py3.14.3,self-contained local validation harness; charged-time accounting is disclosed by timing_mode
resource-defense_greedy-improvement_seed0,no-git,2026-05-27T22:17:32,0,greedy-improvement,self-contained-rts-micro,ResourceDefenseEnv,1.0-local,resource-defense,3,30.0,28.0,2.0,1.0,4.0,strict_delta_max,0.75,24.177234107552323,26.177234107552323,68.75890004448593,27.39489998202771,simulated_charged,GA,1.4040951229866976,11,0,0,11,11,0.7525159999999997,0.7525159999999997,0.0,0.5,32,1,28.086205931447,28.281611420098802,28.330462792261752,False,False,0.0,0.0,0.49156230357332775,True,0.06580299034466876,0.0,True,11,0.0,0.0,0.0,10000,20000,Windows-AMD64-py3.14.3,self-contained local validation harness; charged-time accounting is disclosed by timing_mode
resource-defense_greedy-improvement_seed0,no-git,2026-05-27T22:17:32,0,greedy-improvement,self-contained-rts-micro,ResourceDefenseEnv,1.0-local,resource-defense,4,30.0,28.0,2.0,1.0,4.0,strict_delta_max,0.75,25.800971566536326,27.800971566536326,68.4279000852257,26.951699750497937,simulated_charged,GA,3.1999739998309256,11,0,0,11,11,0.78382,0.78382,0.0,0.5,32,1,28.224564547116668,28.309283143232737,28.330462792261752,False,False,0.0,0.0,0.5356411791081163,True,0.038649404932939606,0.0,True,11,0.0,0.0,0.0,10000,20000,Windows-AMD64-py3.14.3,self-contained local validation harness; charged-time accounting is disclosed by timing_mode
resource-defense_greedy-improvement_seed0,no-git,2026-05-27T22:17:32,0,greedy-improvement,self-contained-rts-micro,ResourceDefenseEnv,1.0-local,resource-defense,5,30.0,28.0,2.0,1.0,4.0,strict_delta_max,0.75,24.71124134626608,26.71124134626608,71.21889991685748,28.870099922642112,simulated_charged,GA,3.7690448511915253,11,0,0,11,11,0.7883039999999999,0.7883039999999999,0.0,0.5,32,1,28.198089985830396,28.30398823097548,28.330462792261752,False,False,0.0,0.0,0.47613419808526425,True,0.025029289186735932,0.0,True,11,0.0,0.0,0.0,10000,20000,Windows-AMD64-py3.14.3,self-contained local validation harness; charged-time accounting is disclosed by timing_mode
resource-defense_greedy-improvement_seed1,no-git,2026-05-27T22:17:33,1,greedy-improvement,self-contained-rts-micro,ResourceDefenseEnv,1.0-local,resource-defense,0,30.0,28.0,2.0,1.0,4.0,strict_delta_max,0.75,26.875528146445042,28.875528146445042,63.364500063471496,25.00850020442158,simulated_charged,GA,3.624219255389079,10,0,0,10,10,0.8901759999999999,0.8901759999999999,0.0,0.5,32,1,28.875528146445042,28.875528146445042,28.875528146445042,False,False,0.0,0.0,0.7422883567523676,True,0.03536510272766172,0.0,True,10,0.0,0.0,0.0,11000,21000,Windows-AMD64-py3.14.3,self-contained local validation harness; charged-time accounting is disclosed by timing_mode
resource-defense_greedy-improvement_seed1,no-git,2026-05-27T22:17:33,1,greedy-improvement,self-contained-rts-micro,ResourceDefenseEnv,1.0-local,resource-defense,1,30.0,28.0,2.0,1.0,4.0,strict_delta_max,0.75,24.817056296971764,26.817056296971764,62.120000016875565,24.915900081396103,simulated_charged,GA,1.9961801672767252,10,0,0,10,10,0.934008,0.934008,0.0,0.5,32,1,28.772604553971377,28.85494342795031,28.875528146445042,False,False,0.0,0.0,0.7593105646963385,True,0.07666245640144759,0.0,True,10,0.0,0.0,0.0,11000,21000,Windows-AMD64-py3.14.3,self-contained local validation harness; charged-time accounting is disclosed by timing_mode
resource-defense_greedy-improvement_seed1,no-git,2026-05-27T22:17:33,1,greedy-improvement,self-contained-rts-micro,ResourceDefenseEnv,1.0-local,resource-defense,2,30.0,28.0,2.0,1.0,4.0,strict_delta_max,0.75,25.76487604184231,27.76487604184231,58.3111000014469,23.261499824002385,simulated_charged,GA,2.4502125925384743,9,0,0,9,9,0.9540919999999999,0.9540919999999999,0.0,0.5,32,1,28.764462935984767,28.853315104352987,28.875528146445042,False,False,0.0,0.0,0.6259950065956892,True,0.04735143092923738,0.008196839760419534,True,9,0.0,0.0,0.0,11000,21000,Windows-AMD64-py3.14.3,self-contained local validation harness; charged-time accounting is disclosed by timing_mode
resource-defense_greedy-improvement_seed1,no-git,2026-05-27T22:17:33,1,greedy-improvement,self-contained-rts-micro,ResourceDefenseEnv,1.0-local,resource-defense,3,30.0,28.0,2.0,1.0,4.0,strict_delta_max,0.75,24.55712814527515,26.55712814527515,64.18569991365075,26.059799711219966,simulated_charged,GA,1.6467175525346351,10,0,0,10,10,0.9773679999999999,0.9773679999999999,0.0,0.5,32,1,28.708930330754633,28.84220858330696,28.875528146445042,False,False,0.0,0.0,0.4884520641045275,True,0.06131727828045069,0.014134785873979079,True,10,0.0,0.0,0.0,11000,21000,Windows-AMD64-py3.14.3,self-contained local validation harness; charged-time accounting is disclosed by timing_mode
resource-defense_greedy-improvement_seed1,no-git,2026-05-27T22:17:33,1,greedy-improvement,self-contained-rts-micro,ResourceDefenseEnv,1.0-local,resource-defense,4,30.0,28.0,2.0,1.0,4.0,strict_delta_max,0.75,24.539469941981107,26.539469941981107,70.22819994017482,28.52840011473745,simulated_charged,GA,2.6493414342084316,11,0,0,11,11,1.0091639999999997,1.0091639999999997,0.0,0.5,32,1,28.653397725524496,28.831102062260932,28.875528146445042,False,False,0.0,0.0,0.4998514650803157,True,0.04527553073475968,0.0,True,11,0.0,0.0,0.0,11000,21000,Windows-AMD64-py3.14.3,self-contained local validation harness; charged-time accounting is disclosed by timing_mode
resource-defense_greedy-improvement_seed1,no-git,2026-05-27T22:17:33,1,greedy-improvement,self-contained-rts-micro,ResourceDefenseEnv,1.0-local,resource-defense,5,30.0,28.0,2.0,1.0,4.0,strict_delta_max,0.75,25.528606797829,27.528606797829,63.537799986079335,25.68530000280589,simulated_charged,GA,3.6108527643554442,10,0,0,10,10,1.0091639999999997,1.0091639999999997,0.0,0.5,32,1,28.597865120294358,28.819995541214904,28.875528146445042,False,False,0.0,0.0,0.49178630181082567,True,0.024489784933972185,0.0,True,10,0.0,0.0,0.0,11000,21000,Windows-AMD64-py3.14.3,self-contained local validation harness; charged-time accounting is disclosed by timing_mode
resource-defense_greedy-improvement_seed2,no-git,2026-05-27T22:17:33,2,greedy-improvement,self-contained-rts-micro,ResourceDefenseEnv,1.0-local,resource-defense,0,30.0,28.0,2.0,1.0,4.0,strict_delta_max,0.75,26.44160939040116,28.44160939040116,61.13420007750392,24.467000039294362,simulated_charged,GA,3.1137997058210907,10,0,0,10,10,0.949608,0.949608,0.0,0.5,32,1,28.44160939040116,28.44160939040116,28.44160939040116,False,False,0.0,0.0,0.5544452285494965,True,0.04351459537059179,0.0,True,10,0.0,0.0,0.0,12000,22000,Windows-AMD64-py3.14.3,self-contained local validation harness; charged-time accounting is disclosed by timing_mode
resource-defense_greedy-improvement_seed2,no-git,2026-05-27T22:17:33,2,greedy-improvement,self-contained-rts-micro,ResourceDefenseEnv,1.0-local,resource-defense,1,30.0,28.0,2.0,1.0,4.0,strict_delta_max,0.75,26.201354063309783,28.201354063309783,55.08920003194362,22.085799952037632,simulated_charged,GA,3.7627226973839383,9,0,0,9,9,0.949608,0.949608,0.0,0.5,32,1,28.429596624046592,28.439206837130246,28.44160939040116,False,False,0.0,0.0,0.5782578406949954,True,0.03296109228955637,0.0,True,9,0.0,0.0,0.0,12000,22000,Windows-AMD64-py3.14.3,self-contained local validation harness; charged-time accounting is disclosed by timing_mode
resource-defense_greedy-improvement_seed2,no-git,2026-05-27T22:17:33,2,greedy-improvement,self-contained-rts-micro,ResourceDefenseEnv,1.0-local,resource-defense,2,30.0,28.0,2.0,1.0,4.0,strict_delta_max,0.75,24.038670038786723,26.038670038786723,61.810199986211956,25.091199902817607,simulated_charged,GA,3.341487191923412,10,0,0,10,10,0.949608,0.949608,0.0,0.5,32,1,28.417583857692023,28.436804283859335,28.44160939040116,False,False,0.0,0.0,0.551887388914564,True,0.04306340045265749,0.0,True,10,0.0,0.0,0.0,12000,22000,Windows-AMD64-py3.14.3,self-contained local validation harness; charged-time accounting is disclosed by timing_mode
resource-defense_greedy-improvement_seed2,no-git,2026-05-27T22:17:33,2,greedy-improvement,self-contained-rts-micro,ResourceDefenseEnv,1.0-local,resource-defense,3,30.0,28.0,2.0,1.0,4.0,strict_delta_max,0.75,24.855000226847572,26.855000226847572,60.55930000729859,24.11480015143752,simulated_charged,GA,2.8683358185009578,10,0,0,10,10,0.949608,0.949608,0.0,0.5,32,1,28.405571091337453,28.43440173058842,28.44160939040116,False,False,0.0,0.0,0.5387580151590556,True,0.04502603063810938,0.0,True,10,0.0,0.0,0.0,12000,22000,Windows-AMD64-py3.14.3,self-contained local validation harness; charged-time accounting is disclosed by timing_mode
resource-defense_greedy-improvement_seed2,no-git,2026-05-27T22:17:33,2,greedy-improvement,self-contained-rts-micro,ResourceDefenseEnv,1.0-local,resource-defense,4,30.0,28.0,2.0,1.0,4.0,strict_delta_max,0.75,24.194186187217564,26.194186187217564,49.53399999067187,19.563000183552504,simulated_charged,GA,3.557063486196956,8,0,0,8,8,0.949608,0.949608,0.0,0.5,32,1,28.393558324982887,28.431999177317508,28.44160939040116,False,False,0.0,0.0,0.5423008964618484,True,0.031775313259050066,0.0,True,8,0.0,0.0,0.0,12000,22000,Windows-AMD64-py3.14.3,self-contained local validation harness; charged-time accounting is disclosed by timing_mode
resource-defense_greedy-improvement_seed2,no-git,2026-05-27T22:17:33,2,greedy-improvement,self-contained-rts-micro,ResourceDefenseEnv,1.0-local,resource-defense,5,30.0,28.0,2.0,1.0,4.0,strict_delta_max,0.75,24.33664770698942,26.33664770698942,49.03250001370907,19.351800088770688,simulated_charged,GA,2.1830643085020744,8,0,0,8,8,0.9563279999999998,0.9563279999999998,0.0,0.5,32,1,28.381545558628318,28.429596624046592,28.44160939040116,False,False,0.0,0.0,0.541111508369793,True,0.03909523861809116,0.0,True,8,0.0,0.0,0.0,12000,22000,Windows-AMD64-py3.14.3,self-contained local validation harness; charged-time accounting is disclosed by timing_mode
